order_id,status,submit_dt,planned_dt,target,reason,validity,actual_dt
ord_fc621f56,FILLED,2009-01-01,,1.0,Standing Order / DCA,GTC,2009-01-02
ord_c1d9f80e,FILLED,2009-01-02,,1.0,Standing Order / DCA,GTC,2009-01-05
ord_d7d9e614,FILLED,2009-01-05,,1.0,Standing Order / DCA,GTC,2009-01-06
ord_1aac0a71,FILLED,2009-01-06,,1.0,Standing Order / DCA,GTC,2009-01-07
ord_8bb93045,FILLED,2009-01-07,,1.0,Standing Order / DCA,GTC,2009-01-08
ord_63fdad53,FILLED,2009-01-08,,1.0,Standing Order / DCA,GTC,2009-01-09
ord_00ae35da,FILLED,2009-01-09,,1.0,Standing Order / DCA,GTC,2009-01-12
ord_addbc2fd,FILLED,2009-01-12,,0.0,油价击穿成本线与宏观熊市,GTC,2009-01-13
ord_89299dc8,FILLED,2009-01-21,,1.0,极端出清黄金坑抄底,GTC,2009-01-22
ord_14360939,FILLED,2009-01-22,,0.0,油价击穿成本线与宏观熊市,GTC,2009-01-23
ord_f85c0473,FILLED,2009-01-23,,1.0,极端出清黄金坑抄底,GTC,2009-01-26
ord_f3f1f2c6,FILLED,2009-01-26,,1.0,Standing Order / DCA,GTC,2009-01-27
ord_87cede71,FILLED,2009-01-27,,1.0,Standing Order / DCA,GTC,2009-01-28
ord_87fde347,FILLED,2009-01-28,,1.0,Standing Order / DCA,GTC,2009-01-29
ord_03baa448,FILLED,2009-01-29,,1.0,Standing Order / DCA,GTC,2009-01-30
ord_d304f3f9,FILLED,2009-01-30,,0.0,油价击穿成本线与宏观熊市,GTC,2009-02-02
ord_434437ba,FILLED,2009-02-04,,1.0,极端出清黄金坑抄底,GTC,2009-02-05
ord_29ec23fb,FILLED,2009-02-05,,1.0,Standing Order / DCA,GTC,2009-02-06
ord_ae91b8e9,FILLED,2009-02-06,,1.0,Standing Order / DCA,GTC,2009-02-09
ord_d5d70fe3,FILLED,2009-02-09,,1.0,Standing Order / DCA,GTC,2009-02-10
ord_22ad88d7,FILLED,2009-02-10,,1.0,Standing Order / DCA,GTC,2009-02-11
ord_b83a408a,FILLED,2009-02-11,,0.0,油价击穿成本线与宏观熊市,GTC,2009-02-12
ord_fe21738f,FILLED,2009-03-10,,1.0,极端出清黄金坑抄底,GTC,2009-03-11
ord_7bbcfb61,FILLED,2009-03-11,,0.0,油价击穿成本线与宏观熊市,GTC,2009-03-12
ord_7a9c89a7,FILLED,2009-03-12,,1.0,极端出清黄金坑抄底,GTC,2009-03-13
ord_44035e00,FILLED,2009-03-13,,0.0,油价击穿成本线与宏观熊市,GTC,2009-03-16
ord_aea9f441,FILLED,2009-03-16,,1.0,极端出清黄金坑抄底,GTC,2009-03-17
ord_fb26aa56,FILLED,2009-03-17,,0.0,油价击穿成本线与宏观熊市,GTC,2009-03-18
ord_204263b3,FILLED,2009-03-18,,1.0,极端出清黄金坑抄底,GTC,2009-03-19
ord_e050ac15,FILLED,2009-03-19,,1.0,Standing Order / DCA,GTC,2009-03-20
ord_4792ea4b,FILLED,2009-03-20,,0.0,油价击穿成本线与宏观熊市,GTC,2009-03-23
ord_7f5f874d,FILLED,2009-03-23,,1.0,极端出清黄金坑抄底,GTC,2009-03-24
ord_55a7a979,FILLED,2009-03-24,,1.0,Standing Order / DCA,GTC,2009-03-25
ord_9f6b3e34,FILLED,2009-03-25,,1.0,Standing Order / DCA,GTC,2009-03-26
ord_e0501000,FILLED,2009-03-26,,1.0,Standing Order / DCA,GTC,2009-03-27
ord_ac0ec5f3,FILLED,2009-03-27,,1.0,Standing Order / DCA,GTC,2009-03-30
ord_6fe94f86,FILLED,2009-03-30,,0.0,油价击穿成本线与宏观熊市,GTC,2009-03-31
ord_6b09e96a,FILLED,2009-04-02,,1.0,极端出清黄金坑抄底,GTC,2009-04-03
ord_c34351fb,FILLED,2009-04-03,,1.0,Standing Order / DCA,GTC,2009-04-06
ord_c62268a9,FILLED,2009-04-06,,1.0,Standing Order / DCA,GTC,2009-04-07
ord_b5cabedf,FILLED,2009-04-07,,0.0,油价击穿成本线与宏观熊市,GTC,2009-04-08
ord_7fa8499b,FILLED,2009-04-09,,1.0,极端出清黄金坑抄底,GTC,2009-04-10
ord_46d63458,FILLED,2009-04-10,,1.0,Standing Order / DCA,GTC,2009-04-13
ord_0a0b1e6f,FILLED,2009-04-13,,1.0,Standing Order / DCA,GTC,2009-04-14
ord_3c2c8dd7,FILLED,2009-04-14,,1.0,Standing Order / DCA,GTC,2009-04-15
ord_4de0c971,FILLED,2009-04-15,,1.0,Standing Order / DCA,GTC,2009-04-16
ord_f5466487,FILLED,2009-04-16,,1.0,Standing Order / DCA,GTC,2009-04-17
ord_eb861467,FILLED,2009-04-17,,1.0,Standing Order / DCA,GTC,2009-04-20
ord_8157838f,FILLED,2009-04-20,,1.0,Standing Order / DCA,GTC,2009-04-21
ord_4be8efb9,FILLED,2009-04-21,,1.0,Standing Order / DCA,GTC,2009-04-22
ord_92d925d5,FILLED,2009-04-22,,1.0,Standing Order / DCA,GTC,2009-04-23
ord_5199751f,FILLED,2009-04-23,,1.0,Standing Order / DCA,GTC,2009-04-24
ord_cea75dfd,FILLED,2009-04-24,,1.0,Standing Order / DCA,GTC,2009-04-27
ord_650699fa,FILLED,2009-04-27,,1.0,Standing Order / DCA,GTC,2009-04-28
ord_8f6a7281,FILLED,2009-04-28,,1.0,Standing Order / DCA,GTC,2009-04-29
ord_bacf214a,FILLED,2009-04-29,,1.0,Standing Order / DCA,GTC,2009-04-30
ord_88d238d4,FILLED,2009-04-30,,1.0,Standing Order / DCA,GTC,2009-05-01
ord_0c4b734c,FILLED,2009-05-01,,1.0,Standing Order / DCA,GTC,2009-05-04
ord_5caa9842,FILLED,2009-05-04,,1.0,Standing Order / DCA,GTC,2009-05-05
ord_5d84d45e,FILLED,2009-05-05,,1.0,Standing Order / DCA,GTC,2009-05-06
ord_24026943,FILLED,2009-05-06,,1.0,Standing Order / DCA,GTC,2009-05-07
ord_86392e9a,FILLED,2009-05-07,,1.0,Standing Order / DCA,GTC,2009-05-08
ord_a513ce68,FILLED,2009-05-08,,1.0,Standing Order / DCA,GTC,2009-05-11
ord_56f8f968,FILLED,2009-05-11,,1.0,Standing Order / DCA,GTC,2009-05-12
ord_7f602cd7,FILLED,2009-05-12,,1.0,Standing Order / DCA,GTC,2009-05-13
ord_d1e3b860,FILLED,2009-05-13,,1.0,Standing Order / DCA,GTC,2009-05-14
ord_6d7d15c0,FILLED,2009-05-14,,1.0,Standing Order / DCA,GTC,2009-05-15
ord_079d7c3e,FILLED,2009-05-15,,1.0,Standing Order / DCA,GTC,2009-05-18
ord_2132e23e,FILLED,2009-05-18,,1.0,Standing Order / DCA,GTC,2009-05-19
ord_3343f3c0,FILLED,2009-05-19,,1.0,Standing Order / DCA,GTC,2009-05-20
ord_43e83aa2,FILLED,2009-05-20,,1.0,Standing Order / DCA,GTC,2009-05-21
ord_a12e2d09,FILLED,2009-05-21,,1.0,Standing Order / DCA,GTC,2009-05-22
ord_c953605d,FILLED,2009-05-22,,1.0,Standing Order / DCA,GTC,2009-05-25
ord_677fdba2,FILLED,2009-05-25,,1.0,Standing Order / DCA,GTC,2009-05-26
ord_94d5e5f5,FILLED,2009-05-26,,1.0,Standing Order / DCA,GTC,2009-05-27
ord_499ba277,FILLED,2009-05-27,,1.0,Standing Order / DCA,GTC,2009-05-28
ord_b2b3e0a8,FILLED,2009-05-28,,1.0,Standing Order / DCA,GTC,2009-05-29
ord_b3c361ee,FILLED,2009-05-29,,1.0,Standing Order / DCA,GTC,2009-06-01
ord_2395f2aa,FILLED,2009-06-01,,1.0,Standing Order / DCA,GTC,2009-06-02
ord_f0da375c,FILLED,2009-06-02,,1.0,Standing Order / DCA,GTC,2009-06-03
ord_283239a0,FILLED,2009-06-03,,1.0,Standing Order / DCA,GTC,2009-06-04
ord_2015859c,FILLED,2009-06-04,,1.0,Standing Order / DCA,GTC,2009-06-05
ord_0fa04402,FILLED,2009-06-05,,1.0,Standing Order / DCA,GTC,2009-06-08
ord_f927dcab,FILLED,2009-06-08,,1.0,Standing Order / DCA,GTC,2009-06-09
ord_85ee47b6,FILLED,2009-06-09,,1.0,Standing Order / DCA,GTC,2009-06-10
ord_d6147b23,FILLED,2009-06-10,,1.0,Standing Order / DCA,GTC,2009-06-11
ord_9af84cd9,FILLED,2009-06-11,,1.0,Standing Order / DCA,GTC,2009-06-12
ord_b3118759,FILLED,2009-06-12,,1.0,Standing Order / DCA,GTC,2009-06-15
ord_45ca726d,FILLED,2009-06-15,,1.0,Standing Order / DCA,GTC,2009-06-16
ord_c5bdc969,FILLED,2009-06-16,,1.0,Standing Order / DCA,GTC,2009-06-17
ord_8b283a5d,FILLED,2009-06-17,,1.0,Standing Order / DCA,GTC,2009-06-18
ord_a2b52ded,FILLED,2009-06-18,,1.0,Standing Order / DCA,GTC,2009-06-19
ord_47dbd878,FILLED,2009-06-19,,1.0,Standing Order / DCA,GTC,2009-06-22
ord_e2e55b61,FILLED,2009-06-22,,1.0,Standing Order / DCA,GTC,2009-06-23
ord_b7adce3a,FILLED,2009-06-23,,1.0,Standing Order / DCA,GTC,2009-06-24
ord_d7e7e3a3,FILLED,2009-06-24,,1.0,Standing Order / DCA,GTC,2009-06-25
ord_e2084375,FILLED,2009-06-25,,1.0,Standing Order / DCA,GTC,2009-06-26
ord_a5e70abd,FILLED,2009-06-26,,1.0,Standing Order / DCA,GTC,2009-06-29
ord_cca233ea,FILLED,2009-06-29,,1.0,Standing Order / DCA,GTC,2009-06-30
ord_388c172b,FILLED,2009-06-30,,1.0,Standing Order / DCA,GTC,2009-07-01
ord_af1fb804,FILLED,2009-07-01,,1.0,Standing Order / DCA,GTC,2009-07-02
ord_6e3560e2,FILLED,2009-07-02,,1.0,Standing Order / DCA,GTC,2009-07-03
ord_f0d46b62,FILLED,2009-07-03,,1.0,Standing Order / DCA,GTC,2009-07-06
ord_c5318e02,FILLED,2009-07-06,,1.0,Standing Order / DCA,GTC,2009-07-07
ord_795d0e18,FILLED,2009-07-07,,1.0,Standing Order / DCA,GTC,2009-07-08
ord_5bb9770c,FILLED,2009-07-08,,1.0,Standing Order / DCA,GTC,2009-07-09
ord_000df5d3,FILLED,2009-07-09,,1.0,Standing Order / DCA,GTC,2009-07-10
ord_5ab65dc9,FILLED,2009-07-10,,1.0,Standing Order / DCA,GTC,2009-07-13
ord_3be17def,FILLED,2009-07-13,,1.0,Standing Order / DCA,GTC,2009-07-14
ord_1ad84317,FILLED,2009-07-14,,1.0,Standing Order / DCA,GTC,2009-07-15
ord_477d0ad3,FILLED,2009-07-15,,1.0,Standing Order / DCA,GTC,2009-07-16
ord_c6a057dc,FILLED,2009-07-16,,1.0,Standing Order / DCA,GTC,2009-07-17
ord_64680a11,FILLED,2009-07-17,,1.0,Standing Order / DCA,GTC,2009-07-20
ord_6cdb2c76,FILLED,2009-07-20,,1.0,Standing Order / DCA,GTC,2009-07-21
ord_00855b4c,FILLED,2009-07-21,,1.0,Standing Order / DCA,GTC,2009-07-22
ord_2f3db028,FILLED,2009-07-22,,1.0,Standing Order / DCA,GTC,2009-07-23
ord_d01beec6,FILLED,2009-07-23,,1.0,Standing Order / DCA,GTC,2009-07-24
ord_01c099f6,FILLED,2009-07-24,,1.0,Standing Order / DCA,GTC,2009-07-27
ord_c560806d,FILLED,2009-07-27,,1.0,Standing Order / DCA,GTC,2009-07-28
ord_50a83acf,FILLED,2009-07-28,,1.0,Standing Order / DCA,GTC,2009-07-29
ord_d96adb6c,FILLED,2009-07-29,,1.0,Standing Order / DCA,GTC,2009-07-30
ord_de155f00,FILLED,2009-07-30,,1.0,Standing Order / DCA,GTC,2009-07-31
ord_33714461,FILLED,2009-07-31,,1.0,Standing Order / DCA,GTC,2009-08-03
ord_6aa3023d,FILLED,2009-08-03,,1.0,Standing Order / DCA,GTC,2009-08-04
ord_47ada114,FILLED,2009-08-04,,1.0,Standing Order / DCA,GTC,2009-08-05
ord_21da9f2f,FILLED,2009-08-05,,1.0,Standing Order / DCA,GTC,2009-08-06
ord_1a5e927b,FILLED,2009-08-06,,1.0,Standing Order / DCA,GTC,2009-08-07
ord_15e86c83,FILLED,2009-08-07,,1.0,Standing Order / DCA,GTC,2009-08-10
ord_fb33a2a5,FILLED,2009-08-10,,1.0,Standing Order / DCA,GTC,2009-08-11
ord_ebede51f,FILLED,2009-08-11,,1.0,Standing Order / DCA,GTC,2009-08-12
ord_8d842069,FILLED,2009-08-12,,1.0,Standing Order / DCA,GTC,2009-08-13
ord_0e32dd56,FILLED,2009-08-13,,1.0,Standing Order / DCA,GTC,2009-08-14
ord_1b77c430,FILLED,2009-08-14,,1.0,Standing Order / DCA,GTC,2009-08-17
ord_f0a2eec8,FILLED,2009-08-17,,1.0,Standing Order / DCA,GTC,2009-08-18
ord_7bba6046,FILLED,2009-08-18,,1.0,Standing Order / DCA,GTC,2009-08-19
ord_aa68b01e,FILLED,2009-08-19,,1.0,Standing Order / DCA,GTC,2009-08-20
ord_595a59a9,FILLED,2009-08-20,,1.0,Standing Order / DCA,GTC,2009-08-21
ord_a74ed7f6,FILLED,2009-08-21,,1.0,Standing Order / DCA,GTC,2009-08-24
ord_d9a8c43b,FILLED,2009-08-24,,1.0,Standing Order / DCA,GTC,2009-08-25
ord_b490287b,FILLED,2009-08-25,,1.0,Standing Order / DCA,GTC,2009-08-26
ord_c62f109d,FILLED,2009-08-26,,1.0,Standing Order / DCA,GTC,2009-08-27
ord_8c38657b,FILLED,2009-08-27,,1.0,Standing Order / DCA,GTC,2009-08-28
ord_d334c856,FILLED,2009-08-28,,1.0,Standing Order / DCA,GTC,2009-08-31
ord_903a8bf4,FILLED,2009-08-31,,1.0,Standing Order / DCA,GTC,2009-09-01
ord_e87defdb,FILLED,2009-09-01,,1.0,Standing Order / DCA,GTC,2009-09-02
ord_680a2e8a,FILLED,2009-09-02,,1.0,Standing Order / DCA,GTC,2009-09-03
ord_a212f6ed,FILLED,2009-09-03,,1.0,Standing Order / DCA,GTC,2009-09-04
ord_a11da6c7,FILLED,2009-09-04,,1.0,Standing Order / DCA,GTC,2009-09-07
ord_58876bea,FILLED,2009-09-07,,1.0,Standing Order / DCA,GTC,2009-09-08
ord_305912d5,FILLED,2009-09-08,,1.0,Standing Order / DCA,GTC,2009-09-09
ord_9c191d9f,FILLED,2009-09-09,,1.0,Standing Order / DCA,GTC,2009-09-10
ord_db981ea6,FILLED,2009-09-10,,1.0,Standing Order / DCA,GTC,2009-09-11
ord_770bf62b,FILLED,2009-09-11,,1.0,Standing Order / DCA,GTC,2009-09-14
ord_7e4833e2,FILLED,2009-09-14,,1.0,Standing Order / DCA,GTC,2009-09-15
ord_d0cf6973,FILLED,2009-09-15,,1.0,Standing Order / DCA,GTC,2009-09-16
ord_01f8216b,FILLED,2009-09-16,,1.0,Standing Order / DCA,GTC,2009-09-17
ord_3e48211f,FILLED,2009-09-17,,1.0,Standing Order / DCA,GTC,2009-09-18
ord_fb81320e,FILLED,2009-09-18,,1.0,Standing Order / DCA,GTC,2009-09-21
ord_64f51b0a,FILLED,2009-09-21,,1.0,Standing Order / DCA,GTC,2009-09-22
ord_c611b50d,FILLED,2009-09-22,,1.0,Standing Order / DCA,GTC,2009-09-23
ord_23f3bcd9,FILLED,2009-09-23,,1.0,Standing Order / DCA,GTC,2009-09-24
ord_63097a9a,FILLED,2009-09-24,,1.0,Standing Order / DCA,GTC,2009-09-25
ord_65d1b652,FILLED,2009-09-25,,1.0,Standing Order / DCA,GTC,2009-09-28
ord_369ef2a6,FILLED,2009-09-28,,1.0,Standing Order / DCA,GTC,2009-09-29
ord_37d28401,FILLED,2009-09-29,,1.0,Standing Order / DCA,GTC,2009-09-30
ord_b76e4a80,FILLED,2009-09-30,,1.0,Standing Order / DCA,GTC,2009-10-01
ord_de42ce0c,FILLED,2009-10-01,,1.0,Standing Order / DCA,GTC,2009-10-02
ord_b7942f10,FILLED,2009-10-02,,1.0,Standing Order / DCA,GTC,2009-10-05
ord_d19de244,FILLED,2009-10-05,,1.0,Standing Order / DCA,GTC,2009-10-06
ord_67d8b348,FILLED,2009-10-06,,1.0,Standing Order / DCA,GTC,2009-10-07
ord_34d66207,FILLED,2009-10-07,,1.0,Standing Order / DCA,GTC,2009-10-08
ord_b6952975,FILLED,2009-10-08,,1.0,Standing Order / DCA,GTC,2009-10-09
ord_dfe19809,FILLED,2009-10-09,,1.0,Standing Order / DCA,GTC,2009-10-12
ord_1558b605,FILLED,2009-10-12,,1.0,Standing Order / DCA,GTC,2009-10-13
ord_d1b9804a,FILLED,2009-10-13,,1.0,Standing Order / DCA,GTC,2009-10-14
ord_3d0fe2c7,FILLED,2009-10-14,,1.0,Standing Order / DCA,GTC,2009-10-15
ord_c71bbeaa,FILLED,2009-10-15,,1.0,Standing Order / DCA,GTC,2009-10-16
ord_916bc72d,FILLED,2009-10-16,,1.0,Standing Order / DCA,GTC,2009-10-19
ord_afa642c9,FILLED,2009-10-19,,1.0,Standing Order / DCA,GTC,2009-10-20
ord_4b6b4211,FILLED,2009-10-20,,1.0,Standing Order / DCA,GTC,2009-10-21
ord_33400fc2,FILLED,2009-10-21,,1.0,Standing Order / DCA,GTC,2009-10-22
ord_b5a24b9c,FILLED,2009-10-22,,1.0,Standing Order / DCA,GTC,2009-10-23
ord_550938ef,FILLED,2009-10-23,,1.0,Standing Order / DCA,GTC,2009-10-26
ord_c1c3bf29,FILLED,2009-10-26,,1.0,Standing Order / DCA,GTC,2009-10-27
ord_fb737771,FILLED,2009-10-27,,1.0,Standing Order / DCA,GTC,2009-10-28
ord_e07cc8d5,FILLED,2009-10-28,,1.0,Standing Order / DCA,GTC,2009-10-29
ord_b9cac2a5,FILLED,2009-10-29,,1.0,Standing Order / DCA,GTC,2009-10-30
ord_3a24fe55,FILLED,2009-10-30,,1.0,Standing Order / DCA,GTC,2009-11-02
ord_54065b03,FILLED,2009-11-02,,1.0,Standing Order / DCA,GTC,2009-11-03
ord_b1c5959f,FILLED,2009-11-03,,1.0,Standing Order / DCA,GTC,2009-11-04
ord_63e939ff,FILLED,2009-11-04,,1.0,Standing Order / DCA,GTC,2009-11-05
ord_7a2573f0,FILLED,2009-11-05,,1.0,Standing Order / DCA,GTC,2009-11-06
ord_6afb3f5b,FILLED,2009-11-06,,1.0,Standing Order / DCA,GTC,2009-11-09
ord_67575e70,FILLED,2009-11-09,,1.0,Standing Order / DCA,GTC,2009-11-10
ord_ac4de16a,FILLED,2009-11-10,,1.0,Standing Order / DCA,GTC,2009-11-11
ord_b8a28f75,FILLED,2009-11-11,,1.0,Standing Order / DCA,GTC,2009-11-12
ord_8da7cf7d,FILLED,2009-11-12,,1.0,Standing Order / DCA,GTC,2009-11-13
ord_93e3766e,FILLED,2009-11-13,,1.0,Standing Order / DCA,GTC,2009-11-16
ord_e60dfd08,FILLED,2009-11-16,,1.0,Standing Order / DCA,GTC,2009-11-17
ord_b6d9474e,FILLED,2009-11-17,,1.0,Standing Order / DCA,GTC,2009-11-18
ord_1bbcb270,FILLED,2009-11-18,,1.0,Standing Order / DCA,GTC,2009-11-19
ord_fc29a225,FILLED,2009-11-19,,1.0,Standing Order / DCA,GTC,2009-11-20
ord_0e7f1d45,FILLED,2009-11-20,,1.0,Standing Order / DCA,GTC,2009-11-23
ord_e2494a03,FILLED,2009-11-23,,1.0,Standing Order / DCA,GTC,2009-11-24
ord_914004b1,FILLED,2009-11-24,,1.0,Standing Order / DCA,GTC,2009-11-25
ord_7ae05bbd,FILLED,2009-11-25,,1.0,Standing Order / DCA,GTC,2009-11-26
ord_bb8d3ac7,FILLED,2009-11-26,,1.0,Standing Order / DCA,GTC,2009-11-27
ord_9dc25452,FILLED,2009-11-27,,1.0,Standing Order / DCA,GTC,2009-11-30
ord_8ffba4b4,FILLED,2009-11-30,,1.0,Standing Order / DCA,GTC,2009-12-01
ord_b12b6c77,FILLED,2009-12-01,,1.0,Standing Order / DCA,GTC,2009-12-02
ord_cbb977c1,FILLED,2009-12-02,,1.0,Standing Order / DCA,GTC,2009-12-03
ord_444d12dc,FILLED,2009-12-03,,1.0,Standing Order / DCA,GTC,2009-12-04
ord_72c8cf32,FILLED,2009-12-04,,1.0,Standing Order / DCA,GTC,2009-12-07
ord_49714739,FILLED,2009-12-07,,1.0,Standing Order / DCA,GTC,2009-12-08
ord_e49b3fe9,FILLED,2009-12-08,,1.0,Standing Order / DCA,GTC,2009-12-09
ord_58f904b9,FILLED,2009-12-09,,1.0,Standing Order / DCA,GTC,2009-12-10
ord_d1f225c3,FILLED,2009-12-10,,1.0,Standing Order / DCA,GTC,2009-12-11
ord_11d69c78,FILLED,2009-12-11,,1.0,Standing Order / DCA,GTC,2009-12-14
ord_f8709bd5,FILLED,2009-12-14,,1.0,Standing Order / DCA,GTC,2009-12-15
ord_90f67690,FILLED,2009-12-15,,1.0,Standing Order / DCA,GTC,2009-12-16
ord_d0a2326b,FILLED,2009-12-16,,1.0,Standing Order / DCA,GTC,2009-12-17
ord_1a8001af,FILLED,2009-12-17,,1.0,Standing Order / DCA,GTC,2009-12-18
ord_033b8b3c,FILLED,2009-12-18,,1.0,Standing Order / DCA,GTC,2009-12-21
ord_66f6643e,FILLED,2009-12-21,,1.0,Standing Order / DCA,GTC,2009-12-22
ord_a9cec845,FILLED,2009-12-22,,1.0,Standing Order / DCA,GTC,2009-12-23
ord_9e072be8,FILLED,2009-12-23,,1.0,Standing Order / DCA,GTC,2009-12-24
ord_16691da5,FILLED,2009-12-24,,1.0,Standing Order / DCA,GTC,2009-12-25
ord_a4dc809f,FILLED,2009-12-25,,1.0,Standing Order / DCA,GTC,2009-12-28
ord_96b1a26c,FILLED,2009-12-28,,1.0,Standing Order / DCA,GTC,2009-12-29
ord_9c1813d6,FILLED,2009-12-29,,1.0,Standing Order / DCA,GTC,2009-12-30
ord_f6b1a6b4,FILLED,2009-12-30,,1.0,Standing Order / DCA,GTC,2009-12-31
ord_77b2ae43,FILLED,2009-12-31,,1.0,Standing Order / DCA,GTC,2010-01-01
ord_5e81f506,FILLED,2010-01-01,,1.0,Standing Order / DCA,GTC,2010-01-04
ord_ca801f09,FILLED,2010-01-04,,1.0,Standing Order / DCA,GTC,2010-01-05
ord_916b4e89,FILLED,2010-01-05,,1.0,Standing Order / DCA,GTC,2010-01-06
ord_a9ce8ce0,FILLED,2010-01-06,,1.0,Standing Order / DCA,GTC,2010-01-07
ord_1d0974c8,FILLED,2010-01-07,,1.0,Standing Order / DCA,GTC,2010-01-08
ord_de1aef92,FILLED,2010-01-08,,1.0,Standing Order / DCA,GTC,2010-01-11
ord_26e5433e,FILLED,2010-01-11,,1.0,Standing Order / DCA,GTC,2010-01-12
ord_78a79087,FILLED,2010-01-12,,1.0,Standing Order / DCA,GTC,2010-01-13
ord_49341a17,FILLED,2010-01-13,,1.0,Standing Order / DCA,GTC,2010-01-14
ord_c9d1ab6e,FILLED,2010-01-14,,1.0,Standing Order / DCA,GTC,2010-01-15
ord_42fc7fca,FILLED,2010-01-15,,1.0,Standing Order / DCA,GTC,2010-01-18
ord_dfe1e1e6,FILLED,2010-01-18,,1.0,Standing Order / DCA,GTC,2010-01-19
ord_4c165a35,FILLED,2010-01-19,,1.0,Standing Order / DCA,GTC,2010-01-20
ord_f5f46aba,FILLED,2010-01-20,,1.0,Standing Order / DCA,GTC,2010-01-21
ord_c7585c04,FILLED,2010-01-21,,1.0,Standing Order / DCA,GTC,2010-01-22
ord_d6c77675,FILLED,2010-01-22,,1.0,Standing Order / DCA,GTC,2010-01-25
ord_242878ab,FILLED,2010-01-25,,1.0,Standing Order / DCA,GTC,2010-01-26
ord_6bb269c9,FILLED,2010-01-26,,1.0,Standing Order / DCA,GTC,2010-01-27
ord_cc840f48,FILLED,2010-01-27,,1.0,Standing Order / DCA,GTC,2010-01-28
ord_e09ccf3b,FILLED,2010-01-28,,1.0,Standing Order / DCA,GTC,2010-01-29
ord_66224c8d,FILLED,2010-01-29,,1.0,Standing Order / DCA,GTC,2010-02-01
ord_addc71cd,FILLED,2010-02-01,,1.0,Standing Order / DCA,GTC,2010-02-02
ord_825d4e4a,FILLED,2010-02-02,,1.0,Standing Order / DCA,GTC,2010-02-03
ord_0512ef8c,FILLED,2010-02-03,,1.0,Standing Order / DCA,GTC,2010-02-04
ord_dca295ed,FILLED,2010-02-04,,1.0,Standing Order / DCA,GTC,2010-02-05
ord_e25a2aea,FILLED,2010-02-05,,1.0,Standing Order / DCA,GTC,2010-02-08
ord_dcf4d4dc,FILLED,2010-02-08,,1.0,Standing Order / DCA,GTC,2010-02-09
ord_f66e8d96,FILLED,2010-02-09,,1.0,Standing Order / DCA,GTC,2010-02-10
ord_0f69fb13,FILLED,2010-02-10,,1.0,Standing Order / DCA,GTC,2010-02-11
ord_388e415d,FILLED,2010-02-11,,1.0,Standing Order / DCA,GTC,2010-02-12
ord_0ca24129,FILLED,2010-02-12,,1.0,Standing Order / DCA,GTC,2010-02-15
ord_70065dd7,FILLED,2010-02-15,,1.0,Standing Order / DCA,GTC,2010-02-16
ord_a593b606,FILLED,2010-02-16,,1.0,Standing Order / DCA,GTC,2010-02-17
ord_bdcc602c,FILLED,2010-02-17,,1.0,Standing Order / DCA,GTC,2010-02-18
ord_8b3d1fda,FILLED,2010-02-18,,1.0,Standing Order / DCA,GTC,2010-02-19
ord_d414cca4,FILLED,2010-02-19,,1.0,Standing Order / DCA,GTC,2010-02-22
ord_c609a45a,FILLED,2010-02-22,,1.0,Standing Order / DCA,GTC,2010-02-23
ord_4ae0d2f7,FILLED,2010-02-23,,1.0,Standing Order / DCA,GTC,2010-02-24
ord_4015679b,FILLED,2010-02-24,,1.0,Standing Order / DCA,GTC,2010-02-25
ord_360f1417,FILLED,2010-02-25,,1.0,Standing Order / DCA,GTC,2010-02-26
ord_c104ccff,FILLED,2010-02-26,,1.0,Standing Order / DCA,GTC,2010-03-01
ord_0da4ad30,FILLED,2010-03-01,,1.0,Standing Order / DCA,GTC,2010-03-02
ord_0d63b466,FILLED,2010-03-02,,1.0,Standing Order / DCA,GTC,2010-03-03
ord_1a516574,FILLED,2010-03-03,,1.0,Standing Order / DCA,GTC,2010-03-04
ord_4f906e3b,FILLED,2010-03-04,,1.0,Standing Order / DCA,GTC,2010-03-05
ord_a6a7b593,FILLED,2010-03-05,,1.0,Standing Order / DCA,GTC,2010-03-08
ord_ef6b7113,FILLED,2010-03-08,,1.0,Standing Order / DCA,GTC,2010-03-09
ord_3e967857,FILLED,2010-03-09,,1.0,Standing Order / DCA,GTC,2010-03-10
ord_193f586e,FILLED,2010-03-10,,1.0,Standing Order / DCA,GTC,2010-03-11
ord_6432c154,FILLED,2010-03-11,,1.0,Standing Order / DCA,GTC,2010-03-12
ord_aecca36c,FILLED,2010-03-12,,1.0,Standing Order / DCA,GTC,2010-03-15
ord_cb70da34,FILLED,2010-03-15,,1.0,Standing Order / DCA,GTC,2010-03-16
ord_8d385c41,FILLED,2010-03-16,,1.0,Standing Order / DCA,GTC,2010-03-17
ord_16e6e104,FILLED,2010-03-17,,1.0,Standing Order / DCA,GTC,2010-03-18
ord_f0ac8546,FILLED,2010-03-18,,1.0,Standing Order / DCA,GTC,2010-03-19
ord_e88d5b9f,FILLED,2010-03-19,,1.0,Standing Order / DCA,GTC,2010-03-22
ord_dfb86bc7,FILLED,2010-03-22,,1.0,Standing Order / DCA,GTC,2010-03-23
ord_064ae439,FILLED,2010-03-23,,1.0,Standing Order / DCA,GTC,2010-03-24
ord_327017ff,FILLED,2010-03-24,,1.0,Standing Order / DCA,GTC,2010-03-25
ord_b181a8a7,FILLED,2010-03-25,,1.0,Standing Order / DCA,GTC,2010-03-26
ord_0d556a7f,FILLED,2010-03-26,,1.0,Standing Order / DCA,GTC,2010-03-29
ord_4a9da8bb,FILLED,2010-03-29,,1.0,Standing Order / DCA,GTC,2010-03-30
ord_f6299a5f,FILLED,2010-03-30,,1.0,Standing Order / DCA,GTC,2010-03-31
ord_06c33738,FILLED,2010-03-31,,1.0,Standing Order / DCA,GTC,2010-04-01
ord_c8c8a562,FILLED,2010-04-01,,1.0,Standing Order / DCA,GTC,2010-04-02
ord_5a61062a,FILLED,2010-04-02,,1.0,Standing Order / DCA,GTC,2010-04-05
ord_522d94a4,FILLED,2010-04-05,,1.0,Standing Order / DCA,GTC,2010-04-06
ord_2cc0caf2,FILLED,2010-04-06,,1.0,Standing Order / DCA,GTC,2010-04-07
ord_db43893d,FILLED,2010-04-07,,1.0,Standing Order / DCA,GTC,2010-04-08
ord_ff938a93,FILLED,2010-04-08,,1.0,Standing Order / DCA,GTC,2010-04-09
ord_e2aaea80,FILLED,2010-04-09,,1.0,Standing Order / DCA,GTC,2010-04-12
ord_99e25a78,FILLED,2010-04-12,,1.0,Standing Order / DCA,GTC,2010-04-13
ord_f149308f,FILLED,2010-04-13,,1.0,Standing Order / DCA,GTC,2010-04-14
ord_5e9cfc84,FILLED,2010-04-14,,1.0,Standing Order / DCA,GTC,2010-04-15
ord_1ed65df2,FILLED,2010-04-15,,1.0,Standing Order / DCA,GTC,2010-04-16
ord_a4904d95,FILLED,2010-04-16,,1.0,Standing Order / DCA,GTC,2010-04-19
ord_81f5b5a6,FILLED,2010-04-19,,1.0,Standing Order / DCA,GTC,2010-04-20
ord_e861b300,FILLED,2010-04-20,,1.0,Standing Order / DCA,GTC,2010-04-21
ord_a1e9a9e2,FILLED,2010-04-21,,1.0,Standing Order / DCA,GTC,2010-04-22
ord_bb69f02d,FILLED,2010-04-22,,1.0,Standing Order / DCA,GTC,2010-04-23
ord_f8919330,FILLED,2010-04-23,,1.0,Standing Order / DCA,GTC,2010-04-26
ord_7bf4e333,FILLED,2010-04-26,,1.0,Standing Order / DCA,GTC,2010-04-27
ord_cfdd7e58,FILLED,2010-04-27,,1.0,Standing Order / DCA,GTC,2010-04-28
ord_f996236c,FILLED,2010-04-28,,1.0,Standing Order / DCA,GTC,2010-04-29
ord_ac065102,FILLED,2010-04-29,,1.0,Standing Order / DCA,GTC,2010-04-30
ord_54159fea,FILLED,2010-04-30,,1.0,Standing Order / DCA,GTC,2010-05-03
ord_1ed9841f,FILLED,2010-05-03,,1.0,Standing Order / DCA,GTC,2010-05-04
ord_7d22fd68,FILLED,2010-05-04,,1.0,Standing Order / DCA,GTC,2010-05-05
ord_2e4f2679,FILLED,2010-05-05,,1.0,Standing Order / DCA,GTC,2010-05-06
ord_1f766aae,FILLED,2010-05-06,,1.0,Standing Order / DCA,GTC,2010-05-07
ord_5c39bcc1,FILLED,2010-05-07,,1.0,Standing Order / DCA,GTC,2010-05-10
ord_c8f23350,FILLED,2010-05-10,,1.0,Standing Order / DCA,GTC,2010-05-11
ord_f90cbff8,FILLED,2010-05-11,,1.0,Standing Order / DCA,GTC,2010-05-12
ord_3989299e,FILLED,2010-05-12,,1.0,Standing Order / DCA,GTC,2010-05-13
ord_57a96e7f,FILLED,2010-05-13,,1.0,Standing Order / DCA,GTC,2010-05-14
ord_0c5e275a,FILLED,2010-05-14,,1.0,Standing Order / DCA,GTC,2010-05-17
ord_e3c66fdf,FILLED,2010-05-17,,1.0,Standing Order / DCA,GTC,2010-05-18
ord_82215d0c,FILLED,2010-05-18,,1.0,Standing Order / DCA,GTC,2010-05-19
ord_306fcb27,FILLED,2010-05-19,,1.0,Standing Order / DCA,GTC,2010-05-20
ord_9e97b78a,FILLED,2010-05-20,,1.0,Standing Order / DCA,GTC,2010-05-21
ord_cadd09bf,FILLED,2010-05-21,,1.0,Standing Order / DCA,GTC,2010-05-24
ord_64d5b14d,FILLED,2010-05-24,,1.0,Standing Order / DCA,GTC,2010-05-25
ord_c6a4cd69,FILLED,2010-05-25,,1.0,Standing Order / DCA,GTC,2010-05-26
ord_16975a79,FILLED,2010-05-26,,1.0,Standing Order / DCA,GTC,2010-05-27
ord_374f2f0e,FILLED,2010-05-27,,1.0,Standing Order / DCA,GTC,2010-05-28
ord_dc7d8600,FILLED,2010-05-28,,1.0,Standing Order / DCA,GTC,2010-05-31
ord_c9bdefab,FILLED,2010-05-31,,1.0,Standing Order / DCA,GTC,2010-06-01
ord_3bf69e3e,FILLED,2010-06-01,,1.0,Standing Order / DCA,GTC,2010-06-02
ord_17f97078,FILLED,2010-06-02,,1.0,Standing Order / DCA,GTC,2010-06-03
ord_6129bf09,FILLED,2010-06-03,,1.0,Standing Order / DCA,GTC,2010-06-04
ord_abfc7409,FILLED,2010-06-04,,1.0,Standing Order / DCA,GTC,2010-06-07
ord_5afb1ec5,FILLED,2010-06-07,,1.0,Standing Order / DCA,GTC,2010-06-08
ord_58de2d6c,FILLED,2010-06-08,,1.0,Standing Order / DCA,GTC,2010-06-09
ord_440ce27f,FILLED,2010-06-09,,1.0,Standing Order / DCA,GTC,2010-06-10
ord_c809f213,FILLED,2010-06-10,,1.0,Standing Order / DCA,GTC,2010-06-11
ord_90836ee5,FILLED,2010-06-11,,1.0,Standing Order / DCA,GTC,2010-06-14
ord_eea90954,FILLED,2010-06-14,,1.0,Standing Order / DCA,GTC,2010-06-15
ord_1e10596d,FILLED,2010-06-15,,1.0,Standing Order / DCA,GTC,2010-06-16
ord_2f195f68,FILLED,2010-06-16,,1.0,Standing Order / DCA,GTC,2010-06-17
ord_e30b918e,FILLED,2010-06-17,,1.0,Standing Order / DCA,GTC,2010-06-18
ord_0ce2fc94,FILLED,2010-06-18,,1.0,Standing Order / DCA,GTC,2010-06-21
ord_e792ff7f,FILLED,2010-06-21,,1.0,Standing Order / DCA,GTC,2010-06-22
ord_3c0dcc71,FILLED,2010-06-22,,1.0,Standing Order / DCA,GTC,2010-06-23
ord_663225e7,FILLED,2010-06-23,,1.0,Standing Order / DCA,GTC,2010-06-24
ord_33f4b2c9,FILLED,2010-06-24,,1.0,Standing Order / DCA,GTC,2010-06-25
ord_21d512bc,FILLED,2010-06-25,,1.0,Standing Order / DCA,GTC,2010-06-28
ord_d2cd4e2f,FILLED,2010-06-28,,1.0,Standing Order / DCA,GTC,2010-06-29
ord_27109c94,FILLED,2010-06-29,,1.0,Standing Order / DCA,GTC,2010-06-30
ord_72099e5b,FILLED,2010-06-30,,1.0,Standing Order / DCA,GTC,2010-07-01
ord_140a6358,FILLED,2010-07-01,,1.0,Standing Order / DCA,GTC,2010-07-02
ord_e106a8e7,FILLED,2010-07-02,,1.0,Standing Order / DCA,GTC,2010-07-05
ord_add3f545,FILLED,2010-07-05,,1.0,Standing Order / DCA,GTC,2010-07-06
ord_e39547cc,FILLED,2010-07-06,,1.0,Standing Order / DCA,GTC,2010-07-07
ord_3e44edc3,FILLED,2010-07-07,,1.0,Standing Order / DCA,GTC,2010-07-08
ord_4181b29e,FILLED,2010-07-08,,1.0,Standing Order / DCA,GTC,2010-07-09
ord_11d856f1,FILLED,2010-07-09,,1.0,Standing Order / DCA,GTC,2010-07-12
ord_8ac5ba0f,FILLED,2010-07-12,,1.0,Standing Order / DCA,GTC,2010-07-13
ord_e7372f83,FILLED,2010-07-13,,1.0,Standing Order / DCA,GTC,2010-07-14
ord_aa7b3324,FILLED,2010-07-14,,1.0,Standing Order / DCA,GTC,2010-07-15
ord_4fa26816,FILLED,2010-07-15,,1.0,Standing Order / DCA,GTC,2010-07-16
ord_1df20d0e,FILLED,2010-07-16,,1.0,Standing Order / DCA,GTC,2010-07-19
ord_fe6774cd,FILLED,2010-07-19,,1.0,Standing Order / DCA,GTC,2010-07-20
ord_8af21a12,FILLED,2010-07-20,,1.0,Standing Order / DCA,GTC,2010-07-21
ord_9c67d20c,FILLED,2010-07-21,,1.0,Standing Order / DCA,GTC,2010-07-22
ord_64e4976e,FILLED,2010-07-22,,1.0,Standing Order / DCA,GTC,2010-07-23
ord_044218bd,FILLED,2010-07-23,,1.0,Standing Order / DCA,GTC,2010-07-26
ord_2b67ff36,FILLED,2010-07-26,,1.0,Standing Order / DCA,GTC,2010-07-27
ord_947f0908,FILLED,2010-07-27,,1.0,Standing Order / DCA,GTC,2010-07-28
ord_93a7d988,FILLED,2010-07-28,,1.0,Standing Order / DCA,GTC,2010-07-29
ord_9fdbb93c,FILLED,2010-07-29,,1.0,Standing Order / DCA,GTC,2010-07-30
ord_96447bfe,FILLED,2010-07-30,,1.0,Standing Order / DCA,GTC,2010-08-02
ord_2ef3bb7a,FILLED,2010-08-02,,1.0,Standing Order / DCA,GTC,2010-08-03
ord_b7196890,FILLED,2010-08-03,,1.0,Standing Order / DCA,GTC,2010-08-04
ord_cbedb119,FILLED,2010-08-04,,1.0,Standing Order / DCA,GTC,2010-08-05
ord_84796fe2,FILLED,2010-08-05,,1.0,Standing Order / DCA,GTC,2010-08-06
ord_ca62c931,FILLED,2010-08-06,,1.0,Standing Order / DCA,GTC,2010-08-09
ord_024a1ba5,FILLED,2010-08-09,,1.0,Standing Order / DCA,GTC,2010-08-10
ord_f180eb0b,FILLED,2010-08-10,,1.0,Standing Order / DCA,GTC,2010-08-11
ord_ec06c078,FILLED,2010-08-11,,1.0,Standing Order / DCA,GTC,2010-08-12
ord_70b34661,FILLED,2010-08-12,,1.0,Standing Order / DCA,GTC,2010-08-13
ord_850838e2,FILLED,2010-08-13,,1.0,Standing Order / DCA,GTC,2010-08-16
ord_87fdf9e7,FILLED,2010-08-16,,1.0,Standing Order / DCA,GTC,2010-08-17
ord_ba00d72e,FILLED,2010-08-17,,1.0,Standing Order / DCA,GTC,2010-08-18
ord_aa4e0d4c,FILLED,2010-08-18,,1.0,Standing Order / DCA,GTC,2010-08-19
ord_c7aa97eb,FILLED,2010-08-19,,1.0,Standing Order / DCA,GTC,2010-08-20
ord_8437e958,FILLED,2010-08-20,,1.0,Standing Order / DCA,GTC,2010-08-23
ord_3690f555,FILLED,2010-08-23,,1.0,Standing Order / DCA,GTC,2010-08-24
ord_9d30c543,FILLED,2010-08-24,,1.0,Standing Order / DCA,GTC,2010-08-25
ord_ee2119f5,FILLED,2010-08-25,,1.0,Standing Order / DCA,GTC,2010-08-26
ord_5d823b37,FILLED,2010-08-26,,1.0,Standing Order / DCA,GTC,2010-08-27
ord_939daefb,FILLED,2010-08-27,,1.0,Standing Order / DCA,GTC,2010-08-30
ord_d5d37bb1,FILLED,2010-08-30,,1.0,Standing Order / DCA,GTC,2010-08-31
ord_18662868,FILLED,2010-08-31,,1.0,Standing Order / DCA,GTC,2010-09-01
ord_135eb483,FILLED,2010-09-01,,1.0,Standing Order / DCA,GTC,2010-09-02
ord_2d0b2311,FILLED,2010-09-02,,1.0,Standing Order / DCA,GTC,2010-09-03
ord_a9a47520,FILLED,2010-09-03,,1.0,Standing Order / DCA,GTC,2010-09-06
ord_a3c6110c,FILLED,2010-09-06,,1.0,Standing Order / DCA,GTC,2010-09-07
ord_50a0807b,FILLED,2010-09-07,,1.0,Standing Order / DCA,GTC,2010-09-08
ord_14e5d94a,FILLED,2010-09-08,,1.0,Standing Order / DCA,GTC,2010-09-09
ord_e6238e80,FILLED,2010-09-09,,1.0,Standing Order / DCA,GTC,2010-09-10
ord_4242babb,FILLED,2010-09-10,,1.0,Standing Order / DCA,GTC,2010-09-13
ord_bdc77748,FILLED,2010-09-13,,1.0,Standing Order / DCA,GTC,2010-09-14
ord_01f00f00,FILLED,2010-09-14,,1.0,Standing Order / DCA,GTC,2010-09-15
ord_c7a976c3,FILLED,2010-09-15,,1.0,Standing Order / DCA,GTC,2010-09-16
ord_62562096,FILLED,2010-09-16,,1.0,Standing Order / DCA,GTC,2010-09-17
ord_97cd4c27,FILLED,2010-09-17,,1.0,Standing Order / DCA,GTC,2010-09-20
ord_d3f13544,FILLED,2010-09-20,,1.0,Standing Order / DCA,GTC,2010-09-21
ord_e6a328b8,FILLED,2010-09-21,,1.0,Standing Order / DCA,GTC,2010-09-22
ord_b86c4560,FILLED,2010-09-22,,1.0,Standing Order / DCA,GTC,2010-09-23
ord_706308ac,FILLED,2010-09-23,,1.0,Standing Order / DCA,GTC,2010-09-24
ord_80b621ba,FILLED,2010-09-24,,1.0,Standing Order / DCA,GTC,2010-09-27
ord_a73f903c,FILLED,2010-09-27,,1.0,Standing Order / DCA,GTC,2010-09-28
ord_0184e431,FILLED,2010-09-28,,1.0,Standing Order / DCA,GTC,2010-09-29
ord_9c08a2de,FILLED,2010-09-29,,1.0,Standing Order / DCA,GTC,2010-09-30
ord_f3f939ab,FILLED,2010-09-30,,1.0,Standing Order / DCA,GTC,2010-10-01
ord_4f823afa,FILLED,2010-10-01,,1.0,Standing Order / DCA,GTC,2010-10-04
ord_a144ce99,FILLED,2010-10-04,,1.0,Standing Order / DCA,GTC,2010-10-05
ord_38085cdf,FILLED,2010-10-05,,1.0,Standing Order / DCA,GTC,2010-10-06
ord_38dbc831,FILLED,2010-10-06,,1.0,Standing Order / DCA,GTC,2010-10-07
ord_b96078a0,FILLED,2010-10-07,,1.0,Standing Order / DCA,GTC,2010-10-08
ord_96aa48ed,FILLED,2010-10-08,,1.0,Standing Order / DCA,GTC,2010-10-11
ord_18690f35,FILLED,2010-10-11,,1.0,Standing Order / DCA,GTC,2010-10-12
ord_de1e1b46,FILLED,2010-10-12,,1.0,Standing Order / DCA,GTC,2010-10-13
ord_29b2373c,FILLED,2010-10-13,,1.0,Standing Order / DCA,GTC,2010-10-14
ord_e713a31b,FILLED,2010-10-14,,1.0,Standing Order / DCA,GTC,2010-10-15
ord_3575df42,FILLED,2010-10-15,,1.0,Standing Order / DCA,GTC,2010-10-18
ord_57ca110d,FILLED,2010-10-18,,1.0,Standing Order / DCA,GTC,2010-10-19
ord_1db613e0,FILLED,2010-10-19,,1.0,Standing Order / DCA,GTC,2010-10-20
ord_e0f95739,FILLED,2010-10-20,,1.0,Standing Order / DCA,GTC,2010-10-21
ord_264eec88,FILLED,2010-10-21,,1.0,Standing Order / DCA,GTC,2010-10-22
ord_15aa2804,FILLED,2010-10-22,,1.0,Standing Order / DCA,GTC,2010-10-25
ord_0aea81ec,FILLED,2010-10-25,,1.0,Standing Order / DCA,GTC,2010-10-26
ord_14ec3f5d,FILLED,2010-10-26,,1.0,Standing Order / DCA,GTC,2010-10-27
ord_82d5ec76,FILLED,2010-10-27,,1.0,Standing Order / DCA,GTC,2010-10-28
ord_ecf82516,FILLED,2010-10-28,,1.0,Standing Order / DCA,GTC,2010-10-29
ord_f10de586,FILLED,2010-10-29,,1.0,Standing Order / DCA,GTC,2010-11-01
ord_47df17ee,FILLED,2010-11-01,,1.0,Standing Order / DCA,GTC,2010-11-02
ord_80d0c264,FILLED,2010-11-02,,1.0,Standing Order / DCA,GTC,2010-11-03
ord_6838f61e,FILLED,2010-11-03,,1.0,Standing Order / DCA,GTC,2010-11-04
ord_47e33453,FILLED,2010-11-04,,1.0,Standing Order / DCA,GTC,2010-11-05
ord_a86bf370,FILLED,2010-11-05,,1.0,Standing Order / DCA,GTC,2010-11-08
ord_8f9a19ca,FILLED,2010-11-08,,1.0,Standing Order / DCA,GTC,2010-11-09
ord_cba1a982,FILLED,2010-11-09,,1.0,Standing Order / DCA,GTC,2010-11-10
ord_0b736386,FILLED,2010-11-10,,1.0,Standing Order / DCA,GTC,2010-11-11
ord_a8f8df9c,FILLED,2010-11-11,,1.0,Standing Order / DCA,GTC,2010-11-12
ord_781e8f7a,FILLED,2010-11-12,,1.0,Standing Order / DCA,GTC,2010-11-15
ord_7f133e7d,FILLED,2010-11-15,,1.0,Standing Order / DCA,GTC,2010-11-16
ord_5586e074,FILLED,2010-11-16,,1.0,Standing Order / DCA,GTC,2010-11-17
ord_bf9e4ea3,FILLED,2010-11-17,,1.0,Standing Order / DCA,GTC,2010-11-18
ord_3c8550df,FILLED,2010-11-18,,1.0,Standing Order / DCA,GTC,2010-11-19
ord_ef9ad4f6,FILLED,2010-11-19,,1.0,Standing Order / DCA,GTC,2010-11-22
ord_7c6ddbb4,FILLED,2010-11-22,,1.0,Standing Order / DCA,GTC,2010-11-23
ord_590d6cbd,FILLED,2010-11-23,,1.0,Standing Order / DCA,GTC,2010-11-24
ord_c49ef11c,FILLED,2010-11-24,,1.0,Standing Order / DCA,GTC,2010-11-25
ord_068791d2,FILLED,2010-11-25,,1.0,Standing Order / DCA,GTC,2010-11-26
ord_502b2dd7,FILLED,2010-11-26,,1.0,Standing Order / DCA,GTC,2010-11-29
ord_d16f49b3,FILLED,2010-11-29,,1.0,Standing Order / DCA,GTC,2010-11-30
ord_46c97bd9,FILLED,2010-11-30,,1.0,Standing Order / DCA,GTC,2010-12-01
ord_15b088c1,FILLED,2010-12-01,,1.0,Standing Order / DCA,GTC,2010-12-02
ord_a09b1e3a,FILLED,2010-12-02,,1.0,Standing Order / DCA,GTC,2010-12-03
ord_ebd08540,FILLED,2010-12-03,,1.0,Standing Order / DCA,GTC,2010-12-06
ord_240ab84b,FILLED,2010-12-06,,1.0,Standing Order / DCA,GTC,2010-12-07
ord_1157901a,FILLED,2010-12-07,,1.0,Standing Order / DCA,GTC,2010-12-08
ord_28696385,FILLED,2010-12-08,,1.0,Standing Order / DCA,GTC,2010-12-09
ord_cd64bc8d,FILLED,2010-12-09,,1.0,Standing Order / DCA,GTC,2010-12-10
ord_c13d00d6,FILLED,2010-12-10,,1.0,Standing Order / DCA,GTC,2010-12-13
ord_732df97c,FILLED,2010-12-13,,1.0,Standing Order / DCA,GTC,2010-12-14
ord_53dd2b23,FILLED,2010-12-14,,1.0,Standing Order / DCA,GTC,2010-12-15
ord_b77c430d,FILLED,2010-12-15,,1.0,Standing Order / DCA,GTC,2010-12-16
ord_c853f174,FILLED,2010-12-16,,1.0,Standing Order / DCA,GTC,2010-12-17
ord_4d110a8f,FILLED,2010-12-17,,1.0,Standing Order / DCA,GTC,2010-12-20
ord_089c858b,FILLED,2010-12-20,,1.0,Standing Order / DCA,GTC,2010-12-21
ord_5090564f,FILLED,2010-12-21,,1.0,Standing Order / DCA,GTC,2010-12-22
ord_34c0cf48,FILLED,2010-12-22,,1.0,Standing Order / DCA,GTC,2010-12-23
ord_436f3ce3,FILLED,2010-12-23,,1.0,Standing Order / DCA,GTC,2010-12-24
ord_8d8b75d6,FILLED,2010-12-24,,1.0,Standing Order / DCA,GTC,2010-12-27
ord_e4b2b7f9,FILLED,2010-12-27,,1.0,Standing Order / DCA,GTC,2010-12-28
ord_288cc89c,FILLED,2010-12-28,,1.0,Standing Order / DCA,GTC,2010-12-29
ord_4ad0b70b,FILLED,2010-12-29,,1.0,Standing Order / DCA,GTC,2010-12-30
ord_1e924e29,FILLED,2010-12-30,,1.0,Standing Order / DCA,GTC,2010-12-31
ord_8eaa67ac,FILLED,2010-12-31,,1.0,Standing Order / DCA,GTC,2011-01-03
ord_a3d87418,FILLED,2011-01-03,,1.0,Standing Order / DCA,GTC,2011-01-04
ord_22c4abef,FILLED,2011-01-04,,1.0,Standing Order / DCA,GTC,2011-01-05
ord_bb31fef3,FILLED,2011-01-05,,1.0,Standing Order / DCA,GTC,2011-01-06
ord_8758d92c,FILLED,2011-01-06,,1.0,Standing Order / DCA,GTC,2011-01-07
ord_abb66e20,FILLED,2011-01-07,,1.0,Standing Order / DCA,GTC,2011-01-10
ord_5a89a4cd,FILLED,2011-01-10,,1.0,Standing Order / DCA,GTC,2011-01-11
ord_8620a977,FILLED,2011-01-11,,1.0,Standing Order / DCA,GTC,2011-01-12
ord_12cadc40,FILLED,2011-01-12,,1.0,Standing Order / DCA,GTC,2011-01-13
ord_b7a1eb97,FILLED,2011-01-13,,1.0,Standing Order / DCA,GTC,2011-01-14
ord_aaf7cb49,FILLED,2011-01-14,,1.0,Standing Order / DCA,GTC,2011-01-17
ord_4ae59778,FILLED,2011-01-17,,1.0,Standing Order / DCA,GTC,2011-01-18
ord_0280c862,FILLED,2011-01-18,,1.0,Standing Order / DCA,GTC,2011-01-19
ord_d72cdc7c,FILLED,2011-01-19,,1.0,Standing Order / DCA,GTC,2011-01-20
ord_4771df0b,FILLED,2011-01-20,,1.0,Standing Order / DCA,GTC,2011-01-21
ord_510191d5,FILLED,2011-01-21,,1.0,Standing Order / DCA,GTC,2011-01-24
ord_701eda9d,FILLED,2011-01-24,,1.0,Standing Order / DCA,GTC,2011-01-25
ord_04ee4dee,FILLED,2011-01-25,,1.0,Standing Order / DCA,GTC,2011-01-26
ord_4e8e5b7b,FILLED,2011-01-26,,1.0,Standing Order / DCA,GTC,2011-01-27
ord_f70a0fac,FILLED,2011-01-27,,1.0,Standing Order / DCA,GTC,2011-01-28
ord_40ae6f1a,FILLED,2011-01-28,,1.0,Standing Order / DCA,GTC,2011-01-31
ord_1de6fbf0,FILLED,2011-01-31,,1.0,Standing Order / DCA,GTC,2011-02-01
ord_f621ab89,FILLED,2011-02-01,,1.0,Standing Order / DCA,GTC,2011-02-02
ord_9337916b,FILLED,2011-02-02,,1.0,Standing Order / DCA,GTC,2011-02-03
ord_c9dc6e02,FILLED,2011-02-03,,1.0,Standing Order / DCA,GTC,2011-02-04
ord_f7eec552,FILLED,2011-02-04,,1.0,Standing Order / DCA,GTC,2011-02-07
ord_4f0c107f,FILLED,2011-02-07,,1.0,Standing Order / DCA,GTC,2011-02-08
ord_a93cd92c,FILLED,2011-02-08,,1.0,Standing Order / DCA,GTC,2011-02-09
ord_b3ccbbe8,FILLED,2011-02-09,,1.0,Standing Order / DCA,GTC,2011-02-10
ord_9ea455e0,FILLED,2011-02-10,,1.0,Standing Order / DCA,GTC,2011-02-11
ord_dec9c7f6,FILLED,2011-02-11,,1.0,Standing Order / DCA,GTC,2011-02-14
ord_fa39563c,FILLED,2011-02-14,,1.0,Standing Order / DCA,GTC,2011-02-15
ord_4c0556f1,FILLED,2011-02-15,,1.0,Standing Order / DCA,GTC,2011-02-16
ord_610b101d,FILLED,2011-02-16,,1.0,Standing Order / DCA,GTC,2011-02-17
ord_673d1404,FILLED,2011-02-17,,1.0,Standing Order / DCA,GTC,2011-02-18
ord_fedc50b8,FILLED,2011-02-18,,1.0,Standing Order / DCA,GTC,2011-02-21
ord_982b24db,FILLED,2011-02-21,,1.0,Standing Order / DCA,GTC,2011-02-22
ord_6afed2fb,FILLED,2011-02-22,,1.0,Standing Order / DCA,GTC,2011-02-23
ord_72ea68a8,FILLED,2011-02-23,,1.0,Standing Order / DCA,GTC,2011-02-24
ord_6fad4023,FILLED,2011-02-24,,1.0,Standing Order / DCA,GTC,2011-02-25
ord_07a09fb4,FILLED,2011-02-25,,1.0,Standing Order / DCA,GTC,2011-02-28
ord_04e6635c,FILLED,2011-02-28,,1.0,Standing Order / DCA,GTC,2011-03-01
ord_6b3bb6c8,FILLED,2011-03-01,,1.0,Standing Order / DCA,GTC,2011-03-02
ord_26e58528,FILLED,2011-03-02,,1.0,Standing Order / DCA,GTC,2011-03-03
ord_a9b6865c,FILLED,2011-03-03,,1.0,Standing Order / DCA,GTC,2011-03-04
ord_b9f698a9,FILLED,2011-03-04,,1.0,Standing Order / DCA,GTC,2011-03-07
ord_9b45bcbe,FILLED,2011-03-07,,1.0,Standing Order / DCA,GTC,2011-03-08
ord_e56fd85c,FILLED,2011-03-08,,1.0,Standing Order / DCA,GTC,2011-03-09
ord_4e6107cb,FILLED,2011-03-09,,1.0,Standing Order / DCA,GTC,2011-03-10
ord_37c7263e,FILLED,2011-03-10,,1.0,Standing Order / DCA,GTC,2011-03-11
ord_210261ed,FILLED,2011-03-11,,1.0,Standing Order / DCA,GTC,2011-03-14
ord_0f4d5590,FILLED,2011-03-14,,1.0,Standing Order / DCA,GTC,2011-03-15
ord_0afec05e,FILLED,2011-03-15,,1.0,Standing Order / DCA,GTC,2011-03-16
ord_7ce58ea4,FILLED,2011-03-16,,1.0,Standing Order / DCA,GTC,2011-03-17
ord_80d4013f,FILLED,2011-03-17,,1.0,Standing Order / DCA,GTC,2011-03-18
ord_149de1b1,FILLED,2011-03-18,,1.0,Standing Order / DCA,GTC,2011-03-21
ord_9eb3db79,FILLED,2011-03-21,,1.0,Standing Order / DCA,GTC,2011-03-22
ord_f4ada9d2,FILLED,2011-03-22,,1.0,Standing Order / DCA,GTC,2011-03-23
ord_c4c0d0d3,FILLED,2011-03-23,,1.0,Standing Order / DCA,GTC,2011-03-24
ord_0677ac67,FILLED,2011-03-24,,1.0,Standing Order / DCA,GTC,2011-03-25
ord_761d6d3b,FILLED,2011-03-25,,1.0,Standing Order / DCA,GTC,2011-03-28
ord_66e352f1,FILLED,2011-03-28,,1.0,Standing Order / DCA,GTC,2011-03-29
ord_d8ee4fe2,FILLED,2011-03-29,,1.0,Standing Order / DCA,GTC,2011-03-30
ord_44646462,FILLED,2011-03-30,,1.0,Standing Order / DCA,GTC,2011-03-31
ord_b96dc038,FILLED,2011-03-31,,1.0,Standing Order / DCA,GTC,2011-04-01
ord_fa1aba21,FILLED,2011-04-01,,1.0,Standing Order / DCA,GTC,2011-04-04
ord_ce97293e,FILLED,2011-04-04,,1.0,Standing Order / DCA,GTC,2011-04-05
ord_36d46740,FILLED,2011-04-05,,1.0,Standing Order / DCA,GTC,2011-04-06
ord_18b45c67,FILLED,2011-04-06,,1.0,Standing Order / DCA,GTC,2011-04-07
ord_6cddc3c0,FILLED,2011-04-07,,1.0,Standing Order / DCA,GTC,2011-04-08
ord_8d298a04,FILLED,2011-04-08,,1.0,Standing Order / DCA,GTC,2011-04-11
ord_1f87acc2,FILLED,2011-04-11,,1.0,Standing Order / DCA,GTC,2011-04-12
ord_cb478276,FILLED,2011-04-12,,1.0,Standing Order / DCA,GTC,2011-04-13
ord_d21e8b0a,FILLED,2011-04-13,,1.0,Standing Order / DCA,GTC,2011-04-14
ord_c5ca6964,FILLED,2011-04-14,,1.0,Standing Order / DCA,GTC,2011-04-15
ord_02ac94ab,FILLED,2011-04-15,,1.0,Standing Order / DCA,GTC,2011-04-18
ord_8f19e5e8,FILLED,2011-04-18,,1.0,Standing Order / DCA,GTC,2011-04-19
ord_7bd4a58d,FILLED,2011-04-19,,1.0,Standing Order / DCA,GTC,2011-04-20
ord_9c269670,FILLED,2011-04-20,,1.0,Standing Order / DCA,GTC,2011-04-21
ord_fecf1c55,FILLED,2011-04-21,,1.0,Standing Order / DCA,GTC,2011-04-22
ord_e1336dbe,FILLED,2011-04-22,,1.0,Standing Order / DCA,GTC,2011-04-25
ord_eca0e9b8,FILLED,2011-04-25,,1.0,Standing Order / DCA,GTC,2011-04-26
ord_522bd35a,FILLED,2011-04-26,,1.0,Standing Order / DCA,GTC,2011-04-27
ord_4f712b02,FILLED,2011-04-27,,1.0,Standing Order / DCA,GTC,2011-04-28
ord_0c59d620,FILLED,2011-04-28,,1.0,Standing Order / DCA,GTC,2011-04-29
ord_abf95c57,FILLED,2011-04-29,,1.0,Standing Order / DCA,GTC,2011-05-02
ord_7b129099,FILLED,2011-05-02,,1.0,Standing Order / DCA,GTC,2011-05-03
ord_9e52586e,FILLED,2011-05-03,,1.0,Standing Order / DCA,GTC,2011-05-04
ord_847679fe,FILLED,2011-05-04,,1.0,Standing Order / DCA,GTC,2011-05-05
ord_65d31a4a,FILLED,2011-05-05,,1.0,Standing Order / DCA,GTC,2011-05-06
ord_6c228ae4,FILLED,2011-05-06,,1.0,Standing Order / DCA,GTC,2011-05-09
ord_56e671f9,FILLED,2011-05-09,,1.0,Standing Order / DCA,GTC,2011-05-10
ord_342c0bde,FILLED,2011-05-10,,1.0,Standing Order / DCA,GTC,2011-05-11
ord_d3353f35,FILLED,2011-05-11,,1.0,Standing Order / DCA,GTC,2011-05-12
ord_a8d630eb,FILLED,2011-05-12,,1.0,Standing Order / DCA,GTC,2011-05-13
ord_aa7b6f94,FILLED,2011-05-13,,1.0,Standing Order / DCA,GTC,2011-05-16
ord_d9314a43,FILLED,2011-05-16,,1.0,Standing Order / DCA,GTC,2011-05-17
ord_bb45a375,FILLED,2011-05-17,,1.0,Standing Order / DCA,GTC,2011-05-18
ord_3220333d,FILLED,2011-05-18,,1.0,Standing Order / DCA,GTC,2011-05-19
ord_205879d2,FILLED,2011-05-19,,1.0,Standing Order / DCA,GTC,2011-05-20
ord_83fe85dd,FILLED,2011-05-20,,1.0,Standing Order / DCA,GTC,2011-05-23
ord_4e0482cd,FILLED,2011-05-23,,1.0,Standing Order / DCA,GTC,2011-05-24
ord_d27df7dc,FILLED,2011-05-24,,1.0,Standing Order / DCA,GTC,2011-05-25
ord_77520434,FILLED,2011-05-25,,1.0,Standing Order / DCA,GTC,2011-05-26
ord_b0ea0f84,FILLED,2011-05-26,,1.0,Standing Order / DCA,GTC,2011-05-27
ord_0711676e,FILLED,2011-05-27,,1.0,Standing Order / DCA,GTC,2011-05-30
ord_d17a76d5,FILLED,2011-05-30,,1.0,Standing Order / DCA,GTC,2011-05-31
ord_b6a33188,FILLED,2011-05-31,,1.0,Standing Order / DCA,GTC,2011-06-01
ord_d4317488,FILLED,2011-06-01,,1.0,Standing Order / DCA,GTC,2011-06-02
ord_3afb3122,FILLED,2011-06-02,,1.0,Standing Order / DCA,GTC,2011-06-03
ord_75321562,FILLED,2011-06-03,,1.0,Standing Order / DCA,GTC,2011-06-06
ord_8e2d74b6,FILLED,2011-06-06,,1.0,Standing Order / DCA,GTC,2011-06-07
ord_de956f27,FILLED,2011-06-07,,1.0,Standing Order / DCA,GTC,2011-06-08
ord_72266a67,FILLED,2011-06-08,,1.0,Standing Order / DCA,GTC,2011-06-09
ord_368c0338,FILLED,2011-06-09,,1.0,Standing Order / DCA,GTC,2011-06-10
ord_ec331acd,FILLED,2011-06-10,,1.0,Standing Order / DCA,GTC,2011-06-13
ord_198fa42f,FILLED,2011-06-13,,1.0,Standing Order / DCA,GTC,2011-06-14
ord_fb9b14f4,FILLED,2011-06-14,,1.0,Standing Order / DCA,GTC,2011-06-15
ord_c470ef49,FILLED,2011-06-15,,1.0,Standing Order / DCA,GTC,2011-06-16
ord_1bd7b523,FILLED,2011-06-16,,1.0,Standing Order / DCA,GTC,2011-06-17
ord_1c916320,FILLED,2011-06-17,,1.0,Standing Order / DCA,GTC,2011-06-20
ord_78f405cc,FILLED,2011-06-20,,1.0,Standing Order / DCA,GTC,2011-06-21
ord_7ceb69f7,FILLED,2011-06-21,,1.0,Standing Order / DCA,GTC,2011-06-22
ord_2260c008,FILLED,2011-06-22,,1.0,Standing Order / DCA,GTC,2011-06-23
ord_1e0f3019,FILLED,2011-06-23,,1.0,Standing Order / DCA,GTC,2011-06-24
ord_79a1024d,FILLED,2011-06-24,,1.0,Standing Order / DCA,GTC,2011-06-27
ord_20fa6c44,FILLED,2011-06-27,,1.0,Standing Order / DCA,GTC,2011-06-28
ord_ac92c9bf,FILLED,2011-06-28,,1.0,Standing Order / DCA,GTC,2011-06-29
ord_a06dc7c3,FILLED,2011-06-29,,1.0,Standing Order / DCA,GTC,2011-06-30
ord_f2d03460,FILLED,2011-06-30,,1.0,Standing Order / DCA,GTC,2011-07-01
ord_f379e655,FILLED,2011-07-01,,1.0,Standing Order / DCA,GTC,2011-07-04
ord_d111a306,FILLED,2011-07-04,,1.0,Standing Order / DCA,GTC,2011-07-05
ord_db94cca4,FILLED,2011-07-05,,1.0,Standing Order / DCA,GTC,2011-07-06
ord_3b40fec7,FILLED,2011-07-06,,1.0,Standing Order / DCA,GTC,2011-07-07
ord_d52a0981,FILLED,2011-07-07,,1.0,Standing Order / DCA,GTC,2011-07-08
ord_07b9df9c,FILLED,2011-07-08,,1.0,Standing Order / DCA,GTC,2011-07-11
ord_6cb328a6,FILLED,2011-07-11,,1.0,Standing Order / DCA,GTC,2011-07-12
ord_d5b1c3bf,FILLED,2011-07-12,,1.0,Standing Order / DCA,GTC,2011-07-13
ord_0927f82f,FILLED,2011-07-13,,1.0,Standing Order / DCA,GTC,2011-07-14
ord_381e1de8,FILLED,2011-07-14,,1.0,Standing Order / DCA,GTC,2011-07-15
ord_f60c6292,FILLED,2011-07-15,,1.0,Standing Order / DCA,GTC,2011-07-18
ord_7341d73e,FILLED,2011-07-18,,1.0,Standing Order / DCA,GTC,2011-07-19
ord_77dbbbfb,FILLED,2011-07-19,,1.0,Standing Order / DCA,GTC,2011-07-20
ord_f0dfb7e3,FILLED,2011-07-20,,1.0,Standing Order / DCA,GTC,2011-07-21
ord_9da4e7a7,FILLED,2011-07-21,,1.0,Standing Order / DCA,GTC,2011-07-22
ord_dc7fdf8b,FILLED,2011-07-22,,1.0,Standing Order / DCA,GTC,2011-07-25
ord_91692049,FILLED,2011-07-25,,1.0,Standing Order / DCA,GTC,2011-07-26
ord_f95169cc,FILLED,2011-07-26,,1.0,Standing Order / DCA,GTC,2011-07-27
ord_3d07d1f7,FILLED,2011-07-27,,1.0,Standing Order / DCA,GTC,2011-07-28
ord_4386dcde,FILLED,2011-07-28,,1.0,Standing Order / DCA,GTC,2011-07-29
ord_6a39368b,FILLED,2011-07-29,,1.0,Standing Order / DCA,GTC,2011-08-01
ord_156af633,FILLED,2011-08-01,,1.0,Standing Order / DCA,GTC,2011-08-02
ord_1298fd54,FILLED,2011-08-02,,1.0,Standing Order / DCA,GTC,2011-08-03
ord_df21b1fd,FILLED,2011-08-03,,1.0,Standing Order / DCA,GTC,2011-08-04
ord_a5787963,FILLED,2011-08-04,,1.0,Standing Order / DCA,GTC,2011-08-05
ord_4f9c5727,FILLED,2011-08-05,,1.0,Standing Order / DCA,GTC,2011-08-08
ord_0b024c85,FILLED,2011-08-08,,1.0,Standing Order / DCA,GTC,2011-08-09
ord_e5ede018,FILLED,2011-08-09,,1.0,Standing Order / DCA,GTC,2011-08-10
ord_e7b552e6,FILLED,2011-08-10,,1.0,Standing Order / DCA,GTC,2011-08-11
ord_559a848d,FILLED,2011-08-11,,1.0,Standing Order / DCA,GTC,2011-08-12
ord_1acd8ca9,FILLED,2011-08-12,,1.0,Standing Order / DCA,GTC,2011-08-15
ord_153da760,FILLED,2011-08-15,,1.0,Standing Order / DCA,GTC,2011-08-16
ord_629efc4a,FILLED,2011-08-16,,1.0,Standing Order / DCA,GTC,2011-08-17
ord_e99ce99f,FILLED,2011-08-17,,1.0,Standing Order / DCA,GTC,2011-08-18
ord_c2f39dec,FILLED,2011-08-18,,1.0,Standing Order / DCA,GTC,2011-08-19
ord_39c4b71c,FILLED,2011-08-19,,1.0,Standing Order / DCA,GTC,2011-08-22
ord_a4b88ccf,FILLED,2011-08-22,,1.0,Standing Order / DCA,GTC,2011-08-23
ord_a2b5723c,FILLED,2011-08-23,,1.0,Standing Order / DCA,GTC,2011-08-24
ord_5e694b29,FILLED,2011-08-24,,1.0,Standing Order / DCA,GTC,2011-08-25
ord_aa2623ed,FILLED,2011-08-25,,1.0,Standing Order / DCA,GTC,2011-08-26
ord_2afc5eb5,FILLED,2011-08-26,,1.0,Standing Order / DCA,GTC,2011-08-29
ord_48d9a903,FILLED,2011-08-29,,1.0,Standing Order / DCA,GTC,2011-08-30
ord_89694f9c,FILLED,2011-08-30,,1.0,Standing Order / DCA,GTC,2011-08-31
ord_d4d4e8d6,FILLED,2011-08-31,,1.0,Standing Order / DCA,GTC,2011-09-01
ord_5a364f5d,FILLED,2011-09-01,,1.0,Standing Order / DCA,GTC,2011-09-02
ord_a3c30b6d,FILLED,2011-09-02,,1.0,Standing Order / DCA,GTC,2011-09-05
ord_e5f55dab,FILLED,2011-09-05,,1.0,Standing Order / DCA,GTC,2011-09-06
ord_dbbb5794,FILLED,2011-09-06,,1.0,Standing Order / DCA,GTC,2011-09-07
ord_66f27545,FILLED,2011-09-07,,1.0,Standing Order / DCA,GTC,2011-09-08
ord_25b0074a,FILLED,2011-09-08,,1.0,Standing Order / DCA,GTC,2011-09-09
ord_c0c71a8e,FILLED,2011-09-09,,1.0,Standing Order / DCA,GTC,2011-09-12
ord_643182ef,FILLED,2011-09-12,,1.0,Standing Order / DCA,GTC,2011-09-13
ord_5c5ef3fd,FILLED,2011-09-13,,1.0,Standing Order / DCA,GTC,2011-09-14
ord_4c6f00fc,FILLED,2011-09-14,,1.0,Standing Order / DCA,GTC,2011-09-15
ord_935004c3,FILLED,2011-09-15,,1.0,Standing Order / DCA,GTC,2011-09-16
ord_50097eaf,FILLED,2011-09-16,,1.0,Standing Order / DCA,GTC,2011-09-19
ord_124a84fe,FILLED,2011-09-19,,1.0,Standing Order / DCA,GTC,2011-09-20
ord_a3a381bf,FILLED,2011-09-20,,1.0,Standing Order / DCA,GTC,2011-09-21
ord_069e1bd3,FILLED,2011-09-21,,1.0,Standing Order / DCA,GTC,2011-09-22
ord_052d4c4c,FILLED,2011-09-22,,1.0,Standing Order / DCA,GTC,2011-09-23
ord_c45b714c,FILLED,2011-09-23,,1.0,Standing Order / DCA,GTC,2011-09-26
ord_392a3920,FILLED,2011-09-26,,1.0,Standing Order / DCA,GTC,2011-09-27
ord_ff3a52e5,FILLED,2011-09-27,,1.0,Standing Order / DCA,GTC,2011-09-28
ord_c3aa4f34,FILLED,2011-09-28,,1.0,Standing Order / DCA,GTC,2011-09-29
ord_956a9fbd,FILLED,2011-09-29,,1.0,Standing Order / DCA,GTC,2011-09-30
ord_9775ad11,FILLED,2011-09-30,,1.0,Standing Order / DCA,GTC,2011-10-03
ord_4b308545,FILLED,2011-10-03,,1.0,Standing Order / DCA,GTC,2011-10-04
ord_7f82f0ec,FILLED,2011-10-04,,1.0,Standing Order / DCA,GTC,2011-10-05
ord_ce3032ca,FILLED,2011-10-05,,1.0,Standing Order / DCA,GTC,2011-10-06
ord_c0bfe2fc,FILLED,2011-10-06,,1.0,Standing Order / DCA,GTC,2011-10-07
ord_563f4f23,FILLED,2011-10-07,,1.0,Standing Order / DCA,GTC,2011-10-10
ord_c467ae23,FILLED,2011-10-10,,1.0,Standing Order / DCA,GTC,2011-10-11
ord_a0f6c557,FILLED,2011-10-11,,1.0,Standing Order / DCA,GTC,2011-10-12
ord_78fd971c,FILLED,2011-10-12,,1.0,Standing Order / DCA,GTC,2011-10-13
ord_b6dc01fc,FILLED,2011-10-13,,1.0,Standing Order / DCA,GTC,2011-10-14
ord_8bd34ef9,FILLED,2011-10-14,,1.0,Standing Order / DCA,GTC,2011-10-17
ord_8f28a43e,FILLED,2011-10-17,,1.0,Standing Order / DCA,GTC,2011-10-18
ord_238cda73,FILLED,2011-10-18,,1.0,Standing Order / DCA,GTC,2011-10-19
ord_724b2641,FILLED,2011-10-19,,1.0,Standing Order / DCA,GTC,2011-10-20
ord_1c14ef26,FILLED,2011-10-20,,1.0,Standing Order / DCA,GTC,2011-10-21
ord_f88db5e1,FILLED,2011-10-21,,1.0,Standing Order / DCA,GTC,2011-10-24
ord_c3464aa0,FILLED,2011-10-24,,1.0,Standing Order / DCA,GTC,2011-10-25
ord_553671e0,FILLED,2011-10-25,,1.0,Standing Order / DCA,GTC,2011-10-26
ord_e07a0aea,FILLED,2011-10-26,,1.0,Standing Order / DCA,GTC,2011-10-27
ord_79291197,FILLED,2011-10-27,,1.0,Standing Order / DCA,GTC,2011-10-28
ord_50682ce1,FILLED,2011-10-28,,1.0,Standing Order / DCA,GTC,2011-10-31
ord_045033a3,FILLED,2011-10-31,,1.0,Standing Order / DCA,GTC,2011-11-01
ord_2a3d6c3e,FILLED,2011-11-01,,1.0,Standing Order / DCA,GTC,2011-11-02
ord_1ffe27f1,FILLED,2011-11-02,,1.0,Standing Order / DCA,GTC,2011-11-03
ord_92d80424,FILLED,2011-11-03,,1.0,Standing Order / DCA,GTC,2011-11-04
ord_2b8724f6,FILLED,2011-11-04,,1.0,Standing Order / DCA,GTC,2011-11-07
ord_4c174505,FILLED,2011-11-07,,1.0,Standing Order / DCA,GTC,2011-11-08
ord_569201f8,FILLED,2011-11-08,,1.0,Standing Order / DCA,GTC,2011-11-09
ord_492d8b26,FILLED,2011-11-09,,1.0,Standing Order / DCA,GTC,2011-11-10
ord_0be83af6,FILLED,2011-11-10,,1.0,Standing Order / DCA,GTC,2011-11-11
ord_51af96c4,FILLED,2011-11-11,,1.0,Standing Order / DCA,GTC,2011-11-14
ord_b954ed9c,FILLED,2011-11-14,,1.0,Standing Order / DCA,GTC,2011-11-15
ord_e9719c2b,FILLED,2011-11-15,,1.0,Standing Order / DCA,GTC,2011-11-16
ord_84b929a0,FILLED,2011-11-16,,1.0,Standing Order / DCA,GTC,2011-11-17
ord_b432de3b,FILLED,2011-11-17,,1.0,Standing Order / DCA,GTC,2011-11-18
ord_aa0ee4e6,FILLED,2011-11-18,,1.0,Standing Order / DCA,GTC,2011-11-21
ord_dca742f6,FILLED,2011-11-21,,1.0,Standing Order / DCA,GTC,2011-11-22
ord_74ea2470,FILLED,2011-11-22,,1.0,Standing Order / DCA,GTC,2011-11-23
ord_40c5f16f,FILLED,2011-11-23,,1.0,Standing Order / DCA,GTC,2011-11-24
ord_227e4395,FILLED,2011-11-24,,1.0,Standing Order / DCA,GTC,2011-11-25
ord_fb2e7492,FILLED,2011-11-25,,1.0,Standing Order / DCA,GTC,2011-11-28
ord_4de02a2c,FILLED,2011-11-28,,1.0,Standing Order / DCA,GTC,2011-11-29
ord_4c480ee6,FILLED,2011-11-29,,1.0,Standing Order / DCA,GTC,2011-11-30
ord_e8d9b672,FILLED,2011-11-30,,1.0,Standing Order / DCA,GTC,2011-12-01
ord_61c69c99,FILLED,2011-12-01,,1.0,Standing Order / DCA,GTC,2011-12-02
ord_5a07b7bc,FILLED,2011-12-02,,1.0,Standing Order / DCA,GTC,2011-12-05
ord_e58acc2c,FILLED,2011-12-05,,1.0,Standing Order / DCA,GTC,2011-12-06
ord_6bdc6fbf,FILLED,2011-12-06,,1.0,Standing Order / DCA,GTC,2011-12-07
ord_2ab5b9c2,FILLED,2011-12-07,,1.0,Standing Order / DCA,GTC,2011-12-08
ord_4bdb083c,FILLED,2011-12-08,,1.0,Standing Order / DCA,GTC,2011-12-09
ord_ebfda8d0,FILLED,2011-12-09,,1.0,Standing Order / DCA,GTC,2011-12-12
ord_c5ac360e,FILLED,2011-12-12,,1.0,Standing Order / DCA,GTC,2011-12-13
ord_5986cf73,FILLED,2011-12-13,,1.0,Standing Order / DCA,GTC,2011-12-14
ord_84d834f4,FILLED,2011-12-14,,1.0,Standing Order / DCA,GTC,2011-12-15
ord_e4fe193b,FILLED,2011-12-15,,1.0,Standing Order / DCA,GTC,2011-12-16
ord_ddc42318,FILLED,2011-12-16,,1.0,Standing Order / DCA,GTC,2011-12-19
ord_1c2992f5,FILLED,2011-12-19,,1.0,Standing Order / DCA,GTC,2011-12-20
ord_84de6990,FILLED,2011-12-20,,1.0,Standing Order / DCA,GTC,2011-12-21
ord_f67ce321,FILLED,2011-12-21,,1.0,Standing Order / DCA,GTC,2011-12-22
ord_302a7016,FILLED,2011-12-22,,1.0,Standing Order / DCA,GTC,2011-12-23
ord_990b6896,FILLED,2011-12-23,,1.0,Standing Order / DCA,GTC,2011-12-26
ord_ab3fff03,FILLED,2011-12-26,,1.0,Standing Order / DCA,GTC,2011-12-27
ord_838b5be6,FILLED,2011-12-27,,1.0,Standing Order / DCA,GTC,2011-12-28
ord_2146b064,FILLED,2011-12-28,,1.0,Standing Order / DCA,GTC,2011-12-29
ord_311beb99,FILLED,2011-12-29,,1.0,Standing Order / DCA,GTC,2011-12-30
ord_c075652b,FILLED,2011-12-30,,1.0,Standing Order / DCA,GTC,2012-01-02
ord_f86761a7,FILLED,2012-01-02,,1.0,Standing Order / DCA,GTC,2012-01-03
ord_70462810,FILLED,2012-01-03,,1.0,Standing Order / DCA,GTC,2012-01-04
ord_1c019b40,FILLED,2012-01-04,,1.0,Standing Order / DCA,GTC,2012-01-05
ord_5001c1c2,FILLED,2012-01-05,,1.0,Standing Order / DCA,GTC,2012-01-06
ord_dd407e84,FILLED,2012-01-06,,1.0,Standing Order / DCA,GTC,2012-01-09
ord_a14e9716,FILLED,2012-01-09,,1.0,Standing Order / DCA,GTC,2012-01-10
ord_464f3237,FILLED,2012-01-10,,1.0,Standing Order / DCA,GTC,2012-01-11
ord_c0c53b9a,FILLED,2012-01-11,,1.0,Standing Order / DCA,GTC,2012-01-12
ord_3cbe7e44,FILLED,2012-01-12,,1.0,Standing Order / DCA,GTC,2012-01-13
ord_a70653e1,FILLED,2012-01-13,,1.0,Standing Order / DCA,GTC,2012-01-16
ord_787ceb60,FILLED,2012-01-16,,1.0,Standing Order / DCA,GTC,2012-01-17
ord_e86d0f19,FILLED,2012-01-17,,1.0,Standing Order / DCA,GTC,2012-01-18
ord_9989dfcd,FILLED,2012-01-18,,1.0,Standing Order / DCA,GTC,2012-01-19
ord_a6cfa310,FILLED,2012-01-19,,1.0,Standing Order / DCA,GTC,2012-01-20
ord_a93bf07a,FILLED,2012-01-20,,1.0,Standing Order / DCA,GTC,2012-01-23
ord_38e1ec82,FILLED,2012-01-23,,1.0,Standing Order / DCA,GTC,2012-01-24
ord_8373b5b5,FILLED,2012-01-24,,1.0,Standing Order / DCA,GTC,2012-01-25
ord_2584530c,FILLED,2012-01-25,,1.0,Standing Order / DCA,GTC,2012-01-26
ord_75b03e90,FILLED,2012-01-26,,1.0,Standing Order / DCA,GTC,2012-01-27
ord_d40507cc,FILLED,2012-01-27,,1.0,Standing Order / DCA,GTC,2012-01-30
ord_50db8546,FILLED,2012-01-30,,1.0,Standing Order / DCA,GTC,2012-01-31
ord_2d79b4a5,FILLED,2012-01-31,,1.0,Standing Order / DCA,GTC,2012-02-01
ord_e9c284b3,FILLED,2012-02-01,,1.0,Standing Order / DCA,GTC,2012-02-02
ord_f10c06aa,FILLED,2012-02-02,,1.0,Standing Order / DCA,GTC,2012-02-03
ord_70d7e783,FILLED,2012-02-03,,1.0,Standing Order / DCA,GTC,2012-02-06
ord_4c6c8dcc,FILLED,2012-02-06,,1.0,Standing Order / DCA,GTC,2012-02-07
ord_42d6ee3a,FILLED,2012-02-07,,1.0,Standing Order / DCA,GTC,2012-02-08
ord_6b8ceff9,FILLED,2012-02-08,,1.0,Standing Order / DCA,GTC,2012-02-09
ord_13cb05da,FILLED,2012-02-09,,1.0,Standing Order / DCA,GTC,2012-02-10
ord_78e3361c,FILLED,2012-02-10,,1.0,Standing Order / DCA,GTC,2012-02-13
ord_f9c48330,FILLED,2012-02-13,,1.0,Standing Order / DCA,GTC,2012-02-14
ord_4a0ca4d7,FILLED,2012-02-14,,1.0,Standing Order / DCA,GTC,2012-02-15
ord_6bbadcfd,FILLED,2012-02-15,,1.0,Standing Order / DCA,GTC,2012-02-16
ord_531ef692,FILLED,2012-02-16,,1.0,Standing Order / DCA,GTC,2012-02-17
ord_23a45095,FILLED,2012-02-17,,1.0,Standing Order / DCA,GTC,2012-02-20
ord_9d3f57d9,FILLED,2012-02-20,,1.0,Standing Order / DCA,GTC,2012-02-21
ord_20c812fb,FILLED,2012-02-21,,1.0,Standing Order / DCA,GTC,2012-02-22
ord_3e1f2458,FILLED,2012-02-22,,1.0,Standing Order / DCA,GTC,2012-02-23
ord_52e30d3c,FILLED,2012-02-23,,1.0,Standing Order / DCA,GTC,2012-02-24
ord_ed5428ec,FILLED,2012-02-24,,1.0,Standing Order / DCA,GTC,2012-02-27
ord_e169c989,FILLED,2012-02-27,,1.0,Standing Order / DCA,GTC,2012-02-28
ord_01f71fe4,FILLED,2012-02-28,,1.0,Standing Order / DCA,GTC,2012-02-29
ord_1e39a522,FILLED,2012-02-29,,1.0,Standing Order / DCA,GTC,2012-03-01
ord_9bc3164f,FILLED,2012-03-01,,1.0,Standing Order / DCA,GTC,2012-03-02
ord_e6a4edf8,FILLED,2012-03-02,,1.0,Standing Order / DCA,GTC,2012-03-05
ord_6415fdea,FILLED,2012-03-05,,1.0,Standing Order / DCA,GTC,2012-03-06
ord_640349b8,FILLED,2012-03-06,,1.0,Standing Order / DCA,GTC,2012-03-07
ord_8222efe5,FILLED,2012-03-07,,1.0,Standing Order / DCA,GTC,2012-03-08
ord_d648ac36,FILLED,2012-03-08,,1.0,Standing Order / DCA,GTC,2012-03-09
ord_f3826782,FILLED,2012-03-09,,1.0,Standing Order / DCA,GTC,2012-03-12
ord_c22a8e07,FILLED,2012-03-12,,1.0,Standing Order / DCA,GTC,2012-03-13
ord_5a9fb94c,FILLED,2012-03-13,,1.0,Standing Order / DCA,GTC,2012-03-14
ord_ac41c6a2,FILLED,2012-03-14,,1.0,Standing Order / DCA,GTC,2012-03-15
ord_9d7d887d,FILLED,2012-03-15,,1.0,Standing Order / DCA,GTC,2012-03-16
ord_8aeb6045,FILLED,2012-03-16,,1.0,Standing Order / DCA,GTC,2012-03-19
ord_c945afef,FILLED,2012-03-19,,1.0,Standing Order / DCA,GTC,2012-03-20
ord_7dc1bf01,FILLED,2012-03-20,,1.0,Standing Order / DCA,GTC,2012-03-21
ord_c50a2dda,FILLED,2012-03-21,,1.0,Standing Order / DCA,GTC,2012-03-22
ord_311e1965,FILLED,2012-03-22,,1.0,Standing Order / DCA,GTC,2012-03-23
ord_b5748aa7,FILLED,2012-03-23,,1.0,Standing Order / DCA,GTC,2012-03-26
ord_bee94861,FILLED,2012-03-26,,1.0,Standing Order / DCA,GTC,2012-03-27
ord_cf8ae423,FILLED,2012-03-27,,1.0,Standing Order / DCA,GTC,2012-03-28
ord_02a9f877,FILLED,2012-03-28,,1.0,Standing Order / DCA,GTC,2012-03-29
ord_c2a07e05,FILLED,2012-03-29,,1.0,Standing Order / DCA,GTC,2012-03-30
ord_473fc476,FILLED,2012-03-30,,1.0,Standing Order / DCA,GTC,2012-04-02
ord_ce128cdf,FILLED,2012-04-02,,1.0,Standing Order / DCA,GTC,2012-04-03
ord_ec50e60d,FILLED,2012-04-03,,1.0,Standing Order / DCA,GTC,2012-04-04
ord_3ae567c7,FILLED,2012-04-04,,1.0,Standing Order / DCA,GTC,2012-04-05
ord_af4cebf9,FILLED,2012-04-05,,1.0,Standing Order / DCA,GTC,2012-04-06
ord_15aa9de3,FILLED,2012-04-06,,1.0,Standing Order / DCA,GTC,2012-04-09
ord_33a426fd,FILLED,2012-04-09,,1.0,Standing Order / DCA,GTC,2012-04-10
ord_2b67bef6,FILLED,2012-04-10,,1.0,Standing Order / DCA,GTC,2012-04-11
ord_79255390,FILLED,2012-04-11,,1.0,Standing Order / DCA,GTC,2012-04-12
ord_437c9445,FILLED,2012-04-12,,1.0,Standing Order / DCA,GTC,2012-04-13
ord_a7401010,FILLED,2012-04-13,,1.0,Standing Order / DCA,GTC,2012-04-16
ord_7da74198,FILLED,2012-04-16,,1.0,Standing Order / DCA,GTC,2012-04-17
ord_3b169b71,FILLED,2012-04-17,,1.0,Standing Order / DCA,GTC,2012-04-18
ord_a2b1bac0,FILLED,2012-04-18,,1.0,Standing Order / DCA,GTC,2012-04-19
ord_aac2ef88,FILLED,2012-04-19,,1.0,Standing Order / DCA,GTC,2012-04-20
ord_9b394f22,FILLED,2012-04-20,,1.0,Standing Order / DCA,GTC,2012-04-23
ord_beadc26e,FILLED,2012-04-23,,1.0,Standing Order / DCA,GTC,2012-04-24
ord_4afd5918,FILLED,2012-04-24,,1.0,Standing Order / DCA,GTC,2012-04-25
ord_693f4e09,FILLED,2012-04-25,,1.0,Standing Order / DCA,GTC,2012-04-26
ord_067ce04c,FILLED,2012-04-26,,1.0,Standing Order / DCA,GTC,2012-04-27
ord_78ec9298,FILLED,2012-04-27,,1.0,Standing Order / DCA,GTC,2012-04-30
ord_7ef338c4,FILLED,2012-04-30,,1.0,Standing Order / DCA,GTC,2012-05-01
ord_afa83806,FILLED,2012-05-01,,1.0,Standing Order / DCA,GTC,2012-05-02
ord_fa563a9d,FILLED,2012-05-02,,1.0,Standing Order / DCA,GTC,2012-05-03
ord_29bfbacd,FILLED,2012-05-03,,1.0,Standing Order / DCA,GTC,2012-05-04
ord_853f8438,FILLED,2012-05-04,,1.0,Standing Order / DCA,GTC,2012-05-07
ord_1fdea49d,FILLED,2012-05-07,,1.0,Standing Order / DCA,GTC,2012-05-08
ord_497eb7e7,FILLED,2012-05-08,,1.0,Standing Order / DCA,GTC,2012-05-09
ord_416fa8f7,FILLED,2012-05-09,,1.0,Standing Order / DCA,GTC,2012-05-10
ord_4bcf542b,FILLED,2012-05-10,,1.0,Standing Order / DCA,GTC,2012-05-11
ord_d86a9c19,FILLED,2012-05-11,,1.0,Standing Order / DCA,GTC,2012-05-14
ord_7711d270,FILLED,2012-05-14,,1.0,Standing Order / DCA,GTC,2012-05-15
ord_ab071507,FILLED,2012-05-15,,1.0,Standing Order / DCA,GTC,2012-05-16
ord_dd066feb,FILLED,2012-05-16,,1.0,Standing Order / DCA,GTC,2012-05-17
ord_a0fb5e09,FILLED,2012-05-17,,1.0,Standing Order / DCA,GTC,2012-05-18
ord_a7c9278b,FILLED,2012-05-18,,1.0,Standing Order / DCA,GTC,2012-05-21
ord_45188409,FILLED,2012-05-21,,1.0,Standing Order / DCA,GTC,2012-05-22
ord_c22321ae,FILLED,2012-05-22,,1.0,Standing Order / DCA,GTC,2012-05-23
ord_24a932db,FILLED,2012-05-23,,1.0,Standing Order / DCA,GTC,2012-05-24
ord_c97d916f,FILLED,2012-05-24,,1.0,Standing Order / DCA,GTC,2012-05-25
ord_0158bb35,FILLED,2012-05-25,,1.0,Standing Order / DCA,GTC,2012-05-28
ord_5545d071,FILLED,2012-05-28,,1.0,Standing Order / DCA,GTC,2012-05-29
ord_7bfe82e9,FILLED,2012-05-29,,1.0,Standing Order / DCA,GTC,2012-05-30
ord_aa196bc9,FILLED,2012-05-30,,1.0,Standing Order / DCA,GTC,2012-05-31
ord_06c5e56c,FILLED,2012-05-31,,1.0,Standing Order / DCA,GTC,2012-06-01
ord_61b1c3f3,FILLED,2012-06-01,,1.0,Standing Order / DCA,GTC,2012-06-04
ord_71d01464,FILLED,2012-06-04,,1.0,Standing Order / DCA,GTC,2012-06-05
ord_5b3f72af,FILLED,2012-06-05,,1.0,Standing Order / DCA,GTC,2012-06-06
ord_656c8898,FILLED,2012-06-06,,1.0,Standing Order / DCA,GTC,2012-06-07
ord_4acdbe71,FILLED,2012-06-07,,1.0,Standing Order / DCA,GTC,2012-06-08
ord_5ad4c9e3,FILLED,2012-06-08,,1.0,Standing Order / DCA,GTC,2012-06-11
ord_84ded217,FILLED,2012-06-11,,1.0,Standing Order / DCA,GTC,2012-06-12
ord_4c0a8cf8,FILLED,2012-06-12,,1.0,Standing Order / DCA,GTC,2012-06-13
ord_7b7f607d,FILLED,2012-06-13,,1.0,Standing Order / DCA,GTC,2012-06-14
ord_d051d04a,FILLED,2012-06-14,,1.0,Standing Order / DCA,GTC,2012-06-15
ord_8fcee63c,FILLED,2012-06-15,,1.0,Standing Order / DCA,GTC,2012-06-18
ord_cb149849,FILLED,2012-06-18,,1.0,Standing Order / DCA,GTC,2012-06-19
ord_401da4f3,FILLED,2012-06-19,,1.0,Standing Order / DCA,GTC,2012-06-20
ord_b12de1e0,FILLED,2012-06-20,,1.0,Standing Order / DCA,GTC,2012-06-21
ord_579e7f59,FILLED,2012-06-21,,1.0,Standing Order / DCA,GTC,2012-06-22
ord_8b6f2b1b,FILLED,2012-06-22,,1.0,Standing Order / DCA,GTC,2012-06-25
ord_16f15ba9,FILLED,2012-06-25,,1.0,Standing Order / DCA,GTC,2012-06-26
ord_f7bc327a,FILLED,2012-06-26,,1.0,Standing Order / DCA,GTC,2012-06-27
ord_fae1ade8,FILLED,2012-06-27,,1.0,Standing Order / DCA,GTC,2012-06-28
ord_45a6c944,FILLED,2012-06-28,,1.0,Standing Order / DCA,GTC,2012-06-29
ord_550ae21c,FILLED,2012-06-29,,1.0,Standing Order / DCA,GTC,2012-07-02
ord_2653c01e,FILLED,2012-07-02,,1.0,Standing Order / DCA,GTC,2012-07-03
ord_f496a70e,FILLED,2012-07-03,,1.0,Standing Order / DCA,GTC,2012-07-04
ord_40e1fc4c,FILLED,2012-07-04,,1.0,Standing Order / DCA,GTC,2012-07-05
ord_dd84ef13,FILLED,2012-07-05,,1.0,Standing Order / DCA,GTC,2012-07-06
ord_656636d8,FILLED,2012-07-06,,1.0,Standing Order / DCA,GTC,2012-07-09
ord_9522f77d,FILLED,2012-07-09,,1.0,Standing Order / DCA,GTC,2012-07-10
ord_96c5132f,FILLED,2012-07-10,,1.0,Standing Order / DCA,GTC,2012-07-11
ord_51946a43,FILLED,2012-07-11,,1.0,Standing Order / DCA,GTC,2012-07-12
ord_0c44e778,FILLED,2012-07-12,,1.0,Standing Order / DCA,GTC,2012-07-13
ord_29e6b902,FILLED,2012-07-13,,1.0,Standing Order / DCA,GTC,2012-07-16
ord_ab27a25b,FILLED,2012-07-16,,1.0,Standing Order / DCA,GTC,2012-07-17
ord_9ecf6b2f,FILLED,2012-07-17,,1.0,Standing Order / DCA,GTC,2012-07-18
ord_4d6eadec,FILLED,2012-07-18,,1.0,Standing Order / DCA,GTC,2012-07-19
ord_7eddf6af,FILLED,2012-07-19,,1.0,Standing Order / DCA,GTC,2012-07-20
ord_c65a0d9e,FILLED,2012-07-20,,1.0,Standing Order / DCA,GTC,2012-07-23
ord_6dba1680,FILLED,2012-07-23,,1.0,Standing Order / DCA,GTC,2012-07-24
ord_1673aa41,FILLED,2012-07-24,,1.0,Standing Order / DCA,GTC,2012-07-25
ord_115e2e39,FILLED,2012-07-25,,1.0,Standing Order / DCA,GTC,2012-07-26
ord_c97ca4eb,FILLED,2012-07-26,,1.0,Standing Order / DCA,GTC,2012-07-27
ord_a2bab726,FILLED,2012-07-27,,1.0,Standing Order / DCA,GTC,2012-07-30
ord_390acba2,FILLED,2012-07-30,,1.0,Standing Order / DCA,GTC,2012-07-31
ord_a9432f11,FILLED,2012-07-31,,1.0,Standing Order / DCA,GTC,2012-08-01
ord_ca87737e,FILLED,2012-08-01,,1.0,Standing Order / DCA,GTC,2012-08-02
ord_4c4aa2d6,FILLED,2012-08-02,,1.0,Standing Order / DCA,GTC,2012-08-03
ord_d26137bd,FILLED,2012-08-03,,1.0,Standing Order / DCA,GTC,2012-08-06
ord_a9382f15,FILLED,2012-08-06,,1.0,Standing Order / DCA,GTC,2012-08-07
ord_13e7f1f6,FILLED,2012-08-07,,1.0,Standing Order / DCA,GTC,2012-08-08
ord_606519c9,FILLED,2012-08-08,,1.0,Standing Order / DCA,GTC,2012-08-09
ord_78606f0d,FILLED,2012-08-09,,1.0,Standing Order / DCA,GTC,2012-08-10
ord_b7b95392,FILLED,2012-08-10,,1.0,Standing Order / DCA,GTC,2012-08-13
ord_051cb3ab,FILLED,2012-08-13,,1.0,Standing Order / DCA,GTC,2012-08-14
ord_b96aaaea,FILLED,2012-08-14,,1.0,Standing Order / DCA,GTC,2012-08-15
ord_99158a74,FILLED,2012-08-15,,1.0,Standing Order / DCA,GTC,2012-08-16
ord_4f932b2e,FILLED,2012-08-16,,1.0,Standing Order / DCA,GTC,2012-08-17
ord_dd27a9d1,FILLED,2012-08-17,,1.0,Standing Order / DCA,GTC,2012-08-20
ord_086e45b8,FILLED,2012-08-20,,1.0,Standing Order / DCA,GTC,2012-08-21
ord_a951eac0,FILLED,2012-08-21,,1.0,Standing Order / DCA,GTC,2012-08-22
ord_bad766a6,FILLED,2012-08-22,,1.0,Standing Order / DCA,GTC,2012-08-23
ord_b6656eca,FILLED,2012-08-23,,1.0,Standing Order / DCA,GTC,2012-08-24
ord_29c094ea,FILLED,2012-08-24,,1.0,Standing Order / DCA,GTC,2012-08-27
ord_0f55e06d,FILLED,2012-08-27,,1.0,Standing Order / DCA,GTC,2012-08-28
ord_25b1a622,FILLED,2012-08-28,,1.0,Standing Order / DCA,GTC,2012-08-29
ord_4ffdb5a7,FILLED,2012-08-29,,1.0,Standing Order / DCA,GTC,2012-08-30
ord_042202b8,FILLED,2012-08-30,,1.0,Standing Order / DCA,GTC,2012-08-31
ord_0d8a35b4,FILLED,2012-08-31,,1.0,Standing Order / DCA,GTC,2012-09-03
ord_e83f0932,FILLED,2012-09-03,,1.0,Standing Order / DCA,GTC,2012-09-04
ord_feaa04cc,FILLED,2012-09-04,,1.0,Standing Order / DCA,GTC,2012-09-05
ord_0926e677,FILLED,2012-09-05,,1.0,Standing Order / DCA,GTC,2012-09-06
ord_f34b1c36,FILLED,2012-09-06,,1.0,Standing Order / DCA,GTC,2012-09-07
ord_c76154af,FILLED,2012-09-07,,1.0,Standing Order / DCA,GTC,2012-09-10
ord_00a6cfd2,FILLED,2012-09-10,,1.0,Standing Order / DCA,GTC,2012-09-11
ord_4b29b316,FILLED,2012-09-11,,1.0,Standing Order / DCA,GTC,2012-09-12
ord_cb4c3288,FILLED,2012-09-12,,1.0,Standing Order / DCA,GTC,2012-09-13
ord_f541f251,FILLED,2012-09-13,,1.0,Standing Order / DCA,GTC,2012-09-14
ord_5e596302,FILLED,2012-09-14,,1.0,Standing Order / DCA,GTC,2012-09-17
ord_e554019d,FILLED,2012-09-17,,1.0,Standing Order / DCA,GTC,2012-09-18
ord_e3056687,FILLED,2012-09-18,,1.0,Standing Order / DCA,GTC,2012-09-19
ord_2cb5a9fd,FILLED,2012-09-19,,1.0,Standing Order / DCA,GTC,2012-09-20
ord_ac220907,FILLED,2012-09-20,,1.0,Standing Order / DCA,GTC,2012-09-21
ord_84b4cc5d,FILLED,2012-09-21,,1.0,Standing Order / DCA,GTC,2012-09-24
ord_2a123d38,FILLED,2012-09-24,,1.0,Standing Order / DCA,GTC,2012-09-25
ord_ea5c749f,FILLED,2012-09-25,,1.0,Standing Order / DCA,GTC,2012-09-26
ord_6a22f62b,FILLED,2012-09-26,,1.0,Standing Order / DCA,GTC,2012-09-27
ord_64254ca8,FILLED,2012-09-27,,1.0,Standing Order / DCA,GTC,2012-09-28
ord_51525a5d,FILLED,2012-09-28,,1.0,Standing Order / DCA,GTC,2012-10-01
ord_8001f88d,FILLED,2012-10-01,,1.0,Standing Order / DCA,GTC,2012-10-02
ord_9263702a,FILLED,2012-10-02,,1.0,Standing Order / DCA,GTC,2012-10-03
ord_3f468668,FILLED,2012-10-03,,1.0,Standing Order / DCA,GTC,2012-10-04
ord_6265f655,FILLED,2012-10-04,,1.0,Standing Order / DCA,GTC,2012-10-05
ord_cfdf245c,FILLED,2012-10-05,,1.0,Standing Order / DCA,GTC,2012-10-08
ord_260083eb,FILLED,2012-10-08,,1.0,Standing Order / DCA,GTC,2012-10-09
ord_efcb8f40,FILLED,2012-10-09,,1.0,Standing Order / DCA,GTC,2012-10-10
ord_c5124dcf,FILLED,2012-10-10,,1.0,Standing Order / DCA,GTC,2012-10-11
ord_68d73325,FILLED,2012-10-11,,1.0,Standing Order / DCA,GTC,2012-10-12
ord_613fb5eb,FILLED,2012-10-12,,1.0,Standing Order / DCA,GTC,2012-10-15
ord_0888cbf9,FILLED,2012-10-15,,1.0,Standing Order / DCA,GTC,2012-10-16
ord_4552b32a,FILLED,2012-10-16,,1.0,Standing Order / DCA,GTC,2012-10-17
ord_7dccd5a8,FILLED,2012-10-17,,1.0,Standing Order / DCA,GTC,2012-10-18
ord_da4a683c,FILLED,2012-10-18,,1.0,Standing Order / DCA,GTC,2012-10-19
ord_d6c1a56a,FILLED,2012-10-19,,1.0,Standing Order / DCA,GTC,2012-10-22
ord_354fbd16,FILLED,2012-10-22,,1.0,Standing Order / DCA,GTC,2012-10-23
ord_e4a0dbdf,FILLED,2012-10-23,,1.0,Standing Order / DCA,GTC,2012-10-24
ord_8e56d531,FILLED,2012-10-24,,1.0,Standing Order / DCA,GTC,2012-10-25
ord_aff4e0e9,FILLED,2012-10-25,,1.0,Standing Order / DCA,GTC,2012-10-26
ord_073f8b5f,FILLED,2012-10-26,,1.0,Standing Order / DCA,GTC,2012-10-29
ord_53beee3d,FILLED,2012-10-29,,1.0,Standing Order / DCA,GTC,2012-10-30
ord_7a6c81fa,FILLED,2012-10-30,,1.0,Standing Order / DCA,GTC,2012-10-31
ord_c2abccb3,FILLED,2012-10-31,,1.0,Standing Order / DCA,GTC,2012-11-01
ord_e7112eff,FILLED,2012-11-01,,1.0,Standing Order / DCA,GTC,2012-11-02
ord_f25709b0,FILLED,2012-11-02,,1.0,Standing Order / DCA,GTC,2012-11-05
ord_b677d96a,FILLED,2012-11-05,,1.0,Standing Order / DCA,GTC,2012-11-06
ord_27c94f4b,FILLED,2012-11-06,,1.0,Standing Order / DCA,GTC,2012-11-07
ord_dab8bc3e,FILLED,2012-11-07,,1.0,Standing Order / DCA,GTC,2012-11-08
ord_7e1300aa,FILLED,2012-11-08,,1.0,Standing Order / DCA,GTC,2012-11-09
ord_897dd114,FILLED,2012-11-09,,1.0,Standing Order / DCA,GTC,2012-11-12
ord_fda8a76f,FILLED,2012-11-12,,1.0,Standing Order / DCA,GTC,2012-11-13
ord_6cabeb7b,FILLED,2012-11-13,,1.0,Standing Order / DCA,GTC,2012-11-14
ord_1f335c9c,FILLED,2012-11-14,,1.0,Standing Order / DCA,GTC,2012-11-15
ord_cbe9ff79,FILLED,2012-11-15,,1.0,Standing Order / DCA,GTC,2012-11-16
ord_b04a46f9,FILLED,2012-11-16,,1.0,Standing Order / DCA,GTC,2012-11-19
ord_b598a87a,FILLED,2012-11-19,,1.0,Standing Order / DCA,GTC,2012-11-20
ord_e785c7e2,FILLED,2012-11-20,,1.0,Standing Order / DCA,GTC,2012-11-21
ord_7b1f172c,FILLED,2012-11-21,,1.0,Standing Order / DCA,GTC,2012-11-22
ord_ae314dfa,FILLED,2012-11-22,,1.0,Standing Order / DCA,GTC,2012-11-23
ord_02ace472,FILLED,2012-11-23,,1.0,Standing Order / DCA,GTC,2012-11-26
ord_2cdbdcb2,FILLED,2012-11-26,,1.0,Standing Order / DCA,GTC,2012-11-27
ord_8b2af40e,FILLED,2012-11-27,,1.0,Standing Order / DCA,GTC,2012-11-28
ord_e2bf0325,FILLED,2012-11-28,,1.0,Standing Order / DCA,GTC,2012-11-29
ord_c291d0aa,FILLED,2012-11-29,,1.0,Standing Order / DCA,GTC,2012-11-30
ord_2f83fbe9,FILLED,2012-11-30,,1.0,Standing Order / DCA,GTC,2012-12-03
ord_c13a724b,FILLED,2012-12-03,,1.0,Standing Order / DCA,GTC,2012-12-04
ord_6778c299,FILLED,2012-12-04,,1.0,Standing Order / DCA,GTC,2012-12-05
ord_87f17e1d,FILLED,2012-12-05,,1.0,Standing Order / DCA,GTC,2012-12-06
ord_d757448c,FILLED,2012-12-06,,1.0,Standing Order / DCA,GTC,2012-12-07
ord_38c96798,FILLED,2012-12-07,,1.0,Standing Order / DCA,GTC,2012-12-10
ord_83d91773,FILLED,2012-12-10,,1.0,Standing Order / DCA,GTC,2012-12-11
ord_a8e0ae85,FILLED,2012-12-11,,1.0,Standing Order / DCA,GTC,2012-12-12
ord_c94e960c,FILLED,2012-12-12,,1.0,Standing Order / DCA,GTC,2012-12-13
ord_84308ca9,FILLED,2012-12-13,,1.0,Standing Order / DCA,GTC,2012-12-14
ord_3f685bae,FILLED,2012-12-14,,1.0,Standing Order / DCA,GTC,2012-12-17
ord_8c1a342c,FILLED,2012-12-17,,1.0,Standing Order / DCA,GTC,2012-12-18
ord_3db49753,FILLED,2012-12-18,,1.0,Standing Order / DCA,GTC,2012-12-19
ord_c09adfe5,FILLED,2012-12-19,,1.0,Standing Order / DCA,GTC,2012-12-20
ord_65d06029,FILLED,2012-12-20,,1.0,Standing Order / DCA,GTC,2012-12-21
ord_60c616b2,FILLED,2012-12-21,,1.0,Standing Order / DCA,GTC,2012-12-24
ord_23aead4a,FILLED,2012-12-24,,1.0,Standing Order / DCA,GTC,2012-12-25
ord_a27864b4,FILLED,2012-12-25,,1.0,Standing Order / DCA,GTC,2012-12-26
ord_5951e252,FILLED,2012-12-26,,1.0,Standing Order / DCA,GTC,2012-12-27
ord_a9962245,FILLED,2012-12-27,,1.0,Standing Order / DCA,GTC,2012-12-28
ord_deedb2da,FILLED,2012-12-28,,1.0,Standing Order / DCA,GTC,2012-12-31
ord_68a9b248,FILLED,2012-12-31,,1.0,Standing Order / DCA,GTC,2013-01-01
ord_0d1da27f,FILLED,2013-01-01,,1.0,Standing Order / DCA,GTC,2013-01-02
ord_1f8e3b28,FILLED,2013-01-02,,1.0,Standing Order / DCA,GTC,2013-01-03
ord_3c6e3c6e,FILLED,2013-01-03,,1.0,Standing Order / DCA,GTC,2013-01-04
ord_2acf0b0b,FILLED,2013-01-04,,1.0,Standing Order / DCA,GTC,2013-01-07
ord_2df9d0ae,FILLED,2013-01-07,,1.0,Standing Order / DCA,GTC,2013-01-08
ord_e0bf43d4,FILLED,2013-01-08,,1.0,Standing Order / DCA,GTC,2013-01-09
ord_76672e26,FILLED,2013-01-09,,1.0,Standing Order / DCA,GTC,2013-01-10
ord_359d02f9,FILLED,2013-01-10,,1.0,Standing Order / DCA,GTC,2013-01-11
ord_575d050c,FILLED,2013-01-11,,1.0,Standing Order / DCA,GTC,2013-01-14
ord_0e7b7248,FILLED,2013-01-14,,1.0,Standing Order / DCA,GTC,2013-01-15
ord_a8b11031,FILLED,2013-01-15,,1.0,Standing Order / DCA,GTC,2013-01-16
ord_e5b6a376,FILLED,2013-01-16,,1.0,Standing Order / DCA,GTC,2013-01-17
ord_b44a324d,FILLED,2013-01-17,,1.0,Standing Order / DCA,GTC,2013-01-18
ord_8b269c30,FILLED,2013-01-18,,1.0,Standing Order / DCA,GTC,2013-01-21
ord_fbece962,FILLED,2013-01-21,,1.0,Standing Order / DCA,GTC,2013-01-22
ord_e8f8b93b,FILLED,2013-01-22,,1.0,Standing Order / DCA,GTC,2013-01-23
ord_e2950db7,FILLED,2013-01-23,,1.0,Standing Order / DCA,GTC,2013-01-24
ord_70ff15a9,FILLED,2013-01-24,,1.0,Standing Order / DCA,GTC,2013-01-25
ord_25f52578,FILLED,2013-01-25,,1.0,Standing Order / DCA,GTC,2013-01-28
ord_44d31a55,FILLED,2013-01-28,,1.0,Standing Order / DCA,GTC,2013-01-29
ord_26456566,FILLED,2013-01-29,,1.0,Standing Order / DCA,GTC,2013-01-30
ord_1ea118be,FILLED,2013-01-30,,1.0,Standing Order / DCA,GTC,2013-01-31
ord_a25b3f45,FILLED,2013-01-31,,1.0,Standing Order / DCA,GTC,2013-02-01
ord_dd701bf1,FILLED,2013-02-01,,1.0,Standing Order / DCA,GTC,2013-02-04
ord_9d795bb4,FILLED,2013-02-04,,1.0,Standing Order / DCA,GTC,2013-02-05
ord_d8e8fe3f,FILLED,2013-02-05,,1.0,Standing Order / DCA,GTC,2013-02-06
ord_3aa75799,FILLED,2013-02-06,,1.0,Standing Order / DCA,GTC,2013-02-07
ord_f1bfa643,FILLED,2013-02-07,,1.0,Standing Order / DCA,GTC,2013-02-08
ord_669ee365,FILLED,2013-02-08,,1.0,Standing Order / DCA,GTC,2013-02-11
ord_4b859e40,FILLED,2013-02-11,,1.0,Standing Order / DCA,GTC,2013-02-12
ord_6087d898,FILLED,2013-02-12,,1.0,Standing Order / DCA,GTC,2013-02-13
ord_e2226f58,FILLED,2013-02-13,,1.0,Standing Order / DCA,GTC,2013-02-14
ord_f76703ab,FILLED,2013-02-14,,1.0,Standing Order / DCA,GTC,2013-02-15
ord_080474e1,FILLED,2013-02-15,,1.0,Standing Order / DCA,GTC,2013-02-18
ord_85e4f282,FILLED,2013-02-18,,1.0,Standing Order / DCA,GTC,2013-02-19
ord_f751ba39,FILLED,2013-02-19,,1.0,Standing Order / DCA,GTC,2013-02-20
ord_edf69153,FILLED,2013-02-20,,1.0,Standing Order / DCA,GTC,2013-02-21
ord_973c3f94,FILLED,2013-02-21,,1.0,Standing Order / DCA,GTC,2013-02-22
ord_14f014b5,FILLED,2013-02-22,,1.0,Standing Order / DCA,GTC,2013-02-25
ord_287f886a,FILLED,2013-02-25,,1.0,Standing Order / DCA,GTC,2013-02-26
ord_fa6c652e,FILLED,2013-02-26,,1.0,Standing Order / DCA,GTC,2013-02-27
ord_afed541c,FILLED,2013-02-27,,1.0,Standing Order / DCA,GTC,2013-02-28
ord_689dd19f,FILLED,2013-02-28,,1.0,Standing Order / DCA,GTC,2013-03-01
ord_414e6a33,FILLED,2013-03-01,,1.0,Standing Order / DCA,GTC,2013-03-04
ord_394b0515,FILLED,2013-03-04,,1.0,Standing Order / DCA,GTC,2013-03-05
ord_aa63c60e,FILLED,2013-03-05,,1.0,Standing Order / DCA,GTC,2013-03-06
ord_e802a5b8,FILLED,2013-03-06,,1.0,Standing Order / DCA,GTC,2013-03-07
ord_ee7655de,FILLED,2013-03-07,,1.0,Standing Order / DCA,GTC,2013-03-08
ord_45870af9,FILLED,2013-03-08,,1.0,Standing Order / DCA,GTC,2013-03-11
ord_c1493a3e,FILLED,2013-03-11,,1.0,Standing Order / DCA,GTC,2013-03-12
ord_377b2407,FILLED,2013-03-12,,1.0,Standing Order / DCA,GTC,2013-03-13
ord_31f3e81c,FILLED,2013-03-13,,1.0,Standing Order / DCA,GTC,2013-03-14
ord_66862dcf,FILLED,2013-03-14,,1.0,Standing Order / DCA,GTC,2013-03-15
ord_df6a1367,FILLED,2013-03-15,,1.0,Standing Order / DCA,GTC,2013-03-18
ord_adb4d06d,FILLED,2013-03-18,,1.0,Standing Order / DCA,GTC,2013-03-19
ord_3a82260e,FILLED,2013-03-19,,1.0,Standing Order / DCA,GTC,2013-03-20
ord_ab8e1200,FILLED,2013-03-20,,1.0,Standing Order / DCA,GTC,2013-03-21
ord_5c2aa948,FILLED,2013-03-21,,1.0,Standing Order / DCA,GTC,2013-03-22
ord_fd1ea3af,FILLED,2013-03-22,,1.0,Standing Order / DCA,GTC,2013-03-25
ord_a1b28381,FILLED,2013-03-25,,1.0,Standing Order / DCA,GTC,2013-03-26
ord_00baf937,FILLED,2013-03-26,,1.0,Standing Order / DCA,GTC,2013-03-27
ord_1447cc69,FILLED,2013-03-27,,1.0,Standing Order / DCA,GTC,2013-03-28
ord_61d90135,FILLED,2013-03-28,,1.0,Standing Order / DCA,GTC,2013-03-29
ord_10e97844,FILLED,2013-03-29,,1.0,Standing Order / DCA,GTC,2013-04-01
ord_2d46ca6e,FILLED,2013-04-01,,1.0,Standing Order / DCA,GTC,2013-04-02
ord_4c565d4d,FILLED,2013-04-02,,1.0,Standing Order / DCA,GTC,2013-04-03
ord_1a99d4f5,FILLED,2013-04-03,,1.0,Standing Order / DCA,GTC,2013-04-04
ord_c1caf040,FILLED,2013-04-04,,1.0,Standing Order / DCA,GTC,2013-04-05
ord_fd3ea0d8,FILLED,2013-04-05,,1.0,Standing Order / DCA,GTC,2013-04-08
ord_0e248daa,FILLED,2013-04-08,,1.0,Standing Order / DCA,GTC,2013-04-09
ord_a123417a,FILLED,2013-04-09,,1.0,Standing Order / DCA,GTC,2013-04-10
ord_7a91292f,FILLED,2013-04-10,,1.0,Standing Order / DCA,GTC,2013-04-11
ord_7f824cb7,FILLED,2013-04-11,,1.0,Standing Order / DCA,GTC,2013-04-12
ord_4f975e32,FILLED,2013-04-12,,1.0,Standing Order / DCA,GTC,2013-04-15
ord_a127c589,FILLED,2013-04-15,,1.0,Standing Order / DCA,GTC,2013-04-16
ord_d4a110d2,FILLED,2013-04-16,,1.0,Standing Order / DCA,GTC,2013-04-17
ord_12c917ef,FILLED,2013-04-17,,1.0,Standing Order / DCA,GTC,2013-04-18
ord_64fdbc87,FILLED,2013-04-18,,1.0,Standing Order / DCA,GTC,2013-04-19
ord_0607132a,FILLED,2013-04-19,,1.0,Standing Order / DCA,GTC,2013-04-22
ord_f5d50ae0,FILLED,2013-04-22,,1.0,Standing Order / DCA,GTC,2013-04-23
ord_1a19dcaf,FILLED,2013-04-23,,1.0,Standing Order / DCA,GTC,2013-04-24
ord_4fc48321,FILLED,2013-04-24,,1.0,Standing Order / DCA,GTC,2013-04-25
ord_a24f8c4c,FILLED,2013-04-25,,1.0,Standing Order / DCA,GTC,2013-04-26
ord_1df4a7e6,FILLED,2013-04-26,,1.0,Standing Order / DCA,GTC,2013-04-29
ord_56cff0d7,FILLED,2013-04-29,,1.0,Standing Order / DCA,GTC,2013-04-30
ord_e7ac7596,FILLED,2013-04-30,,1.0,Standing Order / DCA,GTC,2013-05-01
ord_705a9b30,FILLED,2013-05-01,,1.0,Standing Order / DCA,GTC,2013-05-02
ord_5699508c,FILLED,2013-05-02,,1.0,Standing Order / DCA,GTC,2013-05-03
ord_8aec4ac3,FILLED,2013-05-03,,1.0,Standing Order / DCA,GTC,2013-05-06
ord_659807db,FILLED,2013-05-06,,1.0,Standing Order / DCA,GTC,2013-05-07
ord_54eada25,FILLED,2013-05-07,,1.0,Standing Order / DCA,GTC,2013-05-08
ord_2c953c8f,FILLED,2013-05-08,,1.0,Standing Order / DCA,GTC,2013-05-09
ord_69d12a38,FILLED,2013-05-09,,1.0,Standing Order / DCA,GTC,2013-05-10
ord_6b2f151b,FILLED,2013-05-10,,1.0,Standing Order / DCA,GTC,2013-05-13
ord_75a78fb9,FILLED,2013-05-13,,1.0,Standing Order / DCA,GTC,2013-05-14
ord_dab9aa95,FILLED,2013-05-14,,1.0,Standing Order / DCA,GTC,2013-05-15
ord_ad2cf7fa,FILLED,2013-05-15,,1.0,Standing Order / DCA,GTC,2013-05-16
ord_9783152c,FILLED,2013-05-16,,1.0,Standing Order / DCA,GTC,2013-05-17
ord_a29d009f,FILLED,2013-05-17,,1.0,Standing Order / DCA,GTC,2013-05-20
ord_221a9f7d,FILLED,2013-05-20,,1.0,Standing Order / DCA,GTC,2013-05-21
ord_edd59a09,FILLED,2013-05-21,,1.0,Standing Order / DCA,GTC,2013-05-22
ord_c4b5a8f7,FILLED,2013-05-22,,1.0,Standing Order / DCA,GTC,2013-05-23
ord_c1976a88,FILLED,2013-05-23,,1.0,Standing Order / DCA,GTC,2013-05-24
ord_c8d017ba,FILLED,2013-05-24,,1.0,Standing Order / DCA,GTC,2013-05-27
ord_d398f29c,FILLED,2013-05-27,,1.0,Standing Order / DCA,GTC,2013-05-28
ord_b365ce49,FILLED,2013-05-28,,1.0,Standing Order / DCA,GTC,2013-05-29
ord_cf5de009,FILLED,2013-05-29,,1.0,Standing Order / DCA,GTC,2013-05-30
ord_9683d8d3,FILLED,2013-05-30,,1.0,Standing Order / DCA,GTC,2013-05-31
ord_5fb423f6,FILLED,2013-05-31,,1.0,Standing Order / DCA,GTC,2013-06-03
ord_78f34669,FILLED,2013-06-03,,1.0,Standing Order / DCA,GTC,2013-06-04
ord_cadd8114,FILLED,2013-06-04,,1.0,Standing Order / DCA,GTC,2013-06-05
ord_4fdff2c0,FILLED,2013-06-05,,1.0,Standing Order / DCA,GTC,2013-06-06
ord_cf38ef89,FILLED,2013-06-06,,1.0,Standing Order / DCA,GTC,2013-06-07
ord_d948bd0a,FILLED,2013-06-07,,1.0,Standing Order / DCA,GTC,2013-06-10
ord_fbadb1c5,FILLED,2013-06-10,,1.0,Standing Order / DCA,GTC,2013-06-11
ord_a296ab43,FILLED,2013-06-11,,1.0,Standing Order / DCA,GTC,2013-06-12
ord_3512e7dd,FILLED,2013-06-12,,1.0,Standing Order / DCA,GTC,2013-06-13
ord_4f0ec4de,FILLED,2013-06-13,,1.0,Standing Order / DCA,GTC,2013-06-14
ord_906ed731,FILLED,2013-06-14,,1.0,Standing Order / DCA,GTC,2013-06-17
ord_a5ab5835,FILLED,2013-06-17,,1.0,Standing Order / DCA,GTC,2013-06-18
ord_479f7037,FILLED,2013-06-18,,1.0,Standing Order / DCA,GTC,2013-06-19
ord_65b8ec5c,FILLED,2013-06-19,,1.0,Standing Order / DCA,GTC,2013-06-20
ord_03a27197,FILLED,2013-06-20,,1.0,Standing Order / DCA,GTC,2013-06-21
ord_b1cb47b4,FILLED,2013-06-21,,1.0,Standing Order / DCA,GTC,2013-06-24
ord_a08cd44c,FILLED,2013-06-24,,1.0,Standing Order / DCA,GTC,2013-06-25
ord_0422d352,FILLED,2013-06-25,,1.0,Standing Order / DCA,GTC,2013-06-26
ord_b9d3cabf,FILLED,2013-06-26,,1.0,Standing Order / DCA,GTC,2013-06-27
ord_5eb1b9d3,FILLED,2013-06-27,,1.0,Standing Order / DCA,GTC,2013-06-28
ord_457265e0,FILLED,2013-06-28,,1.0,Standing Order / DCA,GTC,2013-07-01
ord_158d04f6,FILLED,2013-07-01,,1.0,Standing Order / DCA,GTC,2013-07-02
ord_1efc436c,FILLED,2013-07-02,,1.0,Standing Order / DCA,GTC,2013-07-03
ord_93e6d6e8,FILLED,2013-07-03,,1.0,Standing Order / DCA,GTC,2013-07-04
ord_2feac4d1,FILLED,2013-07-04,,1.0,Standing Order / DCA,GTC,2013-07-05
ord_9d4f86fa,FILLED,2013-07-05,,1.0,Standing Order / DCA,GTC,2013-07-08
ord_fbd96e69,FILLED,2013-07-08,,1.0,Standing Order / DCA,GTC,2013-07-09
ord_2ed7d4dc,FILLED,2013-07-09,,1.0,Standing Order / DCA,GTC,2013-07-10
ord_0b5ffa85,FILLED,2013-07-10,,1.0,Standing Order / DCA,GTC,2013-07-11
ord_b1cdd261,FILLED,2013-07-11,,1.0,Standing Order / DCA,GTC,2013-07-12
ord_05639f69,FILLED,2013-07-12,,1.0,Standing Order / DCA,GTC,2013-07-15
ord_2f1af9b4,FILLED,2013-07-15,,1.0,Standing Order / DCA,GTC,2013-07-16
ord_e7703d21,FILLED,2013-07-16,,1.0,Standing Order / DCA,GTC,2013-07-17
ord_0d631252,FILLED,2013-07-17,,1.0,Standing Order / DCA,GTC,2013-07-18
ord_c7152b1c,FILLED,2013-07-18,,1.0,Standing Order / DCA,GTC,2013-07-19
ord_a7b35de9,FILLED,2013-07-19,,1.0,Standing Order / DCA,GTC,2013-07-22
ord_11c6b48a,FILLED,2013-07-22,,1.0,Standing Order / DCA,GTC,2013-07-23
ord_e7dc2667,FILLED,2013-07-23,,1.0,Standing Order / DCA,GTC,2013-07-24
ord_99204000,FILLED,2013-07-24,,1.0,Standing Order / DCA,GTC,2013-07-25
ord_e2db6924,FILLED,2013-07-25,,1.0,Standing Order / DCA,GTC,2013-07-26
ord_1542cc45,FILLED,2013-07-26,,1.0,Standing Order / DCA,GTC,2013-07-29
ord_f3dda185,FILLED,2013-07-29,,1.0,Standing Order / DCA,GTC,2013-07-30
ord_91871613,FILLED,2013-07-30,,1.0,Standing Order / DCA,GTC,2013-07-31
ord_0ddf0373,FILLED,2013-07-31,,1.0,Standing Order / DCA,GTC,2013-08-01
ord_57460ef7,FILLED,2013-08-01,,1.0,Standing Order / DCA,GTC,2013-08-02
ord_5eec581a,FILLED,2013-08-02,,1.0,Standing Order / DCA,GTC,2013-08-05
ord_86183d19,FILLED,2013-08-05,,1.0,Standing Order / DCA,GTC,2013-08-06
ord_a50952e0,FILLED,2013-08-06,,1.0,Standing Order / DCA,GTC,2013-08-07
ord_4ef3af1c,FILLED,2013-08-07,,1.0,Standing Order / DCA,GTC,2013-08-08
ord_f1b8719e,FILLED,2013-08-08,,1.0,Standing Order / DCA,GTC,2013-08-09
ord_726ce1fd,FILLED,2013-08-09,,1.0,Standing Order / DCA,GTC,2013-08-12
ord_da2cfe7c,FILLED,2013-08-12,,1.0,Standing Order / DCA,GTC,2013-08-13
ord_1f94a9bf,FILLED,2013-08-13,,1.0,Standing Order / DCA,GTC,2013-08-14
ord_ecdb32fa,FILLED,2013-08-14,,1.0,Standing Order / DCA,GTC,2013-08-15
ord_04fcb477,FILLED,2013-08-15,,1.0,Standing Order / DCA,GTC,2013-08-16
ord_ad62e64b,FILLED,2013-08-16,,1.0,Standing Order / DCA,GTC,2013-08-19
ord_37650cdb,FILLED,2013-08-19,,1.0,Standing Order / DCA,GTC,2013-08-20
ord_27c8ff45,FILLED,2013-08-20,,1.0,Standing Order / DCA,GTC,2013-08-21
ord_e8c3b112,FILLED,2013-08-21,,1.0,Standing Order / DCA,GTC,2013-08-22
ord_0af863ba,FILLED,2013-08-22,,1.0,Standing Order / DCA,GTC,2013-08-23
ord_e1a667b1,FILLED,2013-08-23,,1.0,Standing Order / DCA,GTC,2013-08-26
ord_68c627b7,FILLED,2013-08-26,,1.0,Standing Order / DCA,GTC,2013-08-27
ord_a0d37ced,FILLED,2013-08-27,,1.0,Standing Order / DCA,GTC,2013-08-28
ord_7510a6bf,FILLED,2013-08-28,,1.0,Standing Order / DCA,GTC,2013-08-29
ord_732d8efe,FILLED,2013-08-29,,1.0,Standing Order / DCA,GTC,2013-08-30
ord_462e9498,FILLED,2013-08-30,,1.0,Standing Order / DCA,GTC,2013-09-02
ord_012b6f8c,FILLED,2013-09-02,,1.0,Standing Order / DCA,GTC,2013-09-03
ord_2eeedc1c,FILLED,2013-09-03,,1.0,Standing Order / DCA,GTC,2013-09-04
ord_1608bf31,FILLED,2013-09-04,,1.0,Standing Order / DCA,GTC,2013-09-05
ord_58398e8e,FILLED,2013-09-05,,1.0,Standing Order / DCA,GTC,2013-09-06
ord_42b8fb2d,FILLED,2013-09-06,,1.0,Standing Order / DCA,GTC,2013-09-09
ord_9285414f,FILLED,2013-09-09,,1.0,Standing Order / DCA,GTC,2013-09-10
ord_1d8d169d,FILLED,2013-09-10,,1.0,Standing Order / DCA,GTC,2013-09-11
ord_27df07de,FILLED,2013-09-11,,1.0,Standing Order / DCA,GTC,2013-09-12
ord_89ef0199,FILLED,2013-09-12,,1.0,Standing Order / DCA,GTC,2013-09-13
ord_9039e086,FILLED,2013-09-13,,1.0,Standing Order / DCA,GTC,2013-09-16
ord_a355779c,FILLED,2013-09-16,,1.0,Standing Order / DCA,GTC,2013-09-17
ord_14450a30,FILLED,2013-09-17,,1.0,Standing Order / DCA,GTC,2013-09-18
ord_706f3558,FILLED,2013-09-18,,1.0,Standing Order / DCA,GTC,2013-09-19
ord_7f4c6ffc,FILLED,2013-09-19,,1.0,Standing Order / DCA,GTC,2013-09-20
ord_51c69482,FILLED,2013-09-20,,1.0,Standing Order / DCA,GTC,2013-09-23
ord_a5990172,FILLED,2013-09-23,,1.0,Standing Order / DCA,GTC,2013-09-24
ord_66afeda7,FILLED,2013-09-24,,1.0,Standing Order / DCA,GTC,2013-09-25
ord_707e5570,FILLED,2013-09-25,,1.0,Standing Order / DCA,GTC,2013-09-26
ord_4b5005cf,FILLED,2013-09-26,,1.0,Standing Order / DCA,GTC,2013-09-27
ord_b02c9c08,FILLED,2013-09-27,,1.0,Standing Order / DCA,GTC,2013-09-30
ord_2a27d18e,FILLED,2013-09-30,,1.0,Standing Order / DCA,GTC,2013-10-01
ord_b02a6eaa,FILLED,2013-10-01,,1.0,Standing Order / DCA,GTC,2013-10-02
ord_6aae8b20,FILLED,2013-10-02,,1.0,Standing Order / DCA,GTC,2013-10-03
ord_f9195eeb,FILLED,2013-10-03,,1.0,Standing Order / DCA,GTC,2013-10-04
ord_7ade45b6,FILLED,2013-10-04,,1.0,Standing Order / DCA,GTC,2013-10-07
ord_93573a41,FILLED,2013-10-07,,1.0,Standing Order / DCA,GTC,2013-10-08
ord_0b7fe77b,FILLED,2013-10-08,,1.0,Standing Order / DCA,GTC,2013-10-09
ord_b0eb7490,FILLED,2013-10-09,,1.0,Standing Order / DCA,GTC,2013-10-10
ord_5f3b738f,FILLED,2013-10-10,,1.0,Standing Order / DCA,GTC,2013-10-11
ord_3237cf9b,FILLED,2013-10-11,,1.0,Standing Order / DCA,GTC,2013-10-14
ord_b4fb1c9f,FILLED,2013-10-14,,1.0,Standing Order / DCA,GTC,2013-10-15
ord_7d007a07,FILLED,2013-10-15,,1.0,Standing Order / DCA,GTC,2013-10-16
ord_bd2b70be,FILLED,2013-10-16,,1.0,Standing Order / DCA,GTC,2013-10-17
ord_70bb1042,FILLED,2013-10-17,,1.0,Standing Order / DCA,GTC,2013-10-18
ord_a0cc242a,FILLED,2013-10-18,,1.0,Standing Order / DCA,GTC,2013-10-21
ord_0a09af06,FILLED,2013-10-21,,1.0,Standing Order / DCA,GTC,2013-10-22
ord_e4e1d24f,FILLED,2013-10-22,,1.0,Standing Order / DCA,GTC,2013-10-23
ord_4c8463b3,FILLED,2013-10-23,,1.0,Standing Order / DCA,GTC,2013-10-24
ord_f58db50f,FILLED,2013-10-24,,1.0,Standing Order / DCA,GTC,2013-10-25
ord_752bb853,FILLED,2013-10-25,,1.0,Standing Order / DCA,GTC,2013-10-28
ord_56dc01ec,FILLED,2013-10-28,,1.0,Standing Order / DCA,GTC,2013-10-29
ord_c00470e2,FILLED,2013-10-29,,1.0,Standing Order / DCA,GTC,2013-10-30
ord_5e62b8c8,FILLED,2013-10-30,,1.0,Standing Order / DCA,GTC,2013-10-31
ord_96bd8963,FILLED,2013-10-31,,1.0,Standing Order / DCA,GTC,2013-11-01
ord_811b0585,FILLED,2013-11-01,,1.0,Standing Order / DCA,GTC,2013-11-04
ord_bced8982,FILLED,2013-11-04,,1.0,Standing Order / DCA,GTC,2013-11-05
ord_84a5f105,FILLED,2013-11-05,,1.0,Standing Order / DCA,GTC,2013-11-06
ord_5cecde3e,FILLED,2013-11-06,,1.0,Standing Order / DCA,GTC,2013-11-07
ord_4bebc067,FILLED,2013-11-07,,1.0,Standing Order / DCA,GTC,2013-11-08
ord_78a86b69,FILLED,2013-11-08,,1.0,Standing Order / DCA,GTC,2013-11-11
ord_c13671ce,FILLED,2013-11-11,,1.0,Standing Order / DCA,GTC,2013-11-12
ord_ddb69e7e,FILLED,2013-11-12,,1.0,Standing Order / DCA,GTC,2013-11-13
ord_ed1891c8,FILLED,2013-11-13,,1.0,Standing Order / DCA,GTC,2013-11-14
ord_14daab0f,FILLED,2013-11-14,,1.0,Standing Order / DCA,GTC,2013-11-15
ord_b3348a97,FILLED,2013-11-15,,1.0,Standing Order / DCA,GTC,2013-11-18
ord_b1036d59,FILLED,2013-11-18,,1.0,Standing Order / DCA,GTC,2013-11-19
ord_3ef2777f,FILLED,2013-11-19,,1.0,Standing Order / DCA,GTC,2013-11-20
ord_835e4532,FILLED,2013-11-20,,1.0,Standing Order / DCA,GTC,2013-11-21
ord_62ab4155,FILLED,2013-11-21,,1.0,Standing Order / DCA,GTC,2013-11-22
ord_5c6ff5b8,FILLED,2013-11-22,,1.0,Standing Order / DCA,GTC,2013-11-25
ord_c2467f1b,FILLED,2013-11-25,,1.0,Standing Order / DCA,GTC,2013-11-26
ord_47ef3ebe,FILLED,2013-11-26,,1.0,Standing Order / DCA,GTC,2013-11-27
ord_ec4362ed,FILLED,2013-11-27,,1.0,Standing Order / DCA,GTC,2013-11-28
ord_a5ed4050,FILLED,2013-11-28,,1.0,Standing Order / DCA,GTC,2013-11-29
ord_8949fcd5,FILLED,2013-11-29,,1.0,Standing Order / DCA,GTC,2013-12-02
ord_9aec718b,FILLED,2013-12-02,,1.0,Standing Order / DCA,GTC,2013-12-03
ord_3bde9d25,FILLED,2013-12-03,,1.0,Standing Order / DCA,GTC,2013-12-04
ord_8a2d4fd3,FILLED,2013-12-04,,1.0,Standing Order / DCA,GTC,2013-12-05
ord_0f41d654,FILLED,2013-12-05,,1.0,Standing Order / DCA,GTC,2013-12-06
ord_64a8b592,FILLED,2013-12-06,,1.0,Standing Order / DCA,GTC,2013-12-09
ord_395c6e73,FILLED,2013-12-09,,1.0,Standing Order / DCA,GTC,2013-12-10
ord_5e7e6bd4,FILLED,2013-12-10,,1.0,Standing Order / DCA,GTC,2013-12-11
ord_288904bb,FILLED,2013-12-11,,1.0,Standing Order / DCA,GTC,2013-12-12
ord_3a9e3ab3,FILLED,2013-12-12,,1.0,Standing Order / DCA,GTC,2013-12-13
ord_e6564e98,FILLED,2013-12-13,,1.0,Standing Order / DCA,GTC,2013-12-16
ord_eb088fd7,FILLED,2013-12-16,,1.0,Standing Order / DCA,GTC,2013-12-17
ord_f98b6589,FILLED,2013-12-17,,1.0,Standing Order / DCA,GTC,2013-12-18
ord_13050d7a,FILLED,2013-12-18,,1.0,Standing Order / DCA,GTC,2013-12-19
ord_46a61bb9,FILLED,2013-12-19,,1.0,Standing Order / DCA,GTC,2013-12-20
ord_93e5b13d,FILLED,2013-12-20,,1.0,Standing Order / DCA,GTC,2013-12-23
ord_d1a0d7a0,FILLED,2013-12-23,,1.0,Standing Order / DCA,GTC,2013-12-24
ord_7919b6c3,FILLED,2013-12-24,,1.0,Standing Order / DCA,GTC,2013-12-25
ord_dca37c56,FILLED,2013-12-25,,1.0,Standing Order / DCA,GTC,2013-12-26
ord_70fae7a9,FILLED,2013-12-26,,1.0,Standing Order / DCA,GTC,2013-12-27
ord_3179d188,FILLED,2013-12-27,,1.0,Standing Order / DCA,GTC,2013-12-30
ord_aef9c8fc,FILLED,2013-12-30,,1.0,Standing Order / DCA,GTC,2013-12-31
ord_83eab5c1,FILLED,2013-12-31,,1.0,Standing Order / DCA,GTC,2014-01-01
ord_598c6e33,FILLED,2014-01-01,,1.0,Standing Order / DCA,GTC,2014-01-02
ord_006dfc5b,FILLED,2014-01-02,,1.0,Standing Order / DCA,GTC,2014-01-03
ord_7fbd7f28,FILLED,2014-01-03,,1.0,Standing Order / DCA,GTC,2014-01-06
ord_d9a51c22,FILLED,2014-01-06,,1.0,Standing Order / DCA,GTC,2014-01-07
ord_1a864a6c,FILLED,2014-01-07,,1.0,Standing Order / DCA,GTC,2014-01-08
ord_7a79b0c1,FILLED,2014-01-08,,1.0,Standing Order / DCA,GTC,2014-01-09
ord_758662d2,FILLED,2014-01-09,,1.0,Standing Order / DCA,GTC,2014-01-10
ord_8569af82,FILLED,2014-01-10,,1.0,Standing Order / DCA,GTC,2014-01-13
ord_f7811cef,FILLED,2014-01-13,,1.0,Standing Order / DCA,GTC,2014-01-14
ord_4b150ecd,FILLED,2014-01-14,,1.0,Standing Order / DCA,GTC,2014-01-15
ord_2a5bb104,FILLED,2014-01-15,,1.0,Standing Order / DCA,GTC,2014-01-16
ord_8ec02814,FILLED,2014-01-16,,1.0,Standing Order / DCA,GTC,2014-01-17
ord_335c231c,FILLED,2014-01-17,,1.0,Standing Order / DCA,GTC,2014-01-20
ord_4afe8602,FILLED,2014-01-20,,1.0,Standing Order / DCA,GTC,2014-01-21
ord_a8936dc5,FILLED,2014-01-21,,1.0,Standing Order / DCA,GTC,2014-01-22
ord_e95672fe,FILLED,2014-01-22,,1.0,Standing Order / DCA,GTC,2014-01-23
ord_2b6f323a,FILLED,2014-01-23,,1.0,Standing Order / DCA,GTC,2014-01-24
ord_2c24bac1,FILLED,2014-01-24,,1.0,Standing Order / DCA,GTC,2014-01-27
ord_6de7359a,FILLED,2014-01-27,,1.0,Standing Order / DCA,GTC,2014-01-28
ord_67187499,FILLED,2014-01-28,,1.0,Standing Order / DCA,GTC,2014-01-29
ord_566e1483,FILLED,2014-01-29,,1.0,Standing Order / DCA,GTC,2014-01-30
ord_a4c04e92,FILLED,2014-01-30,,1.0,Standing Order / DCA,GTC,2014-01-31
ord_83529118,FILLED,2014-01-31,,1.0,Standing Order / DCA,GTC,2014-02-03
ord_47306eee,FILLED,2014-02-03,,1.0,Standing Order / DCA,GTC,2014-02-04
ord_2ac6dbcb,FILLED,2014-02-04,,1.0,Standing Order / DCA,GTC,2014-02-05
ord_67203545,FILLED,2014-02-05,,1.0,Standing Order / DCA,GTC,2014-02-06
ord_8ff0388d,FILLED,2014-02-06,,1.0,Standing Order / DCA,GTC,2014-02-07
ord_440776d6,FILLED,2014-02-07,,1.0,Standing Order / DCA,GTC,2014-02-10
ord_d232270a,FILLED,2014-02-10,,1.0,Standing Order / DCA,GTC,2014-02-11
ord_7c1cfdb9,FILLED,2014-02-11,,1.0,Standing Order / DCA,GTC,2014-02-12
ord_3368e3a7,FILLED,2014-02-12,,1.0,Standing Order / DCA,GTC,2014-02-13
ord_7cd10ce6,FILLED,2014-02-13,,1.0,Standing Order / DCA,GTC,2014-02-14
ord_ce4a1894,FILLED,2014-02-14,,1.0,Standing Order / DCA,GTC,2014-02-17
ord_19cd5edf,FILLED,2014-02-17,,1.0,Standing Order / DCA,GTC,2014-02-18
ord_af753720,FILLED,2014-02-18,,1.0,Standing Order / DCA,GTC,2014-02-19
ord_83842863,FILLED,2014-02-19,,1.0,Standing Order / DCA,GTC,2014-02-20
ord_603c6dab,FILLED,2014-02-20,,1.0,Standing Order / DCA,GTC,2014-02-21
ord_e97f1e9a,FILLED,2014-02-21,,1.0,Standing Order / DCA,GTC,2014-02-24
ord_fe8dc25f,FILLED,2014-02-24,,1.0,Standing Order / DCA,GTC,2014-02-25
ord_aa2e1032,FILLED,2014-02-25,,1.0,Standing Order / DCA,GTC,2014-02-26
ord_d8a848e6,FILLED,2014-02-26,,1.0,Standing Order / DCA,GTC,2014-02-27
ord_e4a3d233,FILLED,2014-02-27,,1.0,Standing Order / DCA,GTC,2014-02-28
ord_8702d36b,FILLED,2014-02-28,,1.0,Standing Order / DCA,GTC,2014-03-03
ord_80778b6c,FILLED,2014-03-03,,1.0,Standing Order / DCA,GTC,2014-03-04
ord_d92269b0,FILLED,2014-03-04,,1.0,Standing Order / DCA,GTC,2014-03-05
ord_5a02562f,FILLED,2014-03-05,,1.0,Standing Order / DCA,GTC,2014-03-06
ord_0dbc6568,FILLED,2014-03-06,,1.0,Standing Order / DCA,GTC,2014-03-07
ord_76d21890,FILLED,2014-03-07,,1.0,Standing Order / DCA,GTC,2014-03-10
ord_9ff7641c,FILLED,2014-03-10,,1.0,Standing Order / DCA,GTC,2014-03-11
ord_6593c89e,FILLED,2014-03-11,,1.0,Standing Order / DCA,GTC,2014-03-12
ord_96d8ef9d,FILLED,2014-03-12,,1.0,Standing Order / DCA,GTC,2014-03-13
ord_278b4b0e,FILLED,2014-03-13,,1.0,Standing Order / DCA,GTC,2014-03-14
ord_b44180bf,FILLED,2014-03-14,,1.0,Standing Order / DCA,GTC,2014-03-17
ord_6cd88517,FILLED,2014-03-17,,1.0,Standing Order / DCA,GTC,2014-03-18
ord_759b41e2,FILLED,2014-03-18,,1.0,Standing Order / DCA,GTC,2014-03-19
ord_673f75ed,FILLED,2014-03-19,,1.0,Standing Order / DCA,GTC,2014-03-20
ord_627b8fe0,FILLED,2014-03-20,,1.0,Standing Order / DCA,GTC,2014-03-21
ord_80d2bc8a,FILLED,2014-03-21,,1.0,Standing Order / DCA,GTC,2014-03-24
ord_027b94c9,FILLED,2014-03-24,,1.0,Standing Order / DCA,GTC,2014-03-25
ord_441dba10,FILLED,2014-03-25,,1.0,Standing Order / DCA,GTC,2014-03-26
ord_f03707b7,FILLED,2014-03-26,,1.0,Standing Order / DCA,GTC,2014-03-27
ord_718d0179,FILLED,2014-03-27,,1.0,Standing Order / DCA,GTC,2014-03-28
ord_e25eb4a8,FILLED,2014-03-28,,1.0,Standing Order / DCA,GTC,2014-03-31
ord_a7fa0031,FILLED,2014-03-31,,1.0,Standing Order / DCA,GTC,2014-04-01
ord_0eb7c33f,FILLED,2014-04-01,,1.0,Standing Order / DCA,GTC,2014-04-02
ord_6690f696,FILLED,2014-04-02,,1.0,Standing Order / DCA,GTC,2014-04-03
ord_2eecc9b3,FILLED,2014-04-03,,1.0,Standing Order / DCA,GTC,2014-04-04
ord_63bec558,FILLED,2014-04-04,,1.0,Standing Order / DCA,GTC,2014-04-07
ord_d735cfaf,FILLED,2014-04-07,,1.0,Standing Order / DCA,GTC,2014-04-08
ord_9800fe2a,FILLED,2014-04-08,,1.0,Standing Order / DCA,GTC,2014-04-09
ord_f2998e47,FILLED,2014-04-09,,1.0,Standing Order / DCA,GTC,2014-04-10
ord_58af7906,FILLED,2014-04-10,,1.0,Standing Order / DCA,GTC,2014-04-11
ord_971ef40c,FILLED,2014-04-11,,1.0,Standing Order / DCA,GTC,2014-04-14
ord_d72e9a3c,FILLED,2014-04-14,,1.0,Standing Order / DCA,GTC,2014-04-15
ord_d596a254,FILLED,2014-04-15,,1.0,Standing Order / DCA,GTC,2014-04-16
ord_648d5b43,FILLED,2014-04-16,,1.0,Standing Order / DCA,GTC,2014-04-17
ord_ea575ee9,FILLED,2014-04-17,,1.0,Standing Order / DCA,GTC,2014-04-18
ord_d3445748,FILLED,2014-04-18,,1.0,Standing Order / DCA,GTC,2014-04-21
ord_2123d302,FILLED,2014-04-21,,1.0,Standing Order / DCA,GTC,2014-04-22
ord_a7ca2f52,FILLED,2014-04-22,,1.0,Standing Order / DCA,GTC,2014-04-23
ord_89768f6a,FILLED,2014-04-23,,1.0,Standing Order / DCA,GTC,2014-04-24
ord_04e7406e,FILLED,2014-04-24,,1.0,Standing Order / DCA,GTC,2014-04-25
ord_e53719ad,FILLED,2014-04-25,,1.0,Standing Order / DCA,GTC,2014-04-28
ord_8f3cc8d0,FILLED,2014-04-28,,1.0,Standing Order / DCA,GTC,2014-04-29
ord_814d3661,FILLED,2014-04-29,,1.0,Standing Order / DCA,GTC,2014-04-30
ord_09a5a0b6,FILLED,2014-04-30,,1.0,Standing Order / DCA,GTC,2014-05-01
ord_ec4d6ae0,FILLED,2014-05-01,,1.0,Standing Order / DCA,GTC,2014-05-02
ord_9512424e,FILLED,2014-05-02,,1.0,Standing Order / DCA,GTC,2014-05-05
ord_fc2e23f1,FILLED,2014-05-05,,1.0,Standing Order / DCA,GTC,2014-05-06
ord_13d3de0c,FILLED,2014-05-06,,1.0,Standing Order / DCA,GTC,2014-05-07
ord_56185bd2,FILLED,2014-05-07,,1.0,Standing Order / DCA,GTC,2014-05-08
ord_45076646,FILLED,2014-05-08,,1.0,Standing Order / DCA,GTC,2014-05-09
ord_0ab02c7b,FILLED,2014-05-09,,1.0,Standing Order / DCA,GTC,2014-05-12
ord_aaec9dc7,FILLED,2014-05-12,,1.0,Standing Order / DCA,GTC,2014-05-13
ord_45f29080,FILLED,2014-05-13,,1.0,Standing Order / DCA,GTC,2014-05-14
ord_9a2ca681,FILLED,2014-05-14,,1.0,Standing Order / DCA,GTC,2014-05-15
ord_e4463e8b,FILLED,2014-05-15,,1.0,Standing Order / DCA,GTC,2014-05-16
ord_cb613c1f,FILLED,2014-05-16,,1.0,Standing Order / DCA,GTC,2014-05-19
ord_752d89b3,FILLED,2014-05-19,,1.0,Standing Order / DCA,GTC,2014-05-20
ord_5955eda1,FILLED,2014-05-20,,1.0,Standing Order / DCA,GTC,2014-05-21
ord_d5079cfa,FILLED,2014-05-21,,1.0,Standing Order / DCA,GTC,2014-05-22
ord_8caf3e82,FILLED,2014-05-22,,1.0,Standing Order / DCA,GTC,2014-05-23
ord_7cdd0c17,FILLED,2014-05-23,,1.0,Standing Order / DCA,GTC,2014-05-26
ord_e590fb52,FILLED,2014-05-26,,1.0,Standing Order / DCA,GTC,2014-05-27
ord_18263ba2,FILLED,2014-05-27,,1.0,Standing Order / DCA,GTC,2014-05-28
ord_7b2f0f90,FILLED,2014-05-28,,1.0,Standing Order / DCA,GTC,2014-05-29
ord_9f72e5c2,FILLED,2014-05-29,,1.0,Standing Order / DCA,GTC,2014-05-30
ord_046e251b,FILLED,2014-05-30,,1.0,Standing Order / DCA,GTC,2014-06-02
ord_30b9f50e,FILLED,2014-06-02,,1.0,Standing Order / DCA,GTC,2014-06-03
ord_a9eedd56,FILLED,2014-06-03,,1.0,Standing Order / DCA,GTC,2014-06-04
ord_29f729de,FILLED,2014-06-04,,1.0,Standing Order / DCA,GTC,2014-06-05
ord_ba1ba1ce,FILLED,2014-06-05,,1.0,Standing Order / DCA,GTC,2014-06-06
ord_788e3b8f,FILLED,2014-06-06,,1.0,Standing Order / DCA,GTC,2014-06-09
ord_682f9d50,FILLED,2014-06-09,,1.0,Standing Order / DCA,GTC,2014-06-10
ord_2d1397b3,FILLED,2014-06-10,,1.0,Standing Order / DCA,GTC,2014-06-11
ord_eed54bd9,FILLED,2014-06-11,,1.0,Standing Order / DCA,GTC,2014-06-12
ord_1a857c1f,FILLED,2014-06-12,,1.0,Standing Order / DCA,GTC,2014-06-13
ord_e416dbcf,FILLED,2014-06-13,,1.0,Standing Order / DCA,GTC,2014-06-16
ord_5418eda4,FILLED,2014-06-16,,1.0,Standing Order / DCA,GTC,2014-06-17
ord_7783b095,FILLED,2014-06-17,,1.0,Standing Order / DCA,GTC,2014-06-18
ord_a0ee8f1f,FILLED,2014-06-18,,1.0,Standing Order / DCA,GTC,2014-06-19
ord_8232083b,FILLED,2014-06-19,,1.0,Standing Order / DCA,GTC,2014-06-20
ord_b17912a1,FILLED,2014-06-20,,1.0,Standing Order / DCA,GTC,2014-06-23
ord_540304ed,FILLED,2014-06-23,,1.0,Standing Order / DCA,GTC,2014-06-24
ord_701ef932,FILLED,2014-06-24,,1.0,Standing Order / DCA,GTC,2014-06-25
ord_f0e69735,FILLED,2014-06-25,,1.0,Standing Order / DCA,GTC,2014-06-26
ord_009e3daa,FILLED,2014-06-26,,1.0,Standing Order / DCA,GTC,2014-06-27
ord_005c8623,FILLED,2014-06-27,,1.0,Standing Order / DCA,GTC,2014-06-30
ord_25bb1dc6,FILLED,2014-06-30,,1.0,Standing Order / DCA,GTC,2014-07-01
ord_c9588443,FILLED,2014-07-01,,1.0,Standing Order / DCA,GTC,2014-07-02
ord_ceab1637,FILLED,2014-07-02,,1.0,Standing Order / DCA,GTC,2014-07-03
ord_7960e984,FILLED,2014-07-03,,1.0,Standing Order / DCA,GTC,2014-07-04
ord_ab11512c,FILLED,2014-07-04,,1.0,Standing Order / DCA,GTC,2014-07-07
ord_8dfe5a2d,FILLED,2014-07-07,,1.0,Standing Order / DCA,GTC,2014-07-08
ord_bfb3516b,FILLED,2014-07-08,,1.0,Standing Order / DCA,GTC,2014-07-09
ord_ecdf2c3d,FILLED,2014-07-09,,1.0,Standing Order / DCA,GTC,2014-07-10
ord_a6c23f55,FILLED,2014-07-10,,1.0,Standing Order / DCA,GTC,2014-07-11
ord_d3e3b62c,FILLED,2014-07-11,,1.0,Standing Order / DCA,GTC,2014-07-14
ord_cf5fdf84,FILLED,2014-07-14,,1.0,Standing Order / DCA,GTC,2014-07-15
ord_ac94313b,FILLED,2014-07-15,,1.0,Standing Order / DCA,GTC,2014-07-16
ord_3b80dc59,FILLED,2014-07-16,,1.0,Standing Order / DCA,GTC,2014-07-17
ord_d733db01,FILLED,2014-07-17,,1.0,Standing Order / DCA,GTC,2014-07-18
ord_ee8c79e6,FILLED,2014-07-18,,1.0,Standing Order / DCA,GTC,2014-07-21
ord_894209d6,FILLED,2014-07-21,,1.0,Standing Order / DCA,GTC,2014-07-22
ord_e4017bb0,FILLED,2014-07-22,,1.0,Standing Order / DCA,GTC,2014-07-23
ord_7eb86537,FILLED,2014-07-23,,1.0,Standing Order / DCA,GTC,2014-07-24
ord_e2c57f19,FILLED,2014-07-24,,1.0,Standing Order / DCA,GTC,2014-07-25
ord_815c66e6,FILLED,2014-07-25,,1.0,Standing Order / DCA,GTC,2014-07-28
ord_29ce6f4d,FILLED,2014-07-28,,1.0,Standing Order / DCA,GTC,2014-07-29
ord_1e43f263,FILLED,2014-07-29,,1.0,Standing Order / DCA,GTC,2014-07-30
ord_144de616,FILLED,2014-07-30,,1.0,Standing Order / DCA,GTC,2014-07-31
ord_88d82b1a,FILLED,2014-07-31,,1.0,Standing Order / DCA,GTC,2014-08-01
ord_2dbd174b,FILLED,2014-08-01,,1.0,Standing Order / DCA,GTC,2014-08-04
ord_9a4309bf,FILLED,2014-08-04,,1.0,Standing Order / DCA,GTC,2014-08-05
ord_35712340,FILLED,2014-08-05,,1.0,Standing Order / DCA,GTC,2014-08-06
ord_c87a28ae,FILLED,2014-08-06,,1.0,Standing Order / DCA,GTC,2014-08-07
ord_0d1858de,FILLED,2014-08-07,,1.0,Standing Order / DCA,GTC,2014-08-08
ord_1e2d64dc,FILLED,2014-08-08,,1.0,Standing Order / DCA,GTC,2014-08-11
ord_a9f13ee4,FILLED,2014-08-11,,1.0,Standing Order / DCA,GTC,2014-08-12
ord_e782bbf9,FILLED,2014-08-12,,1.0,Standing Order / DCA,GTC,2014-08-13
ord_b9c9d3b3,FILLED,2014-08-13,,1.0,Standing Order / DCA,GTC,2014-08-14
ord_d8407963,FILLED,2014-08-14,,1.0,Standing Order / DCA,GTC,2014-08-15
ord_fb744e30,FILLED,2014-08-15,,1.0,Standing Order / DCA,GTC,2014-08-18
ord_a7e60f7b,FILLED,2014-08-18,,1.0,Standing Order / DCA,GTC,2014-08-19
ord_fcd928b6,FILLED,2014-08-19,,1.0,Standing Order / DCA,GTC,2014-08-20
ord_3e57659a,FILLED,2014-08-20,,1.0,Standing Order / DCA,GTC,2014-08-21
ord_4f3bed8b,FILLED,2014-08-21,,1.0,Standing Order / DCA,GTC,2014-08-22
ord_c9790c48,FILLED,2014-08-22,,1.0,Standing Order / DCA,GTC,2014-08-25
ord_28f61e1c,FILLED,2014-08-25,,1.0,Standing Order / DCA,GTC,2014-08-26
ord_28c40c37,FILLED,2014-08-26,,1.0,Standing Order / DCA,GTC,2014-08-27
ord_87b962b9,FILLED,2014-08-27,,1.0,Standing Order / DCA,GTC,2014-08-28
ord_48e743c5,FILLED,2014-08-28,,1.0,Standing Order / DCA,GTC,2014-08-29
ord_3bde28e4,FILLED,2014-08-29,,1.0,Standing Order / DCA,GTC,2014-09-01
ord_8737b067,FILLED,2014-09-01,,1.0,Standing Order / DCA,GTC,2014-09-02
ord_5137ef81,FILLED,2014-09-02,,1.0,Standing Order / DCA,GTC,2014-09-03
ord_3fd09a2b,FILLED,2014-09-03,,1.0,Standing Order / DCA,GTC,2014-09-04
ord_64d68ed5,FILLED,2014-09-04,,1.0,Standing Order / DCA,GTC,2014-09-05
ord_5e17d48b,FILLED,2014-09-05,,1.0,Standing Order / DCA,GTC,2014-09-08
ord_dd46b5ec,FILLED,2014-09-08,,1.0,Standing Order / DCA,GTC,2014-09-09
ord_7b97a263,FILLED,2014-09-09,,1.0,Standing Order / DCA,GTC,2014-09-10
ord_349808b4,FILLED,2014-09-10,,1.0,Standing Order / DCA,GTC,2014-09-11
ord_abc92d73,FILLED,2014-09-11,,1.0,Standing Order / DCA,GTC,2014-09-12
ord_577f543a,FILLED,2014-09-12,,1.0,Standing Order / DCA,GTC,2014-09-15
ord_d8b58114,FILLED,2014-09-15,,1.0,Standing Order / DCA,GTC,2014-09-16
ord_4f5b58c7,FILLED,2014-09-16,,1.0,Standing Order / DCA,GTC,2014-09-17
ord_3b5fdbd1,FILLED,2014-09-17,,1.0,Standing Order / DCA,GTC,2014-09-18
ord_cafb6af4,FILLED,2014-09-18,,1.0,Standing Order / DCA,GTC,2014-09-19
ord_40d1d526,FILLED,2014-09-19,,1.0,Standing Order / DCA,GTC,2014-09-22
ord_9feecc92,FILLED,2014-09-22,,1.0,Standing Order / DCA,GTC,2014-09-23
ord_70b56723,FILLED,2014-09-23,,1.0,Standing Order / DCA,GTC,2014-09-24
ord_6869db0a,FILLED,2014-09-24,,1.0,Standing Order / DCA,GTC,2014-09-25
ord_4b0ef9d8,FILLED,2014-09-25,,1.0,Standing Order / DCA,GTC,2014-09-26
ord_97248252,FILLED,2014-09-26,,1.0,Standing Order / DCA,GTC,2014-09-29
ord_ba091a67,FILLED,2014-09-29,,1.0,Standing Order / DCA,GTC,2014-09-30
ord_d9ff8b75,FILLED,2014-09-30,,1.0,Standing Order / DCA,GTC,2014-10-01
ord_bb86ef41,FILLED,2014-10-01,,1.0,Standing Order / DCA,GTC,2014-10-02
ord_414a9594,FILLED,2014-10-02,,1.0,Standing Order / DCA,GTC,2014-10-03
ord_3488ec01,FILLED,2014-10-03,,1.0,Standing Order / DCA,GTC,2014-10-06
ord_5d5a915a,FILLED,2014-10-06,,1.0,Standing Order / DCA,GTC,2014-10-07
ord_5a6b2f11,FILLED,2014-10-07,,1.0,Standing Order / DCA,GTC,2014-10-08
ord_0475c3d2,FILLED,2014-10-08,,1.0,Standing Order / DCA,GTC,2014-10-09
ord_19ccc4b3,FILLED,2014-10-09,,1.0,Standing Order / DCA,GTC,2014-10-10
ord_b48ed5a9,FILLED,2014-10-10,,1.0,Standing Order / DCA,GTC,2014-10-13
ord_92cd2030,FILLED,2014-10-13,,1.0,Standing Order / DCA,GTC,2014-10-14
ord_92a0e6cc,FILLED,2014-10-14,,1.0,Standing Order / DCA,GTC,2014-10-15
ord_bfb7c3d4,FILLED,2014-10-15,,1.0,Standing Order / DCA,GTC,2014-10-16
ord_88e357dc,FILLED,2014-10-16,,1.0,Standing Order / DCA,GTC,2014-10-17
ord_95e22055,FILLED,2014-10-17,,1.0,Standing Order / DCA,GTC,2014-10-20
ord_8ab5bb6c,FILLED,2014-10-20,,1.0,Standing Order / DCA,GTC,2014-10-21
ord_8475229e,FILLED,2014-10-21,,1.0,Standing Order / DCA,GTC,2014-10-22
ord_3cd41e20,FILLED,2014-10-22,,1.0,Standing Order / DCA,GTC,2014-10-23
ord_d42ac718,FILLED,2014-10-23,,1.0,Standing Order / DCA,GTC,2014-10-24
ord_578d1412,FILLED,2014-10-24,,1.0,Standing Order / DCA,GTC,2014-10-27
ord_17484422,FILLED,2014-10-27,,1.0,Standing Order / DCA,GTC,2014-10-28
ord_e6763d06,FILLED,2014-10-28,,1.0,Standing Order / DCA,GTC,2014-10-29
ord_d51ecc81,FILLED,2014-10-29,,1.0,Standing Order / DCA,GTC,2014-10-30
ord_2ff7dd75,FILLED,2014-10-30,,1.0,Standing Order / DCA,GTC,2014-10-31
ord_592458f7,FILLED,2014-10-31,,1.0,Standing Order / DCA,GTC,2014-11-03
ord_46a08388,FILLED,2014-11-03,,1.0,Standing Order / DCA,GTC,2014-11-04
ord_d92f2a37,FILLED,2014-11-04,,1.0,Standing Order / DCA,GTC,2014-11-05
ord_6a33949e,FILLED,2014-11-05,,1.0,Standing Order / DCA,GTC,2014-11-06
ord_ef25c3fa,FILLED,2014-11-06,,1.0,Standing Order / DCA,GTC,2014-11-07
ord_aeb06d50,FILLED,2014-11-07,,1.0,Standing Order / DCA,GTC,2014-11-10
ord_0ca7510d,FILLED,2014-11-10,,1.0,Standing Order / DCA,GTC,2014-11-11
ord_d6e31fee,FILLED,2014-11-11,,1.0,Standing Order / DCA,GTC,2014-11-12
ord_a47c3b13,FILLED,2014-11-12,,1.0,Standing Order / DCA,GTC,2014-11-13
ord_ba9aeb87,FILLED,2014-11-13,,1.0,Standing Order / DCA,GTC,2014-11-14
ord_acc43a9c,FILLED,2014-11-14,,1.0,Standing Order / DCA,GTC,2014-11-17
ord_3c6484dc,FILLED,2014-11-17,,1.0,Standing Order / DCA,GTC,2014-11-18
ord_8576aa08,FILLED,2014-11-18,,1.0,Standing Order / DCA,GTC,2014-11-19
ord_0408c4ea,FILLED,2014-11-19,,1.0,Standing Order / DCA,GTC,2014-11-20
ord_9c5883fc,FILLED,2014-11-20,,1.0,Standing Order / DCA,GTC,2014-11-21
ord_1181b443,FILLED,2014-11-21,,1.0,Standing Order / DCA,GTC,2014-11-24
ord_4084c3c5,FILLED,2014-11-24,,1.0,Standing Order / DCA,GTC,2014-11-25
ord_978e0995,FILLED,2014-11-25,,1.0,Standing Order / DCA,GTC,2014-11-26
ord_848bc77f,FILLED,2014-11-26,,1.0,Standing Order / DCA,GTC,2014-11-27
ord_bc7d46a1,FILLED,2014-11-27,,1.0,Standing Order / DCA,GTC,2014-11-28
ord_4d190bec,FILLED,2014-11-28,,1.0,Standing Order / DCA,GTC,2014-12-01
ord_95152f5d,FILLED,2014-12-01,,1.0,Standing Order / DCA,GTC,2014-12-02
ord_a34de5a9,FILLED,2014-12-02,,1.0,Standing Order / DCA,GTC,2014-12-03
ord_5bea29ca,FILLED,2014-12-03,,1.0,Standing Order / DCA,GTC,2014-12-04
ord_91b93910,FILLED,2014-12-04,,1.0,Standing Order / DCA,GTC,2014-12-05
ord_5eaec57b,FILLED,2014-12-05,,1.0,Standing Order / DCA,GTC,2014-12-08
ord_7093b2dc,FILLED,2014-12-08,,0.0,油价击穿成本线与宏观熊市,GTC,2014-12-09
ord_739e78d1,FILLED,2015-02-05,,1.0,突破卖出价右侧防踏空接回,GTC,2015-02-06
ord_187e6d17,FILLED,2015-02-06,,1.0,Standing Order / DCA,GTC,2015-02-09
ord_1fc19b04,FILLED,2015-02-09,,1.0,Standing Order / DCA,GTC,2015-02-10
ord_f4e32c86,FILLED,2015-02-10,,1.0,Standing Order / DCA,GTC,2015-02-11
ord_058505b0,FILLED,2015-02-11,,1.0,Standing Order / DCA,GTC,2015-02-12
ord_35409807,FILLED,2015-02-12,,1.0,Standing Order / DCA,GTC,2015-02-13
ord_df4791b3,FILLED,2015-02-13,,1.0,Standing Order / DCA,GTC,2015-02-16
ord_fe53b7c4,FILLED,2015-02-16,,1.0,Standing Order / DCA,GTC,2015-02-17
ord_803f7b82,FILLED,2015-02-17,,1.0,Standing Order / DCA,GTC,2015-02-18
ord_2e3106e2,FILLED,2015-02-18,,1.0,Standing Order / DCA,GTC,2015-02-19
ord_41b8b55f,FILLED,2015-02-19,,1.0,Standing Order / DCA,GTC,2015-02-20
ord_5aeaeb47,FILLED,2015-02-20,,1.0,Standing Order / DCA,GTC,2015-02-23
ord_d00c2832,FILLED,2015-02-23,,1.0,Standing Order / DCA,GTC,2015-02-24
ord_f43d5558,FILLED,2015-02-24,,1.0,Standing Order / DCA,GTC,2015-02-25
ord_79c8699b,FILLED,2015-02-25,,1.0,Standing Order / DCA,GTC,2015-02-26
ord_d00d3847,FILLED,2015-02-26,,1.0,Standing Order / DCA,GTC,2015-02-27
ord_37580302,FILLED,2015-02-27,,1.0,Standing Order / DCA,GTC,2015-03-02
ord_47d26c51,FILLED,2015-03-02,,1.0,Standing Order / DCA,GTC,2015-03-03
ord_d9b419bd,FILLED,2015-03-03,,1.0,Standing Order / DCA,GTC,2015-03-04
ord_708484b0,FILLED,2015-03-04,,1.0,Standing Order / DCA,GTC,2015-03-05
ord_9128f3c0,FILLED,2015-03-05,,1.0,Standing Order / DCA,GTC,2015-03-06
ord_46f94540,FILLED,2015-03-06,,0.0,油价击穿成本线与宏观熊市,GTC,2015-03-09
ord_87f43e4c,FILLED,2015-04-06,,1.0,突破卖出价右侧防踏空接回,GTC,2015-04-07
ord_4f1c5f5c,FILLED,2015-04-07,,1.0,Standing Order / DCA,GTC,2015-04-08
ord_6788a203,FILLED,2015-04-08,,1.0,Standing Order / DCA,GTC,2015-04-09
ord_857fdf58,FILLED,2015-04-09,,1.0,Standing Order / DCA,GTC,2015-04-10
ord_a100c1fe,FILLED,2015-04-10,,1.0,Standing Order / DCA,GTC,2015-04-13
ord_5470588b,FILLED,2015-04-13,,1.0,Standing Order / DCA,GTC,2015-04-14
ord_07489c08,FILLED,2015-04-14,,1.0,Standing Order / DCA,GTC,2015-04-15
ord_898bc271,FILLED,2015-04-15,,1.0,Standing Order / DCA,GTC,2015-04-16
ord_f9532408,FILLED,2015-04-16,,1.0,Standing Order / DCA,GTC,2015-04-17
ord_b39c8ce1,FILLED,2015-04-17,,1.0,Standing Order / DCA,GTC,2015-04-20
ord_14fe56cd,FILLED,2015-04-20,,1.0,Standing Order / DCA,GTC,2015-04-21
ord_925ba2b1,FILLED,2015-04-21,,1.0,Standing Order / DCA,GTC,2015-04-22
ord_c32df79d,FILLED,2015-04-22,,1.0,Standing Order / DCA,GTC,2015-04-23
ord_df051ec3,FILLED,2015-04-23,,1.0,Standing Order / DCA,GTC,2015-04-24
ord_4b54c5e6,FILLED,2015-04-24,,1.0,Standing Order / DCA,GTC,2015-04-27
ord_1a33fc2c,FILLED,2015-04-27,,1.0,Standing Order / DCA,GTC,2015-04-28
ord_3f056844,FILLED,2015-04-28,,1.0,Standing Order / DCA,GTC,2015-04-29
ord_3dd80d19,FILLED,2015-04-29,,1.0,Standing Order / DCA,GTC,2015-04-30
ord_4c645d8c,FILLED,2015-04-30,,1.0,Standing Order / DCA,GTC,2015-05-01
ord_7c649977,FILLED,2015-05-01,,1.0,Standing Order / DCA,GTC,2015-05-04
ord_40c4d061,FILLED,2015-05-04,,1.0,Standing Order / DCA,GTC,2015-05-05
ord_867af6cf,FILLED,2015-05-05,,1.0,Standing Order / DCA,GTC,2015-05-06
ord_1f332872,FILLED,2015-05-06,,1.0,Standing Order / DCA,GTC,2015-05-07
ord_69c8e1d6,FILLED,2015-05-07,,1.0,Standing Order / DCA,GTC,2015-05-08
ord_295d6978,FILLED,2015-05-08,,1.0,Standing Order / DCA,GTC,2015-05-11
ord_4189d71f,FILLED,2015-05-11,,1.0,Standing Order / DCA,GTC,2015-05-12
ord_3d93acec,FILLED,2015-05-12,,1.0,Standing Order / DCA,GTC,2015-05-13
ord_2517d5a3,FILLED,2015-05-13,,1.0,Standing Order / DCA,GTC,2015-05-14
ord_46d88f9c,FILLED,2015-05-14,,1.0,Standing Order / DCA,GTC,2015-05-15
ord_f2bcaf15,FILLED,2015-05-15,,1.0,Standing Order / DCA,GTC,2015-05-18
ord_127db6af,FILLED,2015-05-18,,1.0,Standing Order / DCA,GTC,2015-05-19
ord_7249425d,FILLED,2015-05-19,,1.0,Standing Order / DCA,GTC,2015-05-20
ord_cfae5cda,FILLED,2015-05-20,,1.0,Standing Order / DCA,GTC,2015-05-21
ord_959ea1ec,FILLED,2015-05-21,,1.0,Standing Order / DCA,GTC,2015-05-22
ord_aab3aba9,FILLED,2015-05-22,,1.0,Standing Order / DCA,GTC,2015-05-25
ord_ce2c0d78,FILLED,2015-05-25,,1.0,Standing Order / DCA,GTC,2015-05-26
ord_6d53f1c8,FILLED,2015-05-26,,0.0,油价击穿成本线与宏观熊市,GTC,2015-05-27
ord_9a67f197,FILLED,2015-08-28,,1.0,极端出清黄金坑抄底,GTC,2015-08-31
ord_d4c0b426,FILLED,2015-08-31,,0.0,油价击穿成本线与宏观熊市,GTC,2015-09-01
ord_c86c8d6f,FILLED,2015-09-01,,1.0,极端出清黄金坑抄底,GTC,2015-09-02
ord_5d5255fc,FILLED,2015-09-02,,0.0,油价击穿成本线与宏观熊市,GTC,2015-09-03
ord_cb75e351,FILLED,2015-09-03,,1.0,极端出清黄金坑抄底,GTC,2015-09-04
ord_00814e7f,FILLED,2015-09-04,,0.0,油价击穿成本线与宏观熊市,GTC,2015-09-07
ord_eb42d96c,FILLED,2015-10-07,,1.0,突破卖出价右侧防踏空接回,GTC,2015-10-08
ord_04a2e0db,FILLED,2015-10-08,,1.0,Standing Order / DCA,GTC,2015-10-09
ord_c74f3760,FILLED,2015-10-09,,1.0,Standing Order / DCA,GTC,2015-10-12
ord_a336cb26,FILLED,2015-10-12,,1.0,Standing Order / DCA,GTC,2015-10-13
ord_fa5bebcc,FILLED,2015-10-13,,1.0,Standing Order / DCA,GTC,2015-10-14
ord_75a86ad5,FILLED,2015-10-14,,1.0,Standing Order / DCA,GTC,2015-10-15
ord_1b662fd5,FILLED,2015-10-15,,1.0,Standing Order / DCA,GTC,2015-10-16
ord_f2fc1577,FILLED,2015-10-16,,1.0,Standing Order / DCA,GTC,2015-10-19
ord_5c6d8bd0,FILLED,2015-10-19,,1.0,Standing Order / DCA,GTC,2015-10-20
ord_b065f00d,FILLED,2015-10-20,,1.0,Standing Order / DCA,GTC,2015-10-21
ord_efeaa7e8,FILLED,2015-10-21,,1.0,Standing Order / DCA,GTC,2015-10-22
ord_a1e37a06,FILLED,2015-10-22,,1.0,Standing Order / DCA,GTC,2015-10-23
ord_5e12dc04,FILLED,2015-10-23,,1.0,Standing Order / DCA,GTC,2015-10-26
ord_a408a70e,FILLED,2015-10-26,,1.0,Standing Order / DCA,GTC,2015-10-27
ord_970c063e,FILLED,2015-10-27,,1.0,Standing Order / DCA,GTC,2015-10-28
ord_03d6e7d8,FILLED,2015-10-28,,1.0,Standing Order / DCA,GTC,2015-10-29
ord_136d09db,FILLED,2015-10-29,,1.0,Standing Order / DCA,GTC,2015-10-30
ord_e7e662d6,FILLED,2015-10-30,,1.0,Standing Order / DCA,GTC,2015-11-02
ord_8422f9c0,FILLED,2015-11-02,,1.0,Standing Order / DCA,GTC,2015-11-03
ord_dc921ef3,FILLED,2015-11-03,,1.0,Standing Order / DCA,GTC,2015-11-04
ord_abf2ea57,FILLED,2015-11-04,,1.0,Standing Order / DCA,GTC,2015-11-05
ord_39da8260,FILLED,2015-11-05,,1.0,Standing Order / DCA,GTC,2015-11-06
ord_fc3de94e,FILLED,2015-11-06,,1.0,Standing Order / DCA,GTC,2015-11-09
ord_53cea0b2,FILLED,2015-11-09,,1.0,Standing Order / DCA,GTC,2015-11-10
ord_93a86146,FILLED,2015-11-10,,1.0,Standing Order / DCA,GTC,2015-11-11
ord_6622fe9b,FILLED,2015-11-11,,1.0,Standing Order / DCA,GTC,2015-11-12
ord_8338b523,FILLED,2015-11-12,,1.0,Standing Order / DCA,GTC,2015-11-13
ord_98ddd9b5,FILLED,2015-11-13,,1.0,Standing Order / DCA,GTC,2015-11-16
ord_fb1c32f1,FILLED,2015-11-16,,1.0,Standing Order / DCA,GTC,2015-11-17
ord_6d0f147c,FILLED,2015-11-17,,1.0,Standing Order / DCA,GTC,2015-11-18
ord_fc4d1be9,FILLED,2015-11-18,,1.0,Standing Order / DCA,GTC,2015-11-19
ord_c28ed390,FILLED,2015-11-19,,1.0,Standing Order / DCA,GTC,2015-11-20
ord_7b6d0bf2,FILLED,2015-11-20,,1.0,Standing Order / DCA,GTC,2015-11-23
ord_38f14ca0,FILLED,2015-11-23,,1.0,Standing Order / DCA,GTC,2015-11-24
ord_0c131373,FILLED,2015-11-24,,1.0,Standing Order / DCA,GTC,2015-11-25
ord_11a8dd20,FILLED,2015-11-25,,1.0,Standing Order / DCA,GTC,2015-11-26
ord_900cb870,FILLED,2015-11-26,,1.0,Standing Order / DCA,GTC,2015-11-27
ord_9a110829,FILLED,2015-11-27,,1.0,Standing Order / DCA,GTC,2015-11-30
ord_4e3ade0c,FILLED,2015-11-30,,1.0,Standing Order / DCA,GTC,2015-12-01
ord_f2cad45f,FILLED,2015-12-01,,1.0,Standing Order / DCA,GTC,2015-12-02
ord_7fd3122c,FILLED,2015-12-02,,0.0,油价击穿成本线与宏观熊市,GTC,2015-12-03
ord_e2ec263d,FILLED,2016-01-22,,1.0,极端出清黄金坑抄底,GTC,2016-01-25
ord_ca653beb,FILLED,2016-01-25,,0.0,油价击穿成本线与宏观熊市,GTC,2016-01-26
ord_0e0fd9ee,FILLED,2016-01-26,,1.0,极端出清黄金坑抄底,GTC,2016-01-27
ord_bd464112,FILLED,2016-01-27,,0.0,油价击穿成本线与宏观熊市,GTC,2016-01-28
ord_2667598b,FILLED,2016-01-28,,1.0,极端出清黄金坑抄底,GTC,2016-01-29
ord_a45b275e,FILLED,2016-01-29,,0.0,油价击穿成本线与宏观熊市,GTC,2016-02-01
ord_9bad9e2a,FILLED,2016-02-01,,1.0,极端出清黄金坑抄底,GTC,2016-02-02
ord_f0acda64,FILLED,2016-02-02,,0.0,油价击穿成本线与宏观熊市,GTC,2016-02-03
ord_c2fda74c,FILLED,2016-02-03,,1.0,极端出清黄金坑抄底,GTC,2016-02-04
ord_f724161b,FILLED,2016-02-04,,0.0,油价击穿成本线与宏观熊市,GTC,2016-02-05
ord_a8c6df5e,FILLED,2016-03-03,,1.0,突破卖出价右侧防踏空接回,GTC,2016-03-04
ord_fb3a6837,FILLED,2016-03-04,,1.0,Standing Order / DCA,GTC,2016-03-07
ord_7801322b,FILLED,2016-03-07,,1.0,Standing Order / DCA,GTC,2016-03-08
ord_a0e274b3,FILLED,2016-03-08,,1.0,Standing Order / DCA,GTC,2016-03-09
ord_d22de104,FILLED,2016-03-09,,1.0,Standing Order / DCA,GTC,2016-03-10
ord_bc2398d0,FILLED,2016-03-10,,1.0,Standing Order / DCA,GTC,2016-03-11
ord_49ef781d,FILLED,2016-03-11,,1.0,Standing Order / DCA,GTC,2016-03-14
ord_72782035,FILLED,2016-03-14,,1.0,Standing Order / DCA,GTC,2016-03-15
ord_d043bc0b,FILLED,2016-03-15,,1.0,Standing Order / DCA,GTC,2016-03-16
ord_3f839d0e,FILLED,2016-03-16,,1.0,Standing Order / DCA,GTC,2016-03-17
ord_3b4319d8,FILLED,2016-03-17,,1.0,Standing Order / DCA,GTC,2016-03-18
ord_027ecd4c,FILLED,2016-03-18,,1.0,Standing Order / DCA,GTC,2016-03-21
ord_08b253c3,FILLED,2016-03-21,,1.0,Standing Order / DCA,GTC,2016-03-22
ord_eb5a3e1b,FILLED,2016-03-22,,1.0,Standing Order / DCA,GTC,2016-03-23
ord_4dfa2373,FILLED,2016-03-23,,1.0,Standing Order / DCA,GTC,2016-03-24
ord_84b11634,FILLED,2016-03-24,,1.0,Standing Order / DCA,GTC,2016-03-25
ord_09dcec78,FILLED,2016-03-25,,1.0,Standing Order / DCA,GTC,2016-03-28
ord_80b9a93d,FILLED,2016-03-28,,1.0,Standing Order / DCA,GTC,2016-03-29
ord_b2d0cd8b,FILLED,2016-03-29,,1.0,Standing Order / DCA,GTC,2016-03-30
ord_168b0b0e,FILLED,2016-03-30,,1.0,Standing Order / DCA,GTC,2016-03-31
ord_f9c82ff5,FILLED,2016-03-31,,1.0,Standing Order / DCA,GTC,2016-04-01
ord_f633f213,FILLED,2016-04-01,,1.0,Standing Order / DCA,GTC,2016-04-04
ord_c9ccaf40,FILLED,2016-04-04,,1.0,Standing Order / DCA,GTC,2016-04-05
ord_9cc858ab,FILLED,2016-04-05,,1.0,Standing Order / DCA,GTC,2016-04-06
ord_df33289d,FILLED,2016-04-06,,1.0,Standing Order / DCA,GTC,2016-04-07
ord_92dc52b0,FILLED,2016-04-07,,1.0,Standing Order / DCA,GTC,2016-04-08
ord_859cf179,FILLED,2016-04-08,,1.0,Standing Order / DCA,GTC,2016-04-11
ord_87197dc0,FILLED,2016-04-11,,1.0,Standing Order / DCA,GTC,2016-04-12
ord_512d0fc6,FILLED,2016-04-12,,1.0,Standing Order / DCA,GTC,2016-04-13
ord_0931e3a1,FILLED,2016-04-13,,1.0,Standing Order / DCA,GTC,2016-04-14
ord_8488673a,FILLED,2016-04-14,,1.0,Standing Order / DCA,GTC,2016-04-15
ord_22c24c8f,FILLED,2016-04-15,,1.0,Standing Order / DCA,GTC,2016-04-18
ord_b21ec713,FILLED,2016-04-18,,1.0,Standing Order / DCA,GTC,2016-04-19
ord_154b28aa,FILLED,2016-04-19,,1.0,Standing Order / DCA,GTC,2016-04-20
ord_e380a880,FILLED,2016-04-20,,1.0,Standing Order / DCA,GTC,2016-04-21
ord_8953a5d6,FILLED,2016-04-21,,1.0,Standing Order / DCA,GTC,2016-04-22
ord_0ec4432a,FILLED,2016-04-22,,1.0,Standing Order / DCA,GTC,2016-04-25
ord_c5c2611e,FILLED,2016-04-25,,1.0,Standing Order / DCA,GTC,2016-04-26
ord_bf66a5e2,FILLED,2016-04-26,,1.0,Standing Order / DCA,GTC,2016-04-27
ord_678abc26,FILLED,2016-04-27,,1.0,Standing Order / DCA,GTC,2016-04-28
ord_f505717d,FILLED,2016-04-28,,1.0,Standing Order / DCA,GTC,2016-04-29
ord_68a92f1f,FILLED,2016-04-29,,1.0,Standing Order / DCA,GTC,2016-05-02
ord_c24ee61f,FILLED,2016-05-02,,1.0,Standing Order / DCA,GTC,2016-05-03
ord_4927f80a,FILLED,2016-05-03,,1.0,Standing Order / DCA,GTC,2016-05-04
ord_7a1bc262,FILLED,2016-05-04,,1.0,Standing Order / DCA,GTC,2016-05-05
ord_5bc3d28f,FILLED,2016-05-05,,1.0,Standing Order / DCA,GTC,2016-05-06
ord_0c7b39ea,FILLED,2016-05-06,,1.0,Standing Order / DCA,GTC,2016-05-09
ord_3bef2e9d,FILLED,2016-05-09,,1.0,Standing Order / DCA,GTC,2016-05-10
ord_2575a85f,FILLED,2016-05-10,,1.0,Standing Order / DCA,GTC,2016-05-11
ord_2b7558b0,FILLED,2016-05-11,,1.0,Standing Order / DCA,GTC,2016-05-12
ord_97e240e1,FILLED,2016-05-12,,1.0,Standing Order / DCA,GTC,2016-05-13
ord_19e1033c,FILLED,2016-05-13,,1.0,Standing Order / DCA,GTC,2016-05-16
ord_c2693d88,FILLED,2016-05-16,,1.0,Standing Order / DCA,GTC,2016-05-17
ord_a7dba3e5,FILLED,2016-05-17,,1.0,Standing Order / DCA,GTC,2016-05-18
ord_4b057604,FILLED,2016-05-18,,1.0,Standing Order / DCA,GTC,2016-05-19
ord_3e4c6e50,FILLED,2016-05-19,,1.0,Standing Order / DCA,GTC,2016-05-20
ord_d842da35,FILLED,2016-05-20,,1.0,Standing Order / DCA,GTC,2016-05-23
ord_ce5a20f3,FILLED,2016-05-23,,1.0,Standing Order / DCA,GTC,2016-05-24
ord_a8a691e2,FILLED,2016-05-24,,1.0,Standing Order / DCA,GTC,2016-05-25
ord_2382e9ac,FILLED,2016-05-25,,1.0,Standing Order / DCA,GTC,2016-05-26
ord_1550d737,FILLED,2016-05-26,,1.0,Standing Order / DCA,GTC,2016-05-27
ord_2f2461d7,FILLED,2016-05-27,,1.0,Standing Order / DCA,GTC,2016-05-30
ord_d2ff2592,FILLED,2016-05-30,,1.0,Standing Order / DCA,GTC,2016-05-31
ord_f0d149c8,FILLED,2016-05-31,,1.0,Standing Order / DCA,GTC,2016-06-01
ord_6872078f,FILLED,2016-06-01,,1.0,Standing Order / DCA,GTC,2016-06-02
ord_4d8a453f,FILLED,2016-06-02,,1.0,Standing Order / DCA,GTC,2016-06-03
ord_5445784a,FILLED,2016-06-03,,1.0,Standing Order / DCA,GTC,2016-06-06
ord_23141f93,FILLED,2016-06-06,,1.0,Standing Order / DCA,GTC,2016-06-07
ord_ea9831aa,FILLED,2016-06-07,,1.0,Standing Order / DCA,GTC,2016-06-08
ord_0d206e5f,FILLED,2016-06-08,,1.0,Standing Order / DCA,GTC,2016-06-09
ord_f4f3cd59,FILLED,2016-06-09,,1.0,Standing Order / DCA,GTC,2016-06-10
ord_cea4447a,FILLED,2016-06-10,,1.0,Standing Order / DCA,GTC,2016-06-13
ord_6eb9fa12,FILLED,2016-06-13,,1.0,Standing Order / DCA,GTC,2016-06-14
ord_03c068f8,FILLED,2016-06-14,,1.0,Standing Order / DCA,GTC,2016-06-15
ord_906df636,FILLED,2016-06-15,,1.0,Standing Order / DCA,GTC,2016-06-16
ord_2b8950b6,FILLED,2016-06-16,,1.0,Standing Order / DCA,GTC,2016-06-17
ord_fd3dd471,FILLED,2016-06-17,,1.0,Standing Order / DCA,GTC,2016-06-20
ord_29097fdf,FILLED,2016-06-20,,1.0,Standing Order / DCA,GTC,2016-06-21
ord_372d3345,FILLED,2016-06-21,,1.0,Standing Order / DCA,GTC,2016-06-22
ord_2d335901,FILLED,2016-06-22,,1.0,Standing Order / DCA,GTC,2016-06-23
ord_8a63a9bd,FILLED,2016-06-23,,1.0,Standing Order / DCA,GTC,2016-06-24
ord_78e32fee,FILLED,2016-06-24,,1.0,Standing Order / DCA,GTC,2016-06-27
ord_6cbd2b50,FILLED,2016-06-27,,1.0,Standing Order / DCA,GTC,2016-06-28
ord_c553dd5b,FILLED,2016-06-28,,1.0,Standing Order / DCA,GTC,2016-06-29
ord_029e835d,FILLED,2016-06-29,,1.0,Standing Order / DCA,GTC,2016-06-30
ord_9f19ddda,FILLED,2016-06-30,,1.0,Standing Order / DCA,GTC,2016-07-01
ord_46473d15,FILLED,2016-07-01,,1.0,Standing Order / DCA,GTC,2016-07-04
ord_58b17227,FILLED,2016-07-04,,1.0,Standing Order / DCA,GTC,2016-07-05
ord_ac2cb00e,FILLED,2016-07-05,,1.0,Standing Order / DCA,GTC,2016-07-06
ord_207b73fa,FILLED,2016-07-06,,1.0,Standing Order / DCA,GTC,2016-07-07
ord_4ac511cc,FILLED,2016-07-07,,1.0,Standing Order / DCA,GTC,2016-07-08
ord_cb4ed959,FILLED,2016-07-08,,1.0,Standing Order / DCA,GTC,2016-07-11
ord_eb4ef1a6,FILLED,2016-07-11,,1.0,Standing Order / DCA,GTC,2016-07-12
ord_4621c6b5,FILLED,2016-07-12,,1.0,Standing Order / DCA,GTC,2016-07-13
ord_95ff9186,FILLED,2016-07-13,,1.0,Standing Order / DCA,GTC,2016-07-14
ord_2ed01afc,FILLED,2016-07-14,,1.0,Standing Order / DCA,GTC,2016-07-15
ord_b3c72035,FILLED,2016-07-15,,1.0,Standing Order / DCA,GTC,2016-07-18
ord_c94b048c,FILLED,2016-07-18,,1.0,Standing Order / DCA,GTC,2016-07-19
ord_086b9248,FILLED,2016-07-19,,1.0,Standing Order / DCA,GTC,2016-07-20
ord_b1f301a9,FILLED,2016-07-20,,1.0,Standing Order / DCA,GTC,2016-07-21
ord_a762c7ee,FILLED,2016-07-21,,1.0,Standing Order / DCA,GTC,2016-07-22
ord_f825a9d7,FILLED,2016-07-22,,1.0,Standing Order / DCA,GTC,2016-07-25
ord_af2c93b5,FILLED,2016-07-25,,1.0,Standing Order / DCA,GTC,2016-07-26
ord_0d145b79,FILLED,2016-07-26,,1.0,Standing Order / DCA,GTC,2016-07-27
ord_382fd6d5,FILLED,2016-07-27,,1.0,Standing Order / DCA,GTC,2016-07-28
ord_79dd7217,FILLED,2016-07-28,,1.0,Standing Order / DCA,GTC,2016-07-29
ord_e0b450e2,FILLED,2016-07-29,,1.0,Standing Order / DCA,GTC,2016-08-01
ord_8b9c3a61,FILLED,2016-08-01,,1.0,Standing Order / DCA,GTC,2016-08-02
ord_619e9b69,FILLED,2016-08-02,,1.0,Standing Order / DCA,GTC,2016-08-03
ord_77f7488d,FILLED,2016-08-03,,1.0,Standing Order / DCA,GTC,2016-08-04
ord_0fa01277,FILLED,2016-08-04,,1.0,Standing Order / DCA,GTC,2016-08-05
ord_42ea13a5,FILLED,2016-08-05,,1.0,Standing Order / DCA,GTC,2016-08-08
ord_79396855,FILLED,2016-08-08,,1.0,Standing Order / DCA,GTC,2016-08-09
ord_b5ac3ae4,FILLED,2016-08-09,,1.0,Standing Order / DCA,GTC,2016-08-10
ord_d968ee5e,FILLED,2016-08-10,,1.0,Standing Order / DCA,GTC,2016-08-11
ord_0c784db8,FILLED,2016-08-11,,1.0,Standing Order / DCA,GTC,2016-08-12
ord_a09672b8,FILLED,2016-08-12,,1.0,Standing Order / DCA,GTC,2016-08-15
ord_1b0199a1,FILLED,2016-08-15,,1.0,Standing Order / DCA,GTC,2016-08-16
ord_357fe5dc,FILLED,2016-08-16,,1.0,Standing Order / DCA,GTC,2016-08-17
ord_5d3751c6,FILLED,2016-08-17,,1.0,Standing Order / DCA,GTC,2016-08-18
ord_9765b6e1,FILLED,2016-08-18,,1.0,Standing Order / DCA,GTC,2016-08-19
ord_16e63113,FILLED,2016-08-19,,1.0,Standing Order / DCA,GTC,2016-08-22
ord_5521f3bd,FILLED,2016-08-22,,1.0,Standing Order / DCA,GTC,2016-08-23
ord_7bd7e0e6,FILLED,2016-08-23,,1.0,Standing Order / DCA,GTC,2016-08-24
ord_62426745,FILLED,2016-08-24,,1.0,Standing Order / DCA,GTC,2016-08-25
ord_5e69a7f7,FILLED,2016-08-25,,1.0,Standing Order / DCA,GTC,2016-08-26
ord_f2e05571,FILLED,2016-08-26,,1.0,Standing Order / DCA,GTC,2016-08-29
ord_8ac1940a,FILLED,2016-08-29,,1.0,Standing Order / DCA,GTC,2016-08-30
ord_85868bcf,FILLED,2016-08-30,,1.0,Standing Order / DCA,GTC,2016-08-31
ord_450dd9e1,FILLED,2016-08-31,,1.0,Standing Order / DCA,GTC,2016-09-01
ord_bfc1d2e3,FILLED,2016-09-01,,1.0,Standing Order / DCA,GTC,2016-09-02
ord_74ef0515,FILLED,2016-09-02,,1.0,Standing Order / DCA,GTC,2016-09-05
ord_c40980e9,FILLED,2016-09-05,,1.0,Standing Order / DCA,GTC,2016-09-06
ord_444f4b2c,FILLED,2016-09-06,,1.0,Standing Order / DCA,GTC,2016-09-07
ord_706882ed,FILLED,2016-09-07,,1.0,Standing Order / DCA,GTC,2016-09-08
ord_92aa8492,FILLED,2016-09-08,,1.0,Standing Order / DCA,GTC,2016-09-09
ord_6396db4d,FILLED,2016-09-09,,1.0,Standing Order / DCA,GTC,2016-09-12
ord_62e0c0a5,FILLED,2016-09-12,,1.0,Standing Order / DCA,GTC,2016-09-13
ord_af96e215,FILLED,2016-09-13,,1.0,Standing Order / DCA,GTC,2016-09-14
ord_47777b78,FILLED,2016-09-14,,1.0,Standing Order / DCA,GTC,2016-09-15
ord_922485b9,FILLED,2016-09-15,,1.0,Standing Order / DCA,GTC,2016-09-16
ord_7f21b7c5,FILLED,2016-09-16,,1.0,Standing Order / DCA,GTC,2016-09-19
ord_c655e20a,FILLED,2016-09-19,,1.0,Standing Order / DCA,GTC,2016-09-20
ord_8b646aa1,FILLED,2016-09-20,,1.0,Standing Order / DCA,GTC,2016-09-21
ord_72259b65,FILLED,2016-09-21,,1.0,Standing Order / DCA,GTC,2016-09-22
ord_13ba8d12,FILLED,2016-09-22,,1.0,Standing Order / DCA,GTC,2016-09-23
ord_456b56c3,FILLED,2016-09-23,,1.0,Standing Order / DCA,GTC,2016-09-26
ord_7674401a,FILLED,2016-09-26,,1.0,Standing Order / DCA,GTC,2016-09-27
ord_eaccd4a3,FILLED,2016-09-27,,1.0,Standing Order / DCA,GTC,2016-09-28
ord_2c544544,FILLED,2016-09-28,,1.0,Standing Order / DCA,GTC,2016-09-29
ord_9d4d46c4,FILLED,2016-09-29,,1.0,Standing Order / DCA,GTC,2016-09-30
ord_a6536e87,FILLED,2016-09-30,,1.0,Standing Order / DCA,GTC,2016-10-03
ord_c9eb2ad5,FILLED,2016-10-03,,1.0,Standing Order / DCA,GTC,2016-10-04
ord_ba0793ab,FILLED,2016-10-04,,1.0,Standing Order / DCA,GTC,2016-10-05
ord_3115c57c,FILLED,2016-10-05,,1.0,Standing Order / DCA,GTC,2016-10-06
ord_505c7474,FILLED,2016-10-06,,1.0,Standing Order / DCA,GTC,2016-10-07
ord_42833ee6,FILLED,2016-10-07,,1.0,Standing Order / DCA,GTC,2016-10-10
ord_a4767e97,FILLED,2016-10-10,,1.0,Standing Order / DCA,GTC,2016-10-11
ord_e8f8c7f6,FILLED,2016-10-11,,1.0,Standing Order / DCA,GTC,2016-10-12
ord_084f2017,FILLED,2016-10-12,,1.0,Standing Order / DCA,GTC,2016-10-13
ord_ebf4d8f4,FILLED,2016-10-13,,1.0,Standing Order / DCA,GTC,2016-10-14
ord_680c7b12,FILLED,2016-10-14,,1.0,Standing Order / DCA,GTC,2016-10-17
ord_1b53ad12,FILLED,2016-10-17,,1.0,Standing Order / DCA,GTC,2016-10-18
ord_dda73698,FILLED,2016-10-18,,1.0,Standing Order / DCA,GTC,2016-10-19
ord_e4813151,FILLED,2016-10-19,,1.0,Standing Order / DCA,GTC,2016-10-20
ord_85b1aacd,FILLED,2016-10-20,,1.0,Standing Order / DCA,GTC,2016-10-21
ord_f1f30011,FILLED,2016-10-21,,1.0,Standing Order / DCA,GTC,2016-10-24
ord_dfcc6d87,FILLED,2016-10-24,,1.0,Standing Order / DCA,GTC,2016-10-25
ord_ac6af0e9,FILLED,2016-10-25,,1.0,Standing Order / DCA,GTC,2016-10-26
ord_e5d9f1a1,FILLED,2016-10-26,,1.0,Standing Order / DCA,GTC,2016-10-27
ord_2299f96e,FILLED,2016-10-27,,1.0,Standing Order / DCA,GTC,2016-10-28
ord_351e1d09,FILLED,2016-10-28,,1.0,Standing Order / DCA,GTC,2016-10-31
ord_87090cce,FILLED,2016-10-31,,1.0,Standing Order / DCA,GTC,2016-11-01
ord_6d4e15de,FILLED,2016-11-01,,1.0,Standing Order / DCA,GTC,2016-11-02
ord_d7ec889d,FILLED,2016-11-02,,1.0,Standing Order / DCA,GTC,2016-11-03
ord_cd40ed4b,FILLED,2016-11-03,,1.0,Standing Order / DCA,GTC,2016-11-04
ord_fa8deff5,FILLED,2016-11-04,,1.0,Standing Order / DCA,GTC,2016-11-07
ord_e37bd02c,FILLED,2016-11-07,,1.0,Standing Order / DCA,GTC,2016-11-08
ord_a37e4cf0,FILLED,2016-11-08,,1.0,Standing Order / DCA,GTC,2016-11-09
ord_9213053e,FILLED,2016-11-09,,1.0,Standing Order / DCA,GTC,2016-11-10
ord_53700e93,FILLED,2016-11-10,,1.0,Standing Order / DCA,GTC,2016-11-11
ord_f3d96106,FILLED,2016-11-11,,1.0,Standing Order / DCA,GTC,2016-11-14
ord_980e39ca,FILLED,2016-11-14,,1.0,Standing Order / DCA,GTC,2016-11-15
ord_035463f9,FILLED,2016-11-15,,1.0,Standing Order / DCA,GTC,2016-11-16
ord_25803bb0,FILLED,2016-11-16,,1.0,Standing Order / DCA,GTC,2016-11-17
ord_68c2f66f,FILLED,2016-11-17,,1.0,Standing Order / DCA,GTC,2016-11-18
ord_3dd5ea0b,FILLED,2016-11-18,,1.0,Standing Order / DCA,GTC,2016-11-21
ord_05ba0f2e,FILLED,2016-11-21,,1.0,Standing Order / DCA,GTC,2016-11-22
ord_c66e6325,FILLED,2016-11-22,,1.0,Standing Order / DCA,GTC,2016-11-23
ord_7b79c33b,FILLED,2016-11-23,,1.0,Standing Order / DCA,GTC,2016-11-24
ord_4f4381e1,FILLED,2016-11-24,,1.0,Standing Order / DCA,GTC,2016-11-25
ord_d8678a13,FILLED,2016-11-25,,1.0,Standing Order / DCA,GTC,2016-11-28
ord_0e1a5a21,FILLED,2016-11-28,,1.0,Standing Order / DCA,GTC,2016-11-29
ord_d687ad1d,FILLED,2016-11-29,,1.0,Standing Order / DCA,GTC,2016-11-30
ord_50e33e6b,FILLED,2016-11-30,,1.0,Standing Order / DCA,GTC,2016-12-01
ord_9fa30973,FILLED,2016-12-01,,1.0,Standing Order / DCA,GTC,2016-12-02
ord_1a6bafbf,FILLED,2016-12-02,,1.0,Standing Order / DCA,GTC,2016-12-05
ord_08a4ca2d,FILLED,2016-12-05,,1.0,Standing Order / DCA,GTC,2016-12-06
ord_3f05bf45,FILLED,2016-12-06,,1.0,Standing Order / DCA,GTC,2016-12-07
ord_76643ecd,FILLED,2016-12-07,,1.0,Standing Order / DCA,GTC,2016-12-08
ord_f11826af,FILLED,2016-12-08,,1.0,Standing Order / DCA,GTC,2016-12-09
ord_3e3f39ca,FILLED,2016-12-09,,1.0,Standing Order / DCA,GTC,2016-12-12
ord_34f6b8d4,FILLED,2016-12-12,,1.0,Standing Order / DCA,GTC,2016-12-13
ord_710634c9,FILLED,2016-12-13,,1.0,Standing Order / DCA,GTC,2016-12-14
ord_ed5fee17,FILLED,2016-12-14,,1.0,Standing Order / DCA,GTC,2016-12-15
ord_595e74fd,FILLED,2016-12-15,,1.0,Standing Order / DCA,GTC,2016-12-16
ord_9165d5cb,FILLED,2016-12-16,,1.0,Standing Order / DCA,GTC,2016-12-19
ord_97fc476c,FILLED,2016-12-19,,1.0,Standing Order / DCA,GTC,2016-12-20
ord_11e9fc64,FILLED,2016-12-20,,1.0,Standing Order / DCA,GTC,2016-12-21
ord_00709d2e,FILLED,2016-12-21,,1.0,Standing Order / DCA,GTC,2016-12-22
ord_47cdc664,FILLED,2016-12-22,,1.0,Standing Order / DCA,GTC,2016-12-23
ord_92afda54,FILLED,2016-12-23,,1.0,Standing Order / DCA,GTC,2016-12-26
ord_55bec311,FILLED,2016-12-26,,1.0,Standing Order / DCA,GTC,2016-12-27
ord_188a0cca,FILLED,2016-12-27,,1.0,Standing Order / DCA,GTC,2016-12-28
ord_1e137e33,FILLED,2016-12-28,,1.0,Standing Order / DCA,GTC,2016-12-29
ord_84e27235,FILLED,2016-12-29,,1.0,Standing Order / DCA,GTC,2016-12-30
ord_b34443b6,FILLED,2016-12-30,,1.0,Standing Order / DCA,GTC,2017-01-02
ord_26c177ec,FILLED,2017-01-02,,1.0,Standing Order / DCA,GTC,2017-01-03
ord_cfe92bb3,FILLED,2017-01-03,,1.0,Standing Order / DCA,GTC,2017-01-04
ord_d189a9c8,FILLED,2017-01-04,,1.0,Standing Order / DCA,GTC,2017-01-05
ord_c75cdf9f,FILLED,2017-01-05,,1.0,Standing Order / DCA,GTC,2017-01-06
ord_b7ca7a3d,FILLED,2017-01-06,,1.0,Standing Order / DCA,GTC,2017-01-09
ord_ddbfa7a3,FILLED,2017-01-09,,1.0,Standing Order / DCA,GTC,2017-01-10
ord_be38aee1,FILLED,2017-01-10,,1.0,Standing Order / DCA,GTC,2017-01-11
ord_1f706b22,FILLED,2017-01-11,,1.0,Standing Order / DCA,GTC,2017-01-12
ord_f672551f,FILLED,2017-01-12,,1.0,Standing Order / DCA,GTC,2017-01-13
ord_4bcbe321,FILLED,2017-01-13,,1.0,Standing Order / DCA,GTC,2017-01-16
ord_07179cec,FILLED,2017-01-16,,1.0,Standing Order / DCA,GTC,2017-01-17
ord_ae7ba6d6,FILLED,2017-01-17,,1.0,Standing Order / DCA,GTC,2017-01-18
ord_46cde0de,FILLED,2017-01-18,,1.0,Standing Order / DCA,GTC,2017-01-19
ord_ba724f8a,FILLED,2017-01-19,,1.0,Standing Order / DCA,GTC,2017-01-20
ord_ae0680e1,FILLED,2017-01-20,,1.0,Standing Order / DCA,GTC,2017-01-23
ord_12694095,FILLED,2017-01-23,,1.0,Standing Order / DCA,GTC,2017-01-24
ord_4f74533d,FILLED,2017-01-24,,1.0,Standing Order / DCA,GTC,2017-01-25
ord_c0ea8943,FILLED,2017-01-25,,1.0,Standing Order / DCA,GTC,2017-01-26
ord_4d0737b2,FILLED,2017-01-26,,1.0,Standing Order / DCA,GTC,2017-01-27
ord_fde5e7e6,FILLED,2017-01-27,,1.0,Standing Order / DCA,GTC,2017-01-30
ord_582d4f4b,FILLED,2017-01-30,,1.0,Standing Order / DCA,GTC,2017-01-31
ord_8394bbd5,FILLED,2017-01-31,,1.0,Standing Order / DCA,GTC,2017-02-01
ord_a208fa4d,FILLED,2017-02-01,,1.0,Standing Order / DCA,GTC,2017-02-02
ord_c26dfa14,FILLED,2017-02-02,,1.0,Standing Order / DCA,GTC,2017-02-03
ord_1b42297b,FILLED,2017-02-03,,1.0,Standing Order / DCA,GTC,2017-02-06
ord_7177803c,FILLED,2017-02-06,,1.0,Standing Order / DCA,GTC,2017-02-07
ord_fe2d7ee2,FILLED,2017-02-07,,1.0,Standing Order / DCA,GTC,2017-02-08
ord_27d586c9,FILLED,2017-02-08,,1.0,Standing Order / DCA,GTC,2017-02-09
ord_fd90e16d,FILLED,2017-02-09,,1.0,Standing Order / DCA,GTC,2017-02-10
ord_6435d39c,FILLED,2017-02-10,,1.0,Standing Order / DCA,GTC,2017-02-13
ord_4646c61a,FILLED,2017-02-13,,1.0,Standing Order / DCA,GTC,2017-02-14
ord_8cf57d9c,FILLED,2017-02-14,,1.0,Standing Order / DCA,GTC,2017-02-15
ord_f39764c6,FILLED,2017-02-15,,1.0,Standing Order / DCA,GTC,2017-02-16
ord_b970f52c,FILLED,2017-02-16,,1.0,Standing Order / DCA,GTC,2017-02-17
ord_626dcf70,FILLED,2017-02-17,,1.0,Standing Order / DCA,GTC,2017-02-20
ord_51633094,FILLED,2017-02-20,,1.0,Standing Order / DCA,GTC,2017-02-21
ord_f9afb12d,FILLED,2017-02-21,,1.0,Standing Order / DCA,GTC,2017-02-22
ord_80b6dbdf,FILLED,2017-02-22,,1.0,Standing Order / DCA,GTC,2017-02-23
ord_2c5e668f,FILLED,2017-02-23,,1.0,Standing Order / DCA,GTC,2017-02-24
ord_93ee4891,FILLED,2017-02-24,,1.0,Standing Order / DCA,GTC,2017-02-27
ord_1d7905f3,FILLED,2017-02-27,,1.0,Standing Order / DCA,GTC,2017-02-28
ord_81eb99cf,FILLED,2017-02-28,,1.0,Standing Order / DCA,GTC,2017-03-01
ord_038911e6,FILLED,2017-03-01,,1.0,Standing Order / DCA,GTC,2017-03-02
ord_57e880cf,FILLED,2017-03-02,,1.0,Standing Order / DCA,GTC,2017-03-03
ord_41e65fba,FILLED,2017-03-03,,1.0,Standing Order / DCA,GTC,2017-03-06
ord_2d5b5229,FILLED,2017-03-06,,1.0,Standing Order / DCA,GTC,2017-03-07
ord_07a67953,FILLED,2017-03-07,,1.0,Standing Order / DCA,GTC,2017-03-08
ord_ea942b38,FILLED,2017-03-08,,1.0,Standing Order / DCA,GTC,2017-03-09
ord_b5de6e1d,FILLED,2017-03-09,,1.0,Standing Order / DCA,GTC,2017-03-10
ord_7c72db5a,FILLED,2017-03-10,,0.0,油价击穿成本线与宏观熊市,GTC,2017-03-13
ord_4b34b34c,FILLED,2017-07-28,,1.0,油价企稳成本线且趋势重构,GTC,2017-07-31
ord_3dfbe409,FILLED,2017-07-31,,1.0,Standing Order / DCA,GTC,2017-08-01
ord_6a58c53c,FILLED,2017-08-01,,1.0,Standing Order / DCA,GTC,2017-08-02
ord_3b860cff,FILLED,2017-08-02,,1.0,Standing Order / DCA,GTC,2017-08-03
ord_543dab4e,FILLED,2017-08-03,,1.0,Standing Order / DCA,GTC,2017-08-04
ord_ea111d29,FILLED,2017-08-04,,1.0,Standing Order / DCA,GTC,2017-08-07
ord_31e49ca1,FILLED,2017-08-07,,1.0,Standing Order / DCA,GTC,2017-08-08
ord_ba419035,FILLED,2017-08-08,,1.0,Standing Order / DCA,GTC,2017-08-09
ord_e715986a,FILLED,2017-08-09,,1.0,Standing Order / DCA,GTC,2017-08-10
ord_7a0b50bf,FILLED,2017-08-10,,1.0,Standing Order / DCA,GTC,2017-08-11
ord_2b4e78e7,FILLED,2017-08-11,,1.0,Standing Order / DCA,GTC,2017-08-14
ord_7c6a7644,FILLED,2017-08-14,,1.0,Standing Order / DCA,GTC,2017-08-15
ord_bc58acd9,FILLED,2017-08-15,,1.0,Standing Order / DCA,GTC,2017-08-16
ord_07700476,FILLED,2017-08-16,,1.0,Standing Order / DCA,GTC,2017-08-17
ord_7416f68c,FILLED,2017-08-17,,1.0,Standing Order / DCA,GTC,2017-08-18
ord_ebed3a8c,FILLED,2017-08-18,,1.0,Standing Order / DCA,GTC,2017-08-21
ord_a16b4d1a,FILLED,2017-08-21,,1.0,Standing Order / DCA,GTC,2017-08-22
ord_e846373a,FILLED,2017-08-22,,1.0,Standing Order / DCA,GTC,2017-08-23
ord_2a2fd0bf,FILLED,2017-08-23,,1.0,Standing Order / DCA,GTC,2017-08-24
ord_dc0d2c3d,FILLED,2017-08-24,,1.0,Standing Order / DCA,GTC,2017-08-25
ord_70652357,FILLED,2017-08-25,,1.0,Standing Order / DCA,GTC,2017-08-28
ord_4705ac37,FILLED,2017-08-28,,1.0,Standing Order / DCA,GTC,2017-08-29
ord_f0f87eae,FILLED,2017-08-29,,1.0,Standing Order / DCA,GTC,2017-08-30
ord_2722db0f,FILLED,2017-08-30,,1.0,Standing Order / DCA,GTC,2017-08-31
ord_e62058e1,FILLED,2017-08-31,,1.0,Standing Order / DCA,GTC,2017-09-01
ord_8cbd3204,FILLED,2017-09-01,,1.0,Standing Order / DCA,GTC,2017-09-04
ord_8a406042,FILLED,2017-09-04,,1.0,Standing Order / DCA,GTC,2017-09-05
ord_45f6fbe7,FILLED,2017-09-05,,1.0,Standing Order / DCA,GTC,2017-09-06
ord_834a0cac,FILLED,2017-09-06,,1.0,Standing Order / DCA,GTC,2017-09-07
ord_021c4b78,FILLED,2017-09-07,,1.0,Standing Order / DCA,GTC,2017-09-08
ord_43cc8f0e,FILLED,2017-09-08,,1.0,Standing Order / DCA,GTC,2017-09-11
ord_32dbc28b,FILLED,2017-09-11,,1.0,Standing Order / DCA,GTC,2017-09-12
ord_ed419adf,FILLED,2017-09-12,,1.0,Standing Order / DCA,GTC,2017-09-13
ord_35355ae6,FILLED,2017-09-13,,1.0,Standing Order / DCA,GTC,2017-09-14
ord_9501bcc6,FILLED,2017-09-14,,1.0,Standing Order / DCA,GTC,2017-09-15
ord_e2d0d250,FILLED,2017-09-15,,1.0,Standing Order / DCA,GTC,2017-09-18
ord_489c0ab4,FILLED,2017-09-18,,1.0,Standing Order / DCA,GTC,2017-09-19
ord_701d194b,FILLED,2017-09-19,,1.0,Standing Order / DCA,GTC,2017-09-20
ord_726f52aa,FILLED,2017-09-20,,1.0,Standing Order / DCA,GTC,2017-09-21
ord_48c69659,FILLED,2017-09-21,,1.0,Standing Order / DCA,GTC,2017-09-22
ord_ae45ea97,FILLED,2017-09-22,,1.0,Standing Order / DCA,GTC,2017-09-25
ord_d21eb6d4,FILLED,2017-09-25,,1.0,Standing Order / DCA,GTC,2017-09-26
ord_b3eb14eb,FILLED,2017-09-26,,1.0,Standing Order / DCA,GTC,2017-09-27
ord_91d71265,FILLED,2017-09-27,,1.0,Standing Order / DCA,GTC,2017-09-28
ord_12052f53,FILLED,2017-09-28,,1.0,Standing Order / DCA,GTC,2017-09-29
ord_e8d2518b,FILLED,2017-09-29,,1.0,Standing Order / DCA,GTC,2017-10-02
ord_e308a51d,FILLED,2017-10-02,,1.0,Standing Order / DCA,GTC,2017-10-03
ord_58fdde06,FILLED,2017-10-03,,1.0,Standing Order / DCA,GTC,2017-10-04
ord_d21f762b,FILLED,2017-10-04,,1.0,Standing Order / DCA,GTC,2017-10-05
ord_868c8f05,FILLED,2017-10-05,,1.0,Standing Order / DCA,GTC,2017-10-06
ord_93a63c39,FILLED,2017-10-06,,1.0,Standing Order / DCA,GTC,2017-10-09
ord_d1afa0b3,FILLED,2017-10-09,,1.0,Standing Order / DCA,GTC,2017-10-10
ord_37e27e51,FILLED,2017-10-10,,1.0,Standing Order / DCA,GTC,2017-10-11
ord_80b4b2c3,FILLED,2017-10-11,,1.0,Standing Order / DCA,GTC,2017-10-12
ord_4cdb1ed1,FILLED,2017-10-12,,1.0,Standing Order / DCA,GTC,2017-10-13
ord_6a2d9d27,FILLED,2017-10-13,,1.0,Standing Order / DCA,GTC,2017-10-16
ord_314e1fd5,FILLED,2017-10-16,,1.0,Standing Order / DCA,GTC,2017-10-17
ord_10239f5f,FILLED,2017-10-17,,1.0,Standing Order / DCA,GTC,2017-10-18
ord_8f3080a3,FILLED,2017-10-18,,1.0,Standing Order / DCA,GTC,2017-10-19
ord_6b644c0e,FILLED,2017-10-19,,1.0,Standing Order / DCA,GTC,2017-10-20
ord_90dd6a99,FILLED,2017-10-20,,1.0,Standing Order / DCA,GTC,2017-10-23
ord_b51a04aa,FILLED,2017-10-23,,1.0,Standing Order / DCA,GTC,2017-10-24
ord_4c80578f,FILLED,2017-10-24,,1.0,Standing Order / DCA,GTC,2017-10-25
ord_240db17c,FILLED,2017-10-25,,1.0,Standing Order / DCA,GTC,2017-10-26
ord_d9df5f8d,FILLED,2017-10-26,,1.0,Standing Order / DCA,GTC,2017-10-27
ord_fe72e346,FILLED,2017-10-27,,1.0,Standing Order / DCA,GTC,2017-10-30
ord_dc2921c4,FILLED,2017-10-30,,1.0,Standing Order / DCA,GTC,2017-10-31
ord_0a016775,FILLED,2017-10-31,,1.0,Standing Order / DCA,GTC,2017-11-01
ord_2c7117a8,FILLED,2017-11-01,,1.0,Standing Order / DCA,GTC,2017-11-02
ord_4d2af9e8,FILLED,2017-11-02,,1.0,Standing Order / DCA,GTC,2017-11-03
ord_a009abaf,FILLED,2017-11-03,,1.0,Standing Order / DCA,GTC,2017-11-06
ord_05ab6cd0,FILLED,2017-11-06,,1.0,Standing Order / DCA,GTC,2017-11-07
ord_9551344c,FILLED,2017-11-07,,1.0,Standing Order / DCA,GTC,2017-11-08
ord_c4d3e67f,FILLED,2017-11-08,,1.0,Standing Order / DCA,GTC,2017-11-09
ord_01cfa93c,FILLED,2017-11-09,,1.0,Standing Order / DCA,GTC,2017-11-10
ord_6ab4b9f0,FILLED,2017-11-10,,1.0,Standing Order / DCA,GTC,2017-11-13
ord_23197a3a,FILLED,2017-11-13,,1.0,Standing Order / DCA,GTC,2017-11-14
ord_d8157f51,FILLED,2017-11-14,,1.0,Standing Order / DCA,GTC,2017-11-15
ord_44326435,FILLED,2017-11-15,,1.0,Standing Order / DCA,GTC,2017-11-16
ord_8d4125e4,FILLED,2017-11-16,,1.0,Standing Order / DCA,GTC,2017-11-17
ord_13076a4b,FILLED,2017-11-17,,1.0,Standing Order / DCA,GTC,2017-11-20
ord_fbf8e4c5,FILLED,2017-11-20,,1.0,Standing Order / DCA,GTC,2017-11-21
ord_df7ef4bc,FILLED,2017-11-21,,1.0,Standing Order / DCA,GTC,2017-11-22
ord_1caa5af7,FILLED,2017-11-22,,1.0,Standing Order / DCA,GTC,2017-11-23
ord_b9443dd6,FILLED,2017-11-23,,1.0,Standing Order / DCA,GTC,2017-11-24
ord_764344a9,FILLED,2017-11-24,,1.0,Standing Order / DCA,GTC,2017-11-27
ord_b818d069,FILLED,2017-11-27,,1.0,Standing Order / DCA,GTC,2017-11-28
ord_824a5842,FILLED,2017-11-28,,1.0,Standing Order / DCA,GTC,2017-11-29
ord_8a37e1a2,FILLED,2017-11-29,,1.0,Standing Order / DCA,GTC,2017-11-30
ord_0bac7ca9,FILLED,2017-11-30,,1.0,Standing Order / DCA,GTC,2017-12-01
ord_1287c4c3,FILLED,2017-12-01,,1.0,Standing Order / DCA,GTC,2017-12-04
ord_50ba3ce4,FILLED,2017-12-04,,1.0,Standing Order / DCA,GTC,2017-12-05
ord_ddc0e578,FILLED,2017-12-05,,1.0,Standing Order / DCA,GTC,2017-12-06
ord_724fe144,FILLED,2017-12-06,,1.0,Standing Order / DCA,GTC,2017-12-07
ord_e4f34fdc,FILLED,2017-12-07,,1.0,Standing Order / DCA,GTC,2017-12-08
ord_18f09ac1,FILLED,2017-12-08,,1.0,Standing Order / DCA,GTC,2017-12-11
ord_0164c4d8,FILLED,2017-12-11,,1.0,Standing Order / DCA,GTC,2017-12-12
ord_4373946b,FILLED,2017-12-12,,1.0,Standing Order / DCA,GTC,2017-12-13
ord_75ed776d,FILLED,2017-12-13,,1.0,Standing Order / DCA,GTC,2017-12-14
ord_2237b0e5,FILLED,2017-12-14,,1.0,Standing Order / DCA,GTC,2017-12-15
ord_d36d2e98,FILLED,2017-12-15,,1.0,Standing Order / DCA,GTC,2017-12-18
ord_f1f95818,FILLED,2017-12-18,,1.0,Standing Order / DCA,GTC,2017-12-19
ord_8ad297bf,FILLED,2017-12-19,,1.0,Standing Order / DCA,GTC,2017-12-20
ord_16188ad1,FILLED,2017-12-20,,1.0,Standing Order / DCA,GTC,2017-12-21
ord_ef4d2912,FILLED,2017-12-21,,1.0,Standing Order / DCA,GTC,2017-12-22
ord_64e8dac7,FILLED,2017-12-22,,1.0,Standing Order / DCA,GTC,2017-12-25
ord_71548e60,FILLED,2017-12-25,,1.0,Standing Order / DCA,GTC,2017-12-26
ord_6bb23fa2,FILLED,2017-12-26,,1.0,Standing Order / DCA,GTC,2017-12-27
ord_e77d9b02,FILLED,2017-12-27,,1.0,Standing Order / DCA,GTC,2017-12-28
ord_accd5427,FILLED,2017-12-28,,1.0,Standing Order / DCA,GTC,2017-12-29
ord_7980eb92,FILLED,2017-12-29,,1.0,Standing Order / DCA,GTC,2018-01-01
ord_2706bec0,FILLED,2018-01-01,,1.0,Standing Order / DCA,GTC,2018-01-02
ord_dee6fa45,FILLED,2018-01-02,,1.0,Standing Order / DCA,GTC,2018-01-03
ord_10e0250c,FILLED,2018-01-03,,1.0,Standing Order / DCA,GTC,2018-01-04
ord_e6e45e22,FILLED,2018-01-04,,1.0,Standing Order / DCA,GTC,2018-01-05
ord_d7fffa32,FILLED,2018-01-05,,1.0,Standing Order / DCA,GTC,2018-01-08
ord_35b57a2b,FILLED,2018-01-08,,1.0,Standing Order / DCA,GTC,2018-01-09
ord_21516207,FILLED,2018-01-09,,1.0,Standing Order / DCA,GTC,2018-01-10
ord_8f95007b,FILLED,2018-01-10,,1.0,Standing Order / DCA,GTC,2018-01-11
ord_a14997d3,FILLED,2018-01-11,,1.0,Standing Order / DCA,GTC,2018-01-12
ord_062d6781,FILLED,2018-01-12,,1.0,Standing Order / DCA,GTC,2018-01-15
ord_d1aaf145,FILLED,2018-01-15,,1.0,Standing Order / DCA,GTC,2018-01-16
ord_befc77a5,FILLED,2018-01-16,,1.0,Standing Order / DCA,GTC,2018-01-17
ord_ce60fee2,FILLED,2018-01-17,,1.0,Standing Order / DCA,GTC,2018-01-18
ord_445b2518,FILLED,2018-01-18,,1.0,Standing Order / DCA,GTC,2018-01-19
ord_bef21fbc,FILLED,2018-01-19,,1.0,Standing Order / DCA,GTC,2018-01-22
ord_79795f0f,FILLED,2018-01-22,,1.0,Standing Order / DCA,GTC,2018-01-23
ord_85b16711,FILLED,2018-01-23,,1.0,Standing Order / DCA,GTC,2018-01-24
ord_a725194e,FILLED,2018-01-24,,1.0,Standing Order / DCA,GTC,2018-01-25
ord_c4537fa0,FILLED,2018-01-25,,1.0,Standing Order / DCA,GTC,2018-01-26
ord_c1de036d,FILLED,2018-01-26,,1.0,Standing Order / DCA,GTC,2018-01-29
ord_1f1ee79c,FILLED,2018-01-29,,1.0,Standing Order / DCA,GTC,2018-01-30
ord_bb12e949,FILLED,2018-01-30,,1.0,Standing Order / DCA,GTC,2018-01-31
ord_535e9b49,FILLED,2018-01-31,,1.0,Standing Order / DCA,GTC,2018-02-01
ord_e745b10f,FILLED,2018-02-01,,1.0,Standing Order / DCA,GTC,2018-02-02
ord_64e0b4a9,FILLED,2018-02-02,,1.0,Standing Order / DCA,GTC,2018-02-05
ord_e3d0bd0c,FILLED,2018-02-05,,1.0,Standing Order / DCA,GTC,2018-02-06
ord_5bd20d06,FILLED,2018-02-06,,1.0,Standing Order / DCA,GTC,2018-02-07
ord_9026e7e0,FILLED,2018-02-07,,1.0,Standing Order / DCA,GTC,2018-02-08
ord_fdae912f,FILLED,2018-02-08,,1.0,Standing Order / DCA,GTC,2018-02-09
ord_d2ceaff6,FILLED,2018-02-09,,1.0,Standing Order / DCA,GTC,2018-02-12
ord_e3d9ef62,FILLED,2018-02-12,,1.0,Standing Order / DCA,GTC,2018-02-13
ord_b8d7e1ae,FILLED,2018-02-13,,1.0,Standing Order / DCA,GTC,2018-02-14
ord_0f631a75,FILLED,2018-02-14,,1.0,Standing Order / DCA,GTC,2018-02-15
ord_cf03b279,FILLED,2018-02-15,,1.0,Standing Order / DCA,GTC,2018-02-16
ord_9f2f137e,FILLED,2018-02-16,,1.0,Standing Order / DCA,GTC,2018-02-19
ord_01ac56c0,FILLED,2018-02-19,,1.0,Standing Order / DCA,GTC,2018-02-20
ord_d47afb4d,FILLED,2018-02-20,,1.0,Standing Order / DCA,GTC,2018-02-21
ord_3f8f4b94,FILLED,2018-02-21,,1.0,Standing Order / DCA,GTC,2018-02-22
ord_a8a42846,FILLED,2018-02-22,,1.0,Standing Order / DCA,GTC,2018-02-23
ord_0703db6e,FILLED,2018-02-23,,1.0,Standing Order / DCA,GTC,2018-02-26
ord_976d3c8b,FILLED,2018-02-26,,1.0,Standing Order / DCA,GTC,2018-02-27
ord_a8964ff3,FILLED,2018-02-27,,1.0,Standing Order / DCA,GTC,2018-02-28
ord_ab0df33e,FILLED,2018-02-28,,1.0,Standing Order / DCA,GTC,2018-03-01
ord_ca328d85,FILLED,2018-03-01,,1.0,Standing Order / DCA,GTC,2018-03-02
ord_70ce1659,FILLED,2018-03-02,,1.0,Standing Order / DCA,GTC,2018-03-05
ord_b96d9605,FILLED,2018-03-05,,1.0,Standing Order / DCA,GTC,2018-03-06
ord_df583af3,FILLED,2018-03-06,,1.0,Standing Order / DCA,GTC,2018-03-07
ord_7b83fe8e,FILLED,2018-03-07,,1.0,Standing Order / DCA,GTC,2018-03-08
ord_d9cc6081,FILLED,2018-03-08,,1.0,Standing Order / DCA,GTC,2018-03-09
ord_ba952a0d,FILLED,2018-03-09,,1.0,Standing Order / DCA,GTC,2018-03-12
ord_5e651280,FILLED,2018-03-12,,1.0,Standing Order / DCA,GTC,2018-03-13
ord_a22f77f2,FILLED,2018-03-13,,1.0,Standing Order / DCA,GTC,2018-03-14
ord_b93a49b9,FILLED,2018-03-14,,1.0,Standing Order / DCA,GTC,2018-03-15
ord_ae5a26d1,FILLED,2018-03-15,,1.0,Standing Order / DCA,GTC,2018-03-16
ord_ceb40a0f,FILLED,2018-03-16,,1.0,Standing Order / DCA,GTC,2018-03-19
ord_f3f732ad,FILLED,2018-03-19,,1.0,Standing Order / DCA,GTC,2018-03-20
ord_1fc9b4e9,FILLED,2018-03-20,,1.0,Standing Order / DCA,GTC,2018-03-21
ord_5dd08936,FILLED,2018-03-21,,1.0,Standing Order / DCA,GTC,2018-03-22
ord_e47ee67c,FILLED,2018-03-22,,1.0,Standing Order / DCA,GTC,2018-03-23
ord_9cbc82d5,FILLED,2018-03-23,,1.0,Standing Order / DCA,GTC,2018-03-26
ord_ebd319e4,FILLED,2018-03-26,,1.0,Standing Order / DCA,GTC,2018-03-27
ord_92c5eb06,FILLED,2018-03-27,,1.0,Standing Order / DCA,GTC,2018-03-28
ord_00666cc8,FILLED,2018-03-28,,1.0,Standing Order / DCA,GTC,2018-03-29
ord_c694baf8,FILLED,2018-03-29,,1.0,Standing Order / DCA,GTC,2018-03-30
ord_febd4925,FILLED,2018-03-30,,1.0,Standing Order / DCA,GTC,2018-04-02
ord_02f9a581,FILLED,2018-04-02,,1.0,Standing Order / DCA,GTC,2018-04-03
ord_ed26a310,FILLED,2018-04-03,,1.0,Standing Order / DCA,GTC,2018-04-04
ord_039651dd,FILLED,2018-04-04,,1.0,Standing Order / DCA,GTC,2018-04-05
ord_715435bc,FILLED,2018-04-05,,1.0,Standing Order / DCA,GTC,2018-04-06
ord_1f34d16d,FILLED,2018-04-06,,1.0,Standing Order / DCA,GTC,2018-04-09
ord_0b637cfa,FILLED,2018-04-09,,1.0,Standing Order / DCA,GTC,2018-04-10
ord_ce849185,FILLED,2018-04-10,,1.0,Standing Order / DCA,GTC,2018-04-11
ord_d280d9cc,FILLED,2018-04-11,,1.0,Standing Order / DCA,GTC,2018-04-12
ord_597ba10e,FILLED,2018-04-12,,1.0,Standing Order / DCA,GTC,2018-04-13
ord_bb25fbda,FILLED,2018-04-13,,1.0,Standing Order / DCA,GTC,2018-04-16
ord_205ec1cd,FILLED,2018-04-16,,1.0,Standing Order / DCA,GTC,2018-04-17
ord_3bdaba29,FILLED,2018-04-17,,1.0,Standing Order / DCA,GTC,2018-04-18
ord_0d03897a,FILLED,2018-04-18,,1.0,Standing Order / DCA,GTC,2018-04-19
ord_c34abb8a,FILLED,2018-04-19,,1.0,Standing Order / DCA,GTC,2018-04-20
ord_7cd982b1,FILLED,2018-04-20,,1.0,Standing Order / DCA,GTC,2018-04-23
ord_1b792b4d,FILLED,2018-04-23,,1.0,Standing Order / DCA,GTC,2018-04-24
ord_8744cf13,FILLED,2018-04-24,,1.0,Standing Order / DCA,GTC,2018-04-25
ord_e78933ec,FILLED,2018-04-25,,1.0,Standing Order / DCA,GTC,2018-04-26
ord_60c2491a,FILLED,2018-04-26,,1.0,Standing Order / DCA,GTC,2018-04-27
ord_66908f63,FILLED,2018-04-27,,1.0,Standing Order / DCA,GTC,2018-04-30
ord_28afd0eb,FILLED,2018-04-30,,1.0,Standing Order / DCA,GTC,2018-05-01
ord_33267443,FILLED,2018-05-01,,1.0,Standing Order / DCA,GTC,2018-05-02
ord_068a9eec,FILLED,2018-05-02,,1.0,Standing Order / DCA,GTC,2018-05-03
ord_0fcbde05,FILLED,2018-05-03,,1.0,Standing Order / DCA,GTC,2018-05-04
ord_1509bced,FILLED,2018-05-04,,1.0,Standing Order / DCA,GTC,2018-05-07
ord_e30e73b5,FILLED,2018-05-07,,1.0,Standing Order / DCA,GTC,2018-05-08
ord_21f809d4,FILLED,2018-05-08,,1.0,Standing Order / DCA,GTC,2018-05-09
ord_8f47e1c6,FILLED,2018-05-09,,1.0,Standing Order / DCA,GTC,2018-05-10
ord_abb79a8b,FILLED,2018-05-10,,1.0,Standing Order / DCA,GTC,2018-05-11
ord_9298ee1f,FILLED,2018-05-11,,1.0,Standing Order / DCA,GTC,2018-05-14
ord_6b3148a9,FILLED,2018-05-14,,1.0,Standing Order / DCA,GTC,2018-05-15
ord_18102602,FILLED,2018-05-15,,1.0,Standing Order / DCA,GTC,2018-05-16
ord_0758615b,FILLED,2018-05-16,,1.0,Standing Order / DCA,GTC,2018-05-17
ord_f902054e,FILLED,2018-05-17,,1.0,Standing Order / DCA,GTC,2018-05-18
ord_2b3b2ced,FILLED,2018-05-18,,1.0,Standing Order / DCA,GTC,2018-05-21
ord_93fd1237,FILLED,2018-05-21,,1.0,Standing Order / DCA,GTC,2018-05-22
ord_d6eb4647,FILLED,2018-05-22,,1.0,Standing Order / DCA,GTC,2018-05-23
ord_acd48a19,FILLED,2018-05-23,,1.0,Standing Order / DCA,GTC,2018-05-24
ord_08403b9f,FILLED,2018-05-24,,1.0,Standing Order / DCA,GTC,2018-05-25
ord_d7e520a4,FILLED,2018-05-25,,1.0,Standing Order / DCA,GTC,2018-05-28
ord_925c37bd,FILLED,2018-05-28,,1.0,Standing Order / DCA,GTC,2018-05-29
ord_bf968396,FILLED,2018-05-29,,1.0,Standing Order / DCA,GTC,2018-05-30
ord_a28af75d,FILLED,2018-05-30,,1.0,Standing Order / DCA,GTC,2018-05-31
ord_3058c589,FILLED,2018-05-31,,1.0,Standing Order / DCA,GTC,2018-06-01
ord_247d17c0,FILLED,2018-06-01,,1.0,Standing Order / DCA,GTC,2018-06-04
ord_d8a9d4ce,FILLED,2018-06-04,,1.0,Standing Order / DCA,GTC,2018-06-05
ord_449073d1,FILLED,2018-06-05,,1.0,Standing Order / DCA,GTC,2018-06-06
ord_f4dec7ce,FILLED,2018-06-06,,1.0,Standing Order / DCA,GTC,2018-06-07
ord_8a864631,FILLED,2018-06-07,,1.0,Standing Order / DCA,GTC,2018-06-08
ord_fe697d6e,FILLED,2018-06-08,,1.0,Standing Order / DCA,GTC,2018-06-11
ord_5dc733bb,FILLED,2018-06-11,,1.0,Standing Order / DCA,GTC,2018-06-12
ord_87fddcb7,FILLED,2018-06-12,,1.0,Standing Order / DCA,GTC,2018-06-13
ord_fca20e2b,FILLED,2018-06-13,,1.0,Standing Order / DCA,GTC,2018-06-14
ord_1ce13e38,FILLED,2018-06-14,,1.0,Standing Order / DCA,GTC,2018-06-15
ord_59a0c654,FILLED,2018-06-15,,1.0,Standing Order / DCA,GTC,2018-06-18
ord_06bff942,FILLED,2018-06-18,,1.0,Standing Order / DCA,GTC,2018-06-19
ord_0223b5e6,FILLED,2018-06-19,,1.0,Standing Order / DCA,GTC,2018-06-20
ord_454799ad,FILLED,2018-06-20,,1.0,Standing Order / DCA,GTC,2018-06-21
ord_c5490efb,FILLED,2018-06-21,,1.0,Standing Order / DCA,GTC,2018-06-22
ord_ad80cafe,FILLED,2018-06-22,,1.0,Standing Order / DCA,GTC,2018-06-25
ord_ee8397b7,FILLED,2018-06-25,,1.0,Standing Order / DCA,GTC,2018-06-26
ord_337ef34f,FILLED,2018-06-26,,1.0,Standing Order / DCA,GTC,2018-06-27
ord_55587430,FILLED,2018-06-27,,1.0,Standing Order / DCA,GTC,2018-06-28
ord_14b00468,FILLED,2018-06-28,,1.0,Standing Order / DCA,GTC,2018-06-29
ord_3bc97c6e,FILLED,2018-06-29,,1.0,Standing Order / DCA,GTC,2018-07-02
ord_1a966a95,FILLED,2018-07-02,,1.0,Standing Order / DCA,GTC,2018-07-03
ord_1e6d5411,FILLED,2018-07-03,,1.0,Standing Order / DCA,GTC,2018-07-04
ord_655c33f3,FILLED,2018-07-04,,1.0,Standing Order / DCA,GTC,2018-07-05
ord_592bfafb,FILLED,2018-07-05,,1.0,Standing Order / DCA,GTC,2018-07-06
ord_baa68cf4,FILLED,2018-07-06,,1.0,Standing Order / DCA,GTC,2018-07-09
ord_25c7d1fb,FILLED,2018-07-09,,1.0,Standing Order / DCA,GTC,2018-07-10
ord_fe4f412f,FILLED,2018-07-10,,1.0,Standing Order / DCA,GTC,2018-07-11
ord_3fe0d3d9,FILLED,2018-07-11,,1.0,Standing Order / DCA,GTC,2018-07-12
ord_644316a7,FILLED,2018-07-12,,1.0,Standing Order / DCA,GTC,2018-07-13
ord_deae3457,FILLED,2018-07-13,,1.0,Standing Order / DCA,GTC,2018-07-16
ord_2e5a47dd,FILLED,2018-07-16,,1.0,Standing Order / DCA,GTC,2018-07-17
ord_448615ce,FILLED,2018-07-17,,1.0,Standing Order / DCA,GTC,2018-07-18
ord_67843134,FILLED,2018-07-18,,1.0,Standing Order / DCA,GTC,2018-07-19
ord_a2bc2793,FILLED,2018-07-19,,1.0,Standing Order / DCA,GTC,2018-07-20
ord_9d69c8ec,FILLED,2018-07-20,,1.0,Standing Order / DCA,GTC,2018-07-23
ord_632c4f09,FILLED,2018-07-23,,1.0,Standing Order / DCA,GTC,2018-07-24
ord_899050d0,FILLED,2018-07-24,,1.0,Standing Order / DCA,GTC,2018-07-25
ord_08919fee,FILLED,2018-07-25,,1.0,Standing Order / DCA,GTC,2018-07-26
ord_fbf65de3,FILLED,2018-07-26,,1.0,Standing Order / DCA,GTC,2018-07-27
ord_847d695d,FILLED,2018-07-27,,1.0,Standing Order / DCA,GTC,2018-07-30
ord_20f7dcba,FILLED,2018-07-30,,1.0,Standing Order / DCA,GTC,2018-07-31
ord_b9df9133,FILLED,2018-07-31,,1.0,Standing Order / DCA,GTC,2018-08-01
ord_8a1f0543,FILLED,2018-08-01,,1.0,Standing Order / DCA,GTC,2018-08-02
ord_8f91a437,FILLED,2018-08-02,,1.0,Standing Order / DCA,GTC,2018-08-03
ord_74c974e5,FILLED,2018-08-03,,1.0,Standing Order / DCA,GTC,2018-08-06
ord_75f4836c,FILLED,2018-08-06,,1.0,Standing Order / DCA,GTC,2018-08-07
ord_56760e63,FILLED,2018-08-07,,1.0,Standing Order / DCA,GTC,2018-08-08
ord_eec6bdf4,FILLED,2018-08-08,,1.0,Standing Order / DCA,GTC,2018-08-09
ord_814e35be,FILLED,2018-08-09,,1.0,Standing Order / DCA,GTC,2018-08-10
ord_b33f46c0,FILLED,2018-08-10,,1.0,Standing Order / DCA,GTC,2018-08-13
ord_3270f7cf,FILLED,2018-08-13,,1.0,Standing Order / DCA,GTC,2018-08-14
ord_6f3b305a,FILLED,2018-08-14,,1.0,Standing Order / DCA,GTC,2018-08-15
ord_463a09b7,FILLED,2018-08-15,,1.0,Standing Order / DCA,GTC,2018-08-16
ord_4049f6a1,FILLED,2018-08-16,,1.0,Standing Order / DCA,GTC,2018-08-17
ord_bb8b3660,FILLED,2018-08-17,,1.0,Standing Order / DCA,GTC,2018-08-20
ord_dbbe7b48,FILLED,2018-08-20,,1.0,Standing Order / DCA,GTC,2018-08-21
ord_b5b2e50a,FILLED,2018-08-21,,1.0,Standing Order / DCA,GTC,2018-08-22
ord_71ca0d71,FILLED,2018-08-22,,1.0,Standing Order / DCA,GTC,2018-08-23
ord_c126affc,FILLED,2018-08-23,,1.0,Standing Order / DCA,GTC,2018-08-24
ord_64ba66b1,FILLED,2018-08-24,,1.0,Standing Order / DCA,GTC,2018-08-27
ord_3473a301,FILLED,2018-08-27,,1.0,Standing Order / DCA,GTC,2018-08-28
ord_16f70b14,FILLED,2018-08-28,,1.0,Standing Order / DCA,GTC,2018-08-29
ord_2b97cdd2,FILLED,2018-08-29,,1.0,Standing Order / DCA,GTC,2018-08-30
ord_c870bde1,FILLED,2018-08-30,,1.0,Standing Order / DCA,GTC,2018-08-31
ord_89cf701b,FILLED,2018-08-31,,1.0,Standing Order / DCA,GTC,2018-09-03
ord_7d5af218,FILLED,2018-09-03,,1.0,Standing Order / DCA,GTC,2018-09-04
ord_855f5d92,FILLED,2018-09-04,,1.0,Standing Order / DCA,GTC,2018-09-05
ord_4d980204,FILLED,2018-09-05,,1.0,Standing Order / DCA,GTC,2018-09-06
ord_9808a029,FILLED,2018-09-06,,1.0,Standing Order / DCA,GTC,2018-09-07
ord_dda08c49,FILLED,2018-09-07,,1.0,Standing Order / DCA,GTC,2018-09-10
ord_1577e459,FILLED,2018-09-10,,1.0,Standing Order / DCA,GTC,2018-09-11
ord_2b921116,FILLED,2018-09-11,,1.0,Standing Order / DCA,GTC,2018-09-12
ord_488918f6,FILLED,2018-09-12,,1.0,Standing Order / DCA,GTC,2018-09-13
ord_f89bce3e,FILLED,2018-09-13,,1.0,Standing Order / DCA,GTC,2018-09-14
ord_6526d60c,FILLED,2018-09-14,,1.0,Standing Order / DCA,GTC,2018-09-17
ord_8c5b9cbc,FILLED,2018-09-17,,1.0,Standing Order / DCA,GTC,2018-09-18
ord_b0d61822,FILLED,2018-09-18,,1.0,Standing Order / DCA,GTC,2018-09-19
ord_fe30a82b,FILLED,2018-09-19,,1.0,Standing Order / DCA,GTC,2018-09-20
ord_39891dd2,FILLED,2018-09-20,,1.0,Standing Order / DCA,GTC,2018-09-21
ord_6a94038f,FILLED,2018-09-21,,1.0,Standing Order / DCA,GTC,2018-09-24
ord_a5c8d469,FILLED,2018-09-24,,1.0,Standing Order / DCA,GTC,2018-09-25
ord_13433726,FILLED,2018-09-25,,1.0,Standing Order / DCA,GTC,2018-09-26
ord_cb3012bc,FILLED,2018-09-26,,1.0,Standing Order / DCA,GTC,2018-09-27
ord_88abfbf5,FILLED,2018-09-27,,1.0,Standing Order / DCA,GTC,2018-09-28
ord_d91d8c13,FILLED,2018-09-28,,1.0,Standing Order / DCA,GTC,2018-10-01
ord_57fbaca3,FILLED,2018-10-01,,1.0,Standing Order / DCA,GTC,2018-10-02
ord_cc7f835a,FILLED,2018-10-02,,1.0,Standing Order / DCA,GTC,2018-10-03
ord_8ff18432,FILLED,2018-10-03,,1.0,Standing Order / DCA,GTC,2018-10-04
ord_de114e6a,FILLED,2018-10-04,,1.0,Standing Order / DCA,GTC,2018-10-05
ord_8cadd20a,FILLED,2018-10-05,,1.0,Standing Order / DCA,GTC,2018-10-08
ord_4bf58941,FILLED,2018-10-08,,1.0,Standing Order / DCA,GTC,2018-10-09
ord_3e4370ef,FILLED,2018-10-09,,1.0,Standing Order / DCA,GTC,2018-10-10
ord_87c24311,FILLED,2018-10-10,,1.0,Standing Order / DCA,GTC,2018-10-11
ord_40ffb4e2,FILLED,2018-10-11,,1.0,Standing Order / DCA,GTC,2018-10-12
ord_d87c8cdc,FILLED,2018-10-12,,1.0,Standing Order / DCA,GTC,2018-10-15
ord_9495892c,FILLED,2018-10-15,,1.0,Standing Order / DCA,GTC,2018-10-16
ord_fe79edb6,FILLED,2018-10-16,,1.0,Standing Order / DCA,GTC,2018-10-17
ord_38127f2f,FILLED,2018-10-17,,1.0,Standing Order / DCA,GTC,2018-10-18
ord_13b25433,FILLED,2018-10-18,,1.0,Standing Order / DCA,GTC,2018-10-19
ord_93a9d817,FILLED,2018-10-19,,1.0,Standing Order / DCA,GTC,2018-10-22
ord_c80c889c,FILLED,2018-10-22,,1.0,Standing Order / DCA,GTC,2018-10-23
ord_b2c7e979,FILLED,2018-10-23,,1.0,Standing Order / DCA,GTC,2018-10-24
ord_28c63ff9,FILLED,2018-10-24,,1.0,Standing Order / DCA,GTC,2018-10-25
ord_6b0bb172,FILLED,2018-10-25,,1.0,Standing Order / DCA,GTC,2018-10-26
ord_46ecc82f,FILLED,2018-10-26,,1.0,Standing Order / DCA,GTC,2018-10-29
ord_30ab7bdb,FILLED,2018-10-29,,1.0,Standing Order / DCA,GTC,2018-10-30
ord_55411955,FILLED,2018-10-30,,1.0,Standing Order / DCA,GTC,2018-10-31
ord_6bddd5bb,FILLED,2018-10-31,,1.0,Standing Order / DCA,GTC,2018-11-01
ord_3832eb86,FILLED,2018-11-01,,0.0,油价击穿成本线与宏观熊市,GTC,2018-11-02
ord_ea4d05a6,FILLED,2018-12-27,,1.0,极端出清黄金坑抄底,GTC,2018-12-28
ord_6aa47149,FILLED,2018-12-28,,0.0,油价击穿成本线与宏观熊市,GTC,2018-12-31
ord_dd7c0f0a,FILLED,2018-12-31,,1.0,极端出清黄金坑抄底,GTC,2019-01-01
ord_35cbfcb7,FILLED,2019-01-01,,0.0,油价击穿成本线与宏观熊市,GTC,2019-01-02
ord_dd8a43a8,FILLED,2019-01-02,,1.0,极端出清黄金坑抄底,GTC,2019-01-03
ord_cb92e4e5,FILLED,2019-01-03,,0.0,油价击穿成本线与宏观熊市,GTC,2019-01-04
ord_df095ec3,FILLED,2019-01-04,,1.0,极端出清黄金坑抄底,GTC,2019-01-07
ord_20735c7c,FILLED,2019-01-07,,0.0,油价击穿成本线与宏观熊市,GTC,2019-01-08
ord_f6c8ff1d,FILLED,2019-01-21,,1.0,突破卖出价右侧防踏空接回,GTC,2019-01-22
ord_6892fc50,FILLED,2019-01-22,,1.0,Standing Order / DCA,GTC,2019-01-23
ord_7e709f97,FILLED,2019-01-23,,1.0,Standing Order / DCA,GTC,2019-01-24
ord_41ccf61a,FILLED,2019-01-24,,1.0,Standing Order / DCA,GTC,2019-01-25
ord_be321888,FILLED,2019-01-25,,1.0,Standing Order / DCA,GTC,2019-01-28
ord_28db144a,FILLED,2019-01-28,,1.0,Standing Order / DCA,GTC,2019-01-29
ord_b2abb91c,FILLED,2019-01-29,,1.0,Standing Order / DCA,GTC,2019-01-30
ord_370f209e,FILLED,2019-01-30,,1.0,Standing Order / DCA,GTC,2019-01-31
ord_32dddfcf,FILLED,2019-01-31,,1.0,Standing Order / DCA,GTC,2019-02-01
ord_ab041f92,FILLED,2019-02-01,,1.0,Standing Order / DCA,GTC,2019-02-04
ord_f70468ac,FILLED,2019-02-04,,1.0,Standing Order / DCA,GTC,2019-02-05
ord_f8c7e32b,FILLED,2019-02-05,,1.0,Standing Order / DCA,GTC,2019-02-06
ord_cb3f4103,FILLED,2019-02-06,,1.0,Standing Order / DCA,GTC,2019-02-07
ord_70119910,FILLED,2019-02-07,,1.0,Standing Order / DCA,GTC,2019-02-08
ord_bfc27864,FILLED,2019-02-08,,1.0,Standing Order / DCA,GTC,2019-02-11
ord_eb5227cb,FILLED,2019-02-11,,1.0,Standing Order / DCA,GTC,2019-02-12
ord_e857a306,FILLED,2019-02-12,,1.0,Standing Order / DCA,GTC,2019-02-13
ord_a5839b2d,FILLED,2019-02-13,,1.0,Standing Order / DCA,GTC,2019-02-14
ord_1f78307c,FILLED,2019-02-14,,1.0,Standing Order / DCA,GTC,2019-02-15
ord_435015f1,FILLED,2019-02-15,,1.0,Standing Order / DCA,GTC,2019-02-18
ord_36579e24,FILLED,2019-02-18,,1.0,Standing Order / DCA,GTC,2019-02-19
ord_f4a5404c,FILLED,2019-02-19,,1.0,Standing Order / DCA,GTC,2019-02-20
ord_d8842e3d,FILLED,2019-02-20,,1.0,Standing Order / DCA,GTC,2019-02-21
ord_4f1cb4b4,FILLED,2019-02-21,,1.0,Standing Order / DCA,GTC,2019-02-22
ord_7961ee94,FILLED,2019-02-22,,1.0,Standing Order / DCA,GTC,2019-02-25
ord_92dda36e,FILLED,2019-02-25,,1.0,Standing Order / DCA,GTC,2019-02-26
ord_2ca7baea,FILLED,2019-02-26,,1.0,Standing Order / DCA,GTC,2019-02-27
ord_10c28dc6,FILLED,2019-02-27,,1.0,Standing Order / DCA,GTC,2019-02-28
ord_973fb5c3,FILLED,2019-02-28,,1.0,Standing Order / DCA,GTC,2019-03-01
ord_cfaad9ec,FILLED,2019-03-01,,1.0,Standing Order / DCA,GTC,2019-03-04
ord_f9c54950,FILLED,2019-03-04,,1.0,Standing Order / DCA,GTC,2019-03-05
ord_040f6b19,FILLED,2019-03-05,,1.0,Standing Order / DCA,GTC,2019-03-06
ord_15e1d365,FILLED,2019-03-06,,1.0,Standing Order / DCA,GTC,2019-03-07
ord_782309b1,FILLED,2019-03-07,,1.0,Standing Order / DCA,GTC,2019-03-08
ord_ea172ba4,FILLED,2019-03-08,,1.0,Standing Order / DCA,GTC,2019-03-11
ord_76da45c0,FILLED,2019-03-11,,1.0,Standing Order / DCA,GTC,2019-03-12
ord_2dbda4c1,FILLED,2019-03-12,,1.0,Standing Order / DCA,GTC,2019-03-13
ord_50778b2f,FILLED,2019-03-13,,1.0,Standing Order / DCA,GTC,2019-03-14
ord_fd89a638,FILLED,2019-03-14,,1.0,Standing Order / DCA,GTC,2019-03-15
ord_0270495b,FILLED,2019-03-15,,1.0,Standing Order / DCA,GTC,2019-03-18
ord_f736426e,FILLED,2019-03-18,,1.0,Standing Order / DCA,GTC,2019-03-19
ord_56d117be,FILLED,2019-03-19,,1.0,Standing Order / DCA,GTC,2019-03-20
ord_5c161cbf,FILLED,2019-03-20,,1.0,Standing Order / DCA,GTC,2019-03-21
ord_2e3648c5,FILLED,2019-03-21,,1.0,Standing Order / DCA,GTC,2019-03-22
ord_f4e9c810,FILLED,2019-03-22,,1.0,Standing Order / DCA,GTC,2019-03-25
ord_06bbb72a,FILLED,2019-03-25,,1.0,Standing Order / DCA,GTC,2019-03-26
ord_3a402d83,FILLED,2019-03-26,,1.0,Standing Order / DCA,GTC,2019-03-27
ord_642bdcbf,FILLED,2019-03-27,,1.0,Standing Order / DCA,GTC,2019-03-28
ord_aab91027,FILLED,2019-03-28,,1.0,Standing Order / DCA,GTC,2019-03-29
ord_0b5abe0a,FILLED,2019-03-29,,1.0,Standing Order / DCA,GTC,2019-04-01
ord_74b4aba4,FILLED,2019-04-01,,1.0,Standing Order / DCA,GTC,2019-04-02
ord_e40a87f9,FILLED,2019-04-02,,1.0,Standing Order / DCA,GTC,2019-04-03
ord_9ffe039e,FILLED,2019-04-03,,1.0,Standing Order / DCA,GTC,2019-04-04
ord_c91bcfc0,FILLED,2019-04-04,,1.0,Standing Order / DCA,GTC,2019-04-05
ord_86fdeea1,FILLED,2019-04-05,,1.0,Standing Order / DCA,GTC,2019-04-08
ord_e790433d,FILLED,2019-04-08,,1.0,Standing Order / DCA,GTC,2019-04-09
ord_3727a96f,FILLED,2019-04-09,,1.0,Standing Order / DCA,GTC,2019-04-10
ord_64b4c52d,FILLED,2019-04-10,,1.0,Standing Order / DCA,GTC,2019-04-11
ord_b566a7cb,FILLED,2019-04-11,,1.0,Standing Order / DCA,GTC,2019-04-12
ord_663c3bdd,FILLED,2019-04-12,,1.0,Standing Order / DCA,GTC,2019-04-15
ord_a2f5e507,FILLED,2019-04-15,,1.0,Standing Order / DCA,GTC,2019-04-16
ord_5da87fb3,FILLED,2019-04-16,,1.0,Standing Order / DCA,GTC,2019-04-17
ord_94bd5b21,FILLED,2019-04-17,,1.0,Standing Order / DCA,GTC,2019-04-18
ord_64b2c540,FILLED,2019-04-18,,1.0,Standing Order / DCA,GTC,2019-04-19
ord_265d9bc8,FILLED,2019-04-19,,1.0,Standing Order / DCA,GTC,2019-04-22
ord_69dcf25f,FILLED,2019-04-22,,1.0,Standing Order / DCA,GTC,2019-04-23
ord_a07b792e,FILLED,2019-04-23,,1.0,Standing Order / DCA,GTC,2019-04-24
ord_f5be918a,FILLED,2019-04-24,,1.0,Standing Order / DCA,GTC,2019-04-25
ord_fad35495,FILLED,2019-04-25,,1.0,Standing Order / DCA,GTC,2019-04-26
ord_1db17631,FILLED,2019-04-26,,1.0,Standing Order / DCA,GTC,2019-04-29
ord_f8bdf8bf,FILLED,2019-04-29,,1.0,Standing Order / DCA,GTC,2019-04-30
ord_d5aa63a8,FILLED,2019-04-30,,1.0,Standing Order / DCA,GTC,2019-05-01
ord_d88d67de,FILLED,2019-05-01,,1.0,Standing Order / DCA,GTC,2019-05-02
ord_17b6accb,FILLED,2019-05-02,,1.0,Standing Order / DCA,GTC,2019-05-03
ord_d7174a9c,FILLED,2019-05-03,,1.0,Standing Order / DCA,GTC,2019-05-06
ord_569ed59a,FILLED,2019-05-06,,1.0,Standing Order / DCA,GTC,2019-05-07
ord_9a23f35c,FILLED,2019-05-07,,1.0,Standing Order / DCA,GTC,2019-05-08
ord_9ae85f2f,FILLED,2019-05-08,,1.0,Standing Order / DCA,GTC,2019-05-09
ord_c90ef69c,FILLED,2019-05-09,,1.0,Standing Order / DCA,GTC,2019-05-10
ord_3c6bc594,FILLED,2019-05-10,,1.0,Standing Order / DCA,GTC,2019-05-13
ord_5edb9189,FILLED,2019-05-13,,1.0,Standing Order / DCA,GTC,2019-05-14
ord_9e766d60,FILLED,2019-05-14,,1.0,Standing Order / DCA,GTC,2019-05-15
ord_abe81169,FILLED,2019-05-15,,1.0,Standing Order / DCA,GTC,2019-05-16
ord_e4622f6f,FILLED,2019-05-16,,1.0,Standing Order / DCA,GTC,2019-05-17
ord_eacf0c15,FILLED,2019-05-17,,1.0,Standing Order / DCA,GTC,2019-05-20
ord_9348f445,FILLED,2019-05-20,,1.0,Standing Order / DCA,GTC,2019-05-21
ord_5737a784,FILLED,2019-05-21,,1.0,Standing Order / DCA,GTC,2019-05-22
ord_428272f1,FILLED,2019-05-22,,1.0,Standing Order / DCA,GTC,2019-05-23
ord_810310b6,FILLED,2019-05-23,,0.0,油价击穿成本线与宏观熊市,GTC,2019-05-24
ord_fb839b10,FILLED,2019-06-24,,1.0,突破卖出价右侧防踏空接回,GTC,2019-06-25
ord_07f5b007,FILLED,2019-06-25,,1.0,Standing Order / DCA,GTC,2019-06-26
ord_b64ab394,FILLED,2019-06-26,,1.0,Standing Order / DCA,GTC,2019-06-27
ord_95d49677,FILLED,2019-06-27,,1.0,Standing Order / DCA,GTC,2019-06-28
ord_a113778c,FILLED,2019-06-28,,1.0,Standing Order / DCA,GTC,2019-07-01
ord_e5eabed0,FILLED,2019-07-01,,1.0,Standing Order / DCA,GTC,2019-07-02
ord_a5d452e9,FILLED,2019-07-02,,1.0,Standing Order / DCA,GTC,2019-07-03
ord_8e36f6bb,FILLED,2019-07-03,,1.0,Standing Order / DCA,GTC,2019-07-04
ord_73289910,FILLED,2019-07-04,,1.0,Standing Order / DCA,GTC,2019-07-05
ord_b580857c,FILLED,2019-07-05,,1.0,Standing Order / DCA,GTC,2019-07-08
ord_e8539af8,FILLED,2019-07-08,,1.0,Standing Order / DCA,GTC,2019-07-09
ord_6094b1dc,FILLED,2019-07-09,,1.0,Standing Order / DCA,GTC,2019-07-10
ord_4a9a69f9,FILLED,2019-07-10,,1.0,Standing Order / DCA,GTC,2019-07-11
ord_15e75b52,FILLED,2019-07-11,,1.0,Standing Order / DCA,GTC,2019-07-12
ord_a0c6b119,FILLED,2019-07-12,,1.0,Standing Order / DCA,GTC,2019-07-15
ord_7316069d,FILLED,2019-07-15,,1.0,Standing Order / DCA,GTC,2019-07-16
ord_5988f0e9,FILLED,2019-07-16,,1.0,Standing Order / DCA,GTC,2019-07-17
ord_cd2299fd,FILLED,2019-07-17,,1.0,Standing Order / DCA,GTC,2019-07-18
ord_080663af,FILLED,2019-07-18,,1.0,Standing Order / DCA,GTC,2019-07-19
ord_d7058c79,FILLED,2019-07-19,,1.0,Standing Order / DCA,GTC,2019-07-22
ord_3c3feef2,FILLED,2019-07-22,,1.0,Standing Order / DCA,GTC,2019-07-23
ord_7c547527,FILLED,2019-07-23,,1.0,Standing Order / DCA,GTC,2019-07-24
ord_e409a09d,FILLED,2019-07-24,,1.0,Standing Order / DCA,GTC,2019-07-25
ord_5626e3b8,FILLED,2019-07-25,,1.0,Standing Order / DCA,GTC,2019-07-26
ord_588ba8dc,FILLED,2019-07-26,,1.0,Standing Order / DCA,GTC,2019-07-29
ord_60cde9d2,FILLED,2019-07-29,,1.0,Standing Order / DCA,GTC,2019-07-30
ord_29a254ff,FILLED,2019-07-30,,1.0,Standing Order / DCA,GTC,2019-07-31
ord_9fb32408,FILLED,2019-07-31,,1.0,Standing Order / DCA,GTC,2019-08-01
ord_0ffa0c0e,FILLED,2019-08-01,,0.0,油价击穿成本线与宏观熊市,GTC,2019-08-02
ord_4c6da721,FILLED,2019-09-16,,1.0,突破卖出价右侧防踏空接回,GTC,2019-09-17
ord_d02085b3,FILLED,2019-09-17,,1.0,Standing Order / DCA,GTC,2019-09-18
ord_eddc7c5d,FILLED,2019-09-18,,1.0,Standing Order / DCA,GTC,2019-09-19
ord_db50d864,FILLED,2019-09-19,,1.0,Standing Order / DCA,GTC,2019-09-20
ord_d0daba31,FILLED,2019-09-20,,1.0,Standing Order / DCA,GTC,2019-09-23
ord_d22d9720,FILLED,2019-09-23,,1.0,Standing Order / DCA,GTC,2019-09-24
ord_a1497524,FILLED,2019-09-24,,1.0,Standing Order / DCA,GTC,2019-09-25
ord_d42906fe,FILLED,2019-09-25,,1.0,Standing Order / DCA,GTC,2019-09-26
ord_d6c31285,FILLED,2019-09-26,,1.0,Standing Order / DCA,GTC,2019-09-27
ord_ffe90adf,FILLED,2019-09-27,,1.0,Standing Order / DCA,GTC,2019-09-30
ord_1a4c009b,FILLED,2019-09-30,,1.0,Standing Order / DCA,GTC,2019-10-01
ord_8cf56d4a,FILLED,2019-10-01,,0.0,油价击穿成本线与宏观熊市,GTC,2019-10-02
ord_e98e7616,FILLED,2019-10-24,,1.0,突破卖出价右侧防踏空接回,GTC,2019-10-25
ord_11b665a8,FILLED,2019-10-25,,1.0,Standing Order / DCA,GTC,2019-10-28
ord_5cbe4262,FILLED,2019-10-28,,1.0,Standing Order / DCA,GTC,2019-10-29
ord_2266aafc,FILLED,2019-10-29,,1.0,Standing Order / DCA,GTC,2019-10-30
ord_fe58cb02,FILLED,2019-10-30,,0.0,油价击穿成本线与宏观熊市,GTC,2019-10-31
ord_4f491b4f,FILLED,2019-11-05,,1.0,突破卖出价右侧防踏空接回,GTC,2019-11-06
ord_c759fb98,FILLED,2019-11-06,,1.0,Standing Order / DCA,GTC,2019-11-07
ord_6f61e342,FILLED,2019-11-07,,1.0,Standing Order / DCA,GTC,2019-11-08
ord_300fdc67,FILLED,2019-11-08,,1.0,Standing Order / DCA,GTC,2019-11-11
ord_cc160783,FILLED,2019-11-11,,1.0,Standing Order / DCA,GTC,2019-11-12
ord_1d57374c,FILLED,2019-11-12,,1.0,Standing Order / DCA,GTC,2019-11-13
ord_c346d620,FILLED,2019-11-13,,1.0,Standing Order / DCA,GTC,2019-11-14
ord_86b023fd,FILLED,2019-11-14,,1.0,Standing Order / DCA,GTC,2019-11-15
ord_44d3e220,FILLED,2019-11-15,,1.0,Standing Order / DCA,GTC,2019-11-18
ord_72cd0d04,FILLED,2019-11-18,,1.0,Standing Order / DCA,GTC,2019-11-19
ord_8ad76371,FILLED,2019-11-19,,0.0,油价击穿成本线与宏观熊市,GTC,2019-11-20
ord_02f45656,FILLED,2019-11-25,,1.0,油价企稳成本线且趋势重构,GTC,2019-11-26
ord_c95cb53d,FILLED,2019-11-26,,1.0,Standing Order / DCA,GTC,2019-11-27
ord_105a3961,FILLED,2019-11-27,,1.0,Standing Order / DCA,GTC,2019-11-28
ord_8287f99f,FILLED,2019-11-28,,1.0,Standing Order / DCA,GTC,2019-11-29
ord_2fd6c4cc,FILLED,2019-11-29,,0.0,油价击穿成本线与宏观熊市,GTC,2019-12-02
ord_6682806e,FILLED,2019-12-10,,1.0,油价企稳成本线且趋势重构,GTC,2019-12-11
ord_fe4423d0,FILLED,2019-12-11,,1.0,Standing Order / DCA,GTC,2019-12-12
ord_402d5cb4,FILLED,2019-12-12,,1.0,Standing Order / DCA,GTC,2019-12-13
ord_2521f37c,FILLED,2019-12-13,,1.0,Standing Order / DCA,GTC,2019-12-16
ord_551dea4c,FILLED,2019-12-16,,1.0,Standing Order / DCA,GTC,2019-12-17
ord_dce62477,FILLED,2019-12-17,,1.0,Standing Order / DCA,GTC,2019-12-18
ord_45f91408,FILLED,2019-12-18,,1.0,Standing Order / DCA,GTC,2019-12-19
ord_ef2947ab,FILLED,2019-12-19,,1.0,Standing Order / DCA,GTC,2019-12-20
ord_b79c4de8,FILLED,2019-12-20,,1.0,Standing Order / DCA,GTC,2019-12-23
ord_55cf622a,FILLED,2019-12-23,,1.0,Standing Order / DCA,GTC,2019-12-24
ord_49a7ada8,FILLED,2019-12-24,,1.0,Standing Order / DCA,GTC,2019-12-25
ord_2525d65e,FILLED,2019-12-25,,1.0,Standing Order / DCA,GTC,2019-12-26
ord_9c3a6a15,FILLED,2019-12-26,,1.0,Standing Order / DCA,GTC,2019-12-27
ord_16c9961a,FILLED,2019-12-27,,1.0,Standing Order / DCA,GTC,2019-12-30
ord_f99eead9,FILLED,2019-12-30,,1.0,Standing Order / DCA,GTC,2019-12-31
ord_e0a09402,FILLED,2019-12-31,,1.0,Standing Order / DCA,GTC,2020-01-01
ord_195fc8b8,FILLED,2020-01-01,,1.0,Standing Order / DCA,GTC,2020-01-02
ord_e40fff3f,FILLED,2020-01-02,,1.0,Standing Order / DCA,GTC,2020-01-03
ord_9ac95d4f,FILLED,2020-01-03,,1.0,Standing Order / DCA,GTC,2020-01-06
ord_156c324c,FILLED,2020-01-06,,1.0,Standing Order / DCA,GTC,2020-01-07
ord_f35e4b3e,FILLED,2020-01-07,,1.0,Standing Order / DCA,GTC,2020-01-08
ord_fac9414e,FILLED,2020-01-08,,1.0,Standing Order / DCA,GTC,2020-01-09
ord_08cc8ada,FILLED,2020-01-09,,1.0,Standing Order / DCA,GTC,2020-01-10
ord_8226bbbd,FILLED,2020-01-10,,1.0,Standing Order / DCA,GTC,2020-01-13
ord_878bf37d,FILLED,2020-01-13,,1.0,Standing Order / DCA,GTC,2020-01-14
ord_21ac5680,FILLED,2020-01-14,,1.0,Standing Order / DCA,GTC,2020-01-15
ord_3d4a883a,FILLED,2020-01-15,,1.0,Standing Order / DCA,GTC,2020-01-16
ord_4a5492a8,FILLED,2020-01-16,,1.0,Standing Order / DCA,GTC,2020-01-17
ord_ec20f4a7,FILLED,2020-01-17,,1.0,Standing Order / DCA,GTC,2020-01-20
ord_c14ddf3f,FILLED,2020-01-20,,1.0,Standing Order / DCA,GTC,2020-01-21
ord_ba72d007,FILLED,2020-01-21,,1.0,Standing Order / DCA,GTC,2020-01-22
ord_969a0258,FILLED,2020-01-22,,1.0,Standing Order / DCA,GTC,2020-01-23
ord_bc683d84,FILLED,2020-01-23,,1.0,Standing Order / DCA,GTC,2020-01-24
ord_69a3b170,FILLED,2020-01-24,,1.0,Standing Order / DCA,GTC,2020-01-27
ord_8e6a3b23,FILLED,2020-01-27,,1.0,Standing Order / DCA,GTC,2020-01-28
ord_04b67393,FILLED,2020-01-28,,1.0,Standing Order / DCA,GTC,2020-01-29
ord_6da572eb,FILLED,2020-01-29,,1.0,Standing Order / DCA,GTC,2020-01-30
ord_2e9a7e97,FILLED,2020-01-30,,1.0,Standing Order / DCA,GTC,2020-01-31
ord_fe690e8c,FILLED,2020-01-31,,1.0,Standing Order / DCA,GTC,2020-02-03
ord_4425fe01,FILLED,2020-02-03,,1.0,Standing Order / DCA,GTC,2020-02-04
ord_73d97492,FILLED,2020-02-04,,1.0,Standing Order / DCA,GTC,2020-02-05
ord_d0186da1,FILLED,2020-02-05,,1.0,Standing Order / DCA,GTC,2020-02-06
ord_31a2dbd7,FILLED,2020-02-06,,1.0,Standing Order / DCA,GTC,2020-02-07
ord_7bcb229b,FILLED,2020-02-07,,0.0,油价击穿成本线与宏观熊市,GTC,2020-02-10
ord_f8d468b3,FILLED,2020-03-24,,1.0,极端出清黄金坑抄底,GTC,2020-03-25
ord_451c3e26,FILLED,2020-03-25,,0.0,油价击穿成本线与宏观熊市,GTC,2020-03-26
ord_817ddb77,FILLED,2020-03-26,,1.0,极端出清黄金坑抄底,GTC,2020-03-27
ord_421f8c99,FILLED,2020-03-27,,0.0,油价击穿成本线与宏观熊市,GTC,2020-03-30
ord_648d7f87,FILLED,2020-03-30,,1.0,极端出清黄金坑抄底,GTC,2020-03-31
ord_124e56e6,FILLED,2020-03-31,,0.0,油价击穿成本线与宏观熊市,GTC,2020-04-01
ord_ad9c77cc,FILLED,2020-04-01,,1.0,极端出清黄金坑抄底,GTC,2020-04-02
ord_5824e9e6,FILLED,2020-04-02,,0.0,油价击穿成本线与宏观熊市,GTC,2020-04-03
ord_563a6bf7,FILLED,2020-04-03,,1.0,极端出清黄金坑抄底,GTC,2020-04-06
ord_db1797cf,FILLED,2020-04-06,,0.0,油价击穿成本线与宏观熊市,GTC,2020-04-07
ord_e7e40595,FILLED,2020-04-07,,1.0,极端出清黄金坑抄底,GTC,2020-04-08
ord_44fd51a1,FILLED,2020-04-08,,0.0,油价击穿成本线与宏观熊市,GTC,2020-04-09
ord_97d78fe1,FILLED,2020-04-09,,1.0,极端出清黄金坑抄底,GTC,2020-04-10
ord_0be6900a,FILLED,2020-04-10,,0.0,油价击穿成本线与宏观熊市,GTC,2020-04-13
ord_7b1bddb1,FILLED,2020-04-13,,1.0,极端出清黄金坑抄底,GTC,2020-04-14
ord_a4eb0d41,FILLED,2020-04-14,,0.0,油价击穿成本线与宏观熊市,GTC,2020-04-15
ord_7eafec54,FILLED,2020-04-17,,1.0,极端出清黄金坑抄底,GTC,2020-04-20
ord_dd0634ad,FILLED,2020-04-20,,0.0,油价击穿成本线与宏观熊市,GTC,2020-04-21
ord_0a973a31,FILLED,2020-04-22,,1.0,极端出清黄金坑抄底,GTC,2020-04-23
ord_72a23ce7,FILLED,2020-04-23,,0.0,油价击穿成本线与宏观熊市,GTC,2020-04-24
ord_500911cf,FILLED,2020-04-24,,1.0,极端出清黄金坑抄底,GTC,2020-04-27
ord_876468f7,FILLED,2020-04-27,,0.0,油价击穿成本线与宏观熊市,GTC,2020-04-28
ord_1594a836,FILLED,2020-04-28,,1.0,极端出清黄金坑抄底,GTC,2020-04-29
ord_bd9ee805,FILLED,2020-04-29,,1.0,Standing Order / DCA,GTC,2020-04-30
ord_d3b101a3,FILLED,2020-04-30,,1.0,Standing Order / DCA,GTC,2020-05-01
ord_57531d94,FILLED,2020-05-01,,1.0,Standing Order / DCA,GTC,2020-05-04
ord_6c68ab72,FILLED,2020-05-04,,1.0,Standing Order / DCA,GTC,2020-05-05
ord_3640600b,FILLED,2020-05-05,,1.0,Standing Order / DCA,GTC,2020-05-06
ord_a7d1511a,FILLED,2020-05-06,,1.0,Standing Order / DCA,GTC,2020-05-07
ord_47cd3b2e,FILLED,2020-05-07,,1.0,Standing Order / DCA,GTC,2020-05-08
ord_b60ffa7d,FILLED,2020-05-08,,1.0,Standing Order / DCA,GTC,2020-05-11
ord_9672f28e,FILLED,2020-05-11,,1.0,Standing Order / DCA,GTC,2020-05-12
ord_bb80809e,FILLED,2020-05-12,,1.0,Standing Order / DCA,GTC,2020-05-13
ord_770fed56,FILLED,2020-05-13,,1.0,Standing Order / DCA,GTC,2020-05-14
ord_00e5e2c5,FILLED,2020-05-14,,1.0,Standing Order / DCA,GTC,2020-05-15
ord_1f9f0e49,FILLED,2020-05-15,,1.0,Standing Order / DCA,GTC,2020-05-18
ord_f57ec1e0,FILLED,2020-05-18,,1.0,Standing Order / DCA,GTC,2020-05-19
ord_e79fff05,FILLED,2020-05-19,,1.0,Standing Order / DCA,GTC,2020-05-20
ord_41155392,FILLED,2020-05-20,,1.0,Standing Order / DCA,GTC,2020-05-21
ord_3809651e,FILLED,2020-05-21,,1.0,Standing Order / DCA,GTC,2020-05-22
ord_e39ec687,FILLED,2020-05-22,,1.0,Standing Order / DCA,GTC,2020-05-25
ord_baeee5f7,FILLED,2020-05-25,,1.0,Standing Order / DCA,GTC,2020-05-26
ord_de6628b3,FILLED,2020-05-26,,1.0,Standing Order / DCA,GTC,2020-05-27
ord_4782795b,FILLED,2020-05-27,,1.0,Standing Order / DCA,GTC,2020-05-28
ord_cb39498c,FILLED,2020-05-28,,1.0,Standing Order / DCA,GTC,2020-05-29
ord_b5ef231e,FILLED,2020-05-29,,1.0,Standing Order / DCA,GTC,2020-06-01
ord_a9ced7eb,FILLED,2020-06-01,,1.0,Standing Order / DCA,GTC,2020-06-02
ord_2cb22cca,FILLED,2020-06-02,,1.0,Standing Order / DCA,GTC,2020-06-03
ord_749e0eac,FILLED,2020-06-03,,1.0,Standing Order / DCA,GTC,2020-06-04
ord_538cc8d2,FILLED,2020-06-04,,1.0,Standing Order / DCA,GTC,2020-06-05
ord_c389d700,FILLED,2020-06-05,,1.0,Standing Order / DCA,GTC,2020-06-08
ord_adc086c2,FILLED,2020-06-08,,1.0,Standing Order / DCA,GTC,2020-06-09
ord_e53fcd86,FILLED,2020-06-09,,1.0,Standing Order / DCA,GTC,2020-06-10
ord_b188c726,FILLED,2020-06-10,,1.0,Standing Order / DCA,GTC,2020-06-11
ord_5da9a401,FILLED,2020-06-11,,1.0,Standing Order / DCA,GTC,2020-06-12
ord_3523a5fa,FILLED,2020-06-12,,1.0,Standing Order / DCA,GTC,2020-06-15
ord_c0edb40c,FILLED,2020-06-15,,1.0,Standing Order / DCA,GTC,2020-06-16
ord_5f3fcfac,FILLED,2020-06-16,,1.0,Standing Order / DCA,GTC,2020-06-17
ord_59e8e156,FILLED,2020-06-17,,1.0,Standing Order / DCA,GTC,2020-06-18
ord_c77f0f28,FILLED,2020-06-18,,1.0,Standing Order / DCA,GTC,2020-06-19
ord_9550ad6b,FILLED,2020-06-19,,1.0,Standing Order / DCA,GTC,2020-06-22
ord_59f616c3,FILLED,2020-06-22,,1.0,Standing Order / DCA,GTC,2020-06-23
ord_f53d6cee,FILLED,2020-06-23,,1.0,Standing Order / DCA,GTC,2020-06-24
ord_9758ec0b,FILLED,2020-06-24,,0.0,油价击穿成本线与宏观熊市,GTC,2020-06-25
ord_086cbcdd,FILLED,2020-07-14,,1.0,极端出清黄金坑抄底,GTC,2020-07-15
ord_d1dfe89a,FILLED,2020-07-15,,1.0,Standing Order / DCA,GTC,2020-07-16
ord_e61c39fd,FILLED,2020-07-16,,0.0,油价击穿成本线与宏观熊市,GTC,2020-07-17
ord_87ed62b6,FILLED,2020-07-17,,1.0,极端出清黄金坑抄底,GTC,2020-07-20
ord_7d364711,FILLED,2020-07-20,,0.0,油价击穿成本线与宏观熊市,GTC,2020-07-21
ord_fdd12b85,FILLED,2020-07-21,,1.0,极端出清黄金坑抄底,GTC,2020-07-22
ord_9bc06adc,FILLED,2020-07-22,,1.0,Standing Order / DCA,GTC,2020-07-23
ord_ee7b7ed3,FILLED,2020-07-23,,1.0,Standing Order / DCA,GTC,2020-07-24
ord_1b771106,FILLED,2020-07-24,,1.0,Standing Order / DCA,GTC,2020-07-27
ord_63a90da1,FILLED,2020-07-27,,1.0,Standing Order / DCA,GTC,2020-07-28
ord_34b30744,FILLED,2020-07-28,,1.0,Standing Order / DCA,GTC,2020-07-29
ord_d136734e,FILLED,2020-07-29,,1.0,Standing Order / DCA,GTC,2020-07-30
ord_e4e6dab0,FILLED,2020-07-30,,1.0,Standing Order / DCA,GTC,2020-07-31
ord_e60dfd02,FILLED,2020-07-31,,1.0,Standing Order / DCA,GTC,2020-08-03
ord_6b26f747,FILLED,2020-08-03,,1.0,Standing Order / DCA,GTC,2020-08-04
ord_dc32b410,FILLED,2020-08-04,,1.0,Standing Order / DCA,GTC,2020-08-05
ord_8e7194e3,FILLED,2020-08-05,,1.0,Standing Order / DCA,GTC,2020-08-06
ord_03c65ac1,FILLED,2020-08-06,,1.0,Standing Order / DCA,GTC,2020-08-07
ord_4624ee98,FILLED,2020-08-07,,1.0,Standing Order / DCA,GTC,2020-08-10
ord_4d216f66,FILLED,2020-08-10,,1.0,Standing Order / DCA,GTC,2020-08-11
ord_19a0036b,FILLED,2020-08-11,,1.0,Standing Order / DCA,GTC,2020-08-12
ord_5bc6486f,FILLED,2020-08-12,,1.0,Standing Order / DCA,GTC,2020-08-13
ord_aefcf36b,FILLED,2020-08-13,,1.0,Standing Order / DCA,GTC,2020-08-14
ord_1c493a04,FILLED,2020-08-14,,1.0,Standing Order / DCA,GTC,2020-08-17
ord_c7427f52,FILLED,2020-08-17,,1.0,Standing Order / DCA,GTC,2020-08-18
ord_0a7c6eed,FILLED,2020-08-18,,1.0,Standing Order / DCA,GTC,2020-08-19
ord_79ad47c2,FILLED,2020-08-19,,1.0,Standing Order / DCA,GTC,2020-08-20
ord_c0e61ef2,FILLED,2020-08-20,,1.0,Standing Order / DCA,GTC,2020-08-21
ord_34a5676b,FILLED,2020-08-21,,1.0,Standing Order / DCA,GTC,2020-08-24
ord_b589f777,FILLED,2020-08-24,,1.0,Standing Order / DCA,GTC,2020-08-25
ord_2889ddf2,FILLED,2020-08-25,,1.0,Standing Order / DCA,GTC,2020-08-26
ord_402b669c,FILLED,2020-08-26,,1.0,Standing Order / DCA,GTC,2020-08-27
ord_e7ec221d,FILLED,2020-08-27,,1.0,Standing Order / DCA,GTC,2020-08-28
ord_2c220a70,FILLED,2020-08-28,,1.0,Standing Order / DCA,GTC,2020-08-31
ord_ce2f19f6,FILLED,2020-08-31,,1.0,Standing Order / DCA,GTC,2020-09-01
ord_86e994b5,FILLED,2020-09-01,,1.0,Standing Order / DCA,GTC,2020-09-02
ord_453f397e,FILLED,2020-09-02,,1.0,Standing Order / DCA,GTC,2020-09-03
ord_a86df526,FILLED,2020-09-03,,1.0,Standing Order / DCA,GTC,2020-09-04
ord_761e586e,FILLED,2020-09-04,,1.0,Standing Order / DCA,GTC,2020-09-07
ord_ad9ef332,FILLED,2020-09-07,,1.0,Standing Order / DCA,GTC,2020-09-08
ord_cebc4101,FILLED,2020-09-08,,1.0,Standing Order / DCA,GTC,2020-09-09
ord_d0e0f19d,FILLED,2020-09-09,,1.0,Standing Order / DCA,GTC,2020-09-10
ord_6e778d61,FILLED,2020-09-10,,1.0,Standing Order / DCA,GTC,2020-09-11
ord_872d2f17,FILLED,2020-09-11,,1.0,Standing Order / DCA,GTC,2020-09-14
ord_63eed3e7,FILLED,2020-09-14,,1.0,Standing Order / DCA,GTC,2020-09-15
ord_0b8dac4f,FILLED,2020-09-15,,1.0,Standing Order / DCA,GTC,2020-09-16
ord_926f6312,FILLED,2020-09-16,,1.0,Standing Order / DCA,GTC,2020-09-17
ord_087272bf,FILLED,2020-09-17,,1.0,Standing Order / DCA,GTC,2020-09-18
ord_ef2ba635,FILLED,2020-09-18,,1.0,Standing Order / DCA,GTC,2020-09-21
ord_982a34bb,FILLED,2020-09-21,,1.0,Standing Order / DCA,GTC,2020-09-22
ord_a29e0aa6,FILLED,2020-09-22,,1.0,Standing Order / DCA,GTC,2020-09-23
ord_72ccec11,FILLED,2020-09-23,,1.0,Standing Order / DCA,GTC,2020-09-24
ord_44573602,FILLED,2020-09-24,,1.0,Standing Order / DCA,GTC,2020-09-25
ord_7ac0ab97,FILLED,2020-09-25,,1.0,Standing Order / DCA,GTC,2020-09-28
ord_6279d18b,FILLED,2020-09-28,,1.0,Standing Order / DCA,GTC,2020-09-29
ord_593a7595,FILLED,2020-09-29,,1.0,Standing Order / DCA,GTC,2020-09-30
ord_2da8e3a2,FILLED,2020-09-30,,1.0,Standing Order / DCA,GTC,2020-10-01
ord_d585ce9c,FILLED,2020-10-01,,1.0,Standing Order / DCA,GTC,2020-10-02
ord_d1cb1e02,FILLED,2020-10-02,,1.0,Standing Order / DCA,GTC,2020-10-05
ord_45dd982e,FILLED,2020-10-05,,1.0,Standing Order / DCA,GTC,2020-10-06
ord_b8712b15,FILLED,2020-10-06,,1.0,Standing Order / DCA,GTC,2020-10-07
ord_3f093e8d,FILLED,2020-10-07,,1.0,Standing Order / DCA,GTC,2020-10-08
ord_f3e81f5b,FILLED,2020-10-08,,1.0,Standing Order / DCA,GTC,2020-10-09
ord_ab45fd9d,FILLED,2020-10-09,,1.0,Standing Order / DCA,GTC,2020-10-12
ord_ed834d1d,FILLED,2020-10-12,,1.0,Standing Order / DCA,GTC,2020-10-13
ord_898d00e9,FILLED,2020-10-13,,1.0,Standing Order / DCA,GTC,2020-10-14
ord_e95cd1a3,FILLED,2020-10-14,,1.0,Standing Order / DCA,GTC,2020-10-15
ord_5ecd475d,FILLED,2020-10-15,,1.0,Standing Order / DCA,GTC,2020-10-16
ord_e1fe9279,FILLED,2020-10-16,,1.0,Standing Order / DCA,GTC,2020-10-19
ord_c236c35d,FILLED,2020-10-19,,1.0,Standing Order / DCA,GTC,2020-10-20
ord_adcef067,FILLED,2020-10-20,,1.0,Standing Order / DCA,GTC,2020-10-21
ord_2454f3c0,FILLED,2020-10-21,,1.0,Standing Order / DCA,GTC,2020-10-22
ord_522042e6,FILLED,2020-10-22,,1.0,Standing Order / DCA,GTC,2020-10-23
ord_984c941c,FILLED,2020-10-23,,1.0,Standing Order / DCA,GTC,2020-10-26
ord_7fa359dd,FILLED,2020-10-26,,1.0,Standing Order / DCA,GTC,2020-10-27
ord_1fcef9eb,FILLED,2020-10-27,,1.0,Standing Order / DCA,GTC,2020-10-28
ord_e724a327,FILLED,2020-10-28,,1.0,Standing Order / DCA,GTC,2020-10-29
ord_00198ee7,FILLED,2020-10-29,,1.0,Standing Order / DCA,GTC,2020-10-30
ord_5ae98f7d,FILLED,2020-10-30,,1.0,Standing Order / DCA,GTC,2020-11-02
ord_e200c084,FILLED,2020-11-02,,1.0,Standing Order / DCA,GTC,2020-11-03
ord_626cd1eb,FILLED,2020-11-03,,1.0,Standing Order / DCA,GTC,2020-11-04
ord_859fa34d,FILLED,2020-11-04,,1.0,Standing Order / DCA,GTC,2020-11-05
ord_3efb6783,FILLED,2020-11-05,,1.0,Standing Order / DCA,GTC,2020-11-06
ord_e717dc23,FILLED,2020-11-06,,1.0,Standing Order / DCA,GTC,2020-11-09
ord_5f9aa75d,FILLED,2020-11-09,,1.0,Standing Order / DCA,GTC,2020-11-10
ord_a0ca0bb1,FILLED,2020-11-10,,1.0,Standing Order / DCA,GTC,2020-11-11
ord_b3948b29,FILLED,2020-11-11,,1.0,Standing Order / DCA,GTC,2020-11-12
ord_04245259,FILLED,2020-11-12,,1.0,Standing Order / DCA,GTC,2020-11-13
ord_7b280779,FILLED,2020-11-13,,1.0,Standing Order / DCA,GTC,2020-11-16
ord_c8e0abcf,FILLED,2020-11-16,,1.0,Standing Order / DCA,GTC,2020-11-17
ord_a8749794,FILLED,2020-11-17,,1.0,Standing Order / DCA,GTC,2020-11-18
ord_3c5923cf,FILLED,2020-11-18,,1.0,Standing Order / DCA,GTC,2020-11-19
ord_126da475,FILLED,2020-11-19,,1.0,Standing Order / DCA,GTC,2020-11-20
ord_9faded06,FILLED,2020-11-20,,1.0,Standing Order / DCA,GTC,2020-11-23
ord_55d2958f,FILLED,2020-11-23,,1.0,Standing Order / DCA,GTC,2020-11-24
ord_6fb8f657,FILLED,2020-11-24,,1.0,Standing Order / DCA,GTC,2020-11-25
ord_fe092897,FILLED,2020-11-25,,1.0,Standing Order / DCA,GTC,2020-11-26
ord_4e323acb,FILLED,2020-11-26,,1.0,Standing Order / DCA,GTC,2020-11-27
ord_a69618b8,FILLED,2020-11-27,,1.0,Standing Order / DCA,GTC,2020-11-30
ord_e4c38646,FILLED,2020-11-30,,1.0,Standing Order / DCA,GTC,2020-12-01
ord_6c79e8bd,FILLED,2020-12-01,,1.0,Standing Order / DCA,GTC,2020-12-02
ord_c1c9f269,FILLED,2020-12-02,,1.0,Standing Order / DCA,GTC,2020-12-03
ord_f578e0ce,FILLED,2020-12-03,,1.0,Standing Order / DCA,GTC,2020-12-04
ord_cb39c547,FILLED,2020-12-04,,1.0,Standing Order / DCA,GTC,2020-12-07
ord_d251f240,FILLED,2020-12-07,,1.0,Standing Order / DCA,GTC,2020-12-08
ord_1e74e63b,FILLED,2020-12-08,,1.0,Standing Order / DCA,GTC,2020-12-09
ord_21af1e08,FILLED,2020-12-09,,1.0,Standing Order / DCA,GTC,2020-12-10
ord_05995f89,FILLED,2020-12-10,,1.0,Standing Order / DCA,GTC,2020-12-11
ord_9eae0dc1,FILLED,2020-12-11,,1.0,Standing Order / DCA,GTC,2020-12-14
ord_316e2bb9,FILLED,2020-12-14,,1.0,Standing Order / DCA,GTC,2020-12-15
ord_f04ee34b,FILLED,2020-12-15,,1.0,Standing Order / DCA,GTC,2020-12-16
ord_a37b00b6,FILLED,2020-12-16,,1.0,Standing Order / DCA,GTC,2020-12-17
ord_66c42248,FILLED,2020-12-17,,1.0,Standing Order / DCA,GTC,2020-12-18
ord_888a7a42,FILLED,2020-12-18,,1.0,Standing Order / DCA,GTC,2020-12-21
ord_383c61c2,FILLED,2020-12-21,,1.0,Standing Order / DCA,GTC,2020-12-22
ord_09fb49e5,FILLED,2020-12-22,,1.0,Standing Order / DCA,GTC,2020-12-23
ord_a0c0c687,FILLED,2020-12-23,,1.0,Standing Order / DCA,GTC,2020-12-24
ord_5f62cfbd,FILLED,2020-12-24,,1.0,Standing Order / DCA,GTC,2020-12-25
ord_c127ac03,FILLED,2020-12-25,,1.0,Standing Order / DCA,GTC,2020-12-28
ord_89693f3c,FILLED,2020-12-28,,1.0,Standing Order / DCA,GTC,2020-12-29
ord_1b36b267,FILLED,2020-12-29,,1.0,Standing Order / DCA,GTC,2020-12-30
ord_03cd95b2,FILLED,2020-12-30,,1.0,Standing Order / DCA,GTC,2020-12-31
ord_098205e9,FILLED,2020-12-31,,1.0,Standing Order / DCA,GTC,2021-01-01
ord_72c531f4,FILLED,2021-01-01,,1.0,Standing Order / DCA,GTC,2021-01-04
ord_a4c776e4,FILLED,2021-01-04,,1.0,Standing Order / DCA,GTC,2021-01-05
ord_b13ba928,FILLED,2021-01-05,,1.0,Standing Order / DCA,GTC,2021-01-06
ord_8ab52fd9,FILLED,2021-01-06,,1.0,Standing Order / DCA,GTC,2021-01-07
ord_3d43c69a,FILLED,2021-01-07,,1.0,Standing Order / DCA,GTC,2021-01-08
ord_be74f351,FILLED,2021-01-08,,1.0,Standing Order / DCA,GTC,2021-01-11
ord_bbc7a145,FILLED,2021-01-11,,1.0,Standing Order / DCA,GTC,2021-01-12
ord_8dfc5b9d,FILLED,2021-01-12,,1.0,Standing Order / DCA,GTC,2021-01-13
ord_94259827,FILLED,2021-01-13,,1.0,Standing Order / DCA,GTC,2021-01-14
ord_dae8f34e,FILLED,2021-01-14,,1.0,Standing Order / DCA,GTC,2021-01-15
ord_840dad8e,FILLED,2021-01-15,,1.0,Standing Order / DCA,GTC,2021-01-18
ord_4415c630,FILLED,2021-01-18,,1.0,Standing Order / DCA,GTC,2021-01-19
ord_fcb64160,FILLED,2021-01-19,,1.0,Standing Order / DCA,GTC,2021-01-20
ord_c9f404f8,FILLED,2021-01-20,,1.0,Standing Order / DCA,GTC,2021-01-21
ord_a79a23f0,FILLED,2021-01-21,,1.0,Standing Order / DCA,GTC,2021-01-22
ord_75b82520,FILLED,2021-01-22,,1.0,Standing Order / DCA,GTC,2021-01-25
ord_4ef3cdc2,FILLED,2021-01-25,,1.0,Standing Order / DCA,GTC,2021-01-26
ord_07125156,FILLED,2021-01-26,,1.0,Standing Order / DCA,GTC,2021-01-27
ord_6321d0c8,FILLED,2021-01-27,,1.0,Standing Order / DCA,GTC,2021-01-28
ord_39f6d816,FILLED,2021-01-28,,1.0,Standing Order / DCA,GTC,2021-01-29
ord_0df22d2f,FILLED,2021-01-29,,1.0,Standing Order / DCA,GTC,2021-02-01
ord_9f64725f,FILLED,2021-02-01,,1.0,Standing Order / DCA,GTC,2021-02-02
ord_86ba045f,FILLED,2021-02-02,,1.0,Standing Order / DCA,GTC,2021-02-03
ord_a8fc928b,FILLED,2021-02-03,,1.0,Standing Order / DCA,GTC,2021-02-04
ord_8a5d42e6,FILLED,2021-02-04,,1.0,Standing Order / DCA,GTC,2021-02-05
ord_986eb0b7,FILLED,2021-02-05,,1.0,Standing Order / DCA,GTC,2021-02-08
ord_ab297f00,FILLED,2021-02-08,,1.0,Standing Order / DCA,GTC,2021-02-09
ord_46bdf917,FILLED,2021-02-09,,1.0,Standing Order / DCA,GTC,2021-02-10
ord_86c7065c,FILLED,2021-02-10,,1.0,Standing Order / DCA,GTC,2021-02-11
ord_98679700,FILLED,2021-02-11,,1.0,Standing Order / DCA,GTC,2021-02-12
ord_0cde53dc,FILLED,2021-02-12,,1.0,Standing Order / DCA,GTC,2021-02-15
ord_053e99b7,FILLED,2021-02-15,,1.0,Standing Order / DCA,GTC,2021-02-16
ord_c6fe69ee,FILLED,2021-02-16,,1.0,Standing Order / DCA,GTC,2021-02-17
ord_f2927f25,FILLED,2021-02-17,,1.0,Standing Order / DCA,GTC,2021-02-18
ord_3cc50dde,FILLED,2021-02-18,,1.0,Standing Order / DCA,GTC,2021-02-19
ord_ec9e189d,FILLED,2021-02-19,,1.0,Standing Order / DCA,GTC,2021-02-22
ord_a8276fb6,FILLED,2021-02-22,,1.0,Standing Order / DCA,GTC,2021-02-23
ord_b0005940,FILLED,2021-02-23,,1.0,Standing Order / DCA,GTC,2021-02-24
ord_34ffaa32,FILLED,2021-02-24,,1.0,Standing Order / DCA,GTC,2021-02-25
ord_35aec140,FILLED,2021-02-25,,1.0,Standing Order / DCA,GTC,2021-02-26
ord_d321ea06,FILLED,2021-02-26,,1.0,Standing Order / DCA,GTC,2021-03-01
ord_68ce355a,FILLED,2021-03-01,,1.0,Standing Order / DCA,GTC,2021-03-02
ord_c9d1fbb0,FILLED,2021-03-02,,1.0,Standing Order / DCA,GTC,2021-03-03
ord_182f629b,FILLED,2021-03-03,,1.0,Standing Order / DCA,GTC,2021-03-04
ord_d74126b7,FILLED,2021-03-04,,1.0,Standing Order / DCA,GTC,2021-03-05
ord_0d522dd3,FILLED,2021-03-05,,1.0,Standing Order / DCA,GTC,2021-03-08
ord_9357895b,FILLED,2021-03-08,,1.0,Standing Order / DCA,GTC,2021-03-09
ord_019aa736,FILLED,2021-03-09,,1.0,Standing Order / DCA,GTC,2021-03-10
ord_1816983e,FILLED,2021-03-10,,1.0,Standing Order / DCA,GTC,2021-03-11
ord_78cc109f,FILLED,2021-03-11,,1.0,Standing Order / DCA,GTC,2021-03-12
ord_1b712c2e,FILLED,2021-03-12,,1.0,Standing Order / DCA,GTC,2021-03-15
ord_8169cd68,FILLED,2021-03-15,,1.0,Standing Order / DCA,GTC,2021-03-16
ord_fea69e6a,FILLED,2021-03-16,,1.0,Standing Order / DCA,GTC,2021-03-17
ord_78055a77,FILLED,2021-03-17,,1.0,Standing Order / DCA,GTC,2021-03-18
ord_6cbb9826,FILLED,2021-03-18,,1.0,Standing Order / DCA,GTC,2021-03-19
ord_63667009,FILLED,2021-03-19,,1.0,Standing Order / DCA,GTC,2021-03-22
ord_9f9c388a,FILLED,2021-03-22,,1.0,Standing Order / DCA,GTC,2021-03-23
ord_e765c783,FILLED,2021-03-23,,1.0,Standing Order / DCA,GTC,2021-03-24
ord_a59a3c81,FILLED,2021-03-24,,1.0,Standing Order / DCA,GTC,2021-03-25
ord_c048988d,FILLED,2021-03-25,,1.0,Standing Order / DCA,GTC,2021-03-26
ord_83f1ddb5,FILLED,2021-03-26,,1.0,Standing Order / DCA,GTC,2021-03-29
ord_b1555ed6,FILLED,2021-03-29,,1.0,Standing Order / DCA,GTC,2021-03-30
ord_9d69aacb,FILLED,2021-03-30,,1.0,Standing Order / DCA,GTC,2021-03-31
ord_4e64ed16,FILLED,2021-03-31,,1.0,Standing Order / DCA,GTC,2021-04-01
ord_42518ac1,FILLED,2021-04-01,,1.0,Standing Order / DCA,GTC,2021-04-02
ord_763bcd2c,FILLED,2021-04-02,,1.0,Standing Order / DCA,GTC,2021-04-05
ord_6cdf42fc,FILLED,2021-04-05,,1.0,Standing Order / DCA,GTC,2021-04-06
ord_8260f7eb,FILLED,2021-04-06,,1.0,Standing Order / DCA,GTC,2021-04-07
ord_d4ce14fd,FILLED,2021-04-07,,1.0,Standing Order / DCA,GTC,2021-04-08
ord_ee08d30a,FILLED,2021-04-08,,1.0,Standing Order / DCA,GTC,2021-04-09
ord_5721a2f6,FILLED,2021-04-09,,1.0,Standing Order / DCA,GTC,2021-04-12
ord_c72b1748,FILLED,2021-04-12,,1.0,Standing Order / DCA,GTC,2021-04-13
ord_ae282a7f,FILLED,2021-04-13,,1.0,Standing Order / DCA,GTC,2021-04-14
ord_e6e445e8,FILLED,2021-04-14,,1.0,Standing Order / DCA,GTC,2021-04-15
ord_20572130,FILLED,2021-04-15,,1.0,Standing Order / DCA,GTC,2021-04-16
ord_00bf4ba4,FILLED,2021-04-16,,1.0,Standing Order / DCA,GTC,2021-04-19
ord_22d88a89,FILLED,2021-04-19,,1.0,Standing Order / DCA,GTC,2021-04-20
ord_1dff5072,FILLED,2021-04-20,,0.0,微观雷达泡沫与CapEx过热,GTC,2021-04-21
ord_9daa0d7d,FILLED,2021-05-05,,1.0,突破卖出价右侧防踏空接回,GTC,2021-05-06
ord_b4a2dad5,FILLED,2021-05-06,,1.0,Standing Order / DCA,GTC,2021-05-07
ord_7463b42f,FILLED,2021-05-07,,1.0,Standing Order / DCA,GTC,2021-05-10
ord_5c70f932,FILLED,2021-05-10,,1.0,Standing Order / DCA,GTC,2021-05-11
ord_a0a29a99,FILLED,2021-05-11,,1.0,Standing Order / DCA,GTC,2021-05-12
ord_ac23148f,FILLED,2021-05-12,,1.0,Standing Order / DCA,GTC,2021-05-13
ord_58bfaf56,FILLED,2021-05-13,,1.0,Standing Order / DCA,GTC,2021-05-14
ord_6fd972bf,FILLED,2021-05-14,,1.0,Standing Order / DCA,GTC,2021-05-17
ord_0afcc7ad,FILLED,2021-05-17,,1.0,Standing Order / DCA,GTC,2021-05-18
ord_feb0bb45,FILLED,2021-05-18,,1.0,Standing Order / DCA,GTC,2021-05-19
ord_f4eb3836,FILLED,2021-05-19,,1.0,Standing Order / DCA,GTC,2021-05-20
ord_2df94f6b,FILLED,2021-05-20,,1.0,Standing Order / DCA,GTC,2021-05-21
ord_aba3f9c4,FILLED,2021-05-21,,1.0,Standing Order / DCA,GTC,2021-05-24
ord_16868165,FILLED,2021-05-24,,1.0,Standing Order / DCA,GTC,2021-05-25
ord_92e574bc,FILLED,2021-05-25,,1.0,Standing Order / DCA,GTC,2021-05-26
ord_e7291dbf,FILLED,2021-05-26,,1.0,Standing Order / DCA,GTC,2021-05-27
ord_65883b5d,FILLED,2021-05-27,,1.0,Standing Order / DCA,GTC,2021-05-28
ord_8bbf0d6e,FILLED,2021-05-28,,1.0,Standing Order / DCA,GTC,2021-05-31
ord_ab8b4acb,FILLED,2021-05-31,,1.0,Standing Order / DCA,GTC,2021-06-01
ord_5049ab2e,FILLED,2021-06-01,,1.0,Standing Order / DCA,GTC,2021-06-02
ord_ccba3185,FILLED,2021-06-02,,1.0,Standing Order / DCA,GTC,2021-06-03
ord_ccdaa78b,FILLED,2021-06-03,,1.0,Standing Order / DCA,GTC,2021-06-04
ord_feaccd6d,FILLED,2021-06-04,,1.0,Standing Order / DCA,GTC,2021-06-07
ord_6f858484,FILLED,2021-06-07,,1.0,Standing Order / DCA,GTC,2021-06-08
ord_7775ddd7,FILLED,2021-06-08,,1.0,Standing Order / DCA,GTC,2021-06-09
ord_5f3158f5,FILLED,2021-06-09,,1.0,Standing Order / DCA,GTC,2021-06-10
ord_a4ab99f8,FILLED,2021-06-10,,1.0,Standing Order / DCA,GTC,2021-06-11
ord_83de45f2,FILLED,2021-06-11,,1.0,Standing Order / DCA,GTC,2021-06-14
ord_2923d23d,FILLED,2021-06-14,,1.0,Standing Order / DCA,GTC,2021-06-15
ord_6ec65814,FILLED,2021-06-15,,1.0,Standing Order / DCA,GTC,2021-06-16
ord_68187468,FILLED,2021-06-16,,1.0,Standing Order / DCA,GTC,2021-06-17
ord_08940f42,FILLED,2021-06-17,,1.0,Standing Order / DCA,GTC,2021-06-18
ord_8896ac5d,FILLED,2021-06-18,,1.0,Standing Order / DCA,GTC,2021-06-21
ord_e8c945e1,FILLED,2021-06-21,,1.0,Standing Order / DCA,GTC,2021-06-22
ord_48dfe99a,FILLED,2021-06-22,,1.0,Standing Order / DCA,GTC,2021-06-23
ord_c6cfcc1e,FILLED,2021-06-23,,1.0,Standing Order / DCA,GTC,2021-06-24
ord_c5d47062,FILLED,2021-06-24,,1.0,Standing Order / DCA,GTC,2021-06-25
ord_0ed50227,FILLED,2021-06-25,,1.0,Standing Order / DCA,GTC,2021-06-28
ord_383920d3,FILLED,2021-06-28,,1.0,Standing Order / DCA,GTC,2021-06-29
ord_6b6c5137,FILLED,2021-06-29,,1.0,Standing Order / DCA,GTC,2021-06-30
ord_b28e6a84,FILLED,2021-06-30,,1.0,Standing Order / DCA,GTC,2021-07-01
ord_3858900e,FILLED,2021-07-01,,1.0,Standing Order / DCA,GTC,2021-07-02
ord_730bff81,FILLED,2021-07-02,,1.0,Standing Order / DCA,GTC,2021-07-05
ord_7894f633,FILLED,2021-07-05,,1.0,Standing Order / DCA,GTC,2021-07-06
ord_11fee360,FILLED,2021-07-06,,1.0,Standing Order / DCA,GTC,2021-07-07
ord_71201cb8,FILLED,2021-07-07,,1.0,Standing Order / DCA,GTC,2021-07-08
ord_d3b843cb,FILLED,2021-07-08,,0.0,微观雷达泡沫与CapEx过热,GTC,2021-07-09
ord_9698925e,FILLED,2021-09-17,,1.0,微观雷达降温且右侧重构,GTC,2021-09-20
ord_b55ac0a0,FILLED,2021-09-20,,1.0,Standing Order / DCA,GTC,2021-09-21
ord_39eb717d,FILLED,2021-09-21,,1.0,Standing Order / DCA,GTC,2021-09-22
ord_94f0e98e,FILLED,2021-09-22,,1.0,Standing Order / DCA,GTC,2021-09-23
ord_c9ce1ff0,FILLED,2021-09-23,,1.0,Standing Order / DCA,GTC,2021-09-24
ord_d191957a,FILLED,2021-09-24,,1.0,Standing Order / DCA,GTC,2021-09-27
ord_cfcc9213,FILLED,2021-09-27,,1.0,Standing Order / DCA,GTC,2021-09-28
ord_8d9bc73a,FILLED,2021-09-28,,1.0,Standing Order / DCA,GTC,2021-09-29
ord_b1c25929,FILLED,2021-09-29,,1.0,Standing Order / DCA,GTC,2021-09-30
ord_ec0fee7d,FILLED,2021-09-30,,1.0,Standing Order / DCA,GTC,2021-10-01
ord_2b15242b,FILLED,2021-10-01,,1.0,Standing Order / DCA,GTC,2021-10-04
ord_6edddeae,FILLED,2021-10-04,,1.0,Standing Order / DCA,GTC,2021-10-05
ord_a4bc4ea7,FILLED,2021-10-05,,1.0,Standing Order / DCA,GTC,2021-10-06
ord_f95c371b,FILLED,2021-10-06,,1.0,Standing Order / DCA,GTC,2021-10-07
ord_a87e42a3,FILLED,2021-10-07,,1.0,Standing Order / DCA,GTC,2021-10-08
ord_5baab2f3,FILLED,2021-10-08,,1.0,Standing Order / DCA,GTC,2021-10-11
ord_674c3935,FILLED,2021-10-11,,1.0,Standing Order / DCA,GTC,2021-10-12
ord_bb80f1b1,FILLED,2021-10-12,,1.0,Standing Order / DCA,GTC,2021-10-13
ord_25e05762,FILLED,2021-10-13,,1.0,Standing Order / DCA,GTC,2021-10-14
ord_fefb8259,FILLED,2021-10-14,,1.0,Standing Order / DCA,GTC,2021-10-15
ord_3f7e0a84,FILLED,2021-10-15,,1.0,Standing Order / DCA,GTC,2021-10-18
ord_3c2d78ae,FILLED,2021-10-18,,1.0,Standing Order / DCA,GTC,2021-10-19
ord_fc3ad2b0,FILLED,2021-10-19,,1.0,Standing Order / DCA,GTC,2021-10-20
ord_e26af743,FILLED,2021-10-20,,1.0,Standing Order / DCA,GTC,2021-10-21
ord_d059c882,FILLED,2021-10-21,,1.0,Standing Order / DCA,GTC,2021-10-22
ord_e82ca590,FILLED,2021-10-22,,1.0,Standing Order / DCA,GTC,2021-10-25
ord_a511742c,FILLED,2021-10-25,,1.0,Standing Order / DCA,GTC,2021-10-26
ord_00347e48,FILLED,2021-10-26,,1.0,Standing Order / DCA,GTC,2021-10-27
ord_a20954d0,FILLED,2021-10-27,,1.0,Standing Order / DCA,GTC,2021-10-28
ord_edb5e0ab,FILLED,2021-10-28,,1.0,Standing Order / DCA,GTC,2021-10-29
ord_84587336,FILLED,2021-10-29,,1.0,Standing Order / DCA,GTC,2021-11-01
ord_feebcd10,FILLED,2021-11-01,,1.0,Standing Order / DCA,GTC,2021-11-02
ord_1b9e313b,FILLED,2021-11-02,,1.0,Standing Order / DCA,GTC,2021-11-03
ord_fa49f08f,FILLED,2021-11-03,,1.0,Standing Order / DCA,GTC,2021-11-04
ord_a94b0e12,FILLED,2021-11-04,,1.0,Standing Order / DCA,GTC,2021-11-05
ord_f3fea7b8,FILLED,2021-11-05,,1.0,Standing Order / DCA,GTC,2021-11-08
ord_79530038,FILLED,2021-11-08,,1.0,Standing Order / DCA,GTC,2021-11-09
ord_8ac6a67e,FILLED,2021-11-09,,1.0,Standing Order / DCA,GTC,2021-11-10
ord_849d5bd6,FILLED,2021-11-10,,1.0,Standing Order / DCA,GTC,2021-11-11
ord_0ef460ad,FILLED,2021-11-11,,1.0,Standing Order / DCA,GTC,2021-11-12
ord_05b1026e,FILLED,2021-11-12,,1.0,Standing Order / DCA,GTC,2021-11-15
ord_6b70e4df,FILLED,2021-11-15,,1.0,Standing Order / DCA,GTC,2021-11-16
ord_b4acc9ab,FILLED,2021-11-16,,1.0,Standing Order / DCA,GTC,2021-11-17
ord_e82eace0,FILLED,2021-11-17,,1.0,Standing Order / DCA,GTC,2021-11-18
ord_f07dd158,FILLED,2021-11-18,,1.0,Standing Order / DCA,GTC,2021-11-19
ord_6ea82eb3,FILLED,2021-11-19,,1.0,Standing Order / DCA,GTC,2021-11-22
ord_fa30f06b,FILLED,2021-11-22,,1.0,Standing Order / DCA,GTC,2021-11-23
ord_3b5ba4b2,FILLED,2021-11-23,,1.0,Standing Order / DCA,GTC,2021-11-24
ord_c7ef6441,FILLED,2021-11-24,,1.0,Standing Order / DCA,GTC,2021-11-25
ord_a951d2b8,FILLED,2021-11-25,,1.0,Standing Order / DCA,GTC,2021-11-26
ord_80c2c3ff,FILLED,2021-11-26,,1.0,Standing Order / DCA,GTC,2021-11-29
ord_3f25e94e,FILLED,2021-11-29,,1.0,Standing Order / DCA,GTC,2021-11-30
ord_8e2fe82e,FILLED,2021-11-30,,1.0,Standing Order / DCA,GTC,2021-12-01
ord_4471fc11,FILLED,2021-12-01,,1.0,Standing Order / DCA,GTC,2021-12-02
ord_1b2154ac,FILLED,2021-12-02,,1.0,Standing Order / DCA,GTC,2021-12-03
ord_822f3f70,FILLED,2021-12-03,,1.0,Standing Order / DCA,GTC,2021-12-06
ord_98c8a4bb,FILLED,2021-12-06,,1.0,Standing Order / DCA,GTC,2021-12-07
ord_8360b84e,FILLED,2021-12-07,,1.0,Standing Order / DCA,GTC,2021-12-08
ord_b66757fc,FILLED,2021-12-08,,1.0,Standing Order / DCA,GTC,2021-12-09
ord_dae32c36,FILLED,2021-12-09,,1.0,Standing Order / DCA,GTC,2021-12-10
ord_56478e41,FILLED,2021-12-10,,1.0,Standing Order / DCA,GTC,2021-12-13
ord_751cd99a,FILLED,2021-12-13,,1.0,Standing Order / DCA,GTC,2021-12-14
ord_595187fa,FILLED,2021-12-14,,1.0,Standing Order / DCA,GTC,2021-12-15
ord_dfa0c0dc,FILLED,2021-12-15,,1.0,Standing Order / DCA,GTC,2021-12-16
ord_2626c38d,FILLED,2021-12-16,,1.0,Standing Order / DCA,GTC,2021-12-17
ord_d4bf7d84,FILLED,2021-12-17,,1.0,Standing Order / DCA,GTC,2021-12-20
ord_d654050c,FILLED,2021-12-20,,1.0,Standing Order / DCA,GTC,2021-12-21
ord_fe91a74d,FILLED,2021-12-21,,1.0,Standing Order / DCA,GTC,2021-12-22
ord_e1222076,FILLED,2021-12-22,,1.0,Standing Order / DCA,GTC,2021-12-23
ord_c147d3a2,FILLED,2021-12-23,,1.0,Standing Order / DCA,GTC,2021-12-24
ord_d0f8f7c0,FILLED,2021-12-24,,1.0,Standing Order / DCA,GTC,2021-12-27
ord_ba729a56,FILLED,2021-12-27,,1.0,Standing Order / DCA,GTC,2021-12-28
ord_8809bec8,FILLED,2021-12-28,,1.0,Standing Order / DCA,GTC,2021-12-29
ord_e9b7ba62,FILLED,2021-12-29,,1.0,Standing Order / DCA,GTC,2021-12-30
ord_aae1e812,FILLED,2021-12-30,,1.0,Standing Order / DCA,GTC,2021-12-31
ord_41606efa,FILLED,2021-12-31,,1.0,Standing Order / DCA,GTC,2022-01-03
ord_a6bebdb8,FILLED,2022-01-03,,1.0,Standing Order / DCA,GTC,2022-01-04
ord_cf3cc479,FILLED,2022-01-04,,1.0,Standing Order / DCA,GTC,2022-01-05
ord_a0eaaa21,FILLED,2022-01-05,,1.0,Standing Order / DCA,GTC,2022-01-06
ord_07f21f18,FILLED,2022-01-06,,1.0,Standing Order / DCA,GTC,2022-01-07
ord_50a522f1,FILLED,2022-01-07,,1.0,Standing Order / DCA,GTC,2022-01-10
ord_fcd0c51f,FILLED,2022-01-10,,1.0,Standing Order / DCA,GTC,2022-01-11
ord_a4d599d2,FILLED,2022-01-11,,1.0,Standing Order / DCA,GTC,2022-01-12
ord_6d73c023,FILLED,2022-01-12,,1.0,Standing Order / DCA,GTC,2022-01-13
ord_b0a0916d,FILLED,2022-01-13,,1.0,Standing Order / DCA,GTC,2022-01-14
ord_7e0ba0c5,FILLED,2022-01-14,,1.0,Standing Order / DCA,GTC,2022-01-17
ord_6ee0a444,FILLED,2022-01-17,,1.0,Standing Order / DCA,GTC,2022-01-18
ord_75ad0778,FILLED,2022-01-18,,1.0,Standing Order / DCA,GTC,2022-01-19
ord_b112b189,FILLED,2022-01-19,,1.0,Standing Order / DCA,GTC,2022-01-20
ord_c14225e4,FILLED,2022-01-20,,1.0,Standing Order / DCA,GTC,2022-01-21
ord_6b184d87,FILLED,2022-01-21,,1.0,Standing Order / DCA,GTC,2022-01-24
ord_f02a6a30,FILLED,2022-01-24,,1.0,Standing Order / DCA,GTC,2022-01-25
ord_7c70c9b0,FILLED,2022-01-25,,1.0,Standing Order / DCA,GTC,2022-01-26
ord_b450af3b,FILLED,2022-01-26,,1.0,Standing Order / DCA,GTC,2022-01-27
ord_fa253d75,FILLED,2022-01-27,,1.0,Standing Order / DCA,GTC,2022-01-28
ord_5fe2cea0,FILLED,2022-01-28,,1.0,Standing Order / DCA,GTC,2022-01-31
ord_22e1940d,FILLED,2022-01-31,,1.0,Standing Order / DCA,GTC,2022-02-01
ord_915ba482,FILLED,2022-02-01,,1.0,Standing Order / DCA,GTC,2022-02-02
ord_04b031e8,FILLED,2022-02-02,,1.0,Standing Order / DCA,GTC,2022-02-03
ord_b8d8d467,FILLED,2022-02-03,,1.0,Standing Order / DCA,GTC,2022-02-04
ord_8ed83322,FILLED,2022-02-04,,1.0,Standing Order / DCA,GTC,2022-02-07
ord_ae4e09bf,FILLED,2022-02-07,,1.0,Standing Order / DCA,GTC,2022-02-08
ord_524d7781,FILLED,2022-02-08,,1.0,Standing Order / DCA,GTC,2022-02-09
ord_e47b67c0,FILLED,2022-02-09,,1.0,Standing Order / DCA,GTC,2022-02-10
ord_3b0d039c,FILLED,2022-02-10,,1.0,Standing Order / DCA,GTC,2022-02-11
ord_50482a64,FILLED,2022-02-11,,1.0,Standing Order / DCA,GTC,2022-02-14
ord_16f51683,FILLED,2022-02-14,,1.0,Standing Order / DCA,GTC,2022-02-15
ord_da0042a0,FILLED,2022-02-15,,1.0,Standing Order / DCA,GTC,2022-02-16
ord_af00e643,FILLED,2022-02-16,,1.0,Standing Order / DCA,GTC,2022-02-17
ord_5fc17993,FILLED,2022-02-17,,1.0,Standing Order / DCA,GTC,2022-02-18
ord_65c24f8c,FILLED,2022-02-18,,1.0,Standing Order / DCA,GTC,2022-02-21
ord_dfb00810,FILLED,2022-02-21,,1.0,Standing Order / DCA,GTC,2022-02-22
ord_1dc058d7,FILLED,2022-02-22,,1.0,Standing Order / DCA,GTC,2022-02-23
ord_ef1a4f1c,FILLED,2022-02-23,,1.0,Standing Order / DCA,GTC,2022-02-24
ord_3b42fb64,FILLED,2022-02-24,,1.0,Standing Order / DCA,GTC,2022-02-25
ord_93a83a6c,FILLED,2022-02-25,,1.0,Standing Order / DCA,GTC,2022-02-28
ord_30e408ca,FILLED,2022-02-28,,1.0,Standing Order / DCA,GTC,2022-03-01
ord_ecccaa43,FILLED,2022-03-01,,1.0,Standing Order / DCA,GTC,2022-03-02
ord_59698bda,FILLED,2022-03-02,,1.0,Standing Order / DCA,GTC,2022-03-03
ord_622648e9,FILLED,2022-03-03,,1.0,Standing Order / DCA,GTC,2022-03-04
ord_cba751d0,FILLED,2022-03-04,,1.0,Standing Order / DCA,GTC,2022-03-07
ord_fb4da73e,FILLED,2022-03-07,,1.0,Standing Order / DCA,GTC,2022-03-08
ord_53695f42,FILLED,2022-03-08,,1.0,Standing Order / DCA,GTC,2022-03-09
ord_65ae2f1a,FILLED,2022-03-09,,1.0,Standing Order / DCA,GTC,2022-03-10
ord_dc47f26d,FILLED,2022-03-10,,1.0,Standing Order / DCA,GTC,2022-03-11
ord_85d702c7,FILLED,2022-03-11,,1.0,Standing Order / DCA,GTC,2022-03-14
ord_660c6566,FILLED,2022-03-14,,1.0,Standing Order / DCA,GTC,2022-03-15
ord_3bb85bba,FILLED,2022-03-15,,1.0,Standing Order / DCA,GTC,2022-03-16
ord_ee9c2553,FILLED,2022-03-16,,1.0,Standing Order / DCA,GTC,2022-03-17
ord_f62df936,FILLED,2022-03-17,,1.0,Standing Order / DCA,GTC,2022-03-18
ord_91b98b39,FILLED,2022-03-18,,1.0,Standing Order / DCA,GTC,2022-03-21
ord_5d44de00,FILLED,2022-03-21,,1.0,Standing Order / DCA,GTC,2022-03-22
ord_bd068e31,FILLED,2022-03-22,,1.0,Standing Order / DCA,GTC,2022-03-23
ord_474ea9d7,FILLED,2022-03-23,,1.0,Standing Order / DCA,GTC,2022-03-24
ord_d9457584,FILLED,2022-03-24,,1.0,Standing Order / DCA,GTC,2022-03-25
ord_58c98c98,FILLED,2022-03-25,,1.0,Standing Order / DCA,GTC,2022-03-28
ord_ddfa3cfd,FILLED,2022-03-28,,1.0,Standing Order / DCA,GTC,2022-03-29
ord_cf38b420,FILLED,2022-03-29,,1.0,Standing Order / DCA,GTC,2022-03-30
ord_fbd7a1b7,FILLED,2022-03-30,,1.0,Standing Order / DCA,GTC,2022-03-31
ord_6b478854,FILLED,2022-03-31,,1.0,Standing Order / DCA,GTC,2022-04-01
ord_4837368b,FILLED,2022-04-01,,1.0,Standing Order / DCA,GTC,2022-04-04
ord_d127223d,FILLED,2022-04-04,,1.0,Standing Order / DCA,GTC,2022-04-05
ord_1cae45f8,FILLED,2022-04-05,,1.0,Standing Order / DCA,GTC,2022-04-06
ord_00a35254,FILLED,2022-04-06,,1.0,Standing Order / DCA,GTC,2022-04-07
ord_b5252363,FILLED,2022-04-07,,1.0,Standing Order / DCA,GTC,2022-04-08
ord_1649a774,FILLED,2022-04-08,,1.0,Standing Order / DCA,GTC,2022-04-11
ord_e6b760fe,FILLED,2022-04-11,,1.0,Standing Order / DCA,GTC,2022-04-12
ord_d54265e0,FILLED,2022-04-12,,1.0,Standing Order / DCA,GTC,2022-04-13
ord_ef1cb945,FILLED,2022-04-13,,1.0,Standing Order / DCA,GTC,2022-04-14
ord_a021f536,FILLED,2022-04-14,,1.0,Standing Order / DCA,GTC,2022-04-15
ord_5e2cc844,FILLED,2022-04-15,,1.0,Standing Order / DCA,GTC,2022-04-18
ord_38b90971,FILLED,2022-04-18,,1.0,Standing Order / DCA,GTC,2022-04-19
ord_3efa947e,FILLED,2022-04-19,,1.0,Standing Order / DCA,GTC,2022-04-20
ord_4a0201f4,FILLED,2022-04-20,,1.0,Standing Order / DCA,GTC,2022-04-21
ord_e2f89aa8,FILLED,2022-04-21,,1.0,Standing Order / DCA,GTC,2022-04-22
ord_a44c06de,FILLED,2022-04-22,,1.0,Standing Order / DCA,GTC,2022-04-25
ord_21af63d5,FILLED,2022-04-25,,1.0,Standing Order / DCA,GTC,2022-04-26
ord_873bb359,FILLED,2022-04-26,,1.0,Standing Order / DCA,GTC,2022-04-27
ord_52cfcee8,FILLED,2022-04-27,,1.0,Standing Order / DCA,GTC,2022-04-28
ord_495d0b2c,FILLED,2022-04-28,,1.0,Standing Order / DCA,GTC,2022-04-29
ord_7cbd67a3,FILLED,2022-04-29,,1.0,Standing Order / DCA,GTC,2022-05-02
ord_53458181,FILLED,2022-05-02,,1.0,Standing Order / DCA,GTC,2022-05-03
ord_662bcd38,FILLED,2022-05-03,,1.0,Standing Order / DCA,GTC,2022-05-04
ord_4afa9870,FILLED,2022-05-04,,1.0,Standing Order / DCA,GTC,2022-05-05
ord_212eb20a,FILLED,2022-05-05,,1.0,Standing Order / DCA,GTC,2022-05-06
ord_4665c9e0,FILLED,2022-05-06,,1.0,Standing Order / DCA,GTC,2022-05-09
ord_bbea9c10,FILLED,2022-05-09,,1.0,Standing Order / DCA,GTC,2022-05-10
ord_cbc68020,FILLED,2022-05-10,,1.0,Standing Order / DCA,GTC,2022-05-11
ord_3a20eb19,FILLED,2022-05-11,,1.0,Standing Order / DCA,GTC,2022-05-12
ord_fa100730,FILLED,2022-05-12,,1.0,Standing Order / DCA,GTC,2022-05-13
ord_17c153e0,FILLED,2022-05-13,,1.0,Standing Order / DCA,GTC,2022-05-16
ord_83cb991f,FILLED,2022-05-16,,1.0,Standing Order / DCA,GTC,2022-05-17
ord_88784415,FILLED,2022-05-17,,1.0,Standing Order / DCA,GTC,2022-05-18
ord_582ec663,FILLED,2022-05-18,,1.0,Standing Order / DCA,GTC,2022-05-19
ord_b27c7873,FILLED,2022-05-19,,1.0,Standing Order / DCA,GTC,2022-05-20
ord_ab64fd2a,FILLED,2022-05-20,,1.0,Standing Order / DCA,GTC,2022-05-23
ord_faa73a2b,FILLED,2022-05-23,,1.0,Standing Order / DCA,GTC,2022-05-24
ord_181ba3de,FILLED,2022-05-24,,1.0,Standing Order / DCA,GTC,2022-05-25
ord_8a3823b1,FILLED,2022-05-25,,1.0,Standing Order / DCA,GTC,2022-05-26
ord_9484d6f6,FILLED,2022-05-26,,1.0,Standing Order / DCA,GTC,2022-05-27
ord_1453ed69,FILLED,2022-05-27,,1.0,Standing Order / DCA,GTC,2022-05-30
ord_7fe5ba35,FILLED,2022-05-30,,1.0,Standing Order / DCA,GTC,2022-05-31
ord_62bba383,FILLED,2022-05-31,,1.0,Standing Order / DCA,GTC,2022-06-01
ord_a29a8b13,FILLED,2022-06-01,,1.0,Standing Order / DCA,GTC,2022-06-02
ord_27f06ef0,FILLED,2022-06-02,,1.0,Standing Order / DCA,GTC,2022-06-03
ord_73ae7ef8,FILLED,2022-06-03,,1.0,Standing Order / DCA,GTC,2022-06-06
ord_efaf86f2,FILLED,2022-06-06,,1.0,Standing Order / DCA,GTC,2022-06-07
ord_c3887262,FILLED,2022-06-07,,1.0,Standing Order / DCA,GTC,2022-06-08
ord_6191628a,FILLED,2022-06-08,,1.0,Standing Order / DCA,GTC,2022-06-09
ord_5f8187c1,FILLED,2022-06-09,,1.0,Standing Order / DCA,GTC,2022-06-10
ord_3013d7f0,FILLED,2022-06-10,,1.0,Standing Order / DCA,GTC,2022-06-13
ord_8bc232bf,FILLED,2022-06-13,,1.0,Standing Order / DCA,GTC,2022-06-14
ord_45e1f388,FILLED,2022-06-14,,1.0,Standing Order / DCA,GTC,2022-06-15
ord_1adaa04f,FILLED,2022-06-15,,1.0,Standing Order / DCA,GTC,2022-06-16
ord_e3e86345,FILLED,2022-06-16,,1.0,Standing Order / DCA,GTC,2022-06-17
ord_fbc44d01,FILLED,2022-06-17,,1.0,Standing Order / DCA,GTC,2022-06-20
ord_defc00d1,FILLED,2022-06-20,,1.0,Standing Order / DCA,GTC,2022-06-21
ord_fe1526c5,FILLED,2022-06-21,,1.0,Standing Order / DCA,GTC,2022-06-22
ord_0b5f209e,FILLED,2022-06-22,,1.0,Standing Order / DCA,GTC,2022-06-23
ord_e74b9a1c,FILLED,2022-06-23,,1.0,Standing Order / DCA,GTC,2022-06-24
ord_65c7b1ff,FILLED,2022-06-24,,1.0,Standing Order / DCA,GTC,2022-06-27
ord_ee27ea37,FILLED,2022-06-27,,1.0,Standing Order / DCA,GTC,2022-06-28
ord_f56a15d0,FILLED,2022-06-28,,1.0,Standing Order / DCA,GTC,2022-06-29
ord_d8a6219d,FILLED,2022-06-29,,1.0,Standing Order / DCA,GTC,2022-06-30
ord_3a1978e7,FILLED,2022-06-30,,1.0,Standing Order / DCA,GTC,2022-07-01
ord_15397aa1,FILLED,2022-07-01,,1.0,Standing Order / DCA,GTC,2022-07-04
ord_c1e930b3,FILLED,2022-07-04,,1.0,Standing Order / DCA,GTC,2022-07-05
ord_1417d4b5,FILLED,2022-07-05,,1.0,Standing Order / DCA,GTC,2022-07-06
ord_1d37c639,FILLED,2022-07-06,,1.0,Standing Order / DCA,GTC,2022-07-07
ord_5130186e,FILLED,2022-07-07,,1.0,Standing Order / DCA,GTC,2022-07-08
ord_0dc6a16b,FILLED,2022-07-08,,1.0,Standing Order / DCA,GTC,2022-07-11
ord_4720e17e,FILLED,2022-07-11,,1.0,Standing Order / DCA,GTC,2022-07-12
ord_8277ffa3,FILLED,2022-07-12,,1.0,Standing Order / DCA,GTC,2022-07-13
ord_5c8bf439,FILLED,2022-07-13,,1.0,Standing Order / DCA,GTC,2022-07-14
ord_362c286c,FILLED,2022-07-14,,1.0,Standing Order / DCA,GTC,2022-07-15
ord_e29a2565,FILLED,2022-07-15,,1.0,Standing Order / DCA,GTC,2022-07-18
ord_6188e610,FILLED,2022-07-18,,1.0,Standing Order / DCA,GTC,2022-07-19
ord_541074bd,FILLED,2022-07-19,,1.0,Standing Order / DCA,GTC,2022-07-20
ord_117b032a,FILLED,2022-07-20,,1.0,Standing Order / DCA,GTC,2022-07-21
ord_97cd5081,FILLED,2022-07-21,,1.0,Standing Order / DCA,GTC,2022-07-22
ord_88568a94,FILLED,2022-07-22,,1.0,Standing Order / DCA,GTC,2022-07-25
ord_abef33d3,FILLED,2022-07-25,,1.0,Standing Order / DCA,GTC,2022-07-26
ord_4df844f5,FILLED,2022-07-26,,1.0,Standing Order / DCA,GTC,2022-07-27
ord_12a20d88,FILLED,2022-07-27,,1.0,Standing Order / DCA,GTC,2022-07-28
ord_b95ef060,FILLED,2022-07-28,,1.0,Standing Order / DCA,GTC,2022-07-29
ord_45d6f740,FILLED,2022-07-29,,1.0,Standing Order / DCA,GTC,2022-08-01
ord_2f671119,FILLED,2022-08-01,,1.0,Standing Order / DCA,GTC,2022-08-02
ord_1d3732e8,FILLED,2022-08-02,,1.0,Standing Order / DCA,GTC,2022-08-03
ord_d41027ab,FILLED,2022-08-03,,1.0,Standing Order / DCA,GTC,2022-08-04
ord_497e3f17,FILLED,2022-08-04,,1.0,Standing Order / DCA,GTC,2022-08-05
ord_c6d58ebb,FILLED,2022-08-05,,1.0,Standing Order / DCA,GTC,2022-08-08
ord_11f4dbf5,FILLED,2022-08-08,,1.0,Standing Order / DCA,GTC,2022-08-09
ord_2294bd85,FILLED,2022-08-09,,1.0,Standing Order / DCA,GTC,2022-08-10
ord_49dcdf57,FILLED,2022-08-10,,1.0,Standing Order / DCA,GTC,2022-08-11
ord_53f6a1b3,FILLED,2022-08-11,,1.0,Standing Order / DCA,GTC,2022-08-12
ord_e094a570,FILLED,2022-08-12,,1.0,Standing Order / DCA,GTC,2022-08-15
ord_0d3e1074,FILLED,2022-08-15,,1.0,Standing Order / DCA,GTC,2022-08-16
ord_61eb5d42,FILLED,2022-08-16,,1.0,Standing Order / DCA,GTC,2022-08-17
ord_9749b031,FILLED,2022-08-17,,1.0,Standing Order / DCA,GTC,2022-08-18
ord_f3841441,FILLED,2022-08-18,,1.0,Standing Order / DCA,GTC,2022-08-19
ord_c3b8097c,FILLED,2022-08-19,,1.0,Standing Order / DCA,GTC,2022-08-22
ord_1dba4af0,FILLED,2022-08-22,,1.0,Standing Order / DCA,GTC,2022-08-23
ord_56ef2fc3,FILLED,2022-08-23,,1.0,Standing Order / DCA,GTC,2022-08-24
ord_cc26590c,FILLED,2022-08-24,,1.0,Standing Order / DCA,GTC,2022-08-25
ord_49ca0288,FILLED,2022-08-25,,1.0,Standing Order / DCA,GTC,2022-08-26
ord_2d6514b4,FILLED,2022-08-26,,1.0,Standing Order / DCA,GTC,2022-08-29
ord_f88f10ac,FILLED,2022-08-29,,1.0,Standing Order / DCA,GTC,2022-08-30
ord_cbf9c77a,FILLED,2022-08-30,,1.0,Standing Order / DCA,GTC,2022-08-31
ord_ab4fbbb2,FILLED,2022-08-31,,1.0,Standing Order / DCA,GTC,2022-09-01
ord_23db9cab,FILLED,2022-09-01,,1.0,Standing Order / DCA,GTC,2022-09-02
ord_fc4a9b3f,FILLED,2022-09-02,,1.0,Standing Order / DCA,GTC,2022-09-05
ord_b4b9215c,FILLED,2022-09-05,,1.0,Standing Order / DCA,GTC,2022-09-06
ord_c9f9eb17,FILLED,2022-09-06,,1.0,Standing Order / DCA,GTC,2022-09-07
ord_2a7e9351,FILLED,2022-09-07,,1.0,Standing Order / DCA,GTC,2022-09-08
ord_7158efda,FILLED,2022-09-08,,1.0,Standing Order / DCA,GTC,2022-09-09
ord_b3fb60ae,FILLED,2022-09-09,,1.0,Standing Order / DCA,GTC,2022-09-12
ord_c19fcf6c,FILLED,2022-09-12,,1.0,Standing Order / DCA,GTC,2022-09-13
ord_1ed0c60f,FILLED,2022-09-13,,1.0,Standing Order / DCA,GTC,2022-09-14
ord_805edb81,FILLED,2022-09-14,,1.0,Standing Order / DCA,GTC,2022-09-15
ord_97f6bbad,FILLED,2022-09-15,,1.0,Standing Order / DCA,GTC,2022-09-16
ord_93ab6876,FILLED,2022-09-16,,1.0,Standing Order / DCA,GTC,2022-09-19
ord_3929d45a,FILLED,2022-09-19,,1.0,Standing Order / DCA,GTC,2022-09-20
ord_2055315f,FILLED,2022-09-20,,1.0,Standing Order / DCA,GTC,2022-09-21
ord_5482f8d8,FILLED,2022-09-21,,1.0,Standing Order / DCA,GTC,2022-09-22
ord_8626fe1f,FILLED,2022-09-22,,1.0,Standing Order / DCA,GTC,2022-09-23
ord_77985bb8,FILLED,2022-09-23,,1.0,Standing Order / DCA,GTC,2022-09-26
ord_234bddd8,FILLED,2022-09-26,,1.0,Standing Order / DCA,GTC,2022-09-27
ord_cda68917,FILLED,2022-09-27,,1.0,Standing Order / DCA,GTC,2022-09-28
ord_e2a28e13,FILLED,2022-09-28,,1.0,Standing Order / DCA,GTC,2022-09-29
ord_188f3c50,FILLED,2022-09-29,,1.0,Standing Order / DCA,GTC,2022-09-30
ord_a8353092,FILLED,2022-09-30,,1.0,Standing Order / DCA,GTC,2022-10-03
ord_4e9f1c4b,FILLED,2022-10-03,,1.0,Standing Order / DCA,GTC,2022-10-04
ord_f1d11266,FILLED,2022-10-04,,1.0,Standing Order / DCA,GTC,2022-10-05
ord_d9c86716,FILLED,2022-10-05,,1.0,Standing Order / DCA,GTC,2022-10-06
ord_92ef2b82,FILLED,2022-10-06,,1.0,Standing Order / DCA,GTC,2022-10-07
ord_6504d343,FILLED,2022-10-07,,1.0,Standing Order / DCA,GTC,2022-10-10
ord_6f36818f,FILLED,2022-10-10,,1.0,Standing Order / DCA,GTC,2022-10-11
ord_8a762f50,FILLED,2022-10-11,,1.0,Standing Order / DCA,GTC,2022-10-12
ord_bb3c094f,FILLED,2022-10-12,,1.0,Standing Order / DCA,GTC,2022-10-13
ord_6164b1c8,FILLED,2022-10-13,,1.0,Standing Order / DCA,GTC,2022-10-14
ord_ebc36b92,FILLED,2022-10-14,,1.0,Standing Order / DCA,GTC,2022-10-17
ord_e672a6ef,FILLED,2022-10-17,,1.0,Standing Order / DCA,GTC,2022-10-18
ord_555092eb,FILLED,2022-10-18,,1.0,Standing Order / DCA,GTC,2022-10-19
ord_112638d2,FILLED,2022-10-19,,1.0,Standing Order / DCA,GTC,2022-10-20
ord_710aeabf,FILLED,2022-10-20,,1.0,Standing Order / DCA,GTC,2022-10-21
ord_e58dd12c,FILLED,2022-10-21,,1.0,Standing Order / DCA,GTC,2022-10-24
ord_6a06cb42,FILLED,2022-10-24,,1.0,Standing Order / DCA,GTC,2022-10-25
ord_de26d3f1,FILLED,2022-10-25,,1.0,Standing Order / DCA,GTC,2022-10-26
ord_9ff63eb4,FILLED,2022-10-26,,1.0,Standing Order / DCA,GTC,2022-10-27
ord_6c5f51c9,FILLED,2022-10-27,,1.0,Standing Order / DCA,GTC,2022-10-28
ord_1415095c,FILLED,2022-10-28,,1.0,Standing Order / DCA,GTC,2022-10-31
ord_b7f79596,FILLED,2022-10-31,,1.0,Standing Order / DCA,GTC,2022-11-01
ord_af1933b7,FILLED,2022-11-01,,1.0,Standing Order / DCA,GTC,2022-11-02
ord_fd6ca13e,FILLED,2022-11-02,,1.0,Standing Order / DCA,GTC,2022-11-03
ord_f0527d43,FILLED,2022-11-03,,1.0,Standing Order / DCA,GTC,2022-11-04
ord_8f1e7b1e,FILLED,2022-11-04,,1.0,Standing Order / DCA,GTC,2022-11-07
ord_eb82619a,FILLED,2022-11-07,,1.0,Standing Order / DCA,GTC,2022-11-08
ord_fbed73c5,FILLED,2022-11-08,,1.0,Standing Order / DCA,GTC,2022-11-09
ord_5faa58c9,FILLED,2022-11-09,,1.0,Standing Order / DCA,GTC,2022-11-10
ord_1d8c8ffb,FILLED,2022-11-10,,1.0,Standing Order / DCA,GTC,2022-11-11
ord_9d68a6d4,FILLED,2022-11-11,,1.0,Standing Order / DCA,GTC,2022-11-14
ord_b8035189,FILLED,2022-11-14,,1.0,Standing Order / DCA,GTC,2022-11-15
ord_c018642d,FILLED,2022-11-15,,1.0,Standing Order / DCA,GTC,2022-11-16
ord_3471e411,FILLED,2022-11-16,,1.0,Standing Order / DCA,GTC,2022-11-17
ord_ff9a899c,FILLED,2022-11-17,,1.0,Standing Order / DCA,GTC,2022-11-18
ord_85429197,FILLED,2022-11-18,,1.0,Standing Order / DCA,GTC,2022-11-21
ord_8a9513d7,FILLED,2022-11-21,,1.0,Standing Order / DCA,GTC,2022-11-22
ord_05827f3d,FILLED,2022-11-22,,1.0,Standing Order / DCA,GTC,2022-11-23
ord_962654e0,FILLED,2022-11-23,,1.0,Standing Order / DCA,GTC,2022-11-24
ord_c8dadf32,FILLED,2022-11-24,,1.0,Standing Order / DCA,GTC,2022-11-25
ord_afe194fb,FILLED,2022-11-25,,1.0,Standing Order / DCA,GTC,2022-11-28
ord_39f5ec06,FILLED,2022-11-28,,1.0,Standing Order / DCA,GTC,2022-11-29
ord_f7b4e24f,FILLED,2022-11-29,,1.0,Standing Order / DCA,GTC,2022-11-30
ord_f077ed79,FILLED,2022-11-30,,1.0,Standing Order / DCA,GTC,2022-12-01
ord_487c08b8,FILLED,2022-12-01,,1.0,Standing Order / DCA,GTC,2022-12-02
ord_75463c67,FILLED,2022-12-02,,1.0,Standing Order / DCA,GTC,2022-12-05
ord_42ad7b94,FILLED,2022-12-05,,1.0,Standing Order / DCA,GTC,2022-12-06
ord_41c804e3,FILLED,2022-12-06,,1.0,Standing Order / DCA,GTC,2022-12-07
ord_c3e1b7f7,FILLED,2022-12-07,,1.0,Standing Order / DCA,GTC,2022-12-08
ord_1527f935,FILLED,2022-12-08,,1.0,Standing Order / DCA,GTC,2022-12-09
ord_56d0a284,FILLED,2022-12-09,,1.0,Standing Order / DCA,GTC,2022-12-12
ord_7786c804,FILLED,2022-12-12,,1.0,Standing Order / DCA,GTC,2022-12-13
ord_196c68a8,FILLED,2022-12-13,,1.0,Standing Order / DCA,GTC,2022-12-14
ord_d7c48fda,FILLED,2022-12-14,,1.0,Standing Order / DCA,GTC,2022-12-15
ord_503eb4c3,FILLED,2022-12-15,,1.0,Standing Order / DCA,GTC,2022-12-16
ord_e998ba63,FILLED,2022-12-16,,1.0,Standing Order / DCA,GTC,2022-12-19
ord_032391ab,FILLED,2022-12-19,,1.0,Standing Order / DCA,GTC,2022-12-20
ord_041ccdb1,FILLED,2022-12-20,,1.0,Standing Order / DCA,GTC,2022-12-21
ord_54055eaf,FILLED,2022-12-21,,1.0,Standing Order / DCA,GTC,2022-12-22
ord_4441eae8,FILLED,2022-12-22,,1.0,Standing Order / DCA,GTC,2022-12-23
ord_c69c1ee8,FILLED,2022-12-23,,1.0,Standing Order / DCA,GTC,2022-12-26
ord_8877f569,FILLED,2022-12-26,,1.0,Standing Order / DCA,GTC,2022-12-27
ord_7f0441eb,FILLED,2022-12-27,,1.0,Standing Order / DCA,GTC,2022-12-28
ord_a3b4a3a2,FILLED,2022-12-28,,1.0,Standing Order / DCA,GTC,2022-12-29
ord_312c4fa5,FILLED,2022-12-29,,1.0,Standing Order / DCA,GTC,2022-12-30
ord_0822335f,FILLED,2022-12-30,,1.0,Standing Order / DCA,GTC,2023-01-02
ord_6316242d,FILLED,2023-01-02,,1.0,Standing Order / DCA,GTC,2023-01-03
ord_2595559d,FILLED,2023-01-03,,1.0,Standing Order / DCA,GTC,2023-01-04
ord_4bed773c,FILLED,2023-01-04,,1.0,Standing Order / DCA,GTC,2023-01-05
ord_fe379bda,FILLED,2023-01-05,,1.0,Standing Order / DCA,GTC,2023-01-06
ord_2ab45234,FILLED,2023-01-06,,1.0,Standing Order / DCA,GTC,2023-01-09
ord_c468b7aa,FILLED,2023-01-09,,1.0,Standing Order / DCA,GTC,2023-01-10
ord_5b79b4b9,FILLED,2023-01-10,,1.0,Standing Order / DCA,GTC,2023-01-11
ord_39f9d5e4,FILLED,2023-01-11,,1.0,Standing Order / DCA,GTC,2023-01-12
ord_6d3916c8,FILLED,2023-01-12,,1.0,Standing Order / DCA,GTC,2023-01-13
ord_01837427,FILLED,2023-01-13,,1.0,Standing Order / DCA,GTC,2023-01-16
ord_8d77427c,FILLED,2023-01-16,,1.0,Standing Order / DCA,GTC,2023-01-17
ord_2b463663,FILLED,2023-01-17,,1.0,Standing Order / DCA,GTC,2023-01-18
ord_521a64f6,FILLED,2023-01-18,,1.0,Standing Order / DCA,GTC,2023-01-19
ord_4175a979,FILLED,2023-01-19,,1.0,Standing Order / DCA,GTC,2023-01-20
ord_72d4e239,FILLED,2023-01-20,,1.0,Standing Order / DCA,GTC,2023-01-23
ord_6d53667d,FILLED,2023-01-23,,1.0,Standing Order / DCA,GTC,2023-01-24
ord_3664bf18,FILLED,2023-01-24,,1.0,Standing Order / DCA,GTC,2023-01-25
ord_6276102d,FILLED,2023-01-25,,1.0,Standing Order / DCA,GTC,2023-01-26
ord_2ef3d406,FILLED,2023-01-26,,1.0,Standing Order / DCA,GTC,2023-01-27
ord_ca8be4d9,FILLED,2023-01-27,,1.0,Standing Order / DCA,GTC,2023-01-30
ord_e8d6aa9a,FILLED,2023-01-30,,1.0,Standing Order / DCA,GTC,2023-01-31
ord_9a1e587d,FILLED,2023-01-31,,1.0,Standing Order / DCA,GTC,2023-02-01
ord_bcfaccc0,FILLED,2023-02-01,,1.0,Standing Order / DCA,GTC,2023-02-02
ord_363aebc0,FILLED,2023-02-02,,1.0,Standing Order / DCA,GTC,2023-02-03
ord_1173b45f,FILLED,2023-02-03,,1.0,Standing Order / DCA,GTC,2023-02-06
ord_80a30a0b,FILLED,2023-02-06,,1.0,Standing Order / DCA,GTC,2023-02-07
ord_8f8c3b8f,FILLED,2023-02-07,,1.0,Standing Order / DCA,GTC,2023-02-08
ord_0e984702,FILLED,2023-02-08,,1.0,Standing Order / DCA,GTC,2023-02-09
ord_d90d42ce,FILLED,2023-02-09,,1.0,Standing Order / DCA,GTC,2023-02-10
ord_9b192a56,FILLED,2023-02-10,,1.0,Standing Order / DCA,GTC,2023-02-13
ord_402b4d63,FILLED,2023-02-13,,1.0,Standing Order / DCA,GTC,2023-02-14
ord_746763a5,FILLED,2023-02-14,,1.0,Standing Order / DCA,GTC,2023-02-15
ord_dca27482,FILLED,2023-02-15,,1.0,Standing Order / DCA,GTC,2023-02-16
ord_d9d4cadf,FILLED,2023-02-16,,1.0,Standing Order / DCA,GTC,2023-02-17
ord_2b12e7bb,FILLED,2023-02-17,,1.0,Standing Order / DCA,GTC,2023-02-20
ord_594163b0,FILLED,2023-02-20,,1.0,Standing Order / DCA,GTC,2023-02-21
ord_ac4f24bd,FILLED,2023-02-21,,1.0,Standing Order / DCA,GTC,2023-02-22
ord_0e0e12e1,FILLED,2023-02-22,,1.0,Standing Order / DCA,GTC,2023-02-23
ord_5ca9a0d0,FILLED,2023-02-23,,1.0,Standing Order / DCA,GTC,2023-02-24
ord_010d5e71,FILLED,2023-02-24,,1.0,Standing Order / DCA,GTC,2023-02-27
ord_42a8b585,FILLED,2023-02-27,,1.0,Standing Order / DCA,GTC,2023-02-28
ord_1198e3a9,FILLED,2023-02-28,,1.0,Standing Order / DCA,GTC,2023-03-01
ord_36295b18,FILLED,2023-03-01,,1.0,Standing Order / DCA,GTC,2023-03-02
ord_d20f74eb,FILLED,2023-03-02,,1.0,Standing Order / DCA,GTC,2023-03-03
ord_32d7aa35,FILLED,2023-03-03,,1.0,Standing Order / DCA,GTC,2023-03-06
ord_4dd1d6d1,FILLED,2023-03-06,,1.0,Standing Order / DCA,GTC,2023-03-07
ord_f4f57ad7,FILLED,2023-03-07,,1.0,Standing Order / DCA,GTC,2023-03-08
ord_53ea7323,FILLED,2023-03-08,,1.0,Standing Order / DCA,GTC,2023-03-09
ord_ef883169,FILLED,2023-03-09,,1.0,Standing Order / DCA,GTC,2023-03-10
ord_067e551a,FILLED,2023-03-10,,1.0,Standing Order / DCA,GTC,2023-03-13
ord_cc86ffef,FILLED,2023-03-13,,1.0,Standing Order / DCA,GTC,2023-03-14
ord_72206738,FILLED,2023-03-14,,1.0,Standing Order / DCA,GTC,2023-03-15
ord_443b9b1a,FILLED,2023-03-15,,1.0,Standing Order / DCA,GTC,2023-03-16
ord_3e655dfa,FILLED,2023-03-16,,1.0,Standing Order / DCA,GTC,2023-03-17
ord_da5d7fd8,FILLED,2023-03-17,,1.0,Standing Order / DCA,GTC,2023-03-20
ord_74d50eb6,FILLED,2023-03-20,,1.0,Standing Order / DCA,GTC,2023-03-21
ord_766ed395,FILLED,2023-03-21,,1.0,Standing Order / DCA,GTC,2023-03-22
ord_6276dcdd,FILLED,2023-03-22,,1.0,Standing Order / DCA,GTC,2023-03-23
ord_14d4f182,FILLED,2023-03-23,,1.0,Standing Order / DCA,GTC,2023-03-24
ord_fb53c26e,FILLED,2023-03-24,,1.0,Standing Order / DCA,GTC,2023-03-27
ord_7add4bb9,FILLED,2023-03-27,,1.0,Standing Order / DCA,GTC,2023-03-28
ord_64d37cf6,FILLED,2023-03-28,,1.0,Standing Order / DCA,GTC,2023-03-29
ord_1ba9fa63,FILLED,2023-03-29,,1.0,Standing Order / DCA,GTC,2023-03-30
ord_e970056a,FILLED,2023-03-30,,1.0,Standing Order / DCA,GTC,2023-03-31
ord_02d0bb28,FILLED,2023-03-31,,1.0,Standing Order / DCA,GTC,2023-04-03
ord_89d83f0a,FILLED,2023-04-03,,1.0,Standing Order / DCA,GTC,2023-04-04
ord_c40f30fb,FILLED,2023-04-04,,1.0,Standing Order / DCA,GTC,2023-04-05
ord_3c3603aa,FILLED,2023-04-05,,1.0,Standing Order / DCA,GTC,2023-04-06
ord_cce92c38,FILLED,2023-04-06,,1.0,Standing Order / DCA,GTC,2023-04-07
ord_341bfbec,FILLED,2023-04-07,,1.0,Standing Order / DCA,GTC,2023-04-10
ord_85a93858,FILLED,2023-04-10,,1.0,Standing Order / DCA,GTC,2023-04-11
ord_c7367bb8,FILLED,2023-04-11,,1.0,Standing Order / DCA,GTC,2023-04-12
ord_a2476563,FILLED,2023-04-12,,1.0,Standing Order / DCA,GTC,2023-04-13
ord_0f2faf14,FILLED,2023-04-13,,1.0,Standing Order / DCA,GTC,2023-04-14
ord_326d20d0,FILLED,2023-04-14,,1.0,Standing Order / DCA,GTC,2023-04-17
ord_9bee6c0f,FILLED,2023-04-17,,1.0,Standing Order / DCA,GTC,2023-04-18
ord_93babfae,FILLED,2023-04-18,,1.0,Standing Order / DCA,GTC,2023-04-19
ord_81ef571b,FILLED,2023-04-19,,1.0,Standing Order / DCA,GTC,2023-04-20
ord_8611b6e1,FILLED,2023-04-20,,1.0,Standing Order / DCA,GTC,2023-04-21
ord_1d9f70d5,FILLED,2023-04-21,,1.0,Standing Order / DCA,GTC,2023-04-24
ord_e37f21af,FILLED,2023-04-24,,1.0,Standing Order / DCA,GTC,2023-04-25
ord_e475c3cf,FILLED,2023-04-25,,1.0,Standing Order / DCA,GTC,2023-04-26
ord_e30b4ae5,FILLED,2023-04-26,,1.0,Standing Order / DCA,GTC,2023-04-27
ord_8c93240e,FILLED,2023-04-27,,1.0,Standing Order / DCA,GTC,2023-04-28
ord_b6b10e54,FILLED,2023-04-28,,1.0,Standing Order / DCA,GTC,2023-05-01
ord_36d87ff3,FILLED,2023-05-01,,1.0,Standing Order / DCA,GTC,2023-05-02
ord_c3134b29,FILLED,2023-05-02,,1.0,Standing Order / DCA,GTC,2023-05-03
ord_069b2edc,FILLED,2023-05-03,,1.0,Standing Order / DCA,GTC,2023-05-04
ord_168937c5,FILLED,2023-05-04,,1.0,Standing Order / DCA,GTC,2023-05-05
ord_27b94924,FILLED,2023-05-05,,1.0,Standing Order / DCA,GTC,2023-05-08
ord_be807daa,FILLED,2023-05-08,,1.0,Standing Order / DCA,GTC,2023-05-09
ord_6c35aa5c,FILLED,2023-05-09,,1.0,Standing Order / DCA,GTC,2023-05-10
ord_b8cb6139,FILLED,2023-05-10,,1.0,Standing Order / DCA,GTC,2023-05-11
ord_adaa134b,FILLED,2023-05-11,,1.0,Standing Order / DCA,GTC,2023-05-12
ord_b2da6460,FILLED,2023-05-12,,1.0,Standing Order / DCA,GTC,2023-05-15
ord_35bf625d,FILLED,2023-05-15,,1.0,Standing Order / DCA,GTC,2023-05-16
ord_bb8727a8,FILLED,2023-05-16,,1.0,Standing Order / DCA,GTC,2023-05-17
ord_50629a71,FILLED,2023-05-17,,1.0,Standing Order / DCA,GTC,2023-05-18
ord_924a53ce,FILLED,2023-05-18,,1.0,Standing Order / DCA,GTC,2023-05-19
ord_e47a238d,FILLED,2023-05-19,,1.0,Standing Order / DCA,GTC,2023-05-22
ord_8f75a853,FILLED,2023-05-22,,1.0,Standing Order / DCA,GTC,2023-05-23
ord_ef4d27da,FILLED,2023-05-23,,1.0,Standing Order / DCA,GTC,2023-05-24
ord_8ce9510a,FILLED,2023-05-24,,1.0,Standing Order / DCA,GTC,2023-05-25
ord_275af57a,FILLED,2023-05-25,,1.0,Standing Order / DCA,GTC,2023-05-26
ord_84f430f7,FILLED,2023-05-26,,1.0,Standing Order / DCA,GTC,2023-05-29
ord_4e77a276,FILLED,2023-05-29,,1.0,Standing Order / DCA,GTC,2023-05-30
ord_d2d41cdb,FILLED,2023-05-30,,1.0,Standing Order / DCA,GTC,2023-05-31
ord_110537e6,FILLED,2023-05-31,,1.0,Standing Order / DCA,GTC,2023-06-01
ord_e88b84bf,FILLED,2023-06-01,,1.0,Standing Order / DCA,GTC,2023-06-02
ord_08c751ef,FILLED,2023-06-02,,1.0,Standing Order / DCA,GTC,2023-06-05
ord_ae9932b2,FILLED,2023-06-05,,1.0,Standing Order / DCA,GTC,2023-06-06
ord_49eaa0e0,FILLED,2023-06-06,,1.0,Standing Order / DCA,GTC,2023-06-07
ord_bf738d04,FILLED,2023-06-07,,1.0,Standing Order / DCA,GTC,2023-06-08
ord_0fef2639,FILLED,2023-06-08,,1.0,Standing Order / DCA,GTC,2023-06-09
ord_076287aa,FILLED,2023-06-09,,1.0,Standing Order / DCA,GTC,2023-06-12
ord_f9551263,FILLED,2023-06-12,,1.0,Standing Order / DCA,GTC,2023-06-13
ord_2165ed12,FILLED,2023-06-13,,1.0,Standing Order / DCA,GTC,2023-06-14
ord_828e0dfe,FILLED,2023-06-14,,1.0,Standing Order / DCA,GTC,2023-06-15
ord_5ec74cc3,FILLED,2023-06-15,,1.0,Standing Order / DCA,GTC,2023-06-16
ord_f69a8baa,FILLED,2023-06-16,,1.0,Standing Order / DCA,GTC,2023-06-19
ord_1205a399,FILLED,2023-06-19,,1.0,Standing Order / DCA,GTC,2023-06-20
ord_5134aa32,FILLED,2023-06-20,,1.0,Standing Order / DCA,GTC,2023-06-21
ord_c538b4e9,FILLED,2023-06-21,,1.0,Standing Order / DCA,GTC,2023-06-22
ord_f02c0336,FILLED,2023-06-22,,1.0,Standing Order / DCA,GTC,2023-06-23
ord_9bba7a6f,FILLED,2023-06-23,,1.0,Standing Order / DCA,GTC,2023-06-26
ord_630ee118,FILLED,2023-06-26,,1.0,Standing Order / DCA,GTC,2023-06-27
ord_71d76ab0,FILLED,2023-06-27,,1.0,Standing Order / DCA,GTC,2023-06-28
ord_4e7045cd,FILLED,2023-06-28,,1.0,Standing Order / DCA,GTC,2023-06-29
ord_faa3bee5,FILLED,2023-06-29,,1.0,Standing Order / DCA,GTC,2023-06-30
ord_1c05a86b,FILLED,2023-06-30,,1.0,Standing Order / DCA,GTC,2023-07-03
ord_33607bea,FILLED,2023-07-03,,1.0,Standing Order / DCA,GTC,2023-07-04
ord_bd08c81b,FILLED,2023-07-04,,1.0,Standing Order / DCA,GTC,2023-07-05
ord_de9bd907,FILLED,2023-07-05,,1.0,Standing Order / DCA,GTC,2023-07-06
ord_5e759724,FILLED,2023-07-06,,1.0,Standing Order / DCA,GTC,2023-07-07
ord_24405cc0,FILLED,2023-07-07,,1.0,Standing Order / DCA,GTC,2023-07-10
ord_89b844cc,FILLED,2023-07-10,,1.0,Standing Order / DCA,GTC,2023-07-11
ord_9803ab0e,FILLED,2023-07-11,,1.0,Standing Order / DCA,GTC,2023-07-12
ord_4f689a86,FILLED,2023-07-12,,1.0,Standing Order / DCA,GTC,2023-07-13
ord_22fbd74b,FILLED,2023-07-13,,1.0,Standing Order / DCA,GTC,2023-07-14
ord_4904c008,FILLED,2023-07-14,,1.0,Standing Order / DCA,GTC,2023-07-17
ord_e54f5746,FILLED,2023-07-17,,1.0,Standing Order / DCA,GTC,2023-07-18
ord_9f722d33,FILLED,2023-07-18,,1.0,Standing Order / DCA,GTC,2023-07-19
ord_528bf567,FILLED,2023-07-19,,1.0,Standing Order / DCA,GTC,2023-07-20
ord_f95fbc66,FILLED,2023-07-20,,1.0,Standing Order / DCA,GTC,2023-07-21
ord_7e752e63,FILLED,2023-07-21,,1.0,Standing Order / DCA,GTC,2023-07-24
ord_0083d114,FILLED,2023-07-24,,1.0,Standing Order / DCA,GTC,2023-07-25
ord_b43429bd,FILLED,2023-07-25,,1.0,Standing Order / DCA,GTC,2023-07-26
ord_1852b04e,FILLED,2023-07-26,,1.0,Standing Order / DCA,GTC,2023-07-27
ord_5db09155,FILLED,2023-07-27,,1.0,Standing Order / DCA,GTC,2023-07-28
ord_4ce749eb,FILLED,2023-07-28,,1.0,Standing Order / DCA,GTC,2023-07-31
ord_8c132be4,FILLED,2023-07-31,,1.0,Standing Order / DCA,GTC,2023-08-01
ord_1b98ee11,FILLED,2023-08-01,,1.0,Standing Order / DCA,GTC,2023-08-02
ord_4daec1cf,FILLED,2023-08-02,,1.0,Standing Order / DCA,GTC,2023-08-03
ord_4fb201b0,FILLED,2023-08-03,,1.0,Standing Order / DCA,GTC,2023-08-04
ord_24a5bf4f,FILLED,2023-08-04,,1.0,Standing Order / DCA,GTC,2023-08-07
ord_15e9c828,FILLED,2023-08-07,,1.0,Standing Order / DCA,GTC,2023-08-08
ord_8bcc348d,FILLED,2023-08-08,,1.0,Standing Order / DCA,GTC,2023-08-09
ord_b0843411,FILLED,2023-08-09,,1.0,Standing Order / DCA,GTC,2023-08-10
ord_348449a3,FILLED,2023-08-10,,1.0,Standing Order / DCA,GTC,2023-08-11
ord_64ca0dd2,FILLED,2023-08-11,,1.0,Standing Order / DCA,GTC,2023-08-14
ord_c928b1a6,FILLED,2023-08-14,,1.0,Standing Order / DCA,GTC,2023-08-15
ord_537cd75a,FILLED,2023-08-15,,1.0,Standing Order / DCA,GTC,2023-08-16
ord_f59d7d81,FILLED,2023-08-16,,1.0,Standing Order / DCA,GTC,2023-08-17
ord_989e7a19,FILLED,2023-08-17,,1.0,Standing Order / DCA,GTC,2023-08-18
ord_6ac0230b,FILLED,2023-08-18,,1.0,Standing Order / DCA,GTC,2023-08-21
ord_9d138819,FILLED,2023-08-21,,1.0,Standing Order / DCA,GTC,2023-08-22
ord_1ed2ae72,FILLED,2023-08-22,,1.0,Standing Order / DCA,GTC,2023-08-23
ord_a6a0d8e0,FILLED,2023-08-23,,1.0,Standing Order / DCA,GTC,2023-08-24
ord_15cae511,FILLED,2023-08-24,,1.0,Standing Order / DCA,GTC,2023-08-25
ord_e83c7a0b,FILLED,2023-08-25,,1.0,Standing Order / DCA,GTC,2023-08-28
ord_7d11cc76,FILLED,2023-08-28,,1.0,Standing Order / DCA,GTC,2023-08-29
ord_c39e6bb5,FILLED,2023-08-29,,1.0,Standing Order / DCA,GTC,2023-08-30
ord_97224bea,FILLED,2023-08-30,,1.0,Standing Order / DCA,GTC,2023-08-31
ord_8c31823e,FILLED,2023-08-31,,1.0,Standing Order / DCA,GTC,2023-09-01
ord_13ded1cc,FILLED,2023-09-01,,1.0,Standing Order / DCA,GTC,2023-09-04
ord_257cda7f,FILLED,2023-09-04,,1.0,Standing Order / DCA,GTC,2023-09-05
ord_9a46a6e1,FILLED,2023-09-05,,1.0,Standing Order / DCA,GTC,2023-09-06
ord_76dc7af5,FILLED,2023-09-06,,1.0,Standing Order / DCA,GTC,2023-09-07
ord_e6e91dea,FILLED,2023-09-07,,1.0,Standing Order / DCA,GTC,2023-09-08
ord_586f1ddb,FILLED,2023-09-08,,1.0,Standing Order / DCA,GTC,2023-09-11
ord_99a30f58,FILLED,2023-09-11,,1.0,Standing Order / DCA,GTC,2023-09-12
ord_13cd02ca,FILLED,2023-09-12,,1.0,Standing Order / DCA,GTC,2023-09-13
ord_f545ecaf,FILLED,2023-09-13,,1.0,Standing Order / DCA,GTC,2023-09-14
ord_f511f8b1,FILLED,2023-09-14,,1.0,Standing Order / DCA,GTC,2023-09-15
ord_0318e63d,FILLED,2023-09-15,,1.0,Standing Order / DCA,GTC,2023-09-18
ord_29e28f52,FILLED,2023-09-18,,1.0,Standing Order / DCA,GTC,2023-09-19
ord_2cc5d23d,FILLED,2023-09-19,,1.0,Standing Order / DCA,GTC,2023-09-20
ord_81bef0ea,FILLED,2023-09-20,,1.0,Standing Order / DCA,GTC,2023-09-21
ord_186deaf2,FILLED,2023-09-21,,1.0,Standing Order / DCA,GTC,2023-09-22
ord_b297fcef,FILLED,2023-09-22,,1.0,Standing Order / DCA,GTC,2023-09-25
ord_fe836c23,FILLED,2023-09-25,,1.0,Standing Order / DCA,GTC,2023-09-26
ord_909a4081,FILLED,2023-09-26,,1.0,Standing Order / DCA,GTC,2023-09-27
ord_71779bc6,FILLED,2023-09-27,,1.0,Standing Order / DCA,GTC,2023-09-28
ord_0ac1f1bc,FILLED,2023-09-28,,1.0,Standing Order / DCA,GTC,2023-09-29
ord_e178c453,FILLED,2023-09-29,,1.0,Standing Order / DCA,GTC,2023-10-02
ord_de09c383,FILLED,2023-10-02,,1.0,Standing Order / DCA,GTC,2023-10-03
ord_4d2a7c7d,FILLED,2023-10-03,,1.0,Standing Order / DCA,GTC,2023-10-04
ord_90a930a7,FILLED,2023-10-04,,1.0,Standing Order / DCA,GTC,2023-10-05
ord_8a1f7b1d,FILLED,2023-10-05,,1.0,Standing Order / DCA,GTC,2023-10-06
ord_8a35e8f2,FILLED,2023-10-06,,1.0,Standing Order / DCA,GTC,2023-10-09
ord_b85acfa1,FILLED,2023-10-09,,1.0,Standing Order / DCA,GTC,2023-10-10
ord_a16d9f80,FILLED,2023-10-10,,1.0,Standing Order / DCA,GTC,2023-10-11
ord_6fb6d7c8,FILLED,2023-10-11,,1.0,Standing Order / DCA,GTC,2023-10-12
ord_87d85dea,FILLED,2023-10-12,,1.0,Standing Order / DCA,GTC,2023-10-13
ord_ba2840c7,FILLED,2023-10-13,,1.0,Standing Order / DCA,GTC,2023-10-16
ord_e588c7b1,FILLED,2023-10-16,,1.0,Standing Order / DCA,GTC,2023-10-17
ord_b848017f,FILLED,2023-10-17,,1.0,Standing Order / DCA,GTC,2023-10-18
ord_7e2e98fb,FILLED,2023-10-18,,1.0,Standing Order / DCA,GTC,2023-10-19
ord_3a60fff0,FILLED,2023-10-19,,1.0,Standing Order / DCA,GTC,2023-10-20
ord_dcc64b0f,FILLED,2023-10-20,,1.0,Standing Order / DCA,GTC,2023-10-23
ord_e8d8abb0,FILLED,2023-10-23,,1.0,Standing Order / DCA,GTC,2023-10-24
ord_2d1b05a8,FILLED,2023-10-24,,1.0,Standing Order / DCA,GTC,2023-10-25
ord_e1f1b31a,FILLED,2023-10-25,,1.0,Standing Order / DCA,GTC,2023-10-26
ord_472c0f8c,FILLED,2023-10-26,,1.0,Standing Order / DCA,GTC,2023-10-27
ord_a1f6eb82,FILLED,2023-10-27,,1.0,Standing Order / DCA,GTC,2023-10-30
ord_83e453be,FILLED,2023-10-30,,1.0,Standing Order / DCA,GTC,2023-10-31
ord_fe1ea571,FILLED,2023-10-31,,1.0,Standing Order / DCA,GTC,2023-11-01
ord_c19c5d56,FILLED,2023-11-01,,1.0,Standing Order / DCA,GTC,2023-11-02
ord_1cb94181,FILLED,2023-11-02,,1.0,Standing Order / DCA,GTC,2023-11-03
ord_1f7b526b,FILLED,2023-11-03,,1.0,Standing Order / DCA,GTC,2023-11-06
ord_9ce8b1d1,FILLED,2023-11-06,,1.0,Standing Order / DCA,GTC,2023-11-07
ord_cca85250,FILLED,2023-11-07,,1.0,Standing Order / DCA,GTC,2023-11-08
ord_fca7a111,FILLED,2023-11-08,,1.0,Standing Order / DCA,GTC,2023-11-09
ord_7423f69e,FILLED,2023-11-09,,1.0,Standing Order / DCA,GTC,2023-11-10
ord_03ea2673,FILLED,2023-11-10,,1.0,Standing Order / DCA,GTC,2023-11-13
ord_838dda4e,FILLED,2023-11-13,,1.0,Standing Order / DCA,GTC,2023-11-14
ord_3cf5ad59,FILLED,2023-11-14,,1.0,Standing Order / DCA,GTC,2023-11-15
ord_d8ba7c0f,FILLED,2023-11-15,,1.0,Standing Order / DCA,GTC,2023-11-16
ord_ca7275c3,FILLED,2023-11-16,,1.0,Standing Order / DCA,GTC,2023-11-17
ord_49c73903,FILLED,2023-11-17,,1.0,Standing Order / DCA,GTC,2023-11-20
ord_7ffe9f23,FILLED,2023-11-20,,1.0,Standing Order / DCA,GTC,2023-11-21
ord_ce3889e6,FILLED,2023-11-21,,1.0,Standing Order / DCA,GTC,2023-11-22
ord_c336a3da,FILLED,2023-11-22,,1.0,Standing Order / DCA,GTC,2023-11-23
ord_05f47588,FILLED,2023-11-23,,1.0,Standing Order / DCA,GTC,2023-11-24
ord_d28e4822,FILLED,2023-11-24,,1.0,Standing Order / DCA,GTC,2023-11-27
ord_a38e4928,FILLED,2023-11-27,,1.0,Standing Order / DCA,GTC,2023-11-28
ord_d733749a,FILLED,2023-11-28,,1.0,Standing Order / DCA,GTC,2023-11-29
ord_af442221,FILLED,2023-11-29,,1.0,Standing Order / DCA,GTC,2023-11-30
ord_8d7681cf,FILLED,2023-11-30,,1.0,Standing Order / DCA,GTC,2023-12-01
ord_00f0d075,FILLED,2023-12-01,,1.0,Standing Order / DCA,GTC,2023-12-04
ord_54ff704c,FILLED,2023-12-04,,1.0,Standing Order / DCA,GTC,2023-12-05
ord_05456401,FILLED,2023-12-05,,1.0,Standing Order / DCA,GTC,2023-12-06
ord_9a2ac7f1,FILLED,2023-12-06,,1.0,Standing Order / DCA,GTC,2023-12-07
ord_d4969fec,FILLED,2023-12-07,,1.0,Standing Order / DCA,GTC,2023-12-08
ord_0a0f1a42,FILLED,2023-12-08,,1.0,Standing Order / DCA,GTC,2023-12-11
ord_66730a0a,FILLED,2023-12-11,,1.0,Standing Order / DCA,GTC,2023-12-12
ord_8c1dfe6a,FILLED,2023-12-12,,1.0,Standing Order / DCA,GTC,2023-12-13
ord_b28be0e9,FILLED,2023-12-13,,1.0,Standing Order / DCA,GTC,2023-12-14
ord_32f41aab,FILLED,2023-12-14,,1.0,Standing Order / DCA,GTC,2023-12-15
ord_19a7cfaf,FILLED,2023-12-15,,1.0,Standing Order / DCA,GTC,2023-12-18
ord_10904b81,FILLED,2023-12-18,,1.0,Standing Order / DCA,GTC,2023-12-19
ord_d4c6af47,FILLED,2023-12-19,,1.0,Standing Order / DCA,GTC,2023-12-20
ord_770e7d24,FILLED,2023-12-20,,1.0,Standing Order / DCA,GTC,2023-12-21
ord_f8149109,FILLED,2023-12-21,,1.0,Standing Order / DCA,GTC,2023-12-22
ord_99f1f351,FILLED,2023-12-22,,1.0,Standing Order / DCA,GTC,2023-12-25
ord_9f09a193,FILLED,2023-12-25,,1.0,Standing Order / DCA,GTC,2023-12-26
ord_d6db767c,FILLED,2023-12-26,,1.0,Standing Order / DCA,GTC,2023-12-27
ord_23419e48,FILLED,2023-12-27,,1.0,Standing Order / DCA,GTC,2023-12-28
ord_893464fb,FILLED,2023-12-28,,1.0,Standing Order / DCA,GTC,2023-12-29
ord_d01ba10f,FILLED,2023-12-29,,1.0,Standing Order / DCA,GTC,2024-01-01
ord_6ec9e4af,FILLED,2024-01-01,,1.0,Standing Order / DCA,GTC,2024-01-02
ord_c8677fce,FILLED,2024-01-02,,1.0,Standing Order / DCA,GTC,2024-01-03
ord_ff256476,FILLED,2024-01-03,,1.0,Standing Order / DCA,GTC,2024-01-04
ord_02b6a491,FILLED,2024-01-04,,1.0,Standing Order / DCA,GTC,2024-01-05
ord_8d99192a,FILLED,2024-01-05,,1.0,Standing Order / DCA,GTC,2024-01-08
ord_0948fbde,FILLED,2024-01-08,,1.0,Standing Order / DCA,GTC,2024-01-09
ord_2acebd74,FILLED,2024-01-09,,1.0,Standing Order / DCA,GTC,2024-01-10
ord_0c9e7b3e,FILLED,2024-01-10,,1.0,Standing Order / DCA,GTC,2024-01-11
ord_01cacf5d,FILLED,2024-01-11,,1.0,Standing Order / DCA,GTC,2024-01-12
ord_2cb76763,FILLED,2024-01-12,,1.0,Standing Order / DCA,GTC,2024-01-15
ord_1db18255,FILLED,2024-01-15,,1.0,Standing Order / DCA,GTC,2024-01-16
ord_a6bf7ab8,FILLED,2024-01-16,,1.0,Standing Order / DCA,GTC,2024-01-17
ord_de55286d,FILLED,2024-01-17,,1.0,Standing Order / DCA,GTC,2024-01-18
ord_0b1c4f08,FILLED,2024-01-18,,1.0,Standing Order / DCA,GTC,2024-01-19
ord_bfa903cf,FILLED,2024-01-19,,1.0,Standing Order / DCA,GTC,2024-01-22
ord_1271af2c,FILLED,2024-01-22,,1.0,Standing Order / DCA,GTC,2024-01-23
ord_639c35db,FILLED,2024-01-23,,1.0,Standing Order / DCA,GTC,2024-01-24
ord_c20ed7b2,FILLED,2024-01-24,,1.0,Standing Order / DCA,GTC,2024-01-25
ord_d8ed9e71,FILLED,2024-01-25,,1.0,Standing Order / DCA,GTC,2024-01-26
ord_f8c0a7d0,FILLED,2024-01-26,,1.0,Standing Order / DCA,GTC,2024-01-29
ord_8f67e691,FILLED,2024-01-29,,1.0,Standing Order / DCA,GTC,2024-01-30
ord_13f4c6b3,FILLED,2024-01-30,,1.0,Standing Order / DCA,GTC,2024-01-31
ord_cd52ac6c,FILLED,2024-01-31,,1.0,Standing Order / DCA,GTC,2024-02-01
ord_3540a80a,FILLED,2024-02-01,,1.0,Standing Order / DCA,GTC,2024-02-02
ord_45a2ab80,FILLED,2024-02-02,,1.0,Standing Order / DCA,GTC,2024-02-05
ord_01a27780,FILLED,2024-02-05,,1.0,Standing Order / DCA,GTC,2024-02-06
ord_5b4a6f8f,FILLED,2024-02-06,,1.0,Standing Order / DCA,GTC,2024-02-07
ord_563b86c4,FILLED,2024-02-07,,1.0,Standing Order / DCA,GTC,2024-02-08
ord_87af5dee,FILLED,2024-02-08,,1.0,Standing Order / DCA,GTC,2024-02-09
ord_7f1f2388,FILLED,2024-02-09,,1.0,Standing Order / DCA,GTC,2024-02-12
ord_eab614b7,FILLED,2024-02-12,,1.0,Standing Order / DCA,GTC,2024-02-13
ord_7043a7b0,FILLED,2024-02-13,,1.0,Standing Order / DCA,GTC,2024-02-14
ord_536d0071,FILLED,2024-02-14,,1.0,Standing Order / DCA,GTC,2024-02-15
ord_bf012dac,FILLED,2024-02-15,,1.0,Standing Order / DCA,GTC,2024-02-16
ord_bf2df1b7,FILLED,2024-02-16,,1.0,Standing Order / DCA,GTC,2024-02-19
ord_54fb87a6,FILLED,2024-02-19,,1.0,Standing Order / DCA,GTC,2024-02-20
ord_e3ed3f81,FILLED,2024-02-20,,1.0,Standing Order / DCA,GTC,2024-02-21
ord_228b8f41,FILLED,2024-02-21,,1.0,Standing Order / DCA,GTC,2024-02-22
ord_483c9dcf,FILLED,2024-02-22,,1.0,Standing Order / DCA,GTC,2024-02-23
ord_315bff4b,FILLED,2024-02-23,,1.0,Standing Order / DCA,GTC,2024-02-26
ord_88f64f21,FILLED,2024-02-26,,1.0,Standing Order / DCA,GTC,2024-02-27
ord_fb0a3256,FILLED,2024-02-27,,1.0,Standing Order / DCA,GTC,2024-02-28
ord_b4bc8dde,FILLED,2024-02-28,,1.0,Standing Order / DCA,GTC,2024-02-29
ord_95c26cba,FILLED,2024-02-29,,1.0,Standing Order / DCA,GTC,2024-03-01
ord_1d82e3f3,FILLED,2024-03-01,,1.0,Standing Order / DCA,GTC,2024-03-04
ord_129a43f5,FILLED,2024-03-04,,1.0,Standing Order / DCA,GTC,2024-03-05
ord_79a20f89,FILLED,2024-03-05,,1.0,Standing Order / DCA,GTC,2024-03-06
ord_2851f339,FILLED,2024-03-06,,1.0,Standing Order / DCA,GTC,2024-03-07
ord_a3dcce86,FILLED,2024-03-07,,1.0,Standing Order / DCA,GTC,2024-03-08
ord_3c698e08,FILLED,2024-03-08,,1.0,Standing Order / DCA,GTC,2024-03-11
ord_74f27be4,FILLED,2024-03-11,,1.0,Standing Order / DCA,GTC,2024-03-12
ord_0c490685,FILLED,2024-03-12,,1.0,Standing Order / DCA,GTC,2024-03-13
ord_a086498f,FILLED,2024-03-13,,1.0,Standing Order / DCA,GTC,2024-03-14
ord_91f880ae,FILLED,2024-03-14,,1.0,Standing Order / DCA,GTC,2024-03-15
ord_f81c18f3,FILLED,2024-03-15,,1.0,Standing Order / DCA,GTC,2024-03-18
ord_af271ad7,FILLED,2024-03-18,,1.0,Standing Order / DCA,GTC,2024-03-19
ord_4083e896,FILLED,2024-03-19,,1.0,Standing Order / DCA,GTC,2024-03-20
ord_0ffcb47f,FILLED,2024-03-20,,1.0,Standing Order / DCA,GTC,2024-03-21
ord_86931127,FILLED,2024-03-21,,1.0,Standing Order / DCA,GTC,2024-03-22
ord_428ac780,FILLED,2024-03-22,,1.0,Standing Order / DCA,GTC,2024-03-25
ord_dd2be624,FILLED,2024-03-25,,1.0,Standing Order / DCA,GTC,2024-03-26
ord_b246578c,FILLED,2024-03-26,,1.0,Standing Order / DCA,GTC,2024-03-27
ord_8d77fd2f,FILLED,2024-03-27,,1.0,Standing Order / DCA,GTC,2024-03-28
ord_5dff4bb6,FILLED,2024-03-28,,1.0,Standing Order / DCA,GTC,2024-03-29
ord_c0629dd3,FILLED,2024-03-29,,1.0,Standing Order / DCA,GTC,2024-04-01
ord_dbf47f96,FILLED,2024-04-01,,1.0,Standing Order / DCA,GTC,2024-04-02
ord_0383f967,FILLED,2024-04-02,,1.0,Standing Order / DCA,GTC,2024-04-03
ord_8e65835a,FILLED,2024-04-03,,1.0,Standing Order / DCA,GTC,2024-04-04
ord_3d492da7,FILLED,2024-04-04,,1.0,Standing Order / DCA,GTC,2024-04-05
ord_42fdbe44,FILLED,2024-04-05,,1.0,Standing Order / DCA,GTC,2024-04-08
ord_58fc0d79,FILLED,2024-04-08,,1.0,Standing Order / DCA,GTC,2024-04-09
ord_4017b304,FILLED,2024-04-09,,1.0,Standing Order / DCA,GTC,2024-04-10
ord_90d0b08f,FILLED,2024-04-10,,1.0,Standing Order / DCA,GTC,2024-04-11
ord_ca281f8b,FILLED,2024-04-11,,1.0,Standing Order / DCA,GTC,2024-04-12
ord_0692e77c,FILLED,2024-04-12,,1.0,Standing Order / DCA,GTC,2024-04-15
ord_e4d2e522,FILLED,2024-04-15,,1.0,Standing Order / DCA,GTC,2024-04-16
ord_aedd9a4c,FILLED,2024-04-16,,1.0,Standing Order / DCA,GTC,2024-04-17
ord_921f70dc,FILLED,2024-04-17,,1.0,Standing Order / DCA,GTC,2024-04-18
ord_74ca1642,FILLED,2024-04-18,,1.0,Standing Order / DCA,GTC,2024-04-19
ord_bf9587b7,FILLED,2024-04-19,,1.0,Standing Order / DCA,GTC,2024-04-22
ord_13ea6cc4,FILLED,2024-04-22,,1.0,Standing Order / DCA,GTC,2024-04-23
ord_43e46eb4,FILLED,2024-04-23,,1.0,Standing Order / DCA,GTC,2024-04-24
ord_c7abdc9b,FILLED,2024-04-24,,1.0,Standing Order / DCA,GTC,2024-04-25
ord_21e53fcd,FILLED,2024-04-25,,1.0,Standing Order / DCA,GTC,2024-04-26
ord_6dac8051,FILLED,2024-04-26,,1.0,Standing Order / DCA,GTC,2024-04-29
ord_b8268c22,FILLED,2024-04-29,,1.0,Standing Order / DCA,GTC,2024-04-30
ord_fe13e16b,FILLED,2024-04-30,,1.0,Standing Order / DCA,GTC,2024-05-01
ord_7ce06e96,FILLED,2024-05-01,,1.0,Standing Order / DCA,GTC,2024-05-02
ord_2dea3562,FILLED,2024-05-02,,1.0,Standing Order / DCA,GTC,2024-05-03
ord_72174b46,FILLED,2024-05-03,,1.0,Standing Order / DCA,GTC,2024-05-06
ord_8b0ce9bc,FILLED,2024-05-06,,1.0,Standing Order / DCA,GTC,2024-05-07
ord_fa0ec3e0,FILLED,2024-05-07,,1.0,Standing Order / DCA,GTC,2024-05-08
ord_e2993be4,FILLED,2024-05-08,,1.0,Standing Order / DCA,GTC,2024-05-09
ord_99f018c7,FILLED,2024-05-09,,1.0,Standing Order / DCA,GTC,2024-05-10
ord_25526caf,FILLED,2024-05-10,,1.0,Standing Order / DCA,GTC,2024-05-13
ord_9a691c69,FILLED,2024-05-13,,1.0,Standing Order / DCA,GTC,2024-05-14
ord_f39b5082,FILLED,2024-05-14,,1.0,Standing Order / DCA,GTC,2024-05-15
ord_6f05820a,FILLED,2024-05-15,,1.0,Standing Order / DCA,GTC,2024-05-16
ord_550c3882,FILLED,2024-05-16,,1.0,Standing Order / DCA,GTC,2024-05-17
ord_3828d341,FILLED,2024-05-17,,1.0,Standing Order / DCA,GTC,2024-05-20
ord_7756d22d,FILLED,2024-05-20,,1.0,Standing Order / DCA,GTC,2024-05-21
ord_c9f06b48,FILLED,2024-05-21,,1.0,Standing Order / DCA,GTC,2024-05-22
ord_aff0cdcf,FILLED,2024-05-22,,1.0,Standing Order / DCA,GTC,2024-05-23
ord_e82b79c9,FILLED,2024-05-23,,1.0,Standing Order / DCA,GTC,2024-05-24
ord_565305ff,FILLED,2024-05-24,,1.0,Standing Order / DCA,GTC,2024-05-27
ord_f4ebdd73,FILLED,2024-05-27,,1.0,Standing Order / DCA,GTC,2024-05-28
ord_6bd64606,FILLED,2024-05-28,,1.0,Standing Order / DCA,GTC,2024-05-29
ord_b0d4c47d,FILLED,2024-05-29,,1.0,Standing Order / DCA,GTC,2024-05-30
ord_da97994a,FILLED,2024-05-30,,1.0,Standing Order / DCA,GTC,2024-05-31
ord_47c462d8,FILLED,2024-05-31,,1.0,Standing Order / DCA,GTC,2024-06-03
ord_78c92467,FILLED,2024-06-03,,1.0,Standing Order / DCA,GTC,2024-06-04
ord_c39b8588,FILLED,2024-06-04,,1.0,Standing Order / DCA,GTC,2024-06-05
ord_6c60a23f,FILLED,2024-06-05,,1.0,Standing Order / DCA,GTC,2024-06-06
ord_4d3a9cf2,FILLED,2024-06-06,,1.0,Standing Order / DCA,GTC,2024-06-07
ord_187dada0,FILLED,2024-06-07,,1.0,Standing Order / DCA,GTC,2024-06-10
ord_6717254d,FILLED,2024-06-10,,1.0,Standing Order / DCA,GTC,2024-06-11
ord_d1bcb722,FILLED,2024-06-11,,1.0,Standing Order / DCA,GTC,2024-06-12
ord_71e4f912,FILLED,2024-06-12,,1.0,Standing Order / DCA,GTC,2024-06-13
ord_fc41e414,FILLED,2024-06-13,,1.0,Standing Order / DCA,GTC,2024-06-14
ord_932628c4,FILLED,2024-06-14,,1.0,Standing Order / DCA,GTC,2024-06-17
ord_4446c475,FILLED,2024-06-17,,1.0,Standing Order / DCA,GTC,2024-06-18
ord_48ccc952,FILLED,2024-06-18,,1.0,Standing Order / DCA,GTC,2024-06-19
ord_69f26556,FILLED,2024-06-19,,1.0,Standing Order / DCA,GTC,2024-06-20
ord_be3677db,FILLED,2024-06-20,,1.0,Standing Order / DCA,GTC,2024-06-21
ord_9e4bef66,FILLED,2024-06-21,,1.0,Standing Order / DCA,GTC,2024-06-24
ord_20da5384,FILLED,2024-06-24,,1.0,Standing Order / DCA,GTC,2024-06-25
ord_94aefaff,FILLED,2024-06-25,,1.0,Standing Order / DCA,GTC,2024-06-26
ord_0bf89bbc,FILLED,2024-06-26,,1.0,Standing Order / DCA,GTC,2024-06-27
ord_ce0e39fc,FILLED,2024-06-27,,1.0,Standing Order / DCA,GTC,2024-06-28
ord_8a5c6c42,FILLED,2024-06-28,,1.0,Standing Order / DCA,GTC,2024-07-01
ord_f0c4bf5b,FILLED,2024-07-01,,1.0,Standing Order / DCA,GTC,2024-07-02
ord_5946f1da,FILLED,2024-07-02,,1.0,Standing Order / DCA,GTC,2024-07-03
ord_1b631548,FILLED,2024-07-03,,1.0,Standing Order / DCA,GTC,2024-07-04
ord_2f14ad9f,FILLED,2024-07-04,,1.0,Standing Order / DCA,GTC,2024-07-05
ord_fc58421b,FILLED,2024-07-05,,1.0,Standing Order / DCA,GTC,2024-07-08
ord_aacae898,FILLED,2024-07-08,,1.0,Standing Order / DCA,GTC,2024-07-09
ord_f671fea5,FILLED,2024-07-09,,1.0,Standing Order / DCA,GTC,2024-07-10
ord_525696c6,FILLED,2024-07-10,,1.0,Standing Order / DCA,GTC,2024-07-11
ord_6ff44c73,FILLED,2024-07-11,,1.0,Standing Order / DCA,GTC,2024-07-12
ord_b30aa6b3,FILLED,2024-07-12,,1.0,Standing Order / DCA,GTC,2024-07-15
ord_e5d573b0,FILLED,2024-07-15,,1.0,Standing Order / DCA,GTC,2024-07-16
ord_83c90c56,FILLED,2024-07-16,,1.0,Standing Order / DCA,GTC,2024-07-17
ord_115fa5a3,FILLED,2024-07-17,,1.0,Standing Order / DCA,GTC,2024-07-18
ord_b5a82e0f,FILLED,2024-07-18,,1.0,Standing Order / DCA,GTC,2024-07-19
ord_910250be,FILLED,2024-07-19,,1.0,Standing Order / DCA,GTC,2024-07-22
ord_6033b3b6,FILLED,2024-07-22,,1.0,Standing Order / DCA,GTC,2024-07-23
ord_5eb2a1c0,FILLED,2024-07-23,,1.0,Standing Order / DCA,GTC,2024-07-24
ord_78365131,FILLED,2024-07-24,,1.0,Standing Order / DCA,GTC,2024-07-25
ord_1d036307,FILLED,2024-07-25,,1.0,Standing Order / DCA,GTC,2024-07-26
ord_ecf10323,FILLED,2024-07-26,,1.0,Standing Order / DCA,GTC,2024-07-29
ord_46645a34,FILLED,2024-07-29,,1.0,Standing Order / DCA,GTC,2024-07-30
ord_438ca8ba,FILLED,2024-07-30,,1.0,Standing Order / DCA,GTC,2024-07-31
ord_59391cb7,FILLED,2024-07-31,,1.0,Standing Order / DCA,GTC,2024-08-01
ord_2245bccc,FILLED,2024-08-01,,1.0,Standing Order / DCA,GTC,2024-08-02
ord_f6adb38c,FILLED,2024-08-02,,1.0,Standing Order / DCA,GTC,2024-08-05
ord_2ec80b67,FILLED,2024-08-05,,1.0,Standing Order / DCA,GTC,2024-08-06
ord_e0f8e955,FILLED,2024-08-06,,1.0,Standing Order / DCA,GTC,2024-08-07
ord_973fcf33,FILLED,2024-08-07,,1.0,Standing Order / DCA,GTC,2024-08-08
ord_823d44b1,FILLED,2024-08-08,,1.0,Standing Order / DCA,GTC,2024-08-09
ord_b410c599,FILLED,2024-08-09,,1.0,Standing Order / DCA,GTC,2024-08-12
ord_ba7c3774,FILLED,2024-08-12,,1.0,Standing Order / DCA,GTC,2024-08-13
ord_cb203af4,FILLED,2024-08-13,,1.0,Standing Order / DCA,GTC,2024-08-14
ord_cd1f7359,FILLED,2024-08-14,,1.0,Standing Order / DCA,GTC,2024-08-15
ord_31426569,FILLED,2024-08-15,,1.0,Standing Order / DCA,GTC,2024-08-16
ord_e327105e,FILLED,2024-08-16,,1.0,Standing Order / DCA,GTC,2024-08-19
ord_5c4f67f3,FILLED,2024-08-19,,1.0,Standing Order / DCA,GTC,2024-08-20
ord_c889cd73,FILLED,2024-08-20,,1.0,Standing Order / DCA,GTC,2024-08-21
ord_622fe839,FILLED,2024-08-21,,1.0,Standing Order / DCA,GTC,2024-08-22
ord_9db9ddcc,FILLED,2024-08-22,,1.0,Standing Order / DCA,GTC,2024-08-23
ord_99314c30,FILLED,2024-08-23,,1.0,Standing Order / DCA,GTC,2024-08-26
ord_9faf90c4,FILLED,2024-08-26,,1.0,Standing Order / DCA,GTC,2024-08-27
ord_91169801,FILLED,2024-08-27,,1.0,Standing Order / DCA,GTC,2024-08-28
ord_61e85c16,FILLED,2024-08-28,,1.0,Standing Order / DCA,GTC,2024-08-29
ord_a6a34442,FILLED,2024-08-29,,1.0,Standing Order / DCA,GTC,2024-08-30
ord_8fb9b7d2,FILLED,2024-08-30,,1.0,Standing Order / DCA,GTC,2024-09-02
ord_2b1331d5,FILLED,2024-09-02,,1.0,Standing Order / DCA,GTC,2024-09-03
ord_014f3ead,FILLED,2024-09-03,,1.0,Standing Order / DCA,GTC,2024-09-04
ord_95d68376,FILLED,2024-09-04,,1.0,Standing Order / DCA,GTC,2024-09-05
ord_e8296381,FILLED,2024-09-05,,1.0,Standing Order / DCA,GTC,2024-09-06
ord_4819e28a,FILLED,2024-09-06,,1.0,Standing Order / DCA,GTC,2024-09-09
ord_e55b3db9,FILLED,2024-09-09,,1.0,Standing Order / DCA,GTC,2024-09-10
ord_298bc228,FILLED,2024-09-10,,1.0,Standing Order / DCA,GTC,2024-09-11
ord_0fbed2c7,FILLED,2024-09-11,,1.0,Standing Order / DCA,GTC,2024-09-12
ord_36693b28,FILLED,2024-09-12,,1.0,Standing Order / DCA,GTC,2024-09-13
ord_4dd5aa77,FILLED,2024-09-13,,1.0,Standing Order / DCA,GTC,2024-09-16
ord_4f8640d3,FILLED,2024-09-16,,1.0,Standing Order / DCA,GTC,2024-09-17
ord_a6674932,FILLED,2024-09-17,,1.0,Standing Order / DCA,GTC,2024-09-18
ord_d3717342,FILLED,2024-09-18,,1.0,Standing Order / DCA,GTC,2024-09-19
ord_cf23c600,FILLED,2024-09-19,,1.0,Standing Order / DCA,GTC,2024-09-20
ord_29e2d3bb,FILLED,2024-09-20,,1.0,Standing Order / DCA,GTC,2024-09-23
ord_afe4acbf,FILLED,2024-09-23,,1.0,Standing Order / DCA,GTC,2024-09-24
ord_3dee1500,FILLED,2024-09-24,,1.0,Standing Order / DCA,GTC,2024-09-25
ord_94f20484,FILLED,2024-09-25,,1.0,Standing Order / DCA,GTC,2024-09-26
ord_c5dc50d3,FILLED,2024-09-26,,1.0,Standing Order / DCA,GTC,2024-09-27
ord_845c0bf7,FILLED,2024-09-27,,1.0,Standing Order / DCA,GTC,2024-09-30
ord_ee2a15eb,FILLED,2024-09-30,,1.0,Standing Order / DCA,GTC,2024-10-01
ord_1e29484b,FILLED,2024-10-01,,1.0,Standing Order / DCA,GTC,2024-10-02
ord_a559e28b,FILLED,2024-10-02,,1.0,Standing Order / DCA,GTC,2024-10-03
ord_7a67291a,FILLED,2024-10-03,,1.0,Standing Order / DCA,GTC,2024-10-04
ord_2db87b14,FILLED,2024-10-04,,1.0,Standing Order / DCA,GTC,2024-10-07
ord_01d4bcf5,FILLED,2024-10-07,,1.0,Standing Order / DCA,GTC,2024-10-08
ord_a2aa77e1,FILLED,2024-10-08,,1.0,Standing Order / DCA,GTC,2024-10-09
ord_75573b81,FILLED,2024-10-09,,1.0,Standing Order / DCA,GTC,2024-10-10
ord_f3c21016,FILLED,2024-10-10,,1.0,Standing Order / DCA,GTC,2024-10-11
ord_ee923699,FILLED,2024-10-11,,1.0,Standing Order / DCA,GTC,2024-10-14
ord_79dbc1d8,FILLED,2024-10-14,,1.0,Standing Order / DCA,GTC,2024-10-15
ord_d38b3e48,FILLED,2024-10-15,,1.0,Standing Order / DCA,GTC,2024-10-16
ord_031982ce,FILLED,2024-10-16,,1.0,Standing Order / DCA,GTC,2024-10-17
ord_98f686ef,FILLED,2024-10-17,,1.0,Standing Order / DCA,GTC,2024-10-18
ord_bf130aa0,FILLED,2024-10-18,,1.0,Standing Order / DCA,GTC,2024-10-21
ord_c68358a6,FILLED,2024-10-21,,1.0,Standing Order / DCA,GTC,2024-10-22
ord_150cb648,FILLED,2024-10-22,,1.0,Standing Order / DCA,GTC,2024-10-23
ord_d75dde59,FILLED,2024-10-23,,1.0,Standing Order / DCA,GTC,2024-10-24
ord_cc5b2b61,FILLED,2024-10-24,,1.0,Standing Order / DCA,GTC,2024-10-25
ord_779163a2,FILLED,2024-10-25,,1.0,Standing Order / DCA,GTC,2024-10-28
ord_999aa739,FILLED,2024-10-28,,1.0,Standing Order / DCA,GTC,2024-10-29
ord_bb8b8fad,FILLED,2024-10-29,,1.0,Standing Order / DCA,GTC,2024-10-30
ord_a67239f6,FILLED,2024-10-30,,1.0,Standing Order / DCA,GTC,2024-10-31
ord_3e881ecb,FILLED,2024-10-31,,1.0,Standing Order / DCA,GTC,2024-11-01
ord_26cf97bc,FILLED,2024-11-01,,1.0,Standing Order / DCA,GTC,2024-11-04
ord_efe32a4f,FILLED,2024-11-04,,1.0,Standing Order / DCA,GTC,2024-11-05
ord_ad445d01,FILLED,2024-11-05,,1.0,Standing Order / DCA,GTC,2024-11-06
ord_0761be5d,FILLED,2024-11-06,,1.0,Standing Order / DCA,GTC,2024-11-07
ord_e426fe26,FILLED,2024-11-07,,1.0,Standing Order / DCA,GTC,2024-11-08
ord_10691efc,FILLED,2024-11-08,,1.0,Standing Order / DCA,GTC,2024-11-11
ord_fd31726c,FILLED,2024-11-11,,1.0,Standing Order / DCA,GTC,2024-11-12
ord_05b4f179,FILLED,2024-11-12,,1.0,Standing Order / DCA,GTC,2024-11-13
ord_ea8c0cf6,FILLED,2024-11-13,,1.0,Standing Order / DCA,GTC,2024-11-14
ord_49b8e4b6,FILLED,2024-11-14,,1.0,Standing Order / DCA,GTC,2024-11-15
ord_b1d8ab4e,FILLED,2024-11-15,,1.0,Standing Order / DCA,GTC,2024-11-18
ord_7c81bb69,FILLED,2024-11-18,,1.0,Standing Order / DCA,GTC,2024-11-19
ord_c1964516,FILLED,2024-11-19,,1.0,Standing Order / DCA,GTC,2024-11-20
ord_dfe32fa8,FILLED,2024-11-20,,1.0,Standing Order / DCA,GTC,2024-11-21
ord_15c652a7,FILLED,2024-11-21,,1.0,Standing Order / DCA,GTC,2024-11-22
ord_6024babd,FILLED,2024-11-22,,1.0,Standing Order / DCA,GTC,2024-11-25
ord_fbaf0fc2,FILLED,2024-11-25,,1.0,Standing Order / DCA,GTC,2024-11-26
ord_27f01828,FILLED,2024-11-26,,1.0,Standing Order / DCA,GTC,2024-11-27
ord_10f6a2de,FILLED,2024-11-27,,1.0,Standing Order / DCA,GTC,2024-11-28
ord_faed04e7,FILLED,2024-11-28,,1.0,Standing Order / DCA,GTC,2024-11-29
ord_a70e011e,FILLED,2024-11-29,,1.0,Standing Order / DCA,GTC,2024-12-02
ord_3e11bd56,FILLED,2024-12-02,,1.0,Standing Order / DCA,GTC,2024-12-03
ord_5650ee9a,FILLED,2024-12-03,,1.0,Standing Order / DCA,GTC,2024-12-04
ord_845fc410,FILLED,2024-12-04,,1.0,Standing Order / DCA,GTC,2024-12-05
ord_e71d758b,FILLED,2024-12-05,,1.0,Standing Order / DCA,GTC,2024-12-06
ord_e4d445c7,FILLED,2024-12-06,,1.0,Standing Order / DCA,GTC,2024-12-09
ord_aa5ebbbb,FILLED,2024-12-09,,1.0,Standing Order / DCA,GTC,2024-12-10
ord_62406525,FILLED,2024-12-10,,1.0,Standing Order / DCA,GTC,2024-12-11
ord_9320bbf6,FILLED,2024-12-11,,1.0,Standing Order / DCA,GTC,2024-12-12
ord_e6c39318,FILLED,2024-12-12,,1.0,Standing Order / DCA,GTC,2024-12-13
ord_7aa0ee8f,FILLED,2024-12-13,,1.0,Standing Order / DCA,GTC,2024-12-16
ord_00c86173,FILLED,2024-12-16,,1.0,Standing Order / DCA,GTC,2024-12-17
ord_174d541e,FILLED,2024-12-17,,1.0,Standing Order / DCA,GTC,2024-12-18
ord_a89a3a63,FILLED,2024-12-18,,1.0,Standing Order / DCA,GTC,2024-12-19
ord_a7ddb434,FILLED,2024-12-19,,1.0,Standing Order / DCA,GTC,2024-12-20
ord_cf91e093,FILLED,2024-12-20,,1.0,Standing Order / DCA,GTC,2024-12-23
ord_ecf7123c,FILLED,2024-12-23,,1.0,Standing Order / DCA,GTC,2024-12-24
ord_3fd5b8b9,FILLED,2024-12-24,,1.0,Standing Order / DCA,GTC,2024-12-25
ord_4f8163cd,FILLED,2024-12-25,,1.0,Standing Order / DCA,GTC,2024-12-26
ord_a816cf02,FILLED,2024-12-26,,1.0,Standing Order / DCA,GTC,2024-12-27
ord_1c3c4cec,FILLED,2024-12-27,,1.0,Standing Order / DCA,GTC,2024-12-30
ord_31c243e7,FILLED,2024-12-30,,1.0,Standing Order / DCA,GTC,2024-12-31
ord_a4d761cf,FILLED,2024-12-31,,1.0,Standing Order / DCA,GTC,2025-01-01
ord_5cf975eb,FILLED,2025-01-01,,1.0,Standing Order / DCA,GTC,2025-01-02
ord_ea3e55ab,FILLED,2025-01-02,,1.0,Standing Order / DCA,GTC,2025-01-03
ord_68261c85,FILLED,2025-01-03,,1.0,Standing Order / DCA,GTC,2025-01-06
ord_5c6aa3d1,FILLED,2025-01-06,,1.0,Standing Order / DCA,GTC,2025-01-07
ord_91b69887,FILLED,2025-01-07,,1.0,Standing Order / DCA,GTC,2025-01-08
ord_289a3968,FILLED,2025-01-08,,1.0,Standing Order / DCA,GTC,2025-01-09
ord_e40ad294,FILLED,2025-01-09,,1.0,Standing Order / DCA,GTC,2025-01-10
ord_82cd3c95,FILLED,2025-01-10,,1.0,Standing Order / DCA,GTC,2025-01-13
ord_192b1ebd,FILLED,2025-01-13,,1.0,Standing Order / DCA,GTC,2025-01-14
ord_c46213b4,FILLED,2025-01-14,,1.0,Standing Order / DCA,GTC,2025-01-15
ord_3c629af5,FILLED,2025-01-15,,1.0,Standing Order / DCA,GTC,2025-01-16
ord_731d5396,FILLED,2025-01-16,,1.0,Standing Order / DCA,GTC,2025-01-17
ord_7dca73e7,FILLED,2025-01-17,,1.0,Standing Order / DCA,GTC,2025-01-20
ord_ff5273bf,FILLED,2025-01-20,,1.0,Standing Order / DCA,GTC,2025-01-21
ord_d1893a02,FILLED,2025-01-21,,1.0,Standing Order / DCA,GTC,2025-01-22
ord_883df480,FILLED,2025-01-22,,1.0,Standing Order / DCA,GTC,2025-01-23
ord_cb8eda82,FILLED,2025-01-23,,1.0,Standing Order / DCA,GTC,2025-01-24
ord_3231d358,FILLED,2025-01-24,,1.0,Standing Order / DCA,GTC,2025-01-27
ord_94fc99a9,FILLED,2025-01-27,,1.0,Standing Order / DCA,GTC,2025-01-28
ord_9d94b5a3,FILLED,2025-01-28,,1.0,Standing Order / DCA,GTC,2025-01-29
ord_11e66868,FILLED,2025-01-29,,1.0,Standing Order / DCA,GTC,2025-01-30
ord_8488d917,FILLED,2025-01-30,,1.0,Standing Order / DCA,GTC,2025-01-31
ord_a2d51a7f,FILLED,2025-01-31,,1.0,Standing Order / DCA,GTC,2025-02-03
ord_fbd1c6e0,FILLED,2025-02-03,,1.0,Standing Order / DCA,GTC,2025-02-04
ord_eb2b220e,FILLED,2025-02-04,,1.0,Standing Order / DCA,GTC,2025-02-05
ord_f4098230,FILLED,2025-02-05,,1.0,Standing Order / DCA,GTC,2025-02-06
ord_925a7ece,FILLED,2025-02-06,,1.0,Standing Order / DCA,GTC,2025-02-07
ord_19ed09ef,FILLED,2025-02-07,,1.0,Standing Order / DCA,GTC,2025-02-10
ord_867a700e,FILLED,2025-02-10,,1.0,Standing Order / DCA,GTC,2025-02-11
ord_664d0b4f,FILLED,2025-02-11,,1.0,Standing Order / DCA,GTC,2025-02-12
ord_d8b6c357,FILLED,2025-02-12,,1.0,Standing Order / DCA,GTC,2025-02-13
ord_94809433,FILLED,2025-02-13,,1.0,Standing Order / DCA,GTC,2025-02-14
ord_39b2edde,FILLED,2025-02-14,,1.0,Standing Order / DCA,GTC,2025-02-17
ord_89e86bb3,FILLED,2025-02-17,,1.0,Standing Order / DCA,GTC,2025-02-18
ord_2e80661d,FILLED,2025-02-18,,1.0,Standing Order / DCA,GTC,2025-02-19
ord_c67bb1d0,FILLED,2025-02-19,,1.0,Standing Order / DCA,GTC,2025-02-20
ord_011bac10,FILLED,2025-02-20,,1.0,Standing Order / DCA,GTC,2025-02-21
ord_85ca0f0f,FILLED,2025-02-21,,1.0,Standing Order / DCA,GTC,2025-02-24
ord_f7da8a1b,FILLED,2025-02-24,,1.0,Standing Order / DCA,GTC,2025-02-25
ord_f51b0c65,FILLED,2025-02-25,,1.0,Standing Order / DCA,GTC,2025-02-26
ord_6f2dce56,FILLED,2025-02-26,,1.0,Standing Order / DCA,GTC,2025-02-27
ord_500ab61a,FILLED,2025-02-27,,1.0,Standing Order / DCA,GTC,2025-02-28
ord_f540368c,FILLED,2025-02-28,,1.0,Standing Order / DCA,GTC,2025-03-03
ord_78b54473,FILLED,2025-03-03,,1.0,Standing Order / DCA,GTC,2025-03-04
ord_5d038dd7,FILLED,2025-03-04,,1.0,Standing Order / DCA,GTC,2025-03-05
ord_0d94acfc,FILLED,2025-03-05,,1.0,Standing Order / DCA,GTC,2025-03-06
ord_4fc354c4,FILLED,2025-03-06,,1.0,Standing Order / DCA,GTC,2025-03-07
ord_3cee7566,FILLED,2025-03-07,,1.0,Standing Order / DCA,GTC,2025-03-10
ord_d8743727,FILLED,2025-03-10,,1.0,Standing Order / DCA,GTC,2025-03-11
ord_251c4e1f,FILLED,2025-03-11,,1.0,Standing Order / DCA,GTC,2025-03-12
ord_e81166f8,FILLED,2025-03-12,,1.0,Standing Order / DCA,GTC,2025-03-13
ord_41c43124,FILLED,2025-03-13,,1.0,Standing Order / DCA,GTC,2025-03-14
ord_533bc4f5,FILLED,2025-03-14,,1.0,Standing Order / DCA,GTC,2025-03-17
ord_fe5524a5,FILLED,2025-03-17,,1.0,Standing Order / DCA,GTC,2025-03-18
ord_0be18a69,FILLED,2025-03-18,,1.0,Standing Order / DCA,GTC,2025-03-19
ord_1a0ac7cd,FILLED,2025-03-19,,1.0,Standing Order / DCA,GTC,2025-03-20
ord_8120623a,FILLED,2025-03-20,,1.0,Standing Order / DCA,GTC,2025-03-21
ord_403fb7e2,FILLED,2025-03-21,,1.0,Standing Order / DCA,GTC,2025-03-24
ord_27dc7023,FILLED,2025-03-24,,1.0,Standing Order / DCA,GTC,2025-03-25
ord_e99bd98e,FILLED,2025-03-25,,1.0,Standing Order / DCA,GTC,2025-03-26
ord_8a45c09d,FILLED,2025-03-26,,1.0,Standing Order / DCA,GTC,2025-03-27
ord_7be19fcb,FILLED,2025-03-27,,1.0,Standing Order / DCA,GTC,2025-03-28
ord_754fd176,FILLED,2025-03-28,,1.0,Standing Order / DCA,GTC,2025-03-31
ord_075a4394,FILLED,2025-03-31,,1.0,Standing Order / DCA,GTC,2025-04-01
ord_b15c6ec8,FILLED,2025-04-01,,1.0,Standing Order / DCA,GTC,2025-04-02
ord_bc7203e1,FILLED,2025-04-02,,1.0,Standing Order / DCA,GTC,2025-04-03
ord_7b5ac64f,FILLED,2025-04-03,,1.0,Standing Order / DCA,GTC,2025-04-04
ord_a0c9eef3,FILLED,2025-04-04,,0.0,油价击穿成本线与宏观熊市,GTC,2025-04-07
ord_daa323e0,FILLED,2025-05-15,,1.0,突破卖出价右侧防踏空接回,GTC,2025-05-16
ord_9ad37b21,FILLED,2025-05-16,,1.0,Standing Order / DCA,GTC,2025-05-19
ord_a522ae40,FILLED,2025-05-19,,1.0,Standing Order / DCA,GTC,2025-05-20
ord_dd1371d8,FILLED,2025-05-20,,1.0,Standing Order / DCA,GTC,2025-05-21
ord_35b1ac49,FILLED,2025-05-21,,1.0,Standing Order / DCA,GTC,2025-05-22
ord_7cf9532f,FILLED,2025-05-22,,1.0,Standing Order / DCA,GTC,2025-05-23
ord_3833b9b5,FILLED,2025-05-23,,1.0,Standing Order / DCA,GTC,2025-05-26
ord_22bb3368,FILLED,2025-05-26,,1.0,Standing Order / DCA,GTC,2025-05-27
ord_e54f3de3,FILLED,2025-05-27,,1.0,Standing Order / DCA,GTC,2025-05-28
ord_dbe6bd9b,FILLED,2025-05-28,,1.0,Standing Order / DCA,GTC,2025-05-29
ord_67e864ac,FILLED,2025-05-29,,1.0,Standing Order / DCA,GTC,2025-05-30
ord_69228af3,FILLED,2025-05-30,,1.0,Standing Order / DCA,GTC,2025-06-02
ord_a2a75750,FILLED,2025-06-02,,1.0,Standing Order / DCA,GTC,2025-06-03
ord_0c816a1c,FILLED,2025-06-03,,1.0,Standing Order / DCA,GTC,2025-06-04
ord_706ebefd,FILLED,2025-06-04,,1.0,Standing Order / DCA,GTC,2025-06-05
ord_21619c48,FILLED,2025-06-05,,1.0,Standing Order / DCA,GTC,2025-06-06
ord_45aa86a2,FILLED,2025-06-06,,1.0,Standing Order / DCA,GTC,2025-06-09
ord_4dedcf13,FILLED,2025-06-09,,1.0,Standing Order / DCA,GTC,2025-06-10
ord_e56232c5,FILLED,2025-06-10,,1.0,Standing Order / DCA,GTC,2025-06-11
ord_573733ab,FILLED,2025-06-11,,1.0,Standing Order / DCA,GTC,2025-06-12
ord_e44605fb,FILLED,2025-06-12,,1.0,Standing Order / DCA,GTC,2025-06-13
ord_b870a5ab,FILLED,2025-06-13,,1.0,Standing Order / DCA,GTC,2025-06-16
ord_36b8d7a6,FILLED,2025-06-16,,1.0,Standing Order / DCA,GTC,2025-06-17
ord_605d812e,FILLED,2025-06-17,,1.0,Standing Order / DCA,GTC,2025-06-18
ord_a1013a89,FILLED,2025-06-18,,1.0,Standing Order / DCA,GTC,2025-06-19
ord_7a5888ec,FILLED,2025-06-19,,1.0,Standing Order / DCA,GTC,2025-06-20
ord_1f226766,FILLED,2025-06-20,,1.0,Standing Order / DCA,GTC,2025-06-23
ord_20af8ffb,FILLED,2025-06-23,,1.0,Standing Order / DCA,GTC,2025-06-24
ord_1c33396b,FILLED,2025-06-24,,1.0,Standing Order / DCA,GTC,2025-06-25
ord_b51d9508,FILLED,2025-06-25,,1.0,Standing Order / DCA,GTC,2025-06-26
ord_7292ee0f,FILLED,2025-06-26,,1.0,Standing Order / DCA,GTC,2025-06-27
ord_a74cacb0,FILLED,2025-06-27,,1.0,Standing Order / DCA,GTC,2025-06-30
ord_5dd1010c,FILLED,2025-06-30,,1.0,Standing Order / DCA,GTC,2025-07-01
ord_43b637f7,FILLED,2025-07-01,,1.0,Standing Order / DCA,GTC,2025-07-02
ord_283d5aaf,FILLED,2025-07-02,,1.0,Standing Order / DCA,GTC,2025-07-03
ord_f6a8c000,FILLED,2025-07-03,,1.0,Standing Order / DCA,GTC,2025-07-04
ord_cefec7aa,FILLED,2025-07-04,,1.0,Standing Order / DCA,GTC,2025-07-07
ord_5aae6172,FILLED,2025-07-07,,1.0,Standing Order / DCA,GTC,2025-07-08
ord_1b5fa90b,FILLED,2025-07-08,,1.0,Standing Order / DCA,GTC,2025-07-09
ord_723f910f,FILLED,2025-07-09,,1.0,Standing Order / DCA,GTC,2025-07-10
ord_12d3ca65,FILLED,2025-07-10,,1.0,Standing Order / DCA,GTC,2025-07-11
ord_b1efbffd,FILLED,2025-07-11,,1.0,Standing Order / DCA,GTC,2025-07-14
ord_d17d366f,FILLED,2025-07-14,,1.0,Standing Order / DCA,GTC,2025-07-15
ord_7e3c2652,FILLED,2025-07-15,,1.0,Standing Order / DCA,GTC,2025-07-16
ord_4a7e0656,FILLED,2025-07-16,,1.0,Standing Order / DCA,GTC,2025-07-17
ord_dbf81d30,FILLED,2025-07-17,,1.0,Standing Order / DCA,GTC,2025-07-18
ord_a1ceb0f0,FILLED,2025-07-18,,1.0,Standing Order / DCA,GTC,2025-07-21
ord_2d0cdae6,FILLED,2025-07-21,,1.0,Standing Order / DCA,GTC,2025-07-22
ord_274018c8,FILLED,2025-07-22,,1.0,Standing Order / DCA,GTC,2025-07-23
ord_540aff8e,FILLED,2025-07-23,,1.0,Standing Order / DCA,GTC,2025-07-24
ord_c9970551,FILLED,2025-07-24,,1.0,Standing Order / DCA,GTC,2025-07-25
ord_b089f24f,FILLED,2025-07-25,,1.0,Standing Order / DCA,GTC,2025-07-28
ord_16e3f151,FILLED,2025-07-28,,1.0,Standing Order / DCA,GTC,2025-07-29
ord_194e7c0e,FILLED,2025-07-29,,1.0,Standing Order / DCA,GTC,2025-07-30
ord_1e3f5163,FILLED,2025-07-30,,1.0,Standing Order / DCA,GTC,2025-07-31
ord_57130532,FILLED,2025-07-31,,1.0,Standing Order / DCA,GTC,2025-08-01
ord_9a5d333d,FILLED,2025-08-01,,1.0,Standing Order / DCA,GTC,2025-08-04
ord_33c593cd,FILLED,2025-08-04,,1.0,Standing Order / DCA,GTC,2025-08-05
ord_995fe318,FILLED,2025-08-05,,1.0,Standing Order / DCA,GTC,2025-08-06
ord_c379f1e7,FILLED,2025-08-06,,1.0,Standing Order / DCA,GTC,2025-08-07
ord_78fc2c05,FILLED,2025-08-07,,1.0,Standing Order / DCA,GTC,2025-08-08
ord_78d73beb,FILLED,2025-08-08,,1.0,Standing Order / DCA,GTC,2025-08-11
ord_d743f19d,FILLED,2025-08-11,,1.0,Standing Order / DCA,GTC,2025-08-12
ord_b04651aa,FILLED,2025-08-12,,1.0,Standing Order / DCA,GTC,2025-08-13
ord_0dacf147,FILLED,2025-08-13,,1.0,Standing Order / DCA,GTC,2025-08-14
ord_948b19fd,FILLED,2025-08-14,,1.0,Standing Order / DCA,GTC,2025-08-15
ord_8f2b8476,FILLED,2025-08-15,,1.0,Standing Order / DCA,GTC,2025-08-18
ord_ce4c3673,FILLED,2025-08-18,,1.0,Standing Order / DCA,GTC,2025-08-19
ord_8e45d7e6,FILLED,2025-08-19,,1.0,Standing Order / DCA,GTC,2025-08-20
ord_687af65b,FILLED,2025-08-20,,1.0,Standing Order / DCA,GTC,2025-08-21
ord_02a14c08,FILLED,2025-08-21,,1.0,Standing Order / DCA,GTC,2025-08-22
ord_242cc40b,FILLED,2025-08-22,,1.0,Standing Order / DCA,GTC,2025-08-25
ord_c4d23727,FILLED,2025-08-25,,1.0,Standing Order / DCA,GTC,2025-08-26
ord_86603935,FILLED,2025-08-26,,1.0,Standing Order / DCA,GTC,2025-08-27
ord_a0438eb1,FILLED,2025-08-27,,1.0,Standing Order / DCA,GTC,2025-08-28
ord_d4e63102,FILLED,2025-08-28,,1.0,Standing Order / DCA,GTC,2025-08-29
ord_9f034451,FILLED,2025-08-29,,1.0,Standing Order / DCA,GTC,2025-09-01
ord_9a469953,FILLED,2025-09-01,,1.0,Standing Order / DCA,GTC,2025-09-02
ord_57f81bba,FILLED,2025-09-02,,1.0,Standing Order / DCA,GTC,2025-09-03
ord_7a010eb5,FILLED,2025-09-03,,1.0,Standing Order / DCA,GTC,2025-09-04
ord_a0d3273e,FILLED,2025-09-04,,1.0,Standing Order / DCA,GTC,2025-09-05
ord_c71040f2,FILLED,2025-09-05,,1.0,Standing Order / DCA,GTC,2025-09-08
ord_4c787f5b,FILLED,2025-09-08,,1.0,Standing Order / DCA,GTC,2025-09-09
ord_c25bae45,FILLED,2025-09-09,,1.0,Standing Order / DCA,GTC,2025-09-10
ord_b04098d0,FILLED,2025-09-10,,1.0,Standing Order / DCA,GTC,2025-09-11
ord_254e398b,FILLED,2025-09-11,,1.0,Standing Order / DCA,GTC,2025-09-12
ord_3df3d126,FILLED,2025-09-12,,1.0,Standing Order / DCA,GTC,2025-09-15
ord_9d925e53,FILLED,2025-09-15,,1.0,Standing Order / DCA,GTC,2025-09-16
ord_f70b426a,FILLED,2025-09-16,,1.0,Standing Order / DCA,GTC,2025-09-17
ord_7bfe6242,FILLED,2025-09-17,,1.0,Standing Order / DCA,GTC,2025-09-18
ord_6ea154c7,FILLED,2025-09-18,,1.0,Standing Order / DCA,GTC,2025-09-19
ord_9de80e11,FILLED,2025-09-19,,1.0,Standing Order / DCA,GTC,2025-09-22
ord_47537585,FILLED,2025-09-22,,1.0,Standing Order / DCA,GTC,2025-09-23
ord_8d257f9e,FILLED,2025-09-23,,1.0,Standing Order / DCA,GTC,2025-09-24
ord_7472c262,FILLED,2025-09-24,,1.0,Standing Order / DCA,GTC,2025-09-25
ord_c1d7cfb3,FILLED,2025-09-25,,1.0,Standing Order / DCA,GTC,2025-09-26
ord_616a4c6c,FILLED,2025-09-26,,1.0,Standing Order / DCA,GTC,2025-09-29
ord_190edc01,FILLED,2025-09-29,,1.0,Standing Order / DCA,GTC,2025-09-30
ord_0bb2f00b,FILLED,2025-09-30,,1.0,Standing Order / DCA,GTC,2025-10-01
ord_35cdee42,FILLED,2025-10-01,,1.0,Standing Order / DCA,GTC,2025-10-02
ord_845ed855,FILLED,2025-10-02,,1.0,Standing Order / DCA,GTC,2025-10-03
ord_3760fa81,FILLED,2025-10-03,,1.0,Standing Order / DCA,GTC,2025-10-06
ord_8c3cdd84,FILLED,2025-10-06,,1.0,Standing Order / DCA,GTC,2025-10-07
ord_ca22d7cd,FILLED,2025-10-07,,1.0,Standing Order / DCA,GTC,2025-10-08
ord_cfed5967,FILLED,2025-10-08,,1.0,Standing Order / DCA,GTC,2025-10-09
ord_874ef8d5,FILLED,2025-10-09,,1.0,Standing Order / DCA,GTC,2025-10-10
ord_3fc574d5,FILLED,2025-10-10,,1.0,Standing Order / DCA,GTC,2025-10-13
ord_147d58a4,FILLED,2025-10-13,,1.0,Standing Order / DCA,GTC,2025-10-14
ord_ca82d12c,FILLED,2025-10-14,,1.0,Standing Order / DCA,GTC,2025-10-15
ord_de1b983b,FILLED,2025-10-15,,1.0,Standing Order / DCA,GTC,2025-10-16
ord_191d0ec6,FILLED,2025-10-16,,1.0,Standing Order / DCA,GTC,2025-10-17
ord_d918e901,FILLED,2025-10-17,,1.0,Standing Order / DCA,GTC,2025-10-20
ord_1fffcf4a,FILLED,2025-10-20,,1.0,Standing Order / DCA,GTC,2025-10-21
ord_4a9ca168,FILLED,2025-10-21,,1.0,Standing Order / DCA,GTC,2025-10-22
ord_c72f276a,FILLED,2025-10-22,,1.0,Standing Order / DCA,GTC,2025-10-23
ord_8084a013,FILLED,2025-10-23,,1.0,Standing Order / DCA,GTC,2025-10-24
ord_2d4519d1,FILLED,2025-10-24,,1.0,Standing Order / DCA,GTC,2025-10-27
ord_5a61fd46,FILLED,2025-10-27,,1.0,Standing Order / DCA,GTC,2025-10-28
ord_e41ac11a,FILLED,2025-10-28,,1.0,Standing Order / DCA,GTC,2025-10-29
ord_ff90d976,FILLED,2025-10-29,,1.0,Standing Order / DCA,GTC,2025-10-30
ord_36d8faeb,FILLED,2025-10-30,,1.0,Standing Order / DCA,GTC,2025-10-31
ord_09d3bfb3,FILLED,2025-10-31,,1.0,Standing Order / DCA,GTC,2025-11-03
ord_f27f4085,FILLED,2025-11-03,,1.0,Standing Order / DCA,GTC,2025-11-04
ord_dcef18f6,FILLED,2025-11-04,,1.0,Standing Order / DCA,GTC,2025-11-05
ord_c91b5615,FILLED,2025-11-05,,1.0,Standing Order / DCA,GTC,2025-11-06
ord_926e12f5,FILLED,2025-11-06,,1.0,Standing Order / DCA,GTC,2025-11-07
ord_bec8ce3e,FILLED,2025-11-07,,1.0,Standing Order / DCA,GTC,2025-11-10
ord_7098e3e2,FILLED,2025-11-10,,1.0,Standing Order / DCA,GTC,2025-11-11
ord_46db16a8,FILLED,2025-11-11,,1.0,Standing Order / DCA,GTC,2025-11-12
ord_5b846465,FILLED,2025-11-12,,1.0,Standing Order / DCA,GTC,2025-11-13
ord_39042f62,FILLED,2025-11-13,,1.0,Standing Order / DCA,GTC,2025-11-14
ord_28dca106,FILLED,2025-11-14,,1.0,Standing Order / DCA,GTC,2025-11-17
ord_3b707ea9,FILLED,2025-11-17,,1.0,Standing Order / DCA,GTC,2025-11-18
ord_1a4b94c7,FILLED,2025-11-18,,1.0,Standing Order / DCA,GTC,2025-11-19
ord_86610161,FILLED,2025-11-19,,1.0,Standing Order / DCA,GTC,2025-11-20
ord_6388ceeb,FILLED,2025-11-20,,1.0,Standing Order / DCA,GTC,2025-11-21
ord_8e8f9d94,FILLED,2025-11-21,,1.0,Standing Order / DCA,GTC,2025-11-24
ord_bdff7fd1,FILLED,2025-11-24,,1.0,Standing Order / DCA,GTC,2025-11-25
ord_5b08cc44,FILLED,2025-11-25,,1.0,Standing Order / DCA,GTC,2025-11-26
ord_fc31f977,FILLED,2025-11-26,,1.0,Standing Order / DCA,GTC,2025-11-27
ord_36f717a3,FILLED,2025-11-27,,1.0,Standing Order / DCA,GTC,2025-11-28
ord_15d71d77,FILLED,2025-11-28,,1.0,Standing Order / DCA,GTC,2025-12-01
ord_65e32fa1,FILLED,2025-12-01,,1.0,Standing Order / DCA,GTC,2025-12-02
ord_1f59184a,FILLED,2025-12-02,,1.0,Standing Order / DCA,GTC,2025-12-03
ord_8cee2362,FILLED,2025-12-03,,1.0,Standing Order / DCA,GTC,2025-12-04
ord_5ec08bad,FILLED,2025-12-04,,1.0,Standing Order / DCA,GTC,2025-12-05
ord_87481048,FILLED,2025-12-05,,1.0,Standing Order / DCA,GTC,2025-12-08
ord_95562d96,FILLED,2025-12-08,,1.0,Standing Order / DCA,GTC,2025-12-09
ord_c3020ac2,FILLED,2025-12-09,,1.0,Standing Order / DCA,GTC,2025-12-10
ord_e1e6d15c,FILLED,2025-12-10,,1.0,Standing Order / DCA,GTC,2025-12-11
ord_31af96bd,FILLED,2025-12-11,,1.0,Standing Order / DCA,GTC,2025-12-12
ord_cfc3af73,FILLED,2025-12-12,,1.0,Standing Order / DCA,GTC,2025-12-15
ord_60fab07e,FILLED,2025-12-15,,1.0,Standing Order / DCA,GTC,2025-12-16
ord_5a77d58e,FILLED,2025-12-16,,1.0,Standing Order / DCA,GTC,2025-12-17
ord_ce0bf4c9,FILLED,2025-12-17,,1.0,Standing Order / DCA,GTC,2025-12-18
ord_777cf843,FILLED,2025-12-18,,1.0,Standing Order / DCA,GTC,2025-12-19
ord_820fc5ff,FILLED,2025-12-19,,1.0,Standing Order / DCA,GTC,2025-12-22
ord_23e28748,FILLED,2025-12-22,,1.0,Standing Order / DCA,GTC,2025-12-23
ord_45869c22,FILLED,2025-12-23,,1.0,Standing Order / DCA,GTC,2025-12-24
ord_916cb1be,FILLED,2025-12-24,,1.0,Standing Order / DCA,GTC,2025-12-25
ord_db601b26,FILLED,2025-12-25,,1.0,Standing Order / DCA,GTC,2025-12-26
ord_2b854f5a,FILLED,2025-12-26,,1.0,Standing Order / DCA,GTC,2025-12-29
ord_1d6e4321,FILLED,2025-12-29,,1.0,Standing Order / DCA,GTC,2025-12-30
ord_b2bc308d,FILLED,2025-12-30,,1.0,Standing Order / DCA,GTC,2025-12-31
ord_3d04c5b4,FILLED,2025-12-31,,1.0,Standing Order / DCA,GTC,2026-01-01
ord_4884f9cc,FILLED,2026-01-01,,1.0,Standing Order / DCA,GTC,2026-01-02
ord_f07c6c90,FILLED,2026-01-02,,1.0,Standing Order / DCA,GTC,2026-01-05
ord_62aab5f6,FILLED,2026-01-05,,1.0,Standing Order / DCA,GTC,2026-01-06
ord_da8a4e87,FILLED,2026-01-06,,1.0,Standing Order / DCA,GTC,2026-01-07
ord_94b6c4e0,FILLED,2026-01-07,,1.0,Standing Order / DCA,GTC,2026-01-08
ord_449471fd,FILLED,2026-01-08,,1.0,Standing Order / DCA,GTC,2026-01-09
ord_43b17ddf,FILLED,2026-01-09,,1.0,Standing Order / DCA,GTC,2026-01-12
ord_ef9e04a9,FILLED,2026-01-12,,1.0,Standing Order / DCA,GTC,2026-01-13
ord_e5460932,FILLED,2026-01-13,,1.0,Standing Order / DCA,GTC,2026-01-14
ord_307403c4,FILLED,2026-01-14,,1.0,Standing Order / DCA,GTC,2026-01-15
ord_a6f985d7,FILLED,2026-01-15,,1.0,Standing Order / DCA,GTC,2026-01-16
ord_65cd664c,FILLED,2026-01-16,,1.0,Standing Order / DCA,GTC,2026-01-19
ord_6c64bd37,FILLED,2026-01-19,,1.0,Standing Order / DCA,GTC,2026-01-20
ord_38e07152,FILLED,2026-01-20,,1.0,Standing Order / DCA,GTC,2026-01-21
ord_8fa7f890,FILLED,2026-01-21,,1.0,Standing Order / DCA,GTC,2026-01-22
ord_3fac33ec,FILLED,2026-01-22,,1.0,Standing Order / DCA,GTC,2026-01-23
ord_68393b61,FILLED,2026-01-23,,1.0,Standing Order / DCA,GTC,2026-01-26
ord_b74a3a5c,FILLED,2026-01-26,,1.0,Standing Order / DCA,GTC,2026-01-27
ord_505b0ac2,FILLED,2026-01-27,,1.0,Standing Order / DCA,GTC,2026-01-28
ord_04fc574a,FILLED,2026-01-28,,1.0,Standing Order / DCA,GTC,2026-01-29
ord_fe8ddaa9,FILLED,2026-01-29,,1.0,Standing Order / DCA,GTC,2026-01-30
ord_5076e6f6,FILLED,2026-01-30,,1.0,Standing Order / DCA,GTC,2026-02-02
ord_00228b82,FILLED,2026-02-02,,1.0,Standing Order / DCA,GTC,2026-02-03
ord_3ac6dcf4,FILLED,2026-02-03,,1.0,Standing Order / DCA,GTC,2026-02-04
ord_7ba51ee0,FILLED,2026-02-04,,1.0,Standing Order / DCA,GTC,2026-02-05
ord_79efe83b,FILLED,2026-02-05,,1.0,Standing Order / DCA,GTC,2026-02-06
ord_9d254c57,FILLED,2026-02-06,,1.0,Standing Order / DCA,GTC,2026-02-09
ord_6cb316c5,FILLED,2026-02-09,,1.0,Standing Order / DCA,GTC,2026-02-10
ord_f698fea6,FILLED,2026-02-10,,1.0,Standing Order / DCA,GTC,2026-02-11
ord_fe72258a,FILLED,2026-02-11,,1.0,Standing Order / DCA,GTC,2026-02-12
ord_6af0b49f,FILLED,2026-02-12,,1.0,Standing Order / DCA,GTC,2026-02-13
ord_c06bd9eb,FILLED,2026-02-13,,1.0,Standing Order / DCA,GTC,2026-02-16
ord_8137cdd2,FILLED,2026-02-16,,1.0,Standing Order / DCA,GTC,2026-02-17
ord_ff82cf39,FILLED,2026-02-17,,1.0,Standing Order / DCA,GTC,2026-02-18
ord_31afcab8,FILLED,2026-02-18,,1.0,Standing Order / DCA,GTC,2026-02-19
ord_2aaf9c49,FILLED,2026-02-19,,1.0,Standing Order / DCA,GTC,2026-02-20
ord_18ee0b51,FILLED,2026-02-20,,1.0,Standing Order / DCA,GTC,2026-02-23
ord_493e1f30,FILLED,2026-02-23,,1.0,Standing Order / DCA,GTC,2026-02-24
ord_b05bd4a0,FILLED,2026-02-24,,1.0,Standing Order / DCA,GTC,2026-02-25
ord_20d8e0b3,FILLED,2026-02-25,,1.0,Standing Order / DCA,GTC,2026-02-26
ord_40e22214,FILLED,2026-02-26,,1.0,Standing Order / DCA,GTC,2026-02-27
ord_71fb492e,FILLED,2026-02-27,,1.0,Standing Order / DCA,GTC,2026-03-02
ord_480c9b68,FILLED,2026-03-02,,1.0,Standing Order / DCA,GTC,2026-03-03
ord_08c92ab0,FILLED,2026-03-03,,1.0,Standing Order / DCA,GTC,2026-03-04
ord_e45cfcd6,FILLED,2026-03-04,,1.0,Standing Order / DCA,GTC,2026-03-05
ord_175cb3a8,FILLED,2026-03-05,,1.0,Standing Order / DCA,GTC,2026-03-06
ord_79816f86,FILLED,2026-03-06,,1.0,Standing Order / DCA,GTC,2026-03-09
ord_9518b2e6,FILLED,2026-03-09,,1.0,Standing Order / DCA,GTC,2026-03-10
ord_fd05ee2c,FILLED,2026-03-10,,1.0,Standing Order / DCA,GTC,2026-03-11
ord_b90b1982,FILLED,2026-03-11,,1.0,Standing Order / DCA,GTC,2026-03-12
ord_a2014b2e,FILLED,2026-03-12,,1.0,Standing Order / DCA,GTC,2026-03-13
ord_6bc4f75f,FILLED,2026-03-13,,1.0,Standing Order / DCA,GTC,2026-03-16
ord_5a83cf1c,FILLED,2026-03-16,,1.0,Standing Order / DCA,GTC,2026-03-17
ord_c014cf78,FILLED,2026-03-17,,1.0,Standing Order / DCA,GTC,2026-03-18
ord_f15ba6ec,FILLED,2026-03-18,,1.0,Standing Order / DCA,GTC,2026-03-19
ord_0630ba56,FILLED,2026-03-19,,1.0,Standing Order / DCA,GTC,2026-03-20
ord_5ab38bcf,FILLED,2026-03-20,,1.0,Standing Order / DCA,GTC,2026-03-23
ord_a871e5ce,FILLED,2026-03-23,,1.0,Standing Order / DCA,GTC,2026-03-24
ord_28f7e78a,FILLED,2026-03-24,,1.0,Standing Order / DCA,GTC,2026-03-25
ord_239e4086,FILLED,2026-03-25,,1.0,Standing Order / DCA,GTC,2026-03-26
ord_a58cb34b,FILLED,2026-03-26,,1.0,Standing Order / DCA,GTC,2026-03-27
ord_59a78924,FILLED,2026-03-27,,1.0,Standing Order / DCA,GTC,2026-03-30
ord_2a0fb567,FILLED,2026-03-30,,1.0,Standing Order / DCA,GTC,2026-03-31
ord_b48658e0,FILLED,2026-03-31,,1.0,Standing Order / DCA,GTC,2026-04-01
ord_5aedb0ed,FILLED,2026-04-01,,1.0,Standing Order / DCA,GTC,2026-04-02
ord_6fa9de7b,FILLED,2026-04-02,,1.0,Standing Order / DCA,GTC,2026-04-03
ord_0f3e96c8,FILLED,2026-04-03,,1.0,Standing Order / DCA,GTC,2026-04-06
ord_ee3752be,FILLED,2026-04-06,,1.0,Standing Order / DCA,GTC,2026-04-07
ord_d460846e,FILLED,2026-04-07,,1.0,Standing Order / DCA,GTC,2026-04-08
ord_6eb92830,FILLED,2026-04-08,,1.0,Standing Order / DCA,GTC,2026-04-09
ord_8facfcfe,FILLED,2026-04-09,,1.0,Standing Order / DCA,GTC,2026-04-10
ord_677f0cd8,FILLED,2026-04-10,,1.0,Standing Order / DCA,GTC,2026-04-13
ord_da1ee0d7,FILLED,2026-04-13,,1.0,Standing Order / DCA,GTC,2026-04-14
ord_aa9728bc,FILLED,2026-04-14,,1.0,Standing Order / DCA,GTC,2026-04-15
ord_51eee7d2,FILLED,2026-04-15,,1.0,Standing Order / DCA,GTC,2026-04-16
ord_1043bd44,FILLED,2026-04-16,,1.0,Standing Order / DCA,GTC,2026-04-17
ord_0b464f94,FILLED,2026-04-17,,1.0,Standing Order / DCA,GTC,2026-04-20
ord_98b904c0,FILLED,2026-04-20,,1.0,Standing Order / DCA,GTC,2026-04-21
ord_968cb754,FILLED,2026-04-21,,1.0,Standing Order / DCA,GTC,2026-04-22
ord_2eaee6d0,FILLED,2026-04-22,,1.0,Standing Order / DCA,GTC,2026-04-23
ord_db1d4fed,FILLED,2026-04-23,,1.0,Standing Order / DCA,GTC,2026-04-24
ord_3ee420cf,FILLED,2026-04-24,,1.0,Standing Order / DCA,GTC,2026-04-27
ord_0ee70327,FILLED,2026-04-27,,1.0,Standing Order / DCA,GTC,2026-04-28
ord_388b204b,FILLED,2026-04-28,,1.0,Standing Order / DCA,GTC,2026-04-29
ord_136e985c,FILLED,2026-04-29,,1.0,Standing Order / DCA,GTC,2026-04-30
ord_0ba3e677,FILLED,2026-04-30,,1.0,Standing Order / DCA,GTC,2026-05-01
ord_8c2d4f0f,FILLED,2026-05-01,,1.0,Standing Order / DCA,GTC,2026-05-04
ord_2ebc93d3,FILLED,2026-05-04,,1.0,Standing Order / DCA,GTC,2026-05-05
ord_9d918543,FILLED,2026-05-05,,1.0,Standing Order / DCA,GTC,2026-05-06
ord_5af6976f,FILLED,2026-05-06,,1.0,Standing Order / DCA,GTC,2026-05-07
ord_89b36c97,FILLED,2026-05-07,,1.0,Standing Order / DCA,GTC,2026-05-08
ord_c89194c2,FILLED,2026-05-08,,1.0,Standing Order / DCA,GTC,2026-05-11
ord_b6defd9a,FILLED,2026-05-11,,1.0,Standing Order / DCA,GTC,2026-05-12
ord_6b3ae800,FILLED,2026-05-12,,1.0,Standing Order / DCA,GTC,2026-05-13
ord_d1e209fd,FILLED,2026-05-13,,1.0,Standing Order / DCA,GTC,2026-05-14
ord_5399d925,FILLED,2026-05-14,,1.0,Standing Order / DCA,GTC,2026-05-15
ord_b6ba001b,FILLED,2026-05-15,,1.0,Standing Order / DCA,GTC,2026-05-18
ord_dbe27311,FILLED,2026-05-18,,1.0,Standing Order / DCA,GTC,2026-05-19
ord_449816ae,FILLED,2026-05-19,,1.0,Standing Order / DCA,GTC,2026-05-20
ord_2a31ea99,FILLED,2026-05-20,,1.0,Standing Order / DCA,GTC,2026-05-21
ord_b5c62320,FILLED,2026-05-21,,1.0,Standing Order / DCA,GTC,2026-05-22
ord_11bf3a5a,FILLED,2026-05-22,,1.0,Standing Order / DCA,GTC,2026-05-25
ord_cf9fd45c,FILLED,2026-05-25,,1.0,Standing Order / DCA,GTC,2026-05-26
ord_f581ea14,FILLED,2026-05-26,,1.0,Standing Order / DCA,GTC,2026-05-27
ord_f5d7ff26,FILLED,2026-05-27,,1.0,Standing Order / DCA,GTC,2026-05-28
ord_b5b0065b,FILLED,2026-05-28,,1.0,Standing Order / DCA,GTC,2026-05-29
ord_7414151f,FILLED,2026-05-29,,1.0,Standing Order / DCA,GTC,2026-06-01
ord_2fbaf2c9,FILLED,2026-06-01,,1.0,Standing Order / DCA,GTC,2026-06-02
ord_d7a609ec,FILLED,2026-06-02,,1.0,Standing Order / DCA,GTC,2026-06-03
ord_f348526a,FILLED,2026-06-03,,1.0,Standing Order / DCA,GTC,2026-06-04
ord_c0eade3b,FILLED,2026-06-04,,1.0,Standing Order / DCA,GTC,2026-06-05
ord_480c625c,FILLED,2026-06-05,,1.0,Standing Order / DCA,GTC,2026-06-08
ord_4bd137af,FILLED,2026-06-08,,1.0,Standing Order / DCA,GTC,2026-06-09
ord_7bab00f9,FILLED,2026-06-09,,1.0,Standing Order / DCA,GTC,2026-06-10
ord_4827955c,FILLED,2026-06-10,,1.0,Standing Order / DCA,GTC,2026-06-11
ord_8ed25ee7,FILLED,2026-06-11,,1.0,Standing Order / DCA,GTC,2026-06-12
ord_cb6fc1f1,FILLED,2026-06-12,,1.0,Standing Order / DCA,GTC,2026-06-15
ord_9238b339,FILLED,2026-06-15,,1.0,Standing Order / DCA,GTC,2026-06-16
ord_3957f519,FILLED,2026-06-16,,1.0,Standing Order / DCA,GTC,2026-06-17
ord_e15a6617,FILLED,2026-06-17,,1.0,Standing Order / DCA,GTC,2026-06-18
ord_759e05e6,FILLED,2026-06-18,,1.0,Standing Order / DCA,GTC,2026-06-19
ord_4766aa1d,FILLED,2026-06-19,,1.0,Standing Order / DCA,GTC,2026-06-22
ord_d1fdf5ef,FILLED,2026-06-22,,1.0,Standing Order / DCA,GTC,2026-06-23
ord_b3f19080,FILLED,2026-06-23,,1.0,Standing Order / DCA,GTC,2026-06-24
ord_3a5f5958,FILLED,2026-06-24,,1.0,Standing Order / DCA,GTC,2026-06-25
ord_6eeae79a,FILLED,2026-06-25,,1.0,Standing Order / DCA,GTC,2026-06-26
ord_566acfa0,FILLED,2026-06-26,,1.0,Standing Order / DCA,GTC,2026-06-29
ord_45e8fc0c,FILLED,2026-06-29,,1.0,Standing Order / DCA,GTC,2026-06-30
ord_e8afd3d3,FILLED,2026-06-30,,1.0,Standing Order / DCA,GTC,2026-07-01
ord_0797e640,FILLED,2026-07-01,,1.0,Standing Order / DCA,GTC,2026-07-02
ord_8712177a,FILLED,2026-07-02,,1.0,Standing Order / DCA,GTC,2026-07-03
ord_bd7d1252,FILLED,2026-07-03,,1.0,Standing Order / DCA,GTC,2026-07-06
ord_a3e5beea,FILLED,2026-07-06,,1.0,Standing Order / DCA,GTC,2026-07-07
ord_4c38db1b,FILLED,2026-07-07,,1.0,Standing Order / DCA,GTC,2026-07-08
ord_9bbfb15b,FILLED,2026-07-08,,1.0,Standing Order / DCA,GTC,2026-07-09
ord_dfd0cd2d,FILLED,2026-07-09,,1.0,Standing Order / DCA,GTC,2026-07-10
ord_f90362e9,FILLED,2026-07-10,,1.0,Standing Order / DCA,GTC,2026-07-13
ord_bda60fb7,FILLED,2026-07-13,,1.0,Standing Order / DCA,GTC,2026-07-14
ord_4080318e,FILLED,2026-07-14,,1.0,Standing Order / DCA,GTC,2026-07-15
ord_2439bff5,FILLED,2026-07-15,,1.0,Standing Order / DCA,GTC,2026-07-16
ord_2546a315,FILLED,2026-07-16,,1.0,Standing Order / DCA,GTC,2026-07-17
ord_d9cc438d,FILLED,2026-07-17,,1.0,Standing Order / DCA,GTC,2026-07-20
ord_982720b1,FILLED,2026-07-20,,1.0,Standing Order / DCA,GTC,2026-07-21
ord_8df94f60,FILLED,2026-07-21,,1.0,Standing Order / DCA,GTC,2026-07-22
ord_0846f5df,FILLED,2026-07-22,,1.0,Standing Order / DCA,GTC,2026-07-23
ord_34519f7a,FILLED,2026-07-23,,1.0,Standing Order / DCA,GTC,2026-07-24
ord_7ddaef4a,FILLED,2026-07-24,,1.0,Standing Order / DCA,GTC,2026-07-27
ord_a2cc51e6,FILLED,2026-07-27,,1.0,Standing Order / DCA,GTC,2026-07-28
ord_2891de58,FILLED,2026-07-28,,1.0,Standing Order / DCA,GTC,2026-07-29
ord_ae0cea3c,FILLED,2026-07-29,,1.0,Standing Order / DCA,GTC,2026-07-30
ord_9a9df349,FILLED,2026-07-30,,1.0,Standing Order / DCA,GTC,2026-07-31
ord_1a777c68,FILLED,2026-07-31,,1.0,Standing Order / DCA,GTC,2026-08-03
ord_3dabe8c0,FILLED,2026-08-03,,1.0,Standing Order / DCA,GTC,2026-08-04
ord_c35eafed,FILLED,2026-08-04,,1.0,Standing Order / DCA,GTC,2026-08-05
ord_65739a0d,FILLED,2026-08-05,,1.0,Standing Order / DCA,GTC,2026-08-06
ord_12ede156,FILLED,2026-08-06,,1.0,Standing Order / DCA,GTC,2026-08-07
ord_a0be8b79,FILLED,2026-08-07,,1.0,Standing Order / DCA,GTC,2026-08-10
ord_d3475f35,FILLED,2026-08-10,,1.0,Standing Order / DCA,GTC,2026-08-11
ord_e6448531,FILLED,2026-08-11,,1.0,Standing Order / DCA,GTC,2026-08-12
ord_bd596672,FILLED,2026-08-12,,1.0,Standing Order / DCA,GTC,2026-08-13
ord_e9ba4120,FILLED,2026-08-13,,1.0,Standing Order / DCA,GTC,2026-08-14
ord_d4d30a1e,FILLED,2026-08-14,,1.0,Standing Order / DCA,GTC,2026-08-17
ord_17a94b2b,FILLED,2026-08-17,,1.0,Standing Order / DCA,GTC,2026-08-18
ord_5bdad0b3,FILLED,2026-08-18,,1.0,Standing Order / DCA,GTC,2026-08-19
ord_b1e70fae,FILLED,2026-08-19,,1.0,Standing Order / DCA,GTC,2026-08-20
ord_35545a7a,FILLED,2026-08-20,,1.0,Standing Order / DCA,GTC,2026-08-21
ord_f1272b80,FILLED,2026-08-21,,1.0,Standing Order / DCA,GTC,2026-08-24
ord_f9824cf9,FILLED,2026-08-24,,1.0,Standing Order / DCA,GTC,2026-08-25
ord_a8aa6554,FILLED,2026-08-25,,1.0,Standing Order / DCA,GTC,2026-08-26
ord_8873e820,FILLED,2026-08-26,,1.0,Standing Order / DCA,GTC,2026-08-27
ord_7644f43b,FILLED,2026-08-27,,1.0,Standing Order / DCA,GTC,2026-08-28
ord_282a0121,FILLED,2026-08-28,,1.0,Standing Order / DCA,GTC,2026-08-31
ord_a0141489,FILLED,2026-08-31,,1.0,Standing Order / DCA,GTC,2026-09-01
ord_567e3945,FILLED,2026-09-01,,1.0,Standing Order / DCA,GTC,2026-09-02
ord_f7a6bb42,FILLED,2026-09-02,,1.0,Standing Order / DCA,GTC,2026-09-03
ord_de5118a2,FILLED,2026-09-03,,1.0,Standing Order / DCA,GTC,2026-09-04
ord_c9769924,FILLED,2026-09-04,,1.0,Standing Order / DCA,GTC,2026-09-07
ord_a517f3c3,FILLED,2026-09-07,,1.0,Standing Order / DCA,GTC,2026-09-08
ord_8770423a,FILLED,2026-09-08,,1.0,Standing Order / DCA,GTC,2026-09-09
ord_61bc6146,FILLED,2026-09-09,,1.0,Standing Order / DCA,GTC,2026-09-10
ord_b79afd9a,FILLED,2026-09-10,,1.0,Standing Order / DCA,GTC,2026-09-11
ord_2489ae43,FILLED,2026-09-11,,1.0,Standing Order / DCA,GTC,2026-09-14
ord_2b1620b9,FILLED,2026-09-14,,1.0,Standing Order / DCA,GTC,2026-09-15
ord_f735d65d,FILLED,2026-09-15,,1.0,Standing Order / DCA,GTC,2026-09-16
ord_5ddad29f,FILLED,2026-09-16,,1.0,Standing Order / DCA,GTC,2026-09-17
ord_7b6fd720,FILLED,2026-09-17,,1.0,Standing Order / DCA,GTC,2026-09-18
ord_3c96a162,FILLED,2026-09-18,,1.0,Standing Order / DCA,GTC,2026-09-21
ord_b0994e85,PENDING,2026-09-21,,1.0,Standing Order / DCA,GTC,
ord_b0994e85,PENDING,2026-09-21,,1.0,Standing Order / DCA,GTC,
ord_b0994e85,PENDING,2026-09-21,,1.0,Standing Order / DCA,GTC,
