date,ADBE,CDNS,CRM,CRWD,DDOG,FTNT,INTU,MSFT,NOW,ORCL,PANW,PLTR,SNOW,SNPS,WDAY
2010-01-04,37.09000015258789,6.119999885559082,18.38689613342285,,,1.7999999523162842,26.940757751464844,22.984241485595703,,19.878217697143555,,,,22.440000534057617,
2010-01-05,37.70000076293945,6.059999942779541,18.308258056640625,,,1.8389999866485596,26.940757751464844,22.991657257080078,,19.854209899902344,,,,22.25,
2010-01-06,37.619998931884766,6.130000114440918,18.276309967041016,,,1.940999984741211,26.564756393432617,22.850566864013672,,19.566232681274414,,,,22.209999084472656,
2010-01-07,36.88999938964844,6.25,18.195215225219727,,,1.9450000524520874,26.47732162475586,22.6129207611084,,19.502254486083984,,,,22.149999618530273,
2010-01-08,36.689998626708984,6.340000152587891,18.222246170043945,,,2.010999917984009,27.176849365234375,22.768878936767578,,19.742216110229492,,,,22.309999465942383,
2010-01-11,36.209999084472656,6.340000152587891,18.09937286376953,,,2.005000114440918,27.29926300048828,22.4792537689209,,19.75021743774414,,,,22.1200008392334,
2010-01-12,35.65999984741211,6.199999809265137,16.78215789794922,,,1.9789999723434448,27.29926300048828,22.330726623535156,,19.64622688293457,,,,21.799999237060547,
2010-01-13,36.279998779296875,6.389999866485596,16.833765029907227,,,1.944000005722046,27.61404800415039,22.538660049438477,,19.83821678161621,,,,22.010000228881836,
2010-01-14,35.900001525878906,6.320000171661377,17.00333595275879,,,1.9900000095367432,27.7889404296875,22.991657257080078,,20.311126708984375,,,,22.190000534057617,
2010-01-15,35.869998931884766,6.21999979019165,16.86571502685547,,,1.9630000591278076,27.50912094116211,22.91739845275879,,20.230966567993164,,,,21.969999313354492,
2010-01-19,36.95000076293945,6.21999979019165,17.079511642456055,,,1.9800000190734863,27.745222091674805,23.09562873840332,,20.30310821533203,,,,21.979999542236328,
2010-01-20,36.4900016784668,6.179999828338623,16.846054077148438,,,1.906000018119812,27.29926300048828,22.716896057128906,,20.086688995361328,,,,21.979999542236328,
2010-01-21,35.81999969482422,6.119999885559082,16.435651779174805,,,1.8389999866485596,26.966983795166016,22.286182403564453,,19.9023380279541,,,,22.219999313354492,
2010-01-22,34.380001068115234,5.96999979019165,15.860603332519531,,,1.7879999876022339,26.319917678833008,21.506410598754883,,19.357290267944336,,,,21.889999389648438,
2010-01-25,34.15999984741211,5.949999809265137,15.759845733642578,,,1.8009999990463257,26.547269821166992,21.773759841918945,,19.261098861694336,,,,21.739999771118164,
2010-01-26,33.939998626708984,5.929999828338623,16.074405670166016,,,1.8309999704360962,26.258708953857422,21.907428741455078,,19.140878677368164,,,,21.459999084472656,
2010-01-27,33.13999938964844,5.989999771118164,16.071945190429688,,,1.8650000095367432,26.241220474243164,22.033676147460938,,19.124834060668945,,,,21.530000686645508,
2010-01-28,32.88999938964844,5.840000152587891,15.767221450805664,,,1.7799999713897705,25.935178756713867,21.654949188232422,,18.812240600585938,,,,21.139999389648438,
2010-01-29,32.29999923706055,5.809999942779541,15.617311477661133,,,1.7230000495910645,25.891450881958008,20.927165985107422,,18.483598709106445,,,,21.270000457763672,
2010-02-01,32.47999954223633,5.909999847412109,16.01788330078125,,,1.7450000047683716,26.153778076171875,21.097963333129883,,18.61185073852539,,,,21.360000610351562,
2010-02-02,32.97999954223633,6.090000152587891,15.988391876220703,,,1.7130000591278076,26.19750213623047,21.135103225708008,,19.044689178466797,,,,21.34000015258789,
2010-02-03,32.97999954223633,6.079999923706055,16.126012802124023,,,1.6440000534057617,26.223735809326172,21.261348724365234,,19.036664962768555,,,,21.399999618530273,
2010-02-04,32.2400016784668,5.769999980926514,15.34207534790039,,,1.5700000524520874,25.585403442382812,20.674673080444336,,18.5236759185791,,,,21.049999237060547,
2010-02-05,32.77000045776367,5.730000019073486,15.256063461303711,,,1.569000005722046,25.74280548095703,20.80834197998047,,18.876361846923828,,,,21.170000076293945,
2010-02-08,32.04999923706055,5.599999904632568,15.265892028808594,,,1.590000033378601,25.672853469848633,20.585559844970703,,18.53169822692871,,,,20.950000762939453,
2010-02-09,32.310001373291016,5.449999809265137,15.890094757080078,,,1.659000039100647,25.629135131835938,20.800920486450195,,18.84429931640625,,,,21.059999465942383,
2010-02-10,32.7599983215332,5.539999961853027,15.907297134399414,,,1.6859999895095825,25.699077606201172,20.78606605529785,,18.5236759185791,,,,21.139999389648438,
2010-02-11,32.63999938964844,5.639999866485596,16.209571838378906,,,1.6670000553131104,25.88271141052246,20.882606506347656,,18.716045379638672,,,,21.06999969482422,
2010-02-12,31.450000762939453,5.659999847412109,15.995763778686523,,,1.6519999504089355,25.699077606201172,20.741506576538086,,18.76414680480957,,,,21.510000228881836,
2010-02-16,31.809999465942383,5.650000095367432,16.26854705810547,,,1.6510000228881836,26.048852920532227,21.15186309814453,,19.084768295288086,,,,21.209999084472656,
2010-02-17,32.33000183105469,5.769999980926514,16.411081314086914,,,1.6920000314712524,26.153778076171875,21.330930709838867,,19.381332397460938,,,,22.100000381469727,
2010-02-18,33.2400016784668,5.820000171661377,16.821483612060547,,,1.7330000400543213,26.512298583984375,21.614439010620117,,19.65385627746582,,,,21.790000915527344,
2010-02-19,33.880001068115234,5.800000190734863,16.936979293823242,,,1.7330000400543213,28.61088752746582,21.46522331237793,,19.493553161621094,,,,21.350000381469727,
2010-02-22,33.70000076293945,5.699999809265137,16.96647071838379,,,1.6970000267028809,28.296104431152344,21.435375213623047,,19.88630485534668,,,,22.040000915527344,
2010-02-23,33.439998626708984,5.659999847412109,16.76987075805664,,,1.6679999828338623,27.867631912231445,21.13694190979004,,19.62179183959961,,,,21.899999618530273,
2010-02-24,34.54999923706055,5.760000228881836,17.064769744873047,,,1.656999945640564,28.21739959716797,21.36077308654785,,19.85424041748047,,,,22.040000915527344,
2010-02-25,34.560001373291016,5.739999771118164,16.713348388671875,,,1.6759999990463257,28.383535385131836,21.338390350341797,,19.934391021728516,,,,22.020000457763672,
2010-02-26,34.650001525878906,5.699999809265137,16.698604583740234,,,1.718000054359436,28.296104431152344,21.390613555908203,,19.7580623626709,,,,21.899999618530273,
2010-03-01,34.88999938964844,5.760000228881836,17.423566818237305,,,1.7990000247955322,28.768287658691406,21.651756286621094,,19.830198287963867,,,,22.079999923706055,
2010-03-02,34.7400016784668,5.949999809265137,17.654565811157227,,,1.746000051498413,28.96940040588379,21.233938217163086,,19.701948165893555,,,,22.209999084472656,
2010-03-03,34.81999969482422,6.010000228881836,17.34246826171875,,,1.7089999914169312,29.039356231689453,21.233938217163086,,19.63783073425293,,,,22.190000534057617,
2010-03-04,34.939998626708984,6.179999828338623,17.421104431152344,,,1.687000036239624,29.231725692749023,21.36077308654785,,19.846229553222656,,,,22.270000457763672,
2010-03-05,35.15999984741211,6.21999979019165,17.762699127197266,,,1.7050000429153442,29.651451110839844,21.330930709838867,,19.99852752685547,,,,22.440000534057617,
2010-03-08,35.060001373291016,6.25,17.92734718322754,,,1.7239999771118164,29.712646484375,21.36077308654785,,19.798133850097656,,,,22.459999084472656,
2010-03-09,35.119998931884766,6.300000190734863,18.10674476623535,,,1.7009999752044678,29.686420440673828,21.48760986328125,,19.942419052124023,,,,22.540000915527344,
2010-03-10,35.150001525878906,6.400000095367432,18.47782325744629,,,1.6660000085830688,30.14111328125,21.614439010620117,,19.934391021728516,,,,22.75,
2010-03-11,35.220001220703125,6.360000133514404,18.534347534179688,,,1.6369999647140503,30.202322006225586,21.771121978759766,,20.150821685791016,,,,22.649999618530273,
2010-03-12,35.15999984741211,6.360000133514404,18.605613708496094,,,1.6339999437332153,30.263534545898438,21.838272094726562,,20.078683853149414,,,,22.75,
2010-03-15,35.4900016784668,6.320000171661377,18.578582763671875,,,1.6330000162124634,30.289764404296875,21.853200912475586,,20.26303482055664,,,,22.649999618530273,
2010-03-16,35.02000045776367,6.320000171661377,18.84644889831543,,,1.6480000019073486,30.289764404296875,21.912887573242188,,20.206920623779297,,,,22.6200008392334,
2010-03-17,35.4900016784668,6.5,18.858732223510742,,,1.694000005722046,30.193586349487305,22.106870651245117,,20.415327072143555,,,,22.65999984741211,
2010-03-18,35.75,6.679999828338623,18.900510787963867,,,1.718000054359436,30.298505783081055,22.091951370239258,,20.343185424804688,,,,22.770000457763672,
2010-03-19,34.66999816894531,6.869999885559082,18.68179702758789,,,1.7100000381469727,30.263534545898438,22.077024459838867,,20.190889358520508,,,,22.540000915527344,
2010-03-22,34.95000076293945,6.71999979019165,19.047958374023438,,,1.7130000591278076,30.517127990722656,22.084491729736328,,20.487462997436523,,,,22.799999237060547,
2010-03-23,35.220001220703125,6.71999979019165,18.94720458984375,,,1.7339999675750732,30.254779815673828,22.293394088745117,,20.83213233947754,,,,22.780000686645508,
2010-03-24,36.5099983215332,6.730000019073486,18.716203689575195,,,1.7209999561309814,30.377235412597656,22.121793746948242,,20.647769927978516,,,,22.809999465942383,
2010-03-25,35.869998931884766,6.639999866485596,18.669509887695312,,,1.7200000286102295,30.07991600036621,22.39038848876953,,20.872211456298828,,,,22.549999237060547,
2010-03-26,35.5099983215332,6.619999885559082,18.41884422302246,,,1.7050000429153442,29.940000534057617,22.129247665405273,,20.591663360595703,,,,22.5,
2010-03-29,35.7400016784668,6.679999828338623,18.374610900878906,,,1.7400000095367432,30.009950637817383,22.077024459838867,,20.495479583740234,,,,22.440000534057617,
2010-03-30,35.68000030517578,6.650000095367432,18.53188705444336,,,1.7660000324249268,30.04492950439453,22.21132469177246,,20.47142791748047,,,,22.469999313354492,
2010-03-31,35.369998931884766,6.670000076293945,18.29596710205078,,,1.7580000162124634,30.009950637817383,21.853200912475586,,20.607696533203125,,,,22.3700008392334,
2010-04-01,35.7400016784668,6.769999980926514,18.5638370513916,,,1.7690000534057617,30.176090240478516,21.75620460510254,,20.40731430053711,,,,22.549999237060547,
2010-04-05,35.9900016784668,7.03000020980835,18.885766983032227,,,1.7309999465942383,30.49962615966797,21.838272094726562,,20.503490447998047,,,,23.010000228881836,
2010-04-06,35.70000076293945,6.760000228881836,19.37234878540039,,,1.7209999561309814,30.57832908630371,21.875574111938477,,20.703887939453125,,,,22.90999984741211,
2010-04-07,35.060001373291016,6.820000171661377,18.966867446899414,,,1.7319999933242798,30.237308502197266,21.897964477539062,,20.768009185791016,,,,22.729999542236328,
2010-04-08,34.939998626708984,6.800000190734863,19.156091690063477,,,1.7009999752044678,30.176090240478516,22.323240280151367,,20.703887939453125,,,,22.700000762939453,
2010-04-09,35.470001220703125,6.840000152587891,19.603349685668945,,,1.6859999895095825,30.193586349487305,22.636592864990234,,20.944339752197266,,,,23.040000915527344,
2010-04-12,35.02000045776367,6.900000095367432,19.78520393371582,,,1.7020000219345093,30.193586349487305,22.621679306030273,,21.040714263916016,,,,23.059999465942383,
2010-04-13,34.75,6.889999866485596,19.765546798706055,,,1.6440000534057617,30.64827537536621,22.718666076660156,,21.16118049621582,,,,23.280000686645508,
2010-04-14,35.02000045776367,6.989999771118164,20.610919952392578,,,1.7050000429153442,30.75320816040039,22.99472427368164,,21.18526840209961,,,,23.3799991607666,
2010-04-15,34.38999938964844,7.010000228881836,20.57651710510254,,,1.6460000276565552,30.910593032836914,23.03203773498535,,21.040714263916016,,,,23.15999984741211,
2010-04-16,34.0,7.110000133514404,20.51508140563965,,,1.6200000047683716,31.015539169311523,22.882808685302734,,20.83994483947754,,,,23.079999923706055,
2010-04-19,33.81999969482422,7.21999979019165,20.31110954284668,,,1.625,30.875619888305664,23.158863067626953,,21.032686233520508,,,,23.030000686645508,
2010-04-20,34.93000030517578,7.179999828338623,20.760828018188477,,,1.6660000085830688,30.980562210083008,23.39761734008789,,21.000564575195312,,,,23.219999313354492,
2010-04-21,34.91999816894531,7.170000076293945,20.908279418945312,,,1.6419999599456787,31.23414421081543,23.375234603881836,,21.11298942565918,,,,23.239999771118164,
2010-04-22,35.970001220703125,7.340000152587891,21.79788589477539,,,1.6360000371932983,31.47022819519043,23.42000389099121,,21.072837829589844,,,,23.149999618530273,
2010-04-23,36.25,7.349999904632568,21.665180206298828,,,1.6579999923706055,31.645124435424805,23.09917449951172,,21.265575408935547,,,,23.139999389648438,
2010-04-26,36.150001525878906,7.369999885559082,21.746278762817383,,,1.6260000467300415,31.63637351989746,23.211095809936523,,21.257553100585938,,,,23.18000030517578,
2010-04-27,35.34000015258789,7.159999847412109,21.087669372558594,,,1.6430000066757202,31.269107818603516,23.017108917236328,,20.864036560058594,,,,22.799999237060547,
2010-04-28,35.470001220703125,7.150000095367432,21.17123031616211,,,1.6820000410079956,31.286596298217773,23.061878204345703,,20.76766586303711,,,,22.989999771118164,
2010-04-29,34.959999084472656,7.650000095367432,21.66026496887207,,,1.7799999713897705,31.62762451171875,23.1290225982666,,20.856008529663086,,,,23.1299991607666,
2010-04-30,33.599998474121094,7.449999809265137,21.03606414794922,,,1.777999997138977,31.645124435424805,22.785816192626953,,20.77569007873535,,,,22.65999984741211,
2010-05-03,33.59000015258789,7.639999866485596,21.557052612304688,,,1.8630000352859497,32.659427642822266,23.02457046508789,,20.88813018798828,,,,22.899999618530273,
2010-05-04,33.13999938964844,7.300000190734863,21.27935791015625,,,1.7910000085830688,31.55767822265625,22.479915618896484,,20.05293083190918,,,,22.360000610351562,
2010-05-05,32.959999084472656,7.119999885559082,20.94268226623535,,,1.7630000114440918,32.038597106933594,22.271013259887695,,20.02883529663086,,,,22.09000015258789,
2010-05-06,32.4900016784668,6.909999847412109,19.88105010986328,,,1.718999981880188,30.78819465637207,21.62190055847168,,19.201656341552734,,,,21.75,
2010-05-07,32.41999816894531,6.590000152587891,19.050416946411133,,,1.6460000276565552,29.73888397216797,21.047409057617188,,18.800121307373047,,,,21.329999923706055,
2010-05-10,34.279998779296875,6.809999942779541,21.009033203125,,,1.690000057220459,31.22539520263672,21.592060089111328,,19.587133407592773,,,,21.989999771118164,
2010-05-11,33.79999923706055,6.739999771118164,21.18351173400879,,,1.6749999523162842,31.444002151489258,21.547298431396484,,19.426525115966797,,,,21.959999084472656,
2010-05-12,34.79999923706055,6.869999885559082,21.72416114807129,,,1.7170000076293945,32.40585708618164,21.96511459350586,,19.75579261779785,,,,22.450000762939453,
2010-05-13,34.40999984741211,6.869999885559082,21.301469802856445,,,1.6749999523162842,31.78502655029297,21.815887451171875,,19.466684341430664,,,,22.360000610351562,
2010-05-14,33.720001220703125,6.769999980926514,20.819805145263672,,,1.6139999628067017,31.068002700805664,21.584598541259766,,19.097259521484375,,,,21.920000076293945,
2010-05-17,33.810001373291016,6.880000114440918,20.947595596313477,,,1.6749999523162842,31.540176391601562,21.592060089111328,,19.06513023376465,,,,22.270000457763672,
2010-05-18,33.279998779296875,6.690000057220459,20.682188034057617,,,1.656999945640564,32.00362014770508,21.434673309326172,,18.816181182861328,,,,21.959999084472656,
2010-05-19,32.880001068115234,6.690000057220459,20.053070068359375,,,1.652999997138977,31.10297966003418,21.16486930847168,,18.623445510864258,,,,21.799999237060547,
2010-05-20,31.739999771118164,6.389999866485596,19.42149543762207,,,1.621999979019165,29.511533737182617,20.317970275878906,,17.948854446411133,,,,21.049999237060547,
2010-05-21,32.18000030517578,6.440000057220459,20.456096649169922,,,1.6260000467300415,30.613306045532227,20.115617752075195,,17.7962646484375,,,,21.25,
2010-05-24,31.6299991607666,6.360000133514404,20.198062896728516,,,1.6039999723434448,30.184843063354492,19.688425064086914,,17.89263916015625,,,,21.010000228881836,
2010-05-25,31.549999237060547,6.389999866485596,20.183319091796875,,,1.5720000267028809,30.44715690612793,19.53852653503418,,17.82839584350586,,,,21.309999465942383,
2010-05-26,30.940000534057617,6.639999866485596,20.58143424987793,,,1.6200000047683716,30.0974063873291,18.744098663330078,,17.595500946044922,,,,21.520000457763672,
2010-05-27,32.20000076293945,6.840000152587891,21.380111694335938,,,1.6200000047683716,31.19040870666504,19.486068725585938,,18.13355827331543,,,,21.639999389648438,
2010-05-28,32.08000183105469,6.699999809265137,21.264612197875977,,,1.6319999694824219,31.25162124633789,19.33617401123047,,18.125534057617188,,,,21.420000076293945,
2010-06-01,32.130001068115234,6.489999771118164,20.86158561706543,,,1.5729999542236328,30.814409255981445,19.40362548828125,,17.82839584350586,,,,21.229999542236328,
2010-06-02,32.939998626708984,6.639999866485596,21.733991622924805,,,1.600000023841858,31.854965209960938,19.83081817626953,,18.181739807128906,,,,21.700000762939453,
2010-06-03,32.900001525878906,6.610000133514404,23.395252227783203,,,1.5779999494552612,32.239715576171875,20.130603790283203,,18.342363357543945,,,,22.15999984741211,
2010-06-04,31.59000015258789,6.460000038146973,22.028888702392578,,,1.5190000534057617,30.96307373046875,19.328678131103516,,17.772174835205078,,,,21.59000015258789,
2010-06-07,31.059999465942383,6.239999771118164,21.601285934448242,,,1.503999948501587,30.438413619995117,18.953950881958008,,17.426849365234375,,,,20.940000534057617,
2010-06-08,31.0,6.139999866485596,21.6258602142334,,,1.5,30.82316780090332,18.819046020507812,,17.47503662109375,,,,20.979999542236328,
2010-06-09,30.729999542236328,6.159999847412109,21.876523971557617,,,1.5099999904632568,30.72696304321289,18.579214096069336,,17.29836654663086,,,,21.059999465942383,
2010-06-10,31.719999313354492,6.119999885559082,22.712066650390625,,,1.5449999570846558,31.55767822265625,18.736602783203125,,17.82839584350586,,,,21.260000228881836,
2010-06-11,31.729999542236328,6.199999809265137,23.749128341674805,,,1.5800000429153442,31.7587947845459,19.23124122619629,,18.22189712524414,,,,21.75,
2010-06-14,31.700000762939453,6.210000038146973,22.977479934692383,,,1.61899995803833,31.959903717041016,19.111330032348633,,18.22189712524414,,,,21.889999389648438,
2010-06-15,32.5099983215332,6.260000228881836,23.348556518554688,,,1.6419999599456787,32.738121032714844,19.920761108398438,,18.6314754486084,,,,22.34000015258789,
2010-06-16,32.439998626708984,6.380000114440918,23.18390655517578,,,1.625,32.825584411621094,19.72589111328125,,18.61540985107422,,,,22.34000015258789,
2010-06-17,33.119998931884766,6.420000076293945,23.862173080444336,,,1.649999976158142,32.9917106628418,19.763368606567383,,18.527067184448242,,,,22.389999389648438,
2010-06-18,33.52000045776367,6.449999809265137,23.523038864135742,,,1.7139999866485596,32.84306335449219,19.81583023071289,,18.6314754486084,,,,22.40999984741211,
2010-06-21,33.130001068115234,6.460000038146973,23.446855545043945,,,1.7050000429153442,32.52827835083008,19.448596954345703,,18.543132781982422,,,,22.229999542236328,
2010-06-22,32.7599983215332,6.320000171661377,22.58428192138672,,,1.6979999542236328,32.15226745605469,19.31368637084961,,18.38252067565918,,,,22.06999969482422,
2010-06-23,30.3799991607666,6.199999809265137,22.839860916137695,,,1.6779999732971191,32.12603759765625,18.968929290771484,,18.2138671875,,,,22.030000686645508,
2010-06-24,30.260000228881836,6.079999923706055,22.372936248779297,,,1.7089999914169312,31.69757080078125,18.736602783203125,,17.84445571899414,,,,21.690000534057617,
2010-06-25,29.850000381469727,6.25,22.515470504760742,,,1.7549999952316284,31.78502655029297,18.384355545043945,,18.197811126708984,,,,21.81999969482422,
2010-06-28,28.719999313354492,6.239999771118164,22.43191909790039,,,1.746999979019165,31.505210876464844,18.2194766998291,,18.029157638549805,,,,21.959999084472656,
2010-06-29,26.899999618530273,5.929999828338623,20.9893741607666,,,1.7070000171661377,30.587068557739258,17.470006942749023,,17.466995239257812,,,,21.290000915527344,
2010-06-30,26.43000030517578,5.789999961853027,21.09012794494629,,,1.6440000534057617,30.403438568115234,17.24517250061035,,17.23411750793457,,,,20.8700008392334,
2010-07-01,26.65999984741211,5.789999961853027,21.397315979003906,,,1.6260000467300415,30.228557586669922,17.357585906982422,,17.306392669677734,,,,20.639999389648438,
2010-07-02,26.729999542236328,5.800000190734863,21.40714454650879,,,1.61899995803833,29.992467880249023,17.440031051635742,,17.531246185302734,,,,20.510000228881836,
2010-07-06,26.34000015258789,5.650000095367432,21.652894973754883,,,1.6269999742507935,30.412193298339844,17.85223960876465,,17.924766540527344,,,,20.459999084472656,
2010-07-07,26.790000915527344,5.829999923706055,22.456491470336914,,,1.6699999570846558,31.452722549438477,18.211977005004883,,18.543132781982422,,,,21.479999542236328,
2010-07-08,26.850000381469727,5.940000057220459,22.503183364868164,,,1.7009999752044678,31.40903091430664,18.2944278717041,,18.647533416748047,,,,21.40999984741211,
2010-07-09,27.200000762939453,6.050000190734863,22.554790496826172,,,1.6970000267028809,31.723817825317383,18.189495086669922,,18.768001556396484,,,,21.450000762939453,
2010-07-12,27.09000015258789,6.150000095367432,22.571990966796875,,,1.6660000085830688,31.959903717041016,18.609188079833984,,18.816287994384766,,,,21.559999465942383,
2010-07-13,28.110000610351562,6.320000171661377,23.014341354370117,,,1.684999942779541,32.755615234375,18.834035873413086,,19.08186149597168,,,,21.979999542236328,
2010-07-14,28.030000686645508,6.309999942779541,23.52549934387207,,,1.684999942779541,32.57200241088867,19.066364288330078,,19.266979217529297,,,,21.829999923706055,
2010-07-15,28.219999313354492,6.369999885559082,23.589393615722656,,,1.659999966621399,32.799339294433594,19.118833541870117,,19.17845344543457,,,,21.760000228881836,
2010-07-16,27.389999389648438,6.119999885559082,22.621143341064453,,,1.628000020980835,32.012367248535156,18.654163360595703,,18.727750778198242,,,,21.149999618530273,
2010-07-19,27.670000076293945,6.159999847412109,22.76367950439453,,,1.6139999628067017,32.3533935546875,18.90897560119629,,18.985286712646484,,,,21.350000381469727,
2010-07-20,27.8700008392334,6.28000020980835,22.88409423828125,,,1.6119999885559082,32.88677978515625,19.09634017944336,,19.250877380371094,,,,21.540000915527344,
2010-07-21,27.670000076293945,6.090000152587891,22.648174285888672,,,1.600000023841858,32.703163146972656,18.826541900634766,,18.961151123046875,,,,21.170000076293945,
2010-07-22,28.579999923706055,6.400000095367432,23.574647903442383,,,1.7319999933242798,33.2103157043457,19.366147994995117,,19.564746856689453,,,,21.8700008392334,
2010-07-23,29.229999542236328,6.53000020980835,24.518320083618164,,,1.781000018119812,33.796173095703125,19.343669891357422,,19.717662811279297,,,,21.959999084472656,
2010-07-26,29.170000076293945,6.599999904632568,24.592044830322266,,,1.8079999685287476,34.434505462646484,19.561012268066406,,19.830341339111328,,,,22.190000534057617,
2010-07-27,29.219999313354492,6.619999885559082,24.27994728088379,,,1.7940000295639038,34.59189224243164,19.60597801208496,,19.77400016784668,,,,22.139999389648438,
2010-07-28,28.690000534057617,6.449999809265137,24.110376358032227,,,1.7719999551773071,34.60939025878906,19.448596954345703,,19.54060935974121,,,,21.739999771118164,
2010-07-29,28.700000762939453,6.710000038146973,24.03173828125,,,1.7799999713897705,34.60939025878906,19.50855255126953,,19.073823928833008,,,,21.81999969482422,
2010-07-30,28.719999313354492,6.960000038146973,24.31680679321289,,,1.8009999990463257,34.75803756713867,19.343669891357422,,19.025529861450195,,,,21.84000015258789,
2010-08-02,29.600000381469727,7.119999885559082,25.04422378540039,,,1.815999984741211,35.16901779174805,19.73339080810547,,19.548654556274414,,,,22.389999389648438,
2010-08-03,29.1200008392334,6.949999809265137,24.823047637939453,,,1.819000005722046,35.22147750854492,19.60597801208496,,19.484272003173828,,,,22.309999465942383,
2010-08-04,29.700000762939453,7.019999980926514,25.44970703125,,,1.840999960899353,35.64994430541992,19.283714294433594,,19.709617614746094,,,,22.690000534057617,
2010-08-05,29.440000534057617,6.96999979019165,25.23590850830078,,,1.7979999780654907,35.35264587402344,19.01390838623047,,19.548654556274414,,,,22.770000457763672,
2010-08-06,29.229999542236328,6.980000019073486,25.147438049316406,,,1.819000005722046,35.562503814697266,19.148807525634766,,19.621084213256836,,,,22.84000015258789,
2010-08-09,29.520000457763672,7.079999923706055,25.572582244873047,,,1.8170000314712524,35.53627395629883,19.19377899169922,,19.524518966674805,,,,23.010000228881836,
2010-08-10,29.170000076293945,6.880000114440918,24.980327606201172,,,1.7869999408721924,35.35264587402344,18.789072036743164,,19.548654556274414,,,,22.739999771118164,
2010-08-11,28.25,6.639999866485596,24.061227798461914,,,1.7209999561309814,34.32081985473633,18.631677627563477,,19.041622161865234,,,,22.0,
2010-08-12,28.079999923706055,6.460000038146973,23.825307846069336,,,1.7359999418258667,33.761207580566406,18.354372024536133,,18.46217155456543,,,,21.600000381469727,
2010-08-13,28.010000228881836,6.380000114440918,23.896577835083008,,,1.75600004196167,33.71748352050781,18.286930084228516,,18.236835479736328,,,,21.6299991607666,
2010-08-16,27.360000610351562,6.449999809265137,23.74666976928711,,,1.7699999809265137,33.57756805419922,18.361875534057617,,18.28510856628418,,,,21.770000457763672,
2010-08-17,27.959999084472656,6.820000171661377,24.41019058227539,,,1.8079999685287476,34.36454772949219,18.618053436279297,,18.550697326660156,,,,22.09000015258789,
2010-08-18,28.100000381469727,6.909999847412109,24.41019058227539,,,1.8209999799728394,34.408267974853516,18.700929641723633,,18.582895278930664,,,,22.280000686645508,
2010-08-19,27.690000534057617,6.800000190734863,23.692609786987305,,,1.7799999713897705,33.901100158691406,18.41461753845215,,18.510456085205078,,,,23.059999465942383,
2010-08-20,27.920000076293945,7.079999923706055,27.7081356048584,,,1.8380000591278076,38.99896240234375,18.256383895874023,,18.52655601501465,,,,23.110000610351562,
2010-08-23,27.81999969482422,6.880000114440918,27.59263038635254,,,1.840999960899353,37.45123291015625,18.29405403137207,,18.381694793701172,,,,23.1200008392334,
2010-08-24,27.93000030517578,6.78000020980835,27.84084129333496,,,1.843000054359436,37.32007598876953,18.113235473632812,,18.035627365112305,,,,22.899999618530273,
2010-08-25,27.479999542236328,6.880000114440918,27.57051658630371,,,1.8600000143051147,37.25011444091797,18.158432006835938,,18.043672561645508,,,,22.899999618530273,
2010-08-26,27.3799991607666,6.820000171661377,26.99300765991211,,,1.8830000162124634,37.00526809692383,17.947463989257812,,17.906858444213867,,,,22.799999237060547,
2010-08-27,27.979999542236328,6.849999904632568,27.39603614807129,,,1.9989999532699585,37.547428131103516,18.030345916748047,,18.116106033325195,,,,23.06999969482422,
2010-08-30,27.790000915527344,6.800000190734863,26.828357696533203,,,2.003000020980835,36.9178352355957,17.81184196472168,,17.721765518188477,,,,22.93000030517578,
2010-08-31,27.700000762939453,6.789999961853027,27.002840042114258,,,2.0380001068115234,37.37253952026367,17.683757781982422,,17.576889038085938,,,,22.860000610351562,
2010-09-01,28.850000381469727,7.010000228881836,28.605117797851562,,,2.0980000495910645,38.14201736450195,18.007749557495117,,18.204639434814453,,,,23.079999923706055,
2010-09-02,29.420000076293945,7.090000152587891,29.2735538482666,,,2.183000087738037,38.47430419921875,18.037878036499023,,18.09196662902832,,,,23.360000610351562,
2010-09-03,29.489999771118164,7.179999828338623,29.39888572692871,,,2.117000102996826,38.48305130004883,18.301597595214844,,18.446081161499023,,,,23.690000534057617,
2010-09-07,29.170000076293945,7.130000114440918,29.403799057006836,,,2.046999931335449,38.83280944824219,18.052949905395508,,19.524518966674805,,,,23.489999771118164,
2010-09-08,29.309999465942383,7.190000057220459,29.438203811645508,,,2.0880000591278076,38.762847900390625,18.030345916748047,,19.427928924560547,,,,23.739999771118164,
2010-09-09,32.86000061035156,7.340000152587891,28.912303924560547,,,2.2009999752044678,38.45682144165039,18.09062957763672,,19.580848693847656,,,,23.760000228881836,
2010-09-10,32.20000076293945,7.400000095367432,28.85577964782715,,,2.1510000228881836,38.010841369628906,17.970073699951172,,20.16030502319336,,,,23.579999923706055,
2010-09-13,32.2400016784668,7.449999809265137,29.1433048248291,,,2.190000057220459,38.54426193237305,18.919435501098633,,20.20859718322754,,,,24.170000076293945,
2010-09-14,32.470001220703125,7.690000057220459,28.944250106811523,,,2.2920000553131104,38.386878967285156,18.85915756225586,,20.425891876220703,,,,24.170000076293945,
2010-09-15,32.7599983215332,7.730000019073486,28.705873489379883,,,2.240000009536743,38.56174087524414,18.926973342895508,,20.715612411499023,,,,24.280000686645508,
2010-09-16,32.849998474121094,7.679999828338623,28.7329044342041,,,2.2799999713897705,39.23503875732422,19.085189819335938,,20.409793853759766,,,,24.31999969482422,
2010-09-17,32.779998779296875,7.760000228881836,28.688671112060547,,,2.5,39.243797302246094,19.00231170654297,,22.1159725189209,,,,24.389999389648438,
2010-09-20,33.11000061035156,7.829999923706055,30.26146125793457,,,2.510999917984009,39.80341720581055,19.16054344177246,,22.1240177154541,,,,24.780000686645508,
2010-09-21,32.939998626708984,7.699999809265137,29.831401824951172,,,2.4670000076293945,40.07447052001953,18.94957733154297,,21.584806442260742,,,,24.59000015258789,
2010-09-22,26.670000076293945,7.639999866485596,29.167882919311523,,,2.381999969482422,39.952064514160156,18.54270362854004,,21.89063262939453,,,,24.520000457763672,
2010-09-23,26.40999984741211,7.510000228881836,28.872982025146484,,,2.367000102996826,39.40993118286133,18.40707778930664,,21.82624626159668,,,,24.31999969482422,
2010-09-24,26.8799991607666,7.730000019073486,29.327617645263672,,,2.4000000953674316,39.75094985961914,18.67078971862793,,21.69747543334961,,,,24.809999465942383,
2010-09-27,26.8799991607666,7.699999809265137,28.76239776611328,,,2.4670000076293945,39.31375503540039,18.633121490478516,,21.689434051513672,,,,24.649999618530273,
2010-09-28,26.280000686645508,7.590000152587891,28.204547882080078,,,2.436000108718872,39.18257141113281,18.595449447631836,,21.88258171081543,,,,24.860000610351562,
2010-09-29,26.040000915527344,7.610000133514404,27.912107467651367,,,2.5209999084472656,38.867794036865234,18.459823608398438,,21.866483688354492,,,,24.639999389648438,
2010-09-30,26.149999618530273,7.630000114440918,27.474674224853516,,,2.5,38.308162689208984,18.452285766601562,,21.608951568603516,,,,24.770000457763672,
2010-10-01,26.270000457763672,7.599999904632568,27.523822784423828,,,2.5,39.2700080871582,18.369401931762695,,21.922826766967773,,,,24.899999618530273,
2010-10-04,25.600000381469727,7.5,27.543485641479492,,,2.552999973297119,38.605464935302734,18.01527976989746,,21.68899917602539,,,,24.559999465942383,
2010-10-05,25.770000457763672,7.760000228881836,27.99320411682129,,,2.552999973297119,39.75094985961914,18.3467960357666,,22.011507034301758,,,,25.030000686645508,
2010-10-06,25.729999542236328,7.579999923706055,25.791297912597656,,,2.4189999103546143,39.27876281738281,18.40707778930664,,22.23727035522461,,,,24.729999542236328,
2010-10-07,28.690000534057617,7.639999866485596,25.783924102783203,,,2.4079999923706055,40.144439697265625,18.48242950439453,,22.325963973999023,,,,24.93000030517578,
2010-10-08,26.989999771118164,7.630000114440918,26.01738929748535,,,2.4189999103546143,40.07447052001953,18.51256561279297,,22.575918197631836,,,,24.950000762939453,
2010-10-11,27.25,7.670000076293945,24.552722930908203,,,2.5,40.100711822509766,18.527629852294922,,22.454967498779297,,,,24.969999313354492,
2010-10-12,27.65999984741211,7.739999771118164,25.919086456298828,,,2.499000072479248,41.02760314941406,18.708457946777344,,22.53559112548828,,,,25.110000610351562,
2010-10-13,27.709999084472656,7.96999979019165,26.371261596679688,,,2.502000093460083,41.59596252441406,19.092721939086914,,23.059677124023438,,,,25.3799991607666,
2010-10-14,27.489999771118164,8.170000076293945,26.383554458618164,,,2.5280001163482666,41.36861038208008,19.009845733642578,,22.841983795166016,,,,25.219999313354492,
2010-10-15,28.079999923706055,7.96999979019165,26.634212493896484,,,2.6029999256134033,40.774017333984375,19.24342918395996,,23.301570892333984,,,,25.34000015258789,
2010-10-18,28.059999465942383,7.820000171661377,25.958404541015625,,,2.611999988555908,40.214385986328125,19.454383850097656,,23.56763458251953,,,,25.31999969482422,
2010-10-19,27.579999923706055,7.690000057220459,25.46690559387207,,,2.5179998874664307,40.09196853637695,18.911897659301758,,23.487009048461914,,,,24.780000686645508,
2010-10-20,28.209999084472656,7.730000019073486,25.66350746154785,,,2.5160000324249268,40.240631103515625,19.070127487182617,,23.09193229675293,,,,24.969999313354492,
2010-10-21,27.700000762939453,7.809999942779541,25.8773136138916,,,2.4700000286102295,40.32805252075195,19.153005599975586,,23.237070083618164,,,,25.049999237060547,
2010-10-22,28.209999084472656,7.96999979019165,26.52608871459961,,,2.9630000591278076,41.28118133544922,19.12286376953125,,23.374130249023438,,,,25.479999542236328,
2010-10-25,28.200000762939453,8.09000015258789,27.658987045288086,,,3.0250000953674316,41.263675689697266,18.979707717895508,,23.25318145751953,,,,25.510000228881836,
2010-10-26,28.139999389648438,8.199999809265137,27.48941993713379,,,3.13700008392334,41.648433685302734,19.514659881591797,,23.083866119384766,,,,25.5,
2010-10-27,28.170000076293945,8.09000015258789,28.275815963745117,,,3.134000062942505,41.718387603759766,19.627689361572266,,23.140310287475586,,,,25.3700008392334,
2010-10-28,28.100000381469727,8.430000305175781,28.26106834411621,,,3.0,42.17308044433594,19.80098533630371,,23.672454833984375,,,,25.31999969482422,
2010-10-29,28.149999618530273,8.470000267028809,28.524017333984375,,,3.0,41.954471588134766,20.094829559326172,,23.68857192993164,,,,25.579999923706055,
2010-11-01,28.219999313354492,8.4399995803833,27.953886032104492,,,3.187999963760376,42.11186981201172,20.305805206298828,,23.487009048461914,,,,25.450000762939453,
2010-11-02,29.020000457763672,8.5,28.36673927307129,,,3.0989999771118164,42.35670852661133,20.637325286865234,,23.809520721435547,,,,25.59000015258789,
2010-11-03,28.799999237060547,8.449999809265137,28.617403030395508,,,3.0999999046325684,42.12934875488281,20.36607551574707,,23.5434513092041,,,,25.56999969482422,
2010-11-04,29.459999084472656,8.460000038146973,28.02269172668457,,,3.055999994277954,42.58406066894531,20.448965072631836,,23.761146545410156,,,,25.709999084472656,
2010-11-05,29.139999389648438,8.609999656677246,27.81134605407715,,,3.128999948501587,42.365447998046875,20.230453491210938,,23.583770751953125,,,,25.84000015258789,
2010-11-08,29.290000915527344,8.529999732971191,28.138198852539062,,,3.0980000495910645,42.452884674072266,20.200321197509766,,23.414445877075195,,,,25.75,
2010-11-09,29.489999771118164,8.420000076293945,28.204547882080078,,,3.11899995803833,42.426658630371094,20.305805206298828,,23.172569274902344,,,,25.559999465942383,
2010-11-10,29.790000915527344,8.479999542236328,28.96882438659668,,,3.0980000495910645,42.69773483276367,20.29826545715332,,23.132246017456055,,,,25.59000015258789,
2010-11-11,29.940000534057617,8.430000305175781,28.686216354370117,,,3.0429999828338623,42.6714973449707,20.102371215820312,,23.03548812866211,,,,25.329999923706055,
2010-11-12,29.540000915527344,8.319999694824219,28.26352882385254,,,3.0320000648498535,42.00694274902344,19.793445587158203,,22.833919525146484,,,,25.1299991607666,
2010-11-15,29.510000228881836,8.239999771118164,27.924394607543945,,,3.0999999046325684,42.17308044433594,19.740699768066406,,22.89842414855957,,,,25.020000457763672,
2010-11-16,29.020000457763672,8.119999885559082,27.282989501953125,,,3.138000011444092,41.00136184692383,19.56635093688965,,22.23727035522461,,,,24.739999771118164,
2010-11-17,28.899999618530273,8.140000343322754,27.069189071655273,,,3.128000020980835,41.57847213745117,19.3843994140625,,22.503341674804688,,,,24.700000762939453,
2010-11-18,28.68000030517578,8.350000381469727,28.450294494628906,,,3.25600004196167,42.1468391418457,19.589088439941406,,22.825862884521484,,,,25.219999313354492,
2010-11-19,28.860000610351562,8.319999694824219,33.60364532470703,,,3.194000005722046,39.28750228881836,19.475379943847656,,22.696849822998047,,,,25.040000915527344,
2010-11-22,29.18000030517578,8.1899995803833,34.362998962402344,,,3.1659998893737793,39.82963180541992,19.505701065063477,,22.61622428894043,,,,25.3700008392334,
2010-11-23,28.190000534057617,8.050000190734863,35.01914596557617,,,3.1440000534057617,39.05141830444336,19.04326820373535,,21.922828674316406,,,,25.079999923706055,
2010-11-24,28.399999618530273,8.170000076293945,35.6753044128418,,,3.187000036239624,39.917083740234375,19.2327823638916,,22.36627769470215,,,,25.709999084472656,
2010-11-26,28.719999313354492,8.09000015258789,35.837493896484375,,,3.1700000762939453,39.82963180541992,19.14181900024414,,22.164709091186523,,,,25.690000534057617,
2010-11-29,28.360000610351562,7.96999979019165,35.34108352661133,,,3.1519999504089355,39.74219512939453,19.18729591369629,,21.947010040283203,,,,25.799999237060547,
2010-11-30,27.799999237060547,7.860000133514404,34.213096618652344,,,3.187000036239624,39.25251388549805,19.149396896362305,,21.80994415283203,,,,25.690000534057617,
2010-12-01,28.3700008392334,7.949999809265137,35.3975944519043,,,3.2200000286102295,40.4067497253418,19.740705490112305,,22.293704986572266,,,,26.510000228881836,
2010-12-02,29.100000381469727,8.170000076293945,35.14694595336914,,,3.24399995803833,40.59038543701172,20.385086059570312,,22.656538009643555,,,,25.850000381469727,
2010-12-03,29.139999389648438,8.210000038146973,35.0953254699707,,,3.3259999752044678,41.03633499145508,20.483642578125,,23.229000091552734,,,,26.25,
2010-12-06,29.229999542236328,8.149999618530273,35.69004440307617,,,3.2909998893737793,40.93140411376953,20.347185134887695,,23.16450309753418,,,,26.360000610351562,
2010-12-07,29.020000457763672,8.239999771118164,35.692501068115234,,,3.2709999084472656,40.89643859863281,20.369930267333984,,23.422500610351562,,,,26.450000762939453,
2010-12-08,29.209999084472656,8.210000038146973,37.004798889160156,,,3.2690000534057617,41.70964813232422,20.642839431762695,,23.56763458251953,,,,26.579999923706055,
2010-12-09,28.600000381469727,8.399999618530273,36.491188049316406,,,3.3459999561309814,41.72713088989258,20.529125213623047,,23.59183120727539,,,,26.559999465942383,
2010-12-10,28.709999084472656,8.40999984741211,36.52067565917969,,,3.3329999446868896,42.312992095947266,20.72623062133789,,24.140098571777344,,,,26.75,
2010-12-13,27.809999465942383,8.319999694824219,35.35828399658203,,,3.190999984741211,42.23429489135742,20.65799903869629,,24.527116775512695,,,,26.719999313354492,
2010-12-14,28.149999618530273,8.220000267028809,33.500431060791016,,,3.1080000400543213,42.39168930053711,20.938491821289062,,24.599679946899414,,,,26.860000610351562,
2010-12-15,27.719999313354492,8.260000228881836,33.35297775268555,,,3.1410000324249268,41.89328384399414,21.11285400390625,,24.583560943603516,,,,26.790000915527344,
2010-12-16,28.520000457763672,8.350000381469727,33.797786712646484,,,3.177999973297119,43.15241622924805,21.218984603881836,,24.406171798706055,,,,26.979999542236328,
2010-12-17,28.790000915527344,8.279999732971191,33.54466247558594,,,3.2100000381469727,43.18741226196289,21.1507568359375,,25.365652084350586,,,,27.139999389648438,
2010-12-20,29.18000030517578,8.300000190734863,32.98189926147461,,,3.2019999027252197,43.39725875854492,21.08252716064453,,25.534971237182617,,,,27.100000381469727,
2010-12-21,30.93000030517578,8.380000114440918,34.166404724121094,,,3.197999954223633,43.79075622558594,21.279638290405273,,25.6075382232666,,,,27.239999771118164,
2010-12-22,30.649999618530273,8.420000076293945,33.3062858581543,,,3.1679999828338623,43.64208984375,21.3705997467041,,25.526906967163086,,,,27.25,
2010-12-23,30.850000381469727,8.289999961853027,33.28416442871094,,,3.134999990463257,43.53715896606445,21.45399284362793,,25.430158615112305,,,,27.239999771118164,
2010-12-27,30.950000762939453,8.3100004196167,32.9327507019043,,,3.250999927520752,43.51094055175781,21.279638290405273,,25.526906967163086,,,,27.209999084472656,
2010-12-28,30.920000076293945,8.260000228881836,32.76318359375,,,3.1649999618530273,43.51968002319336,21.234149932861328,,25.4543399810791,,,,27.100000381469727,
2010-12-29,30.969999313354492,8.25,32.67225646972656,,,3.2179999351501465,43.67708206176758,21.203819274902344,,25.39790153503418,,,,27.06999969482422,
2010-12-30,30.56999969482422,8.289999961853027,32.497772216796875,,,3.2179999351501465,43.30983352661133,21.11285400390625,,25.22857666015625,,,,27.059999465942383,
2010-12-31,30.780000686645508,8.260000228881836,32.43879318237305,,,3.234999895095825,43.108699798583984,21.158336639404297,,25.23664093017578,,,,26.90999984741211,
2011-01-03,31.290000915527344,8.350000381469727,33.56923294067383,,,3.309999942779541,43.572147369384766,21.21139907836914,,25.49464988708496,,,,26.989999771118164,
2011-01-04,31.510000228881836,8.319999694824219,33.34560775756836,,,3.496999979019165,43.0999641418457,21.294797897338867,,25.38176918029785,,,,26.84000015258789,
2011-01-05,32.220001220703125,8.319999694824219,34.94542694091797,,,3.6500000953674316,42.61903381347656,21.226573944091797,,25.027006149291992,,,,26.780000686645508,
2011-01-06,32.27000045776367,8.4399995803833,35.225582122802734,,,3.638000011444092,42.23429489135742,21.84819793701172,,25.13182258605957,,,,26.68000030517578,
2011-01-07,32.040000915527344,8.420000076293945,34.95034408569336,,,3.5230000019073486,42.312992095947266,21.681425094604492,,25.018951416015625,,,,26.739999771118164,
2011-01-10,32.959999084472656,8.479999542236328,35.053558349609375,,,3.6010000705718994,41.753360748291016,21.39334487915039,,25.027006149291992,,,,26.790000915527344,
2011-01-11,32.97999954223633,8.460000038146973,34.68001937866211,,,3.6059999465942383,41.14126968383789,21.309951782226562,,24.986692428588867,,,,26.549999237060547,
2011-01-12,33.56999969482422,8.600000381469727,34.80781173706055,,,3.6579999923706055,40.73029327392578,21.64352035522461,,24.946374893188477,,,,26.649999618530273,
2011-01-13,33.380001068115234,8.579999923706055,35.350914001464844,,,3.678999900817871,40.53791809082031,21.3705997467041,,25.13988494873047,,,,26.440000534057617,
2011-01-14,33.790000915527344,8.819999694824219,35.99477005004883,,,3.736999988555908,41.08006286621094,21.45399284362793,,25.236804962158203,,,,26.809999465942383,
2011-01-18,34.18000030517578,9.170000076293945,35.468868255615234,,,3.6670000553131104,41.403587341308594,21.726913452148438,,25.46293067932129,,,,27.040000915527344,
2011-01-19,33.90999984741211,8.890000343322754,34.611209869384766,,,3.559000015258789,41.44731521606445,21.582866668701172,,25.519453048706055,,,,26.719999313354492,
2011-01-20,33.4900016784668,8.5600004196167,32.387184143066406,,,3.494999885559082,41.254947662353516,21.491897583007812,,26.092832565307617,,,,26.350000381469727,
2011-01-21,33.27000045776367,8.510000228881836,32.497772216796875,,,3.509000062942505,40.97512435913086,21.241731643676758,,26.254343032836914,,,,26.229999542236328,
2011-01-24,34.029998779296875,8.529999732971191,31.414018630981445,,,3.4489998817443848,41.20246505737305,21.514646530151367,,26.165512084960938,,,,26.75,
2011-01-25,33.560001373291016,8.5,30.46543312072754,,,3.3919999599456787,40.66032791137695,21.567707061767578,,26.076679229736328,,,,26.75,
2011-01-26,33.52000045776367,8.5600004196167,31.527063369750977,,,3.9649999141693115,41.20246505737305,21.817882537841797,,26.294721603393555,,,,26.8799991607666,
2011-01-27,33.849998474121094,8.710000038146973,31.514781951904297,,,3.7799999713897705,41.36861038208008,21.886106491088867,,26.58544921875,,,,27.479999542236328,
2011-01-28,32.4900016784668,8.479999542236328,32.342952728271484,,,3.694999933242798,40.89643859863281,21.037044525146484,,25.842485427856445,,,,26.84000015258789,
2011-01-31,33.04999923706055,8.680000305175781,31.73595428466797,,,3.8450000286102295,41.03633499145508,21.021879196166992,,25.86670684814453,,,,27.1299991607666,
2011-02-01,33.5099983215332,8.770000457763672,32.350318908691406,,,3.946000099182129,41.59596252441406,21.218984603881836,,26.84387969970703,,,,27.780000686645508,
2011-02-02,33.43000030517578,8.829999923706055,33.195701599121094,,,3.9010000228881836,41.80582046508789,21.181081771850586,,26.763124465942383,,,,27.989999771118164,
2011-02-03,33.529998779296875,9.449999809265137,32.972068786621094,,,3.888000011444092,42.1468391418457,20.96123695373535,,26.64199447631836,,,,28.0,
2011-02-04,33.36000061035156,9.489999771118164,33.900997161865234,,,4.086999893188477,42.32173538208008,21.052207946777344,,26.34317970275879,,,,28.329999923706055,
2011-02-07,33.560001373291016,9.640000343322754,33.642967224121094,,,3.9760000705718994,42.66275405883789,21.378189086914062,,26.6339054107666,,,,28.299999237060547,
2011-02-08,33.56999969482422,9.65999984741211,33.49551010131836,,,4.046999931335449,42.87260437011719,21.438827514648438,,26.674285888671875,,,,28.31999969482422,
2011-02-09,33.0099983215332,9.710000038146973,33.0408821105957,,,4.017000198364258,42.73272705078125,21.203819274902344,,26.561220169067383,,,,28.670000076293945,
2011-02-10,33.56999969482422,9.9399995803833,33.9034538269043,,,4.065999984741211,44.19298553466797,20.847518920898438,,26.86002540588379,,,,28.790000915527344,
2011-02-11,33.66999816894531,10.029999732971191,34.77585983276367,,,4.063000202178955,44.262935638427734,20.65799903869629,,27.029621124267578,,,,28.780000686645508,
2011-02-14,33.86000061035156,10.109999656677246,34.95034408569336,,,4.099999904632568,44.41157531738281,20.642839431762695,,26.884260177612305,,,,29.030000686645508,
2011-02-15,33.939998626708984,10.220000267028809,35.01668930053711,,,4.046000003814697,43.52841567993164,20.558950424194336,,26.456235885620117,,,,29.15999984741211,
2011-02-16,34.689998626708984,10.260000228881836,35.08059310913086,,,4.125999927520752,43.82572555541992,20.60470962524414,,26.738889694213867,,,,29.020000457763672,
2011-02-17,34.97999954223633,10.109999656677246,34.63578796386719,,,4.13100004196167,44.105533599853516,20.74959945678711,,26.658132553100586,,,,28.540000915527344,
2011-02-18,35.38999938964844,10.109999656677246,35.16168212890625,,,4.170000076293945,47.31465148925781,20.63520622253418,,27.19921112060547,,,,28.6299991607666,
2011-02-22,33.7400016784668,9.760000228881836,33.60609817504883,,,3.9609999656677246,46.20412826538086,20.27680206298828,,26.270496368408203,,,,28.0,
2011-02-23,33.380001068115234,9.680000305175781,32.77547073364258,,,3.98799991607666,45.46963882446289,20.27680206298828,,25.98784637451172,,,,27.34000015258789,
2011-02-24,33.45000076293945,9.609999656677246,33.008934020996094,,,4.078000068664551,45.18983840942383,20.414060592651367,,26.044374465942383,,,,27.34000015258789,
2011-02-25,34.630001068115234,9.880000114440918,34.11726379394531,,,4.150000095367432,45.81939697265625,20.246295928955078,,26.609682083129883,,,,27.729999542236328,
2011-02-28,34.5,9.949999809265137,32.50514602661133,,,4.084000110626221,45.97679138183594,20.26917839050293,,26.56930160522461,,,,27.719999313354492,
2011-03-01,33.970001220703125,9.800000190734863,31.468088150024414,,,3.9670000076293945,44.96247863769531,19.948894500732422,,25.575977325439453,,,,27.31999969482422,
2011-03-02,34.47999954223633,9.920000076293945,31.45825958251953,,,4.0370001792907715,45.277252197265625,19.887889862060547,,25.939388275146484,,,,27.610000610351562,
2011-03-03,35.04999923706055,9.979999542236328,31.964502334594727,,,4.2230000495910645,46.2566032409668,19.979400634765625,,26.674285888671875,,,,27.829999923706055,
2011-03-04,35.27000045776367,9.869999885559082,31.939918518066406,,,4.324999809265137,46.17790985107422,19.78875732421875,,26.456235885620117,,,,27.690000534057617,
2011-03-07,34.720001220703125,9.4399995803833,31.460716247558594,,,4.310999870300293,45.408416748046875,19.613361358642578,,25.923240661621094,,,,27.270000457763672,
2011-03-08,35.290000915527344,9.789999961853027,31.2886905670166,,,4.328000068664551,45.565799713134766,19.758241653442383,,26.440095901489258,,,,27.75,
2011-03-09,35.130001068115234,9.880000114440918,31.384531021118164,,,4.321000099182129,45.172332763671875,19.743000030517578,,26.480472564697266,,,,27.709999084472656,
2011-03-10,34.86000061035156,9.579999923706055,31.25920295715332,,,4.215000152587891,43.589630126953125,19.376964569091797,,25.68096923828125,,,,27.0,
2011-03-11,34.61000061035156,9.479999542236328,31.42384910583496,,,4.300000190734863,43.24859619140625,19.582860946655273,,25.76980209350586,,,,27.030000686645508,
2011-03-14,34.08000183105469,9.609999656677246,30.703805923461914,,,4.361999988555908,43.22238540649414,19.590486526489258,,25.511367797851562,,,,26.940000534057617,
2011-03-15,33.040000915527344,9.4399995803833,30.853715896606445,,,4.223999977111816,42.82889175415039,19.361711502075195,,25.17219352722168,,,,26.600000381469727,
2011-03-16,32.09000015258789,9.329999923706055,30.512126922607422,,,4.103000164031982,42.41790771484375,18.904172897338867,,24.38884735107422,,,,26.43000030517578,
2011-03-17,31.84000015258789,9.430000305175781,30.06240463256836,,,4.144999980926514,42.34796142578125,18.89654541015625,,24.671493530273438,,,,26.530000686645508,
2011-03-18,31.989999771118164,9.5600004196167,29.49226951599121,,,4.230000019073486,43.650840759277344,18.91179847717285,,24.841081619262695,,,,26.6299991607666,
2011-03-21,32.34000015258789,9.789999961853027,30.57601547241211,,,4.377999782562256,44.123008728027344,19.315963745117188,,25.374088287353516,,,,27.200000762939453,
2011-03-22,32.880001068115234,9.569999694824219,29.855974197387695,,,4.230000019073486,43.55465316772461,19.2930850982666,,25.13988494873047,,,,27.100000381469727,
2011-03-23,31.68000030517578,9.59000015258789,30.010799407958984,,,4.1020002365112305,44.08804702758789,19.476099014282227,,25.366010665893555,,,,27.139999389648438,
2011-03-24,32.59000015258789,9.789999961853027,31.76297950744629,,,4.171000003814697,44.7351188659668,19.68199920654297,,25.95553970336914,,,,27.5,
2011-03-25,32.63999938964844,9.850000381469727,31.32063865661621,,,4.304999828338623,44.91874313354492,19.537109375,,26.359325408935547,,,,27.6299991607666,
2011-03-28,32.43000030517578,9.8100004196167,31.45334243774414,,,4.230999946594238,44.647674560546875,19.376964569091797,,26.294721603393555,,,,27.350000381469727,
2011-03-29,32.619998931884766,9.800000190734863,31.308351516723633,,,4.340000152587891,45.25102233886719,19.43797492980957,,26.779272079467773,,,,27.43000030517578,
2011-03-30,32.95000076293945,9.760000228881836,33.05070495605469,,,4.300000190734863,45.627037048339844,19.52947998046875,,26.690441131591797,,,,27.639999389648438,
2011-03-31,33.15999984741211,9.75,32.82707595825195,,,4.414999961853027,46.44022750854492,19.361711502075195,,26.99732780456543,,,,27.649999618530273,
2011-04-01,34.15999984741211,10.0,32.95977783203125,,,4.078000068664551,47.174747467041016,19.430339813232422,,27.47378921508789,,,,27.780000686645508,
2011-04-04,34.369998931884766,10.079999923706055,32.95732498168945,,,4.348999977111816,47.28840255737305,19.48372459411621,,27.570701599121094,,,,27.65999984741211,
2011-04-05,34.18000030517578,10.140000343322754,32.834449768066406,,,4.448999881744385,46.77250671386719,19.659120559692383,,27.393022537231445,,,,27.600000381469727,
2011-04-06,34.2400016784668,10.180000305175781,32.298709869384766,,,4.199999809265137,46.9211540222168,19.941268920898438,,27.11846160888672,,,,27.600000381469727,
2011-04-07,34.47999954223633,10.220000267028809,32.92046356201172,,,3.9809999465942383,46.95612716674805,19.979400634765625,,27.231517791748047,,,,27.5,
2011-04-08,34.150001525878906,9.859999656677246,33.090023040771484,,,3.9560000896453857,46.46645736694336,19.880258560180664,,27.086149215698242,,,,27.25,
2011-04-11,34.380001068115234,9.760000228881836,33.08264923095703,,,3.9059998989105225,46.833717346191406,19.811628341674805,,27.328857421875,,,,27.31999969482422,
2011-04-12,34.09000015258789,9.649999618530273,32.64031219482422,,,3.7880001068115234,46.15167236328125,19.552356719970703,,27.021432876586914,,,,26.920000076293945,
2011-04-13,34.209999084472656,9.829999923706055,33.02367401123047,,,4.0289998054504395,46.46645736694336,19.54473114013672,,27.264142990112305,,,,26.979999542236328,
2011-04-14,34.33000183105469,9.739999771118164,32.68946075439453,,,4.015999794006348,47.46330261230469,19.38459014892578,,27.34503936767578,,,,26.799999237060547,
2011-04-15,34.5099983215332,9.800000190734863,32.86394119262695,,,4.059999942779541,47.62068176269531,19.346464157104492,,27.65247344970703,,,,26.84000015258789,
2011-04-18,33.849998474121094,9.529999732971191,32.48548889160156,,,3.9230000972747803,47.34961700439453,19.125314712524414,,27.207504272460938,,,,26.489999771118164,
2011-04-19,33.650001525878906,9.630000114440918,32.077545166015625,,,3.877000093460083,47.62068176269531,19.17868995666504,,27.2398681640625,,,,26.350000381469727,
2011-04-20,33.689998626708984,9.789999961853027,34.91593551635742,,,4.03000020980835,49.02849578857422,19.643869400024414,,27.595840454101562,,,,26.739999771118164,
2011-04-21,33.47999954223633,9.90999984741211,34.372833251953125,,,4.041999816894531,48.39892578125,19.460851669311523,,28.113615036010742,,,,26.709999084472656,
2011-04-25,33.22999954223633,9.989999771118164,34.11233901977539,,,4.085999965667725,48.11910629272461,19.52947998046875,,28.178333282470703,,,,26.59000015258789,
2011-04-26,33.130001068115234,9.930000305175781,33.817447662353516,,,4.114999771118164,48.084144592285156,19.971771240234375,,28.29160499572754,,,,26.93000030517578,
2011-04-27,33.650001525878906,10.289999961853027,34.163944244384766,,,4.172999858856201,48.73993682861328,20.116666793823242,,28.518123626708984,,,,27.280000686645508,
2011-04-28,34.02000045776367,10.149999618530273,33.87642288208008,,,4.7769999504089355,48.61751937866211,20.36830711364746,,28.550487518310547,,,,27.420000076293945,
2011-04-29,33.54999923706055,10.380000114440918,34.06072998046875,,,4.869999885559082,48.58255386352539,19.765878677368164,,29.0925235748291,,,,27.389999389648438,
2011-05-02,33.54999923706055,10.670000076293945,33.46847915649414,,,4.625,48.19780731201172,19.567607879638672,,29.424240112304688,,,,27.350000381469727,
2011-05-03,33.4900016784668,10.390000343322754,32.84674072265625,,,4.5229997634887695,48.29399871826172,19.68199920654297,,29.238161087036133,,,,27.1299991607666,
2011-05-04,33.220001220703125,10.239999771118164,32.357688903808594,,,4.416999816894531,47.69938278198242,19.872638702392578,,28.518123626708984,,,,26.809999465942383,
2011-05-05,32.939998626708984,10.079999923706055,32.185672760009766,,,4.61899995803833,47.20096969604492,19.666746139526367,,28.048891067504883,,,,26.809999465942383,
2011-05-06,33.400001525878906,10.359999656677246,32.51743698120117,,,4.651000022888184,47.026084899902344,19.72774887084961,,28.2106990814209,,,,26.84000015258789,
2011-05-09,33.970001220703125,10.609999656677246,32.613277435302734,,,4.74399995803833,47.340877532958984,19.69723892211914,,28.47767448425293,,,,27.389999389648438,
2011-05-10,34.75,10.729999542236328,33.2669677734375,,,4.7210001945495605,47.9966926574707,19.57523536682129,,28.817468643188477,,,,27.610000610351562,
2011-05-11,35.400001525878906,10.579999923706055,33.02367401123047,,,4.60699987411499,47.60320281982422,19.338842391967773,,28.299684524536133,,,,27.329999923706055,
2011-05-12,35.86000061035156,10.770000457763672,33.29645538330078,,,4.701000213623047,48.87111282348633,19.308338165283203,,28.90645408630371,,,,27.829999923706055,
2011-05-13,35.33000183105469,10.920000076293945,33.15392303466797,,,4.696000099182129,48.39892578125,19.08718490600586,,28.469575881958008,,,,27.610000610351562,
2011-05-16,34.38999938964844,10.680000305175781,31.691722869873047,,,4.679999828338623,47.480796813964844,18.73640251159668,,27.65247344970703,,,,27.190000534057617,
2011-05-17,34.720001220703125,10.550000190734863,31.96695899963379,,,4.664999961853027,47.85679244995117,18.820831298828125,,27.45830535888672,,,,27.219999313354492,
2011-05-18,34.869998931884766,10.90999984741211,32.99172592163086,,,4.730999946594238,47.46330261230469,18.951324462890625,,27.43403434753418,,,,27.729999542236328,
2011-05-19,35.40999984741211,10.789999961853027,33.37509536743164,,,4.86299991607666,48.87984848022461,18.974349975585938,,27.91136360168457,,,,26.809999465942383,
2011-05-20,35.310001373291016,10.619999885559082,36.0291748046875,,,4.853000164031982,48.075374603271484,18.797807693481445,,27.725282669067383,,,,27.010000228881836,
2011-05-23,34.43000030517578,10.34000015258789,35.707244873046875,,,4.684000015258789,46.28285217285156,18.552186965942383,,26.82725715637207,,,,26.719999313354492,
2011-05-24,34.13999938964844,10.289999961853027,37.00971603393555,,,4.6479997634887695,46.1691780090332,18.53683853149414,,26.730186462402344,,,,26.489999771118164,
2011-05-25,34.130001068115234,10.6899995803833,37.09080505371094,,,4.791999816894531,46.405242919921875,18.56753921508789,,26.68973731994629,,,,26.760000228881836,
2011-05-26,34.540000915527344,10.640000343322754,37.73712921142578,,,4.730999946594238,46.87744903564453,18.93596649169922,,27.021432876586914,,,,26.920000076293945,
2011-05-27,34.290000915527344,10.640000343322754,37.181732177734375,,,4.785999774932861,46.66757583618164,19.005056381225586,,27.264142990112305,,,,26.969999313354492,
2011-05-31,34.630001068115234,10.6899995803833,37.41765213012695,,,4.848999977111816,47.1922492980957,19.19694709777832,,27.684825897216797,,,,27.34000015258789,
2011-06-01,34.119998931884766,10.5600004196167,35.825199127197266,,,4.96999979019165,46.62385177612305,18.751758575439453,,26.600749969482422,,,,27.079999923706055,
2011-06-02,34.2599983215332,10.569999694824219,36.429744720458984,,,4.702000141143799,45.88936233520508,18.59056282043457,,26.471290588378906,,,,27.190000534057617,
2011-06-03,33.27000045776367,10.550000190734863,35.631065368652344,,,4.688000202178955,44.96247863769531,18.35262107849121,,26.155776977539062,,,,26.459999084472656,
2011-06-06,32.84000015258789,10.699999809265137,35.100250244140625,,,4.739999771118164,44.75259780883789,18.429378509521484,,26.04250717163086,,,,26.3700008392334,
2011-06-07,33.0099983215332,10.4399995803833,34.906105041503906,,,4.840000152587891,45.08489227294922,18.467754364013672,,25.75935173034668,,,,26.25,
2011-06-08,32.2400016784668,10.220000267028809,34.47359085083008,,,4.789999961853027,44.59521484375,18.375640869140625,,25.282028198242188,,,,25.829999923706055,
2011-06-09,32.220001220703125,10.270000457763672,34.852046966552734,,,4.757999897003174,44.42032241821289,18.3909912109375,,25.589454650878906,,,,25.760000228881836,
2011-06-10,31.670000076293945,10.0600004196167,34.47850799560547,,,4.5320000648498535,44.03559112548828,18.1991024017334,,25.225393295288086,,,,25.280000686645508,
2011-06-13,31.65999984741211,10.079999923706055,33.692108154296875,,,4.550000190734863,44.05307388305664,18.452402114868164,,25.589454650878906,,,,25.15999984741211,
2011-06-14,32.09000015258789,10.380000114440918,34.5571403503418,,,4.578000068664551,44.36787414550781,18.59056282043457,,25.95351791381836,,,,25.31999969482422,
2011-06-15,31.1299991607666,10.09000015258789,34.27207565307617,,,4.461999893188477,43.423500061035156,18.222126007080078,,25.20921516418457,,,,25.06999969482422,
2011-06-16,30.799999237060547,10.15999984741211,33.73634338378906,,,4.633999824523926,43.02126693725586,18.421703338623047,,24.917966842651367,,,,24.90999984741211,
2011-06-17,30.469999313354492,10.029999732971191,34.28927230834961,,,4.5320000648498535,42.98628234863281,18.62127113342285,,25.225393295288086,,,,24.93000030517578,
2011-06-20,30.950000762939453,10.0,34.26961135864258,,,4.544000148773193,43.1961555480957,18.782455444335938,,25.81598472595215,,,,25.09000015258789,
2011-06-21,32.0099983215332,10.220000267028809,35.368106842041016,,,4.927999973297119,44.06181716918945,19.005056381225586,,26.414661407470703,,,,25.489999771118164,
2011-06-22,30.010000228881836,10.319999694824219,34.93314743041992,,,4.932000160217285,44.04433059692383,18.920621871948242,,26.05060577392578,,,,25.540000915527344,
2011-06-23,30.440000534057617,10.350000381469727,35.50572967529297,,,5.02400016784668,44.35038757324219,18.905271530151367,,26.260948181152344,,,,25.579999923706055,
2011-06-24,29.969999313354492,10.199999809265137,35.15185546875,,,5.170000076293945,44.157997131347656,18.65196990966797,,25.19303321838379,,,,25.350000381469727,
2011-06-27,30.889999389648438,10.239999771118164,35.65564727783203,,,5.202000141143799,44.43782424926758,19.34278678894043,,25.548999786376953,,,,25.420000076293945,
2011-06-28,30.790000915527344,10.460000038146973,36.215946197509766,,,5.3420000076293945,45.023685455322266,19.803329467773438,,26.163860321044922,,,,25.610000610351562,
2011-06-29,31.149999618530273,10.5,35.94070816040039,,,5.381999969482422,45.25102233886719,19.66516876220703,,26.236671447753906,,,,25.690000534057617,
2011-06-30,31.450000762939453,10.5600004196167,36.611595153808594,,,5.458000183105469,45.34721374511719,19.95684814453125,,26.625009536743164,,,,25.709999084472656,
2011-07-01,31.530000686645508,10.680000305175781,36.71235656738281,,,5.515999794006348,45.679473876953125,19.972198486328125,,26.73827362060547,,,,25.93000030517578,
2011-07-05,31.520000457763672,10.600000381469727,37.832969665527344,,,5.579999923706055,45.7844123840332,19.979869842529297,,26.746362686157227,,,,25.899999618530273,
2011-07-06,31.649999618530273,10.640000343322754,38.40802001953125,,,5.633999824523926,45.76692581176758,20.210134506225586,,26.867704391479492,,,,25.8700008392334,
2011-07-07,32.06999969482422,10.720000267028809,38.86020278930664,,,5.51800012588501,45.68821716308594,20.547882080078125,,27.579654693603516,,,,26.18000030517578,
2011-07-08,31.540000915527344,10.579999923706055,38.501399993896484,,,5.610000133514404,45.19853973388672,20.663009643554688,,27.45830535888672,,,,26.030000686645508,
2011-07-11,30.979999542236328,10.329999923706055,37.45942687988281,,,5.46999979019165,44.499027252197266,20.440414428710938,,26.858556747436523,,,,25.530000686645508,
2011-07-12,30.350000381469727,10.069999694824219,37.083438873291016,,,5.372000217437744,43.94813537597656,20.3713321685791,,26.420928955078125,,,,25.350000381469727,
2011-07-13,30.06999969482422,10.039999961853027,37.57001876831055,,,5.495999813079834,43.59837341308594,20.440414428710938,,26.49385643005371,,,,25.18000030517578,
2011-07-14,29.350000381469727,9.779999732971191,36.980220794677734,,,5.395999908447266,43.01253128051758,20.31760025024414,,25.975168228149414,,,,24.6200008392334,
2011-07-15,29.290000915527344,9.880000114440918,37.94355773925781,,,5.369999885559082,43.15241622924805,20.555553436279297,,26.00758934020996,,,,24.559999465942383,
2011-07-18,28.770000457763672,9.680000305175781,37.508583068847656,,,5.306000232696533,42.32173538208008,20.40970802307129,,25.521312713623047,,,,24.149999618530273,
2011-07-19,29.399999618530273,9.850000381469727,39.152645111083984,,,5.355999946594238,42.811405181884766,21.138900756835938,,26.453336715698242,,,,24.690000534057617,
2011-07-20,29.15999984741211,9.779999732971191,38.051692962646484,,,4.322000026702881,41.78833770751953,20.77046775817871,,25.999483108520508,,,,24.34000015258789,
2011-07-21,29.559999465942383,9.84000015258789,36.14714050292969,,,4.139999866485596,41.49102783203125,20.801170349121094,,26.3155574798584,,,,24.690000534057617,
2011-07-22,29.719999313354492,9.989999771118164,36.96302032470703,,,4.2179999351501465,41.93697738647461,21.131223678588867,,26.38039207458496,,,,24.889999389648438,
2011-07-25,29.649999618530273,9.880000114440918,36.771339416503906,,,4.118000030517578,42.56657028198242,21.42290496826172,,26.10484504699707,,,,24.670000076293945,
2011-07-26,29.6299991607666,9.869999885559082,37.29233169555664,,,4.138000011444092,42.50537109375,21.553388595581055,,26.056209564208984,,,,24.760000228881836,
2011-07-27,28.5,9.510000228881836,35.72936248779297,,,3.9619998931884766,41.3161506652832,20.977712631225586,,24.889150619506836,,,,24.09000015258789,
2011-07-28,28.020000457763672,9.40999984741211,35.903846740722656,,,3.9600000381469727,41.237457275390625,21.277063369750977,,24.85673713684082,,,,23.93000030517578,
2011-07-29,27.709999084472656,10.329999923706055,35.562255859375,,,4.064000129699707,40.83522033691406,21.03143882751465,,24.783794403076172,,,,23.969999313354492,
2011-08-01,27.670000076293945,10.0600004196167,35.79571533203125,,,4.047999858856201,40.310585021972656,20.931665420532227,,24.402877807617188,,,,23.6299991607666,
2011-08-02,27.030000686645508,9.6899995803833,35.2059211730957,,,4.026000022888184,39.698482513427734,20.570899963378906,,23.949020385742188,,,,23.420000076293945,
2011-08-03,27.3700008392334,9.970000267028809,35.38285446166992,,,4.216000080108643,40.144439697265625,20.663009643554688,,24.467710494995117,,,,23.610000610351562,
2011-08-04,26.149999618530273,9.289999961853027,33.281707763671875,,,4.159999847412109,38.815311431884766,19.910789489746094,,23.406017303466797,,,,22.610000610351562,
2011-08-05,25.6200008392334,9.140000343322754,33.34560775756836,,,3.9240000247955322,38.12452697753906,19.71122169494629,,22.976476669311523,,,,22.540000915527344,
2011-08-08,23.90999984741211,8.279999732971191,30.70134925842285,,,3.5999999046325684,35.7985954284668,18.790136337280273,,21.08810806274414,,,,21.579999923706055,
2011-08-09,24.809999465942383,8.920000076293945,32.56413269042969,,,3.8380000591278076,37.407508850097656,19.634464263916016,,22.36862564086914,,,,22.540000915527344,
2011-08-10,22.799999237060547,8.640000343322754,31.512319564819336,,,3.634000062942505,34.924171447753906,18.575214385986328,,21.460920333862305,,,,21.489999771118164,
2011-08-11,24.0,9.100000381469727,33.06544494628906,,,3.8919999599456787,36.769203186035156,19.335105895996094,,22.449674606323242,,,,22.18000030517578,
2011-08-12,24.100000381469727,9.069999694824219,32.949951171875,,,3.941999912261963,37.066490173339844,19.266029357910156,,22.198427200317383,,,,22.350000381469727,
2011-08-15,24.649999618530273,9.399999618530273,33.758460998535156,,,4.119999885559082,37.71354293823242,19.580732345581055,,22.40104866027832,,,,22.700000762939453,
2011-08-16,24.6299991607666,9.020000457763672,32.726318359375,,,4.064000129699707,37.494964599609375,19.580732345581055,,22.344310760498047,,,,22.579999923706055,
2011-08-17,24.559999465942383,8.949999809265137,31.040485382080078,,,4.168000221252441,37.05774688720703,19.50349235534668,,22.263275146484375,,,,23.440000534057617,
2011-08-18,23.280000686645508,8.399999618530273,28.030065536499023,,,3.740000009536743,35.23896408081055,19.05548095703125,,20.415424346923828,,,,23.719999313354492,
2011-08-19,22.690000534057617,8.119999885559082,27.278076171875,,,3.507999897003174,38.16826248168945,18.576587677001953,,20.08313751220703,,,,23.389999389648438,
2011-08-22,23.170000076293945,8.300000190734863,27.243671417236328,,,3.4519999027252197,38.386878967285156,18.522518157958984,,20.310068130493164,,,,23.690000534057617,
2011-08-23,23.780000686645508,8.649999618530273,29.160511016845703,,,3.696000099182129,39.71597671508789,19.094114303588867,,21.233991622924805,,,,25.530000686645508,
2011-08-24,24.100000381469727,8.859999656677246,28.61003303527832,,,3.568000078201294,40.09196853637695,19.2331485748291,,21.623008728027344,,,,25.469999313354492,
2011-08-25,23.8700008392334,8.609999656677246,27.639326095581055,,,3.497999906539917,39.01642608642578,18.978252410888672,,20.9908504486084,,,,24.68000030517578,
2011-08-26,24.540000915527344,8.869999885559082,28.875444412231445,,,3.7219998836517334,40.71281051635742,19.50349235534668,,21.598690032958984,,,,25.079999923706055,
2011-08-29,25.520000457763672,9.260000228881836,31.106834411621094,,,3.812000036239624,42.32173538208008,19.959211349487305,,22.619869232177734,,,,25.81999969482422,
2011-08-30,25.190000534057617,9.199999809265137,30.34010124206543,,,3.7639999389648438,42.61029815673828,20.260459899902344,,22.58745002746582,,,,25.739999771118164,
2011-08-31,25.239999771118164,9.239999771118164,31.64011001586914,,,3.8259999752044678,43.13493347167969,20.546253204345703,,22.749540328979492,,,,25.8799991607666,
2011-09-01,24.770000457763672,9.260000228881836,31.210050582885742,,,3.812000036239624,42.479129791259766,20.24500846862793,,22.56313705444336,,,,25.459999084472656,
2011-09-02,24.149999618530273,8.880000114440918,30.376964569091797,,,3.680000066757202,41.403587341308594,19.928314208984375,,21.8580379486084,,,,24.639999389648438,
2011-09-06,23.739999771118164,8.789999961853027,29.718355178833008,,,3.640000104904175,41.18497848510742,19.704320907592773,,21.469022750854492,,,,24.559999465942383,
2011-09-07,25.299999237060547,9.100000381469727,30.83159637451172,,,3.7699999809265137,41.735870361328125,20.082807540893555,,22.3929386138916,,,,25.559999465942383,
2011-09-08,24.989999771118164,9.050000190734863,30.6915225982666,,,3.691999912261963,41.05382537841797,20.252735137939453,,21.655424118041992,,,,25.559999465942383,
2011-09-09,24.639999389648438,8.880000114440918,30.283578872680664,,,3.5260000228881836,40.433006286621094,19.881980895996094,,21.0718936920166,,,,25.049999237060547,
2011-09-12,25.200000762939453,9.029999732971191,30.408910751342773,,,3.490000009536743,40.92266845703125,19.997833251953125,,21.67974281311035,,,,25.229999542236328,
2011-09-13,25.18000030517578,9.329999923706055,31.106834411621094,,,3.497999906539917,40.651607513427734,20.11370086669922,,22.465885162353516,,,,25.31999969482422,
2011-09-14,25.760000228881836,9.6899995803833,32.0357666015625,,,3.7239999771118164,41.52600860595703,20.469011306762695,,22.814382553100586,,,,25.81999969482422,
2011-09-15,26.1200008392334,9.84000015258789,32.492855072021484,,,3.7820000648498535,42.34796142578125,20.847496032714844,,23.462751388549805,,,,26.110000610351562,
2011-09-16,25.520000457763672,9.90999984741211,33.55939865112305,,,3.630000114440918,43.11745834350586,20.947906494140625,,23.68967628479004,,,,25.989999771118164,
2011-09-19,25.270000457763672,9.8100004196167,33.441444396972656,,,3.6760001182556152,43.161190032958984,21.017431259155273,,23.519481658935547,,,,25.59000015258789,
2011-09-20,24.639999389648438,9.569999694824219,31.556560516357422,,,3.4779999256134033,42.793907165527344,20.83976936340332,,22.976476669311523,,,,24.979999542236328,
2011-09-21,24.889999389648438,9.510000228881836,31.128952026367188,,,3.503999948501587,41.70090103149414,20.075075149536133,,23.940921783447266,,,,24.610000610351562,
2011-09-22,24.309999465942383,9.210000038146973,28.83612060546875,,,3.319999933242798,40.83522033691406,19.356739044189453,,22.968366622924805,,,,24.010000228881836,
2011-09-23,24.8799991607666,9.390000343322754,29.56353759765625,,,3.25,41.33363723754883,19.356739044189453,,23.422222137451172,,,,24.020000457763672,
2011-09-26,25.1299991607666,9.720000267028809,29.779794692993164,,,3.50600004196167,41.99818420410156,19.65024757385254,,24.078685760498047,,,,24.440000534057617,
2011-09-27,25.559999465942383,9.829999923706055,30.657115936279297,,,3.4700000286102295,42.645263671875,19.827905654907227,,24.419078826904297,,,,24.90999984741211,
2011-09-28,25.110000610351562,9.460000038146973,29.688867568969727,,,3.3919999599456787,42.260520935058594,19.75838851928711,,23.867979049682617,,,,24.809999465942383,
2011-09-29,24.989999771118164,9.579999923706055,29.37922477722168,,,3.359999895095825,42.35670852661133,19.657981872558594,,24.030059814453125,,,,24.760000228881836,
2011-09-30,24.170000076293945,9.239999771118164,28.084129333496094,,,3.359999895095825,41.482303619384766,19.22542381286621,,23.29254722595215,,,,24.360000610351562,
2011-10-03,23.260000228881836,9.0,27.501708984375,,,3.305999994277954,40.0832405090332,18.947349548339844,,22.644187927246094,,,,23.469999313354492,
2011-10-04,24.040000915527344,9.270000457763672,28.900014877319336,,,3.3259999752044678,41.0101203918457,19.57301139831543,,23.25202751159668,,,,24.440000534057617,
2011-10-05,24.68000030517578,9.34000015258789,28.814002990722656,,,3.4059998989105225,41.4399528503418,19.997833251953125,,23.91660499572754,,,,24.579999923706055,
2011-10-06,25.329999923706055,9.520000457763672,29.98130989074707,,,3.5739998817443848,42.782100677490234,20.345417022705078,,24.370452880859375,,,,25.299999237060547,
2011-10-07,25.280000686645508,9.489999771118164,29.725730895996094,,,3.5880000591278076,42.571556091308594,20.27590560913086,,24.289255142211914,,,,25.18000030517578,
2011-10-10,25.760000228881836,9.84000015258789,30.897953033447266,,,3.7119998931884766,44.09793472290039,20.808870315551758,,25.150049209594727,,,,25.6299991607666,
2011-10-11,25.84000015258789,9.930000305175781,31.355039596557617,,,3.6540000438690186,44.89619064331055,20.8552188873291,,25.11756706237793,,,,25.780000686645508,
2011-10-12,25.8799991607666,9.920000076293945,31.273944854736328,,,3.5439999103546143,45.61553192138672,20.824325561523438,,25.263751983642578,,,,25.729999542236328,
2011-10-13,25.799999237060547,9.989999771118164,31.836715698242188,,,3.7139999866485596,45.606754302978516,20.99424934387207,,25.28810691833496,,,,26.079999923706055,
2011-10-14,26.809999465942383,10.119999885559082,32.3896484375,,,3.9619998931884766,46.50151062011719,21.063772201538086,,25.864681243896484,,,,26.459999084472656,
2011-10-17,26.239999771118164,9.930000305175781,31.1412410736084,,,3.8540000915527344,45.86112594604492,20.83976936340332,,25.361194610595703,,,,25.979999542236328,
2011-10-18,26.760000228881836,10.069999694824219,31.834253311157227,,,3.930000066757202,46.05413818359375,21.094669342041016,,25.8890438079834,,,,26.399999618530273,
2011-10-19,26.020000457763672,9.960000038146973,31.300975799560547,,,3.700000047683716,45.56288528442383,20.95563507080078,,25.572343826293945,,,,26.15999984741211,
2011-10-20,26.079999923706055,9.90999984741211,31.377159118652344,,,3.6440000534057617,45.86112594604492,20.8861141204834,,25.604822158813477,,,,26.209999084472656,
2011-10-21,27.299999237060547,10.15999984741211,31.772809982299805,,,3.5280001163482666,46.931339263916016,20.978797912597656,,26.083942413330078,,,,26.719999313354492,
2011-10-24,28.200000762939453,10.539999961853027,32.569034576416016,,,3.8239998817443848,47.36996078491211,21.001976013183594,,26.693002700805664,,,,26.93000030517578,
2011-10-25,27.850000381469727,10.34000015258789,31.839170455932617,,,4.291999816894531,46.773441314697266,20.708459854125977,,26.28696632385254,,,,26.559999465942383,
2011-10-26,27.809999465942383,10.300000190734863,30.364673614501953,,,4.156000137329102,46.4664192199707,20.538530349731445,,26.311330795288086,,,,26.549999237060547,
2011-10-27,28.34000015258789,11.149999618530273,32.77301025390625,,,4.3460001945495605,48.431392669677734,21.048322677612305,,27.334543228149414,,,,27.18000030517578,
2011-10-28,29.020000457763672,11.100000381469727,34.19343566894531,,,4.611999988555908,47.905067443847656,20.83976936340332,,27.358903884887695,,,,27.190000534057617,
2011-10-31,29.40999984741211,11.069999694824219,32.726318359375,,,4.611999988555908,47.080482482910156,20.569429397583008,,26.611801147460938,,,,26.809999465942383,
2011-11-01,28.59000015258789,10.800000190734863,32.0333137512207,,,4.513999938964844,45.527793884277344,20.075075149536133,,25.734750747680664,,,,26.100000381469727,
2011-11-02,29.350000381469727,10.920000076293945,31.90797233581543,,,4.5920000076293945,45.975181579589844,20.090524673461914,,26.213871002197266,,,,26.610000610351562,
2011-11-03,30.15999984741211,11.119999885559082,32.69682693481445,,,5.0,47.32611083984375,20.49217414855957,,26.887908935546875,,,,27.309999465942383,
2011-11-04,29.790000915527344,11.09000015258789,32.27414321899414,,,4.938000202178955,47.12434005737305,20.27590560913086,,26.433135986328125,,,,27.110000610351562,
2011-11-07,29.920000076293945,11.0,32.768096923828125,,,4.791999816894531,46.78221130371094,20.700733184814453,,26.693002700805664,,,,27.15999984741211,
2011-11-08,30.420000076293945,11.300000190734863,32.96223831176758,,,4.8420000076293945,47.43135452270508,20.978797912597656,,27.293935775756836,,,,27.420000076293945,
2011-11-09,28.079999923706055,11.130000114440918,31.64011001586914,,,4.6539998054504395,45.91377639770508,20.237285614013672,,25.653539657592773,,,,26.979999542236328,
2011-11-10,28.030000686645508,11.260000228881836,31.40910530090332,,,4.99399995803833,46.31730651855469,20.299081802368164,,25.76723289489746,,,,26.989999771118164,
2011-11-11,28.43000030517578,11.489999771118164,31.915348052978516,,,4.9120001792907715,47.38750457763672,20.78569984436035,,26.28696632385254,,,,27.43000030517578,
2011-11-14,28.239999771118164,11.40999984741211,32.81233215332031,,,4.9039998054504395,46.720821380615234,20.66983985900879,,26.23011589050293,,,,27.309999465942383,
2011-11-15,28.469999313354492,11.569999694824219,33.56923294067383,,,5.1519999504089355,47.27346420288086,20.809925079345703,,26.76608657836914,,,,27.530000686645508,
2011-11-16,28.540000915527344,11.3100004196167,32.37981033325195,,,5.107999801635742,46.88747787475586,20.28849983215332,,25.978370666503906,,,,27.34000015258789,
2011-11-17,27.690000534057617,11.100000381469727,30.986417770385742,,,4.895999908447266,45.39621353149414,19.87604331970215,,25.02823829650879,,,,27.030000686645508,
2011-11-18,27.18000030517578,11.039999961853027,27.875244140625,,,4.855999946594238,45.65062713623047,19.689273834228516,,24.84958267211914,,,,27.219999313354492,
2011-11-21,26.6299991607666,10.710000038146973,27.51890754699707,,,4.73799991607666,44.52775955200195,19.455795288085938,,24.289255142211914,,,,26.700000762939453,
2011-11-22,26.329999923706055,10.59000015258789,26.602266311645508,,,4.71999979019165,44.203189849853516,19.292367935180664,,24.208045959472656,,,,26.700000762939453,
2011-11-23,25.940000534057617,10.289999961853027,25.997730255126953,,,4.564000129699707,43.238250732421875,19.043331146240234,,23.55025863647461,,,,26.309999465942383,
2011-11-25,25.829999923706055,10.180000305175781,25.786380767822266,,,4.558000087738037,43.220699310302734,18.91103744506836,,23.3391170501709,,,,26.68000030517578,
2011-11-28,26.6200008392334,10.460000038146973,27.322311401367188,,,4.705999851226807,44.668113708496094,19.35462760925293,,24.25676727294922,,,,27.209999084472656,
2011-11-29,26.06999969482422,10.3100004196167,27.177318572998047,,,4.625999927520752,44.615501403808594,19.331279754638672,,24.151195526123047,,,,27.040000915527344,
2011-11-30,27.420000076293945,10.9399995803833,29.101530075073242,,,4.797999858856201,46.70328140258789,19.90717315673828,,25.45863914489746,,,,27.969999313354492,
2011-12-01,27.139999389648438,10.760000228881836,29.091699600219727,,,4.803999900817871,46.42256546020508,19.6737060546875,,25.71851348876953,,,,27.5,
2011-12-02,27.110000610351562,10.819999694824219,29.40134048461914,,,4.877999782562256,46.24712371826172,19.62700843811035,,25.33683204650879,,,,27.440000534057617,
2011-12-05,27.90999984741211,10.989999771118164,30.721010208129883,,,5.119999885559082,47.8612060546875,20.000560760498047,,25.905284881591797,,,,27.6200008392334,
2011-12-06,27.959999084472656,10.90999984741211,30.305696487426758,,,4.914000034332275,47.510318756103516,19.96943473815918,,25.76723289489746,,,,27.489999771118164,
2011-12-07,27.860000610351562,10.920000076293945,30.126298904418945,,,4.734000205993652,47.06294250488281,19.922731399536133,,25.612939834594727,,,,27.739999771118164,
2011-12-08,27.3799991607666,10.680000305175781,29.644634246826172,,,4.690000057220459,46.10676193237305,19.767091751098633,,24.96327781677246,,,,27.649999618530273,
2011-12-09,28.040000915527344,10.890000343322754,30.443313598632812,,,4.9079999923706055,46.72958755493164,20.000560760498047,,25.734750747680664,,,,28.020000457763672,
2011-12-12,27.389999389648438,10.59000015258789,28.524017333984375,,,4.789999961853027,46.35237121582031,19.852689743041992,,25.43427848815918,,,,27.3799991607666,
2011-12-13,26.989999771118164,10.329999923706055,27.850669860839844,,,4.6620001792907715,46.81731414794922,20.047258377075195,,25.036357879638672,,,,26.969999313354492,
2011-12-14,26.520000457763672,10.15999984741211,26.631755828857422,,,4.432000160217285,45.44007110595703,19.91494369506836,,24.25676727294922,,,,26.68000030517578,
2011-12-15,26.459999084472656,10.15999984741211,26.223814010620117,,,4.369999885559082,44.99269104003906,19.891611099243164,,23.57461929321289,,,,26.729999542236328,
2011-12-16,28.200000762939453,10.359999656677246,26.309823989868164,,,4.434000015258789,45.42252731323242,20.234033584594727,,23.720796585083008,,,,26.8799991607666,
2011-12-19,27.510000228881836,10.119999885559082,25.427589416503906,,,4.315999984741211,44.75584411621094,19.868255615234375,,23.233552932739258,,,,26.489999771118164,
2011-12-20,28.440000534057617,10.539999961853027,25.636474609375,,,4.271999835968018,47.1682014465332,20.257373809814453,,23.688316345214844,,,,27.389999389648438,
2011-12-21,27.969999313354492,10.350000381469727,24.33646583557129,,,4.010000228881836,46.554134368896484,20.047258377075195,,20.927255630493164,,,,26.75,
2011-12-22,27.889999389648438,10.5,24.658395767211914,,,4.124000072479248,46.67695999145508,20.086164474487305,,20.862279891967773,,,,27.209999084472656,
2011-12-23,28.290000915527344,10.520000457763672,24.0882568359375,,,4.165999889373779,46.58045196533203,20.257373809814453,,21.16274642944336,,,,27.31999969482422,
2011-12-27,28.5,10.390000343322754,24.6461124420166,,,4.228000164031982,46.6418571472168,20.265165328979492,,20.813556671142578,,,,27.360000610351562,
2011-12-28,28.020000457763672,10.130000114440918,24.60679054260254,,,4.26800012588501,45.975181579589844,20.093944549560547,,20.716108322143555,,,,26.959999084472656,
2011-12-29,28.309999465942383,10.34000015258789,25.113035202026367,,,4.331999778747559,46.290977478027344,20.249595642089844,,20.95160675048828,,,,27.049999237060547,
2011-12-30,28.270000457763672,10.399999618530273,24.933637619018555,,,4.361999988555908,46.13308334350586,20.202896118164062,,20.829795837402344,,,,27.200000762939453,
2012-01-03,28.56999969482422,10.34000015258789,24.869739532470703,,,4.1539998054504395,46.01902770996094,20.833271026611328,,21.000337600708008,,,,26.989999771118164,
2012-01-04,28.280000686645508,10.0600004196167,23.955556869506836,,,4.021999835968018,45.87868881225586,21.32355499267578,,21.12214469909668,,,,26.489999771118164,
2012-01-05,28.479999542236328,10.369999885559082,24.27256965637207,,,4.039999961853027,46.089210510253906,21.541458129882812,,21.593156814575195,,,,26.850000381469727,
2012-01-06,28.719999313354492,10.1899995803833,24.835336685180664,,,4.081999778747559,46.731414794921875,21.876096725463867,,21.869260787963867,,,,26.8700008392334,
2012-01-09,28.530000686645508,10.050000190734863,24.7591552734375,,,4.033999919891357,46.78421401977539,21.588153839111328,,21.999483108520508,,,,27.040000915527344,
2012-01-10,29.200000762939453,10.149999618530273,25.75197982788086,,,3.9800000190734863,48.16537857055664,21.665979385375977,,21.95064926147461,,,,27.469999313354492,
2012-01-11,29.31999969482422,10.220000267028809,26.005098342895508,,,4.124000072479248,48.54366683959961,21.572593688964844,,21.885540008544922,,,,27.690000534057617,
2012-01-12,29.229999542236328,10.170000076293945,25.970693588256836,,,4.211999893188477,48.640445709228516,21.790496826171875,,22.113433837890625,,,,27.809999465942383,
2012-01-13,28.969999313354492,9.920000076293945,25.53326416015625,,,4.179999828338623,48.23578643798828,21.985048294067383,,22.251794815063477,,,,27.809999465942383,
2012-01-17,29.350000381469727,9.960000038146973,25.420215606689453,,,4.323999881744385,48.60525894165039,21.992830276489258,,22.51222801208496,,,,28.020000457763672,
2012-01-18,29.889999389648438,10.369999885559082,26.467103958129883,,,4.414000034332275,49.66094207763672,21.969484329223633,,23.0656795501709,,,,28.489999771118164,
2012-01-19,30.239999771118164,10.760000228881836,28.140655517578125,,,4.501999855041504,50.23277282714844,21.88388442993164,,23.244731903076172,,,,28.81999969482422,
2012-01-20,30.5,10.619999885559082,28.06201171875,,,4.550000190734863,50.223960876464844,23.12127113342285,,23.366819381713867,,,,29.200000762939453,
2012-01-23,30.229999542236328,10.529999732971191,28.19963264465332,,,4.4720001220703125,50.50547790527344,23.136831283569336,,23.106372833251953,,,,29.200000762939453,
2012-01-24,30.950000762939453,10.739999771118164,28.8828125,,,4.464000225067139,50.43510818481445,22.83332633972168,,23.20404052734375,,,,29.139999389648438,
2012-01-25,31.34000015258789,10.6899995803833,29.032718658447266,,,4.5920000076293945,50.60223388671875,23.004535675048828,,23.20404052734375,,,,29.190000534057617,
2012-01-26,31.18000030517578,10.699999809265137,28.560884475708008,,,4.572000026702881,50.57585906982422,22.957836151123047,,23.024988174438477,,,,29.18000030517578,
2012-01-27,31.049999237060547,10.670000076293945,28.654268264770508,,,4.556000232696533,50.45269012451172,22.747718811035156,,23.130786895751953,,,,29.229999542236328,
2012-01-30,31.0,10.550000190734863,28.401145935058594,,,4.498000144958496,49.757713317871094,23.043441772460938,,23.27729606628418,,,,29.06999969482422,
2012-01-31,30.950000762939453,10.5600004196167,28.703418731689453,,,4.561999797821045,49.652130126953125,22.981191635131836,,22.95987319946289,,,,29.170000076293945,
2012-02-01,31.239999771118164,10.800000190734863,29.32270050048828,,,5.007999897003174,50.9189567565918,23.261350631713867,,23.505184173583984,,,,29.489999771118164,
2012-02-02,31.290000915527344,11.640000343322754,29.067123413085938,,,5.105999946594238,50.90134811401367,23.308042526245117,,23.448209762573242,,,,29.579999923706055,
2012-02-03,31.850000381469727,11.729999542236328,30.49738121032715,,,5.076000213623047,51.437984466552734,23.533735275268555,,23.6923770904541,,,,29.6299991607666,
2012-02-06,31.860000610351562,11.619999885559082,30.283578872680664,,,5.026000022888184,50.936553955078125,23.502609252929688,,23.602848052978516,,,,29.739999771118164,
2012-02-07,32.279998779296875,11.739999771118164,30.17790985107422,,,4.96999979019165,50.690223693847656,23.619340896606445,,23.562150955200195,,,,29.760000228881836,
2012-02-08,32.099998474121094,11.760000228881836,30.423656463623047,,,5.053999900817871,50.63744354248047,23.86058807373047,,23.383100509643555,,,,30.030000686645508,
2012-02-09,32.650001525878906,12.0,30.86846351623535,,,5.24399995803833,50.672630310058594,23.94619369506836,,23.513320922851562,,,,30.25,
2012-02-10,32.209999084472656,11.770000457763672,31.563934326171875,,,5.116000175476074,49.863277435302734,23.73607063293457,,23.19589614868164,,,,30.059999465942383,
2012-02-13,32.349998474121094,11.699999809265137,32.49530792236328,,,5.276000022888184,49.78408432006836,23.7983341217041,,23.13892364501953,,,,30.1299991607666,
2012-02-14,32.439998626708984,11.829999923706055,32.34049606323242,,,5.340000152587891,49.94245529174805,23.696500778198242,,22.984281539916992,,,,30.3700008392334,
2012-02-15,32.459999084472656,11.9399995803833,32.09965896606445,,,5.164000034332275,49.83690643310547,23.539819717407227,,22.772674560546875,,,,30.209999084472656,
2012-02-16,32.86000061035156,12.029999732971191,32.37735366821289,,,5.26200008392334,51.03331756591797,24.51118278503418,,23.562150955200195,,,,30.440000534057617,
2012-02-17,32.75,11.9399995803833,31.743322372436523,,,5.191999912261963,50.47908020019531,24.47984504699707,,23.431928634643555,,,,30.350000381469727,
2012-02-21,32.540000915527344,11.979999542236328,31.359960556030273,,,5.239999771118164,50.60223388671875,24.62868881225586,,23.391237258911133,,,,30.389999389648438,
2012-02-22,32.33000183105469,11.800000190734863,31.473003387451172,,,5.22599983215332,53.59333038330078,24.495515823364258,,23.23659896850586,,,,30.6299991607666,
2012-02-23,32.970001220703125,11.899999618530273,32.38227081298828,,,5.25,51.62275314331055,24.5738582611084,,23.448209762573242,,,,30.510000228881836,
2012-02-24,33.40999984741211,11.8100004196167,35.2993049621582,,,5.3979997634887695,51.077301025390625,24.660024642944336,,23.806318283081055,,,,30.690000534057617,
2012-02-27,33.27000045776367,11.819999694824219,35.22804641723633,,,5.375999927520752,50.92774963378906,24.558191299438477,,23.814451217651367,,,,30.6200008392334,
2012-02-28,33.27000045776367,11.75,35.255069732666016,,,5.480000019073486,50.83097839355469,24.96552276611328,,23.92026138305664,,,,30.81999969482422,
2012-02-29,32.88999938964844,11.770000457763672,35.18134689331055,,,5.409999847412109,50.883766174316406,24.863697052001953,,23.806318283081055,,,,30.469999313354492,
2012-03-01,33.099998474121094,11.920000076293945,35.62860107421875,,,5.565999984741211,50.97172164916992,25.294538497924805,,24.27837562561035,,,,30.270000457763672,
2012-03-02,33.72999954223633,11.630000114440918,35.336158752441406,,,5.507999897003174,50.38230895996094,25.130029678344727,,24.384183883666992,,,,29.93000030517578,
2012-03-05,33.220001220703125,11.510000228881836,34.91593551635742,,,5.25,50.03042221069336,24.910696029663086,,24.612075805664062,,,,29.559999465942383,
2012-03-06,31.989999771118164,11.319999694824219,34.574344635009766,,,5.127999782562256,49.335453033447266,24.722694396972656,,24.36790657043457,,,,29.280000686645508,
2012-03-07,32.40999984741211,11.5,35.255069732666016,,,5.214000225067139,50.259151458740234,24.942031860351562,,24.595796585083008,,,,29.559999465942383,
2012-03-08,33.04999923706055,11.960000038146973,35.89893341064453,,,5.26200008392334,50.33833312988281,25.075197219848633,,24.47371482849121,,,,29.8700008392334,
2012-03-09,33.63999938964844,12.010000228881836,36.230690002441406,,,5.317999839782715,51.174068450927734,25.059532165527344,,24.522539138793945,,,,30.110000610351562,
2012-03-12,33.560001373291016,11.949999809265137,36.16680145263672,,,5.447999954223633,51.56995391845703,25.098703384399414,,24.180709838867188,,,,30.18000030517578,
2012-03-13,34.220001220703125,12.279999732971191,37.41765213012695,,,5.561999797821045,52.61684036254883,25.592208862304688,,24.522539138793945,,,,30.739999771118164,
2012-03-14,33.77000045776367,12.149999618530273,37.25791931152344,,,5.434000015258789,52.51126480102539,25.670547485351562,,24.28651237487793,,,,30.43000030517578,
2012-03-15,34.16999816894531,12.399999618530273,37.45942687988281,,,5.486000061035156,52.94234848022461,25.733224868774414,,24.4655704498291,,,,30.770000457763672,
2012-03-16,33.81999969482422,12.329999923706055,37.20384979248047,,,5.423999786376953,52.90715026855469,25.537368774414062,,24.205127716064453,,,,30.350000381469727,
2012-03-19,34.5099983215332,12.420000076293945,36.8475227355957,,,5.49399995803833,53.07429122924805,25.224035263061523,,24.22140121459961,,,,30.399999618530273,
2012-03-20,33.15999984741211,12.1899995803833,37.105552673339844,,,5.443999767303467,52.81916809082031,25.059532165527344,,24.49812889099121,,,,30.190000534057617,
2012-03-21,33.560001373291016,12.180000305175781,37.93618392944336,,,5.434000015258789,52.88956069946289,24.996862411499023,,23.936534881591797,,,,30.200000762939453,
2012-03-22,33.709999084472656,12.119999885559082,37.56018829345703,,,5.317999839782715,50.7869873046875,25.06736946105957,,23.301706314086914,,,,29.969999313354492,
2012-03-23,33.810001373291016,12.020000457763672,37.820682525634766,,,5.406000137329102,50.76939392089844,25.075197219848633,,23.23659896850586,,,,30.200000762939453,
2012-03-26,34.400001525878906,12.130000114440918,38.66605758666992,,,5.5320000648498535,51.66671371459961,25.529544830322266,,23.73306655883789,,,,30.559999465942383,
2012-03-27,34.630001068115234,12.140000343322754,37.722389221191406,,,5.423999786376953,52.32652282714844,25.47471046447754,,23.887714385986328,,,,30.56999969482422,
2012-03-28,34.459999084472656,12.09000015258789,37.8599967956543,,,5.331999778747559,52.3529167175293,25.21620750427246,,23.895843505859375,,,,30.770000457763672,
2012-03-29,34.47999954223633,11.890000343322754,38.43751525878906,,,5.455999851226807,52.63443374633789,25.16136932373047,,23.847021102905273,,,,31.020000457763672,
2012-03-30,34.310001373291016,11.84000015258789,37.970584869384766,,,5.53000020980835,52.92472839355469,25.27104377746582,,23.73306655883789,,,,30.65999984741211,
2012-04-02,34.70000076293945,11.890000343322754,38.62674331665039,,,5.684000015258789,53.329410552978516,25.294538497924805,,24.03420639038086,,,,30.93000030517578,
2012-04-03,34.310001373291016,11.890000343322754,38.90689468383789,,,5.684000015258789,53.07429122924805,25.02037239074707,,23.92026138305664,,,,31.040000915527344,
2012-04-04,33.459999084472656,11.760000228881836,38.25811767578125,,,5.639999866485596,52.23855209350586,24.448514938354492,,23.73306655883789,,,,30.469999313354492,
2012-04-05,33.59000015258789,11.789999961853027,38.59232711791992,,,5.688000202178955,52.714805603027344,24.691356658935547,,24.05862808227539,,,,30.209999084472656,
2012-04-09,33.220001220703125,11.569999694824219,38.710296630859375,,,5.576000213623047,52.132713317871094,24.362354278564453,,23.659006118774414,,,,30.170000076293945,
2012-04-10,32.61000061035156,11.239999771118164,37.77890396118164,,,5.452000141143799,51.6740837097168,23.86882781982422,,23.12075424194336,,,,29.690000534057617,
2012-04-11,33.0099983215332,11.380000114440918,38.84791564941406,,,5.455999851226807,52.94411849975586,23.77483367919922,,22.94948387145996,,,,29.850000381469727,
2012-04-12,33.54999923706055,11.600000381469727,38.901973724365234,,,5.558000087738037,53.44683837890625,24.268346786499023,,23.40618896484375,,,,30.190000534057617,
2012-04-13,33.18000030517578,11.510000228881836,39.16493225097656,,,5.5,53.21754455566406,24.135175704956055,,23.29201316833496,,,,29.850000381469727,
2012-04-16,32.849998474121094,11.489999771118164,38.07380294799805,,,5.409999847412109,53.19107437133789,24.346677780151367,,23.357254028320312,,,,29.899999618530273,
2012-04-17,33.84000015258789,11.779999732971191,38.3785285949707,,,5.510000228881836,54.275882720947266,24.62868881225586,,23.87920379638672,,,,30.040000915527344,
2012-04-18,33.38999938964844,11.75,38.98552703857422,,,5.5320000648498535,54.178863525390625,24.393678665161133,,23.756874084472656,,,,29.690000534057617,
2012-04-19,32.900001525878906,11.5600004196167,39.214073181152344,,,5.495999813079834,53.711429595947266,24.29184341430664,,23.659006118774414,,,,29.59000015258789,
2012-04-20,33.060001373291016,11.520000457763672,38.55792999267578,,,5.420000076293945,50.49226379394531,25.39637565612793,,23.552982330322266,,,,29.610000610351562,
2012-04-23,32.619998931884766,11.350000381469727,38.09100341796875,,,5.283999919891357,50.05127716064453,25.16136932373047,,23.226768493652344,,,,29.200000762939453,
2012-04-24,32.400001525878906,11.279999732971191,36.85734939575195,,,5.1479997634887695,49.645599365234375,25.004695892333984,,23.398027420043945,,,,29.059999465942383,
2012-04-25,33.130001068115234,11.670000076293945,37.03428649902344,,,5.288000106811523,50.62455368041992,25.224035263061523,,23.544837951660156,,,,29.469999313354492,
2012-04-26,33.2599983215332,11.880000114440918,38.385902404785156,,,5.196000099182129,50.80095672607422,25.153532028198242,,23.667163848876953,,,,30.25,
2012-04-27,33.58000183105469,11.859999656677246,38.49895095825195,,,5.24399995803833,51.13610076904297,25.051694869995117,,23.846593856811523,,,,30.31999969482422,
2012-04-30,33.54999923706055,11.670000076293945,38.27040100097656,,,5.223999977111816,51.12727737426758,25.08304214477539,,23.977069854736328,,,,30.010000228881836,
2012-05-01,33.77000045776367,11.680000305175781,38.553016662597656,,,5.2820000648498535,51.374237060546875,25.075197219848633,,24.1157169342041,,,,30.489999771118164,
2012-05-02,33.7599983215332,11.609999656677246,39.059261322021484,,,5.271999835968018,51.718196868896484,24.910696029663086,,24.229887008666992,,,,30.350000381469727,
2012-05-03,33.31999969482422,11.460000038146973,38.710296630859375,,,5.208000183105469,51.497711181640625,24.879364013671875,,23.960756301879883,,,,30.1200008392334,
2012-05-04,32.61000061035156,11.199999809265137,37.498748779296875,,,5.059999942779541,50.18359375,24.268346786499023,,23.169679641723633,,,,29.670000076293945,
2012-05-07,32.52000045776367,11.079999923706055,37.31198501586914,,,5.041999816894531,49.9013557434082,24.00983428955078,,22.770065307617188,,,,29.479999542236328,
2012-05-08,32.66999816894531,11.149999618530273,35.884185791015625,,,4.984000205993652,49.63675308227539,23.892332077026367,,22.77821922302246,,,,29.309999465942383,
2012-05-09,32.52000045776367,11.130000114440918,36.611595153808594,,,4.940000057220459,49.848445892333984,24.096004486083984,,22.6558895111084,,,,29.1200008392334,
2012-05-10,31.920000076293945,10.869999885559082,33.28416442871094,,,4.788000106811523,48.88707733154297,24.08033561706543,,22.036067962646484,,,,28.8799991607666,
2012-05-11,32.20000076293945,10.90999984741211,33.85921096801758,,,4.8379998207092285,49.23988723754883,24.40934944152832,,22.019760131835938,,,,29.09000015258789,
2012-05-14,32.22999954223633,10.800000190734863,33.556941986083984,,,4.754000186920166,48.81654357910156,24.033340454101562,,21.98713493347168,,,,29.190000534057617,
2012-05-15,32.33000183105469,10.789999961853027,33.93785858154297,,,4.803999900817871,48.940025329589844,23.82044219970703,,22.068695068359375,,,,29.110000610351562,
2012-05-16,32.36000061035156,10.460000038146973,33.56431579589844,,,4.8460001945495605,48.596046447753906,23.576011657714844,,21.79140853881836,,,,28.649999618530273,
2012-05-17,32.0099983215332,10.109999656677246,32.88113784790039,,,4.6579999923706055,47.98750305175781,23.434080123901367,,21.408096313476562,,,,28.1200008392334,
2012-05-18,31.309999465942383,9.90999984741211,35.77605056762695,,,4.48799991607666,48.07569122314453,23.079265594482422,,20.88615608215332,,,,27.489999771118164,
2012-05-21,32.0099983215332,10.239999771118164,36.62880325317383,,,4.611999988555908,48.72835159301758,23.45773696899414,,21.416257858276367,,,,28.040000915527344,
2012-05-22,32.0099983215332,10.170000076293945,36.72710037231445,,,4.6519999504089355,49.38099670410156,23.46561622619629,,21.4978084564209,,,,28.040000915527344,
2012-05-23,32.18000030517578,10.329999923706055,37.01217269897461,,,4.633999824523926,49.8043327331543,22.953102111816406,,21.758785247802734,,,,28.200000762939453,
2012-05-24,31.540000915527344,10.40999984741211,35.93088150024414,,,4.285999774932861,49.73379135131836,22.921552658081055,,21.30207633972168,,,,29.850000381469727,
2012-05-25,31.600000381469727,10.289999961853027,36.12501525878906,,,4.368000030517578,49.78670120239258,22.913671493530273,,21.31838607788086,,,,29.889999389648438,
2012-05-29,32.04999923706055,10.510000228881836,35.8030891418457,,,4.361999988555908,49.9454460144043,23.30791473388672,,21.579355239868164,,,,30.170000076293945,
2012-05-30,31.290000915527344,10.25,34.63823699951172,,,4.311999797821045,49.566219329833984,23.134449005126953,,21.34286117553711,,,,29.549999237060547,
2012-05-31,31.049999237060547,10.199999809265137,34.065643310546875,,,4.25,49.59266662597656,23.016178131103516,,21.587520599365234,,,,29.549999237060547,
2012-06-01,29.81999969482422,9.789999961853027,32.19058609008789,,,4.081999778747559,48.331459045410156,22.43269157409668,,21.204208374023438,,,,28.649999618530273,
2012-06-04,30.309999465942383,9.859999656677246,32.24711227416992,,,4.0980000495910645,48.43730163574219,22.511537551879883,,21.36733055114746,,,,28.3799991607666,
2012-06-05,30.709999084472656,10.09000015258789,32.86639404296875,,,4.1539998054504395,49.08994674682617,22.480005264282227,,21.783252716064453,,,,28.799999237060547,
2012-06-06,31.690000534057617,10.539999961853027,33.66261672973633,,,4.329999923706055,50.8891487121582,23.142335891723633,,22.45199966430664,,,,29.399999618530273,
2012-06-07,31.31999969482422,10.470000267028809,33.313655853271484,,,4.323999881744385,50.21885681152344,23.047719955444336,,22.166561126708984,,,,29.06999969482422,
2012-06-08,31.649999618530273,10.539999961853027,33.54220199584961,,,4.369999885559082,50.27177810668945,23.378881454467773,,22.15025520324707,,,,29.459999084472656,
2012-06-11,31.1299991607666,10.40999984741211,32.06033706665039,,,4.193999767303467,48.88707733154297,22.787508010864258,,21.86480712890625,,,,28.889999389648438,
2012-06-12,31.770000457763672,10.479999542236328,32.0898323059082,,,4.176000118255615,50.068912506103516,23.09502601623535,,22.04422950744629,,,,29.0,
2012-06-13,31.790000915527344,10.329999923706055,31.29114532470703,,,4.23799991607666,49.8043327331543,22.968870162963867,,22.036067962646484,,,,28.799999237060547,
2012-06-14,31.670000076293945,10.5,31.790019989013672,,,4.236000061035156,50.59809875488281,23.134449005126953,,21.94636344909668,,,,28.84000015258789,
2012-06-15,32.38999938964844,10.829999923706055,33.06791305541992,,,4.426000118255615,51.43597412109375,23.670631408691406,,22.590646743774414,,,,29.020000457763672,
2012-06-18,32.630001068115234,10.789999961853027,33.61838150024414,,,4.438000202178955,51.7711181640625,23.528701782226562,,22.117618560791016,,,,29.1200008392334,
2012-06-19,32.88999938964844,10.90999984741211,33.91573715209961,,,4.49399995803833,52.00926971435547,24.206811904907227,,22.802684783935547,,,,29.1299991607666,
2012-06-20,31.989999771118164,10.789999961853027,33.851844787597656,,,4.5279998779296875,51.88576126098633,24.38816261291504,,23.234922409057617,,,,29.280000686645508,
2012-06-21,31.229999542236328,10.539999961853027,32.62801742553711,,,4.388000011444092,50.17475509643555,23.765249252319336,,22.680356979370117,,,,28.399999618530273,
2012-06-22,31.56999969482422,10.680000305175781,33.6945686340332,,,4.513999938964844,50.853878021240234,24.206811904907227,,22.835308074951172,,,,28.510000228881836,
2012-06-25,30.850000381469727,10.40999984741211,32.969608306884766,,,4.383999824523926,49.69850158691406,23.55235481262207,,22.5253963470459,,,,28.040000915527344,
2012-06-26,31.06999969482422,10.569999694824219,33.257137298583984,,,4.400000095367432,50.28058624267578,23.670631408691406,,22.696672439575195,,,,28.059999465942383,
2012-06-27,31.40999984741211,10.5,33.35297775268555,,,4.535999774932861,50.73039245605469,23.78890037536621,,22.973955154418945,,,,28.030000686645508,
2012-06-28,31.170000076293945,10.489999771118164,32.38472366333008,,,4.3979997634887695,50.27177810668945,23.583898544311523,,22.973955154418945,,,,28.329999923706055,
2012-06-29,32.369998931884766,10.989999771118164,33.977176666259766,,,4.644000053405762,52.34437561035156,24.120073318481445,4.920000076293945,24.221742630004883,,,,29.43000030517578,
2012-07-02,32.189998626708984,11.229999542236328,34.17623519897461,,,4.7220001220703125,52.63543701171875,24.096420288085938,4.953999996185303,24.30328941345215,,,,29.469999313354492,
2012-07-03,32.5099983215332,11.520000457763672,34.73654556274414,,,4.840000152587891,53.04995346069336,24.254114151000977,5.061999797821045,24.441936492919922,,,,30.010000228881836,
2012-07-05,32.529998779296875,11.710000038146973,34.99948501586914,,,4.826000213623047,52.84709548950195,24.206811904907227,5.191999912261963,24.23805046081543,,,,30.110000610351562,
2012-07-06,31.3700008392334,11.420000076293945,33.3603515625,,,4.360000133514404,51.19371032714844,23.804672241210938,5.168000221252441,23.797653198242188,,,,29.6200008392334,
2012-07-09,30.43000030517578,11.180000305175781,32.26677322387695,,,4.23799991607666,50.786983489990234,23.654857635498047,5.053999900817871,23.732404708862305,,,,29.479999542236328,
2012-07-10,30.440000534057617,11.020000457763672,31.669601440429688,,,4.245999813079834,50.79580307006836,23.44985008239746,5.010000228881836,23.691633224487305,,,,29.56999969482422,
2012-07-11,30.200000762939453,11.039999961853027,31.18793487548828,,,4.210000038146973,50.698551177978516,23.10291862487793,4.748000144958496,23.88777732849121,,,,29.56999969482422,
2012-07-12,30.139999389648438,10.859999656677246,31.342754364013672,,,4.185999870300293,50.06195831298828,22.574613571166992,4.815999984741211,23.552705764770508,,,,29.649999618530273,
2012-07-13,30.649999618530273,11.050000190734863,32.082454681396484,,,4.309999942779541,50.59245300292969,23.173879623413086,4.835999965667725,24.173797607421875,,,,30.190000534057617,
2012-07-16,30.399999618530273,11.170000076293945,31.45334243774414,,,4.25600004196167,50.51288604736328,23.213300704956055,4.875999927520752,24.124767303466797,,,,30.209999084472656,
2012-07-17,30.649999618530273,11.229999542236328,31.155986785888672,,,4.251999855041504,51.432437896728516,23.386770248413086,4.854000091552734,24.451662063598633,,,,30.420000076293945,
2012-07-18,31.43000030517578,11.5,33.15146255493164,,,4.696000099182129,52.83826446533203,24.00968360900879,4.8460001945495605,24.9256534576416,,,,30.889999389648438,
2012-07-19,31.889999389648438,11.710000038146973,34.186065673828125,,,4.808000087738037,52.71446990966797,24.183143615722656,4.800000190734863,25.228036880493164,,,,30.829999923706055,
2012-07-20,31.3799991607666,11.569999694824219,33.21536636352539,,,4.693999767303467,51.89219665527344,23.749475479125977,5.046000003814697,24.615110397338867,8.854999542236328,,,30.709999084472656,
2012-07-23,30.639999389648438,11.470000267028809,32.19304656982422,,,4.564000129699707,50.477516174316406,23.08713722229004,4.869999885559082,24.231008529663086,8.585000038146973,,,30.040000915527344,
2012-07-24,30.020000457763672,11.229999542236328,31.1412410736084,,,4.447999954223633,50.18574523925781,22.984636306762695,4.9679999351501465,23.961315155029297,9.25,,,29.579999923706055,
2012-07-25,30.329999923706055,11.420000076293945,30.79719352722168,,,4.478000164031982,49.97353744506836,22.732324600219727,4.986000061035156,23.912282943725586,9.824999809265137,,,29.860000610351562,
2012-07-26,30.950000762939453,12.020000457763672,30.622713088989258,,,5.010000228881836,50.672035217285156,22.992523193359375,4.883999824523926,24.517038345336914,9.979999542236328,,,30.770000457763672,
2012-07-27,31.899999618530273,12.390000343322754,32.31346130371094,,,5.085999965667725,52.06017303466797,23.46561622619629,5.065999984741211,25.146303176879883,9.5,,,31.06999969482422,
2012-07-30,31.010000228881836,12.239999771118164,30.932353973388672,,,4.921999931335449,51.7330436706543,23.371002197265625,5.078000068664551,24.99103546142578,9.166666984558105,,,30.709999084472656,
2012-07-31,30.8799991607666,12.220000267028809,30.561275482177734,,,4.802000045776367,51.2997932434082,23.236955642700195,5.400000095367432,24.680482864379883,9.523332595825195,,,30.290000915527344,
2012-08-01,30.690000534057617,12.210000038146973,30.612884521484375,,,4.676000118255615,51.22022247314453,23.189647674560547,5.541999816894531,24.77855110168457,9.363332748413086,,,30.100000381469727,
2012-08-02,30.579999923706055,12.239999771118164,29.826488494873047,,,4.685999870300293,51.09644317626953,23.016178131103516,5.815999984741211,24.451662063598633,9.183333396911621,,,30.110000610351562,
2012-08-03,32.02000045776367,12.430000305175781,31.52215003967285,,,4.854000091552734,52.22818374633789,23.45773696899414,5.734000205993652,25.105449676513672,9.131667137145996,,,30.549999237060547,
2012-08-06,32.13999938964844,12.390000343322754,32.6157341003418,,,4.909999847412109,52.71446990966797,23.615434646606445,5.604000091552734,25.334278106689453,9.130000114440918,,,30.649999618530273,
2012-08-07,32.369998931884766,12.390000343322754,33.588890075683594,,,5.026000022888184,52.84709930419922,23.85986328125,5.599999904632568,25.742895126342773,9.466667175292969,,,30.84000015258789,
2012-08-08,32.5099983215332,12.4399995803833,33.31119918823242,,,4.978000164031982,52.71446990966797,23.91506576538086,5.513999938964844,25.46503448486328,10.154999732971191,,,30.799999237060547,
2012-08-09,32.650001525878906,12.579999923706055,33.85430145263672,,,4.943999767303467,52.254695892333984,24.049110412597656,5.9019999504089355,25.636655807495117,10.221667289733887,,,30.799999237060547,
2012-08-10,32.63999938964844,12.5600004196167,34.365455627441406,,,4.955999851226807,52.19282531738281,23.986026763916016,6.329999923706055,25.832788467407227,10.220000267028809,,,30.75,
2012-08-13,32.27000045776367,12.529999732971191,35.670387268066406,,,4.877999782562256,51.538543701171875,23.962369918823242,6.486000061035156,25.62847137451172,10.453332901000977,,,30.579999923706055,
2012-08-14,32.11000061035156,12.380000114440918,35.033897399902344,,,4.77400016784668,51.2997932434082,23.914752960205078,6.455999851226807,25.62030601501465,9.966667175292969,,,30.290000915527344,
2012-08-15,32.90999984741211,12.539999961853027,35.41972732543945,,,4.881999969482422,52.34313201904297,23.970308303833008,5.935999870300293,25.78375244140625,10.454999923706055,,,30.90999984741211,
2012-08-16,33.650001525878906,12.649999618530273,36.115196228027344,,,4.980000019073486,53.112361907958984,24.4306640625,5.949999809265137,26.176015853881836,11.083333015441895,,,31.200000762939453,
2012-08-17,33.79999923706055,12.779999732971191,36.18153762817383,,,5.072000026702881,52.83826446533203,24.525915145874023,5.920000076293945,26.314952850341797,11.21500015258789,,,31.280000686645508,
2012-08-20,33.91999816894531,12.760000228881836,36.26510238647461,,,5.041999816894531,52.47574234008789,24.398916244506836,5.978000164031982,26.184202194213867,10.911666870117188,,,31.34000015258789,
2012-08-21,33.75,12.84000015258789,36.28229522705078,,,5.073999881744385,52.12207794189453,24.44654083251953,6.052000045776367,25.947195053100586,10.720000267028809,,,31.700000762939453,
2012-08-22,33.84000015258789,12.869999885559082,36.523128509521484,,,5.1519999504089355,52.74100875854492,24.24017333984375,5.96999979019165,25.90634536743164,10.541666984558105,,,31.649999618530273,
2012-08-23,33.5,12.899999618530273,36.06850051879883,,,5.138000011444092,51.45011901855469,24.017929077148438,5.806000232696533,25.81644630432129,10.6899995803833,,,33.2599983215332,
2012-08-24,32.2599983215332,12.729999542236328,36.50347137451172,,,5.122000217437744,51.66230773925781,24.256052017211914,5.940000057220459,26.110645294189453,10.795000076293945,,,33.279998779296875,
2012-08-27,32.31999969482422,12.770000457763672,36.63125991821289,,,5.257999897003174,52.104400634765625,24.35923194885254,5.854000091552734,26.012584686279297,10.614999771118164,,,33.31999969482422,
2012-08-28,32.060001373291016,13.069999694824219,35.66301345825195,,,5.283999919891357,51.971771240234375,24.31160545349121,5.863999843597412,25.808269500732422,10.649999618530273,,,33.439998626708984,
2012-08-29,31.959999084472656,13.020000457763672,35.78097152709961,,,5.302000045776367,52.17513656616211,24.32748794555664,5.8979997634887695,25.734716415405273,10.78833293914795,,,33.2400016784668,
2012-08-30,31.459999084472656,12.84000015258789,35.06584167480469,,,5.211999893188477,51.467796325683594,24.065553665161133,5.955999851226807,25.47319793701172,10.571666717529297,,,32.869998931884766,
2012-08-31,31.270000457763672,13.199999809265137,35.67775344848633,,,5.302000045776367,51.75956344604492,24.462413787841797,6.21999979019165,25.865476608276367,10.729999542236328,,,33.029998779296875,
2012-09-04,31.440000534057617,13.390000343322754,35.594200134277344,,,5.322000026702881,51.768409729003906,24.12111473083496,6.734000205993652,25.80008888244629,11.701666831970215,,,33.689998626708984,
2012-09-05,32.2599983215332,13.420000076293945,35.567169189453125,,,5.306000232696533,51.538543701171875,24.12111473083496,6.8379998207092285,26.208711624145508,11.666666984558105,,,33.689998626708984,
2012-09-06,32.790000915527344,13.479999542236328,36.5894775390625,,,5.480000019073486,52.82057571411133,24.883087158203125,7.211999893188477,26.666370391845703,11.901666641235352,,,34.099998474121094,
2012-09-07,32.459999084472656,13.539999961853027,36.75659942626953,,,5.47599983215332,52.57301330566406,24.565601348876953,7.309999942779541,26.64185333251953,11.789999961853027,,,33.72999954223633,
2012-09-10,32.130001068115234,13.649999618530273,36.700069427490234,,,5.466000080108643,52.71446990966797,24.383041381835938,6.877999782562256,26.404855728149414,11.958333015441895,,,33.65999984741211,
2012-09-11,32.43000030517578,13.489999771118164,37.05640411376953,,,5.440000057220459,53.006256103515625,24.43860626220703,6.6020002365112305,26.413022994995117,11.100000381469727,,,33.65999984741211,
2012-09-12,32.41999816894531,13.609999656677246,37.52824783325195,,,5.498000144958496,52.97971725463867,24.4306640625,7.010000228881836,26.363996505737305,10.8100004196167,,,34.060001373291016,
2012-09-13,32.810001373291016,13.609999656677246,38.580039978027344,,,5.52400016784668,53.0239372253418,24.557666778564453,7.501999855041504,26.658191680908203,11.329999923706055,,,33.95000076293945,
2012-09-14,33.34000015258789,13.539999961853027,39.17966842651367,,,5.535999774932861,53.298038482666016,24.7719669342041,7.811999797821045,26.92788314819336,11.164999961853027,,,33.61000061035156,
2012-09-17,33.40999984741211,13.489999771118164,38.867576599121094,,,5.46999979019165,53.18309783935547,24.7719669342041,7.638000011444092,27.050464630126953,11.31833267211914,,,33.869998931884766,
2012-09-18,32.56999969482422,13.399999618530273,38.40802001953125,,,5.455999851226807,52.48459243774414,24.748159408569336,7.360000133514404,26.98508644104004,11.529999732971191,,,33.88999938964844,
2012-09-19,33.119998931884766,13.430000305175781,38.823333740234375,,,5.507999897003174,51.83914566040039,24.644962310791016,7.730000019073486,26.788942337036133,11.333333015441895,,,33.95000076293945,
2012-09-20,34.529998779296875,13.329999923706055,38.341678619384766,,,5.47599983215332,52.00715255737305,24.962459564208984,7.599999904632568,26.363996505737305,10.841667175292969,,,33.900001525878906,
2012-09-21,33.83000183105469,13.319999694824219,38.14015579223633,,,5.400000095367432,51.61809158325195,24.756093978881836,7.926000118255615,26.535602569580078,10.670000076293945,,,33.72999954223633,
2012-09-24,33.41999816894531,13.130000114440918,37.739593505859375,,,5.216000080108643,51.432437896728516,24.4306640625,8.074000358581543,26.331296920776367,10.776666641235352,,,33.5,
2012-09-25,32.900001525878906,12.859999656677246,37.385704040527344,,,5.170000076293945,51.16716766357422,24.12111473083496,7.998000144958496,25.579437255859375,10.694999694824219,,,32.88999938964844,
2012-09-26,32.529998779296875,12.800000190734863,36.60177230834961,,,5.004000186920166,51.255592346191406,23.946495056152344,7.616000175476074,25.113622665405273,10.541666984558105,,,32.77000045776367,
2012-09-27,32.79999923706055,12.899999618530273,37.64374923706055,,,4.938000202178955,52.02483367919922,23.93856430053711,8.008000373840332,25.51406478881836,10.845000267028809,,,33.13999938964844,
2012-09-28,32.439998626708984,12.869999885559082,37.52332305908203,,,4.823999881744385,52.06017303466797,23.621068954467773,7.736000061035156,25.710201263427734,10.261667251586914,,,32.9900016784668,
2012-10-01,32.619998931884766,12.680000305175781,37.14241409301758,,,4.679999828338623,52.466915130615234,23.406766891479492,7.296000003814697,25.88182258605957,10.100000381469727,,,32.369998931884766,
2012-10-02,32.56999969482422,12.800000190734863,37.58477020263672,,,4.6519999504089355,52.917850494384766,23.54170036315918,7.300000190734863,25.865476608276367,10.333333015441895,,,32.560001373291016,
2012-10-03,32.599998474121094,12.890000343322754,38.59232711791992,,,4.676000118255615,53.987693786621094,23.700448989868164,7.406000137329102,26.004405975341797,10.976667404174805,,,32.720001220703125,
2012-10-04,32.68000030517578,13.0,38.78647232055664,,,4.789999961853027,53.99653244018555,23.835372924804688,7.429999828338623,26.06977653503418,10.960000038146973,,,32.86000061035156,
2012-10-05,32.470001220703125,12.84000015258789,38.024658203125,,,4.817999839782715,54.19158172607422,23.692508697509766,7.400000095367432,25.652996063232422,10.333333015441895,,,32.869998931884766,
2012-10-08,32.22999954223633,12.670000076293945,37.7469596862793,,,4.76200008392334,53.70394515991211,23.636951446533203,7.306000232696533,25.48137664794922,10.345000267028809,,,32.68000030517578,
2012-10-09,31.690000534057617,12.579999923706055,37.388160705566406,,,4.742000102996826,53.074432373046875,23.240083694458008,7.199999809265137,25.048234939575195,10.326666831970215,,,32.08000183105469,
2012-10-10,31.510000228881836,12.489999771118164,36.90158462524414,,,4.73199987411499,52.87936019897461,23.001976013183594,6.955999851226807,25.040050506591797,10.239999771118164,,,32.11000061035156,
2012-10-11,31.780000686645508,12.600000381469727,37.503665924072266,,,4.7820000648498535,52.86162567138672,22.978160858154297,6.900000095367432,25.154691696166992,10.15999984741211,,,32.25,
2012-10-12,31.940000534057617,12.510000228881836,37.6707763671875,,,4.8520002365112305,53.10103225708008,23.17658805847168,6.664000034332275,25.383962631225586,10.493332862854004,,,32.099998474121094,48.689998626708984
2012-10-15,32.33000183105469,12.5600004196167,37.88212203979492,,,4.949999809265137,53.29608154296875,23.422643661499023,6.9019999504089355,25.629613876342773,10.925000190734863,,,32.18000030517578,51.939998626708984
2012-10-16,33.2400016784668,12.970000267028809,38.20405197143555,,,4.960000038146973,53.89899444580078,23.406766891479492,6.861999988555908,26.096351623535156,10.928333282470703,,,32.79999923706055,52.15999984741211
2012-10-17,33.439998626708984,12.819999694824219,37.26283645629883,,,4.0279998779296875,54.00539779663086,23.486143112182617,6.953999996185303,25.572303771972656,10.916666984558105,,,32.790000915527344,55.40999984741211
2012-10-18,33.470001220703125,12.720000267028809,36.8868408203125,,,3.9059998989105225,53.74827194213867,23.41470718383789,6.958000183105469,25.482221603393555,10.316666603088379,,,32.560001373291016,53.41999816894531
2012-10-19,33.2400016784668,12.609999656677246,36.61896896362305,,,3.944000005722046,53.03895568847656,22.73210906982422,6.869999885559082,24.958168029785156,10.00333309173584,,,32.0,55.25
2012-10-22,33.4900016784668,12.390000343322754,36.27983856201172,,,3.890000104904175,53.145362854003906,22.224130630493164,6.688000202178955,25.220197677612305,10.0,,,32.0,55.400001525878906
2012-10-23,33.310001373291016,12.420000076293945,36.56736755371094,,,3.9100000858306885,52.826171875,22.263816833496094,6.9120001792907715,25.048234939575195,9.958333015441895,,,32.189998626708984,54.380001068115234
2012-10-24,33.36000061035156,12.710000038146973,36.42482376098633,,,3.8499999046325684,52.843910217285156,22.144758224487305,7.130000114440918,25.056428909301758,9.958333015441895,,,32.34000015258789,52.119998931884766
2012-10-25,33.400001525878906,12.729999542236328,35.70970153808594,,,3.874000072479248,52.7020378112793,22.128881454467773,6.2779998779296875,25.26932716369629,9.675000190734863,,,32.279998779296875,49.2400016784668
2012-10-26,34.0099983215332,12.800000190734863,36.03901290893555,,,3.9079999923706055,52.65771484375,22.390810012817383,6.377999782562256,25.375776290893555,9.383333206176758,,,32.310001373291016,50.0
2012-10-31,34.029998779296875,12.649999618530273,35.874351501464844,,,3.874000072479248,52.693172454833984,22.652734756469727,6.130000114440918,25.449474334716797,9.16333293914795,,,32.20000076293945,48.5
2012-11-01,34.36000061035156,13.100000381469727,35.93334197998047,,,4.050000190734863,54.46644973754883,23.430585861206055,6.208000183105469,25.777006149291992,9.364999771118164,,,33.31999969482422,48.91999816894531
2012-11-02,34.38999938964844,12.989999771118164,36.0267219543457,,,4.004000186920166,54.253658294677734,23.41470718383789,6.427999973297119,25.55591583251953,9.100000381469727,,,32.54999923706055,48.52000045776367
2012-11-05,34.2400016784668,12.829999923706055,35.65564727783203,,,3.9260001182556152,54.032005310058594,23.51789093017578,6.455999851226807,25.588674545288086,9.300000190734863,,,32.279998779296875,49.880001068115234
2012-11-06,34.38999938964844,13.100000381469727,36.30195999145508,,,3.950000047683716,54.77677917480469,23.700448989868164,6.590000152587891,25.899826049804688,9.236666679382324,,,32.41999816894531,48.540000915527344
2012-11-07,33.470001220703125,12.770000457763672,36.00706100463867,,,3.8259999752044678,53.66847610473633,23.081344604492188,6.25,25.212013244628906,8.983332633972168,,,31.649999618530273,48.06999969482422
2012-11-08,32.97999954223633,12.619999885559082,35.210838317871094,,,3.7760000228881836,53.03895568847656,22.867040634155273,6.179999828338623,24.909038543701172,8.65999984741211,,,31.350000381469727,49.04999923706055
2012-11-09,32.900001525878906,12.609999656677246,34.6849365234375,,,3.803999900817871,53.16309356689453,22.882919311523438,6.013999938964844,24.851722717285156,8.666666984558105,,,31.959999084472656,48.0
2012-11-12,32.70000076293945,12.529999732971191,34.8176383972168,,,3.6740000247955322,52.622230529785156,22.398744583129883,5.932000160217285,24.810779571533203,8.716667175292969,,,31.850000381469727,46.9900016784668
2012-11-13,32.540000915527344,12.5600004196167,34.67755889892578,,,3.562000036239624,52.51582717895508,21.678525924682617,5.895999908447266,24.581506729125977,8.864999771118164,,,31.969999313354492,46.9900016784668
2012-11-14,32.2400016784668,12.430000305175781,34.32613754272461,,,3.609999895095825,51.84199142456055,21.478469848632812,5.742000102996826,24.221214294433594,8.731666564941406,,,31.450000762939453,47.380001068115234
2012-11-15,32.63999938964844,12.260000228881836,34.58417510986328,,,3.562000036239624,52.10798263549805,21.334428787231445,6.357999801635742,24.52418327331543,8.566666603088379,,,31.719999313354492,47.939998626708984
2012-11-16,32.650001525878906,12.40999984741211,35.46149444580078,,,3.6559998989105225,52.56017303466797,21.22239875793457,6.070000171661377,24.565122604370117,8.875,,,31.270000457763672,48.849998474121094
2012-11-19,32.91999816894531,12.670000076293945,36.20365524291992,,,3.7200000286102295,52.267574310302734,21.39043426513672,6.211999893188477,24.679767608642578,9.335000038146973,,,31.979999542236328,49.61000061035156
2012-11-20,32.63999938964844,12.649999618530273,35.85469436645508,,,3.6500000953674316,51.57600784301758,21.37443733215332,6.334000110626221,24.728899002075195,9.069999694824219,,,32.0099983215332,50.709999084472656
2012-11-21,32.84000015258789,12.899999618530273,39.019935607910156,,,3.740000009536743,51.921791076660156,21.56649398803711,6.236000061035156,24.89266586303711,9.241666793823242,,,32.43000030517578,51.95000076293945
2012-11-23,33.400001525878906,13.0,39.1845817565918,,,3.812000036239624,52.45376968383789,22.166671752929688,6.1539998054504395,25.318452835083008,9.234999656677246,,,32.7599983215332,50.790000915527344
2012-11-26,33.290000915527344,12.949999809265137,39.373809814453125,,,3.8459999561309814,51.8065299987793,21.918601989746094,6.099999904632568,25.351215362548828,9.313332557678223,,,32.84000015258789,50.81999969482422
2012-11-27,33.18000030517578,12.789999961853027,38.42768096923828,,,3.8359999656677246,51.60258483886719,21.67052459716797,6.059999942779541,25.564105987548828,9.34000015258789,,,32.709999084472656,51.849998474121094
2012-11-28,33.880001068115234,12.970000267028809,38.793846130371094,,,3.9040000438690186,51.93952560424805,21.89459228515625,6.242000102996826,26.039031982421875,9.096667289733887,,,32.91999816894531,53.189998626708984
2012-11-29,34.09000015258789,12.899999618530273,39.012569427490234,,,3.9739999771118164,52.47150421142578,21.56649398803711,6.460000038146973,26.07179069519043,9.311667442321777,,,32.650001525878906,51.70000076293945
2012-11-30,34.61000061035156,12.75,38.74715042114258,,,3.996000051498413,53.11875915527344,21.302417755126953,6.526000022888184,26.350196838378906,9.069999694824219,,,32.86000061035156,50.099998474121094
2012-12-03,34.70000076293945,12.699999809265137,38.594791412353516,,,3.936000108718872,52.68431091308594,21.150371551513672,6.4079999923706055,26.45663833618164,8.609999656677246,,,33.13999938964844,50.099998474121094
2012-12-04,35.29999923706055,12.739999771118164,38.56776428222656,,,3.9860000610351562,52.95029067993164,21.102354049682617,6.038000106811523,26.513954162597656,8.941666603088379,,,33.22999954223633,49.70000076293945
2012-12-05,35.400001525878906,12.800000190734863,38.55055618286133,,,3.7639999389648438,53.11875915527344,21.342430114746094,5.881999969482422,26.20280647277832,8.683333396911621,,,33.33000183105469,48.29999923706055
2012-12-06,35.13999938964844,12.880000114440918,38.68325424194336,,,3.819999933242798,52.95916748046875,21.39043426513672,5.894000053405762,26.227365493774414,8.550000190734863,,,32.91999816894531,48.400001525878906
2012-12-07,35.47999954223633,12.960000038146973,38.5087776184082,,,3.940000057220459,52.80843734741211,21.174375534057617,5.860000133514404,26.137298583984375,8.551667213439941,,,32.91999816894531,51.20000076293945
2012-12-10,35.75,13.09000015258789,38.93146896362305,,,4.019999980926514,52.85275650024414,21.558490753173828,5.889999866485596,26.260128021240234,8.136667251586914,,,32.93000030517578,51.5
2012-12-11,35.540000915527344,13.140000343322754,40.548492431640625,,,4.050000190734863,53.58868408203125,21.862585067749023,5.966000080108643,26.4812068939209,8.148332595825195,,,32.90999984741211,51.689998626708984
2012-12-12,35.959999084472656,13.09000015258789,41.04735565185547,,,4.038000106811523,53.44681930541992,21.798568725585938,6.125999927520752,26.300058364868164,8.208333015441895,,,32.380001068115234,51.400001525878906
2012-12-13,35.529998779296875,13.010000228881836,40.951515197753906,,,4.107999801635742,53.25175476074219,21.69453239440918,6.065999984741211,26.028329849243164,8.15999984741211,,,31.829999923706055,50.27000045776367
2012-12-14,37.560001373291016,13.180000305175781,40.99329376220703,,,4.199999809265137,53.35813903808594,21.454458236694336,6.107999801635742,26.31652069091797,8.298333168029785,,,31.860000610351562,50.47999954223633
2012-12-17,37.41999816894531,13.350000381469727,41.50936508178711,,,4.228000164031982,54.23594284057617,21.6865291595459,6.21999979019165,26.612957000732422,8.335000038146973,,,32.220001220703125,50.939998626708984
2012-12-18,37.4900016784668,13.40999984741211,41.9984016418457,,,4.26800012588501,54.98069381713867,22.054641723632812,6.526000022888184,27.07407569885254,8.65999984741211,,,32.380001068115234,53.38999938964844
2012-12-19,38.09000015258789,13.359999656677246,41.742828369140625,,,4.271999835968018,55.08710479736328,21.854585647583008,6.486000061035156,28.07040786743164,8.68166732788086,,,32.0,55.130001068115234
2012-12-20,37.869998931884766,13.5,41.79689407348633,,,4.260000228881836,55.01618194580078,22.150667190551758,6.565999984741211,27.946901321411133,8.630000114440918,,,32.0,56.15999984741211
2012-12-21,37.709999084472656,13.470000267028809,41.51919937133789,,,4.23199987411499,54.4753303527832,21.966617584228516,6.498000144958496,27.798675537109375,9.109999656677246,,,31.739999771118164,55.95000076293945
2012-12-24,37.529998779296875,13.569999694824219,41.61749267578125,,,4.223999977111816,54.34231948852539,21.65452003479004,6.331999778747559,27.67515754699707,9.130000114440918,,,31.809999465942383,56.16999816894531
2012-12-26,37.54999923706055,13.350000381469727,40.8777961730957,,,4.159999847412109,53.969940185546875,21.49446678161621,5.989999771118164,27.67515754699707,8.881667137145996,,,31.549999237060547,54.529998779296875
2012-12-27,37.29999923706055,13.430000305175781,40.85322189331055,,,4.156000137329102,53.50000762939453,21.574499130249023,5.9039998054504395,27.39520835876465,8.811667442321777,,,31.75,54.0
2012-12-28,36.900001525878906,13.4399995803833,40.346981048583984,,,4.185999870300293,52.6044921875,21.246400833129883,5.809999942779541,27.189346313476562,8.771666526794434,,,31.6299991607666,53.540000915527344
2012-12-31,37.68000030517578,13.510000228881836,41.3103141784668,,,4.203999996185303,52.73750305175781,21.37443733215332,6.00600004196167,27.436368942260742,8.920000076293945,,,31.84000015258789,54.5
2013-01-02,38.34000015258789,14.0,42.06475830078125,,,4.23799991607666,54.92751693725586,22.102657318115234,6.039999961853027,28.5644588470459,8.53833293914795,,,32.279998779296875,52.90999984741211
2013-01-03,37.75,13.630000114440918,41.46022415161133,,,3.865999937057495,54.74130630493164,21.806568145751953,5.938000202178955,28.251558303833008,8.225000381469727,,,31.899999618530273,52.29999923706055
2013-01-04,38.130001068115234,13.430000305175781,41.681392669677734,,,3.861999988555908,55.166900634765625,21.39844512939453,5.803999900817871,28.498594284057617,8.041666984558105,,,31.649999618530273,52.189998626708984
2013-01-07,37.939998626708984,13.40999984741211,41.526573181152344,,,3.812000036239624,55.22895431518555,21.35843849182129,5.4720001220703125,28.35037612915039,7.87166690826416,,,31.420000076293945,52.16999816894531
2013-01-08,38.13999938964844,13.680000305175781,41.76986312866211,,,3.818000078201294,54.78443145751953,21.246400833129883,5.239999771118164,28.358606338500977,7.938333034515381,,,31.459999084472656,51.869998931884766
2013-01-09,38.65999984741211,13.779999732971191,42.226951599121094,,,3.8359999656677246,55.2645263671875,21.366437911987305,5.27400016784668,28.375078201293945,8.329999923706055,,,31.43000030517578,52.75
2013-01-10,38.619998931884766,13.84000015258789,42.54396438598633,,,3.9159998893737793,55.486793518066406,21.174375534057617,5.291999816894531,28.7456111907959,8.433333396911621,,,31.469999313354492,53.20000076293945
2013-01-11,38.09000015258789,13.9399995803833,42.600486755371094,,,3.868000030517578,55.673500061035156,21.470474243164062,5.492000102996826,28.704437255859375,8.801667213439941,,,31.809999465942383,52.790000915527344
2013-01-14,38.15999984741211,14.020000457763672,42.76268005371094,,,3.888000011444092,55.72684097290039,21.518482208251953,5.214000225067139,28.786792755126953,8.725000381469727,,,32.5099983215332,51.2599983215332
2013-01-15,38.150001525878906,13.890000343322754,42.91995620727539,,,4.01800012588501,55.96690368652344,21.774555206298828,5.443999767303467,28.57269287109375,9.011667251586914,,,32.54999923706055,51.040000915527344
2013-01-16,37.880001068115234,14.130000114440918,41.68876266479492,,,3.9839999675750732,55.96690368652344,21.638517379760742,5.4679999351501465,28.523283004760742,9.125,,,32.43000030517578,51.54999923706055
2013-01-17,37.72999954223633,14.210000038146973,42.05492401123047,,,3.9600000381469727,56.58033752441406,21.806568145751953,5.519999980926514,28.50682258605957,9.081666946411133,,,32.7400016784668,50.95000076293945
2013-01-18,37.97999954223633,14.0,41.78214645385742,,,3.950000047683716,56.61591720581055,21.806568145751953,5.480000019073486,28.910303115844727,9.226667404174805,,,32.2400016784668,50.38999938964844
2013-01-22,37.95000076293945,14.0,41.01295471191406,,,3.864000082015991,56.70481872558594,21.726543426513672,5.52400016784668,28.7620849609375,9.208333015441895,,,32.119998931884766,50.630001068115234
2013-01-23,38.25,14.020000457763672,41.88044738769531,,,3.941999912261963,56.607017517089844,22.094654083251953,5.585999965667725,28.5644588470459,9.316666603088379,,,32.290000915527344,51.93000030517578
2013-01-24,38.11000061035156,13.899999618530273,42.339996337890625,,,3.990000009536743,56.740386962890625,22.11066246032715,5.9039998054504395,28.77031898498535,9.33666706085205,,,32.86000061035156,53.15999984741211
2013-01-25,38.31999969482422,14.199999809265137,42.7258186340332,,,4.165999889373779,56.64258575439453,22.310718536376953,6.21999979019165,29.132619857788086,9.453332901000977,,,33.61000061035156,54.38999938964844
2013-01-28,38.2400016784668,14.119999885559082,43.76042175292969,,,4.210000038146973,56.79371643066406,22.334726333618164,6.25,29.26436424255371,9.573332786560059,,,33.75,56.5
2013-01-29,38.52000045776367,14.039999961853027,42.92979431152344,,,3.941999912261963,56.79371643066406,22.414751052856445,6.039999961853027,29.46198844909668,9.470000267028809,,,33.47999954223633,55.93000030517578
2013-01-30,37.939998626708984,13.9399995803833,42.34246063232422,,,3.869999885559082,56.064697265625,22.286712646484375,5.794000148773193,29.132619857788086,8.988332748413086,,,33.34000015258789,53.2400016784668
2013-01-31,37.83000183105469,13.930000305175781,42.30067443847656,,,4.7179999351501465,55.46012878417969,21.966617584228516,5.544000148773193,29.239667892456055,9.226667404174805,,,33.439998626708984,53.41999816894531
2013-02-01,38.34000015258789,14.149999618530273,43.020721435546875,,,4.71999979019165,55.922428131103516,22.350727081298828,5.613999843597412,29.816059112548828,9.06833267211914,,,33.91999816894531,53.52000045776367
2013-02-04,38.099998474121094,13.760000228881836,42.45549774169922,,,4.578000068664551,55.202293395996094,21.958616256713867,5.791999816894531,28.926773071289062,8.891667366027832,,,33.83000183105469,52.61000061035156
2013-02-05,38.5099983215332,13.819999694824219,42.36702346801758,,,4.599999904632568,56.073577880859375,22.00663185119629,5.955999851226807,29.2149600982666,8.971667289733887,,,33.900001525878906,52.0099983215332
2013-02-06,38.400001525878906,14.050000190734863,42.096702575683594,,,4.682000160217285,55.93133544921875,21.878585815429688,5.943999767303467,28.902061462402344,9.023332595825195,,,34.29999923706055,51.9900016784668
2013-02-07,38.06999969482422,13.90999984741211,41.789520263671875,,,4.616000175476074,55.34453201293945,21.830575942993164,5.883999824523926,28.457416534423828,9.026666641235352,,,34.36000061035156,51.08000183105469
2013-02-08,39.119998931884766,14.15999984741211,41.76494598388672,,,4.688000202178955,54.6866340637207,22.046646118164062,5.966000080108643,28.737382888793945,9.176667213439941,,,34.400001525878906,50.869998931884766
2013-02-11,38.63999938964844,14.220000267028809,41.93204879760742,,,4.622000217437744,54.606605529785156,22.29471778869629,5.909999847412109,28.786792755126953,9.161666870117188,,,34.150001525878906,50.880001068115234
2013-02-12,38.88999938964844,14.359999656677246,42.357200622558594,,,4.769999980926514,54.62440872192383,22.310718536376953,5.849999904632568,28.910303115844727,9.451666831970215,,,34.439998626708984,51.54999923706055
2013-02-13,38.810001373291016,14.25,42.34246063232422,,,4.6620001792907715,54.62440872192383,22.430757522583008,5.955999851226807,28.811504364013672,9.19333267211914,,,34.2400016784668,51.540000915527344
2013-02-14,38.61000061035156,14.199999809265137,42.87327575683594,,,4.684000015258789,54.01982879638672,22.438751220703125,6.576000213623047,28.737382888793945,9.28833293914795,,,34.33000183105469,51.0
2013-02-15,38.630001068115234,14.270000457763672,43.01335525512695,,,4.702000141143799,55.18452072143555,22.414751052856445,6.771999835968018,28.66328239440918,9.199999809265137,,,34.540000915527344,50.439998626708984
2013-02-19,38.9900016784668,14.25,42.96419906616211,,,4.708000183105469,55.30897903442383,22.632610321044922,6.691999912261963,29.149097442626953,9.25,,,34.619998931884766,51.369998931884766
2013-02-20,38.77000045776367,14.130000114440918,42.04264831542969,,,4.7179999351501465,54.606605529785156,22.487369537353516,6.5920000076293945,28.827960968017578,9.133333206176758,,,34.790000915527344,54.310001373291016
2013-02-21,38.34000015258789,14.229999542236328,41.420902252197266,,,4.631999969482422,54.49993133544922,22.18075180053711,6.308000087738037,28.22686004638672,9.103333473205566,,,35.7599983215332,55.13999938964844
2013-02-22,38.54999923706055,14.359999656677246,41.914852142333984,,,4.802000045776367,55.81574249267578,22.398611068725586,6.696000099182129,28.613862991333008,9.548333168029785,,,35.13999938964844,55.25
2013-02-25,38.11000061035156,14.1899995803833,40.18232345581055,,,4.745999813079834,55.14006042480469,22.08393669128418,6.434000015258789,28.22686004638672,9.53833293914795,,,35.09000015258789,55.9900016784668
2013-02-26,38.59000015258789,14.010000228881836,40.14545822143555,,,4.938000202178955,55.691261291503906,22.08393669128418,6.25,28.259798049926758,9.498332977294922,,,34.869998931884766,55.65999984741211
2013-02-27,39.599998474121094,14.199999809265137,41.02524185180664,,,4.958000183105469,56.6870231628418,22.43895149230957,6.440000057220459,28.556232452392578,9.653332710266113,,,35.279998779296875,55.900001525878906
2013-02-28,39.310001373291016,14.15999984741211,41.585548400878906,,,4.835999965667725,57.31830596923828,22.43088722229004,6.49399995803833,28.193920135498047,10.188332557678223,,,35.029998779296875,55.290000915527344
2013-03-01,39.83000183105469,13.9399995803833,44.7262077331543,,,4.829999923706055,57.82505416870117,22.55191993713379,6.558000087738037,28.515058517456055,9.758333206176758,,,34.720001220703125,57.619998931884766
2013-03-04,40.459999084472656,14.3100004196167,45.68217849731445,,,4.828000068664551,58.91859817504883,22.713287353515625,6.736000061035156,28.860891342163086,9.333333015441895,,,34.83000183105469,61.720001220703125
2013-03-05,41.459999084472656,14.640000343322754,45.65269088745117,,,4.9079999923706055,60.34999465942383,22.874662399291992,7.314000129699707,29.198501586914062,9.473333358764648,,,35.0099983215332,63.93000030517578
2013-03-06,41.290000915527344,14.699999809265137,45.800132751464844,,,4.855999946594238,60.44779586791992,22.664880752563477,7.389999866485596,29.527856826782227,9.396666526794434,,,34.84000015258789,64.54000091552734
2013-03-07,41.5,14.5600004196167,45.33320999145508,,,4.789999961853027,60.39445114135742,22.70522689819336,7.354000091552734,29.59372901916504,9.398332595825195,,,35.18000030517578,61.630001068115234
2013-03-08,41.5,14.479999542236328,45.6723518371582,,,4.868000030517578,60.234413146972656,22.592266082763672,7.331999778747559,29.404340744018555,9.324999809265137,,,35.349998474121094,62.5
2013-03-11,41.47999954223633,14.579999923706055,45.69446563720703,,,4.857999801635742,59.17641067504883,22.487369537353516,7.400000095367432,29.544330596923828,9.291666984558105,,,35.54999923706055,61.93000030517578
2013-03-12,41.400001525878906,14.050000190734863,44.42885971069336,,,4.889999866485596,58.99861526489258,22.519641876220703,7.565999984741211,29.173799514770508,9.34333324432373,,,35.290000915527344,62.29999923706055
2013-03-13,41.59000015258789,14.100000381469727,44.45834732055664,,,4.929999828338623,58.90081787109375,22.5277156829834,7.521999835968018,29.29730796813965,9.399999618530273,,,35.369998931884766,62.779998779296875
2013-03-14,41.619998931884766,14.100000381469727,43.8636360168457,,,5.0,58.83860397338867,22.70522689819336,7.489999771118164,29.890174865722656,9.430000305175781,,,35.72999954223633,63.2599983215332
2013-03-15,41.380001068115234,13.920000076293945,43.374595642089844,,,4.955999851226807,58.171775817871094,22.62453269958496,7.420000076293945,29.92310333251953,9.381667137145996,,,35.2599983215332,63.15999984741211
2013-03-18,41.060001373291016,13.600000381469727,42.792171478271484,,,4.8379998207092285,58.15400314331055,22.672948837280273,7.125999927520752,29.67608070373535,9.351667404174805,,,34.88999938964844,62.4900016784668
2013-03-19,40.75,13.369999885559082,42.079498291015625,,,4.671999931335449,58.04732131958008,22.73749542236328,6.892000198364258,29.38788414001465,9.329999923706055,,,34.959999084472656,60.369998931884766
2013-03-20,42.459999084472656,13.390000343322754,42.39406204223633,,,4.72599983215332,57.940608978271484,22.850460052490234,6.952000141143799,29.453746795654297,9.321666717529297,,,35.09000015258789,60.31999969482422
2013-03-21,42.18000030517578,13.359999656677246,42.44812774658203,,,4.6579999923706055,58.056217193603516,22.681013107299805,7.199999809265137,26.59648323059082,9.273332595825195,,,34.849998474121094,61.11000061035156
2013-03-22,42.970001220703125,13.319999694824219,43.26647186279297,,,4.605999946594238,58.26957702636719,22.793977737426758,7.254000186920166,26.332992553710938,9.08666706085205,,,34.83000183105469,62.4900016784668
2013-03-25,42.4900016784668,13.640000343322754,42.45549774169922,,,4.585999965667725,57.6472282409668,22.72136116027832,7.210000038146973,25.731891632080078,9.09000015258789,,,35.16999816894531,62.43000030517578
2013-03-26,42.75,13.739999771118164,42.65946960449219,,,4.5980000495910645,58.438507080078125,22.72136116027832,7.228000164031982,25.970691680908203,8.99666690826416,,,35.470001220703125,61.25
2013-03-27,42.65999984741211,13.8100004196167,43.222232818603516,,,4.6539998054504395,58.207340240478516,22.890804290771484,7.242000102996826,26.30828857421875,9.420000076293945,,,35.45000076293945,61.61000061035156
2013-03-28,43.52000045776367,13.930000305175781,43.94719314575195,,,4.736000061035156,58.37628173828125,23.084453582763672,7.239999771118164,26.621183395385742,9.433333396911621,,,35.880001068115234,61.630001068115234
2013-04-01,43.380001068115234,13.619999885559082,43.1018180847168,,,4.5960001945495605,57.878379821777344,23.084453582763672,7.046000003814697,26.687061309814453,9.223333358764648,,,35.45000076293945,61.27000045776367
2013-04-02,43.849998474121094,13.5600004196167,43.087074279785156,,,4.590000152587891,58.127323150634766,23.237754821777344,7.142000198364258,26.958797454833984,9.146666526794434,,,35.619998931884766,61.59000015258789
2013-04-03,43.70000076293945,13.239999771118164,41.411067962646484,,,4.441999912261963,57.42496871948242,23.044109344482422,6.906000137329102,26.6788330078125,8.941666603088379,,,35.400001525878906,59.060001373291016
2013-04-04,44.209999084472656,13.420000076293945,40.894996643066406,,,4.461999893188477,57.531654357910156,23.076385498046875,7.010000228881836,26.654130935668945,8.838333129882812,,,35.130001068115234,58.59000015258789
2013-04-05,43.380001068115234,13.270000457763672,40.651702880859375,,,4.394000053405762,57.309391021728516,23.157066345214844,7.033999919891357,26.374164581298828,8.835000038146973,,,34.81999969482422,58.04999923706055
2013-04-08,43.790000915527344,13.3100004196167,41.00558090209961,,,4.3460001945495605,56.908241271972656,23.068309783935547,7.110000133514404,26.64589500427246,8.633333206176758,,,34.63999938964844,59.68000030517578
2013-04-09,44.16999816894531,13.319999694824219,40.62958526611328,,,4.423999786376953,56.87260055541992,23.89131736755371,7.1519999504089355,27.205821990966797,8.824999809265137,,,34.709999084472656,58.54999923706055
2013-04-10,44.70000076293945,13.510000228881836,41.477413177490234,,,4.369999885559082,57.78182601928711,24.431915283203125,7.170000076293945,27.773969650268555,9.118332862854004,,,35.34000015258789,58.83000183105469
2013-04-11,45.209999084472656,13.329999923706055,40.9195671081543,,,3.7980000972747803,57.87989807128906,23.35072135925293,6.998000144958496,27.68340301513672,9.026666641235352,,,35.13999938964844,60.060001373291016
2013-04-12,45.029998779296875,13.359999656677246,41.65927505493164,,,3.753999948501587,57.674861907958984,23.229690551757812,7.038000106811523,27.551651000976562,8.858332633972168,,,34.790000915527344,61.29999923706055
2013-04-15,44.599998474121094,13.100000381469727,40.59272766113281,,,3.614000082015991,56.23076248168945,23.149002075195312,6.98799991607666,27.008197784423828,8.618332862854004,,,34.43000030517578,59.45000076293945
2013-04-16,45.279998779296875,12.979999542236328,41.873069763183594,,,3.625999927520752,57.246986389160156,23.374919891357422,7.269999980926514,27.518712997436523,8.758333206176758,,,34.61000061035156,60.0
2013-04-17,44.900001525878906,12.65999984741211,41.125999450683594,,,3.614000082015991,56.19512939453125,23.261962890625,7.125999927520752,26.752941131591797,8.65666675567627,,,34.150001525878906,58.9900016784668
2013-04-18,44.459999084472656,12.539999961853027,40.332237243652344,,,3.5380001068115234,55.72265625,23.229690551757812,7.214000225067139,26.448265075683594,8.583333015441895,,,33.72999954223633,57.68000030517578
2013-04-19,44.7400016784668,12.399999618530273,40.184783935546875,,,3.50600004196167,56.13270950317383,24.020421981811523,7.257999897003174,26.654130935668945,8.451666831970215,,,33.720001220703125,58.709999084472656
2013-04-22,44.529998779296875,12.5600004196167,39.63430404663086,,,3.555999994277954,56.03464889526367,24.875690460205078,7.334000110626221,26.77764320373535,8.563332557678223,,,33.900001525878906,58.150001525878906
2013-04-23,44.869998931884766,12.670000076293945,40.38138198852539,,,3.559999942779541,57.03303909301758,24.690109252929688,7.466000080108643,26.728229522705078,8.851667404174805,,,34.38999938964844,59.439998626708984
2013-04-24,44.66999816894531,12.720000267028809,40.214271545410156,,,3.50600004196167,57.22024154663086,25.626075744628906,7.52400016784668,26.769405364990234,9.001667022705078,,,34.529998779296875,58.83000183105469
2013-04-25,45.04999923706055,13.720000267028809,40.06681823730469,,,3.5160000324249268,50.89116668701172,25.771316528320312,8.678000450134277,26.571779251098633,9.026666641235352,,,35.099998474121094,60.810001373291016
2013-04-26,44.90999984741211,13.649999618530273,40.01767349243164,,,3.4719998836517334,52.90576934814453,25.650285720825195,8.501999855041504,26.64589500427246,8.9350004196167,,,35.09000015258789,61.91999816894531
2013-04-29,45.060001373291016,13.84000015258789,40.31257247924805,,,3.569999933242798,54.32312774658203,26.311920166015625,8.418000221252441,26.547086715698242,9.011667251586914,,,35.11000061035156,63.34000015258789
2013-04-30,45.08000183105469,13.800000190734863,40.41087341308594,,,3.5920000076293945,53.16428756713867,26.707273483276367,8.192000389099121,26.991727828979492,9.016667366027832,,,35.56999969482422,62.650001525878906
2013-05-01,44.709999084472656,13.720000267028809,40.85322189331055,,,3.568000078201294,53.45845031738281,26.400671005249023,7.760000228881836,27.304622650146484,8.613332748413086,,,34.970001220703125,61.619998931884766
2013-05-02,45.689998626708984,13.819999694824219,41.15795135498047,,,3.614000082015991,53.54758834838867,26.755693435668945,7.828000068664551,27.74103546142578,8.800000190734863,,,35.13999938964844,62.310001373291016
2013-05-03,47.0099983215332,13.890000343322754,41.52165603637695,,,3.615999937057495,53.71696090698242,27.021961212158203,8.1899995803833,27.485782623291016,9.0649995803833,,,35.349998474121094,63.79999923706055
2013-05-06,46.4900016784668,13.84000015258789,41.7182502746582,,,3.635999917984009,54.153778076171875,27.231740951538086,8.079999923706055,27.592824935913086,8.979999542236328,,,35.31999969482422,65.68000030517578
2013-05-07,45.599998474121094,13.890000343322754,41.69858169555664,,,3.621999979019165,53.98439025878906,26.87672233581543,7.9039998054504395,27.38697052001953,8.786666870117188,,,35.599998474121094,63.150001525878906
2013-05-08,45.31999969482422,13.899999618530273,41.649444580078125,,,3.6440000534057617,53.921993255615234,26.6185302734375,7.915999889373779,27.551651000976562,8.276666641235352,,,35.900001525878906,63.7599983215332
2013-05-09,43.970001220703125,13.800000190734863,42.41617965698242,,,3.619999885559082,52.593780517578125,26.35226058959961,7.769999980926514,27.749269485473633,8.28499984741211,,,35.810001373291016,64.95999908447266
2013-05-10,44.02000045776367,13.9399995803833,43.41883087158203,,,3.75,53.663482666015625,26.376468658447266,7.797999858856201,28.012767791748047,8.28833293914795,,,35.70000076293945,67.41000366210938
2013-05-13,43.61000061035156,13.989999771118164,43.212398529052734,,,3.615999937057495,52.58487319946289,26.65079116821289,7.894000053405762,27.815149307250977,8.380000114440918,,,35.20000076293945,66.30000305175781
2013-05-14,44.040000915527344,14.09000015258789,44.215057373046875,,,3.6519999504089355,52.691829681396484,27.24393653869629,8.04800033569336,27.724571228027344,8.710000038146973,,,35.38999938964844,68.69999694824219
2013-05-15,45.06999969482422,14.149999618530273,44.02828598022461,,,3.638000011444092,54.01113510131836,27.503955841064453,8.105999946594238,27.98807144165039,8.771666526794434,,,35.459999084472656,66.80000305175781
2013-05-16,44.560001373291016,14.359999656677246,45.36516189575195,,,3.700000047683716,53.35148620605469,27.690826416015625,7.980000019073486,28.30097007751465,9.015000343322754,,,35.45000076293945,67.20999908447266
2013-05-17,44.61000061035156,14.539999961853027,45.9942741394043,,,3.7920000553131104,54.046783447265625,28.332727432250977,8.07800006866455,28.84442901611328,9.404999732971191,,,35.849998474121094,67.9800033569336
2013-05-20,44.290000915527344,14.600000381469727,46.210533142089844,,,3.8540000915527344,53.16428756713867,28.50336265563965,8.062000274658203,28.737382888793945,9.045000076293945,,,35.810001373291016,67.91999816894531
2013-05-21,44.02000045776367,14.720000267028809,45.54209518432617,,,3.8399999141693115,51.60429382324219,28.316486358642578,8.008000373840332,28.902061462402344,8.771666526794434,,,35.77000045776367,68.48999786376953
2013-05-22,43.16999816894531,14.640000343322754,45.0014533996582,,,3.742000102996826,52.228302001953125,28.12147331237793,7.684000015258789,28.09511947631836,8.701666831970215,,,35.400001525878906,65.75
2013-05-23,42.77000045776367,14.710000038146973,44.91298294067383,,,3.680000066757202,52.379825592041016,27.74771499633789,7.53000020980835,28.185691833496094,8.6850004196167,,,35.970001220703125,66.16999816894531
2013-05-24,42.43000030517578,14.6899995803833,42.51447296142578,,,3.6619999408721924,51.613216400146484,27.84521484375,7.561999797821045,28.0374755859375,8.729999542236328,,,35.709999084472656,66.16000366210938
2013-05-28,42.90999984741211,14.850000381469727,41.08913803100586,,,3.7219998836517334,52.691829681396484,28.454601287841797,7.461999893188477,28.432714462280273,8.963333129882812,,,36.209999084472656,65.73999786376953
2013-05-29,42.599998474121094,14.869999885559082,41.21692657470703,,,3.7860000133514404,52.816619873046875,28.340850830078125,7.343999862670898,28.325668334960938,9.126667022705078,,,35.97999954223633,65.06999969482422
2013-05-30,43.189998626708984,15.149999618530273,42.032806396484375,,,3.8580000400543213,52.88793182373047,28.46272850036621,7.354000091552734,28.27626609802246,9.0649995803833,,,36.630001068115234,65.41999816894531
2013-05-31,42.90999984741211,15.130000114440918,41.61012268066406,,,3.8519999980926514,52.09458541870117,28.357112884521484,7.3520002365112305,27.815149307250977,8.08666706085205,,,36.439998626708984,64.2300033569336
2013-06-03,43.459999084472656,15.149999618530273,40.34206771850586,,,3.700000047683716,51.764747619628906,28.917753219604492,7.349999904632568,28.31743621826172,7.638332843780518,,,36.709999084472656,62.209999084472656
2013-06-04,44.38999938964844,14.989999771118164,37.15716552734375,,,3.6419999599456787,51.50624465942383,28.43022918701172,7.2179999351501465,28.128047943115234,7.343332767486572,,,36.560001373291016,60.34000015258789
2013-06-05,43.84000015258789,14.819999694824219,37.30460739135742,,,3.614000082015991,51.31904983520508,28.259601593017578,7.182000160217285,28.09511947631836,7.40166711807251,,,36.130001068115234,62.08000183105469
2013-06-06,43.56999969482422,14.930000305175781,37.41273880004883,,,3.687999963760376,52.10348129272461,28.405845642089844,7.3480000495910645,27.461074829101562,7.5,,,36.54999923706055,63.5
2013-06-07,44.119998931884766,15.170000076293945,38.936378479003906,,,3.7300000190734863,53.003822326660156,28.98274803161621,7.831999778747559,27.839845657348633,7.699999809265137,,,36.97999954223633,65.45999908447266
2013-06-10,44.09000015258789,15.050000190734863,38.02220153808594,,,3.7260000705718994,52.567039489746094,28.820241928100586,7.929999828338623,28.0374755859375,7.743332862854004,,,36.90999984741211,65.98999786376953
2013-06-11,43.119998931884766,14.770000457763672,36.95073318481445,,,3.6600000858306885,51.46166229248047,28.308349609375,7.989999771118164,27.642221450805664,7.796667098999023,,,36.459999084472656,61.689998626708984
2013-06-12,42.720001220703125,14.739999771118164,36.9409065246582,,,3.631999969482422,51.50624465942383,28.43834686279297,7.673999786376953,27.60105323791504,7.59833288192749,,,36.20000076293945,61.900001525878906
2013-06-13,43.29999923706055,14.880000114440918,37.15716552734375,,,3.614000082015991,51.67561721801758,28.210845947265625,7.585999965667725,28.202163696289062,7.534999847412109,,,36.630001068115234,61.09000015258789
2013-06-14,42.84000015258789,14.800000190734863,36.92124557495117,,,3.5480000972747803,51.25663757324219,27.950843811035156,7.449999809265137,27.806917190551758,7.186666965484619,,,36.29999923706055,61.09000015258789
2013-06-17,43.38999938964844,15.050000190734863,37.57001876831055,,,3.5999999046325684,51.72908401489258,28.43834686279297,7.607999801635742,28.21862030029297,7.191667079925537,,,36.58000183105469,62.060001373291016
2013-06-18,43.36000061035156,15.020000457763672,37.599510192871094,,,3.6040000915527344,52.326358795166016,28.422107696533203,7.533999919891357,28.325668334960938,6.933332920074463,,,36.61000061035156,61.20000076293945
2013-06-19,45.779998779296875,14.829999923706055,37.00971603393555,,,3.549999952316284,52.09458541870117,28.105226516723633,7.73799991607666,28.07040786743164,7.010000228881836,,,36.43000030517578,62.75
2013-06-20,44.900001525878906,14.399999618530273,36.12501525878906,,,3.5320000648498535,51.56865310668945,27.211441040039062,7.665999889373779,27.345800399780273,6.9766669273376465,,,35.65999984741211,62.560001373291016
2013-06-21,44.77000045776367,14.369999885559082,37.648658752441406,,,3.4679999351501465,51.57756805419922,27.032686233520508,7.8480000495910645,24.817901611328125,6.841667175292969,,,35.209999084472656,62.9900016784668
2013-06-24,43.599998474121094,14.220000267028809,36.32162094116211,,,3.305999994277954,51.265567779541016,27.3983211517334,7.886000156402588,24.84260368347168,6.593332767486572,,,35.150001525878906,63.04999923706055
2013-06-25,44.369998931884766,14.260000228881836,36.80328369140625,,,3.3459999561309814,52.42440414428711,27.357698440551758,7.920000076293945,24.669681549072266,6.928332805633545,,,35.119998931884766,62.959999084472656
2013-06-26,45.68000030517578,14.40999984741211,37.35376739501953,,,3.4179999828338623,52.994911193847656,27.91020965576172,8.178000450134277,24.817901611328125,7.013332843780518,,,35.349998474121094,64.62000274658203
2013-06-27,45.93000030517578,14.600000381469727,38.179481506347656,,,3.4619998931884766,54.189414978027344,28.129600524902344,8.185999870300293,25.073158264160156,7.396667003631592,,,35.68000030517578,64.33000183105469
2013-06-28,45.560001373291016,14.479999542236328,37.53070068359375,,,3.5,54.41227722167969,28.064590454101562,8.07800006866455,25.287248611450195,7.02666711807251,,,35.75,64.08999633789062
2013-07-01,46.2400016784668,14.609999656677246,37.15716552734375,,,3.4560000896453857,56.29314422607422,27.9183349609375,8.157999992370605,24.793197631835938,7.0366668701171875,,,35.9900016784668,64.12999725341797
2013-07-02,46.029998779296875,14.569999694824219,37.52086639404297,,,3.4679999351501465,55.59785842895508,27.577085494995117,8.241999626159668,24.784963607788086,6.858333110809326,,,35.400001525878906,64.06999969482422
2013-07-03,46.41999816894531,14.59000015258789,37.8944091796875,,,3.5959999561309814,55.606773376464844,27.633953094482422,8.347999572753906,25.279016494750977,7.150000095367432,,,35.54999923706055,65.36000061035156
2013-07-05,47.0,15.109999656677246,38.277774810791016,,,3.6480000019073486,55.758331298828125,27.796464920043945,8.661999702453613,25.682491302490234,7.048333168029785,,,36.11000061035156,65.51000213623047
2013-07-08,46.630001068115234,15.0600004196167,37.77644348144531,,,3.671999931335449,56.28569030761719,27.893964767456055,8.574000358581543,26.061260223388672,7.139999866485596,,,35.880001068115234,64.70999908447266
2013-07-09,47.2599983215332,15.170000076293945,38.061519622802734,,,3.73799991607666,56.527034759521484,27.91020965576172,8.657999992370605,25.954214096069336,7.181666851043701,,,36.2400016784668,65.18000030517578
2013-07-10,47.25,15.270000457763672,39.06417465209961,,,3.931999921798706,56.63429641723633,28.194599151611328,8.694000244140625,25.813701629638672,7.369999885559082,,,36.84000015258789,65.31999969482422
2013-07-11,47.9900016784668,15.479999542236328,40.813899993896484,,,3.9839999675750732,57.546024322509766,28.998998641967773,8.88599967956543,26.334444046020508,7.795000076293945,,,37.20000076293945,65.05000305175781
2013-07-12,48.38999938964844,15.619999885559082,41.70842361450195,,,4.00600004196167,57.84993362426758,28.98274803161621,9.092000007629395,25.830230712890625,7.738333225250244,,,37.59000015258789,67.91000366210938
2013-07-15,48.119998931884766,15.75,41.26607894897461,,,4.0,57.94823455810547,29.389001846313477,9.052000045776367,26.458423614501953,7.801667213439941,,,37.599998474121094,67.70999908447266
2013-07-16,47.4900016784668,15.720000267028809,41.128456115722656,,,3.98799991607666,57.992942810058594,29.47025489807129,8.79800033569336,26.450157165527344,7.751667022705078,,,37.41999816894531,66.88999938964844
2013-07-17,48.040000915527344,15.699999809265137,41.9836540222168,,,4.084000110626221,58.10912322998047,29.03961944580078,8.746000289916992,26.582408905029297,7.889999866485596,,,37.54999923706055,67.5999984741211
2013-07-18,48.189998626708984,15.75,41.18743133544922,,,4.085999965667725,57.9840087890625,28.795856475830078,8.968000411987305,26.458423614501953,8.114999771118164,,,37.630001068115234,67.58999633789062
2013-07-19,48.06999969482422,15.770000457763672,41.777225494384766,,,4.090000152587891,57.27786636352539,25.513273239135742,8.777999877929688,26.334444046020508,8.301667213439941,,,37.470001220703125,68.30000305175781
2013-07-22,48.279998779296875,15.649999618530273,41.3250617980957,,,4.0879998207092285,57.57282638549805,26.00890350341797,8.765999794006348,26.34270668029785,8.258333206176758,,,37.47999954223633,67.51000213623047
2013-07-23,48.06999969482422,15.579999923706055,41.816558837890625,,,4.285999774932861,57.00078201293945,25.854524612426758,8.704000473022461,26.508020401000977,8.09000015258789,,,37.34000015258789,66.55000305175781
2013-07-24,47.79999923706055,15.399999618530273,41.29556655883789,,,4.269999980926514,56.410823822021484,25.96827507019043,8.907999992370605,26.77251625061035,8.09000015258789,,,37.2400016784668,68.22000122070312
2013-07-25,47.790000915527344,14.880000114440918,42.4849853515625,,,4.196000099182129,56.464454650878906,25.505142211914062,9.076000213623047,26.75599479675293,8.3100004196167,,,36.790000915527344,68.08999633789062
2013-07-26,47.63999938964844,14.479999542236328,42.4849853515625,,,4.145999908447266,57.134849548339844,25.692026138305664,8.82800006866455,26.896509170532227,8.21500015258789,,,36.31999969482422,68.56999969482422
2013-07-29,47.16999816894531,14.34000015258789,42.573455810546875,,,4.073999881744385,56.795169830322266,25.627023696899414,8.75,26.846914291381836,8.123332977294922,,,36.41999816894531,68.43000030517578
2013-07-30,47.36000061035156,14.4399995803833,43.24189758300781,,,4.033999919891357,56.61640167236328,25.87890625,8.642000198364258,26.904769897460938,8.12833309173584,,,36.790000915527344,68.86000061035156
2013-07-31,47.279998779296875,14.579999923706055,43.005977630615234,,,4.25,57.134849548339844,25.870779037475586,8.715999603271484,26.739458084106445,8.15666675567627,,,37.040000915527344,68.29000091552734
2013-08-01,47.70000076293945,14.960000038146973,44.37234115600586,,,4.26800012588501,57.64433670043945,25.73264503479004,9.279999732971191,27.070085525512695,8.19333267211914,,,38.029998779296875,69.6500015258789
2013-08-02,47.45000076293945,14.9399995803833,44.745872497558594,,,4.26800012588501,57.108036041259766,25.91140365600586,9.12399959564209,26.92129898071289,8.21833324432373,,,37.709999084472656,73.06999969482422
2013-08-05,47.630001068115234,14.779999732971191,44.91298294067383,,,4.2220001220703125,57.134849548339844,25.75702667236328,8.802000045776367,27.094881057739258,8.34000015258789,,,37.68000030517578,72.80999755859375
2013-08-06,47.38999938964844,14.5,44.6475715637207,,,4.177999973297119,56.89350509643555,25.65952491760254,8.460000038146973,27.27672004699707,8.231666564941406,,,37.290000915527344,73.13999938964844
2013-08-07,47.099998474121094,14.399999618530273,44.15607452392578,,,4.127999782562256,57.31362533569336,26.049535751342773,8.32800006866455,27.127941131591797,8.010000228881836,,,37.27000045776367,72.66999816894531
2013-08-08,47.5099983215332,14.420000076293945,44.47064208984375,,,4.165999889373779,57.385128021240234,26.72392463684082,8.53600025177002,27.293254852294922,8.251667022705078,,,37.22999954223633,72.87000274658203
2013-08-09,47.18000030517578,14.229999542236328,44.44114303588867,,,4.144000053405762,57.60859680175781,26.56954574584961,8.498000144958496,27.210601806640625,8.191666603088379,,,37.27000045776367,74.37000274658203
2013-08-12,47.20000076293945,14.260000228881836,44.61808395385742,,,4.168000221252441,57.80521774291992,26.707674026489258,8.411999702453613,27.48337173461914,8.204999923706055,,,37.27000045776367,74.05999755859375
2013-08-13,47.13999938964844,14.210000038146973,44.303524017333984,,,4.2220001220703125,58.1002082824707,26.37220001220703,8.317999839782715,27.48337173461914,8.1850004196167,,,37.810001373291016,74.0
2013-08-14,46.84000015258789,14.420000076293945,43.9005012512207,,,4.211999893188477,57.89460754394531,26.470378875732422,8.70199966430664,27.747861862182617,8.305000305175781,,,37.709999084472656,74.01000213623047
2013-08-15,45.869998931884766,14.420000076293945,42.85852813720703,,,4.041999816894531,57.05439758300781,26.012168884277344,8.722000122070312,27.053544998168945,8.12833309173584,,,36.91999816894531,74.19999694824219
2013-08-16,45.400001525878906,14.369999885559082,43.08462142944336,,,3.9779999256134033,57.420867919921875,26.020347595214844,8.894000053405762,26.789051055908203,7.96999979019165,,,36.959999084472656,73.66999816894531
2013-08-19,44.88999938964844,14.300000190734863,42.70124435424805,,,4.010000228881836,56.68791198730469,25.684865951538086,8.776000022888184,26.499757766723633,7.989999771118164,,,36.720001220703125,73.2699966430664
2013-08-20,45.06999969482422,14.300000190734863,42.652099609375,,,3.997999906539917,56.437644958496094,25.87306785583496,8.895999908447266,26.615468978881836,7.978332996368408,,,37.0099983215332,73.93000030517578
2013-08-21,45.13999938964844,14.0,42.760223388671875,,,4.035999774932861,56.33037185668945,25.864887237548828,9.092000007629395,26.6981258392334,7.945000171661377,,,36.560001373291016,73.83999633789062
2013-08-22,45.68000030517578,14.100000381469727,43.005977630615234,,,4.067999839782715,56.857749938964844,26.50311279296875,9.112000465393066,26.780790328979492,7.960000038146973,,,36.81999969482422,74.95999908447266
2013-08-23,45.77000045776367,14.0600004196167,42.84870147705078,,,4.067999839782715,57.367252349853516,28.434181213378906,9.14799976348877,26.260047912597656,7.949999809265137,,,36.939998626708984,75.76000213623047
2013-08-26,46.060001373291016,14.0,42.66192626953125,,,4.039999961853027,57.49238586425781,27.9432430267334,9.470000267028809,26.731189727783203,7.934999942779541,,,37.220001220703125,76.01000213623047
2013-08-27,45.5,13.6899995803833,41.737911224365234,,,3.9600000381469727,56.947139739990234,27.214990615844727,9.215999603271484,26.268314361572266,7.891666889190674,,,36.439998626708984,76.01000213623047
2013-08-28,45.529998779296875,13.5600004196167,42.05247497558594,,,3.941999912261963,56.670047760009766,27.018619537353516,9.28600025177002,26.16913414001465,7.883333206176758,,,36.560001373291016,74.76000213623047
2013-08-29,45.93000030517578,13.670000076293945,42.90767288208008,,,4.010000228881836,56.83986282348633,27.452295303344727,9.399999618530273,26.202192306518555,7.954999923706055,,,36.58000183105469,74.70999908447266
2013-08-30,45.75,13.470000267028809,48.29448699951172,,,3.9600000381469727,56.78624725341797,27.329557418823242,9.37600040435791,26.334444046020508,8.00333309173584,,,36.2599983215332,72.52999877929688
2013-09-03,45.880001068115234,13.270000457763672,48.7368278503418,,,3.9519999027252197,56.98290252685547,26.085805892944336,9.380000114440918,26.466684341430664,7.751667022705078,,,35.52000045776367,73.87000274658203
2013-09-04,46.93000030517578,13.420000076293945,47.94060516357422,,,3.9600000381469727,57.349369049072266,25.529396057128906,9.4399995803833,26.714662551879883,7.668333053588867,,,36.04999923706055,73.58999633789062
2013-09-05,46.72999954223633,13.460000038146973,47.773494720458984,,,3.9619998931884766,57.367252349853516,25.553953170776367,9.520000457763672,26.665063858032227,7.586667060852051,,,36.34000015258789,73.97000122070312
2013-09-06,46.869998931884766,13.270000457763672,47.64570999145508,,,4.00600004196167,57.60859680175781,25.488479614257812,9.390000343322754,26.615468978881836,7.466667175292969,,,36.43000030517578,76.0
2013-09-09,47.25,13.369999885559082,48.3632926940918,,,4.070000171661377,58.502437591552734,25.905790328979492,9.82800006866455,27.070085525512695,7.806666851043701,,,36.869998931884766,76.5999984741211
2013-09-10,48.02000045776367,13.510000228881836,49.16934585571289,,,4.118000030517578,59.28007888793945,26.50311279296875,9.97599983215332,27.161014556884766,7.989999771118164,,,37.2400016784668,77.02999877929688
2013-09-11,48.20000076293945,13.5,49.0317268371582,,,4.110000133514404,59.28007888793945,26.789505004882812,9.977999687194824,27.293254852294922,7.74666690826416,,,37.459999084472656,77.93000030517578
2013-09-12,47.63999938964844,13.880000114440918,49.1103630065918,,,4.118000030517578,58.502437591552734,26.74859046936035,9.890000343322754,27.103147506713867,7.87833309173584,,,37.16999816894531,76.41999816894531
2013-09-13,47.7599983215332,13.789999961853027,48.795806884765625,,,4.118000030517578,58.949344635009766,27.026792526245117,9.758000373840332,26.83037567138672,7.951666831970215,,,37.40999984741211,76.83999633789062
2013-09-16,48.13999938964844,13.6899995803833,48.805641174316406,,,4.104000091552734,58.91361999511719,26.838586807250977,9.75,27.251924514770508,7.913332939147949,,,37.25,76.98999786376953
2013-09-17,48.13999938964844,14.0,49.051395416259766,,,4.159999847412109,59.26219940185547,26.94496726989746,9.868000030517578,27.491634368896484,8.010000228881836,,,37.63999938964844,78.12000274658203
2013-09-18,52.58000183105469,14.069999694824219,51.597347259521484,,,4.188000202178955,59.0655632019043,27.264089584350586,10.244000434875488,27.99584197998047,7.923333168029785,,,37.959999084472656,81.0999984741211
2013-09-19,51.869998931884766,13.880000114440918,52.47220993041992,,,4.216000080108643,59.36947250366211,27.525938034057617,10.314000129699707,28.012371063232422,7.99666690826416,,,38.06999969482422,83.12999725341797
2013-09-20,52.310001373291016,13.609999656677246,51.86274719238281,,,4.25,59.744876861572266,26.83042335510254,10.446000099182129,28.14462661743164,8.164999961853027,,,37.939998626708984,80.94000244140625
2013-09-23,51.79999923706055,13.550000190734863,51.45972442626953,,,4.156000137329102,59.360530853271484,26.789505004882812,10.36400032043457,28.0537052154541,7.909999847412109,,,37.5,80.41999816894531
2013-09-24,51.41999816894531,13.600000381469727,51.25328826904297,,,4.078000068664551,58.958309173583984,26.552209854125977,10.517999649047852,27.805728912353516,7.764999866485596,,,37.41999816894531,80.58000183105469
2013-09-25,51.869998931884766,13.569999694824219,51.57768249511719,,,4.076000213623047,59.2264404296875,26.601303100585938,10.470000267028809,27.99584197998047,7.715000152587891,,,37.5,80.2699966430664
2013-09-26,52.099998474121094,13.539999961853027,52.41322326660156,,,4.118000030517578,59.31584167480469,26.81404685974121,10.477999687194824,27.94624137878418,7.7683329582214355,,,37.869998931884766,82.37000274658203
2013-09-27,52.029998779296875,13.550000190734863,51.538360595703125,,,4.076000213623047,59.449920654296875,27.223176956176758,10.503999710083008,27.921449661254883,7.760000228881836,,,37.61000061035156,81.6500015258789
2013-09-30,51.939998626708984,13.510000228881836,51.02720260620117,,,4.052000045776367,59.27115249633789,27.23135757446289,10.390000343322754,27.417236328125,7.636666774749756,,,37.70000076293945,80.93000030517578
2013-10-01,52.43000030517578,13.600000381469727,51.734962463378906,,,4.170000076293945,59.396278381347656,27.476837158203125,10.29800033569336,27.690011978149414,7.510000228881836,,,37.84000015258789,82.68000030517578
2013-10-02,51.52000045776367,13.359999656677246,52.24612045288086,,,4.210000038146973,59.396278381347656,27.755029678344727,10.454000473022461,27.83880615234375,7.755000114440918,,,37.63999938964844,82.62999725341797
2013-10-03,50.880001068115234,13.25,51.11567306518555,,,4.105999946594238,58.84209442138672,27.7059383392334,10.430000305175781,27.475107192993164,7.7783331871032715,,,37.310001373291016,82.4000015258789
2013-10-04,51.56999969482422,13.399999618530273,51.931556701660156,,,4.3379998207092285,59.26219940185547,27.72231101989746,10.88599967956543,27.549766540527344,7.986667156219482,,,37.59000015258789,82.38999938964844
2013-10-07,50.81999969482422,13.1899995803833,51.27294921875,,,4.395999908447266,59.20855712890625,27.247730255126953,10.649999618530273,27.242835998535156,7.9716668128967285,,,37.0,81.2699966430664
2013-10-08,49.58000183105469,13.029999732971191,49.28730392456055,,,4.269999980926514,58.62589645385742,27.01042938232422,9.781999588012695,26.852933883666992,7.71999979019165,,,36.45000076293945,78.41999816894531
2013-10-09,49.45000076293945,13.329999923706055,49.06121826171875,,,4.156000137329102,58.52730178833008,27.059528350830078,9.616000175476074,26.703617095947266,7.611667156219482,,,36.36000061035156,77.41999816894531
2013-10-10,51.16999816894531,13.680000305175781,50.66349792480469,,,4.23199987411499,58.984466552734375,27.624116897583008,10.319999694824219,27.367258071899414,7.554999828338623,,,37.18000030517578,81.81999969482422
2013-10-11,52.189998626708984,14.050000190734863,50.20149230957031,,,4.239999771118164,59.9974365234375,27.92686653137207,10.317999839782715,27.59124183654785,7.593332767486572,,,37.68000030517578,81.69999694824219
2013-10-14,52.630001068115234,14.289999961853027,50.29978942871094,,,4.257999897003174,60.44562911987305,28.188709259033203,10.380000114440918,27.607833862304688,7.5833330154418945,,,37.959999084472656,81.5
2013-10-15,51.93000030517578,14.100000381469727,49.85743713378906,,,4.019999980926514,59.84503936767578,28.22144317626953,9.937999725341797,27.168169021606445,7.321667194366455,,,37.40999984741211,80.18000030517578
2013-10-16,51.90999984741211,14.25,51.68581771850586,,,4.070000171661377,60.06016540527344,28.344175338745117,10.369999885559082,27.39214515686035,7.195000171661377,,,37.83000183105469,81.16000366210938
2013-10-17,52.06999969482422,14.420000076293945,52.10849380493164,,,3.937999963760376,60.95657730102539,28.573286056518555,10.342000007629395,27.267711639404297,7.211667060852051,,,37.97999954223633,80.29000091552734
2013-10-18,52.630001068115234,14.479999542236328,53.17996597290039,,,4.039999961853027,61.61994934082031,28.60601043701172,10.366000175476074,27.292604446411133,7.2083330154418945,,,38.189998626708984,80.0999984741211
2013-10-21,53.08000183105469,14.529999732971191,54.16295623779297,,,4.131999969482422,61.861976623535156,28.63056755065918,10.776000022888184,27.334077835083008,7.324999809265137,,,38.11000061035156,81.18000030517578
2013-10-22,53.16999816894531,14.569999694824219,53.356895446777344,,,4.138000011444092,62.274349212646484,28.295076370239258,10.815999984741211,27.292604446411133,7.228332996368408,,,38.400001525878906,79.69000244140625
2013-10-23,53.060001373291016,14.510000228881836,52.43288803100586,,,4.111999988555908,62.01439666748047,27.624116897583008,10.592000007629395,27.12668800354004,7.320000171661377,,,37.97999954223633,78.75
2013-10-24,54.209999084472656,13.010000228881836,53.4552001953125,,,4.168000221252441,62.58808517456055,27.591388702392578,11.673999786376953,27.433629989624023,7.449999809265137,,,35.849998474121094,81.45999908447266
2013-10-25,53.810001373291016,12.789999961853027,53.63212966918945,,,4.013999938964844,63.14383316040039,29.23607063293457,11.338000297546387,27.499998092651367,7.308332920074463,,,36.25,79.77999877929688
2013-10-28,53.93000030517578,12.8100004196167,52.58033752441406,,,4.015999794006348,63.502418518066406,29.105152130126953,10.968000411987305,27.491695404052734,7.119999885559082,,,36.459999084472656,77.05999755859375
2013-10-29,54.86000061035156,12.869999885559082,52.786766052246094,,,4.0279998779296875,64.07613372802734,29.064231872558594,10.8100004196167,27.96454429626465,7.25,,,36.380001068115234,75.62000274658203
2013-10-30,54.099998474121094,12.59000015258789,51.89224624633789,,,3.9820001125335693,64.05821228027344,29.08061408996582,10.819999694824219,27.815227508544922,7.175000190734863,,,36.349998474121094,75.3499984741211
2013-10-31,54.220001220703125,12.970000267028809,52.452545166015625,,,4.026000022888184,64.01339721679688,28.97422981262207,10.92199993133545,27.790332794189453,7.02666711807251,,,36.41999816894531,74.87000274658203
2013-11-01,54.61000061035156,13.0,53.04233932495117,,,3.950000047683716,63.94168472290039,29.072423934936523,10.76200008392334,27.815227508544922,6.988333225250244,,,36.150001525878906,75.3499984741211
2013-11-04,55.38999938964844,13.069999694824219,54.63479232788086,,,4.015999794006348,64.01339721679688,29.40790557861328,10.831999778747559,27.96454429626465,7.073332786560059,,,36.189998626708984,77.19000244140625
2013-11-05,54.790000915527344,13.069999694824219,54.742919921875,,,4.004000186920166,64.3271255493164,29.98066520690918,11.071999549865723,27.790332794189453,6.921667098999023,,,35.86000061035156,77.5999984741211
2013-11-06,54.880001068115234,13.199999809265137,54.29074478149414,,,3.98799991607666,64.7574234008789,31.240795135498047,10.746000289916992,28.263179779052734,6.968332767486572,,,36.41999816894531,77.33999633789062
2013-11-07,53.16999816894531,12.979999542236328,53.42570877075195,,,3.880000114440918,64.25544738769531,30.684371948242188,10.357999801635742,28.205120086669922,6.881667137145996,,,36.11000061035156,75.19000244140625
2013-11-08,54.84000015258789,12.899999618530273,54.546321868896484,,,3.888000011444092,64.9725570678711,30.913480758666992,10.371999740600586,28.49546241760254,6.831666946411133,,,36.310001373291016,74.08000183105469
2013-11-11,56.18000030517578,13.0,55.16560745239258,,,3.9539999961853027,64.79325866699219,30.758012771606445,10.392000198364258,28.51205825805664,6.978332996368408,,,36.439998626708984,73.8499984741211
2013-11-12,56.2400016784668,12.770000457763672,55.745567321777344,,,3.940000057220459,64.9097900390625,30.569822311401367,10.470000267028809,28.785810470581055,6.880000114440918,,,36.2400016784668,74.29000091552734
2013-11-13,57.54999923706055,12.84000015258789,56.23706817626953,,,3.997999906539917,65.40284729003906,31.224430084228516,10.708000183105469,29.034687042236328,6.908332824707031,,,36.529998779296875,74.19999694824219
2013-11-14,57.16999816894531,12.819999694824219,56.02081298828125,,,3.9839999675750732,65.58214569091797,31.109874725341797,10.52400016784668,28.520343780517578,7.033332824707031,,,36.470001220703125,74.19999694824219
2013-11-15,57.349998474121094,12.670000076293945,56.33536911010742,,,4.073999881744385,66.03926849365234,30.96258544921875,10.619999885559082,28.968320846557617,7.618332862854004,,,36.5099983215332,75.7300033569336
2013-11-18,56.599998474121094,12.8100004196167,54.56597900390625,,,3.9539999961853027,65.80621337890625,30.438894271850586,10.331999778747559,28.976604461669922,7.408332824707031,,,36.349998474121094,73.66999816894531
2013-11-19,55.77000045776367,12.59000015258789,51.84309387207031,,,3.885999917984009,65.76139831542969,30.290494918823242,10.369999885559082,28.835582733154297,7.318333148956299,,,35.720001220703125,73.86000061035156
2013-11-20,55.939998626708984,12.859999656677246,52.69829177856445,,,3.878000020980835,65.564208984375,30.570812225341797,10.229999542236328,28.82729148864746,7.329999923706055,,,35.900001525878906,72.20999908447266
2013-11-21,56.22999954223633,13.0,53.51417541503906,,,3.9019999504089355,65.58214569091797,30.83463478088379,10.567999839782715,28.984912872314453,7.486667156219482,,,36.2400016784668,73.87999725341797
2013-11-22,56.40999984741211,13.0,53.759925842285156,,,3.940000057220459,64.56916046142578,30.974811553955078,11.083999633789062,28.893661499023438,7.550000190734863,,,36.59000015258789,74.06999969482422
2013-11-25,56.95000076293945,12.829999923706055,51.8529167175293,,,3.884000062942505,65.19668579101562,31.03250503540039,10.522000312805176,28.85218048095703,7.683332920074463,,,36.75,73.30000305175781
2013-11-26,56.70000076293945,13.199999809265137,51.41056823730469,,,3.9200000762939453,65.29524993896484,30.79341697692871,10.899999618530273,28.976604461669922,8.248332977294922,,,36.59000015258789,82.5999984741211
2013-11-27,56.90999984741211,13.300000190734863,51.813594818115234,,,3.927999973297119,65.92276763916016,30.999526977539062,10.751999855041504,29.275245666503906,8.311667442321777,,,36.7599983215332,82.05999755859375
2013-11-29,56.779998779296875,13.25,51.20414352416992,,,3.4200000762939453,66.54126739501953,31.436492919921875,10.621999740600586,29.275245666503906,8.324999809265137,,,36.630001068115234,82.3499984741211
2013-12-02,56.7599983215332,13.3100004196167,50.68315887451172,,,3.3519999980926514,66.54126739501953,31.70030975341797,10.468000411987305,29.10104751586914,8.248332977294922,,,36.439998626708984,80.5
2013-12-03,56.400001525878906,13.380000114440918,50.75196838378906,,,3.4119999408721924,66.6578598022461,31.584897994995117,10.395999908447266,29.092742919921875,8.141667366027832,,,36.66999816894531,78.16999816894531
2013-12-04,56.04999923706055,13.609999656677246,51.38108444213867,,,3.507999897003174,66.63988494873047,32.10430145263672,10.640000343322754,29.092742919921875,8.329999923706055,,,36.5,79.27999877929688
2013-12-05,55.040000915527344,13.380000114440918,52.1478157043457,,,3.5280001163482666,66.34410858154297,31.32931137084961,10.697999954223633,28.910247802734375,8.3100004196167,,,37.40999984741211,81.81999969482422
2013-12-06,55.599998474121094,13.359999656677246,52.963706970214844,,,3.5399999618530273,67.15086364746094,31.626115798950195,10.541999816894531,29.432861328125,8.62833309173584,,,37.939998626708984,81.44000244140625
2013-12-09,55.439998626708984,13.420000076293945,52.76710891723633,,,3.6080000400543213,66.69369506835938,31.9146785736084,10.326000213623047,29.532413482666016,8.698332786560059,,,37.75,80.2300033569336
2013-12-10,55.31999969482422,13.65999984741211,52.80642318725586,,,3.619999885559082,67.2315673828125,31.420000076293945,10.17199993133545,28.8687686920166,8.666666984558105,,,38.11000061035156,80.33000183105469
2013-12-11,54.63999938964844,13.550000190734863,50.55536651611328,,,3.558000087738037,66.81018829345703,31.007774353027344,9.869999885559082,28.669673919677734,8.604999542236328,,,37.959999084472656,79.20999908447266
2013-12-12,53.9900016784668,13.420000076293945,50.113014221191406,,,3.509999990463257,66.54126739501953,30.686237335205078,9.800000190734863,27.873292922973633,8.68166732788086,,,38.06999969482422,79.72000122070312
2013-12-13,60.88999938964844,13.550000190734863,50.260467529296875,,,3.5360000133514404,67.24945831298828,30.24927520751953,10.105999946594238,27.566349029541016,8.989999771118164,,,38.13999938964844,79.9800033569336
2013-12-16,58.5,13.699999809265137,50.28995895385742,,,3.568000078201294,67.10603332519531,30.41416358947754,10.27400016784668,27.82352066040039,9.12166690826416,,,38.459999084472656,80.0
2013-12-17,57.66999816894531,13.8100004196167,51.33192825317383,,,3.5759999752044678,66.95365905761719,30.109107971191406,10.28600025177002,27.898181915283203,9.30666732788086,,,38.810001373291016,79.9000015258789
2013-12-18,59.040000915527344,13.6899995803833,52.452545166015625,,,3.609999895095825,67.95762634277344,30.15857696533203,10.20199966430664,28.702848434448242,9.446666717529297,,,39.41999816894531,80.5
2013-12-19,58.130001068115234,13.539999961853027,52.167476654052734,,,3.5759999752044678,67.85005950927734,29.886503219604492,10.168000221252441,30.361976623535156,9.583333015441895,,,39.13999938964844,80.12999725341797
2013-12-20,59.2599983215332,13.5600004196167,52.80642318725586,,,3.686000108718872,67.4825210571289,30.33997344970703,10.842000007629395,30.171178817749023,9.40999984741211,,,39.630001068115234,81.8499984741211
2013-12-23,59.470001220703125,13.720000267028809,53.65179443359375,,,3.7939999103546143,68.41484069824219,30.191564559936523,11.04800033569336,30.6357421875,9.423333168029785,,,40.0,82.66999816894531
2013-12-24,59.529998779296875,13.8100004196167,53.86806106567383,,,3.7799999713897705,68.50444030761719,30.570812225341797,11.010000228881836,30.959266662597656,9.475000381469727,,,40.060001373291016,82.37000274658203
2013-12-26,59.58000183105469,13.770000457763672,53.917198181152344,,,3.7760000228881836,68.44171905517578,30.86761474609375,11.013999938964844,31.266199111938477,9.366666793823242,,,39.97999954223633,82.51000213623047
2013-12-27,59.5099983215332,13.930000305175781,53.52400588989258,,,3.7820000648498535,68.20864868164062,30.74395179748535,11.100000381469727,31.506772994995117,9.633333206176758,,,40.16999816894531,82.05999755859375
2013-12-30,59.54999923706055,13.989999771118164,54.23175811767578,,,3.7799999713897705,68.63890838623047,30.74395179748535,11.10200023651123,31.515079498291016,9.581666946411133,,,40.599998474121094,82.41999816894531
2013-12-31,59.880001068115234,14.020000457763672,54.25141906738281,,,3.8259999752044678,68.41484069824219,30.842872619628906,11.20199966430664,31.73906707763672,9.578332901000977,,,40.56999969482422,83.16000366210938
2014-01-02,59.290000915527344,14.010000228881836,53.92703628540039,,,3.803999900817871,68.07418060302734,30.636762619018555,11.137999534606934,31.390644073486328,9.276666641235352,,,40.41999816894531,81.7699966430664
2014-01-03,59.15999984741211,14.170000076293945,54.182613372802734,,,3.8540000915527344,67.9487075805664,30.430654525756836,11.03600025177002,31.307416915893555,9.573332786560059,,,40.619998931884766,82.47000122070312
2014-01-06,58.119998931884766,14.270000457763672,53.30775451660156,,,3.8480000495910645,67.89486694335938,29.787582397460938,11.145999908447266,31.182586669921875,9.640000343322754,,,40.25,84.58999633789062
2014-01-07,58.970001220703125,14.34000015258789,54.015506744384766,,,3.9660000801086426,69.07815551757812,30.01842498779297,11.555999755859375,31.498823165893555,9.998332977294922,,,40.34000015258789,88.12999725341797
2014-01-08,58.900001525878906,14.420000076293945,55.97166442871094,,,3.9679999351501465,68.69175720214844,29.482528686523438,11.57800006866455,31.390644073486328,10.008333206176758,,,40.779998779296875,89.0
2014-01-09,59.09000015258789,14.319999694824219,55.33271026611328,,,3.8940000534057617,68.86249542236328,29.292911529541016,11.531999588012695,31.332387924194336,10.106666564941406,,,40.939998626708984,88.83999633789062
2014-01-10,59.529998779296875,14.489999771118164,55.98149490356445,,,3.9119999408721924,68.51202392578125,29.713376998901367,11.87600040435791,31.71518898010254,10.108332633972168,,,41.130001068115234,89.69000244140625
2014-01-13,58.599998474121094,14.270000457763672,55.254066467285156,,,3.927999973297119,67.40670776367188,28.839454650878906,11.418000221252441,31.415599822998047,9.845000267028809,,,40.63999938964844,87.87999725341797
2014-01-14,60.369998931884766,14.460000038146973,56.53196716308594,,,4.179999828338623,68.35025787353516,29.499021530151367,11.526000022888184,31.798412322998047,10.103333473205566,,,41.040000915527344,91.29000091552734
2014-01-15,61.68000030517578,14.829999923706055,58.704383850097656,,,4.294000148773193,68.9972915649414,30.30698585510254,12.062000274658203,31.96485710144043,10.483332633972168,,,41.18000030517578,90.83999633789062
2014-01-16,61.630001068115234,14.460000038146973,58.203060150146484,,,4.303999900817871,69.00626373291016,30.41416358947754,12.378000259399414,31.864988327026367,10.611666679382324,,,40.95000076293945,94.0
2014-01-17,61.369998931884766,14.470000267028809,58.84199905395508,,,4.296000003814697,69.18599700927734,29.993696212768555,12.40999984741211,31.798412322998047,10.479999542236328,,,41.09000015258789,92.4800033569336
2014-01-21,60.849998474121094,14.550000190734863,59.91346740722656,,,4.27400016784668,68.45807647705078,29.820558547973633,12.15999984741211,31.71518898010254,10.244999885559082,,,41.56999969482422,93.1500015258789
2014-01-22,61.77000045776367,14.300000190734863,60.10023880004883,,,4.269999980926514,67.90995025634766,29.6226863861084,12.295999526977539,31.607013702392578,10.33666706085205,,,41.29999923706055,92.31999969482422
2014-01-23,60.880001068115234,14.09000015258789,59.05826187133789,,,4.271999835968018,67.68531036376953,29.729873657226562,12.491999626159668,31.748477935791016,10.296667098999023,,,40.959999084472656,91.48999786376953
2014-01-24,59.09000015258789,14.15999984741211,57.406837463378906,,,4.335999965667725,65.81611633300781,30.348207473754883,11.711999893188477,30.88298988342285,10.066666603088379,,,40.11000061035156,88.98999786376953
2014-01-27,58.36000061035156,14.0,56.10927963256836,,,4.309999942779541,65.65434265136719,29.70511817932129,11.600000381469727,30.367033004760742,9.949999809265137,,,39.5,87.08999633789062
2014-01-28,59.11000061035156,14.010000228881836,58.36033248901367,,,4.400000095367432,66.03179931640625,29.902986526489258,11.791999816894531,30.87466812133789,10.239999771118164,,,39.869998931884766,87.58999633789062
2014-01-29,58.459999084472656,14.079999923706055,56.97431564331055,,,4.2820000648498535,65.76220703125,30.224544525146484,11.520000457763672,30.766481399536133,9.946666717529297,,,39.9900016784668,86.19999694824219
2014-01-30,59.38999938964844,14.300000190734863,59.93312072753906,,,4.427999973297119,66.6698226928711,30.389429092407227,13.121999740600586,31.124332427978516,10.353333473205566,,,40.52000045776367,89.7699966430664
2014-01-31,59.189998626708984,14.119999885559082,59.5006103515625,,,4.239999771118164,65.82511901855469,31.197406768798828,12.685999870300293,30.708229064941406,9.908332824707031,,,39.86000061035156,89.54000091552734
2014-02-03,58.09000015258789,13.760000228881836,57.47563934326172,,,4.064000129699707,63.632442474365234,30.076139450073242,12.592000007629395,29.826101303100586,9.618332862854004,,,38.400001525878906,87.94000244140625
2014-02-04,59.720001220703125,13.8100004196167,59.923301696777344,,,4.156000137329102,63.722293853759766,29.968965530395508,12.829999923706055,29.92595863342285,10.03166675567627,,,39.11000061035156,88.62000274658203
2014-02-05,61.0,13.739999771118164,60.5818977355957,,,4.044000148773193,63.578514099121094,29.532005310058594,12.706000328063965,29.917646408081055,9.991666793823242,,,38.97999954223633,88.58999633789062
2014-02-06,61.34000015258789,13.729999542236328,60.650718688964844,,,4.196000099182129,63.83012390136719,29.82879638671875,12.529999732971191,30.558448791503906,11.15666675567627,,,39.099998474121094,90.69999694824219
2014-02-07,62.880001068115234,14.010000228881836,60.503265380859375,,,4.302000045776367,64.20755004882812,30.14208984375,13.258000373840332,30.94957160949707,10.960000038146973,,,39.77000045776367,92.55999755859375
2014-02-10,63.779998779296875,14.229999542236328,60.0019416809082,,,4.297999858856201,64.20755004882812,30.33997344970703,13.168000221252441,31.041107177734375,11.293333053588867,,,39.95000076293945,92.0
2014-02-11,63.970001220703125,14.420000076293945,60.18870544433594,,,4.323999881744385,65.34883880615234,30.645017623901367,13.22599983215332,31.490507125854492,11.481666564941406,,,40.59000015258789,95.87000274658203
2014-02-12,65.13999938964844,14.579999923706055,60.434452056884766,,,4.291999816894531,62.65294647216797,30.892343521118164,13.23799991607666,31.68189239501953,11.46166706085205,,,40.61000061035156,94.97000122070312
2014-02-13,67.04000091552734,14.569999694824219,62.056396484375,,,4.438000202178955,63.55152893066406,31.007774353027344,13.529999732971191,31.973186492919922,12.078332901000977,,,41.099998474121094,98.31999969482422
2014-02-14,68.33999633789062,14.680000305175781,61.73200988769531,,,4.4120001792907715,64.42327117919922,31.016010284423828,13.505999565124512,31.607013702392578,12.133333206176758,,,40.97999954223633,96.80000305175781
2014-02-18,68.66000366210938,14.6899995803833,62.64618682861328,,,4.559999942779541,65.64539337158203,31.082475662231445,13.503999710083008,31.598682403564453,12.276666641235352,,,40.84000015258789,97.3499984741211
2014-02-19,67.98999786376953,14.770000457763672,61.948265075683594,,,4.423999786376953,65.97784423828125,31.157215118408203,13.350000381469727,31.515474319458008,11.983332633972168,,,40.7599983215332,97.54000091552734
2014-02-20,68.4800033569336,14.9399995803833,61.93843078613281,,,4.533999919891357,66.3642807006836,31.356578826904297,13.416000366210938,31.84834098815918,12.1899995803833,,,39.849998474121094,98.19999694824219
2014-02-21,68.22000122070312,15.140000343322754,62.50857162475586,,,4.521999835968018,69.41067504882812,31.547622680664062,13.855999946594238,31.706865310668945,12.270000457763672,,,40.400001525878906,100.44999694824219
2014-02-24,68.7699966430664,15.140000343322754,62.823123931884766,,,4.526000022888184,69.56341552734375,31.306734085083008,13.779999732971191,31.740171432495117,12.796667098999023,,,40.27000045776367,100.36000061035156
2014-02-25,68.01000213623047,15.100000381469727,62.5773811340332,,,4.611999988555908,69.49152374267578,31.182146072387695,13.751999855041504,31.831701278686523,12.491666793823242,,,39.970001220703125,98.75
2014-02-26,67.81999969482422,15.239999771118164,62.65602493286133,,,4.676000118255615,69.82401275634766,31.123992919921875,13.736000061035156,32.03975296020508,12.676667213439941,,,39.95000076293945,100.27999877929688
2014-02-27,69.91999816894531,15.350000381469727,65.09385681152344,,,4.771999835968018,70.1834945678711,31.447946548461914,14.02400016784668,32.41424560546875,12.081666946411133,,,40.0,115.47000122070312
2014-02-28,68.62999725341797,15.329999923706055,61.30931854248047,,,4.630000114440918,70.22840881347656,31.821733474731445,13.612000465393066,32.547386169433594,11.858332633972168,,,40.400001525878906,109.91999816894531
2014-03-03,67.86000061035156,15.300000190734863,60.444278717041016,,,4.553999900817871,69.976806640625,31.381502151489258,13.59000015258789,32.04808807373047,11.300000190734863,,,39.84000015258789,106.30000305175781
2014-03-04,68.5999984741211,15.520000457763672,61.997406005859375,,,4.699999809265137,72.70864868164062,31.90479850769043,14.161999702453613,32.79707336425781,11.771666526794434,,,40.58000183105469,109.08000183105469
2014-03-05,68.9000015258789,15.449999809265137,62.597042083740234,,,4.671999931335449,72.45704650878906,31.655609130859375,14.005999565124512,32.87195587158203,11.566666603088379,,,40.470001220703125,107.02999877929688
2014-03-06,68.91999816894531,15.960000038146973,62.066226959228516,,,4.690000057220459,72.54692840576172,31.688844680786133,13.71399974822998,32.83866500854492,11.574999809265137,,,40.47999954223633,104.79000091552734
2014-03-07,68.5199966430664,15.90999984741211,59.70703887939453,,,4.677999973297119,73.86791229248047,31.481178283691406,13.428000450134277,32.31438446044922,12.853333473205566,,,40.400001525878906,102.08000183105469
2014-03-10,68.04000091552734,15.8100004196167,58.763362884521484,,,4.625999927520752,73.52641296386719,31.41472625732422,13.380000114440918,32.3393440246582,13.043333053588867,,,40.459999084472656,100.94999694824219
2014-03-11,67.47000122070312,15.609999656677246,59.982276916503906,,,4.567999839782715,73.03214263916016,31.58085060119629,13.387999534606934,32.37263870239258,12.859999656677246,,,39.9900016784668,100.91000366210938
2014-03-12,68.05999755859375,15.520000457763672,60.47377395629883,,,4.624000072479248,72.72663879394531,31.788509368896484,13.763999938964844,32.0564079284668,12.986666679382324,,,39.900001525878906,102.62999725341797
2014-03-13,67.08000183105469,15.380000114440918,58.055606842041016,,,4.519999980926514,72.02566528320312,31.47286033630371,13.54800033569336,31.332387924194336,12.739999771118164,,,39.599998474121094,101.20999908447266
2014-03-14,67.19000244140625,15.270000457763672,57.17091369628906,,,4.570000171661377,71.81001281738281,31.315048217773438,13.236000061035156,31.290773391723633,12.798333168029785,,,39.4900016784668,100.91000366210938
2014-03-17,68.16999816894531,15.579999923706055,57.328189849853516,,,4.633999824523926,72.38516235351562,31.605772018432617,13.39799976348877,31.80673599243164,13.085000038146973,,,39.75,101.56999969482422
2014-03-18,68.5199966430664,15.699999809265137,58.61591720581055,,,4.75600004196167,72.4840087890625,32.851722717285156,13.692000389099121,32.32270812988281,13.303333282470703,,,40.369998931884766,104.25
2014-03-19,67.62999725341797,15.640000343322754,57.436317443847656,,,4.73799991607666,72.0796127319336,32.61914825439453,13.48799991607666,32.08137130737305,13.109999656677246,,,40.41999816894531,102.05000305175781
2014-03-20,68.48999786376953,15.739999771118164,58.114593505859375,,,4.703999996185303,72.51094818115234,33.49961471557617,13.319999694824219,31.93156623840332,13.08666706085205,,,40.56999969482422,100.1500015258789
2014-03-21,67.13999938964844,16.1200008392334,56.06013107299805,,,4.604000091552734,71.38764953613281,33.35842514038086,12.51200008392334,31.207550048828125,12.760000228881836,,,40.11000061035156,97.0999984741211
2014-03-24,65.23999786376953,15.899999618530273,55.401527404785156,,,4.460000038146973,70.8215103149414,33.64081954956055,12.307999610900879,31.773448944091797,12.188332557678223,,,39.380001068115234,95.58000183105469
2014-03-25,65.80999755859375,15.579999923706055,55.68660354614258,,,4.432000160217285,70.69570922851562,33.50791931152344,11.842000007629395,31.956541061401367,12.114999771118164,,,38.9900016784668,94.41999816894531
2014-03-26,63.900001525878906,15.350000381469727,54.271080017089844,,,4.331999778747559,69.8420181274414,33.05108642578125,11.510000228881836,32.522430419921875,11.563332557678223,,,37.95000076293945,92.58999633789062
2014-03-27,64.52999877929688,15.069999694824219,55.01816177368164,,,4.374000072479248,69.71620178222656,32.69390869140625,11.802000045776367,32.65559768676758,11.875,,,38.349998474121094,90.9000015258789
2014-03-28,64.87999725341797,15.399999618530273,54.80189895629883,,,4.361999988555908,69.88693237304688,33.47469711303711,11.581999778747559,32.93022537231445,11.626667022705078,,,38.18000030517578,90.76000213623047
2014-03-31,65.73999786376953,15.539999961853027,56.119117736816406,,,4.406000137329102,69.85101318359375,34.047847747802734,11.984000205993652,34.04536819458008,11.433333396911621,,,38.40999984741211,91.43000030517578
2014-04-01,65.93000030517578,15.489999771118164,57.80002975463867,,,4.539999961853027,70.89341735839844,34.4050178527832,12.505999565124512,34.528038024902344,11.826666831970215,,,38.599998474121094,95.27999877929688
2014-04-02,65.4800033569336,15.399999618530273,57.161094665527344,,,4.556000232696533,70.96527099609375,34.34687042236328,12.253999710083008,34.22844314575195,11.84000015258789,,,38.70000076293945,92.16999816894531
2014-04-03,62.45000076293945,15.1899995803833,54.79207229614258,,,4.498000144958496,70.61485290527344,34.064456939697266,10.935999870300293,33.59596633911133,10.880000114440918,,,38.63999938964844,83.91000366210938
2014-04-04,61.31999969482422,14.84000015258789,53.484683990478516,,,4.4019999504089355,69.36573791503906,33.11752700805664,10.46399974822998,33.370609283447266,10.510000228881836,,,37.95000076293945,80.68000030517578
2014-04-07,60.470001220703125,14.710000038146973,53.05217742919922,,,4.458000183105469,67.20901489257812,33.059391021728516,10.187999725341797,32.94490432739258,10.03833293914795,,,37.540000915527344,78.13999938964844
2014-04-08,61.81999969482422,14.90999984741211,54.271080017089844,,,4.564000129699707,67.15496826171875,33.07600021362305,10.17199993133545,33.587623596191406,10.581666946411133,,,37.560001373291016,81.19999694824219
2014-04-09,63.459999084472656,14.960000038146973,55.98149490356445,,,4.659999847412109,67.6684341430664,33.615901947021484,10.97599983215332,34.121822357177734,11.354999542236328,,,37.939998626708984,83.0199966430664
2014-04-10,61.4900016784668,14.720000267028809,53.6223030090332,,,4.334000110626221,66.299072265625,32.69390869140625,10.12600040435791,33.21200942993164,10.633333206176758,,,36.9900016784668,75.62000274658203
2014-04-11,60.5,14.529999732971191,51.97087860107422,,,4.093999862670898,65.3350830078125,32.569313049316406,9.934000015258789,32.53592300415039,10.716667175292969,,,36.380001068115234,71.86000061035156
2014-04-14,61.38999938964844,14.520000457763672,52.86540222167969,,,4.1020002365112305,66.1098861694336,32.54438781738281,9.930000305175781,33.02840805053711,10.989999771118164,,,36.56999969482422,73.0
2014-04-15,62.11000061035156,14.670000076293945,54.29074478149414,,,4.1519999504089355,66.43421173095703,33.01786422729492,10.342000007629395,33.161922454833984,11.393333435058594,,,36.630001068115234,77.80999755859375
2014-04-16,63.040000915527344,14.720000267028809,55.027984619140625,,,4.308000087738037,66.91171264648438,33.55778121948242,10.657999992370605,33.495811462402344,11.640000343322754,,,37.08000183105469,77.56999969482422
2014-04-17,64.04000091552734,14.859999656677246,55.14594650268555,,,4.328000068664551,66.69548797607422,33.233821868896484,10.652000427246094,33.45407485961914,11.65999984741211,,,37.52000045776367,79.80000305175781
2014-04-21,64.30000305175781,14.84000015258789,55.1557731628418,,,4.360000133514404,66.6684341430664,33.17566680908203,10.630000114440918,33.587623596191406,11.396666526794434,,,37.58000183105469,77.93000030517578
2014-04-22,64.4800033569336,14.800000190734863,56.10927963256836,,,4.406000137329102,67.4251937866211,33.217193603515625,11.045999526977539,33.771263122558594,11.864999771118164,,,38.040000915527344,81.37000274658203
2014-04-23,64.38999938964844,14.880000114440918,54.69377136230469,,,4.4079999923706055,67.0197982788086,32.968017578125,10.61400032043457,33.21200942993164,11.508333206176758,,,37.880001068115234,76.63999938964844
2014-04-24,63.220001220703125,15.050000190734863,53.79924774169922,,,4.585999965667725,66.81258392333984,33.109230041503906,9.97599983215332,33.17863082885742,11.335000038146973,,,37.869998931884766,72.58999633789062
2014-04-25,61.61000061035156,14.850000381469727,51.90207290649414,,,4.409999847412109,67.87568664550781,33.150753021240234,9.446000099182129,32.928218841552734,11.026666641235352,,,37.310001373291016,67.61000061035156
2014-04-28,60.400001525878906,14.8100004196167,48.29448699951172,,,4.291999816894531,67.29008483886719,33.94816970825195,9.284000396728516,33.495811462402344,10.720000267028809,,,36.7599983215332,67.30999755859375
2014-04-29,60.90999984741211,15.460000038146973,49.89676284790039,,,4.320000171661377,67.92975616455078,33.64913558959961,9.833999633789062,33.47911071777344,10.726667404174805,,,36.9900016784668,73.30000305175781
2014-04-30,61.689998626708984,15.5600004196167,50.77163314819336,,,4.395999908447266,68.24506378173828,33.55778121948242,9.944000244140625,34.121822357177734,10.596667289733887,,,37.619998931884766,73.06999969482422
2014-05-01,62.59000015258789,15.510000228881836,51.19431686401367,,,4.388000011444092,68.4072494506836,33.22550964355469,10.095999717712402,34.19694900512695,10.87833309173584,,,37.59000015258789,74.83000183105469
2014-05-02,61.560001373291016,15.550000190734863,51.54818344116211,,,4.392000198364258,67.83063507080078,32.968017578125,10.236000061035156,34.063392639160156,10.846667289733887,,,37.58000183105469,75.7300033569336
2014-05-05,61.439998626708984,15.579999923706055,52.73760986328125,,,4.389999866485596,68.08289337158203,32.75205993652344,10.444000244140625,34.39727020263672,11.170000076293945,,,37.45000076293945,76.23999786376953
2014-05-06,59.439998626708984,15.59000015258789,50.8994140625,,,4.269999980926514,67.2720718383789,32.444705963134766,9.89799976348877,34.23031997680664,10.951666831970215,,,36.84000015258789,73.26000213623047
2014-05-07,58.630001068115234,15.640000343322754,49.57237243652344,,,4.1519999504089355,66.95674896240234,32.74374008178711,9.411999702453613,34.27206039428711,9.998332977294922,,,37.310001373291016,67.4800033569336
2014-05-08,59.08000183105469,15.529999732971191,49.297142028808594,,,4.136000156402588,67.22702026367188,32.926483154296875,9.347999572753906,34.113468170166016,9.9350004196167,,,37.25,67.05999755859375
2014-05-09,59.59000015258789,15.479999542236328,49.42491912841797,,,4.072000026702881,67.49732971191406,32.843414306640625,9.291999816894531,34.25537872314453,9.751667022705078,,,37.599998474121094,68.20999908447266
2014-05-12,60.70000076293945,15.770000457763672,52.5213508605957,,,4.197999954223633,68.56939697265625,33.200599670410156,9.70199966430664,35.01492691040039,10.369999885559082,,,38.279998779296875,72.44000244140625
2014-05-13,60.810001373291016,15.739999771118164,51.39091110229492,,,4.116000175476074,68.19103240966797,33.81123352050781,9.465999603271484,34.9648551940918,10.313332557678223,,,38.13999938964844,72.02999877929688
2014-05-14,60.880001068115234,15.5600004196167,50.99771499633789,,,4.165999889373779,67.56035614013672,33.660667419433594,9.513999938964844,34.95650863647461,10.021666526794434,,,38.040000915527344,71.0
2014-05-15,60.20000076293945,15.550000190734863,50.5455322265625,,,4.211999893188477,66.74052429199219,33.12531280517578,9.564000129699707,34.998233795166016,9.9350004196167,,,37.880001068115234,70.69000244140625
2014-05-16,61.63999938964844,15.699999809265137,50.91907501220703,,,4.24399995803833,68.02884674072266,33.317726135253906,9.477999687194824,34.79790496826172,10.220000267028809,,,37.77000045776367,71.76000213623047
2014-05-19,62.20000076293945,15.859999656677246,52.32475662231445,,,4.300000190734863,69.43428039550781,33.25079345703125,9.680000305175781,35.19021987915039,10.446666717529297,,,38.119998931884766,74.5199966430664
2014-05-20,61.709999084472656,16.290000915527344,51.99053955078125,,,4.251999855041504,69.22708129882812,33.19222640991211,9.697999954223633,34.68941116333008,10.50333309173584,,,38.20000076293945,75.51000213623047
2014-05-21,62.470001220703125,16.540000915527344,49.33646011352539,,,4.283999919891357,69.79466247558594,33.75267028808594,9.673999786376953,34.7895622253418,10.58666706085205,,,38.4900016784668,75.37000274658203
2014-05-22,63.150001525878906,16.760000228881836,52.364070892333984,,,4.3520002365112305,70.56044006347656,33.54354476928711,10.088000297546387,34.656005859375,11.106666564941406,,,38.90999984741211,76.83000183105469
2014-05-23,64.30000305175781,16.940000534057617,52.50169372558594,,,4.386000156402588,71.70460510253906,33.56028366088867,10.505999565124512,35.181854248046875,11.164999961853027,,,39.09000015258789,78.30000305175781
2014-05-27,65.25,16.920000076293945,53.43553924560547,,,4.432000160217285,72.20014953613281,33.618839263916016,10.859999656677246,34.981544494628906,11.601667404174805,,,39.2599983215332,82.12999725341797
2014-05-28,64.83999633789062,16.8700008392334,52.43288803100586,,,4.458000183105469,71.24516296386719,33.46826934814453,10.76200008392334,34.69776153564453,11.585000038146973,,,39.04999923706055,84.04000091552734
2014-05-29,65.44999694824219,16.799999237060547,53.47486114501953,,,4.533999919891357,71.27218627929688,33.744319915771484,10.878000259399414,35.22359848022461,12.194999694824219,,,38.75,80.95999908447266
2014-05-30,64.54000091552734,16.690000534057617,51.734962463378906,,,4.49399995803833,71.43433380126953,34.2462158203125,10.461999893188477,35.07335662841797,12.484999656677246,,,38.4900016784668,78.37000274658203
2014-06-02,64.63999938964844,16.56999969482422,51.48921203613281,,,4.426000118255615,71.56046295166016,34.12075424194336,10.052000045776367,35.031639099121094,12.28166675567627,,,38.540000915527344,75.43000030517578
2014-06-03,64.08999633789062,16.440000534057617,50.08353805541992,,,4.440000057220459,71.52444458007812,33.702491760253906,10.081999778747559,34.898075103759766,12.376667022705078,,,38.36000061035156,75.79000091552734
2014-06-04,64.16999816894531,16.5,50.20149230957031,,,4.510000228881836,71.44335174560547,33.72758483886719,10.277999877929688,34.80625915527344,12.55666732788086,,,38.040000915527344,76.80000305175781
2014-06-05,65.47000122070312,16.56999969482422,50.49639129638672,,,4.558000087738037,71.49739837646484,34.472068786621094,10.777999877929688,35.14013671875,12.833333015441895,,,38.029998779296875,80.01000213623047
2014-06-06,66.91000366210938,17.059999465942383,50.91907501220703,,,4.605999946594238,72.10102844238281,34.69792556762695,11.321999549865723,35.58250427246094,12.99666690826416,,,39.11000061035156,81.01000213623047
2014-06-09,66.93000030517578,17.049999237060547,50.830604553222656,,,4.636000156402588,71.9298324584961,34.52227783203125,11.187999725341797,35.64094543457031,12.899999618530273,,,39.060001373291016,80.27999877929688
2014-06-10,66.95999908447266,17.049999237060547,52.15764617919922,,,4.6579999923706055,71.31724548339844,34.38843536376953,11.194000244140625,35.607566833496094,13.023332595825195,,,39.220001220703125,79.83000183105469
2014-06-11,67.45999908447266,17.040000915527344,52.40340042114258,,,4.75600004196167,71.32621002197266,34.17930221557617,11.5600004196167,35.52409362792969,13.033332824707031,,,39.18000030517578,81.19999694824219
2014-06-12,66.55999755859375,16.729999542236328,52.13798522949219,,,4.685999870300293,71.09200286865234,33.94508361816406,11.496000289916992,35.05665969848633,13.085000038146973,,,38.849998474121094,81.5199966430664
2014-06-13,66.81999969482422,16.8799991607666,53.386390686035156,,,4.723999977111816,71.16407012939453,34.488807678222656,11.84000015258789,35.17353439331055,13.133333206176758,,,39.040000915527344,83.86000061035156
2014-06-16,67.62000274658203,16.809999465942383,53.6812858581543,,,4.834000110626221,71.09200286865234,34.71466064453125,11.991999626159668,35.181854248046875,13.438332557678223,,,38.900001525878906,85.5999984741211
2014-06-17,67.54000091552734,16.93000030517578,56.836692810058594,,,4.868000030517578,71.02894592285156,34.865230560302734,12.0,35.323753356933594,13.44333267211914,,,39.16999816894531,85.83000183105469
2014-06-18,73.08000183105469,16.899999618530273,56.7777099609375,,,4.881999969482422,71.47035217285156,34.84013366699219,12.104000091552734,35.7327766418457,13.416666984558105,,,38.880001068115234,87.23999786376953
2014-06-19,72.94999694824219,16.889999389648438,56.89567565917969,,,4.927999973297119,71.43433380126953,34.7230110168457,12.003999710083008,35.482357025146484,13.366666793823242,,,38.689998626708984,86.62999725341797
2014-06-20,72.61000061035156,17.1200008392334,56.53196716308594,,,4.866000175476074,71.62354278564453,34.865230560302734,12.093999862670898,34.071739196777344,13.373332977294922,,,38.65999984741211,84.86000061035156
2014-06-23,72.88999938964844,17.3799991607666,57.01363754272461,,,4.835999965667725,71.77669525146484,35.1245231628418,12.246000289916992,34.305442810058594,13.361666679382324,,,38.970001220703125,85.73999786376953
2014-06-24,72.37999725341797,17.1299991607666,56.482818603515625,,,4.783999919891357,72.56951904296875,34.92377471923828,12.218000411987305,34.02165985107422,13.12833309173584,,,38.790000915527344,86.33000183105469
2014-06-25,72.44000244140625,17.40999984741211,56.43367004394531,,,4.9019999504089355,73.08302307128906,35.157997131347656,12.38599967956543,33.771263122558594,13.291666984558105,,,38.88999938964844,87.05999755859375
2014-06-26,72.8499984741211,17.389999389648438,56.19775390625,,,4.880000114440918,72.93888092041016,34.898677825927734,12.326000213623047,33.51250457763672,13.479999542236328,,,38.79999923706055,88.45999908447266
2014-06-27,72.0,17.34000015258789,56.4041862487793,,,4.946000099182129,73.26323699951172,35.34202575683594,12.279999732971191,33.829673767089844,13.53499984741211,,,38.970001220703125,88.8499984741211
2014-06-30,72.36000061035156,17.489999771118164,57.09227752685547,,,5.026000022888184,72.5514907836914,34.881961822509766,12.392000198364258,33.829673767089844,13.975000381469727,,,38.81999969482422,89.86000061035156
2014-07-01,73.01000213623047,17.559999465942383,58.19322967529297,,,5.03000020980835,73.2271728515625,35.024169921875,12.715999603271484,34.030006408691406,13.710000038146973,,,39.119998931884766,90.93000030517578
2014-07-02,72.76000213623047,17.43000030517578,57.90816116333008,,,5.015999794006348,73.24520874023438,35.04925537109375,12.423999786376953,34.18023681640625,13.645000457763672,,,38.869998931884766,90.0199966430664
2014-07-03,73.56999969482422,17.559999465942383,57.76070785522461,,,5.056000232696533,74.08308410644531,34.96560287475586,12.319999694824219,34.50578689575195,13.703332901000977,,,38.939998626708984,88.95999908447266
2014-07-07,72.68000030517578,17.479999542236328,56.3648567199707,,,4.98199987411499,73.17312622070312,35.1245231628418,11.986000061035156,34.22953796386719,13.261667251586914,,,39.029998779296875,87.25
2014-07-08,71.13999938964844,17.219999313354492,53.95652770996094,,,4.76200008392334,73.281494140625,34.94887924194336,11.175999641418457,33.95328140258789,12.5600004196167,,,38.90999984741211,81.79000091552734
2014-07-09,71.56999969482422,17.110000610351562,53.67146301269531,,,4.8480000495910645,73.20021057128906,34.85684585571289,11.32800006866455,33.702152252197266,12.69333267211914,,,38.72999954223633,81.93000030517578
2014-07-10,71.69999694824219,17.079999923706055,53.37656021118164,,,4.817999839782715,72.62227630615234,34.87358093261719,11.5,33.752384185791016,12.78499984741211,,,38.779998779296875,80.56999969482422
2014-07-11,72.26000213623047,17.06999969482422,53.288089752197266,,,4.849999904632568,72.64937591552734,35.20818328857422,11.404000282287598,33.593326568603516,12.819999694824219,,,38.65999984741211,80.38999938964844
2014-07-14,72.87999725341797,17.299999237060547,53.79924774169922,,,4.8480000495910645,73.44403076171875,35.2500114440918,11.510000228881836,33.894676208496094,12.703332901000977,,,39.15999984741211,81.5199966430664
2014-07-15,72.29000091552734,17.360000610351562,52.82608413696289,,,4.809999942779541,73.2995376586914,35.50933074951172,11.204000473022461,33.93655014038086,12.66333293914795,,,39.369998931884766,79.47000122070312
2014-07-16,72.37999725341797,17.479999542236328,53.03251266479492,,,4.8460001945495605,73.6246337890625,36.8728141784668,11.263999938964844,33.702152252197266,12.93166732788086,,,39.209999084472656,79.27999877929688
2014-07-17,71.38999938964844,17.299999237060547,51.74479293823242,,,4.73799991607666,72.94735717773438,37.249244689941406,11.321999549865723,33.409149169921875,12.876667022705078,,,39.06999969482422,77.47000122070312
2014-07-18,72.55000305175781,17.239999771118164,52.59016799926758,,,4.796000003814697,73.97682189941406,37.383079528808594,11.503999710083008,33.48450469970703,13.201666831970215,,,39.2599983215332,79.05000305175781
2014-07-21,71.95999908447266,17.5,52.41322326660156,,,4.791999816894531,73.53433990478516,37.508541107177734,11.776000022888184,33.492855072021484,13.338333129882812,,,38.939998626708984,79.26000213623047
2014-07-22,72.26000213623047,17.030000686645508,52.68846893310547,,,4.861999988555908,74.16647338867188,37.50019454956055,11.710000038146973,33.84444808959961,13.625,,,39.09000015258789,79.87000274658203
2014-07-23,72.04000091552734,16.93000030517578,52.68846893310547,,,4.806000232696533,74.07616424560547,37.533653259277344,11.645999908447266,33.74399948120117,13.581666946411133,,,38.86000061035156,79.83000183105469
2014-07-24,72.80000305175781,17.06999969482422,53.14064025878906,,,5.190000057220459,74.58187103271484,37.14049530029297,11.88599967956543,33.87794494628906,14.021666526794434,,,39.029998779296875,81.95999908447266
2014-07-25,72.62000274658203,16.8799991607666,53.95652770996094,,,5.104000091552734,74.62702178955078,37.22414779663086,11.946000099182129,33.7607536315918,13.84000015258789,,,38.9900016784668,81.41999816894531
2014-07-28,72.69999694824219,16.93000030517578,53.081668853759766,,,5.056000232696533,74.81664276123047,36.78080749511719,11.666000366210938,33.94489669799805,13.6850004196167,,,38.970001220703125,79.87000274658203
2014-07-29,72.2699966430664,16.81999969482422,53.897552490234375,,,5.02400016784668,74.6631088256836,36.713890075683594,11.9399995803833,34.01187515258789,13.683333396911621,,,38.65999984741211,80.8499984741211
2014-07-30,71.88999938964844,17.049999237060547,55.29339599609375,,,5.105999946594238,75.21400451660156,36.454566955566406,12.527999877929688,34.288116455078125,14.03499984741211,,,38.779998779296875,86.0
2014-07-31,69.25,16.829999923706055,53.32740783691406,,,4.909999847412109,74.02197265625,36.103240966796875,11.760000228881836,33.810977935791016,13.476667404174805,,,37.77000045776367,83.83999633789062
2014-08-01,68.94000244140625,17.079999923706055,52.57050704956055,,,4.835999965667725,72.74868774414062,35.852298736572266,11.333999633789062,33.158023834228516,13.111666679382324,,,37.810001373291016,82.6500015258789
2014-08-04,68.7699966430664,17.25,53.96635818481445,,,4.881999969482422,73.16407775878906,36.27888870239258,11.541999816894531,33.56820297241211,13.373332977294922,,,37.95000076293945,85.12000274658203
2014-08-05,68.97000122070312,17.200000762939453,53.37656021118164,,,4.892000198364258,72.64937591552734,36.03633117675781,11.326000213623047,33.451011657714844,13.293333053588867,,,37.93000030517578,83.70999908447266
2014-08-06,68.2300033569336,17.15999984741211,52.973533630371094,,,4.9019999504089355,73.10991668701172,35.75190734863281,11.074000358581543,33.6184196472168,13.221667289733887,,,38.029998779296875,82.11000061035156
2014-08-07,67.83000183105469,16.90999984741211,52.83591079711914,,,4.938000202178955,73.0015640258789,36.161800384521484,11.071999549865723,33.20823669433594,13.326666831970215,,,37.900001525878906,83.62999725341797
2014-08-08,68.38999938964844,16.809999465942383,53.51417541503906,,,4.9679999351501465,73.48916625976562,36.13670349121094,11.0,33.434268951416016,13.364999771118164,,,38.189998626708984,83.91000366210938
2014-08-11,68.97000122070312,16.899999618530273,53.936859130859375,,,5.035999774932861,73.86844635009766,36.13670349121094,11.197999954223633,33.41752243041992,13.653332710266113,,,38.459999084472656,85.87000274658203
2014-08-12,68.79000091552734,16.90999984741211,51.8529167175293,,,4.96999979019165,74.07616424560547,36.40439224243164,10.92199993133545,33.400779724121094,13.543333053588867,,,38.47999954223633,84.80000305175781
2014-08-13,69.79000091552734,16.860000610351562,51.92172622680664,,,5.127999782562256,75.29524993896484,36.8728141784668,11.062000274658203,33.685401916503906,14.131667137145996,,,38.75,86.44000244140625
2014-08-14,70.05000305175781,16.93000030517578,52.59999465942383,,,5.081999778747559,75.68356323242188,37.031761169433594,10.977999687194824,33.66866683959961,14.248332977294922,,,38.86000061035156,86.55999755859375
2014-08-15,70.06999969482422,16.969999313354492,52.71795654296875,,,5.021999835968018,75.60230255126953,37.46673583984375,10.9399995803833,33.71889114379883,14.104999542236328,,,38.779998779296875,86.54000091552734
2014-08-18,71.05999755859375,17.239999771118164,53.4552001953125,,,5.085999965667725,76.24344635009766,37.734413146972656,11.199999809265137,34.02024841308594,14.263333320617676,,,39.02000045776367,88.44000244140625
2014-08-19,72.05000305175781,17.389999389648438,54.025333404541016,,,5.107999801635742,77.11036682128906,38.15526580810547,11.541999816894531,34.66482162475586,14.231666564941406,,,39.099998474121094,88.66000366210938
2014-08-20,71.0199966430664,17.239999771118164,54.448020935058594,,,5.052000045776367,77.00199890136719,37.83543014526367,11.505999565124512,34.53090286254883,14.161666870117188,,,39.29999923706055,88.41000366210938
2014-08-21,71.7300033569336,17.700000762939453,54.7625732421875,,,5.0960001945495605,77.4896469116211,38.062679290771484,11.380000114440918,34.80713653564453,14.15666675567627,,,41.75,87.80999755859375
2014-08-22,72.04000091552734,17.639999389648438,58.783023834228516,,,5.0879998207092285,75.46685028076172,38.003761291503906,11.923999786376953,34.8489875793457,14.168333053588867,,,40.689998626708984,88.41999816894531
2014-08-25,71.81999969482422,17.559999465942383,58.22271728515625,,,5.081999778747559,74.86181640625,38.02058410644531,11.763999938964844,34.941078186035156,14.095000267028809,,,40.63999938964844,89.0
2014-08-26,71.52999877929688,17.510000228881836,58.62574768066406,,,5.176000118255615,74.62702178955078,37.88592529296875,11.946000099182129,35.024803161621094,14.265000343322754,,,40.900001525878906,90.77999877929688
2014-08-27,71.55000305175781,17.469999313354492,58.566768646240234,,,5.118000030517578,74.64506530761719,37.76808166503906,12.015999794006348,34.857357025146484,13.734999656677246,,,40.88999938964844,90.30000305175781
2014-08-28,71.37000274658203,17.469999313354492,57.2987060546875,,,5.059999942779541,75.27722930908203,37.77650451660156,11.906000137329102,34.54764175415039,13.710000038146973,,,40.75,85.88999938964844
2014-08-29,71.9000015258789,17.6299991607666,58.08510208129883,,,5.1620001792907715,75.11466979980469,38.23944091796875,12.22599983215332,34.76527404785156,14.164999961853027,,,40.900001525878906,91.06999969482422
2014-09-02,72.0999984741211,17.790000915527344,58.832176208496094,,,5.283999919891357,74.84375762939453,37.95326232910156,12.569999694824219,34.87409973144531,14.956666946411133,,,40.790000915527344,89.94999694824219
2014-09-03,72.43000030517578,17.90999984741211,58.02611541748047,,,5.294000148773193,74.15742492675781,37.843841552734375,12.54800033569336,35.07501220703125,14.895000457763672,,,41.36000061035156,88.5999984741211
2014-09-04,72.45999908447266,18.059999465942383,58.07526779174805,,,5.234000205993652,74.28385925292969,38.09635543823242,12.251999855041504,34.78202438354492,14.543333053588867,,,41.349998474121094,88.23999786376953
2014-09-05,73.12999725341797,18.079999923706055,58.7928581237793,,,5.28000020980835,75.83710479736328,38.64347839355469,12.494000434875488,34.54764175415039,14.84000015258789,,,41.45000076293945,90.06999969482422
2014-09-08,73.38999938964844,17.950000762939453,59.333492279052734,,,5.289999961853027,75.9996337890625,39.114830017089844,12.862000465393066,34.02024841308594,14.99666690826416,,,41.29999923706055,93.9800033569336
2014-09-09,72.41999816894531,17.889999389648438,58.64540100097656,,,5.202000141143799,75.35847473144531,39.35892868041992,12.446000099182129,34.078857421875,14.880000114440918,,,41.029998779296875,91.3499984741211
2014-09-10,72.33000183105469,18.020000457763672,59.667728424072266,,,5.26200008392334,76.3789291381836,39.42627716064453,12.496000289916992,34.078857421875,16.458332061767578,,,41.5,91.80999755859375
2014-09-11,72.41999816894531,18.0,60.169044494628906,,,5.190000057220459,76.90266418457031,39.56094741821289,12.67199993133545,34.05373001098633,16.748332977294922,,,41.47999954223633,92.58000183105469
2014-09-12,70.9800033569336,17.81999969482422,58.24238204956055,,,5.283999919891357,75.84610748291016,39.30842208862305,12.321999549865723,33.90305709838867,16.663333892822266,,,41.150001525878906,91.29000091552734
2014-09-15,70.2699966430664,17.579999923706055,56.590946197509766,,,5.136000156402588,75.51197814941406,38.921234130859375,11.795999526977539,34.0369873046875,16.2450008392334,,,40.810001373291016,85.61000061035156
2014-09-16,70.7300033569336,17.700000762939453,56.63026809692383,,,5.21999979019165,75.6564712524414,39.35892868041992,11.982000350952148,34.48066711425781,16.38833236694336,,,40.84000015258789,86.16999816894531
2014-09-17,67.30000305175781,17.700000762939453,56.47298812866211,,,5.25600004196167,76.13509368896484,39.15690994262695,12.20199966430664,34.438804626464844,16.434999465942383,,,40.599998474121094,85.72000122070312
2014-09-18,67.91000366210938,17.81999969482422,56.67941665649414,,,5.355999946594238,77.35420227050781,39.29159927368164,12.26200008392334,34.78202438354492,16.491666793823242,,,41.040000915527344,85.98999786376953
2014-09-19,66.94000244140625,17.520000457763672,57.24955368041992,,,5.283999919891357,78.31139373779297,39.99864959716797,12.468000411987305,33.31706237792969,16.546667098999023,,,40.86000061035156,89.05000305175781
2014-09-22,67.19999694824219,17.450000762939453,56.34519958496094,,,5.216000080108643,77.22776794433594,39.611446380615234,12.119999885559082,33.13290786743164,16.321666717529297,,,40.439998626708984,84.0
2014-09-23,67.79000091552734,17.170000076293945,55.843875885009766,,,5.1020002365112305,77.13748168945312,39.190589904785156,11.833999633789062,32.50508117675781,16.238332748413086,,,39.880001068115234,83.5999984741211
2014-09-24,69.02999877929688,17.25,56.67941665649414,,,5.168000221252441,78.28430938720703,39.62828826904297,12.013999938964844,32.99897003173828,16.523332595825195,,,40.41999816894531,84.5999984741211
2014-09-25,67.70999908447266,17.1299991607666,54.9690055847168,,,5.007999897003174,76.62274932861328,38.752899169921875,11.680000305175781,32.44645690917969,16.049999237060547,,,39.97999954223633,82.08999633789062
2014-09-26,68.36000061035156,17.290000915527344,55.59812545776367,,,5.058000087738037,77.70638275146484,39.06432342529297,11.911999702453613,32.60552978515625,16.325000762939453,,,40.029998779296875,82.04000091552734
2014-09-29,69.22000122070312,17.34000015258789,56.256736755371094,,,5.110000133514404,79.26863861083984,39.08958053588867,11.958000183105469,32.1786003112793,16.546667098999023,,,39.939998626708984,82.7699966430664
2014-09-30,69.19000244140625,17.209999084472656,56.551631927490234,,,5.053999900817871,79.15123748779297,39.02225112915039,11.755999565124512,32.044654846191406,16.350000381469727,,,39.70000076293945,82.5
2014-10-01,67.54000091552734,16.950000762939453,55.76523208618164,,,4.955999851226807,77.40837860107422,38.635047912597656,11.460000038146973,31.885610580444336,15.898332595825195,,,39.52000045776367,80.5199966430664
2014-10-02,67.05999755859375,17.149999618530273,55.67676544189453,,,4.998000144958496,76.32472229003906,38.5172119140625,11.583999633789062,32.036293029785156,16.363332748413086,,,39.45000076293945,81.63999938964844
2014-10-03,68.4000015258789,17.350000381469727,57.4658088684082,,,5.110000133514404,76.99298095703125,38.794986724853516,12.057999610900879,32.5552978515625,17.450000762939453,,,39.630001068115234,83.33000183105469
2014-10-06,67.66999816894531,17.399999618530273,57.308536529541016,,,5.026000022888184,76.45116424560547,38.794986724853516,12.105999946594238,32.81560516357422,17.041667938232422,,,39.72999954223633,82.98999786376953
2014-10-07,65.95999908447266,17.290000915527344,55.942169189453125,,,4.869999885559082,74.4734878540039,38.3236083984375,11.564000129699707,32.29499435424805,16.63166618347168,,,39.2400016784668,80.05999755859375
2014-10-08,67.98999786376953,17.809999465942383,56.915340423583984,,,4.98799991607666,75.90463256835938,39.37577819824219,11.871999740600586,32.76523208618164,17.040000915527344,,,40.119998931884766,81.56999969482422
2014-10-09,65.66000366210938,17.229999542236328,56.1584358215332,,,4.872000217437744,74.10211944580078,38.59296798706055,11.67199993133545,32.53010559082031,17.121667861938477,,,39.130001068115234,81.0999984741211
2014-10-10,63.290000915527344,16.18000030517578,53.83856201171875,,,4.716000080108643,72.61666870117188,37.06104278564453,11.293999671936035,31.992698669433594,15.726667404174805,,,37.279998779296875,79.27999877929688
2014-10-13,61.68000030517578,16.020000457763672,52.32475662231445,,,4.688000202178955,72.17279052734375,36.74118423461914,10.84000015258789,32.101871490478516,14.901666641235352,,,37.439998626708984,78.41999816894531
2014-10-14,60.880001068115234,15.930000305175781,51.823429107666016,,,4.806000232696533,71.91012573242188,36.80852127075195,11.206000328063965,32.29499435424805,15.708333015441895,,,37.310001373291016,78.61000061035156
2014-10-15,62.189998626708984,16.0,52.18714141845703,,,4.808000087738037,72.009765625,36.379241943359375,11.479999542236328,32.160648345947266,16.238332748413086,,,37.5099983215332,78.55000305175781
2014-10-16,62.86000061035156,16.299999237060547,52.95386505126953,,,4.754000186920166,71.23080444335938,35.97520065307617,11.449999809265137,31.539262771606445,16.31333351135254,,,37.31999969482422,80.54000091552734
2014-10-17,64.5199966430664,16.5,54.68394088745117,,,4.923999786376953,73.39562225341797,36.72434997558594,12.076000213623047,31.7995662689209,16.55500030517578,,,37.83000183105469,82.97000122070312
2014-10-20,64.68000030517578,16.6200008392334,55.0771369934082,,,5.01200008392334,73.40469360351562,37.103111267089844,11.855999946594238,31.74079132080078,16.81333351135254,,,38.099998474121094,82.69999694824219
2014-10-21,66.43000030517578,16.59000015258789,56.26656723022461,,,5.053999900817871,75.51519012451172,37.77650451660156,12.095999717712402,32.20262145996094,17.446666717529297,,,38.90999984741211,84.62000274658203
2014-10-22,65.04000091552734,16.329999923706055,55.29339599609375,,,5.033999919891357,74.23799896240234,37.35564422607422,11.61400032043457,31.606430053710938,17.09666633605957,,,38.68000030517578,82.55999755859375
2014-10-23,65.91999816894531,16.719999313354492,56.89567565917969,,,5.0879998207092285,75.66008758544922,37.89433288574219,12.907999992370605,32.101871490478516,17.90833282470703,,,39.5099983215332,85.7300033569336
2014-10-24,67.01000213623047,17.200000762939453,58.55693817138672,,,5.145999908447266,76.955322265625,38.828651428222656,13.09000015258789,32.521728515625,18.010000228881836,,,39.93000030517578,89.51000213623047
2014-10-27,67.02999877929688,17.350000381469727,58.10476303100586,,,5.085999965667725,77.00064086914062,38.64347839355469,12.817999839782715,32.269805908203125,17.27833366394043,,,39.849998474121094,89.58000183105469
2014-10-28,68.37000274658203,17.510000228881836,60.483604431152344,,,5.150000095367432,78.19628143310547,39.13166809082031,13.394000053405762,32.45453643798828,17.56833267211914,,,40.470001220703125,93.86000061035156
2014-10-29,67.93000030517578,17.489999771118164,59.93312072753906,,,5.1479997634887695,77.78866577148438,39.2410888671875,13.005999565124512,32.395755767822266,17.260000228881836,,,40.599998474121094,91.22000122070312
2014-10-30,68.56999969482422,17.56999969482422,60.670372009277344,,,5.1479997634887695,78.649169921875,38.76131057739258,13.284000396728516,32.328582763671875,17.488332748413086,,,40.77000045776367,92.5
2014-10-31,70.12000274658203,17.950000762939453,62.901771545410156,,,5.210000038146973,79.7179946899414,39.518856048583984,13.586000442504883,32.79042434692383,17.616666793823242,,,40.97999954223633,95.4800033569336
2014-11-03,69.91000366210938,18.170000076293945,62.50857162475586,,,5.263999938964844,80.01687622070312,39.931312561035156,13.241999626159668,32.74003601074219,17.65999984741211,,,41.15999984741211,95.62999725341797
2014-11-04,71.06999969482422,18.09000015258789,62.48890686035156,,,5.283999919891357,80.11651611328125,40.04074478149414,13.37600040435791,32.85759735107422,17.78499984741211,,,41.279998779296875,95.51000213623047
2014-11-05,71.37000274658203,17.979999542236328,60.85713577270508,,,5.297999858856201,80.37012481689453,40.28483200073242,13.109999656677246,32.99195861816406,17.086666107177734,,,41.25,92.6500015258789
2014-11-06,72.0999984741211,18.229999542236328,62.01707458496094,,,5.314000129699707,80.73243713378906,40.99187469482422,13.369999885559082,33.42859649658203,17.684999465942383,,,41.59000015258789,94.98999786376953
2014-11-07,71.5999984741211,18.520000457763672,62.88210678100586,,,5.420000076293945,80.44259643554688,40.97504425048828,13.557999610900879,33.537750244140625,17.836666107177734,,,41.869998931884766,94.55999755859375
2014-11-10,71.69999694824219,18.68000030517578,63.353946685791016,,,5.423999786376953,81.41181182861328,41.15179443359375,13.781999588012695,33.966007232666016,18.170000076293945,,,42.0,95.16000366210938
2014-11-11,71.69999694824219,18.579999923706055,62.9705696105957,,,5.432000160217285,82.16361236572266,41.13496398925781,13.630000114440918,33.982791900634766,18.049999237060547,,,42.0099983215332,94.62000274658203
2014-11-12,71.41000366210938,18.559999465942383,62.685508728027344,,,5.432000160217285,81.17630004882812,41.05921173095703,13.53600025177002,33.70568084716797,18.148332595825195,,,42.13999938964844,94.47000122070312
2014-11-13,71.72000122070312,18.399999618530273,62.08588790893555,,,5.383999824523926,81.9190444946289,41.75783920288086,13.394000053405762,34.19272994995117,18.266666412353516,,,42.0,94.19999694824219
2014-11-14,71.41999816894531,18.489999771118164,62.823123931884766,,,5.427999973297119,82.14549255371094,41.732601165771484,13.501999855041504,34.293487548828125,18.463333129882812,,,42.04999923706055,95.29000091552734
2014-11-17,69.97000122070312,18.09000015258789,61.44693374633789,,,5.377999782562256,82.36288452148438,41.63158416748047,13.064000129699707,34.56219482421875,18.225000381469727,,,41.79999923706055,93.30999755859375
2014-11-18,70.83000183105469,18.34000015258789,61.40761184692383,,,5.389999866485596,82.7342529296875,41.28428268432617,12.996000289916992,34.646156311035156,18.166667938232422,,,42.08000183105469,92.87000274658203
2014-11-19,70.81999969482422,18.15999984741211,59.982276916503906,,,5.354000091552734,82.80670166015625,40.843841552734375,12.744000434875488,34.36066436767578,17.88833236694336,,,41.91999816894531,90.9000015258789
2014-11-20,70.44000244140625,18.31999969482422,57.308536529541016,,,5.409999847412109,82.18170928955078,41.25041580200195,12.826000213623047,34.36066436767578,18.17333221435547,,,42.130001068115234,91.6500015258789
2014-11-21,71.31999969482422,18.440000534057617,57.20040512084961,,,5.421999931335449,83.07843780517578,40.64056396484375,12.795999526977539,34.79732131958008,18.155000686645508,,,42.4900016784668,93.0
2014-11-24,71.22000122070312,18.6200008392334,57.10211181640625,,,5.473999977111816,83.93893432617188,40.31022262573242,12.793999671936035,34.78892135620117,18.876667022705078,,,42.84000015258789,92.48999786376953
2014-11-25,72.0,18.81999969482422,58.330841064453125,,,5.466000080108643,83.92987823486328,40.20857620239258,12.595999717712402,34.55377960205078,20.031667709350586,,,43.189998626708984,87.37000274658203
2014-11-26,72.9800033569336,18.829999923706055,58.22271728515625,,,5.504000186920166,83.54944610595703,40.44575119018555,12.793999671936035,35.15838623046875,20.100000381469727,,,43.189998626708984,87.87000274658203
2014-11-28,73.68000030517578,18.8700008392334,58.85183334350586,,,5.51200008392334,85.02586364746094,40.4965705871582,12.791999816894531,35.61182403564453,20.5,,,43.38999938964844,87.05000305175781
2014-12-01,73.75,18.43000030517578,58.07526779174805,,,5.460000038146973,85.2523422241211,41.182674407958984,12.369999885559082,35.334712982177734,19.95166778564453,,,42.97999954223633,85.01000213623047
2014-12-02,73.47000122070312,18.489999771118164,58.24238204956055,,,5.49399995803833,84.53675842285156,41.047122955322266,12.345999717712402,35.4186897277832,19.616666793823242,,,43.130001068115234,83.55999755859375
2014-12-03,73.18000030517578,18.489999771118164,57.8786735534668,,,5.489999771118164,84.87187957763672,40.72527313232422,12.366000175476074,35.31792068481445,19.76333236694336,,,43.0,82.7300033569336
2014-12-04,73.02999877929688,18.56999969482422,57.94748306274414,,,5.526000022888184,85.02586364746094,41.36899948120117,12.5,35.175174713134766,19.71500015258789,,,44.650001525878906,82.29000091552734
2014-12-05,72.4000015258789,18.81999969482422,57.84918212890625,,,5.572000026702881,84.8537826538086,41.01324462890625,12.526000022888184,35.208763122558594,19.81333351135254,,,44.59000015258789,83.36000061035156
2014-12-08,72.05000305175781,18.579999923706055,55.45067596435547,,,5.553999900817871,84.56390380859375,40.403377532958984,12.338000297546387,34.73853302001953,19.476667404174805,,,43.7400016784668,81.95999908447266
2014-12-09,71.56999969482422,18.40999984741211,55.18526077270508,,,5.567999839782715,83.9842300415039,40.31022262573242,12.406000137329102,35.15838623046875,19.80666732788086,,,43.77000045776367,83.6500015258789
2014-12-10,69.8499984741211,18.079999923706055,54.37921142578125,,,5.535999774932861,83.83927917480469,39.72576141357422,12.251999855041504,34.36066436767578,19.523332595825195,,,43.189998626708984,82.44999694824219
2014-12-11,69.73999786376953,18.1299991607666,54.53648376464844,,,5.671999931335449,84.57298278808594,39.954463958740234,12.270000457763672,34.22631072998047,19.81833267211914,,,43.54999923706055,82.9800033569336
2014-12-12,76.0199966430664,17.889999389648438,54.133460998535156,,,5.619999885559082,83.48606872558594,39.76811218261719,12.25,33.5461540222168,19.678333282470703,,,42.43000030517578,81.58000183105469
2014-12-15,73.04000091552734,17.829999923706055,54.46767807006836,,,5.631999969482422,83.93893432617188,39.530941009521484,12.687999725341797,34.520198822021484,19.68000030517578,,,42.310001373291016,80.88999938964844
2014-12-16,72.31999969482422,17.6299991607666,52.87522888183594,,,5.5980000495910645,83.43168640136719,38.25193405151367,12.715999603271484,34.11714553833008,19.440000534057617,,,42.08000183105469,78.87000274658203
2014-12-17,74.0,18.09000015258789,56.030635833740234,,,5.696000099182129,84.12916564941406,38.74321365356445,13.137999534606934,34.56219482421875,20.0049991607666,,,42.970001220703125,80.62000274658203
2014-12-18,74.88999938964844,18.700000762939453,58.321022033691406,,,5.926000118255615,85.57840728759766,40.25093460083008,13.616000175476074,38.0805549621582,20.573333740234375,,,44.119998931884766,84.56999969482422
2014-12-19,74.44999694824219,18.989999771118164,58.84199905395508,,,6.019999980926514,85.07118225097656,40.369510650634766,13.819999694824219,38.626346588134766,20.726667404174805,,,43.95000076293945,85.44999694824219
2014-12-22,74.5,18.959999084472656,58.84199905395508,,,6.125999927520752,85.76861572265625,40.64056396484375,13.942000389099121,38.33247375488281,20.953332901000977,,,44.02000045776367,84.13999938964844
2014-12-23,74.37999725341797,18.979999542236328,59.47111892700195,,,6.182000160217285,86.185302734375,41.038665771484375,13.913999557495117,38.6347541809082,20.8700008392334,,,43.97999954223633,84.86000061035156
2014-12-24,74.73999786376953,19.260000228881836,59.30401611328125,,,6.23799991607666,85.67803955078125,40.77608871459961,13.937999725341797,38.819488525390625,20.998332977294922,,,43.9900016784668,84.27999877929688
2014-12-26,74.66999816894531,19.290000915527344,59.76601791381836,,,6.26200008392334,85.31574249267578,40.55585479736328,14.02400016784668,38.710323333740234,21.238332748413086,,,43.959999084472656,84.95999908447266
2014-12-29,74.12999725341797,19.309999465942383,59.32366943359375,,,6.230000019073486,84.92621612548828,40.191627502441406,13.772000312805176,38.298866271972656,20.481666564941406,,,44.08000183105469,83.69000244140625
2014-12-30,73.08000183105469,19.170000076293945,58.41931915283203,,,6.199999809265137,84.33749389648438,39.82740783691406,13.576000213623047,38.072147369384766,20.299999237060547,,,43.83000183105469,83.06999969482422
2014-12-31,72.69999694824219,18.969999313354492,58.301353454589844,,,6.131999969482422,83.504150390625,39.34459686279297,13.569999694824219,37.761470794677734,20.428333282470703,,,43.470001220703125,81.61000061035156
2015-01-02,72.33999633789062,18.829999923706055,58.232547760009766,,,6.1579999923706055,82.61650848388672,39.607173919677734,13.47599983215332,37.224063873291016,20.23666763305664,,,43.099998474121094,80.41000366210938
2015-01-05,71.9800033569336,18.399999618530273,57.18074035644531,,,6.104000091552734,82.29041290283203,39.24297332763672,13.430000305175781,36.702022552490234,20.621667861938477,,,42.540000915527344,80.01000213623047
2015-01-06,70.52999877929688,17.90999984741211,56.227237701416016,,,5.989999771118164,79.76327514648438,38.66698455810547,13.265999794006348,36.323116302490234,20.308332443237305,,,42.15999984741211,79.41999816894531
2015-01-07,71.11000061035156,18.420000076293945,55.96183395385742,,,6.076000213623047,80.54447937011719,39.15825653076172,13.418000221252441,36.33155059814453,20.921667098999023,,,42.209999084472656,79.3499984741211
2015-01-08,72.91999816894531,18.610000610351562,57.593605041503906,,,6.242000102996826,81.62541198730469,40.31022262573242,13.777999877929688,36.55046463012695,21.20166778564453,,,42.86000061035156,82.77999877929688
2015-01-09,71.83999633789062,18.549999237060547,57.17091369628906,,,6.214000225067139,79.90861511230469,39.971412658691406,13.42199993133545,36.533626556396484,20.969999313354492,,,42.93000030517578,82.5999984741211
2015-01-12,71.12000274658203,18.360000610351562,56.748226165771484,,,6.168000221252441,78.77314758300781,39.47166061401367,13.637999534606934,36.43259048461914,21.213333129882812,,,42.5,83.48999786376953
2015-01-13,70.58999633789062,18.43000030517578,56.98414611816406,,,6.179999828338623,78.40072631835938,39.26837158203125,13.454000473022461,36.146324157714844,20.791667938232422,,,42.400001525878906,83.8499984741211
2015-01-14,69.98999786376953,18.260000228881836,56.276397705078125,,,6.184000015258789,78.32807922363281,38.92955780029297,13.267999649047852,36.25577926635742,21.049999237060547,,,42.22999954223633,81.01000213623047
2015-01-15,70.29000091552734,17.729999542236328,54.17277908325195,,,6.053999900817871,77.283447265625,38.522979736328125,12.72599983215332,35.893707275390625,20.34666633605957,,,41.72999954223633,78.05999755859375
2015-01-16,71.7300033569336,18.329999923706055,55.67676544189453,,,6.184000015258789,78.50066375732422,39.166717529296875,12.791999816894531,36.634666442871094,20.834999084472656,,,42.40999984741211,78.4000015258789
2015-01-20,71.48999786376953,18.139999389648438,56.31571578979492,,,6.208000183105469,79.40899658203125,39.293766021728516,12.965999603271484,36.96303176879883,20.74333381652832,,,42.16999816894531,78.31999969482422
2015-01-21,71.54000091552734,18.34000015258789,56.72855758666992,,,6.23799991607666,78.48249816894531,38.89568328857422,13.104000091552734,36.617828369140625,20.891666412353516,,,42.43000030517578,80.38999938964844
2015-01-22,73.4800033569336,18.360000610351562,57.01363754272461,,,6.285999774932861,80.65347290039062,39.92057800292969,13.227999687194824,37.089324951171875,20.613332748413086,,,43.16999816894531,81.4000015258789
2015-01-23,74.05999755859375,18.450000762939453,57.62308883666992,,,6.386000156402588,81.22572326660156,39.96294021606445,13.748000144958496,37.207218170166016,21.135000228881836,,,43.52000045776367,83.19999694824219
2015-01-26,72.73999786376953,18.579999923706055,58.763362884521484,,,6.489999771118164,81.17123413085938,39.81893539428711,13.60200023651123,36.96303176879883,21.155000686645508,,,44.02000045776367,82.77999877929688
2015-01-27,71.45999908447266,18.350000381469727,56.80720901489258,,,6.489999771118164,80.34463500976562,36.13434600830078,13.581999778747559,36.54204177856445,21.0,,,43.689998626708984,80.62999725341797
2015-01-28,70.25,18.1200008392334,55.39169692993164,,,6.28000020980835,79.481689453125,34.88921356201172,13.781999588012695,35.94422912597656,20.90833282470703,,,43.36000061035156,78.66000366210938
2015-01-29,71.63999938964844,18.010000228881836,57.111934661865234,,,5.843999862670898,80.34463500976562,35.58378601074219,14.776000022888184,36.08738327026367,21.54833221435547,,,43.7400016784668,79.16999816894531
2015-01-30,70.12999725341797,17.989999771118164,55.48999786376953,,,5.980000019073486,78.86400604248047,34.22007751464844,14.579999923706055,35.27064895629883,21.065000534057617,,,42.9900016784668,79.45999908447266
2015-02-02,71.11000061035156,17.899999618530273,56.30588150024414,,,6.00600004196167,80.19021606445312,34.96544647216797,14.597999572753906,35.935821533203125,20.851667404174805,,,43.189998626708984,81.38999938964844
2015-02-03,71.91999816894531,18.239999771118164,57.61326599121094,,,6.104000091552734,82.20677185058594,35.236488342285156,14.529999732971191,36.23893737792969,20.588333129882812,,,44.220001220703125,84.73999786376953
2015-02-04,72.27999877929688,18.100000381469727,57.9868049621582,,,6.205999851226807,82.24308013916016,35.43980026245117,14.92199993133545,35.71690368652344,20.946666717529297,,,44.16999816894531,84.91999816894531
2015-02-05,73.0999984741211,17.209999084472656,58.252197265625,,,6.3460001945495605,83.30589294433594,35.95647048950195,14.843999862670898,36.33995819091797,21.184999465942383,,,44.11000061035156,87.62999725341797
2015-02-06,72.54000091552734,17.1299991607666,58.163734436035156,,,6.361999988555908,79.78144836425781,35.9225959777832,14.98799991607666,36.18842315673828,20.93666648864746,,,43.869998931884766,86.43000030517578
2015-02-09,72.33000183105469,17.15999984741211,56.993980407714844,,,6.297999858856201,79.79052734375,35.88023376464844,14.576000213623047,36.54204177856445,20.838333129882812,,,43.70000076293945,86.08999633789062
2015-02-10,72.76000213623047,17.239999771118164,57.79020309448242,,,6.447999954223633,80.97139739990234,36.083534240722656,14.663999557495117,37.0388298034668,21.405000686645508,,,44.130001068115234,86.13999938964844
2015-02-11,73.01000213623047,17.610000610351562,57.80002975463867,,,6.556000232696533,80.65347290039062,35.897186279296875,14.776000022888184,36.50837326049805,21.953332901000977,,,44.400001525878906,88.87000274658203
2015-02-12,74.58999633789062,17.920000076293945,60.21819305419922,,,6.5960001945495605,81.19849395751953,36.49858093261719,15.1899995803833,36.95460891723633,22.168333053588867,,,44.869998931884766,91.16999816894531
2015-02-13,76.51000213623047,18.020000457763672,61.781158447265625,,,6.645999908447266,81.97966766357422,37.15926742553711,15.510000228881836,36.988304138183594,22.545000076293945,,,44.900001525878906,91.83999633789062
2015-02-17,77.12999725341797,17.940000534057617,61.01441955566406,,,6.599999904632568,81.8343276977539,37.17632293701172,15.37600040435791,36.91252517700195,22.815000534057617,,,44.7400016784668,90.91999816894531
2015-02-18,77.7300033569336,18.0,61.92860794067383,,,6.6579999923706055,81.53459167480469,37.133670806884766,15.496000289916992,37.131431579589844,22.81333351135254,,,45.15999984741211,91.30000305175781
2015-02-19,77.7300033569336,18.229999542236328,61.7418327331543,,,6.699999809265137,82.76087951660156,37.108089447021484,15.631999969482422,37.13984680175781,22.985000610351562,,,46.529998779296875,91.87000274658203
2015-02-20,78.55000305175781,18.5,62.65602493286133,,,6.76800012588501,87.85678100585938,37.415184020996094,15.812000274658203,36.85358428955078,23.601667404174805,,,46.95000076293945,92.73999786376953
2015-02-23,78.0999984741211,18.469999313354492,61.515750885009766,,,6.664000034332275,87.5115966796875,37.66256332397461,15.734000205993652,36.86200714111328,23.03333282470703,,,46.81999969482422,91.98999786376953
2015-02-24,77.68000030517578,18.670000076293945,60.876800537109375,,,6.74399995803833,88.45628356933594,37.611385345458984,15.75,36.94620132446289,23.101667404174805,,,47.060001373291016,93.02999877929688
2015-02-25,78.06999969482422,18.729999542236328,61.80081558227539,,,6.8480000495910645,88.6924819946289,37.52606964111328,15.805999755859375,36.81990051269531,23.676666259765625,,,47.189998626708984,93.94000244140625
2015-02-26,78.95999908447266,18.510000228881836,69.04547119140625,,,6.809999942779541,88.72880554199219,37.58580017089844,15.906000137329102,36.95460891723633,23.84166717529297,,,46.720001220703125,88.6500015258789
2015-02-27,79.0999984741211,18.360000610351562,68.20011138916016,,,6.7220001220703125,88.68338775634766,37.40665054321289,15.251999855041504,36.89567184448242,23.703332901000977,,,46.40999984741211,85.5
2015-03-02,79.79000091552734,18.59000015258789,67.2957534790039,,,6.820000171661377,89.63717651367188,37.43224334716797,15.288000106811523,37.072509765625,24.329999923706055,,,46.91999816894531,88.80999755859375
2015-03-03,78.98999786376953,18.450000762939453,65.8114242553711,,,6.806000232696533,89.01948547363281,36.92041015625,15.09000015258789,36.525230407714844,24.816667556762695,,,46.4900016784668,88.12000274658203
2015-03-04,77.62999725341797,18.43000030517578,63.77662658691406,,,6.73799991607666,88.5198745727539,36.732730865478516,14.720000267028809,36.7188606262207,23.918333053588867,,,46.25,82.63999938964844
2015-03-05,78.62000274658203,18.209999084472656,64.47454833984375,,,6.8480000495910645,89.1285171508789,36.775386810302734,14.9399995803833,36.878841400146484,23.856666564941406,,,46.310001373291016,84.20999908447266
2015-03-06,77.55000305175781,18.09000015258789,63.462074279785156,,,6.71999979019165,88.48356628417969,36.13557815551758,14.812000274658203,35.68321990966797,23.454999923706055,,,45.939998626708984,82.61000061035156
2015-03-09,77.93000030517578,18.200000762939453,64.3664321899414,,,6.745999813079834,88.70155334472656,36.55359649658203,14.847999572753906,35.94422912597656,23.121667861938477,,,45.959999084472656,83.02999877929688
2015-03-10,76.01000213623047,17.84000015258789,62.67567825317383,,,6.579999923706055,86.64868927001953,35.85408020019531,14.718000411987305,35.21170425415039,23.09166717529297,,,45.09000015258789,81.29000091552734
2015-03-11,76.01000213623047,17.829999923706055,62.597042083740234,,,6.676000118255615,86.45787811279297,35.811424255371094,14.847999572753906,34.91701889038086,23.426666259765625,,,45.34000015258789,82.33000183105469
2015-03-12,77.4000015258789,17.950000762939453,63.84543991088867,,,6.789999961853027,87.8204345703125,34.99249267578125,15.331999778747559,35.04331588745117,23.55666732788086,,,45.630001068115234,83.16999816894531
2015-03-13,77.62000274658203,18.110000610351562,63.50138473510742,,,6.638000011444092,88.81053161621094,35.29960632324219,15.383999824523926,35.68321990966797,23.55666732788086,,,45.709999084472656,82.55999755859375
2015-03-16,78.33000183105469,18.520000457763672,65.30025482177734,,,6.820000171661377,90.27303314208984,35.453128814697266,15.729999542236328,36.55046463012695,24.02166748046875,,,46.369998931884766,83.87000274658203
2015-03-17,79.66000366210938,18.389999389648438,66.4012222290039,,,6.8520002365112305,89.9096908569336,35.57257080078125,15.979999542236328,36.095802307128906,24.15333366394043,,,46.060001373291016,83.4000015258789
2015-03-18,76.88999938964844,18.6299991607666,67.38421630859375,,,6.96999979019165,90.77264404296875,36.255008697509766,16.010000228881836,37.15668869018555,24.19333267211914,,,46.52000045776367,84.88999938964844
2015-03-19,77.13999938964844,18.600000381469727,67.70860290527344,,,7.0960001945495605,90.63636016845703,36.07587432861328,16.091999053955078,37.18194580078125,24.364999771118164,,,46.77000045776367,85.3499984741211
2015-03-20,77.36000061035156,18.65999984741211,66.5388412475586,,,7.061999797821045,91.22682189941406,36.57918930053711,15.87600040435791,37.39244842529297,24.01333236694336,,,47.130001068115234,84.91000366210938
2015-03-23,76.3499984741211,18.520000457763672,66.50936126708984,,,6.918000221252441,90.95429992675781,36.56211853027344,15.855999946594238,37.257728576660156,23.553333282470703,,,46.720001220703125,85.22000122070312
2015-03-24,75.44999694824219,18.489999771118164,66.22429656982422,,,6.829999923706055,90.56366729736328,36.59625244140625,15.850000381469727,36.803070068359375,23.3799991607666,,,46.439998626708984,86.48999786376953
2015-03-25,73.12999725341797,17.989999771118164,64.66134643554688,,,6.619999885559082,88.4018325805664,35.36783218383789,15.239999771118164,36.146324157714844,23.10333251953125,,,45.689998626708984,83.26000213623047
2015-03-26,72.97000122070312,18.0,64.86775207519531,,,6.728000164031982,88.0656967163086,35.154563903808594,15.406000137329102,36.19682693481445,23.575000762939453,,,45.61000061035156,83.9800033569336
2015-03-27,73.30999755859375,18.079999923706055,65.41822814941406,,,6.915999889373779,88.16563415527344,34.949832916259766,15.694000244140625,35.90213394165039,24.406667709350586,,,45.790000915527344,85.05999755859375
2015-03-30,73.5999984741211,18.440000534057617,65.71312713623047,,,7.033999919891357,89.22843170166016,34.94129180908203,15.887999534606934,36.57571792602539,24.768333435058594,,,46.41999816894531,86.13999938964844
2015-03-31,73.94000244140625,18.440000534057617,65.67381286621094,,,6.989999771118164,88.07479095458984,34.68539047241211,15.755999565124512,36.33155059814453,24.34666633605957,,,46.31999969482422,84.41000366210938
2015-04-01,75.06999969482422,18.389999389648438,64.95623016357422,,,6.811999797821045,88.72880554199219,34.736568450927734,15.130000114440918,36.15473556518555,23.588333129882812,,,46.31999969482422,83.41000366210938
2015-04-02,75.68000030517578,18.5,65.5460205078125,,,6.877999782562256,89.4736557006836,34.36975860595703,15.223999977111816,36.01108932495117,23.635000228881836,,,46.459999084472656,86.2300033569336
2015-04-06,76.2300033569336,18.459999084472656,66.78459930419922,,,6.880000114440918,88.88322448730469,35.44461441040039,15.64799976348877,36.298370361328125,23.606666564941406,,,46.869998931884766,88.5
2015-04-07,75.6500015258789,18.649999618530273,67.04017639160156,,,6.909999847412109,88.42906951904297,35.42754364013672,15.694000244140625,36.298370361328125,24.13833236694336,,,47.0099983215332,87.4800033569336
2015-04-08,75.44000244140625,19.06999969482422,67.05000305175781,,,6.8979997634887695,89.17579650878906,35.333709716796875,16.167999267578125,36.42511749267578,24.545000076293945,,,47.58000183105469,88.0
2015-04-09,76.33000183105469,19.020000457763672,66.58800506591797,,,7.046000003814697,89.18494415283203,35.3848991394043,16.347999572753906,36.50117111206055,24.34166717529297,,,47.650001525878906,87.69000244140625
2015-04-10,76.52999877929688,19.059999465942383,66.48970031738281,,,7.124000072479248,90.05919647216797,35.589622497558594,16.468000411987305,36.763084411621094,24.661666870117188,,,47.79999923706055,88.69999694824219
2015-04-13,76.0199966430664,19.06999969482422,65.93921661376953,,,6.8520002365112305,89.14849090576172,35.623741149902344,16.145999908447266,36.399749755859375,24.191667556762695,,,47.470001220703125,87.2699966430664
2015-04-14,75.94999694824219,18.649999618530273,65.77210998535156,,,6.834000110626221,89.139404296875,35.52991485595703,16.040000915527344,36.10402297973633,24.09000015258789,,,47.40999984741211,86.37999725341797
2015-04-15,76.02999877929688,18.729999542236328,66.06700134277344,,,6.9679999351501465,89.21227264404297,36.05028533935547,16.149999618530273,37.16865539550781,24.11833381652832,,,47.40999984741211,88.18000030517578
2015-04-16,75.1500015258789,18.600000381469727,66.7551040649414,,,6.9120001792907715,88.6931381225586,35.9649658203125,16.56800079345703,36.7208366394043,24.46500015258789,,,47.349998474121094,89.72000122070312
2015-04-17,73.1500015258789,18.43000030517578,64.6908187866211,,,6.74399995803833,87.04478454589844,35.50432586669922,14.657999992370605,36.33217239379883,23.75,,,46.47999954223633,84.37000274658203
2015-04-20,73.91999816894531,18.639999389648438,65.76227569580078,,,6.926000118255615,88.01921844482422,36.60477066040039,14.928000450134277,36.6025505065918,24.418333053588867,,,47.0,86.11000061035156
2015-04-21,74.62000274658203,18.829999923706055,66.23412322998047,,,7.616000175476074,88.55652618408203,36.374454498291016,15.5,36.68704605102539,25.72833251953125,,,47.290000915527344,86.0199966430664
2015-04-22,75.5,19.299999237060547,66.5584945678711,,,7.613999843597412,91.21578979492188,36.67301559448242,15.543999671936035,36.796878814697266,25.645000457763672,,,47.540000915527344,87.58999633789062
2015-04-23,76.5199966430664,19.219999313354492,67.30558013916016,,,7.74399995803833,92.39059448242188,36.97157287597656,15.37600040435791,36.66170120239258,25.796667098999023,,,47.959999084472656,87.9000015258789
2015-04-24,76.54000091552734,18.989999771118164,66.67646789550781,,,7.736000061035156,92.19025421142578,40.83595657348633,15.218000411987305,36.399749755859375,25.639999389648438,,,47.61000061035156,88.52999877929688
2015-04-27,76.55000305175781,18.760000228881836,66.68629455566406,,,7.639999866485596,92.52718353271484,40.97242736816406,14.95199966430664,36.84758377075195,25.63833236694336,,,47.29999923706055,87.7699966430664
2015-04-28,76.0199966430664,19.420000076293945,65.75243377685547,,,7.711999893188477,92.57273864746094,41.93639373779297,14.998000144958496,37.59956741333008,25.546667098999023,,,47.61000061035156,86.63999938964844
2015-04-29,76.6500015258789,18.93000030517578,73.38048553466797,,,7.684000015258789,92.14470672607422,41.85108947753906,15.494000434875488,37.793914794921875,25.336666107177734,,,47.5,90.22000122070312
2015-04-30,76.05999755859375,18.649999618530273,71.58160400390625,,,7.547999858856201,91.3706283569336,41.4927978515625,14.972000122070312,36.85603332519531,24.6200008392334,,,46.880001068115234,91.20999908447266
2015-05-01,76.43000030517578,18.959999084472656,72.1124267578125,,,7.676000118255615,91.60737609863281,41.509857177734375,14.75,37.48972702026367,25.136667251586914,,,47.09000015258789,89.5
2015-05-04,75.8499984741211,18.8700008392334,70.38233947753906,,,7.745999813079834,92.24488830566406,41.151573181152344,14.722000122070312,37.67560577392578,25.461666107177734,,,47.22999954223633,90.73999786376953
2015-05-05,75.0,18.59000015258789,71.5127944946289,,,7.567999839782715,91.07920837402344,40.605621337890625,14.656000137329102,37.1095085144043,24.5049991607666,,,46.619998931884766,90.06999969482422
2015-05-06,74.4800033569336,18.639999389648438,72.53510284423828,,,7.5879998207092285,90.65117645263672,39.479576110839844,14.65999984741211,36.551856994628906,24.299999237060547,,,46.81999969482422,90.4800033569336
2015-05-07,74.7300033569336,18.979999542236328,73.25270080566406,,,7.679999828338623,91.13385009765625,39.837860107421875,14.802000045776367,36.73773956298828,24.90166664123535,,,47.119998931884766,89.68000030517578
2015-05-08,76.30999755859375,19.18000030517578,71.16873931884766,,,7.802000045776367,93.57447814941406,40.733585357666016,14.781999588012695,37.18556213378906,25.183332443237305,,,47.97999954223633,89.51000213623047
2015-05-11,76.79000091552734,19.139999389648438,69.9891357421875,,,7.794000148773193,93.1920166015625,40.40941619873047,14.79800033569336,37.04191970825195,25.303333282470703,,,48.2400016784668,90.26000213623047
2015-05-12,76.56999969482422,19.0,70.5494613647461,,,7.730000019073486,93.12828826904297,40.392364501953125,14.85200023651123,36.81378173828125,25.27833366394043,,,47.880001068115234,88.41000366210938
2015-05-13,77.08000183105469,18.989999771118164,70.5691146850586,,,7.688000202178955,93.11005401611328,40.6312141418457,15.022000312805176,36.99967956542969,25.246667861938477,,,48.22999954223633,89.19000244140625
2015-05-14,79.43000030517578,19.260000228881836,71.64058685302734,,,7.769999980926514,94.5489730834961,41.56104278564453,15.210000038146973,37.4981803894043,25.61833381652832,,,48.720001220703125,90.8499984741211
2015-05-15,78.91999816894531,19.200000762939453,71.16873931884766,,,7.728000164031982,93.1920166015625,41.202754974365234,15.142000198364258,37.30385208129883,25.786666870117188,,,48.61000061035156,90.08000183105469
2015-05-18,79.41000366210938,19.479999542236328,71.56194305419922,,,7.9079999923706055,93.20111083984375,40.95538330078125,15.45199966430664,37.379886627197266,26.288333892822266,,,48.959999084472656,91.9000015258789
2015-05-19,79.62000274658203,19.399999618530273,70.26439666748047,,,7.823999881744385,94.04808044433594,40.85234069824219,15.555999755859375,37.447486877441406,26.38833236694336,,,49.0,90.6500015258789
2015-05-20,79.61000061035156,19.559999465942383,68.96684265136719,,,7.757999897003174,94.14825439453125,40.85234069824219,15.489999771118164,37.4221305847168,26.420000076293945,,,49.2400016784668,90.43000030517578
2015-05-21,80.55999755859375,19.81999969482422,71.6700668334961,,,7.757999897003174,94.85858154296875,40.7149543762207,15.77400016784668,37.413692474365234,26.690000534057617,,,49.79999923706055,91.81999969482422
2015-05-22,80.04000091552734,19.899999618530273,73.7343521118164,,,7.857999801635742,97.22643280029297,40.268489837646484,15.751999855041504,37.11796951293945,27.145000457763672,,,49.349998474121094,92.18000030517578
2015-05-26,79.36000061035156,19.889999389648438,72.31884765625,,,7.857999801635742,95.32308197021484,40.0023307800293,15.541999816894531,36.61098861694336,27.30666732788086,,,48.84000015258789,92.48999786376953
2015-05-27,80.16000366210938,20.110000610351562,72.69239044189453,,,7.886000156402588,95.79663848876953,40.87809753417969,15.678000450134277,37.29539489746094,26.774999618530273,,,50.0,82.0
2015-05-28,80.0199966430664,19.920000076293945,71.4439926147461,,,8.03600025177002,95.70555114746094,40.74072265625,15.680000305175781,37.058799743652344,27.72833251953125,,,49.83000183105469,80.13999938964844
2015-05-29,79.08999633789062,19.790000915527344,71.5127944946289,,,8.01200008392334,94.84947204589844,40.23414993286133,15.321999549865723,36.74618911743164,28.248332977294922,,,49.88999938964844,78.91999816894531
2015-06-01,79.87000274658203,19.809999465942383,71.85684204101562,,,7.9720001220703125,96.91678619384766,40.55183792114258,15.13599967956543,36.99967956542969,28.416667938232422,,,49.91999816894531,79.08999633789062
2015-06-02,79.81999969482422,19.950000762939453,71.66024017333984,,,7.946000099182129,96.73463439941406,40.28564453125,15.076000213623047,36.92362976074219,28.083332061767578,,,50.15999984741211,79.80000305175781
2015-06-03,80.12999725341797,20.229999542236328,72.22055053710938,,,8.015999794006348,97.29927062988281,40.22555923461914,15.321999549865723,37.151756286621094,28.198333740234375,,,50.72999954223633,80.6500015258789
2015-06-04,78.75,20.1299991607666,70.98196411132812,,,7.900000095367432,96.0425033569336,39.804847717285156,15.092000007629395,36.9827766418457,28.125,,,50.31999969482422,78.20999908447266
2015-06-05,78.86000061035156,20.389999389648438,72.29920196533203,,,8.208000183105469,96.17000579833984,39.61595153808594,15.378000259399414,37.01657485961914,28.93166732788086,,,50.7400016784668,79.37999725341797
2015-06-08,78.16000366210938,20.0,70.6182632446289,,,8.116000175476074,95.16822052001953,39.263916015625,14.934000015258789,36.416656494140625,28.803333282470703,,,49.880001068115234,78.04000091552734
2015-06-09,77.9000015258789,19.709999084472656,70.53961944580078,,,8.152000427246094,95.29573822021484,39.19524002075195,15.131999969482422,36.391319274902344,28.663333892822266,,,49.47999954223633,78.12999725341797
2015-06-10,79.55999755859375,19.84000015258789,71.78804016113281,,,8.239999771118164,97.88211059570312,40.019493103027344,15.539999961853027,37.12639236450195,29.11166763305664,,,50.209999084472656,79.5999984741211
2015-06-11,79.6500015258789,19.75,71.16873931884766,,,8.199999809265137,96.37947845458984,39.8735237121582,15.545999526977539,37.413692474365234,29.104999542236328,,,50.56999969482422,80.05999755859375
2015-06-12,79.86000061035156,19.850000381469727,70.5494613647461,,,8.244000434875488,95.37769317626953,39.469993591308594,15.588000297546387,37.46438980102539,29.308332443237305,,,50.27000045776367,79.62999725341797
2015-06-15,78.9000015258789,19.81999969482422,71.3260269165039,,,8.21399974822998,93.84772491455078,39.04927062988281,15.527999877929688,36.940521240234375,29.47333335876465,,,49.7400016784668,79.56999969482422
2015-06-16,79.94000244140625,19.860000610351562,72.15174102783203,,,8.496000289916992,94.46700286865234,39.349788665771484,15.880000114440918,37.717857360839844,29.450000762939453,,,50.0099983215332,78.98999786376953
2015-06-17,77.91000366210938,20.020000457763672,73.15438079833984,,,8.57800006866455,94.5671615600586,39.469993591308594,15.984000205993652,37.94599914550781,30.106666564941406,,,50.06999969482422,79.0999984741211
2015-06-18,79.38999938964844,20.15999984741211,74.42245483398438,,,8.748000144958496,95.06806945800781,40.11394119262695,16.194000244140625,36.11248779296875,30.479999542236328,,,50.31999969482422,80.47000122070312
2015-06-19,79.69999694824219,20.06999969482422,73.72453308105469,,,8.62399959564209,95.00431060791016,39.58160400390625,16.076000213623047,35.14080810546875,30.68000030517578,,,50.150001525878906,79.97000122070312
2015-06-22,82.27999877929688,20.149999618530273,73.5082778930664,,,8.710000038146973,96.07891082763672,39.69322204589844,16.06399917602539,35.05632019042969,30.67333221435547,,,50.599998474121094,80.3499984741211
2015-06-23,83.55000305175781,20.049999237060547,72.9381332397461,,,8.642000198364258,95.40499877929688,39.41848373413086,16.149999618530273,35.24221420288086,30.321666717529297,,,50.38999938964844,81.45999908447266
2015-06-24,83.4000015258789,20.030000686645508,72.25003051757812,,,8.342000007629395,93.84772491455078,39.18663787841797,15.494000434875488,34.81128692626953,29.856666564941406,,,50.25,79.19999694824219
2015-06-25,83.94000244140625,20.139999389648438,72.35816955566406,,,8.394000053405762,94.34860229492188,39.19524002075195,15.784000396728516,34.692996978759766,29.803333282470703,,,50.459999084472656,79.54000091552734
2015-06-26,82.73999786376953,20.040000915527344,71.1097640991211,,,8.343999862670898,94.02076721191406,38.860382080078125,15.404000282287598,34.63386535644531,29.209999084472656,,,50.2400016784668,78.5999984741211
2015-06-29,81.27999877929688,19.489999771118164,68.8095474243164,,,8.119999885559082,91.99899291992188,38.096229553222656,14.753999710083008,34.15224075317383,28.641666412353516,,,49.900001525878906,76.30999755859375
2015-06-30,81.01000213623047,19.65999984741211,68.44584655761719,,,8.265999794006348,91.77132415771484,37.90732955932617,14.862000465393066,34.05085372924805,29.116666793823242,,,50.650001525878906,76.38999938964844
2015-07-01,80.94000244140625,19.489999771118164,69.34037780761719,,,8.255999565124512,92.54541778564453,38.16490936279297,14.779999732971191,34.00015640258789,29.356666564941406,,,50.2400016784668,75.9000015258789
2015-07-02,80.75,19.360000610351562,69.22241973876953,,,8.246000289916992,92.35417938232422,38.121986389160156,14.906000137329102,34.10154342651367,28.983333587646484,,,49.91999816894531,75.79000091552734
2015-07-06,80.5,19.3799991607666,67.98385620117188,,,7.99399995803833,92.81861877441406,38.1133918762207,14.739999771118164,34.050662994384766,29.219999313354492,,,49.66999816894531,76.68000030517578
2015-07-07,80.58999633789062,19.270000457763672,69.06514739990234,,,8.121999740600586,94.3304214477539,38.03611755371094,15.13599967956543,34.05913162231445,28.584999084472656,,,49.720001220703125,77.6500015258789
2015-07-08,79.98999786376953,19.219999313354492,68.2099380493164,,,8.11400032043457,94.42168426513672,37.98460388183594,14.965999603271484,33.728389739990234,28.746667861938477,,,49.689998626708984,76.83000183105469
2015-07-09,80.47000122070312,19.450000762939453,68.7702407836914,,,8.276000022888184,94.55862426757812,38.225013732910156,15.236000061035156,34.07611083984375,29.135000228881836,,,50.31999969482422,77.95999908447266
2015-07-10,80.58999633789062,19.579999923706055,69.93017578125,,,8.289999961853027,95.27067565917969,38.302284240722656,15.347999572753906,34.228755950927734,30.133333206176758,,,50.380001068115234,79.5199966430664
2015-07-13,81.44000244140625,19.790000915527344,69.84170532226562,,,8.302000045776367,96.24747467041016,39.10079574584961,15.319999694824219,34.6019172668457,30.18833351135254,,,50.709999084472656,79.2699966430664
2015-07-14,81.88999938964844,19.690000534057617,70.5691146850586,,,8.522000312805176,96.61264038085938,39.169471740722656,15.482000350952148,34.584957122802734,30.708332061767578,,,51.06999969482422,82.18000030517578
2015-07-15,82.12000274658203,19.690000534057617,70.14643859863281,,,8.428000450134277,97.06910705566406,39.28968048095703,15.515999794006348,34.59343719482422,30.856666564941406,,,51.150001525878906,83.20999908447266
2015-07-16,82.5199966430664,19.559999465942383,71.18840026855469,,,8.552000045776367,98.68494415283203,40.06243133544922,15.784000396728516,34.73759841918945,31.676666259765625,,,50.790000915527344,84.44999694824219
2015-07-17,82.0999984741211,19.540000915527344,71.57176971435547,,,8.482000350952148,97.4708023071289,40.028079986572266,15.784000396728516,34.26268005371094,31.875,,,50.66999816894531,84.69999694824219
2015-07-20,82.08999633789062,19.940000534057617,71.5324478149414,,,8.479999542236328,97.34296417236328,40.28564453125,15.767999649047852,33.86407470703125,31.671667098999023,,,50.86000061035156,84.5999984741211
2015-07-21,81.19000244140625,19.799999237060547,72.57442474365234,,,8.592000007629395,96.90479278564453,40.59476089477539,15.71399974822998,33.55877685546875,32.01166534423828,,,50.279998779296875,84.7699966430664
2015-07-22,80.7300033569336,19.489999771118164,72.6137466430664,,,8.460000038146973,97.42513275146484,39.10079574584961,15.569999694824219,33.43156051635742,32.06666564941406,,,50.599998474121094,83.98999786376953
2015-07-23,80.63999938964844,19.299999237060547,70.98196411132812,,,9.366000175476074,97.90896606445312,39.590206146240234,15.604000091552734,33.075355529785156,32.848331451416016,,,50.43000030517578,83.0199966430664
2015-07-24,80.9800033569336,19.15999984741211,72.66290283203125,,,9.597999572753906,97.39773559570312,39.4442253112793,15.928000450134277,33.075355529785156,32.813331604003906,,,50.060001373291016,82.58999633789062
2015-07-27,79.93000030517578,18.969999313354492,71.22772216796875,,,9.420000076293945,95.85492706298828,38.93765640258789,15.267999649047852,32.659786224365234,31.04833221435547,,,49.22999954223633,81.08000183105469
2015-07-28,80.58999633789062,20.790000915527344,72.53510284423828,,,9.423999786376953,96.439208984375,38.92906188964844,15.72599983215332,33.31282043457031,31.13833236694336,,,50.2400016784668,83.1500015258789
2015-07-29,80.25,20.969999313354492,72.62358093261719,,,9.472000122070312,96.32964324951172,39.74474334716797,15.595999717712402,33.74533462524414,30.608333587646484,,,50.68000030517578,83.38999938964844
2015-07-30,81.29000091552734,20.93000030517578,72.1124267578125,,,9.515999794006348,96.53047943115234,40.25132751464844,16.20599937438965,33.62662124633789,30.864999771118164,,,50.900001525878906,83.75
2015-07-31,81.98999786376953,20.969999313354492,72.0534439086914,,,9.54800033569336,96.55787658691406,40.096771240234375,16.100000381469727,33.872562408447266,30.97166633605957,,,50.84000015258789,84.33000183105469
2015-08-03,81.4000015258789,20.979999542236328,71.20806884765625,,,9.529999732971191,95.90059661865234,40.191219329833984,15.829999923706055,33.67749786376953,30.81833267211914,,,50.58000183105469,84.0
2015-08-04,82.05999755859375,20.940000534057617,70.66741943359375,,,9.53600025177002,96.39353942871094,40.81800079345703,15.581999778747559,33.635108947753906,30.916667938232422,,,50.970001220703125,82.80000305175781
2015-08-05,83.37999725341797,21.100000381469727,71.2965316772461,,,9.765999794006348,97.47991943359375,40.85234069824219,15.682000160217285,33.61813735961914,31.711666107177734,,,51.599998474121094,83.4000015258789
2015-08-06,82.19000244140625,20.799999237060547,69.23224639892578,,,9.32800006866455,95.09722137451172,40.028079986572266,15.197999954223633,33.34674835205078,29.081666946411133,,,51.06999969482422,81.91999816894531
2015-08-07,82.69000244140625,20.899999618530273,69.21258544921875,,,9.380000114440918,96.25664520263672,40.131107330322266,15.390000343322754,33.5502815246582,29.253332138061523,,,51.18000030517578,82.51000213623047
2015-08-10,83.62000274658203,21.3799991607666,70.0579605102539,,,9.508000373840332,95.84580993652344,40.63768768310547,15.317999839782715,33.830162048339844,29.49333381652832,,,51.75,83.25
2015-08-11,83.9000015258789,21.350000381469727,70.4118423461914,,,9.38599967956543,95.50802612304688,39.84778594970703,15.333999633789062,33.219547271728516,28.988332748413086,,,51.13999938964844,83.05999755859375
2015-08-12,83.81999969482422,21.25,69.83187103271484,,,9.295999526977539,95.59931182861328,40.131107330322266,15.369999885559082,33.31282043457031,28.5,,,51.2400016784668,82.95999908447266
2015-08-13,84.30999755859375,21.350000381469727,70.18575286865234,,,9.300000190734863,95.76365661621094,40.122520446777344,15.140000343322754,33.33826446533203,28.793333053588867,,,51.38999938964844,82.26000213623047
2015-08-14,86.12000274658203,21.559999465942383,71.74870300292969,,,9.343999862670898,96.42092895507812,40.35435104370117,15.326000213623047,33.42306900024414,28.92333221435547,,,51.63999938964844,84.18000030517578
2015-08-17,86.7699966430664,21.799999237060547,72.7808609008789,,,9.569999694824219,96.36617279052734,40.62911605834961,15.449999809265137,33.68598175048828,29.295000076293945,,,52.130001068115234,84.80000305175781
2015-08-18,86.44999694824219,21.6200008392334,71.34569549560547,,,9.550000190734863,96.51222229003906,40.85381317138672,15.178000450134277,33.77927017211914,28.941667556762695,,,51.97999954223633,82.58000183105469
2015-08-19,85.4800033569336,21.6299991607666,70.81485748291016,,,9.468000411987305,97.01431274414062,40.28339385986328,15.12600040435791,33.52484893798828,29.020000457763672,,,52.29999923706055,82.37999725341797
2015-08-20,82.69000244140625,20.469999313354492,66.66663360595703,,,8.92199993133545,93.96524810791016,39.46234893798828,14.062000274658203,32.7615852355957,26.770000457763672,,,48.599998474121094,77.0199966430664
2015-08-21,78.87000274658203,19.799999237060547,67.97401428222656,,,8.571999549865723,81.50409698486328,37.22390365600586,13.982000350952148,31.84563636779785,26.498332977294922,,,47.52000045776367,71.83999633789062
2015-08-24,74.2699966430664,19.0,64.06170654296875,,,8.184000015258789,76.91216278076172,36.0225715637207,13.600000381469727,30.598941802978516,25.834999084472656,,,45.70000076293945,69.33999633789062
2015-08-25,74.56999969482422,18.75,64.071533203125,,,8.128000259399414,72.9136734008789,34.97679901123047,13.734000205993652,30.064659118652344,26.399999618530273,,,44.97999954223633,70.0199966430664
2015-08-26,77.33000183105469,19.510000228881836,67.35472106933594,,,8.508000373840332,76.03577423095703,36.91276931762695,14.281999588012695,31.302867889404297,27.991666793823242,,,46.709999084472656,72.4000015258789
2015-08-27,78.91000366210938,19.940000534057617,68.75057983398438,,,8.531999588012695,79.05751037597656,37.94124984741211,14.472000122070312,31.226539611816406,27.963333129882812,,,46.939998626708984,75.37000274658203
2015-08-28,79.4000015258789,20.139999389648438,69.05530548095703,,,8.592000007629395,78.70145416259766,37.967159271240234,14.508000373840332,31.769304275512695,28.0,,,47.099998474121094,72.76000213623047
2015-08-31,78.56999969482422,20.020000457763672,68.18045043945312,,,8.428000450134277,78.28152465820312,37.612815856933594,14.192000389099121,31.455522537231445,27.3700008392334,,,46.93000030517578,70.26000213623047
2015-09-01,75.98999786376953,19.719999313354492,65.49686431884766,,,8.17199993133545,76.77520751953125,36.14358139038086,13.784000396728516,30.53958511352539,26.975000381469727,,,45.63999938964844,69.58999633789062
2015-09-02,77.25,19.93000030517578,66.82392883300781,,,8.381999969482422,78.35454559326172,37.47453689575195,13.989999771118164,31.167146682739258,27.264999389648438,,,46.310001373291016,71.11000061035156
2015-09-03,78.31999969482422,20.520000457763672,67.08932495117188,,,8.430000305175781,78.54627227783203,37.59553527832031,14.244000434875488,31.294370651245117,27.00666618347168,,,47.13999938964844,71.69000244140625
2015-09-04,76.88999938964844,20.290000915527344,65.98836517333984,,,8.350000381469727,77.71554565429688,36.82634735107422,13.958000183105469,30.760089874267578,27.065000534057617,,,46.599998474121094,70.08999633789062
2015-09-08,79.77999877929688,20.850000381469727,69.55663299560547,,,8.65999984741211,80.09819793701172,37.93260192871094,14.666000366210938,31.955883026123047,27.7450008392334,,,48.04999923706055,71.7699966430664
2015-09-09,78.5199966430664,20.610000610351562,67.85606384277344,,,8.60200023651123,79.09402465820312,37.22390365600586,14.404000282287598,31.455522537231445,27.52833366394043,,,47.220001220703125,70.2699966430664
2015-09-10,78.69999694824219,20.770000457763672,68.5539779663086,,,8.812000274658203,80.60944366455078,37.414031982421875,14.531999588012695,31.896533966064453,29.566667556762695,,,47.599998474121094,70.16000366210938
2015-09-11,79.19000244140625,20.649999618530273,68.85871124267578,,,8.866000175476074,81.53146362304688,37.57825469970703,14.720000267028809,32.15940856933594,29.565000534057617,,,47.880001068115234,71.36000061035156
2015-09-14,78.45999908447266,20.670000076293945,68.70143127441406,,,8.793999671936035,81.08413696289062,37.19797897338867,14.711999893188477,31.8541202545166,29.92333221435547,,,47.68000030517578,69.87000274658203
2015-09-15,79.52999877929688,21.139999389648438,70.0579605102539,,,8.946000099182129,81.23934936523438,38.0103645324707,14.85200023651123,32.21879196166992,30.531667709350586,,,48.04999923706055,70.66999816894531
2015-09-16,80.52999877929688,21.200000762939453,70.65758514404297,,,8.979999542236328,81.67755126953125,38.28694534301758,14.788000106811523,32.45624923706055,30.424999237060547,,,48.130001068115234,71.95999908447266
2015-09-17,80.30999755859375,21.1299991607666,71.0901107788086,,,9.03600025177002,78.2997817993164,38.24372863769531,14.92199993133545,31.158687591552734,30.713333129882812,,,47.88999938964844,72.0199966430664
2015-09-18,81.25,20.809999465942383,70.18575286865234,,,8.960000038146973,78.04419708251953,37.57825469970703,14.871999740600586,30.853368759155273,30.829999923706055,,,47.33000183105469,73.48999786376953
2015-09-21,83.31999969482422,21.079999923706055,70.91317749023438,,,9.119999885559082,79.2492446899414,38.12272644042969,14.881999969482422,31.235015869140625,30.899999618530273,,,47.720001220703125,73.18000030517578
2015-09-22,84.66000366210938,21.209999084472656,70.43151092529297,,,9.07800006866455,79.28572845458984,37.94124984741211,14.612000465393066,30.692249298095703,30.014999389648438,,,47.5099983215332,72.88999938964844
2015-09-23,85.5,21.18000030517578,70.76570892333984,,,9.197999954223633,79.9612808227539,37.915313720703125,14.597999572753906,30.522628784179688,29.883333206176758,,,47.56999969482422,72.62999725341797
2015-09-24,83.91000366210938,21.049999237060547,70.49048614501953,,,9.180000305175781,80.20774841308594,37.94987487792969,14.423999786376953,30.581985473632812,30.128332138061523,,,47.029998779296875,72.48999786376953
2015-09-25,83.12999725341797,20.959999084472656,71.20806884765625,,,9.022000312805176,80.22600555419922,37.975799560546875,14.571999549865723,30.573505401611328,30.135000228881836,,,46.79999923706055,72.56999969482422
2015-09-28,80.5199966430664,20.479999542236328,67.86588287353516,,,8.565999984741211,78.71060943603516,37.414031982421875,13.805999755859375,30.056171417236328,29.28333282470703,,,46.25,70.55000305175781
2015-09-29,79.83000183105469,20.440000534057617,67.21710968017578,,,8.447999954223633,79.2674789428711,37.543670654296875,13.788000106811523,30.115541458129883,27.968332290649414,,,45.959999084472656,70.69999694824219
2015-09-30,82.22000122070312,20.68000030517578,68.24925994873047,,,8.496000289916992,81.0202407836914,38.252384185791016,13.890000343322754,30.632877349853516,28.666667938232422,,,46.18000030517578,68.86000061035156
2015-10-01,83.75,20.520000457763672,71.6700668334961,,,8.607999801635742,81.12065887451172,38.554866790771484,14.315999984741211,30.734651565551758,28.610000610351562,,,46.400001525878906,72.19999694824219
2015-10-02,83.98999786376953,20.809999465942383,72.67272186279297,,,8.736000061035156,81.70491790771484,39.384559631347656,14.446000099182129,31.285900115966797,29.20166778564453,,,46.91999816894531,74.08999633789062
2015-10-05,85.83999633789062,21.299999237060547,73.98994445800781,,,8.838000297546387,83.3572769165039,40.300682067871094,15.293999671936035,31.879549026489258,29.540000915527344,,,47.54999923706055,75.5
2015-10-06,85.1500015258789,21.31999969482422,73.15438079833984,,,8.6899995803833,82.90082550048828,40.404396057128906,14.916000366210938,31.9982852935791,29.020000457763672,,,47.54999923706055,74.8499984741211
2015-10-07,80.6500015258789,21.399999618530273,73.72453308105469,,,8.609999656677246,83.31300354003906,40.44760513305664,14.994000434875488,31.938919067382812,29.163333892822266,,,47.68000030517578,76.36000061035156
2015-10-08,82.26000213623047,21.3700008392334,73.81298828125,,,8.557999610900879,84.53116607666016,41.00937271118164,14.604000091552734,32.13397979736328,28.264999389648438,,,47.79999923706055,75.86000061035156
2015-10-09,83.81999969482422,21.75,73.97026824951172,,,8.600000381469727,84.90670776367188,40.715538024902344,14.883999824523926,32.44050598144531,28.64666748046875,,,48.040000915527344,77.56999969482422
2015-10-12,83.91999816894531,21.65999984741211,74.58956909179688,,,8.5600004196167,85.37383270263672,40.62045669555664,14.855999946594238,32.38941955566406,27.968332290649414,,,48.099998474121094,77.51000213623047
2015-10-13,83.6500015258789,21.6299991607666,75.3268051147461,,,8.319999694824219,83.67937469482422,40.525394439697266,14.831999778747559,32.20209884643555,27.854999542236328,,,47.599998474121094,76.5
2015-10-14,83.80000305175781,21.34000015258789,74.294677734375,,,8.37399959564209,82.80923461914062,40.34390640258789,14.779999732971191,31.72528076171875,27.386667251586914,,,47.560001373291016,74.93000030517578
2015-10-15,86.7699966430664,21.389999389648438,76.37860870361328,,,8.64799976348877,84.6594009399414,40.62911605834961,15.128000259399414,31.972213745117188,28.44333267211914,,,48.029998779296875,77.29000091552734
2015-10-16,88.66999816894531,21.350000381469727,77.43041229248047,,,8.697999954223633,85.74937438964844,41.061241149902344,15.291999816894531,31.81894302368164,28.6299991607666,,,48.43000030517578,78.69000244140625
2015-10-19,88.4000015258789,21.209999084472656,76.60470581054688,,,8.736000061035156,86.17070770263672,41.15629959106445,15.157999992370605,31.39320945739746,27.99333381652832,,,48.400001525878906,78.52999877929688
2015-10-20,86.83999633789062,21.139999389648438,76.21149444580078,,,8.678000450134277,86.37218475341797,41.285945892333984,14.946000099182129,31.384695053100586,27.676666259765625,,,48.18000030517578,79.87999725341797
2015-10-21,86.12999725341797,21.0,74.5404052734375,,,8.381999969482422,85.97837829589844,40.79332733154297,14.604000091552734,31.18035125732422,26.635000228881836,,,47.66999816894531,78.2300033569336
2015-10-22,88.45999908447266,21.1200008392334,76.05422973632812,,,8.64799976348877,88.71695709228516,41.51065444946289,15.59000015258789,32.176551818847656,27.690000534057617,,,49.47999954223633,79.88999938964844
2015-10-23,87.86000061035156,21.399999618530273,77.22398376464844,,,6.98199987411499,89.70619201660156,45.693695068359375,15.777999877929688,32.41495132446289,26.53333282470703,,,49.720001220703125,79.8499984741211
2015-10-26,88.83999633789062,21.350000381469727,76.8897705078125,,,6.946000099182129,89.49553680419922,46.88638687133789,15.760000228881836,32.67040252685547,25.684999465942383,,,49.88999938964844,78.94999694824219
2015-10-27,88.05000305175781,21.75,76.42776489257812,,,6.763999938964844,89.78862762451172,46.402400970458984,16.034000396728516,32.64485168457031,26.433332443237305,,,49.369998931884766,77.19999694824219
2015-10-28,88.5,22.40999984741211,77.19449615478516,,,6.99399995803833,89.75200653076172,46.65303039550781,16.43000030517578,33.104652404785156,27.308332443237305,,,50.58000183105469,78.80000305175781
2015-10-29,88.12000274658203,22.040000915527344,76.81112670898438,,,6.811999797821045,89.53213500976562,46.117183685302734,16.312000274658203,33.08761215209961,26.316667556762695,,,50.0099983215332,78.44999694824219
2015-10-30,88.66000366210938,22.219999313354492,76.38844299316406,,,6.872000217437744,89.2390365600586,45.494911193847656,16.329999923706055,33.07059097290039,26.833332061767578,,,49.97999954223633,78.97000122070312
2015-11-02,89.91000366210938,22.260000228881836,77.85310363769531,,,6.953999996185303,89.31233978271484,46.013484954833984,16.40399932861328,33.845420837402344,27.354999542236328,,,50.41999816894531,81.3499984741211
2015-11-03,90.36000061035156,22.260000228881836,77.29278564453125,,,6.932000160217285,89.49553680419922,46.799949645996094,16.506000518798828,34.22856521606445,27.8799991607666,,,50.52000045776367,80.20999908447266
2015-11-04,91.01000213623047,22.450000762939453,77.056884765625,,,7.019999980926514,90.53965759277344,47.016021728515625,16.76799964904785,34.466976165771484,27.735000610351562,,,51.040000915527344,80.25
2015-11-05,90.55000305175781,22.459999084472656,77.37142944335938,,,6.6620001792907715,89.55962371826172,46.99874496459961,16.781999588012695,34.35628890991211,26.655000686645508,,,50.84000015258789,78.56999969482422
2015-11-06,90.69000244140625,22.709999084472656,78.05953979492188,,,6.809999942779541,90.01758575439453,47.46543502807617,17.04800033569336,34.586177825927734,26.969999313354492,,,51.529998779296875,82.18000030517578
2015-11-09,89.80000305175781,22.579999923706055,76.8897705078125,,,6.688000202178955,89.31233978271484,46.80860137939453,16.920000076293945,34.14341354370117,26.86833381652832,,,51.189998626708984,81.54000091552734
2015-11-10,90.27999877929688,22.780000686645508,76.91926574707031,,,6.676000118255615,90.56717681884766,46.2468376159668,16.829999923706055,33.990150451660156,26.21500015258789,,,51.400001525878906,81.5199966430664
2015-11-11,91.20999908447266,22.559999465942383,77.37142944335938,,,6.584000110626221,91.03428649902344,46.36782455444336,16.780000686645508,33.24087905883789,25.963333129882812,,,51.4900016784668,82.0
2015-11-12,90.83999633789062,22.43000030517578,76.9684066772461,,,6.6539998054504395,89.80693054199219,46.08261489868164,16.899999618530273,32.89179611206055,26.116666793823242,,,51.119998931884766,81.91999816894531
2015-11-13,89.0199966430664,22.290000915527344,74.3143310546875,,,6.633999824523926,88.41471862792969,45.66776657104492,16.576000213623047,31.759347915649414,26.106666564941406,,,50.560001373291016,78.91000366210938
2015-11-16,89.7699966430664,22.489999771118164,74.9631118774414,,,6.679999828338623,88.75361633300781,46.47153854370117,16.874000549316406,32.45753479003906,26.458332061767578,,,51.06999969482422,80.58999633789062
2015-11-17,90.29000091552734,22.610000610351562,75.92644500732422,,,6.682000160217285,88.32315826416016,46.08869552612305,16.98200035095215,32.466041564941406,27.19499969482422,,,51.630001068115234,80.93000030517578
2015-11-18,91.2699966430664,22.90999984741211,76.03456115722656,,,6.808000087738037,88.4971923828125,46.854373931884766,17.149999618530273,32.95138931274414,27.27833366394043,,,52.11000061035156,83.68000030517578
2015-11-19,91.76000213623047,23.1299991607666,79.26860809326172,,,6.883999824523926,89.22991943359375,46.932674407958984,17.149999618530273,33.22385025024414,27.898332595825195,,,52.52000045776367,84.30000305175781
2015-11-20,91.80999755859375,21.469999313354492,79.61265563964844,,,6.949999809265137,94.52398681640625,47.15019226074219,17.238000869750977,33.496315002441406,28.4950008392334,,,48.22999954223633,83.11000061035156
2015-11-23,91.95999908447266,21.709999084472656,79.40623474121094,,,7.007999897003174,92.53641510009766,47.15019226074219,17.29199981689453,33.32602310180664,28.670000076293945,,,49.5,80.4800033569336
2015-11-24,92.0,21.719999313354492,79.02286529541016,,,7.150000095367432,91.3731689453125,47.20241928100586,17.34000015258789,33.59848403930664,30.475000381469727,,,49.52000045776367,82.69999694824219
2015-11-25,91.7699966430664,22.079999923706055,79.04252624511719,,,7.3520002365112305,91.45561218261719,46.71516799926758,17.378000259399414,33.428184509277344,30.36833381652832,,,49.790000915527344,83.3499984741211
2015-11-27,92.16999816894531,22.3700008392334,78.61002349853516,,,7.3379998207092285,91.75786590576172,46.92398452758789,17.45800018310547,33.36008834838867,30.985000610351562,,,50.470001220703125,83.22000122070312
2015-11-30,91.45999908447266,22.299999237060547,78.33478546142578,,,7.203999996185303,91.77620697021484,47.28942108154297,17.402000427246094,33.181278228759766,31.22333335876465,,,50.08000183105469,83.70999908447266
2015-12-01,92.55000305175781,22.270000457763672,79.63232421875,,,7.21999979019165,93.23250579833984,48.04639434814453,17.29400062561035,33.40264892578125,31.489999771118164,,,50.4900016784668,84.4800033569336
2015-12-02,92.0199966430664,22.219999313354492,79.50454711914062,,,7.179999828338623,91.13504791259766,48.03771209716797,17.506000518798828,32.95138931274414,31.79833221435547,,,50.029998779296875,84.08000183105469
2015-12-03,89.91000366210938,21.219999313354492,78.57069396972656,,,6.940000057220459,88.2773208618164,47.158905029296875,17.618000030517578,32.19357681274414,31.270000457763672,,,46.56999969482422,83.61000061035156
2015-12-04,92.58000183105469,21.649999618530273,80.74311065673828,,,7.044000148773193,90.33816528320312,48.64677429199219,17.99799919128418,33.343055725097656,31.94499969482422,,,47.369998931884766,84.58000183105469
2015-12-07,89.5999984741211,21.559999465942383,79.30793762207031,,,6.8979997634887695,90.5213851928711,48.55976104736328,17.59600067138672,33.05356979370117,32.008331298828125,,,46.25,82.9800033569336
2015-12-08,91.72000122070312,21.5,79.70114135742188,,,6.9039998054504395,90.05426788330078,48.5423469543457,17.54400062561035,32.9769401550293,32.25666809082031,,,46.08000183105469,83.61000061035156
2015-12-09,89.55999755859375,21.110000610351562,78.35441589355469,,,6.541999816894531,89.50469207763672,47.83758544921875,17.219999313354492,32.849205017089844,31.68000030517578,,,45.380001068115234,83.38999938964844
2015-12-10,88.95999908447266,21.139999389648438,78.03004455566406,,,6.360000133514404,88.83604431152344,48.08991241455078,17.38800048828125,32.51714324951172,31.665000915527344,,,45.5,83.80999755859375
2015-12-11,91.41999816894531,21.09000015258789,75.56273651123047,,,6.107999801635742,88.03919982910156,47.037086486816406,16.697999954223633,31.682706832885742,30.838333129882812,,,44.970001220703125,78.9800033569336
2015-12-14,93.26000213623047,21.190000534057617,75.6806869506836,,,6.084000110626221,88.20405578613281,47.97679138183594,16.714000701904297,32.05736541748047,30.614999771118164,,,45.43000030517578,79.0
2015-12-15,94.0199966430664,21.610000610351562,76.05422973632812,,,6.118000030517578,89.74282836914062,48.02900314331055,17.1200008392334,32.53417205810547,30.958332061767578,,,45.22999954223633,78.97000122070312
2015-12-16,95.55999755859375,21.770000457763672,77.54838562011719,,,6.389999866485596,90.72286987304688,48.83818054199219,17.47800064086914,33.13017654418945,31.213333129882812,,,45.720001220703125,81.29000091552734
2015-12-17,94.19999694824219,21.34000015258789,77.09620666503906,,,6.283999919891357,89.64208221435547,48.46405029296875,17.45400047302246,31.444305419921875,31.094999313354492,,,45.220001220703125,80.5199966430664
2015-12-18,91.30999755859375,21.0,75.7199935913086,,,6.24399995803833,87.53543090820312,47.09800720214844,17.145999908447266,30.950458526611328,30.481666564941406,,,44.77000045776367,78.55000305175781
2015-12-21,91.62000274658203,20.920000076293945,75.9755859375,,,6.331999778747559,87.63618469238281,47.70705795288086,17.40399932861328,31.010053634643555,30.351667404174805,,,44.72999954223633,78.55000305175781
2015-12-22,93.81999969482422,21.18000030517578,76.53588104248047,,,6.308000087738037,89.03755950927734,48.15951156616211,17.29599952697754,31.154823303222656,30.274999618530273,,,45.34000015258789,79.23999786376953
2015-12-23,94.69999694824219,21.31999969482422,76.71283721923828,,,6.377999782562256,89.7611312866211,48.568458557128906,17.378000259399414,31.444305419921875,30.21666717529297,,,45.880001068115234,79.83999633789062
2015-12-24,94.30000305175781,21.290000915527344,76.50640106201172,,,6.354000091552734,89.38562774658203,48.43793487548828,17.392000198364258,31.512409210205078,29.788333892822266,,,45.77000045776367,79.68000030517578
2015-12-28,94.19999694824219,21.209999084472656,76.87010192871094,,,6.357999801635742,89.962646484375,48.68157196044922,17.378000259399414,31.325105667114258,29.440000534057617,,,46.15999984741211,79.61000061035156
2015-12-29,95.33000183105469,21.270000457763672,78.08902740478516,,,6.355999946594238,90.98848724365234,49.2036247253418,17.624000549316406,31.537975311279297,29.628332138061523,,,46.45000076293945,79.75
2015-12-30,95.27999877929688,21.219999313354492,77.79412841796875,,,6.289999961853027,90.01758575439453,48.994808197021484,17.47599983215332,31.43579864501953,29.46500015258789,,,46.13999938964844,80.27999877929688
2015-12-31,93.94000244140625,20.809999465942383,77.06670379638672,,,6.234000205993652,88.3872299194336,48.27263641357422,17.312000274658203,31.103717803955078,29.356666564941406,,,45.61000061035156,79.68000030517578
2016-01-04,91.97000122070312,20.530000686645508,75.40544891357422,,,6.046000003814697,86.44548034667969,47.68096923828125,16.81399917602539,30.565092086791992,28.586666107177734,,,44.91999816894531,77.76000213623047
2016-01-05,92.33999633789062,20.540000915527344,75.73966979980469,,,5.9679999351501465,87.88348388671875,47.89848709106445,16.799999237060547,30.471040725708008,28.426666259765625,,,44.970001220703125,77.23999786376953
2016-01-06,91.0199966430664,20.200000762939453,74.99259948730469,,,5.900000095367432,88.1949234008789,47.028385162353516,16.284000396728516,30.62493896484375,27.885000228881836,,,44.310001373291016,74.4000015258789
2016-01-07,89.11000061035156,19.75,73.03643798828125,,,5.834000110626221,86.77078247070312,45.39263153076172,15.928000450134277,29.958066940307617,27.34666633605957,,,43.279998779296875,71.75
2016-01-08,87.8499984741211,19.239999771118164,71.98463439941406,,,5.7220001220703125,85.57633972167969,45.5318489074707,15.62399959564209,29.624635696411133,27.123332977294922,,,42.349998474121094,71.06999969482422
2016-01-11,89.37999725341797,19.280000686645508,71.93547821044922,,,5.670000076293945,86.36650085449219,45.505741119384766,15.706000328063965,29.872568130493164,27.003332138061523,,,42.09000015258789,70.25
2016-01-12,89.81999969482422,19.139999389648438,73.19371032714844,,,5.745999813079834,87.14747619628906,45.92338562011719,16.197999954223633,30.240198135375977,26.898332595825195,,,42.02000045776367,71.9000015258789
2016-01-13,88.30000305175781,18.65999984741211,71.11959838867188,,,5.677999973297119,84.2532730102539,44.93147659301758,15.357999801635742,29.137287139892578,25.666667938232422,,,40.529998779296875,71.26000213623047
2016-01-14,89.80000305175781,19.3799991607666,71.82736206054688,,,5.857999801635742,86.66053771972656,46.21051788330078,15.642000198364258,29.74432373046875,26.520000457763672,,,41.25,70.5
2016-01-15,89.16999816894531,19.0,69.65493774414062,,,5.656000137329102,84.06031799316406,44.36592102050781,15.267999649047852,29.171485900878906,25.803333282470703,,,40.959999084472656,67.87000274658203
2016-01-19,89.18000030517578,18.850000381469727,69.59595489501953,,,5.291999816894531,83.49986267089844,43.99177932739258,14.86400032043457,29.53912925720215,24.873332977294922,,,40.689998626708984,66.0999984741211
2016-01-20,87.94000244140625,19.040000915527344,69.13394165039062,,,5.197999954223633,84.51971435546875,44.191890716552734,14.862000465393066,29.01759910583496,24.483333587646484,,,40.939998626708984,67.48999786376953
2016-01-21,88.0,18.93000030517578,68.32788848876953,,,5.3460001945495605,84.48297119140625,43.922183990478516,14.881999969482422,29.171485900878906,24.100000381469727,,,40.689998626708984,68.5999984741211
2016-01-22,89.62999725341797,19.520000457763672,70.33320617675781,,,5.550000190734863,86.00819396972656,45.497032165527344,15.333999633789062,29.752864837646484,24.75,,,41.70000076293945,69.47000122070312
2016-01-25,86.7699966430664,18.8700008392334,68.73091125488281,,,5.441999912261963,84.2808609008789,45.06199264526367,15.220000267028809,29.359588623046875,24.428333282470703,,,41.119998931884766,67.37000274658203
2016-01-26,86.88999938964844,19.299999237060547,68.6817855834961,,,5.374000072479248,85.116943359375,45.39263153076172,15.592000007629395,30.120506286621094,24.711666107177734,,,41.779998779296875,66.6500015258789
2016-01-27,84.8499984741211,18.84000015258789,66.28326416015625,,,5.165999889373779,83.39881896972656,44.566043853759766,15.074000358581543,29.846921920776367,24.391666412353516,,,41.5099983215332,64.5
2016-01-28,84.5199966430664,18.989999771118164,64.57284545898438,,,5.271999835968018,84.55648803710938,45.29691696166992,12.71399974822998,30.206005096435547,23.296667098999023,,,41.61000061035156,62.029998779296875
2016-01-29,89.12999725341797,19.559999465942383,66.90255737304688,,,5.627999782562256,87.75386047363281,47.93327713012695,12.442000389099121,31.043874740600586,24.915000915527344,,,42.900001525878906,63.0099983215332
2016-02-01,89.61000061035156,19.540000915527344,67.27609252929688,,,5.677999973297119,88.5440444946289,47.6026496887207,12.392000198364258,31.052412033081055,25.09166717529297,,,42.58000183105469,64.83999633789062
2016-02-02,87.94999694824219,19.229999542236328,63.422752380371094,,,5.4120001792907715,86.50434112548828,46.114803314208984,11.449999809265137,30.223100662231445,24.338333129882812,,,42.25,61.790000915527344
2016-02-03,87.98999786376953,19.229999542236328,64.22880554199219,,,5.2779998779296875,88.10303497314453,45.38391876220703,11.859999656677246,30.51380157470703,24.125,,,42.529998779296875,63.060001373291016
2016-02-04,86.36000061035156,20.399999618530273,66.05716705322266,,,5.343999862670898,88.8931884765625,45.24470901489258,11.723999977111816,31.163572311401367,24.21500015258789,,,42.86000061035156,64.83999633789062
2016-02-05,79.19999694824219,20.0,57.51496124267578,,,5.021999835968018,84.33599090576172,43.64373016357422,10.461999893188477,30.522336959838867,21.251667022705078,,,41.65999984741211,54.2400016784668
2016-02-08,74.94000244140625,19.600000381469727,53.13080978393555,,,4.8460001945495605,83.53662872314453,42.991180419921875,9.428000450134277,30.445398330688477,19.281667709350586,,,41.31999969482422,48.970001220703125
2016-02-09,73.8499984741211,19.81999969482422,56.35503387451172,,,4.76800012588501,82.81078338623047,42.878074645996094,9.704000473022461,29.992273330688477,19.676666259765625,,,40.959999084472656,48.900001525878906
2016-02-10,75.52999877929688,20.440000534057617,57.76070785522461,,,4.7820000648498535,82.93022918701172,43.252193450927734,9.998000144958496,30.09485626220703,20.06999969482422,,,41.369998931884766,49.959999084472656
2016-02-11,74.94000244140625,20.149999618530273,58.232547760009766,,,4.765999794006348,83.98684692382812,43.234806060791016,9.805999755859375,29.787065505981445,20.72833251953125,,,41.34000015258789,50.33000183105469
2016-02-12,76.66999816894531,20.280000686645508,58.665061950683594,,,4.822000026702881,86.88104248046875,43.939579010009766,10.015999794006348,30.385555267333984,20.623332977294922,,,41.91999816894531,49.25
2016-02-16,78.87999725341797,20.610000610351562,58.704383850097656,,,5.084000110626221,87.61604309082031,44.77208709716797,10.407999992370605,30.522336959838867,21.290000915527344,,,42.959999084472656,50.529998779296875
2016-02-17,81.8499984741211,20.950000762939453,62.41027069091797,,,5.236000061035156,90.37245178222656,45.937625885009766,11.052000045776367,31.317466735839844,22.11166763305664,,,43.61000061035156,54.779998779296875
2016-02-18,80.52999877929688,20.780000686645508,60.650718688964844,,,5.118000030517578,88.63591766357422,45.73606491088867,10.85200023651123,31.317466735839844,20.510000228881836,,,44.0,54.040000915527344
2016-02-19,80.87000274658203,20.950000762939453,61.08323669433594,,,5.2179999351501465,89.29743957519531,45.41183090209961,10.947999954223633,31.445711135864258,21.19333267211914,,,44.47999954223633,57.119998931884766
2016-02-22,83.80000305175781,21.25,62.891937255859375,,,5.314000129699707,90.27136993408203,46.13917541503906,10.937999725341797,31.727853775024414,21.690000534057617,,,44.720001220703125,57.31999969482422
2016-02-23,83.06999969482422,21.100000381469727,61.83031463623047,,,5.309999942779541,89.45365905761719,44.85095977783203,10.60200023651123,31.249059677124023,21.251667022705078,,,44.099998474121094,56.529998779296875
2016-02-24,83.41999816894531,21.299999237060547,61.45676803588867,,,5.460000038146973,90.80431365966797,45.008689880371094,10.510000228881836,31.317466735839844,21.323333740234375,,,44.220001220703125,57.560001373291016
2016-02-25,86.68000030517578,21.610000610351562,68.23943328857422,,,5.611999988555908,91.94356536865234,45.65719223022461,10.831999778747559,31.881746292114258,23.38166618347168,,,44.54999923706055,59.380001068115234
2016-02-26,86.5999984741211,21.6299991607666,68.53430938720703,,,5.622000217437744,87.97441101074219,44.95612335205078,11.10200023651123,31.599599838256836,24.59833335876465,,,45.20000076293945,59.52000045776367
2016-02-29,85.1500015258789,21.549999237060547,66.59780883789062,,,5.679999828338623,88.7921142578125,44.58805847167969,10.998000144958496,31.445711135864258,24.13166618347168,,,44.75,60.45000076293945
2016-03-01,88.37000274658203,21.969999313354492,68.82921600341797,,,5.921999931335449,90.83182525634766,46.077842712402344,11.569999694824219,32.480224609375,24.773332595825195,,,45.880001068115234,71.73999786376953
2016-03-02,88.38999938964844,22.170000076293945,69.23224639892578,,,5.869999885559082,90.62051391601562,46.402061462402344,11.531999588012695,32.28358840942383,24.68666648864746,,,45.88999938964844,71.91000366210938
2016-03-03,87.20999908447266,22.15999984741211,69.59595489501953,,,5.754000186920166,89.77523040771484,45.87627410888672,11.67199993133545,32.39472198486328,25.336666107177734,,,45.869998931884766,74.30000305175781
2016-03-04,86.18000030517578,22.299999237060547,69.85154724121094,,,5.702000141143799,91.1258544921875,45.595863342285156,11.699999809265137,32.39472198486328,25.161666870117188,,,46.220001220703125,73.11000061035156
2016-03-07,85.11000061035156,22.270000457763672,69.29122161865234,,,5.684000015258789,91.30962371826172,44.719512939453125,11.644000053405762,32.796546936035156,25.739999771118164,,,46.130001068115234,72.55000305175781
2016-03-08,84.3499984741211,21.940000534057617,68.63262176513672,,,5.438000202178955,91.2085189819336,45.262847900390625,12.067999839782715,32.61701583862305,25.43833351135254,,,45.630001068115234,71.2300033569336
2016-03-09,85.2699966430664,22.010000228881836,69.83187103271484,,,5.533999919891357,91.3923110961914,46.305686950683594,12.097999572753906,32.89915466308594,25.524999618530273,,,45.779998779296875,72.87999725341797
2016-03-10,84.8499984741211,22.239999771118164,69.49765014648438,,,5.5,90.06005096435547,45.613380432128906,12.144000053405762,32.53151321411133,25.125,,,45.52000045776367,71.69000244140625
2016-03-11,86.0,22.540000915527344,70.4118423461914,,,5.703999996185303,91.84248352050781,46.507240295410156,12.670000076293945,33.300994873046875,26.303333282470703,,,46.20000076293945,71.19000244140625
2016-03-14,87.01000213623047,22.610000610351562,70.99181365966797,,,5.6020002365112305,91.35556030273438,46.594871520996094,12.470000267028809,33.08724594116211,25.828332901000977,,,46.209999084472656,72.55000305175781
2016-03-15,86.83000183105469,22.65999984741211,70.48063659667969,,,5.519999980926514,91.26368713378906,46.96294403076172,12.329999923706055,33.12143325805664,25.55500030517578,,,46.40999984741211,70.2699966430664
2016-03-16,88.16999816894531,23.020000457763672,71.49313354492188,,,5.6579999923706055,92.14569854736328,47.62895202636719,12.473999977111816,34.38679504394531,25.78499984741211,,,46.790000915527344,71.38999938964844
2016-03-17,89.95999908447266,23.170000076293945,71.48331451416016,,,5.797999858856201,92.64185333251953,47.90060806274414,12.15999984741211,34.720237731933594,25.614999771118164,,,47.150001525878906,70.16000366210938
2016-03-18,93.41999816894531,23.170000076293945,71.41448974609375,,,5.739999771118164,93.72602844238281,46.87531661987305,12.029999732971191,35.46404266357422,25.954999923706055,,,47.779998779296875,72.0
2016-03-21,92.5,22.93000030517578,71.02129364013672,,,5.932000160217285,93.72602844238281,47.199546813964844,12.210000038146973,35.575199127197266,25.816667556762695,,,47.599998474121094,73.02999877929688
2016-03-22,92.55999755859375,22.93000030517578,71.61109161376953,,,5.791999816894531,93.85465240478516,47.383575439453125,12.46399974822998,35.378570556640625,26.405000686645508,,,47.939998626708984,72.0
2016-03-23,92.16000366210938,22.8799991607666,70.55928802490234,,,5.685999870300293,93.44121551513672,47.29595184326172,12.449999809265137,34.839927673339844,25.831666946411133,,,47.56999969482422,71.26000213623047
2016-03-24,92.5199966430664,23.0,71.20806884765625,,,5.705999851226807,93.61577606201172,47.50627136230469,12.338000297546387,35.02801513671875,25.954999923706055,,,47.869998931884766,72.05000305175781
2016-03-28,92.4000015258789,22.969999313354492,70.72639465332031,,,5.728000164031982,93.7628173828125,46.91912078857422,12.067999839782715,34.72877502441406,26.031667709350586,,,47.68000030517578,72.19999694824219
2016-03-29,93.22000122070312,23.59000015258789,71.07044219970703,,,5.815999984741211,94.24053192138672,47.94443130493164,12.227999687194824,34.797183990478516,26.549999237060547,,,48.27000045776367,74.33999633789062
2016-03-30,93.77999877929688,23.3700008392334,73.03643798828125,,,5.880000114440918,94.801025390625,48.24239730834961,12.21399974822998,35.02801513671875,26.998332977294922,,,48.130001068115234,76.13999938964844
2016-03-31,93.80000305175781,23.579999923706055,72.57442474365234,,,6.125999927520752,95.5636215209961,48.400146484375,12.236000061035156,34.97672653198242,27.190000534057617,,,48.439998626708984,76.83999633789062
2016-04-01,95.16000366210938,23.639999389648438,74.44212341308594,,,6.199999809265137,96.18840789794922,48.698089599609375,12.406000137329102,35.190467834472656,26.85333251953125,,,49.279998779296875,78.5999984741211
2016-04-04,94.5,23.549999237060547,74.40278625488281,,,6.199999809265137,96.43647766113281,48.57539367675781,12.855999946594238,35.11351013183594,26.93166732788086,,,48.93000030517578,78.91999816894531
2016-04-05,94.16999816894531,23.5,73.31167602539062,,,6.127999782562256,95.46255493164062,47.812984466552734,12.729999542236328,34.651832580566406,25.31999969482422,,,48.41999816894531,78.12999725341797
2016-04-06,95.4000015258789,23.459999084472656,74.294677734375,,,6.133999824523926,96.5926742553711,48.3037223815918,12.767999649047852,34.839927673339844,26.3700008392334,,,48.56999969482422,79.01000213623047
2016-04-07,93.77999877929688,23.209999084472656,74.03907775878906,,,6.070000171661377,95.06309509277344,47.725337982177734,12.803999900817871,34.17306900024414,24.933332443237305,,,48.13999938964844,77.9800033569336
2016-04-08,94.06999969482422,23.40999984741211,73.57707977294922,,,6.072000026702881,95.25657653808594,47.69029998779297,12.899999618530273,34.50648498535156,24.641666412353516,,,48.2400016784668,78.29000091552734
2016-04-11,92.94999694824219,23.229999542236328,72.8988265991211,,,5.98799991607666,94.55632781982422,47.593902587890625,12.661999702453613,34.53213882446289,23.406667709350586,,,47.869998931884766,77.02999877929688
2016-04-12,93.41999816894531,22.979999542236328,73.00694274902344,,,5.757999897003174,94.6392593383789,47.89186096191406,12.350000381469727,34.686607360839844,23.17333221435547,,,47.81999969482422,76.41000366210938
2016-04-13,94.52999877929688,23.329999923706055,74.65837097167969,,,5.958000183105469,95.1921157836914,48.50530242919922,12.753999710083008,35.45038604736328,23.68000030517578,,,48.25,78.87000274658203
2016-04-14,94.44000244140625,23.31999969482422,74.85496520996094,,,5.886000156402588,94.84196472167969,48.51405334472656,12.600000381469727,35.39028549194336,23.45166778564453,,,48.099998474121094,77.66999816894531
2016-04-15,95.16000366210938,23.459999084472656,75.01225280761719,,,5.927999973297119,94.74983215332031,48.768192291259766,12.656000137329102,35.201507568359375,23.44333267211914,,,48.380001068115234,76.80000305175781
2016-04-18,96.55000305175781,23.6299991607666,75.95591735839844,,,6.053999900817871,95.63439178466797,49.47801971435547,12.894000053405762,35.39028549194336,23.59000015258789,,,48.86000061035156,77.66000366210938
2016-04-19,96.5199966430664,23.6200008392334,74.89430236816406,,,6.004000186920166,95.75415802001953,49.41668701171875,12.734000205993652,35.23583221435547,23.3799991607666,,,49.2400016784668,75.37999725341797
2016-04-20,96.33000183105469,23.510000228881836,74.84513854980469,,,6.1579999923706055,95.58831024169922,48.71561813354492,13.022000312805176,35.270145416259766,23.385000228881836,,,48.58000183105469,76.26000213623047
2016-04-21,96.37000274658203,23.579999923706055,75.83796691894531,,,6.156000137329102,94.26148986816406,48.882137298583984,14.854000091552734,35.175750732421875,24.40833282470703,,,49.11000061035156,77.44000244140625
2016-04-22,94.79000091552734,23.739999771118164,75.17935943603516,,,6.228000164031982,94.28912353515625,45.37678146362305,14.621999740600586,34.92689895629883,24.753332138061523,,,49.04999923706055,76.94999694824219
2016-04-25,95.80000305175781,23.799999237060547,75.20885467529297,,,6.257999897003174,94.31676483154297,45.66595458984375,14.682000160217285,34.99554443359375,25.084999084472656,,,48.84000015258789,76.2300033569336
2016-04-26,96.1500015258789,23.530000686645508,74.91395568847656,,,6.190000057220459,95.75415802001953,45.078819274902344,14.531999588012695,34.88397979736328,25.133333206176758,,,48.4900016784668,76.26000213623047
2016-04-27,95.63999938964844,23.729999542236328,74.40278625488281,,,6.670000076293945,95.37640380859375,44.64064407348633,14.630000114440918,35.05561065673828,26.001667022705078,,,48.61000061035156,75.93000030517578
2016-04-28,93.63999938964844,23.350000381469727,74.09806823730469,,,6.466000080108643,93.40457153320312,43.72925567626953,14.27400016784668,34.609375,25.239999771118164,,,48.2599983215332,75.16999816894531
2016-04-29,94.22000122070312,23.190000534057617,74.51091766357422,,,6.501999855041504,92.96227264404297,43.702964782714844,14.295999526977539,34.206058502197266,25.145000457763672,,,47.52000045776367,74.9800033569336
2016-05-02,94.9000015258789,23.540000915527344,75.93626403808594,,,6.572000026702881,94.17852783203125,44.3514518737793,14.404000282287598,34.58362579345703,25.31333351135254,,,48.68000030517578,75.44999694824219
2016-05-03,93.66000366210938,23.360000610351562,73.626220703125,,,6.429999828338623,93.43220520019531,43.62409591674805,13.968000411987305,34.05158615112305,24.501667022705078,,,48.310001373291016,72.4000015258789
2016-05-04,92.94000244140625,23.139999389648438,72.731689453125,,,6.432000160217285,92.04084777832031,43.702964782714844,13.522000312805176,33.71689987182617,23.678333282470703,,,47.810001373291016,71.2699966430664
2016-05-05,93.5,23.059999465942383,72.55475616455078,,,6.4120001792907715,92.51078796386719,43.764305114746094,13.557999610900879,33.66539001464844,23.448333740234375,,,47.45000076293945,71.5199966430664
2016-05-06,94.30000305175781,23.350000381469727,72.9872817993164,,,6.3979997634887695,93.1004638671875,44.158653259277344,13.456000328063965,33.819862365722656,22.690000534057617,,,47.86000061035156,70.97000122070312
2016-05-09,94.61000061035156,23.610000610351562,73.35098266601562,,,6.4120001792907715,93.68098449707031,43.87823486328125,13.486000061035156,33.776954650878906,23.208332061767578,,,47.9900016784668,70.2300033569336
2016-05-10,96.5199966430664,23.639999389648438,74.6288833618164,,,6.553999900817871,94.72220611572266,44.71074676513672,13.706000328063965,34.34334182739258,23.406667709350586,,,48.66999816894531,72.61000061035156
2016-05-11,96.0999984741211,23.600000381469727,74.5010986328125,,,6.495999813079834,94.27986907958984,44.737037658691406,13.727999687194824,34.025821685791016,23.248332977294922,,,48.20000076293945,71.61000061035156
2016-05-12,95.95999908447266,23.450000762939453,74.59939575195312,,,6.443999767303467,94.17852783203125,45.1401481628418,13.494000434875488,34.17171096801758,21.588333129882812,,,48.470001220703125,71.05000305175781
2016-05-13,95.97000122070312,23.68000030517578,75.07122802734375,,,6.466000080108643,94.01268768310547,44.76333236694336,13.48799991607666,33.99150085449219,21.828332901000977,,,47.90999984741211,70.6500015258789
2016-05-16,97.2300033569336,23.950000762939453,75.99523162841797,,,6.52400016784668,95.57910919189453,45.42059326171875,14.0600004196167,34.300445556640625,22.456666946411133,,,48.61000061035156,72.41000366210938
2016-05-17,95.93000030517578,23.559999465942383,75.46443939208984,,,6.546000003814697,94.12322998046875,44.57341766357422,13.899999618530273,33.98291778564453,22.344999313354492,,,47.779998779296875,71.83000183105469
2016-05-18,96.69999694824219,23.920000076293945,76.54572296142578,,,6.564000129699707,94.63004302978516,44.83815383911133,14.005999565124512,33.87134552001953,22.791667938232422,,,48.36000061035156,72.72000122070312
2016-05-19,95.87999725341797,23.770000457763672,79.71096801757812,,,6.664000034332275,93.45062255859375,44.4057502746582,13.949999809265137,33.330718994140625,23.20166778564453,,,48.7400016784668,73.58000183105469
2016-05-20,96.87999725341797,24.549999237060547,79.64215087890625,,,6.742000102996826,94.93409729003906,44.67049789428711,14.0,33.819862365722656,23.626667022705078,,,49.91999816894531,75.26000213623047
2016-05-23,96.62000274658203,24.3799991607666,80.340087890625,,,6.734000205993652,96.399169921875,44.14982223510742,14.045999526977539,33.62248992919922,23.9950008392334,,,49.79999923706055,75.19000244140625
2016-05-24,99.62999725341797,25.209999084472656,81.34273529052734,,,6.834000110626221,98.87779998779297,45.5264778137207,14.196000099182129,34.240360260009766,24.351667404174805,,,51.18000030517578,76.94000244140625
2016-05-25,99.61000061035156,24.940000534057617,82.14879608154297,,,6.866000175476074,96.76773834228516,45.994178771972656,14.152000427246094,34.43773651123047,24.281667709350586,,,51.27000045776367,77.81999969482422
2016-05-26,99.37000274658203,24.93000030517578,81.93252563476562,,,6.9120001792907715,98.43553924560547,45.791221618652344,14.010000228881836,34.28327560424805,24.696666717529297,,,51.34000015258789,78.0
2016-05-27,100.13999938964844,25.049999237060547,82.34538269042969,,,6.794000148773193,99.41222381591797,46.17067337036133,14.145999908447266,34.38624954223633,21.643333435058594,,,51.75,76.02999877929688
2016-05-31,99.47000122070312,24.719999313354492,82.2863998413086,,,6.8420000076293945,98.27887725830078,46.77075958251953,14.326000213623047,34.49781799316406,21.74333381652832,,,51.66999816894531,75.83999633789062
2016-06-01,100.04000091552734,24.739999771118164,82.03083038330078,,,6.9019999504089355,98.77643585205078,46.638389587402344,14.633999824523926,34.54930877685547,22.411666870117188,,,51.97999954223633,77.37999725341797
2016-06-02,100.16999816894531,24.729999542236328,81.82438659667969,,,6.934000015258789,99.62416076660156,46.311866760253906,14.845999717712402,33.17625045776367,23.454999923706055,,,52.400001525878906,78.18000030517578
2016-06-03,98.69999694824219,24.700000762939453,81.14612579345703,,,6.920000076293945,99.00676727294922,45.70298385620117,14.706000328063965,33.553836822509766,23.273332595825195,,,52.029998779296875,80.13999938964844
2016-06-06,99.12000274658203,24.8799991607666,81.42137908935547,,,6.920000076293945,99.63336944580078,46.003021240234375,15.01200008392334,33.845611572265625,23.266666412353516,,,52.470001220703125,81.83999633789062
2016-06-07,98.5199966430664,24.860000610351562,81.72610473632812,,,6.894000053405762,99.92823791503906,45.976539611816406,15.204000473022461,33.57959747314453,22.876667022705078,,,52.7599983215332,81.31999969482422
2016-06-08,98.68000030517578,24.8799991607666,81.93252563476562,,,6.955999851226807,98.98836517333984,45.92360305786133,15.407999992370605,33.70830535888672,22.828332901000977,,,53.439998626708984,80.45999908447266
2016-06-09,98.06999969482422,24.860000610351562,81.32307434082031,,,6.892000198364258,99.0712890625,45.55295944213867,15.112000465393066,33.51093673706055,22.47333335876465,,,53.08000183105469,79.88999938964844
2016-06-10,97.08999633789062,24.700000762939453,80.43836975097656,,,6.739999771118164,98.07617950439453,45.429412841796875,14.805999755859375,33.24490737915039,21.876667022705078,,,52.5,77.62999725341797
2016-06-13,96.95999908447266,24.59000015258789,80.10417175292969,,,6.789999961853027,97.35745239257812,44.24689483642578,14.541999816894531,33.14192581176758,21.95166778564453,,,52.13999938964844,78.88999938964844
2016-06-14,96.9800033569336,24.389999389648438,79.71096801757812,,,6.75,97.87345123291016,43.97333908081055,14.595999717712402,33.32215881347656,21.706666946411133,,,52.16999816894531,80.8499984741211
2016-06-15,97.0199966430664,24.350000381469727,80.59564971923828,,,6.811999797821045,97.92874908447266,43.84978485107422,14.894000053405762,32.987449645996094,21.844999313354492,,,52.529998779296875,80.2300033569336
2016-06-16,97.19000244140625,24.399999618530273,80.25160217285156,,,6.673999786376953,98.1222152709961,44.46751403808594,14.736000061035156,33.15909957885742,21.65999984741211,,,52.52000045776367,79.30000305175781
2016-06-17,95.58000183105469,24.260000228881836,79.13099670410156,,,6.668000221252441,97.08100891113281,44.23808288574219,14.413999557495117,34.05158615112305,21.383333206176758,,,52.459999084472656,78.5999984741211
2016-06-20,97.98999786376953,24.479999542236328,79.83873748779297,,,6.708000183105469,98.91462707519531,44.18513488769531,14.520000457763672,34.094486236572266,21.360000610351562,,,53.119998931884766,79.33000183105469
2016-06-21,99.72000122070312,24.440000534057617,80.24178314208984,,,6.751999855041504,99.42144775390625,45.17348861694336,14.545999526977539,34.31761169433594,21.145000457763672,,,53.09000015258789,79.41000366210938
2016-06-22,94.01000213623047,24.290000915527344,79.24896240234375,,,6.665999889373779,98.08535766601562,44.997005462646484,14.383999824523926,34.33476638793945,20.758333206176758,,,53.13999938964844,78.20999908447266
2016-06-23,96.20999908447266,24.6200008392334,80.88072967529297,,,6.863999843597412,100.38893127441406,45.80886459350586,15.03600025177002,35.038455963134766,21.108333587646484,,,53.93000030517578,80.33000183105469
2016-06-24,92.19999694824219,23.780000686645508,77.12569427490234,,,6.381999969482422,97.05339813232422,43.97333908081055,14.065999984741211,33.66539001464844,20.296667098999023,,,52.08000183105469,74.02999877929688
2016-06-27,90.8499984741211,23.06999969482422,74.77632141113281,,,5.99399995803833,95.99376678466797,42.73788833618164,12.734000205993652,33.02177429199219,19.459999084472656,,,51.33000183105469,69.45999908447266
2016-06-28,92.45999908447266,23.600000381469727,76.23117065429688,,,6.026000022888184,97.6615219116211,43.629173278808594,13.026000022888184,33.57959747314453,19.73666763305664,,,52.11000061035156,70.72000122070312
2016-06-29,94.38999938964844,23.950000762939453,77.656494140625,,,6.21999979019165,100.70223236083984,44.59989547729492,13.288000106811523,34.79816436767578,20.53333282470703,,,53.0,73.88999938964844
2016-06-30,95.79000091552734,24.299999237060547,78.05953979492188,,,6.317999839782715,102.83992767333984,45.15584182739258,13.279999732971191,35.1242561340332,20.440000534057617,,,54.08000183105469,74.66999816894531
2016-07-01,95.31999969482422,24.3799991607666,78.4723892211914,,,6.335999965667725,103.11636352539062,45.147010803222656,13.241999626159668,35.19317626953125,20.178333282470703,,,53.77000045776367,74.33999633789062
2016-07-05,94.7300033569336,24.399999618530273,77.33211517333984,,,6.314000129699707,103.88111114501953,45.15584182739258,13.053999900817871,34.7969856262207,19.81333351135254,,,53.560001373291016,72.6500015258789
2016-07-06,95.18000030517578,24.440000534057617,77.16499328613281,,,6.335999965667725,104.37867736816406,45.341163635253906,13.065999984741211,34.908935546875,19.9950008392334,,,53.7400016784668,72.5999984741211
2016-07-07,95.13999938964844,24.579999923706055,77.42059326171875,,,6.420000076293945,105.2724838256836,45.341163635253906,13.001999855041504,34.908935546875,20.27166748046875,,,53.81999969482422,73.79000091552734
2016-07-08,96.79000091552734,25.049999237060547,79.51436614990234,,,6.691999912261963,106.68595123291016,46.15303039550781,13.824000358581543,35.20178985595703,20.989999771118164,,,54.25,75.70999908447266
2016-07-11,97.13999938964844,25.3799991607666,80.27127075195312,,,6.7220001220703125,106.82453155517578,46.4089469909668,13.770000457763672,35.1242561340332,21.336666107177734,,,54.66999816894531,77.56999969482422
2016-07-12,97.54000091552734,25.579999923706055,80.53667449951172,,,6.77400016784668,107.4804458618164,46.9560661315918,14.092000007629395,35.67551040649414,21.148332595825195,,,54.90999984741211,80.4800033569336
2016-07-13,97.33999633789062,25.510000228881836,79.94689178466797,,,6.763999938964844,107.09243774414062,47.22081756591797,14.029999732971191,35.7099609375,21.22333335876465,,,54.869998931884766,79.7300033569336
2016-07-14,97.69999694824219,25.729999542236328,80.17295837402344,,,6.797999858856201,107.52664184570312,47.423789978027344,14.031999588012695,35.890846252441406,20.77166748046875,,,54.790000915527344,79.94000244140625
2016-07-15,97.83000183105469,25.579999923706055,80.01568603515625,,,6.823999881744385,106.22404479980469,47.38848876953125,14.204000473022461,35.97696304321289,20.61166763305664,,,54.41999816894531,78.8499984741211
2016-07-18,97.79000091552734,25.65999984741211,80.24178314208984,,,6.826000213623047,106.47346496582031,47.617916107177734,13.965999603271484,35.8650016784668,20.671667098999023,,,54.310001373291016,78.41000366210938
2016-07-19,97.79000091552734,25.899999618530273,79.9862060546875,,,6.7779998779296875,106.03926849365234,46.85017776489258,13.998000144958496,35.382659912109375,20.90999984741211,,,54.58000183105469,78.95999908447266
2016-07-20,98.4000015258789,26.110000610351562,80.74311065673828,,,6.984000205993652,106.04850769042969,49.338741302490234,14.529999732971191,35.529090881347656,21.584999084472656,,,54.880001068115234,79.81999969482422
2016-07-21,96.33999633789062,25.84000015258789,80.31058502197266,,,6.941999912261963,104.5703353881836,49.241676330566406,14.210000038146973,35.374053955078125,21.100000381469727,,,54.45000076293945,78.18000030517578
2016-07-22,98.05999755859375,26.06999969482422,81.14612579345703,,,7.1519999504089355,105.37408447265625,49.921165466308594,14.534000396728516,35.382659912109375,21.581666946411133,,,54.810001373291016,79.97000122070312
2016-07-25,97.31999969482422,26.1299991607666,80.79225158691406,,,7.314000129699707,105.27249145507812,50.06235885620117,14.711999893188477,35.45157241821289,21.920000076293945,,,54.619998931884766,80.02999877929688
2016-07-26,97.91000366210938,24.260000228881836,80.36956787109375,,,7.297999858856201,104.96757507324219,50.08885192871094,14.668000221252441,35.2620735168457,22.15999984741211,,,54.16999816894531,80.0999984741211
2016-07-27,97.93000030517578,24.18000030517578,80.11398315429688,,,7.329999923706055,103.9698486328125,49.58582305908203,14.595999717712402,35.253456115722656,21.844999313354492,,,54.029998779296875,81.23999786376953
2016-07-28,98.44000244140625,24.010000228881836,80.92988586425781,,,7.434000015258789,103.50791931152344,49.603485107421875,15.276000022888184,35.4774055480957,22.11166763305664,,,54.310001373291016,83.08999633789062
2016-07-29,97.86000061035156,24.049999237060547,80.40887451171875,,,6.938000202178955,102.537841796875,50.01823806762695,14.984000205993652,35.34820556640625,21.815000534057617,,,54.15999984741211,83.33999633789062
2016-08-01,97.72000122070312,24.149999618530273,79.64215087890625,,,6.96999979019165,102.32537078857422,49.92998123168945,15.013999938964844,35.44294738769531,21.413333892822266,,,54.54999923706055,82.73999786376953
2016-08-02,96.05000305175781,23.950000762939453,79.13099670410156,,,6.802000045776367,100.90267181396484,49.92998123168945,14.645999908447266,35.06398391723633,21.398332595825195,,,54.130001068115234,80.38999938964844
2016-08-03,96.66999816894531,24.219999313354492,79.04252624511719,,,6.834000110626221,101.46622467041016,50.274166107177734,14.854000091552734,35.06398391723633,21.601667404174805,,,54.36000061035156,82.02999877929688
2016-08-04,97.08999633789062,24.329999923706055,79.18997955322266,,,6.76200008392334,101.53089141845703,50.644779205322266,14.98799991607666,35.22762680053711,21.906667709350586,,,54.68000030517578,82.33999633789062
2016-08-05,99.04000091552734,24.68000030517578,79.94689178466797,,,6.691999912261963,102.99980163574219,51.14779281616211,15.166000366210938,35.42573928833008,21.963333129882812,,,55.15999984741211,83.08999633789062
2016-08-08,98.48999786376953,24.690000534057617,79.78961181640625,,,6.671999931335449,103.48942565917969,51.23603820800781,14.98799991607666,35.45157241821289,21.399999618530273,,,55.130001068115234,82.62000274658203
2016-08-09,98.87000274658203,24.6299991607666,79.79943084716797,,,6.638000011444092,103.59107971191406,51.35957336425781,15.0,35.39988327026367,21.80666732788086,,,55.4900016784668,83.05000305175781
2016-08-10,100.62000274658203,24.68000030517578,78.87541961669922,,,6.584000110626221,104.2654800415039,51.20075225830078,14.90999984741211,35.39126968383789,20.844999313354492,,,55.75,82.51000213623047
2016-08-11,101.66999816894531,24.799999237060547,80.0943374633789,,,6.570000171661377,104.53337860107422,51.44784164428711,15.218000411987305,35.554931640625,20.911666870117188,,,55.880001068115234,83.6500015258789
2016-08-12,101.04000091552734,24.709999084472656,80.24178314208984,,,6.526000022888184,103.55410766601562,51.1301383972168,15.154000282287598,35.39126968383789,21.196666717529297,,,55.7400016784668,83.48999786376953
2016-08-15,100.93000030517578,24.75,77.57786560058594,,,6.579999923706055,104.6904525756836,51.28899383544922,15.347999572753906,35.6496696472168,21.833332061767578,,,56.060001373291016,83.6500015258789
2016-08-16,100.5999984741211,24.3700008392334,76.63419342041016,,,6.9720001220703125,103.9051742553711,51.00483703613281,14.904000282287598,35.589385986328125,22.600000381469727,,,55.86000061035156,82.25
2016-08-17,99.69999694824219,24.420000076293945,75.02207946777344,,,6.892000198364258,104.15459442138672,51.11139678955078,14.61400032043457,35.49462890625,22.683332443237305,,,55.88999938964844,80.69999694824219
2016-08-18,100.66999816894531,24.760000228881836,75.60204315185547,,,7.013999938964844,103.9698486328125,51.14692306518555,14.61400032043457,35.434356689453125,22.84833335876465,,,58.5,81.37000274658203
2016-08-19,100.31999969482422,24.989999771118164,76.162353515625,,,6.980000019073486,104.21007537841797,51.1646842956543,14.73799991607666,35.589385986328125,22.790000915527344,,,58.59000015258789,82.08000183105469
2016-08-22,100.23999786376953,24.950000762939453,75.93626403808594,,,6.986000061035156,103.9698486328125,51.20907211303711,14.277999877929688,35.50325012207031,22.92333221435547,,,58.52000045776367,79.23999786376953
2016-08-23,101.13999938964844,25.239999771118164,76.69316101074219,,,7.1539998054504395,105.17082977294922,51.40441131591797,14.52400016784668,35.744407653808594,23.684999465942383,,,58.93000030517578,79.94999694824219
2016-08-24,101.13999938964844,25.209999084472656,76.49656677246094,,,7.081999778747559,101.48468017578125,51.45770263671875,14.553999900817871,35.374053955078125,23.395000457763672,,,58.61000061035156,79.6500015258789
2016-08-25,101.69000244140625,25.43000030517578,78.7967758178711,,,7.116000175476074,101.62326049804688,51.65305709838867,14.720000267028809,35.39988327026367,23.398332595825195,,,58.7400016784668,85.33000183105469
2016-08-26,102.05999755859375,25.56999969482422,78.66898345947266,,,7.139999866485596,101.91889953613281,51.52873229980469,14.699999809265137,35.53770446777344,23.446666717529297,,,59.13999938964844,83.08000183105469
2016-08-29,102.30000305175781,25.56999969482422,78.56085205078125,,,7.133999824523926,102.32537078857422,51.59089279174805,14.678000450134277,35.580780029296875,23.581666946411133,,,59.290000915527344,83.36000061035156
2016-08-30,102.0,25.520000457763672,78.4723892211914,,,7.269999980926514,102.68570709228516,51.40441131591797,14.687999725341797,35.580780029296875,23.90833282470703,,,59.08000183105469,84.97000122070312
2016-08-31,102.30999755859375,25.440000534057617,78.0693588256836,,,7.228000164031982,102.96283721923828,51.02259826660156,14.534000396728516,35.50325012207031,22.19499969482422,,,59.290000915527344,84.79000091552734
2016-09-01,102.9000015258789,25.510000228881836,74.61905670166016,,,7.328000068664551,103.78504943847656,51.13802719116211,14.800000190734863,35.45157241821289,23.44333267211914,,,59.13999938964844,87.88999938964844
2016-09-02,103.56999969482422,25.90999984741211,73.82282257080078,,,7.366000175476074,103.53559875488281,51.20907211303711,15.248000144958496,35.529090881347656,24.196666717529297,,,59.66999816894531,88.9800033569336
2016-09-06,103.5,25.84000015258789,74.13739013671875,,,7.357999801635742,102.88892364501953,51.155792236328125,15.543999671936035,35.529090881347656,24.161666870117188,,,59.79999923706055,90.0999984741211
2016-09-07,103.0,25.979999542236328,73.7343521118164,,,7.400000095367432,103.4432601928711,51.200199127197266,15.312000274658203,35.529090881347656,24.55500030517578,,,59.93000030517578,89.27999877929688
2016-09-08,101.87999725341797,25.709999084472656,73.6065673828125,,,7.2779998779296875,102.51013946533203,50.99595642089844,15.079999923706055,35.07258224487305,24.496667861938477,,,59.709999084472656,88.7300033569336
2016-09-09,99.37999725341797,25.040000915527344,72.9381332397461,,,7.1519999504089355,100.93038940429688,49.91263961791992,14.715999603271484,34.478275299072266,24.06833267211914,,,58.31999969482422,87.22000122070312
2016-09-12,100.31999969482422,25.290000915527344,73.09541320800781,,,7.184000015258789,101.19828796386719,50.65854263305664,14.906000137329102,35.03814697265625,24.524999618530273,,,59.09000015258789,87.51000213623047
2016-09-13,98.7699966430664,24.6200008392334,71.8175277709961,,,7.0879998207092285,98.57456970214844,50.19678497314453,14.484000205993652,34.60747528076172,24.510000228881836,,,57.93000030517578,86.66999816894531
2016-09-14,98.79000091552734,24.389999389648438,72.56459045410156,,,7.061999797821045,99.877197265625,49.9570426940918,14.51200008392334,34.66777801513672,24.72166633605957,,,57.720001220703125,86.7300033569336
2016-09-15,99.62000274658203,24.829999923706055,72.731689453125,,,7.133999824523926,101.40155029296875,50.7828483581543,15.541999816894531,35.19317626953125,24.748332977294922,,,58.400001525878906,88.5
2016-09-16,98.93000030517578,24.229999542236328,72.04360961914062,,,7.104000091552734,100.6994400024414,50.836124420166016,15.458000183105469,33.52222442626953,24.850000381469727,,,58.0,88.93000030517578
2016-09-19,99.68000030517578,24.399999618530273,71.758544921875,,,7.1519999504089355,100.68095397949219,50.55197525024414,15.197999954223633,33.789222717285156,25.123332977294922,,,58.529998779296875,88.6500015258789
2016-09-20,100.62000274658203,24.5,71.6700668334961,,,7.084000110626221,100.67169952392578,50.4454231262207,15.055999755859375,33.65143585205078,25.011667251586914,,,58.34000015258789,88.69000244140625
2016-09-21,107.77999877929688,24.65999984741211,72.9184799194336,,,7.190000057220459,102.3438949584961,51.28899383544922,15.37600040435791,34.030399322509766,24.93666648864746,,,58.97999954223633,90.5199966430664
2016-09-22,107.91999816894531,25.079999923706055,73.32150268554688,,,7.2779998779296875,102.32537078857422,51.342262268066406,15.583999633789062,34.030399322509766,25.43000030517578,,,59.65999984741211,90.27999877929688
2016-09-23,107.47000122070312,24.809999465942383,69.19293212890625,,,7.265999794006348,101.53089141845703,50.99595642089844,15.489999771118164,33.789222717285156,25.203332901000977,,,59.380001068115234,89.51000213623047
2016-09-26,107.26000213623047,24.780000686645508,68.99633026123047,,,7.22599983215332,100.68095397949219,50.52534103393555,15.350000381469727,33.616973876953125,24.97333335876465,,,59.18000030517578,88.31999969482422
2016-09-27,109.69999694824219,25.149999618530273,68.85871124267578,,,7.2179999351501465,101.7248764038086,51.45770263671875,15.807999610900879,33.84952926635742,25.316667556762695,,,59.619998931884766,89.79000091552734
2016-09-28,109.48999786376953,25.31999969482422,70.40201568603516,,,7.260000228881836,101.78954315185547,51.52873229980469,15.954000473022461,33.97010803222656,25.760000228881836,,,59.90999984741211,90.87999725341797
2016-09-29,107.80000305175781,25.219999313354492,69.9891357421875,,,7.185999870300293,100.98579406738281,50.96931838989258,15.696000099182129,33.694488525390625,26.01333236694336,,,59.08000183105469,90.36000061035156
2016-09-30,108.54000091552734,25.530000686645508,70.116943359375,,,7.386000156402588,101.63250732421875,51.14692306518555,15.829999923706055,33.83229064941406,26.55500030517578,,,59.349998474121094,91.69000244140625
2016-10-03,108.44999694824219,25.40999984741211,69.32070922851562,,,7.388000011444092,100.84722137451172,50.98707962036133,15.913999557495117,33.58252716064453,26.51333236694336,,,58.90999984741211,91.18000030517578
2016-10-04,108.38999938964844,25.350000381469727,71.39482116699219,,,7.361999988555908,101.04126739501953,50.827232360839844,15.855999946594238,33.47916030883789,26.670000076293945,,,58.790000915527344,90.48999786376953
2016-10-05,108.80000305175781,25.469999313354492,67.25643157958984,,,7.320000171661377,100.65200805664062,51.18241500854492,15.88599967956543,33.72032165527344,26.891666412353516,,,59.650001525878906,92.05000305175781
2016-10-06,108.55999755859375,25.489999771118164,70.04813385009766,,,7.138000011444092,100.86516571044922,51.27123260498047,15.675999641418457,33.47916030883789,26.600000381469727,,,59.83000183105469,91.55999755859375
2016-10-07,108.63999938964844,25.530000686645508,69.70409393310547,,,6.998000144958496,99.57698822021484,51.32450866699219,15.704000473022461,33.470523834228516,26.65333366394043,,,59.2599983215332,91.04000091552734
2016-10-10,109.23999786376953,26.25,73.82282257080078,,,6.998000144958496,100.22571563720703,51.5376091003418,16.006000518798828,33.3927001953125,26.623332977294922,,,60.560001373291016,91.77999877929688
2016-10-11,107.37000274658203,25.65999984741211,71.18840026855469,,,6.817999839782715,99.15070343017578,50.7828483581543,15.760000228881836,32.86526107788086,25.913333892822266,,,59.56999969482422,88.29000091552734
2016-10-12,108.05000305175781,25.75,71.00164794921875,,,6.131999969482422,99.6511459350586,50.711814880371094,15.053999900817871,32.899845123291016,25.703332901000977,,,59.7599983215332,87.62000274658203
2016-10-13,108.01000213623047,25.920000076293945,69.42884826660156,,,6.23799991607666,98.97464752197266,50.54309844970703,15.07800006866455,32.8825569152832,25.226667404174805,,,59.47999954223633,87.1500015258789
2016-10-14,107.83999633789062,25.989999771118164,73.00694274902344,,,6.202000141143799,99.15070343017578,50.98707962036133,15.12399959564209,33.21112060546875,25.081666946411133,,,59.75,87.01000213623047
2016-10-17,107.48999786376953,25.950000762939453,71.5914306640625,,,6.191999912261963,99.04879760742188,50.809478759765625,14.928000450134277,33.10737609863281,24.333332061767578,,,59.75,86.08000183105469
2016-10-18,108.41999816894531,26.239999771118164,71.5324478149414,,,6.197999954223633,99.29898834228516,51.200199127197266,15.232000350952148,33.21977615356445,24.74333381652832,,,59.619998931884766,86.54000091552734
2016-10-19,108.38999938964844,26.139999389648438,71.58160400390625,,,6.2220001220703125,100.2627944946289,51.08476638793945,15.784000396728516,33.159244537353516,24.69333267211914,,,59.7599983215332,87.30000305175781
2016-10-20,109.02999877929688,25.81999969482422,71.35550689697266,,,6.265999794006348,99.99407196044922,50.836124420166016,15.770000457763672,32.9344482421875,24.75666618347168,,,59.189998626708984,88.06999969482422
2016-10-21,109.02999877929688,25.709999084472656,72.74153900146484,,,6.360000133514404,100.50375366210938,52.976139068603516,16.011999130249023,32.79609680175781,25.02833366394043,,,59.130001068115234,88.4800033569336
2016-10-24,110.80999755859375,25.739999771118164,73.78350830078125,,,6.248000144958496,101.59727478027344,54.166011810302734,16.200000762939453,33.0900764465332,25.2549991607666,,,59.45000076293945,88.54000091552734
2016-10-25,109.02999877929688,25.5,73.78350830078125,,,6.133999824523926,100.38326263427734,54.15712356567383,15.958000183105469,33.16788864135742,24.969999313354492,,,58.61000061035156,87.70999908447266
2016-10-26,107.97000122070312,25.520000457763672,73.67537689208984,,,6.035999774932861,99.91989135742188,53.83745574951172,15.779999732971191,33.12466049194336,25.241666793823242,,,58.560001373291016,86.68000030517578
2016-10-27,107.06999969482422,25.360000610351562,73.46894836425781,,,5.98199987411499,99.44727325439453,53.3668212890625,16.992000579833984,33.04685974121094,24.941667556762695,,,58.33000183105469,85.76000213623047
2016-10-28,107.5999984741211,25.3799991607666,73.8523178100586,,,6.355999946594238,100.24425506591797,53.162601470947266,17.224000930786133,33.00361251831055,25.264999389648438,,,58.369998931884766,86.19999694824219
2016-10-31,107.51000213623047,25.579999923706055,73.8818130493164,,,6.4120001792907715,100.7724838256836,53.20699691772461,17.582000732421875,33.21977615356445,25.63833236694336,,,59.310001373291016,86.68000030517578
2016-11-01,106.87000274658203,25.15999984741211,74.16687774658203,,,6.3520002365112305,99.52140045166016,53.100440979003906,17.378000259399414,33.25435256958008,25.301666259765625,,,58.29999923706055,84.95999908447266
2016-11-02,105.88999938964844,24.760000228881836,73.72453308105469,,,6.21999979019165,98.41859436035156,52.77189254760742,16.917999267578125,32.8825569152832,24.469999313354492,,,57.93000030517578,83.0999984741211
2016-11-03,107.16999816894531,24.790000915527344,72.87915802001953,,,6.159999847412109,97.862548828125,52.5765380859375,16.775999069213867,33.12466049194336,24.266666412353516,,,57.7400016784668,83.0
2016-11-04,106.19999694824219,24.93000030517578,73.10523986816406,,,6.176000118255615,97.56600189208984,52.132545471191406,16.642000198364258,33.098716735839844,24.666667938232422,,,57.650001525878906,82.7699966430664
2016-11-07,108.66000366210938,25.440000534057617,75.0024185180664,,,6.289999961853027,99.99407196044922,53.65097427368164,17.01799964904785,33.7990837097168,25.405000686645508,,,59.029998779296875,85.58999633789062
2016-11-08,108.38999938964844,25.459999084472656,75.24817657470703,,,6.265999794006348,100.41108703613281,53.69538879394531,17.100000381469727,33.83367156982422,25.488332748413086,,,59.220001220703125,85.69999694824219
2016-11-09,107.86000061035156,25.059999465942383,74.60921478271484,,,6.349999904632568,101.34703826904297,53.428985595703125,16.996000289916992,34.19681167602539,26.503332138061523,,,59.02000045776367,84.97000122070312
2016-11-10,104.08000183105469,24.84000015258789,72.37782287597656,,,6.2779998779296875,101.2265853881836,52.12368392944336,16.42799949645996,34.222755432128906,25.31833267211914,,,58.630001068115234,82.08000183105469
2016-11-11,103.68000030517578,25.329999923706055,73.32150268554688,,,6.372000217437744,103.21907043457031,52.4078369140625,16.525999069213867,34.110355377197266,26.001667022705078,,,59.630001068115234,82.73999786376953
2016-11-14,102.41999816894531,25.510000228881836,71.52262115478516,,,6.328000068664551,101.94945526123047,51.60866165161133,16.65399932861328,33.98066329956055,26.075000762939453,,,59.81999969482422,80.5199966430664
2016-11-15,103.66000366210938,25.440000534057617,72.76119232177734,,,6.432000160217285,102.77424621582031,52.62778091430664,17.124000549316406,33.868263244628906,26.575000762939453,,,60.06999969482422,81.41000366210938
2016-11-16,104.08000183105469,25.850000381469727,72.06327819824219,,,6.507999897003174,102.73716735839844,53.3250846862793,17.134000778198242,34.326515197753906,26.738332748413086,,,60.77000045776367,80.91999816894531
2016-11-17,105.80999755859375,26.479999542236328,73.91129302978516,,,6.328000068664551,105.46176147460938,54.210105895996094,17.365999221801758,34.80207824707031,27.358333587646484,,,61.4900016784668,83.13999938964844
2016-11-18,105.0199966430664,26.399999618530273,76.44740295410156,,,6.191999912261963,107.48198699951172,53.95085144042969,17.149999618530273,34.464866638183594,26.891666412353516,,,61.11000061035156,82.75
2016-11-21,105.6500015258789,26.860000610351562,74.85496520996094,,,6.133999824523926,107.19474792480469,54.406768798828125,17.309999465942383,34.490806579589844,26.843332290649414,,,61.310001373291016,83.8499984741211
2016-11-22,105.20999908447266,26.770000457763672,74.28482818603516,,,6.230000019073486,107.8990478515625,54.639198303222656,17.246000289916992,34.66374588012695,23.288333892822266,,,61.29999923706055,83.1500015258789
2016-11-23,104.20999908447266,26.489999771118164,72.69239044189453,,,6.168000221252441,107.333740234375,53.995548248291016,17.40999984741211,34.67237854003906,23.281667709350586,,,61.08000183105469,83.12999725341797
2016-11-25,105.0199966430664,26.760000228881836,72.47613525390625,,,6.113999843597412,107.56539916992188,54.111759185791016,17.54800033569336,34.81937789916992,23.584999084472656,,,61.560001373291016,83.63999938964844
2016-11-28,104.5,26.520000457763672,71.68972778320312,,,6.047999858856201,107.23180389404297,54.18327713012695,16.964000701904297,34.845306396484375,22.709999084472656,,,61.29999923706055,83.18000030517578
2016-11-29,104.94999694824219,26.59000015258789,71.68972778320312,,,6.047999858856201,107.64881134033203,54.61237716674805,16.68400001525879,35.06146240234375,22.26333236694336,,,61.16999816894531,84.05000305175781
2016-11-30,102.80999755859375,26.280000686645508,70.7755355834961,,,6.019999980926514,105.35053253173828,53.87039566040039,16.6299991607666,34.75019836425781,22.395000457763672,,,60.47999954223633,84.31999969482422
2016-12-01,99.51000213623047,25.18000030517578,67.2957534790039,,,5.809999942779541,105.06326293945312,52.92277526855469,15.418000221252441,33.461875915527344,21.60333251953125,,,56.84000015258789,81.5999984741211
2016-12-02,99.7300033569336,25.31999969482422,67.24661254882812,,,5.914000034332275,104.96131896972656,52.96748733520508,15.312000274658203,33.2889404296875,21.110000610351562,,,57.11000061035156,71.4000015258789
2016-12-05,101.94999694824219,25.530000686645508,69.59595489501953,,,6.044000148773193,106.47187042236328,53.83463668823242,15.973999977111816,33.6953239440918,21.491666793823242,,,57.41999816894531,73.68000030517578
2016-12-06,101.55000305175781,25.59000015258789,69.41902160644531,,,5.986000061035156,106.13825225830078,53.59325408935547,15.92199993133545,34.12763977050781,21.558332443237305,,,58.0,73.5
2016-12-07,103.36000061035156,25.959999084472656,70.55928802490234,,,6.1519999504089355,108.06584930419922,54.8626823425293,15.996000289916992,34.86259460449219,21.56166648864746,,,58.91999816894531,72.69999694824219
2016-12-08,103.5,26.18000030517578,70.63793182373047,,,6.111999988555908,109.0481948852539,54.54085922241211,16.02199935913086,34.88853454589844,21.773332595825195,,,59.310001373291016,71.80999755859375
2016-12-09,104.30999755859375,25.950000762939453,69.95964813232422,,,6.138000011444092,108.40874481201172,55.39906692504883,15.880000114440918,35.0355339050293,21.678333282470703,,,58.900001525878906,70.6500015258789
2016-12-12,105.16000366210938,25.850000381469727,69.18309783935547,,,5.99399995803833,107.52833557128906,55.57787322998047,15.576000213623047,35.026885986328125,21.29833221435547,,,59.91999816894531,70.0199966430664
2016-12-13,106.1500015258789,25.829999923706055,70.3921890258789,,,6.110000133514404,109.15938568115234,56.30198669433594,15.878000259399414,35.24305725097656,21.540000915527344,,,60.279998779296875,70.55999755859375
2016-12-14,105.80999755859375,25.65999984741211,70.116943359375,,,5.943999767303467,109.0481948852539,56.03378677368164,15.789999961853027,35.3468132019043,21.36833381652832,,,59.959999084472656,68.91999816894531
2016-12-15,105.0999984741211,25.530000686645508,69.03565979003906,,,5.992000102996826,109.15013122558594,55.944393157958984,15.88599967956543,35.32951354980469,21.501667022705078,,,60.369998931884766,69.41000366210938
2016-12-16,103.55000305175781,25.540000915527344,68.67195129394531,,,5.953999996185303,108.71454620361328,55.69408416748047,15.571999549865723,33.80772399902344,21.553333282470703,,,60.11000061035156,69.0
2016-12-19,105.29000091552734,25.690000534057617,68.32788848876953,,,5.958000183105469,109.49301147460938,56.87411117553711,15.5,33.634796142578125,21.406667709350586,,,60.369998931884766,69.12999725341797
2016-12-20,105.7699966430664,25.920000076293945,68.67195129394531,,,5.935999870300293,109.7154541015625,56.80259704589844,15.65999984741211,33.72126770019531,21.053333282470703,,,60.41999816894531,68.66000366210938
2016-12-21,105.51000213623047,25.780000686645508,68.91769409179688,,,5.909999847412109,109.06670379638672,56.80259704589844,15.449999809265137,33.57429885864258,21.018333435058594,,,60.099998474121094,67.9000015258789
2016-12-22,104.72000122070312,25.520000457763672,68.71125793457031,,,5.7220001220703125,108.34388732910156,56.81153869628906,14.90999984741211,33.686676025390625,20.843332290649414,,,59.40999984741211,66.55000305175781
2016-12-23,105.0199966430664,25.760000228881836,68.6817855834961,,,5.834000110626221,108.35313415527344,56.53440475463867,15.204000473022461,33.53105163574219,21.233333587646484,,,59.7599983215332,67.47000122070312
2016-12-27,104.9800033569336,25.8799991607666,68.66211700439453,,,6.015999794006348,108.3345947265625,56.5701789855957,15.37600040435791,33.56563949584961,21.18166732788086,,,59.849998474121094,68.0999984741211
2016-12-28,103.7699966430664,25.389999389648438,67.91503143310547,,,6.070000171661377,107.00010681152344,56.31092834472656,15.043999671936035,33.44457244873047,20.828332901000977,,,59.220001220703125,66.93000030517578
2016-12-29,103.68000030517578,25.520000457763672,67.97401428222656,,,6.059999942779541,106.49969482421875,56.2304573059082,14.98799991607666,33.45322799682617,20.854999542236328,,,59.41999816894531,67.04000091552734
2016-12-30,102.94999694824219,25.219999313354492,67.2957534790039,,,6.02400016784668,106.21237182617188,55.55104446411133,14.868000030517578,33.24571228027344,20.84166717529297,,,58.86000061035156,66.08999633789062
2017-01-03,103.4800033569336,25.34000015258789,69.34037780761719,,,6.02400016784668,106.34213256835938,55.944393157958984,15.131999969482422,33.46271896362305,21.156667709350586,,,59.369998931884766,68.37999725341797
2017-01-04,104.13999938964844,25.56999969482422,71.56194305419922,,,6.084000110626221,106.55525970458984,55.69408416748047,15.765999794006348,33.62764358520508,21.333332061767578,,,59.56999969482422,71.36000061035156
2017-01-05,105.91000366210938,25.65999984741211,71.5521011352539,,,6.165999889373779,107.2132568359375,55.69408416748047,15.826000213623047,33.54084396362305,21.9950008392334,,,59.790000915527344,72.27999877929688
2017-01-06,108.30000305175781,25.649999618530273,72.5449447631836,,,6.202000141143799,108.61677551269531,56.17681884765625,16.420000076293945,33.375911712646484,22.508333206176758,,,60.0,73.8499984741211
2017-01-09,108.56999969482422,25.719999313354492,72.70221710205078,,,6.26200008392334,108.29143524169922,55.99803924560547,16.399999618530273,33.879371643066406,22.286666870117188,,,60.08000183105469,74.76000213623047
2017-01-10,108.26000213623047,25.770000457763672,72.72188568115234,,,6.392000198364258,107.91963958740234,55.98014450073242,16.333999633789062,33.55819320678711,22.446666717529297,,,60.689998626708984,74.3499984741211
2017-01-11,108.98999786376953,26.110000610351562,74.4814224243164,,,6.423999786376953,108.17060089111328,56.48970413208008,16.780000686645508,33.948822021484375,22.916667938232422,,,60.90999984741211,81.69999694824219
2017-01-12,108.58999633789062,25.940000534057617,73.93094635009766,,,6.369999885559082,108.78404998779297,55.97121047973633,16.691999435424805,34.02693557739258,22.726667404174805,,,60.880001068115234,80.12000274658203
2017-01-13,108.52999877929688,26.06999969482422,74.35364532470703,,,6.458000183105469,108.83982849121094,56.051673889160156,16.70599937438965,34.07902526855469,23.079999923706055,,,61.34000015258789,80.88999938964844
2017-01-17,108.0,25.799999237060547,73.74417877197266,,,6.340000152587891,107.90104675292969,55.89970016479492,16.281999588012695,33.94013595581055,23.075000762939453,,,60.7400016784668,80.98999786376953
2017-01-18,108.79000091552734,25.90999984741211,74.49126434326172,,,6.369999885559082,107.6222152709961,55.87287902832031,16.56999969482422,34.01826095581055,23.126667022705078,,,60.7599983215332,82.11000061035156
2017-01-19,109.79000091552734,25.969999313354492,74.28482818603516,,,6.46999979019165,107.77094268798828,55.69408416748047,16.540000915527344,34.03561782836914,23.65333366394043,,,60.90999984741211,82.04000091552734
2017-01-20,110.70999908447266,25.940000534057617,74.73700714111328,,,6.464000225067139,108.83982849121094,56.08742904663086,16.68000030517578,34.608524322509766,23.684999465942383,,,60.77000045776367,81.77999877929688
2017-01-23,110.97000122070312,25.670000076293945,74.86481475830078,,,6.438000202178955,108.83982849121094,56.284095764160156,16.649999618530273,34.443607330322266,23.47333335876465,,,60.83000183105469,82.08000183105469
2017-01-24,113.72000122070312,26.229999542236328,75.79864501953125,,,6.5320000648498535,110.3734359741211,56.784725189208984,16.79400062561035,34.80816650390625,23.996667861938477,,,62.40999984741211,82.62999725341797
2017-01-25,114.25,26.260000228881836,77.13552856445312,,,6.561999797821045,111.5445556640625,56.927757263183594,17.27199935913086,34.8515739440918,24.35333251953125,,,62.68000030517578,84.7300033569336
2017-01-26,112.87999725341797,25.959999084472656,76.6243667602539,,,6.513999938964844,110.1038589477539,57.45518112182617,17.895999908447266,34.8342170715332,24.258333206176758,,,62.20000076293945,84.0999984741211
2017-01-27,113.98999786376953,26.219999313354492,76.87994384765625,,,6.556000232696533,110.22468566894531,58.805076599121094,18.01799964904785,34.921016693115234,24.196666717529297,,,62.5,84.7699966430664
2017-01-30,113.81999969482422,26.1200008392334,77.37142944335938,,,6.561999797821045,110.16893005371094,58.2239990234375,18.02400016784668,34.921016693115234,24.14666748046875,,,62.619998931884766,82.70999908447266
2017-01-31,113.37999725341797,26.030000686645508,77.75479125976562,,,6.6519999504089355,110.21541595458984,57.7949104309082,18.124000549316406,34.81685256958008,24.593332290649414,,,62.88999938964844,83.08999633789062
2017-02-01,113.36000061035156,25.81999969482422,77.24364471435547,,,6.619999885559082,109.40678405761719,56.83836364746094,17.940000534057617,34.582496643066406,24.34833335876465,,,62.619998931884766,82.37999725341797
2017-02-02,113.16000366210938,28.93000030517578,78.76728820800781,,,6.636000156402588,109.51832580566406,56.47182846069336,17.77199935913086,34.704002380371094,24.261667251586914,,,64.18000030517578,82.66999816894531
2017-02-03,115.16999816894531,29.1299991607666,78.8459243774414,,,7.544000148773193,110.02021789550781,56.927757263183594,17.893999099731445,35.09463119506836,25.170000076293945,,,64.9000015258789,84.4000015258789
2017-02-06,114.45999908447266,29.3799991607666,78.39375305175781,,,7.565999984741211,109.5740737915039,56.89199447631836,18.100000381469727,34.80816650390625,24.940000534057617,,,65.16999816894531,85.37000274658203
2017-02-07,114.95999908447266,29.3799991607666,78.8459243774414,,,7.552000045776367,109.19302368164062,56.70426559448242,18.131999969482422,34.78213119506836,25.024999618530273,,,65.19999694824219,86.05000305175781
2017-02-08,116.12999725341797,29.239999771118164,79.32759094238281,,,7.484000205993652,108.32862091064453,56.62379837036133,18.01799964904785,34.73871994018555,25.315000534057617,,,64.79000091552734,85.80000305175781
2017-02-09,116.44000244140625,29.549999237060547,79.6519775390625,,,7.5980000495910645,107.90104675292969,57.2674560546875,18.459999084472656,34.921016693115234,25.915000915527344,,,65.44000244140625,86.0
2017-02-10,116.8499984741211,29.530000686645508,79.26860809326172,,,7.535999774932861,109.23948669433594,57.21382522583008,18.492000579833984,35.40712356567383,25.88166618347168,,,65.29000091552734,85.5199966430664
2017-02-13,117.6500015258789,29.81999969482422,79.53402709960938,,,7.559999942779541,110.04813385009766,57.85747528076172,18.347999572753906,35.66752243041992,26.038333892822266,,,65.9800033569336,85.41000366210938
2017-02-14,117.58000183105469,29.920000076293945,79.5438461303711,,,7.553999900817871,110.45707702636719,58.07333755493164,18.577999114990234,35.67618942260742,26.15166664123535,,,65.83999633789062,86.23999786376953
2017-02-15,118.7300033569336,30.100000381469727,80.28108978271484,,,7.590000152587891,110.55931854248047,58.03734588623047,18.79400062561035,35.94529724121094,25.891666412353516,,,66.26000213623047,87.05999755859375
2017-02-16,118.93000030517578,30.239999771118164,79.445556640625,,,7.447999954223633,110.82886505126953,58.02836608886719,18.3700008392334,36.101539611816406,25.488332748413086,,,70.66000366210938,85.5
2017-02-17,119.66999816894531,30.200000762939453,80.08450317382812,,,7.492000102996826,111.40511322021484,58.118309020996094,18.54800033569336,36.5095100402832,25.793333053588867,,,70.51000213623047,88.43000030517578
2017-02-21,119.62999725341797,30.790000915527344,80.78242492675781,,,7.47599983215332,111.4144515991211,58.001373291015625,18.63599967956543,36.691802978515625,25.96666717529297,,,70.9800033569336,88.63999938964844
2017-02-22,119.47000122070312,30.860000610351562,80.68413543701172,,,7.447999954223633,111.0054702758789,57.88445281982422,18.59600067138672,36.90012741088867,25.895000457763672,,,71.26000213623047,88.22000122070312
2017-02-23,118.83000183105469,30.780000686645508,80.6742935180664,,,7.446000099182129,112.18588256835938,58.118309020996094,18.530000686645508,37.29075241088867,25.456666946411133,,,71.22000122070312,88.19000244140625
2017-02-24,119.30999755859375,31.290000915527344,80.38923645019531,,,7.429999828338623,118.9802017211914,58.118309020996094,18.36400032043457,37.47303771972656,25.501667022705078,,,72.05999755859375,89.66000366210938
2017-02-27,118.77999877929688,31.540000915527344,80.15330505371094,,,7.48799991607666,116.97257232666016,57.767547607421875,17.549999237060547,37.065067291259766,25.65833282470703,,,72.26000213623047,90.19000244140625
2017-02-28,118.33999633789062,30.899999618530273,79.9665298461914,,,7.46999979019165,116.59152221679688,57.542686462402344,17.384000778198242,36.96958541870117,25.316667556762695,,,71.44000244140625,82.93000030517578
2017-03-01,120.3499984741211,31.309999465942383,82.38468933105469,,,7.461999893188477,115.74569702148438,58.40610122680664,17.777999877929688,37.25602340698242,19.20166778564453,,,72.23999786376953,84.94999694824219
2017-03-02,119.9000015258789,31.09000015258789,81.26409149169922,,,7.3480000495910645,116.34056854248047,57.569679260253906,17.26799964904785,37.22998809814453,19.415000915527344,,,71.01000213623047,84.0
2017-03-03,120.04000091552734,31.100000381469727,80.82174682617188,,,7.25600004196167,117.53025817871094,57.78554153442383,17.29400062561035,37.05636978149414,19.258333206176758,,,71.02999877929688,83.94000244140625
2017-03-06,120.1500015258789,31.010000228881836,81.09698486328125,,,7.26800012588501,117.20496368408203,57.80350875854492,17.25200080871582,36.952213287353516,19.108333587646484,,,70.75,82.66999816894531
2017-03-07,119.9800033569336,31.239999771118164,81.5589828491211,,,7.285999774932861,116.55435943603516,57.92041778564453,17.41200065612793,36.97825622558594,19.041667938232422,,,71.08000183105469,82.80000305175781
2017-03-08,119.5999984741211,31.329999923706055,82.0603256225586,,,7.447999954223633,116.740234375,58.451087951660156,17.45800018310547,36.98693084716797,19.09166717529297,,,71.3499984741211,82.88999938964844
2017-03-09,119.91000366210938,31.229999542236328,81.86371612548828,,,7.334000110626221,115.95948791503906,58.21723175048828,17.56599998474121,36.8393669128418,19.174999237060547,,,71.38999938964844,82.2300033569336
2017-03-10,121.08999633789062,31.399999618530273,82.08979797363281,,,7.392000198364258,116.12677001953125,58.39710235595703,17.606000900268555,37.04768753051758,19.81333351135254,,,71.83000183105469,82.6500015258789
2017-03-13,121.80000305175781,31.670000076293945,82.18809509277344,,,7.386000156402588,116.13607788085938,58.1992301940918,17.72800064086914,36.96089172363281,19.613332748413086,,,72.08999633789062,84.48999786376953
2017-03-14,121.44000244140625,31.600000381469727,82.08979797363281,,,7.331999778747559,115.54121398925781,57.92943572998047,17.493999481201172,37.143184661865234,19.440000534057617,,,70.76000213623047,83.95999908447266
2017-03-15,122.11000061035156,31.579999923706055,82.0603256225586,,,7.374000072479248,115.8758316040039,58.2352180480957,17.68199920654297,37.368873596191406,19.491666793823242,,,70.25,83.58000183105469
2017-03-16,122.3499984741211,31.6299991607666,82.09962463378906,,,7.458000183105469,115.57839965820312,58.13629150390625,17.760000228881836,39.6952018737793,19.496667861938477,,,70.76000213623047,85.04000091552734
2017-03-17,127.01000213623047,31.860000610351562,81.61795806884766,,,7.426000118255615,115.1787338256836,58.343143463134766,17.742000579833984,39.634437561035156,19.301666259765625,,,71.13999938964844,84.95999908447266
2017-03-20,126.30999755859375,31.93000030517578,81.49017333984375,,,7.395999908447266,114.69540405273438,58.39710235595703,17.621999740600586,39.26118469238281,19.145000457763672,,,71.5199966430664,85.5
2017-03-21,125.06999969482422,31.510000228881836,80.16313171386719,,,7.2220001220703125,112.51118469238281,57.749549865722656,16.785999298095703,38.92265701293945,18.516666412353516,,,70.61000061035156,81.81999969482422
2017-03-22,126.20999908447266,31.780000686645508,80.48754119873047,,,7.297999858856201,112.57626342773438,58.4870491027832,17.007999420166016,38.87925338745117,18.6200008392334,,,71.06999969482422,81.44999694824219
2017-03-23,126.87000274658203,31.729999542236328,80.13363647460938,,,7.276000022888184,111.52597045898438,58.343143463134766,16.8799991607666,39.01814270019531,18.648332595825195,,,71.22000122070312,81.47000122070312
2017-03-24,127.69999694824219,31.610000610351562,80.22211456298828,,,7.260000228881836,111.27499389648438,58.44209289550781,16.961999893188477,38.757720947265625,18.628332138061523,,,71.1500015258789,82.94999694824219
2017-03-27,128.25,31.68000030517578,80.22211456298828,,,7.26800012588501,110.0945816040039,58.55000686645508,16.974000930786133,38.92265701293945,18.633333206176758,,,71.36000061035156,82.91999816894531
2017-03-28,128.69000244140625,31.3799991607666,80.74311065673828,,,7.311999797821045,109.67633819580078,58.72090530395508,17.200000762939453,38.79245376586914,18.81166648864746,,,71.95999908447266,83.7300033569336
2017-03-29,129.5800018310547,31.520000457763672,80.9790267944336,,,7.6620001792907715,109.56480407714844,58.882781982421875,17.52199935913086,38.6448860168457,18.905000686645508,,,72.25,84.58000183105469
2017-03-30,129.61000061035156,31.350000381469727,81.15596008300781,,,7.570000171661377,107.4642333984375,59.098628997802734,17.38800048828125,38.78376770019531,18.916667938232422,,,72.20999908447266,83.69999694824219
2017-03-31,130.1300048828125,31.399999618530273,81.087158203125,,,7.670000076293945,107.8081283569336,59.23353576660156,17.493999481201172,38.723026275634766,18.780000686645508,,,72.12999725341797,83.27999877929688
2017-04-03,129.58999633789062,31.149999618530273,80.91020965576172,,,7.6519999504089355,107.97541809082031,58.95473098754883,17.243999481201172,38.723026275634766,18.503332138061523,,,72.19999694824219,82.31999969482422
2017-04-04,130.0399932861328,31.100000381469727,81.5589828491211,,,7.53000020980835,107.84528350830078,59.116615295410156,17.058000564575195,38.70564651489258,18.303333282470703,,,71.9800033569336,82.29000091552734
2017-04-05,129.88999938964844,30.850000381469727,83.88867950439453,,,7.48799991607666,108.32862091064453,58.963722229003906,17.131999969482422,38.61884307861328,18.001667022705078,,,71.44999694824219,82.4000015258789
2017-04-06,130.14999389648438,31.170000076293945,83.55445098876953,,,7.446000099182129,109.82007598876953,59.116615295410156,17.238000869750977,38.34975051879883,18.479999542236328,,,71.33999633789062,82.97000122070312
2017-04-07,130.22000122070312,31.18000030517578,82.94499969482422,,,7.484000205993652,110.4260025024414,59.07167434692383,17.20400047302246,38.445228576660156,18.700000762939453,,,71.45999908447266,82.5199966430664
2017-04-10,130.16000366210938,31.350000381469727,82.80738830566406,,,7.443999767303467,110.57518005371094,58.936737060546875,17.106000900268555,38.358062744140625,18.735000610351562,,,71.33999633789062,81.86000061035156
2017-04-11,129.9499969482422,31.479999542236328,82.43385314941406,,,7.52400016784668,110.631103515625,58.891788482666016,17.077999114990234,38.506248474121094,18.911666870117188,,,71.44000244140625,81.30999755859375
2017-04-12,129.3800048828125,31.270000457763672,81.95218658447266,,,7.49399995803833,109.8387451171875,58.66695022583008,16.898000717163086,38.51498031616211,18.89666748046875,,,70.97000122070312,83.44999694824219
2017-04-13,129.0500030517578,31.110000610351562,81.71627044677734,,,7.464000225067139,109.89466857910156,58.41509246826172,16.92799949645996,38.358062744140625,18.70166778564453,,,70.93000030517578,83.5999984741211
2017-04-17,129.99000549316406,31.3799991607666,82.76806640625,,,7.613999843597412,110.59378051757812,58.891788482666016,17.281999588012695,38.61086654663086,18.31166648864746,,,71.12999725341797,83.76000213623047
2017-04-18,129.80999755859375,32.15999984741211,82.2863998413086,,,7.703999996185303,111.25565338134766,58.81081771850586,17.520000457763672,38.811370849609375,18.18166732788086,,,71.76000213623047,83.58000183105469
2017-04-19,130.22000122070312,32.45000076293945,82.07998657226562,,,7.685999870300293,110.90140533447266,58.49604797363281,17.6299991607666,38.523685455322266,18.19333267211914,,,72.2300033569336,84.3499984741211
2017-04-20,131.4199981689453,32.77000045776367,82.6206283569336,,,7.702000141143799,110.2489013671875,58.909759521484375,17.652000427246094,38.820098876953125,18.139999389648438,,,72.55999755859375,85.70999908447266
2017-04-21,131.52000427246094,32.880001068115234,82.36505126953125,,,7.906000137329102,110.33280181884766,59.719200134277344,17.663999557495117,38.73292541503906,18.09166717529297,,,72.5999984741211,85.0
2017-04-24,132.88999938964844,33.47999954223633,82.73858642578125,,,7.98199987411499,110.7056884765625,60.73551940917969,17.884000778198242,39.09033966064453,18.303333282470703,,,73.8499984741211,86.87999725341797
2017-04-25,133.49000549316406,31.93000030517578,83.30872344970703,,,8.053999900817871,111.00395202636719,61.08625411987305,18.04800033569336,38.98574447631836,18.399999618530273,,,73.33999633789062,86.87000274658203
2017-04-26,132.7899932861328,31.75,83.50532531738281,,,7.980000019073486,107.95574951171875,61.005332946777344,18.18400001525879,38.9595832824707,18.211666107177734,,,73.25,86.62000274658203
2017-04-27,133.3800048828125,32.040000915527344,84.38999938964844,,,8.083999633789062,117.09109497070312,61.401058197021484,18.865999221801758,39.02931594848633,18.325000762939453,,,73.66000366210938,86.83000183105469
2017-04-28,133.74000549316406,32.56999969482422,84.6554183959961,,,7.800000190734863,116.7182388305664,61.571922302246094,18.895999908447266,39.19495391845703,18.06833267211914,,,73.69999694824219,87.4000015258789
2017-05-01,135.11000061035156,32.709999084472656,85.18624114990234,,,7.829999923706055,117.0071792602539,62.42637634277344,18.986000061035156,39.27341842651367,18.06999969482422,,,73.94000244140625,88.6500015258789
2017-05-02,135.0,32.790000915527344,85.6089096069336,,,7.875999927520752,117.37078857421875,62.32743453979492,18.992000579833984,39.34315872192383,18.31833267211914,,,73.75,89.3499984741211
2017-05-03,134.85000610351562,32.7599983215332,85.07810974121094,,,7.843999862670898,117.08177185058594,62.12955856323242,18.82200050354004,39.13393020629883,18.856666564941406,,,73.81999969482422,89.2699966430664
2017-05-04,134.61000061035156,32.7599983215332,85.0486068725586,,,7.888000011444092,117.40802764892578,61.8867073059082,19.20400047302246,39.639549255371094,19.273332595825195,,,74.0,90.6500015258789
2017-05-05,134.83999633789062,33.040000915527344,85.49095916748047,,,8.015999794006348,117.58515930175781,62.05760955810547,19.61400032043457,39.7354736328125,19.385000228881836,,,74.27999877929688,91.86000061035156
2017-05-08,135.1199951171875,32.83000183105469,85.38284301757812,,,7.955999851226807,117.61312103271484,62.00363540649414,19.579999923706055,39.718021392822266,19.47166633605957,,,73.80000305175781,90.26000213623047
2017-05-09,135.60000610351562,33.0,85.64823150634766,,,7.811999797821045,118.13516998291016,62.09358215332031,19.465999603271484,39.64828109741211,19.71666717529297,,,74.12000274658203,89.77999877929688
2017-05-10,136.14999389648438,32.93000030517578,85.8251724243164,,,7.849999904632568,118.4707260131836,62.33640670776367,19.29400062561035,39.691871643066406,19.30500030517578,,,74.54000091552734,90.16999816894531
2017-05-11,136.2899932861328,32.9900016784668,86.21837615966797,,,7.806000232696533,118.27495574951172,61.571922302246094,19.351999282836914,39.36931610107422,19.191667556762695,,,74.48999786376953,89.06999969482422
2017-05-12,136.83999633789062,32.88999938964844,87.5257568359375,,,7.823999881744385,117.93008422851562,61.49998474121094,19.3799991607666,39.29957580566406,19.40999984741211,,,74.41999816894531,90.88999938964844
2017-05-15,137.60000610351562,33.150001525878906,88.27283477783203,,,8.09000015258789,118.9740982055664,61.54494857788086,19.59000015258789,39.50879669189453,19.934999465942383,,,74.95999908447266,95.72000122070312
2017-05-16,138.02999877929688,33.2400016784668,88.22368621826172,,,8.194000244140625,118.8529281616211,62.78419876098633,20.035999298095703,39.4826545715332,19.77833366394043,,,75.12000274658203,96.52999877929688
2017-05-17,134.3300018310547,32.38999938964844,86.34615325927734,,,7.909999847412109,116.8487319946289,61.03841781616211,19.709999084472656,38.55857467651367,19.078332901000977,,,73.4000015258789,93.75
2017-05-18,134.5399932861328,32.31999969482422,86.25770568847656,,,7.934000015258789,116.66229248046875,61.24646759033203,19.79400062561035,38.506248474121094,18.95166778564453,,,70.93000030517578,95.44000244140625
2017-05-19,136.42999267578125,32.779998779296875,85.91365051269531,,,8.008000373840332,116.8766860961914,61.22838592529297,19.860000610351562,38.62830352783203,19.416667938232422,,,70.98999786376953,97.81999969482422
2017-05-22,138.86000061035156,33.529998779296875,87.4274673461914,,,8.097999572753906,118.5359878540039,61.91581726074219,20.34000015258789,38.90727996826172,19.518333435058594,,,72.25,99.48999786376953
2017-05-23,139.52000427246094,34.02000045776367,86.98511505126953,,,8.013999938964844,120.3910140991211,62.123863220214844,20.34000015258789,38.84626770019531,19.68666648864746,,,72.5999984741211,98.44000244140625
2017-05-24,141.1199951171875,34.27000045776367,88.07623291015625,,,7.960000038146973,128.48233032226562,62.20526885986328,20.600000381469727,39.08163833618164,19.661666870117188,,,73.02999877929688,99.41999816894531
2017-05-25,142.85000610351562,34.7599983215332,89.71783447265625,,,7.929999828338623,128.9763946533203,62.974143981933594,20.90399932861328,39.40419006347656,19.606666564941406,,,73.52999877929688,100.5
2017-05-26,141.88999938964844,34.93000030517578,89.28532409667969,,,7.8979997634887695,129.16281127929688,63.28165817260742,21.20599937438965,39.45649337768555,19.68000030517578,,,74.37000274658203,99.98999786376953
2017-05-30,142.41000366210938,34.93000030517578,89.31481170654297,,,7.829999923706055,130.55178833007812,63.6887321472168,21.07200050354004,39.595970153808594,19.5,,,74.69999694824219,99.30999755859375
2017-05-31,141.86000061035156,35.13999938964844,88.11555480957031,,,7.868000030517578,131.1017608642578,63.173126220703125,20.93000030517578,39.56982421875,19.764999389648438,,,74.87000274658203,99.9800033569336
2017-06-01,141.3800048828125,34.97999954223633,88.51859283447266,,,7.8420000076293945,131.74496459960938,63.40834426879883,21.302000045776367,39.91852951049805,23.165000915527344,,,74.93000030517578,101.5
2017-06-02,143.47999572753906,35.27000045776367,89.31481170654297,,,7.809999942779541,133.12457275390625,64.90984344482422,21.459999084472656,39.805198669433594,23.018333435058594,,,75.81999969482422,104.41000366210938
2017-06-05,143.58999633789062,35.52000045776367,89.82596588134766,,,7.874000072479248,132.97547912597656,65.38021087646484,21.486000061035156,40.031864166259766,23.420000076293945,,,75.76000213623047,102.87000274658203
2017-06-06,143.02999877929688,35.40999984741211,89.55072784423828,,,7.817999839782715,132.0247039794922,65.59732055664062,21.573999404907227,39.76161575317383,23.190000534057617,,,75.80999755859375,102.66000366210938
2017-06-07,143.6199951171875,35.349998474121094,89.83580017089844,,,7.840000152587891,132.3415069580078,65.47969818115234,21.63800048828125,39.578556060791016,23.338333129882812,,,76.06999969482422,102.5
2017-06-08,142.6300048828125,35.439998626708984,89.69818115234375,,,7.9039998054504395,133.03138732910156,65.08171081542969,21.93600082397461,39.595970153808594,23.203332901000977,,,76.12000274658203,102.83999633789062
2017-06-09,138.0500030517578,34.720001220703125,85.78585815429688,,,7.464000225067139,130.70091247558594,63.607303619384766,20.74799919128418,39.256004333496094,22.34000015258789,,,74.93000030517578,97.97000122070312
2017-06-12,137.25,34.22999954223633,84.71440124511719,,,7.486000061035156,130.26280212402344,63.11886215209961,20.464000701904297,39.09906768798828,22.166667938232422,,,73.88999938964844,97.3499984741211
2017-06-13,139.08999633789062,34.400001525878906,85.78585815429688,,,7.5879998207092285,130.39334106445312,63.90580749511719,20.444000244140625,39.21239471435547,22.458332061767578,,,74.66000366210938,98.66999816894531
2017-06-14,138.25,34.34000015258789,85.68756103515625,,,7.570000171661377,130.6822509765625,63.56207275390625,20.43199920654297,39.0641975402832,22.31333351135254,,,74.33999633789062,98.58000183105469
2017-06-15,137.52000427246094,34.150001525878906,84.8028793334961,,,7.5279998779296875,130.5051727294922,63.227386474609375,20.25200080871582,38.950862884521484,22.00666618347168,,,74.0199966430664,98.2699966430664
2017-06-16,137.83999633789062,34.18000030517578,84.53746795654297,,,7.565999984741211,130.02978515625,63.317848205566406,20.239999771118164,39.30828857421875,21.93166732788086,,,73.77999877929688,98.38999938964844
2017-06-19,140.35000610351562,34.2599983215332,86.05125427246094,,,7.599999904632568,131.20428466796875,64.10480499267578,20.719999313354492,39.86622619628906,22.356666564941406,,,74.70999908447266,100.20999908447266
2017-06-20,140.91000366210938,34.09000015258789,85.44181060791016,,,7.49399995803833,130.66360473632812,63.236446380615234,20.601999282836914,39.96211624145508,22.05500030517578,,,74.61000061035156,98.94000244140625
2017-06-21,144.24000549316406,34.27000045776367,86.0709228515625,,,7.546000003814697,130.7382049560547,63.56207275390625,21.124000549316406,40.3892936706543,22.156667709350586,,,74.6500015258789,102.23999786376953
2017-06-22,143.69000244140625,34.279998779296875,86.9654541015625,,,7.558000087738037,130.49583435058594,63.55303955078125,21.38599967956543,43.85023880004883,22.676666259765625,,,74.58999633789062,102.83000183105469
2017-06-23,145.41000366210938,34.2599983215332,87.11289978027344,,,7.6579999923706055,130.87806701660156,64.41239166259766,21.558000564575195,44.41687774658203,23.06833267211914,,,74.36000061035156,103.33000183105469
2017-06-26,144.9600067138672,34.29999923706055,86.61157989501953,,,7.565999984741211,129.013671875,63.797264099121094,21.670000076293945,44.33843994140625,22.851667404174805,,,74.5199966430664,102.2300033569336
2017-06-27,142.5399932861328,33.689998626708984,86.18888092041016,,,7.440000057220459,126.11457824707031,62.603271484375,21.354000091552734,44.24252700805664,22.496667861938477,,,73.6500015258789,98.36000061035156
2017-06-28,143.80999755859375,34.09000015258789,86.5919189453125,,,7.546000003814697,126.18916320800781,63.136966705322266,21.761999130249023,44.34714889526367,22.698333740234375,,,74.26000213623047,98.94000244140625
2017-06-29,141.24000549316406,33.439998626708984,85.3238525390625,,,7.547999858856201,124.07313537597656,61.952003479003906,21.163999557495117,43.763057708740234,22.450000762939453,,,72.97000122070312,96.44999694824219
2017-06-30,141.44000244140625,33.4900016784668,85.12725067138672,,,7.48799991607666,123.80282592773438,62.35000228881836,21.200000762939453,43.710750579833984,22.301666259765625,,,72.93000030517578,97.0
2017-07-03,138.41000366210938,33.06999969482422,84.6357421875,,,7.426000118255615,122.74945831298828,61.66255569458008,20.715999603271484,43.030765533447266,22.155000686645508,,,72.12000274658203,95.52999877929688
2017-07-05,141.2100067138672,33.27000045776367,86.01195526123047,,,7.72599983215332,123.0290756225586,62.48569869995117,21.02199935913086,43.11793899536133,22.30500030517578,,,72.73999786376953,96.94999694824219
2017-07-06,140.75,33.279998779296875,85.37300109863281,,,7.5960001945495605,122.52439880371094,62.024356842041016,20.908000946044922,42.58617401123047,22.106666564941406,,,72.52999877929688,95.63999938964844
2017-07-07,142.22000122070312,33.66999816894531,86.42479705810547,,,7.697999954223633,123.27207946777344,62.82939910888672,21.257999420166016,43.022037506103516,22.691667556762695,,,73.1500015258789,97.0999984741211
2017-07-10,143.33999633789062,33.900001525878906,86.99493408203125,,,7.699999809265137,123.24405670166016,63.29978942871094,21.63800048828125,43.25743103027344,22.928333282470703,,,73.5,98.41000366210938
2017-07-11,142.92999267578125,34.150001525878906,86.84749603271484,,,7.776000022888184,123.70201110839844,63.30879211425781,21.84000015258789,43.484092712402344,23.143333435058594,,,73.54000091552734,99.37999725341797
2017-07-12,145.91000366210938,34.72999954223633,88.86264038085938,,,7.900000095367432,124.74872589111328,64.35808563232422,22.45199966430664,43.98099899291992,23.231666564941406,,,75.16000366210938,102.94999694824219
2017-07-13,145.0500030517578,34.45000076293945,88.04674530029297,,,8.013999938964844,123.7393569946289,64.91891479492188,22.246000289916992,43.893829345703125,23.5,,,74.88999938964844,102.22000122070312
2017-07-14,146.16000366210938,34.72999954223633,88.46942901611328,,,8.02400016784668,124.18800354003906,65.83248138427734,22.076000213623047,44.07688903808594,23.15999984741211,,,75.2699966430664,103.77999877929688
2017-07-17,146.39999389648438,34.709999084472656,87.7715072631836,,,8.045999526977539,124.36556243896484,66.34806060791016,22.0,44.13814926147461,23.110000610351562,,,75.63999938964844,102.88999938964844
2017-07-18,147.88999938964844,34.810001373291016,87.7518539428711,,,8.093999862670898,124.90762329101562,66.30284118652344,22.1560001373291,44.14690017700195,23.238332748413086,,,75.66000366210938,102.54000091552734
2017-07-19,148.9199981689453,35.31999969482422,88.03691101074219,,,8.220000267028809,126.34687042236328,66.80939483642578,22.02400016784668,44.6281852722168,23.461666107177734,,,76.41000366210938,102.69999694824219
2017-07-20,149.94000244140625,35.09000015258789,89.000244140625,,,8.142000198364258,126.49640655517578,67.13502502441406,21.968000411987305,44.741947174072266,23.251667022705078,,,75.81999969482422,103.12999725341797
2017-07-21,149.52000427246094,34.97999954223633,88.16472625732422,,,8.074000358581543,126.01979064941406,66.74607849121094,21.63800048828125,44.45316696166992,23.1200008392334,,,75.91000366210938,102.63999938964844
2017-07-24,149.52999877929688,35.06999969482422,88.14505004882812,,,8.109999656677246,127.33750915527344,66.57420349121094,21.59000015258789,44.41817092895508,23.241666793823242,,,76.33999633789062,103.6500015258789
2017-07-25,148.2100067138672,36.63999938964844,89.0887222290039,,,8.142000198364258,127.88893127441406,67.10789489746094,21.555999755859375,44.776939392089844,23.24333381652832,,,76.4000015258789,103.83000183105469
2017-07-26,149.77999877929688,37.18000030517578,89.52124786376953,,,8.116000175476074,128.1693572998047,66.98127746582031,21.944000244140625,44.776939392089844,23.121667861938477,,,76.69000244140625,105.19999694824219
2017-07-27,146.1999969482422,36.97999954223633,88.97075653076172,,,7.684000015258789,127.9169692993164,66.17620849609375,22.107999801635742,44.14690017700195,22.503332138061523,,,76.36000061035156,102.68000030517578
2017-07-28,146.72999572753906,37.0099983215332,89.07888793945312,,,7.49399995803833,126.76744842529297,66.06768035888672,22.329999923706055,44.01564407348633,22.28333282470703,,,76.43000030517578,103.25
2017-07-31,146.49000549316406,36.900001525878906,89.25582885742188,,,7.381999969482422,128.23477172851562,65.76012420654297,22.09000015258789,43.691871643066406,21.963333129882812,,,76.56999969482422,102.11000061035156
2017-08-01,147.36000061035156,36.720001220703125,89.66868591308594,,,7.360000133514404,128.4403533935547,65.6515884399414,22.149999618530273,43.893123626708984,22.18000030517578,,,76.7699966430664,103.51000213623047
2017-08-02,147.1300048828125,36.04999923706055,88.36131286621094,,,7.27400016784668,127.59922790527344,65.36212158203125,21.43400001525879,43.55186080932617,21.891666412353516,,,76.04000091552734,100.08000183105469
2017-08-03,147.7899932861328,36.209999084472656,88.81348419189453,,,7.28000020980835,128.1693572998047,65.26261901855469,21.423999786376953,43.95439910888672,21.958332061767578,,,76.0999984741211,100.91000366210938
2017-08-04,147.7100067138672,36.20000076293945,88.9117660522461,,,7.368000030517578,127.94502258300781,65.7420425415039,21.941999435424805,43.718116760253906,21.7450008392334,,,76.61000061035156,101.16999816894531
2017-08-07,148.44000244140625,36.630001068115234,88.96092987060547,,,7.366000175476074,127.7113265991211,65.48876190185547,21.75200080871582,43.43809509277344,21.829999923706055,,,77.1500015258789,100.80000305175781
2017-08-08,147.80999755859375,36.79999923706055,88.72501373291016,,,7.303999900817871,127.27214813232422,65.841552734375,21.535999298095703,42.96555709838867,21.606666564941406,,,76.81999969482422,101.11000061035156
2017-08-09,148.35000610351562,36.560001373291016,88.58739471435547,,,7.340000152587891,127.87027740478516,65.55205535888672,21.465999603271484,42.93055725097656,21.648332595825195,,,76.8499984741211,101.16000366210938
2017-08-10,144.9199981689453,36.189998626708984,86.1397476196289,,,7.2220001220703125,126.31884765625,64.59325408935547,20.884000778198242,42.09050369262695,21.286666870117188,,,75.6500015258789,98.13999938964844
2017-08-11,146.47000122070312,36.34000015258789,86.78850555419922,,,7.296000003814697,127.66464233398438,65.57921600341797,21.209999084472656,42.2130126953125,21.47333335876465,,,76.2699966430664,99.37999725341797
2017-08-14,149.16000366210938,37.0099983215332,88.71517181396484,,,7.409999847412109,129.8048553466797,66.56517028808594,21.579999923706055,42.74681091308594,21.823333740234375,,,77.27999877929688,102.37000274658203
2017-08-15,150.36000061035156,37.220001220703125,89.15751647949219,,,7.361999988555908,128.477783203125,66.5833511352539,21.461999893188477,42.72930145263672,21.905000686645508,,,78.2300033569336,101.9000015258789
2017-08-16,151.8000030517578,37.560001373291016,90.67133331298828,,,7.438000202178955,128.89828491210938,66.9743881225586,21.899999618530273,43.096832275390625,22.155000686645508,,,79.08999633789062,106.19999694824219
2017-08-17,148.22999572753906,36.84000015258789,89.33447265625,,,7.303999900817871,125.66463470458984,65.8376693725586,21.371999740600586,42.48427963256836,21.760000228881836,,,76.76000213623047,102.9000015258789
2017-08-18,147.97000122070312,36.95000076293945,89.21651458740234,,,7.329999923706055,125.33747100830078,65.91950225830078,21.445999145507812,42.54553985595703,21.711666107177734,,,77.22000122070312,101.4000015258789
2017-08-21,149.25999450683594,36.9900016784668,90.19950866699219,,,7.386000156402588,127.0197982788086,65.61032104492188,21.761999130249023,42.79055404663086,21.844999313354492,,,77.94999694824219,101.31999969482422
2017-08-22,152.25,37.45000076293945,91.3692626953125,,,7.504000186920166,129.11325073242188,66.52879333496094,22.082000732421875,43.10557174682617,22.07666778564453,,,78.83999633789062,104.88999938964844
2017-08-23,151.10000610351562,37.34000015258789,91.48722839355469,,,7.420000076293945,126.65531921386719,66.1286849975586,21.968000411987305,42.939308166503906,21.739999771118164,,,78.52999877929688,103.79000091552734
2017-08-24,150.80999755859375,37.18000030517578,92.54885864257812,,,7.446000099182129,126.4776611328125,66.10139465332031,22.134000778198242,43.044342041015625,21.956666946411133,,,78.55000305175781,104.37000274658203
2017-08-25,151.4499969482422,37.400001525878906,92.49971008300781,,,7.435999870300293,128.3656005859375,66.21961212158203,22.118000030517578,43.08808898925781,21.43833351135254,,,78.48999786376953,103.56999969482422
2017-08-28,151.7899932861328,37.77000045776367,92.06718444824219,,,7.452000141143799,128.87960815429688,66.22869873046875,22.381999969482422,43.08808898925781,21.546667098999023,,,78.79000091552734,103.5
2017-08-29,152.13999938964844,37.90999984741211,92.23430633544922,,,7.4720001220703125,128.9823760986328,66.42877197265625,22.350000381469727,43.27183532714844,21.68000030517578,,,78.80000305175781,104.41000366210938
2017-08-30,153.6699981689453,38.36000061035156,93.24678039550781,,,7.567999839782715,130.8141632080078,67.30174255371094,22.854000091552734,43.578102111816406,22.133333206176758,,,79.5999984741211,107.54000091552734
2017-08-31,155.16000366210938,39.290000915527344,93.86607360839844,,,7.639999866485596,132.19737243652344,67.99285125732422,23.238000869750977,44.04189682006836,22.114999771118164,,,80.41999816894531,109.69000244140625
2017-09-01,155.05999755859375,38.689998626708984,94.37723541259766,,,7.659999847412109,132.61795043945312,67.23809814453125,23.097999572753906,44.295654296875,24.44499969482422,,,80.41000366210938,108.83999633789062
2017-09-05,154.27999877929688,38.2400016784668,94.54432678222656,,,7.3480000495910645,132.28146362304688,66.93799591064453,23.229999542236328,44.56692886352539,24.0049991607666,,,80.01000213623047,108.16000366210938
2017-09-06,153.75999450683594,38.27000045776367,94.19043731689453,,,7.480000019073486,131.90769958496094,66.74703979492188,22.93600082397461,44.63692855834961,24.121667861938477,,,80.0,108.5
2017-09-07,155.47000122070312,38.43000030517578,95.08497619628906,,,7.46999979019165,131.7768096923828,67.6018295288086,23.555999755859375,45.2669792175293,23.94499969482422,,,79.79000091552734,109.81999969482422
2017-09-08,155.33999633789062,38.2400016784668,94.79007720947266,,,7.51200008392334,132.3002166748047,67.27445983886719,23.280000686645508,45.13572311401367,24.0049991607666,,,79.54000091552734,107.9000015258789
2017-09-11,156.8699951171875,37.61000061035156,96.0483169555664,,,7.6479997634887695,133.30955505371094,67.9837646484375,23.534000396728516,45.932029724121094,24.14666748046875,,,79.5999984741211,108.2699966430664
2017-09-12,156.30999755859375,37.54999923706055,95.20294189453125,,,7.696000099182129,133.06655883789062,67.91102600097656,23.25200080871582,46.177040100097656,23.926666259765625,,,79.56999969482422,106.9800033569336
2017-09-13,156.24000549316406,37.45000076293945,93.9840316772461,,,7.5879998207092285,132.76748657226562,68.39299011230469,23.209999084472656,46.20329666137695,24.023332595825195,,,79.0999984741211,107.0199966430664
2017-09-14,154.9499969482422,38.02000045776367,93.67930603027344,,,7.610000133514404,132.78616333007812,67.99285125732422,23.191999435424805,46.19455337524414,23.75,,,80.20999908447266,105.55000305175781
2017-09-15,154.49000549316406,38.27000045776367,93.02069091796875,,,7.73199987411499,132.8329315185547,68.48390197753906,23.222000122070312,42.650535583496094,23.90833282470703,,,79.80000305175781,105.04000091552734
2017-09-18,155.77000427246094,38.779998779296875,94.11181640625,,,7.7179999351501465,134.39369201660156,68.3475112915039,23.302000045776367,42.291770935058594,23.905000686645508,,,80.43000030517578,106.55999755859375
2017-09-19,156.60000610351562,38.81999969482422,93.72844696044922,,,7.708000183105469,135.83290100097656,68.60211944580078,23.336000442504883,42.038002014160156,23.81166648864746,,,81.1500015258789,106.27999877929688
2017-09-20,149.9600067138672,38.36000061035156,93.59082794189453,,,7.6479997634887695,135.48712158203125,68.1474609375,23.079999923706055,41.97673416137695,23.625,,,80.69999694824219,105.0
2017-09-21,149.3000030517578,38.43000030517578,93.24678039550781,,,7.664000034332275,135.03851318359375,67.48361206054688,23.003999710083008,41.97673416137695,23.343332290649414,,,80.05999755859375,103.83000183105469
2017-09-22,148.5,38.880001068115234,93.32542419433594,,,7.668000221252441,136.74884033203125,67.66548156738281,23.16200065612793,42.14302062988281,23.376667022705078,,,80.36000061035156,103.88999938964844
2017-09-25,144.57000732421875,38.41999816894531,90.8974380493164,,,7.510000228881836,135.2721710205078,66.6197509765625,22.368000030517578,41.97673416137695,23.040000915527344,,,79.41999816894531,100.2699966430664
2017-09-26,145.39999389648438,38.33000183105469,90.76964569091797,,,7.492000102996826,135.3002471923828,66.6197509765625,22.357999801635742,41.9329833984375,23.328332901000977,,,79.1500015258789,99.80000305175781
2017-09-27,146.42999267578125,38.91999816894531,91.62484741210938,,,7.539999961853027,134.91702270507812,67.15623474121094,23.100000381469727,42.14302062988281,23.31999969482422,,,79.83000183105469,100.72000122070312
2017-09-28,146.8300018310547,39.0,91.02522277832031,,,7.182000160217285,133.00115966796875,67.1744613647461,23.329999923706055,42.07300567626953,23.448333740234375,,,79.87999725341797,101.8499984741211
2017-09-29,149.17999267578125,39.470001220703125,91.83126068115234,,,7.168000221252441,132.84225463867188,67.7382583618164,23.506000518798828,42.30927276611328,24.016666412353516,,,80.52999877929688,105.38999938964844
2017-10-02,147.94000244140625,39.70000076293945,92.3424301147461,,,7.269999980926514,132.4684295654297,67.84735107421875,23.360000610351562,42.703060150146484,24.100000381469727,,,81.18000030517578,103.29000091552734
2017-10-03,148.60000610351562,40.060001373291016,93.73828125,,,7.3460001945495605,132.5712432861328,67.52908325195312,23.56599998474121,42.60679626464844,24.058332443237305,,,81.2699966430664,104.5199966430664
2017-10-04,147.9499969482422,40.25,93.89556121826172,,,7.374000072479248,133.33761596679688,67.92009735107422,23.61199951171875,42.79055404663086,24.008333206176758,,,81.88999938964844,105.26000213623047
2017-10-05,150.25,40.38999938964844,94.10199737548828,,,7.6579999923706055,133.51513671875,69.08409118652344,23.875999450683594,42.79930114746094,24.25,,,82.06999969482422,107.02999877929688
2017-10-06,151.1199951171875,40.68000030517578,94.68194580078125,,,7.806000232696533,135.11764526367188,69.11138153076172,24.350000381469727,42.35301971435547,24.56166648864746,,,82.4800033569336,110.2300033569336
2017-10-09,151.5,41.0099983215332,94.63279724121094,,,7.754000186920166,134.91151428222656,69.37506866455078,24.266000747680664,42.318023681640625,24.40333366394043,,,82.70999908447266,108.69000244140625
2017-10-10,152.14999389648438,41.0099983215332,93.76776885986328,,,7.690000057220459,135.11764526367188,69.37506866455078,24.191999435424805,42.35316467285156,25.086666107177734,,,82.68000030517578,108.30999755859375
2017-10-11,153.64999389648438,41.38999938964844,94.37723541259766,,,7.736000061035156,134.6303253173828,69.49331665039062,24.13599967956543,42.414649963378906,24.833332061767578,,,82.86000061035156,108.51000213623047
2017-10-12,153.61000061035156,41.81999969482422,95.09480285644531,,,7.702000141143799,136.69210815429688,70.12986755371094,24.393999099731445,42.3707275390625,24.706666946411133,,,84.73999786376953,108.63999938964844
2017-10-13,153.92999267578125,42.0,95.29141998291016,,,7.815999984741211,136.49530029296875,70.4663314819336,24.45800018310547,42.704559326171875,24.985000610351562,,,84.61000061035156,109.36000061035156
2017-10-16,150.4600067138672,41.970001220703125,95.49784088134766,,,7.788000106811523,135.64248657226562,70.61180877685547,24.280000686645508,42.9241943359375,24.834999084472656,,,84.06999969482422,107.2300033569336
2017-10-17,150.3800048828125,41.810001373291016,95.07515716552734,,,7.8520002365112305,136.35472106933594,70.55725860595703,24.549999237060547,43.214107513427734,24.90333366394043,,,83.72000122070312,107.62000274658203
2017-10-18,153.0,41.790000915527344,94.79991912841797,,,8.057999610900879,136.60775756835938,70.57545471191406,24.15399932861328,43.556724548339844,24.948333740234375,,,83.18000030517578,107.18000030517578
2017-10-19,171.72999572753906,41.810001373291016,95.53715515136719,,,8.043999671936035,137.404296875,70.8482666015625,24.16200065612793,43.354652404785156,24.88833236694336,,,83.37999725341797,106.7699966430664
2017-10-20,175.63999938964844,42.279998779296875,97.21808624267578,,,8.064000129699707,138.66944885253906,71.66665649414062,24.964000701904297,43.266815185546875,24.934999465942383,,,84.31999969482422,108.55999755859375
2017-10-23,172.16000366210938,42.150001525878906,96.76590728759766,,,8.034000396728516,138.0603485107422,71.68487548828125,24.79800033569336,43.31952667236328,24.704999923706055,,,84.27999877929688,107.75
2017-10-24,171.5800018310547,42.310001373291016,96.982177734375,,,8.0,139.27857971191406,71.71212005615234,25.17799949645996,43.908119201660156,24.873332977294922,,,84.7699966430664,107.18000030517578
2017-10-25,171.8300018310547,42.220001220703125,97.8963394165039,,,7.940000057220459,140.06582641601562,71.50301361083984,24.923999786376953,43.662139892578125,24.758333206176758,,,85.69000244140625,105.80000305175781
2017-10-26,173.75,42.720001220703125,98.34851837158203,,,8.020000457763672,141.8182830810547,71.6212387084961,25.22800064086914,44.05748748779297,24.799999237060547,,,86.80999755859375,107.12000274658203
2017-10-27,177.3300018310547,43.08000183105469,98.98746490478516,,,7.748000144958496,143.81443786621094,76.21347045898438,25.145999908447266,44.69879150390625,24.44333267211914,,,87.19000244140625,108.51000213623047
2017-10-30,176.02999877929688,42.900001525878906,98.98746490478516,,,7.900000095367432,141.9307403564453,76.28621673583984,25.010000228881836,44.52308654785156,24.594999313354492,,,86.26000213623047,108.41999816894531
2017-10-31,175.16000366210938,43.15999984741211,100.59957885742188,,,7.881999969482422,141.52777099609375,75.64058685302734,25.27400016784668,44.71635818481445,24.53333282470703,,,86.5199966430664,110.98999786376953
2017-11-01,176.25,43.0099983215332,100.21620178222656,,,7.754000186920166,141.8463592529297,75.64058685302734,24.902000427246094,44.487945556640625,23.998332977294922,,,86.12000274658203,110.2699966430664
2017-11-02,180.94000244140625,43.790000915527344,100.85514831542969,,,7.7220001220703125,142.5867462158203,76.43173217773438,24.868000030517578,44.17168426513672,23.871667861938477,,,86.94999694824219,110.5999984741211
2017-11-03,182.3000030517578,43.900001525878906,100.96329498291016,,,7.802000045776367,143.9830780029297,76.51356506347656,24.98200035095215,44.08383560180664,24.393333435058594,,,86.91999816894531,109.76000213623047
2017-11-06,180.8000030517578,44.290000915527344,100.67821502685547,,,7.849999904632568,143.0834197998047,76.81365966796875,24.945999145507812,44.27710723876953,24.661666870117188,,,87.22000122070312,108.41999816894531
2017-11-07,180.8800048828125,44.29999923706055,100.97311401367188,,,7.817999839782715,142.92408752441406,76.63178253173828,25.106000900268555,44.35617446899414,24.448333740234375,,,86.91000366210938,108.52999877929688
2017-11-08,184.05999755859375,44.06999969482422,103.24382781982422,,,7.98199987411499,143.34585571289062,76.89549255371094,25.52400016784668,44.40009307861328,24.74333381652832,,,87.06999969482422,110.87999725341797
2017-11-09,181.9199981689453,43.54999923706055,101.83815002441406,,,7.8979997634887695,142.83041381835938,76.46810913085938,25.110000610351562,43.258033752441406,23.166667938232422,,,86.9000015258789,106.1500015258789
2017-11-10,181.72000122070312,44.040000915527344,103.45026397705078,,,7.98799991607666,143.66445922851562,76.26803588867188,25.195999145507812,43.328304290771484,23.391666412353516,,,87.27999877929688,107.30999755859375
2017-11-13,181.85000610351562,44.66999816894531,103.9810791015625,,,8.069999694824219,145.15457153320312,76.32260131835938,25.006000518798828,43.39858627319336,23.11166763305664,,,87.81999969482422,106.16999816894531
2017-11-14,181.32000732421875,44.77000045776367,104.42341613769531,,,8.003999710083008,145.45440673828125,76.43173217773438,24.895999908447266,43.2228889465332,23.135000228881836,,,87.76000213623047,107.47000122070312
2017-11-15,180.0800018310547,44.31999969482422,103.63702392578125,,,7.980000019073486,144.1892547607422,75.83767700195312,24.663999557495117,42.889060974121094,23.03499984741211,,,87.62999725341797,106.61000061035156
2017-11-16,182.3000030517578,44.86000061035156,105.20983123779297,,,8.052000045776367,145.8667449951172,76.03871154785156,25.143999099731445,43.2228889465332,23.116666793823242,,,89.04000091552734,109.33999633789062
2017-11-17,182.24000549316406,44.58000183105469,105.75045776367188,,,8.062000274658203,146.71018981933594,75.30757904052734,25.507999420166016,42.99447250366211,23.786666870117188,,,88.36000061035156,111.68000030517578
2017-11-20,182.33999633789062,44.849998474121094,105.54403686523438,,,8.154000282287598,147.86289978027344,75.4263916015625,25.534000396728516,43.06475067138672,23.7549991607666,,,88.9000015258789,113.80000305175781
2017-11-21,184.14999389648438,45.33000183105469,106.94972229003906,,,8.263999938964844,142.24932861328125,76.51395416259766,25.61400032043457,42.722129821777344,24.899999618530273,,,89.37999725341797,115.29000091552734
2017-11-22,182.89999389648438,45.0,105.01321411132812,,,8.354000091552734,142.09942626953125,75.95648956298828,25.489999771118164,42.67820739746094,25.231666564941406,,,89.33999633789062,115.1500015258789
2017-11-24,184.4600067138672,45.599998474121094,105.32777404785156,,,8.381999969482422,144.23611450195312,76.09357452392578,25.65999984741211,43.055965423583984,25.106666564941406,,,90.1500015258789,116.13999938964844
2017-11-27,185.0,45.13999938964844,104.7674789428711,,,8.366000175476074,145.04205322265625,76.65107727050781,25.398000717163086,42.94175338745117,25.11166763305664,,,89.2300033569336,114.94000244140625
2017-11-28,185.39999389648438,45.189998626708984,104.6495132446289,,,8.432000160217285,145.9978790283203,77.57411193847656,25.326000213623047,43.055965423583984,24.850000381469727,,,89.80000305175781,114.76000213623047
2017-11-29,176.85000610351562,43.15999984741211,101.76933288574219,,,8.288000106811523,144.52662658691406,76.16667938232422,24.118000030517578,42.62549591064453,24.149999618530273,,,86.7699966430664,106.54000091552734
2017-11-30,181.47000122070312,43.90999984741211,102.5458984375,,,8.411999702453613,147.33811950683594,76.92524719238281,24.600000381469727,43.09989929199219,24.291667938232422,,,90.37999725341797,103.0
2017-12-01,179.52000427246094,43.720001220703125,102.06423950195312,,,8.437999725341797,146.6070556640625,77.00747680664062,24.531999588012695,43.583065032958984,23.961666107177734,,,90.31999969482422,100.5199966430664
2017-12-04,168.44000244140625,42.41999816894531,98.15192413330078,,,8.307999610900879,144.82652282714844,74.1012191772461,22.724000930786133,42.52007293701172,23.815000534057617,,,87.72000122070312,96.58000183105469
2017-12-05,167.5399932861328,42.66999816894531,98.97765350341797,,,8.220000267028809,144.76089477539062,74.56732177734375,23.239999771118164,42.15988540649414,23.803333282470703,,,87.33999633789062,99.19999694824219
2017-12-06,173.52000427246094,42.900001525878906,101.16970825195312,,,8.258000373840332,146.37281799316406,75.65486907958984,23.552000045776367,42.53763961791992,23.56166648864746,,,88.6500015258789,102.3499984741211
2017-12-07,174.61000061035156,43.54999923706055,102.3001708984375,,,8.284000396728516,145.78240966796875,75.38983154296875,24.200000762939453,42.62549591064453,23.80500030517578,,,90.33000183105469,104.19999694824219
2017-12-08,173.57000732421875,43.560001373291016,101.68086242675781,,,8.390000343322754,145.47317504882812,76.91609191894531,24.36199951171875,43.57428741455078,23.981666564941406,,,90.51000213623047,104.8499984741211
2017-12-11,174.30999755859375,43.5,102.76216888427734,,,8.444000244140625,145.8948516845703,77.89401245117188,24.618000030517578,44.33860397338867,24.02666664123535,,,89.55999755859375,104.80999755859375
2017-12-12,172.5399932861328,43.290000915527344,101.90695190429688,,,8.435999870300293,146.05419921875,78.2138671875,24.20199966430664,44.26831817626953,23.915000915527344,,,87.58000183105469,102.48999786376953
2017-12-13,176.8300018310547,43.060001373291016,102.17237091064453,,,8.529999732971191,146.6445770263672,78.0036849975586,24.673999786376953,43.96961975097656,24.145000457763672,,,88.25,101.47000122070312
2017-12-14,175.0,43.189998626708984,102.46725463867188,,,8.541999816894531,146.37281799316406,77.40047454833984,25.233999252319336,44.09260940551758,24.238332748413086,,,87.9800033569336,103.3499984741211
2017-12-15,177.50999450683594,43.68000030517578,103.68618774414062,,,8.727999687194824,149.6153564453125,79.37457275390625,25.899999618530273,42.43223571777344,24.543333053588867,,,87.86000061035156,103.47000122070312
2017-12-18,176.74000549316406,43.560001373291016,103.2929916381836,,,8.854000091552734,151.00228881835938,78.94501495361328,26.13800048828125,41.91389846801758,24.708332061767578,,,87.91999816894531,103.6500015258789
2017-12-19,174.97000122070312,43.7599983215332,102.4869155883789,,,9.017999649047852,149.8308868408203,78.44235229492188,25.992000579833984,42.01054382324219,24.823333740234375,,,88.37000274658203,102.93000030517578
2017-12-20,174.25,43.209999084472656,101.6317138671875,,,8.973999977111816,149.3341827392578,78.15904235839844,25.799999237060547,42.08082962036133,24.56999969482422,,,87.0999984741211,102.0
2017-12-21,174.55999755859375,42.47999954223633,101.85781860351562,,,8.79800033569336,148.6500701904297,78.1407699584961,25.79400062561035,41.5361442565918,24.434999465942383,,,86.4800033569336,102.88999938964844
2017-12-22,175.0,42.2599983215332,100.8846435546875,,,8.784000396728516,148.53761291503906,78.14990234375,25.83799934387207,41.606422424316406,24.358333587646484,,,85.81999969482422,102.31999969482422
2017-12-26,174.44000244140625,41.970001220703125,100.79617309570312,,,8.831999778747559,148.94056701660156,78.04936981201172,25.86400032043457,41.66792678833008,24.364999771118164,,,85.3499984741211,102.93000030517578
2017-12-27,175.36000061035156,42.25,100.90431213378906,,,8.812000274658203,148.75315856933594,78.33267974853516,26.052000045776367,41.624000549316406,24.459999084472656,,,85.70999908447266,103.05999755859375
2017-12-28,175.5500030517578,42.290000915527344,101.04192352294922,,,8.802000045776367,148.61256408691406,78.34183502197266,26.13800048828125,41.74697494506836,24.47833251953125,,,85.6500015258789,102.19999694824219
2017-12-29,175.24000549316406,41.81999969482422,100.49144744873047,,,8.73799991607666,147.86289978027344,78.17731475830078,26.077999114990234,41.5361442565918,24.156667709350586,,,85.23999786376953,101.73999786376953
2018-01-02,177.6999969482422,42.04999923706055,102.63436889648438,,,8.869999885559082,148.74378967285156,78.55201721191406,26.34600067138672,40.965110778808594,24.758333206176758,,,86.02999877929688,103.4000015258789
2018-01-03,181.0399932861328,42.93000030517578,103.49942016601562,,,9.005999565124512,149.15614318847656,78.91759490966797,26.582000732421875,41.91389846801758,24.946666717529297,,,87.05999755859375,105.16999816894531
2018-01-04,183.22000122070312,43.58000183105469,104.86577606201172,,,8.800000190734863,151.8270263671875,79.6122055053711,26.770000457763672,42.32679748535156,24.876667022705078,,,87.88999938964844,109.25
2018-01-05,185.33999633789062,43.9900016784668,106.2616195678711,,,8.819999694824219,153.7949981689453,80.5992202758789,27.00200080871582,42.58156967163086,25.4950008392334,,,88.93000030517578,109.31999969482422
2018-01-08,185.0399932861328,44.91999816894531,107.00869750976562,,,9.0,153.88870239257812,80.68147277832031,27.059999465942383,43.02960205078125,25.608333587646484,,,89.76000213623047,109.94000244140625
2018-01-09,186.6999969482422,45.06999969482422,107.29376220703125,,,8.86400032043457,154.85629272460938,80.62661743164062,27.09000015258789,43.26774215698242,25.38166618347168,,,89.69000244140625,109.69999694824219
2018-01-10,187.11000061035156,44.84000015258789,106.94972229003906,,,8.819999694824219,153.5975341796875,80.26104736328125,27.246000289916992,43.03842544555664,25.510000228881836,,,89.33999633789062,114.13999938964844
2018-01-11,188.9199981689453,44.869998931884766,107.2446060180664,,,8.85200023651123,153.11846923828125,80.49871063232422,27.516000747680664,43.17072296142578,25.69333267211914,,,89.70999908447266,114.23999786376953
2018-01-12,195.0500030517578,45.06999969482422,108.36522674560547,,,8.98799991607666,154.536865234375,81.88787078857422,27.63800048828125,43.664608001708984,25.586666107177734,,,90.37000274658203,112.9000015258789
2018-01-16,192.4600067138672,44.279998779296875,107.0381851196289,,,8.868000030517578,152.45144653320312,80.74543762207031,27.95800018310547,43.73516845703125,25.266666412353516,,,89.2699966430664,110.08999633789062
2018-01-17,196.49000549316406,44.86000061035156,108.16862487792969,,,9.017999649047852,154.33021545410156,82.38137817382812,28.158000946044922,44.33488082885742,25.704999923706055,,,90.9800033569336,112.26000213623047
2018-01-18,196.1999969482422,44.939998626708984,109.86920166015625,,,9.142000198364258,154.4335479736328,82.3448257446289,28.22599983215332,44.299617767333984,26.303333282470703,,,91.47000122070312,113.27999877929688
2018-01-19,195.72999572753906,45.599998474121094,110.02649688720703,,,9.20199966430664,157.57107543945312,82.25342559814453,28.45400047302246,44.608280181884766,26.203332901000977,,,92.61000061035156,114.11000061035156
2018-01-22,197.83999633789062,45.689998626708984,110.97016906738281,,,9.170000076293945,158.44467163085938,83.724853515625,28.780000686645508,44.72292709350586,25.645000457763672,,,92.95999908447266,115.30000305175781
2018-01-23,200.08999633789062,45.75,111.31420135498047,,,9.149999618530273,158.2474365234375,83.9898910522461,28.88599967956543,45.084529876708984,26.588333129882812,,,93.37999725341797,117.20999908447266
2018-01-24,197.77999877929688,45.380001068115234,110.93084716796875,,,9.050000190734863,157.39259338378906,83.91678619384766,29.08799934387207,45.37555694580078,26.3799991607666,,,92.83999633789062,115.87000274658203
2018-01-25,197.50999450683594,44.86000061035156,110.05596923828125,,,9.081999778747559,157.646240234375,84.38289642333984,29.107999801635742,45.50783920288086,26.213333129882812,,,91.91000366210938,115.31999969482422
2018-01-26,201.3000030517578,45.79999923706055,111.7663803100586,,,9.17199993133545,160.10736083984375,85.96397399902344,29.947999954223633,46.52208709716797,26.61833381652832,,,92.95999908447266,118.80999755859375
2018-01-29,198.22999572753906,44.560001373291016,111.37320709228516,,,9.192000389099121,158.9519805908203,85.83602905273438,29.417999267578125,45.807708740234375,26.1200008392334,,,91.27999877929688,116.5199966430664
2018-01-30,196.89999389648438,43.97999954223633,110.32139587402344,,,9.14799976348877,158.28500366210938,84.75761413574219,29.31800079345703,44.94342041015625,25.738332748413086,,,91.31999969482422,120.26000213623047
2018-01-31,199.75999450683594,44.86000061035156,111.97281646728516,,,9.208000183105469,157.7213592529297,86.83222961425781,29.77400016784668,45.49903106689453,26.31166648864746,,,92.61000061035156,119.88999938964844
2018-02-01,199.3800048828125,42.22999954223633,110.82270050048828,,,9.173999786376953,155.60780334472656,86.1467514038086,30.562000274658203,45.53432083129883,26.601667404174805,,,91.37999725341797,119.02999877929688
2018-02-02,195.63999938964844,41.099998474121094,108.89604187011719,,,8.98799991607666,153.51296997070312,83.88021850585938,29.95199966430664,44.21140670776367,25.863332748413086,,,90.16000366210938,117.48999786376953
2018-02-05,190.27000427246094,39.290000915527344,105.81928253173828,,,8.765999794006348,148.0927276611328,80.42557525634766,29.47800064086914,42.412261962890625,25.59000015258789,,,87.62000274658203,114.75
2018-02-06,194.47000122070312,39.58000183105469,107.70662689208984,,,9.307999610900879,151.11756896972656,83.46895599365234,29.804000854492188,43.567596435546875,26.093332290649414,,,87.44999694824219,116.06999969482422
2018-02-07,192.33999633789062,38.56999969482422,108.17845916748047,,,9.10200023651123,151.5120849609375,81.8969955444336,30.634000778198242,43.10017776489258,26.001667022705078,,,85.8499984741211,117.7699966430664
2018-02-08,185.16000366210938,36.81999969482422,102.2608413696289,,,8.899999618530273,143.48980712890625,77.69296264648438,28.020000457763672,41.30984115600586,25.219999313354492,,,82.62000274658203,110.97000122070312
2018-02-09,187.99000549316406,37.68000030517578,105.16067504882812,,,9.307999610900879,147.53854370117188,80.59009552001953,29.031999588012695,42.09477233886719,25.645000457763672,,,84.33999633789062,112.95999908447266
2018-02-12,192.14999389648438,38.599998474121094,106.70396423339844,,,9.295999526977539,149.71788024902344,81.45831298828125,29.447999954223633,42.46517562866211,25.875,,,85.33000183105469,115.62999725341797
2018-02-13,193.47999572753906,37.900001525878906,105.85859680175781,,,9.62399959564209,149.69911193847656,82.09805297851562,29.510000228881836,42.76503372192383,26.148332595825195,,,85.5,116.62999725341797
2018-02-14,197.1300048828125,38.630001068115234,107.16596984863281,,,9.675999641418457,153.96383666992188,83.38357543945312,29.54800033569336,43.611690521240234,26.395000457763672,,,86.62000274658203,120.70999908447266
2018-02-15,202.97000122070312,39.06999969482422,111.19625091552734,,,9.855999946594238,159.04586791992188,85.082275390625,30.507999420166016,44.661197662353516,26.764999389648438,,,88.93000030517578,124.30999755859375
2018-02-16,201.55999755859375,39.15999984741211,110.94066619873047,,,9.789999961853027,161.28158569335938,84.47627258300781,30.805999755859375,44.72292709350586,27.01333236694336,,,89.06999969482422,124.01000213623047
2018-02-20,202.97999572753906,40.16999816894531,112.40533447265625,,,9.812000274658203,163.04759216308594,85.13738250732422,31.351999282836914,43.999755859375,27.15333366394043,,,89.76000213623047,126.0199966430664
2018-02-21,202.08999633789062,39.2599983215332,112.53313446044922,,,9.821999549865723,162.81277465820312,84.00798034667969,31.516000747680664,43.59405517578125,27.399999618530273,,,88.45999908447266,125.66999816894531
2018-02-22,202.61000061035156,38.79999923706055,111.07829284667969,,,9.84000015258789,161.66673278808594,84.22834777832031,31.209999084472656,43.73516845703125,26.996667861938477,,,84.37999725341797,124.36000061035156
2018-02-23,209.74000549316406,39.7400016784668,113.00495910644531,,,9.973999977111816,161.3661346435547,86.36779022216797,32.08000183105469,44.537723541259766,27.59000015258789,,,85.23999786376953,127.33000183105469
2018-02-26,212.14999389648438,39.88999938964844,114.66619873046875,,,10.064000129699707,162.20220947265625,87.61654663085938,32.11399841308594,45.12860870361328,28.219999313354492,,,85.47000122070312,127.80000305175781
2018-02-27,208.82000732421875,39.38999938964844,114.4892807006836,,,9.989999771118164,160.02281188964844,86.496337890625,32.667999267578125,44.74056625366211,28.873332977294922,,,84.94000244140625,128.2100067138672
2018-02-28,209.1300048828125,38.77000045776367,114.27301788330078,,,10.093999862670898,156.74435424804688,86.10151672363281,32.20199966430664,44.68764877319336,28.895000457763672,,,84.66999816894531,126.66999816894531
2018-03-01,206.02999877929688,38.22999954223633,117.3989486694336,,,9.902000427246094,154.37721252441406,85.25672912597656,31.913999557495117,43.84099197387695,28.906667709350586,,,84.52999877929688,123.94999694824219
2018-03-02,209.7899932861328,39.290000915527344,119.84660339355469,,,10.092000007629395,158.60435485839844,85.44039916992188,33.33399963378906,44.37898254394531,29.461666107177734,,,85.7699966430664,131.27999877929688
2018-03-05,211.16000366210938,39.5,120.416748046875,,,10.130000114440918,159.86314392089844,85.98214721679688,33.65999984741211,45.23444747924805,30.045000076293945,,,86.05999755859375,132.9199981689453
2018-03-06,212.00999450683594,38.97999954223633,122.3630599975586,,,10.369999885559082,159.186767578125,85.68831634521484,34.2140007019043,45.41966247558594,30.536666870117188,,,86.26000213623047,135.9499969482422
2018-03-07,216.86000061035156,39.369998931884766,123.19861602783203,,,10.494000434875488,160.31405639648438,86.18414306640625,34.61199951171875,45.613685607910156,31.045000076293945,,,86.73999786376953,137.5800018310547
2018-03-08,216.39999389648438,39.29999923706055,124.2110824584961,,,10.817999839782715,161.07496643066406,86.70752716064453,34.597999572753906,45.97528839111328,31.274999618530273,,,88.63999938964844,136.94000244140625
2018-03-09,221.11000061035156,39.68000030517578,125.24324798583984,,,10.887999534606934,166.4293975830078,88.64497375488281,34.551998138427734,46.71611404418945,31.418333053588867,,,89.7300033569336,137.6199951171875
2018-03-12,220.94000244140625,39.70000076293945,124.62394714355469,,,10.935999870300293,166.57972717285156,88.85614013671875,34.88600158691406,46.654361724853516,31.621667861938477,,,89.08999633789062,139.07000732421875
2018-03-13,219.75999450683594,39.16999816894531,124.57479858398438,,,10.850000381469727,166.9084930419922,86.68916320800781,34.79199981689453,46.37214279174805,31.373332977294922,,,88.4800033569336,137.33999633789062
2018-03-14,218.44000244140625,38.83000183105469,125.81336975097656,,,10.907999992370605,166.54209899902344,86.17497253417969,35.06800079345703,46.142852783203125,31.40833282470703,,,87.81999969482422,138.7899932861328
2018-03-15,218.8699951171875,39.08000183105469,125.05645751953125,,,10.836000442504883,167.143310546875,86.47795867919922,34.76599884033203,46.18693923950195,31.501667022705078,,,87.83000183105469,136.4199981689453
2018-03-16,225.5500030517578,38.59000015258789,123.82772064208984,,,10.800000190734863,167.76333618164062,86.86363220214844,33.99599838256836,46.09876251220703,31.24333381652832,,,88.12999725341797,135.3300018310547
2018-03-19,222.17999267578125,38.22999954223633,122.85455322265625,,,10.670000076293945,165.08612060546875,85.29347229003906,33.96200180053711,45.8165283203125,31.020000457763672,,,86.61000061035156,131.60000610351562
2018-03-20,229.75,37.959999084472656,122.99217987060547,,,10.755999565124512,167.34996032714844,85.51385498046875,34.422000885009766,41.495059967041016,31.309999465942383,,,86.70999908447266,133.0800018310547
2018-03-21,226.85000610351562,38.349998474121094,119.63034057617188,,,10.913999557495117,165.95033264160156,84.9169921875,34.63800048828125,41.46859359741211,31.328332901000977,,,86.58999633789062,133.42999267578125
2018-03-22,220.52000427246094,37.38999938964844,116.0325698852539,,,10.722000122070312,164.23126220703125,82.447021484375,33.75199890136719,40.47200393676758,30.80500030517578,,,84.80000305175781,131.22000122070312
2018-03-23,215.02000427246094,36.380001068115234,112.48396301269531,,,10.59000015258789,159.57196044921875,80.05043029785156,32.95399856567383,39.50188446044922,30.293333053588867,,,82.36000061035156,127.63999938964844
2018-03-26,228.91000366210938,37.459999084472656,116.94676971435547,,,10.916000366210938,163.94947814941406,86.1106948852539,34.290000915527344,40.992347717285156,31.241666793823242,,,84.22000122070312,131.74000549316406
2018-03-27,213.8000030517578,36.400001525878906,111.87451934814453,,,10.666000366210938,162.7469940185547,82.15315246582031,32.56399917602539,40.022212982177734,29.906667709350586,,,82.88999938964844,126.44000244140625
2018-03-28,212.5399932861328,36.13999938964844,110.96033477783203,,,10.456000328063965,160.5677032470703,82.0796890258789,31.93600082397461,39.66944122314453,29.483333587646484,,,82.30000305175781,123.7699966430664
2018-03-29,216.0800018310547,36.77000045776367,114.32218933105469,,,10.715999603271484,162.84097290039062,83.80594635009766,33.09000015258789,40.34852981567383,30.253332138061523,,,83.23999786376953,127.11000061035156
2018-04-02,212.27999877929688,35.849998474121094,113.33918762207031,,,10.486000061035156,159.5813446044922,81.28085327148438,32.32400131225586,39.69589614868164,30.023332595825195,,,80.7699966430664,125.23999786376953
2018-04-03,215.92999267578125,36.310001373291016,114.50892639160156,,,10.685999870300293,160.1355743408203,82.37353515625,32.354000091552734,39.590057373046875,30.72833251953125,,,81.63999938964844,125.01000213623047
2018-04-04,225.0500030517578,36.68000030517578,117.4480972290039,,,10.862000465393066,162.55917358398438,84.77926635742188,32.9379997253418,40.13686752319336,31.540000915527344,,,82.73999786376953,126.04000091552734
2018-04-05,223.5399932861328,36.97999954223633,117.01555633544922,,,10.918000221252441,161.4131317138672,84.8251724243164,33.15399932861328,40.53373718261719,32.733333587646484,,,82.95999908447266,126.0
2018-04-06,218.61000061035156,35.900001525878906,114.12557220458984,,,10.866000175476074,157.5147247314453,82.85100555419922,32.5880012512207,39.53715896606445,32.30666732788086,,,81.38999938964844,122.58000183105469
2018-04-09,219.1699981689453,36.25,115.1970443725586,,,10.894000053405762,159.4919891357422,83.34683990478516,32.577999114990234,39.59889221191406,31.31999969482422,,,81.75,123.29000091552734
2018-04-10,224.52999877929688,37.0099983215332,117.4579086303711,,,11.246000289916992,161.2998046875,85.28429412841797,33.316001892089844,40.41025161743164,31.136667251586914,,,82.62999725341797,126.5
2018-04-11,223.6300048828125,36.70000076293945,117.13353729248047,,,10.965999603271484,161.56341552734375,84.34771728515625,33.29999923706055,40.22507095336914,31.165000915527344,,,83.16000366210938,126.62999725341797
2018-04-12,226.9600067138672,37.470001220703125,119.33545684814453,,,11.218000411987305,163.4842529296875,85.92706298828125,33.7140007019043,40.46317672729492,31.746667861938477,,,84.4800033569336,128.22999572753906
2018-04-13,224.05999755859375,37.29999923706055,116.986083984375,,,11.168000221252441,161.94007873535156,85.46794128417969,33.380001068115234,40.63957214355469,31.229999542236328,,,83.81999969482422,124.70999908447266
2018-04-16,226.52000427246094,37.540000915527344,117.37928771972656,,,11.35200023651123,165.056640625,86.46880340576172,33.88999938964844,40.7812614440918,31.503332138061523,,,84.4800033569336,126.83000183105469
2018-04-17,231.16000366210938,38.099998474121094,121.25228118896484,,,11.534000396728516,170.42359924316406,88.2134017944336,34.90800094604492,41.321475982666016,31.983333587646484,,,86.19999694824219,132.57000732421875
2018-04-18,231.10000610351562,38.16999816894531,122.34339141845703,,,11.498000144958496,170.60250854492188,88.55316925048828,34.86000061035156,41.693424224853516,32.07833480834961,,,85.69000244140625,132.60000610351562
2018-04-19,227.6199951171875,37.380001068115234,121.9501953125,,,11.482000350952148,168.92648315429688,88.25015258789062,34.597999572753906,41.463165283203125,32.003334045410156,,,84.13999938964844,131.97000122070312
2018-04-20,225.24000549316406,37.02000045776367,120.73127746582031,,,11.430000305175781,167.72129821777344,87.23091888427734,33.779998779296875,40.940673828125,32.01166534423828,,,83.01000213623047,130.52999877929688
2018-04-23,225.3000030517578,36.7400016784668,119.8171157836914,,,11.347999572753906,169.7644805908203,87.55229949951172,33.50199890136719,40.55986785888672,32.04499816894531,,,82.5999984741211,129.8300018310547
2018-04-24,217.88999938964844,40.09000015258789,115.87529754638672,,,11.21399974822998,168.13558959960938,85.50467681884766,32.13199996948242,40.320762634277344,31.878332138061523,,,84.04000091552734,125.55999755859375
2018-04-25,217.32000732421875,39.560001373291016,115.3248062133789,,,10.960000038146973,166.0641632080078,84.76093292236328,31.600000381469727,40.51557922363281,31.758333206176758,,,83.73999786376953,122.58000183105469
2018-04-26,221.91000366210938,39.88999938964844,118.77513885498047,,,11.083999633789062,174.3592987060547,86.55144500732422,33.03200149536133,40.70156478881836,32.28499984741211,,,85.41000366210938,125.93000030517578
2018-04-27,221.89999389648438,39.959999084472656,118.17550659179688,,,10.986000061035156,175.6869659423828,87.9838638305664,32.63600158691406,40.320762634277344,32.07833480834961,,,85.19000244140625,124.23999786376953
2018-04-30,221.60000610351562,40.060001373291016,118.93241119384766,,,11.071999549865723,173.99215698242188,85.87194061279297,33.22800064086914,40.444732666015625,32.084999084472656,,,85.51000213623047,124.83999633789062
2018-05-01,224.0800018310547,40.34000015258789,121.016357421875,,,11.14799976348877,176.29898071289062,87.23091888427734,33.08399963378906,40.69271469116211,32.35333251953125,,,86.06999969482422,125.62000274658203
2018-05-02,221.10000610351562,39.970001220703125,120.73127746582031,,,11.187999725341797,175.06546020507812,85.86276245117188,33.099998474121094,40.30304718017578,32.78166580200195,,,86.01000213623047,126.37000274658203
2018-05-03,226.0500030517578,40.25,122.29425048828125,,,11.222000122070312,175.48919677734375,86.3769760131836,33.74599838256836,39.904544830322266,32.23666763305664,,,86.48999786376953,128.6999969482422
2018-05-04,228.50999450683594,40.79999923706055,122.99217987060547,,,10.947999954223633,178.37985229492188,87.3778305053711,34.24399948120117,40.48016357421875,32.560001373291016,,,87.72000122070312,130.0500030517578
2018-05-07,230.99000549316406,41.06999969482422,124.81071472167969,,,11.137999534606934,178.4833984375,88.35113525390625,35.20399856567383,40.798973083496094,33.09000015258789,,,89.0,133.1300048828125
2018-05-08,234.55999755859375,40.900001525878906,126.56044006347656,,,11.387999534606934,179.0577850341797,87.97467041015625,35.20600128173828,40.683841705322266,33.633331298828125,,,89.05000305175781,134.7899932861328
2018-05-09,239.74000549316406,41.7599983215332,127.52376556396484,,,11.803999900817871,181.41165161132812,89.01226043701172,36.007999420166016,41.250633239746094,34.435001373291016,,,90.83000183105469,136.5
2018-05-10,241.14999389648438,42.22999954223633,128.3986358642578,,,12.031999588012695,182.94638061523438,89.9029312133789,35.79600143432617,41.560585021972656,34.314998626708984,,,91.19000244140625,138.00999450683594
2018-05-11,241.8800048828125,42.25,128.40847778320312,,,12.076000213623047,182.8522491455078,89.71011352539062,35.77399826049805,41.463165283203125,33.71833419799805,,,91.0199966430664,135.74000549316406
2018-05-14,238.3699951171875,42.189998626708984,125.51847076416016,,,11.90999984741211,181.3363494873047,90.01313781738281,34.74599838256836,41.463165283203125,33.349998474121094,,,89.88999938964844,133.9600067138672
2018-05-15,236.60000610351562,41.08000183105469,125.95098876953125,,,11.857999801635742,178.6811065673828,89.36116790771484,34.683998107910156,41.454307556152344,33.706668853759766,,,88.66000366210938,133.42999267578125
2018-05-16,237.38999938964844,41.029998779296875,126.58012390136719,,,11.722000122070312,179.28370666503906,89.59174346923828,34.22999954223633,41.383460998535156,33.29666519165039,,,88.94999694824219,133.97000122070312
2018-05-17,236.85000610351562,41.52000045776367,123.90636444091797,,,11.657999992370605,178.6905059814453,88.69720458984375,34.34199905395508,41.215206146240234,33.336666107177734,,,88.9000015258789,132.9199981689453
2018-05-18,238.08999633789062,41.79999923706055,124.8008804321289,,,11.704000473022461,179.40615844726562,88.86319732666016,34.78799819946289,41.0203742980957,33.625,,,89.25,134.47999572753906
2018-05-21,238.10000610351562,42.0099983215332,124.22091674804688,,,11.86400032043457,180.48895263671875,90.00672149658203,34.290000915527344,41.80854415893555,34.45000076293945,,,89.43000030517578,131.6999969482422
2018-05-22,238.7899932861328,42.04999923706055,123.30673217773438,,,11.753999710083008,179.40615844726562,89.91449737548828,34.051998138427734,41.06464767456055,34.05500030517578,,,89.2699966430664,130.35000610351562
2018-05-23,243.91000366210938,42.33000183105469,125.91165924072266,,,11.833999633789062,184.76364135742188,90.9842758178711,34.79199981689453,41.53401565551758,34.503334045410156,,,90.33000183105469,129.52000427246094
2018-05-24,245.14999389648438,42.22999954223633,126.55062103271484,,,12.128000259399414,186.23248291015625,90.6614761352539,35.104000091552734,41.144351959228516,34.858333587646484,,,88.55999755859375,130.5
2018-05-25,243.55999755859375,42.2400016784668,125.78387451171875,,,12.074000358581543,185.57333374023438,90.70761108398438,35.34400177001953,41.62257385253906,34.88166809082031,,,88.31999969482422,130.7899932861328
2018-05-29,242.19000244140625,42.0099983215332,124.72222900390625,,,11.986000061035156,185.20620727539062,90.38484954833984,35.2599983215332,40.96723175048828,34.641666412353516,,,87.77999877929688,130.41000366210938
2018-05-30,247.39999389648438,42.15999984741211,127.10108184814453,,,12.236000061035156,189.34912109375,91.25169372558594,35.694000244140625,41.66685104370117,34.94499969482422,,,87.5,131.77999877929688
2018-05-31,249.27999877929688,42.45000076293945,127.13057708740234,,,12.236000061035156,189.81988525390625,91.1502456665039,35.52199935913086,41.37461853027344,34.68166732788086,,,88.06999969482422,130.9600067138672
2018-06-01,251.30999755859375,43.209999084472656,128.3003387451172,,,12.399999618530273,192.1549530029297,92.94857788085938,36.301998138427734,41.93252182006836,34.8650016784668,,,89.45999908447266,126.29000091552734
2018-06-04,253.33999633789062,43.41999816894531,130.3940887451172,,,12.494000434875488,194.90431213378906,93.76008605957031,36.70000076293945,41.90595626831055,34.68166732788086,,,89.68000030517578,128.14999389648438
2018-06-05,252.6999969482422,43.689998626708984,131.839111328125,,,12.640000343322754,196.0624237060547,94.23961639404297,37.21799850463867,41.737693786621094,33.97666549682617,,,90.30000305175781,128.7100067138672
2018-06-06,253.9499969482422,44.119998931884766,133.2447967529297,,,12.657999992370605,197.2582550048828,94.51628875732422,37.284000396728516,42.28676986694336,33.83000183105469,,,91.43000030517578,128.30999755859375
2018-06-07,247.50999450683594,44.08000183105469,130.6497039794922,,,12.300000190734863,194.20758056640625,93.03153991699219,35.4900016784668,42.224761962890625,33.08333206176758,,,90.12000274658203,123.37000274658203
2018-06-08,251.2100067138672,44.06999969482422,131.25917053222656,,,12.505999565124512,194.20758056640625,93.72319030761719,35.63800048828125,42.66755676269531,33.2216682434082,,,90.51000213623047,123.9000015258789
2018-06-11,251.0,44.25,131.70150756835938,,,12.649999618530273,194.30172729492188,93.18832397460938,36.01599884033203,42.676429748535156,33.11833190917969,,,90.58999633789062,123.23999786376953
2018-06-12,252.58999633789062,44.5099983215332,133.94271850585938,,,12.821999549865723,195.36573791503906,93.4281005859375,36.36800003051758,42.906673431396484,34.56999969482422,,,90.79000091552734,126.58999633789062
2018-06-13,256.1300048828125,44.58000183105469,134.17864990234375,,,12.937999725341797,195.64813232421875,93.00387573242188,36.24599838256836,42.74727249145508,35.508331298828125,,,90.47000122070312,126.44000244140625
2018-06-14,258.1000061035156,44.939998626708984,136.05616760253906,,,13.14799976348877,196.86280822753906,93.52952575683594,37.06800079345703,40.6484260559082,35.926666259765625,,,90.87000274658203,128.1999969482422
2018-06-15,251.82000732421875,45.02000045776367,136.05616760253906,,,13.055999755859375,196.7498016357422,92.33989715576172,37.27000045776367,40.984947204589844,35.766666412353516,,,90.56999969482422,128.08999633789062
2018-06-18,255.69000244140625,45.18000030517578,137.42251586914062,,,13.234000205993652,196.93812561035156,93.01310729980469,37.28200149536133,41.19749450683594,35.30666732788086,,,90.4800033569336,131.1300048828125
2018-06-19,251.74000549316406,44.91999816894531,137.1472625732422,,,12.86400032043457,198.30340576171875,93.01310729980469,36.72200012207031,40.97608947753906,35.16166687011719,,,89.19999694824219,129.55999755859375
2018-06-20,251.24000549316406,45.20000076293945,136.57713317871094,,,13.015999794006348,201.04335021972656,93.94452667236328,36.95199966430664,37.920814514160156,35.90666580200195,,,90.30999755859375,128.17999267578125
2018-06-21,248.8300018310547,44.900001525878906,135.5352020263672,,,12.947999954223633,197.5407257080078,93.27133178710938,36.05400085449219,38.168785095214844,35.45000076293945,,,89.2300033569336,125.76000213623047
2018-06-22,243.6300048828125,43.869998931884766,132.71395874023438,,,12.78600025177002,193.94390869140625,92.59811401367188,35.34000015258789,39.05436325073242,34.598331451416016,,,88.12000274658203,124.01000213623047
2018-06-25,239.67999267578125,43.34000015258789,130.9249267578125,,,12.423999786376953,189.95167541503906,90.73527526855469,34.27799987792969,39.213768005371094,33.723331451416016,,,86.5199966430664,120.72000122070312
2018-06-26,242.25,43.529998779296875,133.17601013183594,,,12.574000358581543,190.30003356933594,91.3716049194336,34.16999816894531,39.32889938354492,33.97999954223633,,,86.41000366210938,121.81999969482422
2018-06-27,237.67999267578125,42.86000061035156,130.95443725585938,,,12.359999656677246,186.63735961914062,89.95140838623047,33.59400177001953,38.4787483215332,33.52000045776367,,,84.56999969482422,117.72000122070312
2018-06-28,239.80999755859375,43.099998474121094,132.82211303710938,,,12.489999771118164,192.0984649658203,90.95659637451172,34.481998443603516,38.824119567871094,34.1533317565918,,,84.98999786376953,119.91000366210938
2018-06-29,243.80999755859375,43.310001373291016,134.08035278320312,,,12.486000061035156,192.37149047851562,90.93815612792969,34.49399948120117,39.018951416015625,34.244998931884766,,,85.56999969482422,121.12000274658203
2018-07-02,243.25999450683594,43.77000045776367,138.0417938232422,,,12.78600025177002,193.4354705810547,92.22924041748047,35.52000045776367,39.80711364746094,34.90666580200195,,,86.4000015258789,124.26000213623047
2018-07-03,242.00999450683594,43.810001373291016,135.49583435058594,,,12.718000411987305,192.79522705078125,91.34393310546875,35.4379997253418,39.60344314575195,34.9466667175293,,,86.2699966430664,123.73999786376953
2018-07-05,244.17999267578125,44.459999084472656,137.39303588867188,,,12.866000175476074,193.07765197753906,91.99866485595703,35.88600158691406,40.21449279785156,34.744998931884766,,,87.16999816894531,126.38999938964844
2018-07-06,248.19000244140625,44.880001068115234,138.99530029296875,,,12.994000434875488,195.98712158203125,93.28975677490234,36.43199920654297,40.73698806762695,35.19333267211914,,,88.18000030517578,128.75
2018-07-09,249.77000427246094,44.869998931884766,139.3491973876953,,,12.954000473022461,195.95883178710938,93.92606353759766,36.970001220703125,41.383460998535156,34.81666564941406,,,88.48999786376953,129.10000610351562
2018-07-10,248.6300048828125,44.779998779296875,140.02745056152344,,,13.081999778747559,196.64747619628906,94.17508697509766,37.119998931884766,41.61370849609375,35.116668701171875,,,88.98999786376953,129.13999938964844
2018-07-11,248.1199951171875,44.599998474121094,142.7798309326172,,,13.131999969482422,197.33607482910156,94.04596710205078,37.43600082397461,42.189353942871094,35.46500015258789,,,89.19000244140625,131.6199951171875
2018-07-12,254.8699951171875,45.56999969482422,145.64036560058594,,,13.446000099182129,201.60940551757812,96.08402252197266,38.93199920654297,42.64099884033203,36.38666534423828,,,91.4800033569336,137.30999755859375
2018-07-13,258.5899963378906,45.290000915527344,145.0996856689453,,,13.312000274658203,201.59996032714844,97.2275390625,38.21200180053711,43.06608200073242,35.991668701171875,,,91.41000366210938,134.75999450683594
2018-07-16,254.67999267578125,45.06999969482422,144.46078491210938,,,13.246000289916992,202.3074951171875,96.74800872802734,37.816001892089844,43.083858489990234,35.72666549682617,,,91.48999786376953,132.8800048828125
2018-07-17,258.30999755859375,45.65999984741211,144.5197296142578,,,13.387999534606934,204.21298217773438,97.70709991455078,38.2400016784668,43.47504425048828,36.0966682434082,,,92.11000061035156,133.1999969482422
2018-07-18,259.7799987792969,45.52000045776367,145.3258056640625,,,13.362000465393066,205.93931579589844,96.94168853759766,38.402000427246094,43.243896484375,36.03666687011719,,,91.94000244140625,133.19000244140625
2018-07-19,257.67999267578125,45.22999954223633,144.65736389160156,,,13.489999771118164,203.7507781982422,96.2776870727539,38.007999420166016,43.06608200073242,35.76333236694336,,,91.7699966430664,132.97999572753906
2018-07-20,257.5400085449219,45.13999938964844,144.37228393554688,,,13.595999717712402,203.08099365234375,98.002197265625,38.215999603271484,43.13719940185547,35.676666259765625,,,91.69000244140625,132.3300018310547
2018-07-23,259.4700012207031,45.150001525878906,145.05055236816406,,,13.644000053405762,205.07147216796875,99.56993865966797,38.099998474121094,43.270565032958984,35.27333450317383,,,91.83999633789062,133.9199981689453
2018-07-24,257.489990234375,45.5,143.51708984375,,,13.350000381469727,203.5715789794922,99.28406524658203,36.981998443603516,43.270565032958984,34.793331146240234,,,91.97000122070312,130.91000366210938
2018-07-25,263.1700134277344,46.79999923706055,146.3382568359375,,,13.685999870300293,204.9393768310547,102.20744323730469,36.77199935913086,43.51949691772461,35.790000915527344,,,93.16000366210938,133.6699981689453
2018-07-26,261.92999267578125,46.2599983215332,145.06040954589844,,,13.71399974822998,204.36395263671875,101.09159088134766,38.4640007019043,43.44837951660156,35.89500045776367,,,93.1500015258789,134.41000366210938
2018-07-27,254.80999755859375,45.2400016784668,141.46263122558594,,,13.161999702453613,200.27931213378906,99.30250549316406,36.790000915527344,43.23499298095703,34.66166687011719,,,92.58000183105469,130.5500030517578
2018-07-30,242.32000732421875,43.90999984741211,135.6826171875,,,12.555999755859375,191.1949920654297,97.17221069335938,35.762001037597656,42.43484878540039,32.61000061035156,,,89.33000183105469,123.9000015258789
2018-07-31,244.67999267578125,44.09000015258789,134.8175811767578,,,12.581999778747559,192.66661071777344,97.82698059082031,35.19200134277344,42.39038848876953,33.043331146240234,,,89.43000030517578,124.0199966430664
2018-08-01,248.00999450683594,43.9900016784668,135.33856201171875,,,12.920000076293945,192.68545532226562,98.01142883300781,35.5880012512207,42.09699630737305,33.36333465576172,,,89.75,126.37999725341797
2018-08-02,252.22000122070312,44.70000076293945,138.73974609375,,,14.751999855041504,194.07215881347656,99.20108032226562,36.56800079345703,42.58598327636719,34.810001373291016,,,90.66000366210938,130.77999877929688
2018-08-03,253.27999877929688,44.77000045776367,138.64141845703125,,,14.72599983215332,193.52500915527344,99.63451385498047,36.17599868774414,43.09275436401367,34.49333190917969,,,91.13999938964844,129.16000366210938
2018-08-06,254.11000061035156,45.09000015258789,140.28306579589844,,,14.72599983215332,195.7230224609375,99.71749877929688,36.93199920654297,43.270565032958984,35.23500061035156,,,92.33000183105469,131.5500030517578
2018-08-07,253.38999938964844,45.15999984741211,141.98362731933594,,,14.612000465393066,197.609619140625,100.40914154052734,37.14799880981445,43.10163497924805,35.400001525878906,,,92.6500015258789,132.75
2018-08-08,253.8300018310547,45.06999969482422,142.7012176513672,,,14.609999656677246,198.13792419433594,100.97169494628906,37.22600173950195,43.021629333496094,35.35499954223633,,,92.87999725341797,135.00999450683594
2018-08-09,253.8000030517578,45.33000183105469,143.3401336669922,,,14.90999984741211,199.2227783203125,101.1376724243164,37.667999267578125,43.15497970581055,35.516666412353516,,,93.41999816894531,136.52999877929688
2018-08-10,253.6999969482422,45.20000076293945,143.03541564941406,,,15.057999610900879,199.05296325683594,100.51982879638672,37.49399948120117,42.95938491821289,35.436668395996094,,,93.52999877929688,137.1699981689453
2018-08-13,253.5399932861328,45.36000061035156,141.99343872070312,,,14.956000328063965,197.69459533691406,99.79127502441406,37.00400161743164,42.683780670166016,35.09166717529297,,,92.87000274658203,137.08999633789062
2018-08-14,256.04998779296875,46.0,144.077392578125,,,15.270000457763672,198.7510986328125,101.0362319946289,36.89799880981445,42.879364013671875,35.133331298828125,,,93.19999694824219,137.39999389648438
2018-08-15,250.52000427246094,45.439998626708984,142.5734100341797,,,15.244000434875488,197.6002655029297,99.6661376953125,36.54600143432617,42.53263473510742,34.13833236694336,,,92.63999938964844,139.1999969482422
2018-08-16,248.88999938964844,45.369998931884766,143.25167846679688,,,15.317999839782715,197.8078155517578,99.64762115478516,36.40599822998047,42.76378631591797,35.08333206176758,,,93.41999816894531,140.0500030517578
2018-08-17,245.6999969482422,45.18000030517578,142.5537567138672,,,15.300000190734863,196.10975646972656,99.5920639038086,36.16600036621094,42.99495315551758,35.51499938964844,,,93.33999633789062,142.64999389648438
2018-08-20,249.75999450683594,45.08000183105469,143.23204040527344,,,15.336000442504883,195.64755249023438,98.9347915649414,36.27199935913086,43.04829406738281,35.436668395996094,,,93.55000305175781,143.2899932861328
2018-08-21,251.5,45.400001525878906,143.0550537109375,,,15.321999549865723,197.16624450683594,98.11088562011719,36.41999816894531,43.039390563964844,35.38166809082031,,,93.91999816894531,145.00999450683594
2018-08-22,255.5399932861328,45.75,143.96926879882812,,,15.543999671936035,197.8078155517578,99.11071014404297,36.481998443603516,43.386138916015625,35.93166732788086,,,94.66999816894531,146.13999938964844
2018-08-23,257.0,46.369998931884766,145.3159637451172,,,15.75,200.411376953125,99.57354736328125,36.970001220703125,43.528385162353516,36.11833190917969,,,100.69000244140625,145.67999267578125
2018-08-24,261.510009765625,46.81999969482422,149.70993041992188,,,16.077999114990234,204.35447692871094,100.35118865966797,38.71200180053711,43.79510498046875,37.5716667175293,,,102.12999725341797,151.0
2018-08-27,262.3999938964844,46.84000015258789,149.10047912597656,,,16.062000274658203,199.95855712890625,101.46208953857422,38.650001525878906,43.85734558105469,37.79166793823242,,,102.12999725341797,151.67999267578125
2018-08-28,263.0400085449219,46.90999984741211,150.38821411132812,,,16.18400001525879,203.69419860839844,102.07310485839844,38.85200119018555,43.243896484375,38.20333480834961,,,101.86000061035156,152.25999450683594
2018-08-29,268.3599853515625,47.2599983215332,152.1674346923828,,,16.50200080871582,205.5525360107422,103.702392578125,40.04600143432617,43.46615219116211,38.538333892822266,,,102.16999816894531,153.77999877929688
2018-08-30,266.42999267578125,47.060001373291016,149.55264282226562,,,16.610000610351562,206.24119567871094,103.63761138916016,39.689998626708984,43.012733459472656,38.37333297729492,,,102.02999877929688,153.80999755859375
2018-08-31,263.510009765625,47.040000915527344,150.08346557617188,,,16.75200080871582,207.03353881835938,103.98938751220703,39.27199935913086,43.190547943115234,38.525001525878906,,,102.13999938964844,154.5399932861328
2018-09-04,266.67999267578125,46.63999938964844,150.6044921875,,,17.215999603271484,208.23159790039062,103.4154052734375,40.051998138427734,43.190547943115234,38.17166519165039,,,101.81999969482422,156.69000244140625
2018-09-05,256.1400146484375,46.529998779296875,146.12200927734375,,,16.70400047302246,206.29776000976562,100.43452453613281,38.152000427246094,42.710445404052734,37.038333892822266,,,100.66999816894531,142.2100067138672
2018-09-06,259.75,46.540000915527344,146.29893493652344,,,17.0,207.4014892578125,100.66593933105469,38.63600158691406,42.41705322265625,36.72833251953125,,,101.77999877929688,144.52000427246094
2018-09-07,260.8699951171875,46.439998626708984,147.8717041015625,,,17.104000091552734,207.8353729248047,100.17530822753906,39.395999908447266,42.50596237182617,37.935001373291016,,,102.05000305175781,144.92999267578125
2018-09-10,265.3699951171875,46.4900016784668,148.74661254882812,,,17.56999969482422,211.98611450195312,101.25840759277344,39.801998138427734,43.439491271972656,39.35333251953125,,,102.58999633789062,143.66000366210938
2018-09-11,267.0,46.459999084472656,150.24075317382812,,,17.445999145507812,213.21238708496094,102.9803237915039,39.900001525878906,43.49282455444336,39.02000045776367,,,102.44000244140625,146.14999389648438
2018-09-12,267.7900085449219,45.869998931884766,152.72775268554688,,,17.746000289916992,212.89166259765625,103.4154052734375,40.55400085449219,43.86623764038086,39.371665954589844,,,102.08999633789062,148.2100067138672
2018-09-13,268.5199890136719,46.310001373291016,155.48992919921875,,,17.986000061035156,214.8727264404297,104.52632141113281,40.91600036621094,43.528385162353516,39.349998474121094,,,102.80999755859375,150.5399932861328
2018-09-14,274.69000244140625,46.2599983215332,154.8116912841797,,,18.06999969482422,214.64625549316406,104.95216369628906,40.59400177001953,43.78621292114258,39.10333251953125,,,102.72000122070312,151.07000732421875
2018-09-17,268.25,45.369998931884766,152.28538513183594,,,17.634000778198242,212.69358825683594,103.81349182128906,38.56399917602539,43.723976135253906,38.66666793823242,,,100.06999969482422,144.72999572753906
2018-09-18,270.7900085449219,45.220001220703125,153.34703063964844,,,17.68600082397461,215.25001525878906,104.8040542602539,38.375999450683594,43.59062194824219,39.008331298828125,,,99.5999984741211,143.67999267578125
2018-09-19,264.8800048828125,45.029998779296875,150.2997283935547,,,17.166000366210938,208.36366271972656,103.40617370605469,37.20000076293945,43.94624328613281,38.16999816894531,,,98.94000244140625,140.66000366210938
2018-09-20,266.3399963378906,45.75,152.85552978515625,,,17.142000198364258,208.90139770507812,105.13731384277344,37.470001220703125,44.8353157043457,38.334999084472656,,,99.77999877929688,141.66000366210938
2018-09-21,260.8800048828125,45.529998779296875,152.87518310546875,,,17.09600067138672,207.94859313964844,105.77606201171875,37.9379997253418,45.430973052978516,38.253334045410156,,,99.22000122070312,138.6300048828125
2018-09-24,264.0899963378906,45.56999969482422,156.07974243164062,,,17.450000762939453,206.49583435058594,106.15564727783203,38.624000549316406,45.55543899536133,38.44333267211914,,,99.41999816894531,141.5
2018-09-25,267.8399963378906,45.41999816894531,156.16822814941406,,,17.902000427246094,209.3824920654297,105.95196533203125,39.52199935913086,45.98219680786133,38.279998779296875,,,98.83999633789062,143.7899932861328
2018-09-26,268.4700012207031,44.95000076293945,155.6374053955078,,,17.90999984741211,209.5900115966797,105.51688385009766,39.141998291015625,45.902183532714844,37.69166564941406,,,98.0,144.50999450683594
2018-09-27,269.9100036621094,45.0099983215332,157.70166015625,,,18.351999282836914,210.19374084472656,105.9149398803711,39.01599884033203,45.955528259277344,37.628334045410156,,,98.6500015258789,145.97000122070312
2018-09-28,269.95001220703125,45.31999969482422,156.32546997070312,,,18.45400047302246,214.51419067382812,105.87789154052734,39.125999450683594,45.8399543762207,37.543331146240234,,,98.61000061035156,145.97999572753906
2018-10-01,275.489990234375,45.060001373291016,157.14138793945312,,,18.45800018310547,214.81607055664062,107.02583312988281,38.922000885009766,46.05332565307617,37.46833419799805,,,97.87000274658203,145.8699951171875
2018-10-02,272.0,44.4900016784668,154.5855712890625,,,18.236000061035156,214.72171020507812,106.60001373291016,38.58000183105469,44.657508850097656,37.12333297729492,,,96.97000122070312,142.89999389648438
2018-10-03,270.510009765625,44.900001525878906,156.39430236816406,,,18.299999237060547,218.21209716796875,106.61851501464844,39.2400016784668,44.230751037597656,36.883331298828125,,,97.33000183105469,145.66000366210938
2018-10-04,263.7099914550781,43.41999816894531,152.26571655273438,,,17.857999801635742,211.93885803222656,104.41522216796875,37.487998962402344,43.98180389404297,36.5533332824707,,,94.62999725341797,139.75999450683594
2018-10-05,263.2200012207031,42.900001525878906,152.43284606933594,,,17.219999313354492,209.71263122558594,103.80423736572266,37.31999969482422,43.8751220703125,35.95166778564453,,,93.19999694824219,139.97000122070312
2018-10-08,254.69000244140625,41.40999984741211,146.12200927734375,,,16.739999771118164,205.0242919921875,102.61927032470703,36.051998138427734,43.88401412963867,35.39666748046875,,,91.29000091552734,132.4199981689453
2018-10-09,254.16000366210938,41.310001373291016,145.9745635986328,,,16.511999130249023,208.60726928710938,103.92456817626953,36.28200149536133,43.44837951660156,35.38666534423828,,,90.8499984741211,131.6699981689453
2018-10-10,237.91000366210938,39.47999954223633,135.4663543701172,,,15.913999557495117,193.27316284179688,98.27752685546875,34.428001403808594,42.14146041870117,33.72999954223633,,,86.80999755859375,124.30000305175781
2018-10-11,238.58999633789062,39.130001068115234,136.87205505371094,,,15.423999786376953,189.72799682617188,98.04610443115234,34.99399948120117,41.59023666381836,33.86166763305664,,,85.75,124.75
2018-10-12,248.8699951171875,39.9900016784668,144.24449157714844,,,15.989999771118164,200.2501220703125,101.434326171875,36.88999938964844,42.12367630004883,35.32500076293945,,,88.12000274658203,128.30999755859375
2018-10-15,238.00999450683594,39.380001068115234,139.53594970703125,,,16.030000686645508,197.37615966796875,99.61058807373047,36.18199920654297,42.06119918823242,34.866668701171875,,,86.87999725341797,127.0
2018-10-16,260.6700134277344,40.34000015258789,144.93260192871094,,,16.54199981689453,203.1807861328125,102.75814819335938,38.54399871826172,43.05200958251953,34.16666793823242,,,89.23999786376953,134.19000244140625
2018-10-17,258.9100036621094,40.400001525878906,144.50990295410156,,,16.332000732421875,206.87721252441406,102.48969268798828,38.051998138427734,42.72174072265625,34.34166717529297,,,89.56999969482422,137.25
2018-10-18,250.35000610351562,40.040000915527344,140.4108123779297,,,16.341999053955078,201.06312561035156,100.44378662109375,37.0359992980957,42.29327392578125,33.7599983215332,,,88.56999969482422,130.42999267578125
2018-10-19,245.02999877929688,40.11000061035156,138.10079956054688,,,16.239999771118164,199.56944274902344,100.59186553955078,35.43000030517578,42.48072052001953,32.25166702270508,,,88.0999984741211,127.69999694824219
2018-10-22,251.05999755859375,40.61000061035156,140.51895141601562,,,16.58799934387207,201.6209259033203,101.48986053466797,35.768001556396484,42.79314422607422,32.39833450317383,,,88.83000183105469,129.72000122070312
2018-10-23,251.75999450683594,46.849998474121094,138.26788330078125,,,16.68000030517578,197.46121215820312,100.0734634399414,36.35599899291992,42.837791442871094,32.8466682434082,,,92.38999938964844,128.77999877929688
2018-10-24,238.44000244140625,45.11000061035156,130.9937286376953,,,15.819999694824219,190.42762756347656,94.7226333618164,34.04199981689453,41.73983383178711,30.958332061767578,,,87.76000213623047,122.11000061035156
2018-10-25,252.9199981689453,46.529998779296875,138.40550231933594,,,16.219999313354492,196.3173065185547,100.25860595703125,34.5260009765625,42.811012268066406,31.770000457763672,,,89.63999938964844,125.83999633789062
2018-10-26,245.8000030517578,45.52000045776367,133.21530151367188,,,15.637999534606934,190.9853973388672,99.01811218261719,33.35200119018555,42.23971176147461,30.90166664123535,,,87.51000213623047,120.6500015258789
2018-10-29,239.75,44.20000076293945,128.76234436035156,,,15.508000373840332,189.7091522216797,96.1390380859375,32.84600067138672,41.971920013427734,29.831666946411133,,,86.9000015258789,122.75
2018-10-30,238.41000366210938,44.380001068115234,129.92227172851562,,,15.789999961853027,191.72279357910156,96.02796173095703,33.70000076293945,43.35551452636719,29.610000610351562,,,87.80999755859375,128.02000427246094
2018-10-31,245.75999450683594,44.56999969482422,134.90606689453125,,,16.43600082397461,199.4749298095703,98.8792724609375,36.20800018310547,43.59653091430664,30.50666618347168,,,89.52999877929688,133.02000427246094
2018-11-01,245.27999877929688,45.310001373291016,137.216064453125,,,16.738000869750977,200.76063537597656,98.0553207397461,36.74599838256836,43.37337112426758,31.459999084472656,,,90.13999938964844,137.88999938964844
2018-11-02,239.63999938964844,45.150001525878906,134.46368408203125,,,14.51200008392334,201.34669494628906,98.27752685546875,35.75600051879883,43.58761215209961,30.706666946411133,,,89.55999755859375,132.83999633789062
2018-11-05,239.88999938964844,44.95000076293945,133.13665771484375,,,14.973999977111816,202.7270050048828,99.52729797363281,36.082000732421875,43.757205963134766,30.46500015258789,,,90.0,130.32000732421875
2018-11-06,240.55999755859375,44.70000076293945,131.67202758789062,,,14.949999809265137,202.02743530273438,99.72169494628906,35.4739990234375,43.96250534057617,30.633333206176758,,,90.2699966430664,134.97999572753906
2018-11-07,253.42999267578125,46.150001525878906,139.37867736816406,,,15.571999549865723,209.7606201171875,103.64685821533203,38.16600036621094,44.86408233642578,31.558332443237305,,,93.22000122070312,144.24000549316406
2018-11-08,249.9600067138672,46.459999084472656,139.45730590820312,,,15.581999778747559,211.0463409423828,103.45243835449219,37.231998443603516,45.01583480834961,31.406667709350586,,,94.33999633789062,145.99000549316406
2018-11-09,244.83999633789062,46.2599983215332,134.5915069580078,,,14.946000099182129,210.03480529785156,101.434326171875,35.518001556396484,45.17650604248047,30.514999389648438,,,93.3499984741211,139.92999267578125
2018-11-12,236.6699981689453,44.81999969482422,128.28070068359375,,,14.748000144958496,201.24278259277344,98.9347915649414,34.4739990234375,43.935726165771484,29.558332443237305,,,89.73999786376953,133.10000610351562
2018-11-13,238.74000549316406,44.599998474121094,129.91246032714844,,,14.696000099182129,201.21435546875,98.99960327148438,33.73400115966797,44.19459915161133,29.46666717529297,,,89.9000015258789,135.05999755859375
2018-11-14,235.22000122070312,44.41999816894531,127.15025329589844,,,14.668000221252441,197.94337463378906,97.595703125,33.47600173950195,43.59653091430664,29.463333129882812,,,89.58000183105469,132.38999938964844
2018-11-15,239.9499969482422,45.540000915527344,130.23684692382812,,,14.550000190734863,202.82154846191406,99.74339294433594,34.59400177001953,45.19435501098633,28.72833251953125,,,91.55999755859375,136.17999267578125
2018-11-16,238.88999938964844,45.7599983215332,130.29580688476562,,,14.6899995803833,199.89083862304688,100.68244934082031,34.21799850463867,45.6763801574707,28.268333435058594,,,90.13999938964844,134.22999572753906
2018-11-19,219.69000244140625,42.77000045776367,118.95205688476562,,,13.555999755859375,188.35723876953125,97.27025604248047,31.360000610351562,44.23029708862305,27.239999771118164,,,85.70999908447266,124.06999969482422
2018-11-20,219.72999572753906,42.68000030517578,118.61785888671875,,,13.407999992370605,184.5189971923828,94.564697265625,31.447999954223633,43.14128875732422,27.625,,,85.16999816894531,126.80999755859375
2018-11-21,225.97999572753906,43.060001373291016,121.4881820678711,,,13.708000183105469,187.56312561035156,95.8663558959961,31.827999114990234,43.400150299072266,27.823333740234375,,,86.66000366210938,133.10000610351562
2018-11-23,225.55999755859375,42.61000061035156,119.95471954345703,,,13.592000007629395,186.28689575195312,95.82917022705078,32.125999450683594,43.4715576171875,27.733333587646484,,,85.58999633789062,135.25999450683594
2018-11-26,231.9600067138672,43.540000915527344,124.26026153564453,,,14.168000221252441,190.41815185546875,98.99030303955078,33.45199966430664,43.078800201416016,28.386667251586914,,,88.30000305175781,140.22999572753906
2018-11-27,232.25,43.08000183105469,125.37101745605469,,,14.140000343322754,187.89398193359375,99.61324310302734,33.14799880981445,42.346824645996094,27.764999389648438,,,86.95999908447266,138.75
2018-11-28,249.2100067138672,44.77000045776367,138.24822998046875,,,14.704000473022461,197.508544921875,103.31361389160156,35.57400131225586,43.01631164550781,29.42333221435547,,,90.44999694824219,145.8300018310547
2018-11-29,249.08999633789062,44.119998931884766,137.34390258789062,,,14.779999732971191,197.76376342773438,102.44898223876953,35.81999969482422,42.7574462890625,29.34166717529297,,,89.5199966430664,145.3000030517578
2018-11-30,250.88999938964844,45.040000915527344,140.33218383789062,,,14.767999649047852,202.8120880126953,103.09979248046875,37.05400085449219,43.525115966796875,28.825000762939453,,,91.94000244140625,164.0
2018-12-03,255.25999450683594,46.220001220703125,141.69854736328125,,,15.022000312805176,201.8572235107422,104.21549987792969,37.61800003051758,44.48023986816406,29.885000228881836,,,92.9000015258789,167.8000030517578
2018-12-04,245.82000732421875,44.72999954223633,136.87205505371094,,,14.675999641418457,196.3079071044922,100.89627075195312,36.16999816894531,43.516197204589844,29.541667938232422,,,89.44999694824219,165.02000427246094
2018-12-06,250.6300048828125,44.0,139.64410400390625,,,15.088000297546387,199.9948272705078,101.51922607421875,37.52000045776367,41.66842269897461,30.296667098999023,,,91.19000244140625,168.1300048828125
2018-12-07,238.0,42.66999816894531,133.63803100585938,,,14.321999549865723,191.4013671875,97.45622253417969,36.47600173950195,41.061431884765625,29.18166732788086,,,87.81999969482422,160.42999267578125
2018-12-10,244.08999633789062,43.380001068115234,134.935546875,,,14.9399995803833,195.4948272705078,100.0316162109375,36.97999954223633,41.659507751464844,29.873332977294922,,,89.33999633789062,159.67999267578125
2018-12-11,245.33999633789062,43.83000183105469,134.46368408203125,,,14.887999534606934,194.85198974609375,100.96135711669922,36.683998107910156,41.47203826904297,30.73666763305664,,,89.06999969482422,162.94000244140625
2018-12-12,245.5500030517578,44.38999938964844,137.7075653076172,,,15.038000106811523,197.75430297851562,101.41694641113281,37.52799987792969,42.23971176147461,31.586666107177734,,,89.76000213623047,165.52000427246094
2018-12-13,248.0800018310547,44.11000061035156,138.73974609375,,,14.902000427246094,197.05470275878906,101.76093292236328,37.630001068115234,42.15937805175781,31.354999542236328,,,89.29000091552734,164.64999389648438
2018-12-14,230.0,43.220001220703125,134.70944213867188,,,14.581999778747559,189.95492553710938,98.58118438720703,36.395999908447266,41.59701919555664,30.671667098999023,,,87.6500015258789,162.02999877929688
2018-12-17,221.3800048828125,42.310001373291016,128.6050567626953,,,13.64799976348877,186.70281982421875,95.66181945800781,34.29399871826172,40.820411682128906,29.434999465942383,,,85.62999725341797,153.75999450683594
2018-12-18,226.17999267578125,43.06999969482422,130.0697479248047,,,14.013999938964844,187.3079071044922,96.66594696044922,34.7140007019043,40.92753982543945,29.536666870117188,,,85.66000366210938,155.7100067138672
2018-12-19,224.64999389648438,42.09000015258789,128.92947387695312,,,14.003999710083008,184.88775634765625,96.40559387207031,34.80799865722656,41.46311950683594,29.831666946411133,,,84.12000274658203,155.69000244140625
2018-12-20,218.64999389648438,41.560001373291016,125.55780029296875,,,13.973999977111816,181.56944274902344,94.3787612915039,33.98400115966797,41.275657653808594,29.906667709350586,,,83.69999694824219,152.05999755859375
2018-12-21,208.8000030517578,40.689998626708984,120.81977081298828,,,13.168000221252441,175.66078186035156,91.32919311523438,32.400001525878906,39.276153564453125,28.885000228881836,,,80.80000305175781,144.92999267578125
2018-12-24,205.16000366210938,40.310001373291016,119.26661682128906,,,13.10200023651123,172.76791381835938,87.5171890258789,31.784000396728516,38.10679626464844,28.325000762939453,,,79.23999786376953,142.41000366210938
2018-12-26,222.9499969482422,42.59000015258789,128.61488342285156,,,13.71399974822998,182.26904296875,93.4954605102539,33.902000427246094,39.80280303955078,30.274999618530273,,,82.79000091552734,153.80999755859375
2018-12-27,225.13999938964844,43.40999984741211,132.90074157714844,,,14.07800006866455,186.46646118164062,94.07194519042969,35.63999938964844,40.14201354980469,30.378332138061523,,,83.23999786376953,158.49000549316406
2018-12-28,223.1300048828125,43.34000015258789,132.38958740234375,,,14.067999839782715,185.15243530273438,93.33744049072266,36.066001892089844,40.00811004638672,30.68833351135254,,,83.63999938964844,159.55999755859375
2018-12-31,226.24000549316406,43.47999954223633,134.64065551757812,,,14.086000442504883,186.0977783203125,94.4345474243164,35.61000061035156,40.30268859863281,31.391666412353516,,,84.23999786376953,159.67999267578125
2019-01-02,224.57000732421875,43.22999954223633,133.2447967529297,,,13.935999870300293,183.8477783203125,94.01615142822266,35.66400146484375,40.365169525146484,30.53499984741211,,,84.05000305175781,159.74000549316406
2019-01-03,215.6999969482422,41.529998779296875,128.182373046875,,,13.513999938964844,178.22276306152344,90.55750274658203,33.82400131225586,39.972408294677734,29.950000762939453,,,81.11000061035156,154.02000427246094
2019-01-04,226.19000244140625,43.2599983215332,135.6138153076172,,,13.381999969482422,185.29420471191406,94.76924133300781,35.84600067138672,41.69520568847656,30.731666564941406,,,83.9000015258789,163.35000610351562
2019-01-07,229.25999450683594,43.41999816894531,139.80137634277344,,,14.017999649047852,188.1208953857422,94.89009094238281,37.33399963378906,42.35576248168945,31.225000381469727,,,85.76000213623047,163.5
2019-01-08,232.67999267578125,43.66999816894531,143.2418670654297,,,14.3100004196167,192.63031005859375,95.5781478881836,37.62200164794922,42.739593505859375,31.738332748413086,,,86.0999984741211,166.9499969482422
2019-01-09,235.42999267578125,43.849998474121094,143.50726318359375,,,14.616000175476074,192.0333709716797,96.94485473632812,38.09400177001953,42.650333404541016,32.185001373291016,,,86.95999908447266,166.17999267578125
2019-01-10,237.77000427246094,44.31999969482422,144.53939819335938,,,14.642000198364258,195.25514221191406,96.3218994140625,38.0,42.68604278564453,32.66666793823242,,,87.81999969482422,167.9600067138672
2019-01-11,237.5500030517578,44.45000076293945,145.04074096679688,,,14.654000282287598,195.3404083251953,95.5781478881836,38.3380012512207,43.105587005615234,32.66166687011719,,,87.70999908447266,167.4600067138672
2019-01-14,234.55999755859375,44.380001068115234,143.56622314453125,,,14.45199966430664,194.39283752441406,94.88082122802734,37.68000030517578,43.00737762451172,32.48833465576172,,,87.41000366210938,163.3300018310547
2019-01-15,242.36000061035156,45.27000045776367,146.65281677246094,,,14.925999641418457,198.80848693847656,97.63286590576172,37.66999816894531,43.35688781738281,33.36166763305664,,,88.47000122070312,164.47000122070312
2019-01-16,241.9499969482422,45.369998931884766,146.01388549804688,,,14.468000411987305,198.97901916503906,97.97687530517578,37.917999267578125,43.070125579833984,33.54999923706055,,,88.94999694824219,165.33999633789062
2019-01-17,244.39999389648438,45.7400016784668,147.27210998535156,,,14.529999732971191,200.62777709960938,98.6648941040039,37.305999755859375,43.536136627197266,33.883331298828125,,,89.13999938964844,166.5800018310547
2019-01-18,247.50999450683594,46.619998931884766,149.91635131835938,,,14.100000381469727,202.65562438964844,100.14318084716797,38.018001556396484,44.15449523925781,33.883331298828125,,,91.48999786376953,172.0800018310547
2019-01-22,243.85000610351562,45.779998779296875,146.4169158935547,,,13.970000267028809,201.20582580566406,98.25579071044922,37.13999938964844,43.85873794555664,33.83333206176758,,,89.79000091552734,170.77000427246094
2019-01-23,245.13999938964844,45.47999954223633,147.2033233642578,,,14.295999526977539,201.1110382080078,99.21344757080078,36.79199981689453,44.12761306762695,34.28666687011719,,,89.9800033569336,171.66000366210938
2019-01-24,242.55999755859375,45.939998626708984,144.37228393554688,,,14.503999710083008,201.03524780273438,98.7392807006836,37.13999938964844,44.09176254272461,35.07833480834961,,,91.41999816894531,171.1999969482422
2019-01-25,244.9499969482422,46.59000015258789,147.19349670410156,,,14.718000411987305,203.0630645751953,99.6411361694336,38.215999603271484,44.62945556640625,34.95333480834961,,,93.55000305175781,175.5800018310547
2019-01-28,241.85000610351562,46.459999084472656,144.824462890625,,,14.744000434875488,199.9834442138672,97.69798278808594,37.5880012512207,44.37852478027344,34.60166549682617,,,91.6500015258789,172.5
2019-01-29,238.27000427246094,46.29999923706055,142.7110137939453,,,14.642000198364258,197.40606689453125,95.70829772949219,36.9640007019043,44.45919418334961,34.461666107177734,,,90.33999633789062,166.69000244140625
2019-01-30,242.6699981689453,47.47999954223633,146.62335205078125,,,15.031999588012695,202.87350463867188,98.9066162109375,38.79999923706055,45.13132095336914,35.47666549682617,,,92.43000030517578,172.6199951171875
2019-01-31,247.82000732421875,48.029998779296875,149.3855743408203,,,15.314000129699707,204.50338745117188,97.0936050415039,44.00400161743164,45.014827728271484,35.8033332824707,,,93.3499984741211,181.52999877929688
2019-02-01,247.3800048828125,48.68000030517578,153.21922302246094,,,15.779999732971191,203.20516967773438,95.55951690673828,44.301998138427734,45.534610748291016,36.711666107177734,,,94.79000091552734,186.05999755859375
2019-02-04,254.74000549316406,49.689998626708984,155.03778076171875,,,16.027999877929688,209.3264617919922,98.31158447265625,45.02799987792969,45.73176574707031,36.69333267211914,,,97.55999755859375,186.77999877929688
2019-02-05,254.82000732421875,50.08000183105469,156.28616333007812,,,16.393999099731445,212.71873474121094,99.68760681152344,45.66999816894531,45.91994857788086,36.48833465576172,,,98.70999908447266,189.2899932861328
2019-02-06,254.35000610351562,50.47999954223633,155.44081115722656,,,16.243999481201172,212.8040008544922,98.58118438720703,45.11199951171875,45.93788146972656,36.758331298828125,,,99.73999786376953,188.47999572753906
2019-02-07,253.74000549316406,50.58000183105469,152.2952117919922,,,15.871999740600586,209.38333129882812,97.87459564208984,45.391998291015625,45.005863189697266,36.57500076293945,,,98.44999694824219,186.61000061035156
2019-02-08,257.0,50.90999984741211,154.00559997558594,,,16.20400047302246,213.04092407226562,98.24650573730469,45.71200180053711,45.73176574707031,37.436668395996094,,,99.41999816894531,189.41000366210938
2019-02-11,258.3900146484375,50.84000015258789,157.19052124023438,,,16.33799934387207,213.64735412597656,97.85600280761719,45.801998138427734,45.91099166870117,37.310001373291016,,,98.87000274658203,190.3000030517578
2019-02-12,261.3699951171875,52.130001068115234,160.02154541015625,,,16.625999450683594,216.95431518554688,99.38079833984375,46.93000030517578,45.90203094482422,37.40833282470703,,,101.58999633789062,189.52000427246094
2019-02-13,260.2300109863281,51.36000061035156,157.6721649169922,,,16.483999252319336,216.60377502441406,99.30643463134766,46.39400100708008,46.081268310546875,37.026668548583984,,,100.66000366210938,187.75
2019-02-14,260.1400146484375,51.65999984741211,156.7580108642578,,,16.63800048828125,218.6788787841797,99.39009094238281,46.805999755859375,46.13503646850586,37.526668548583984,,,100.61000061035156,188.5399932861328
2019-02-15,259.45001220703125,52.58000183105469,156.34515380859375,,,16.621999740600586,221.0857391357422,100.61737060546875,46.97800064086914,46.35012435913086,37.79499816894531,,,101.6500015258789,190.7899932861328
2019-02-19,257.80999755859375,52.63999938964844,157.8786163330078,,,16.785999298095703,222.32696533203125,100.57085418701172,46.91600036621094,46.61896514892578,38.31666564941406,,,101.86000061035156,192.74000549316406
2019-02-20,258.1000061035156,55.06999969482422,155.84381103515625,,,16.77400016784668,223.59674072265625,100.0479965209961,45.900001525878906,46.394927978515625,37.77333450317383,,,102.9800033569336,188.64999389648438
2019-02-21,257.760009765625,55.400001525878906,156.91529846191406,,,16.898000717163086,222.70602416992188,102.158203125,46.00199890136719,46.699623107910156,37.6966667175293,,,101.47000122070312,189.47000122070312
2019-02-22,258.8999938964844,56.56999969482422,158.56674194335938,,,17.357999801635742,237.78176879882812,103.61480712890625,47.0,47.03120803833008,38.349998474121094,,,102.30000305175781,194.6999969482422
2019-02-25,258.6199951171875,57.27000045776367,158.61587524414062,,,17.41200065612793,234.73062133789062,104.19369506835938,47.400001525878906,47.1029052734375,38.97999954223633,,,102.88999938964844,196.22999572753906
2019-02-26,261.2200012207031,57.36000061035156,160.22796630859375,,,17.395999908447266,235.8582305908203,104.91266632080078,47.242000579833984,47.13874816894531,39.258331298828125,,,102.56999969482422,195.1199951171875
2019-02-27,262.8999938964844,57.45000076293945,160.34591674804688,,,17.579999923706055,236.74899291992188,104.73526000976562,48.0620002746582,46.941593170166016,42.47999954223633,,,102.62999725341797,197.4499969482422
2019-02-28,262.5,57.25,160.8668975830078,,,17.357999801635742,234.1715850830078,104.60454559326172,47.88800048828125,46.717552185058594,41.04499816894531,,,101.68000030517578,197.92999267578125
2019-03-01,264.010009765625,58.13999938964844,161.73196411132812,,,17.38599967956543,237.2795867919922,105.0713882446289,48.70399856567383,47.0580940246582,40.91166687011719,,,103.19000244140625,189.13999938964844
2019-03-04,258.1600036621094,58.540000915527344,155.8044891357422,,,16.763999938964844,235.94351196289062,104.8193130493164,47.39400100708008,46.63689041137695,40.42333221435547,,,103.0,179.22000122070312
2019-03-05,257.3800048828125,58.869998931884766,154.300537109375,,,16.724000930786133,234.13365173339844,104.29640197753906,47.20000076293945,46.923667907714844,39.05666732788086,,,103.37999725341797,181.9600067138672
2019-03-06,256.3999938964844,58.5099983215332,154.1235809326172,,,16.579999923706055,233.9630889892578,104.34310913085938,46.62200164794922,46.91469955444336,39.073333740234375,,,103.68000030517578,182.42999267578125
2019-03-07,255.4600067138672,58.77000045776367,152.9538116455078,,,16.496000289916992,232.56072998046875,103.0732192993164,46.67399978637695,47.12082290649414,39.086666107177734,,,103.26000213623047,181.75
2019-03-08,254.74000549316406,59.15999984741211,152.42298889160156,,,16.134000778198242,232.98712158203125,103.18529510498047,46.790000915527344,47.291099548339844,39.10499954223633,,,103.19999694824219,181.61000061035156
2019-03-11,260.9599914550781,59.959999084472656,154.96896362304688,,,16.511999130249023,237.40274047851562,105.35151672363281,47.97200012207031,47.19252395629883,40.14666748046875,,,105.41000366210938,185.5
2019-03-12,263.510009765625,60.619998931884766,155.5882568359375,,,16.479999542236328,237.17532348632812,106.08915710449219,47.742000579833984,47.31798553466797,40.03666687011719,,,106.9000015258789,187.33999633789062
2019-03-13,264.3800048828125,60.65999984741211,157.0922088623047,,,16.73200035095215,240.34970092773438,106.91084289550781,48.077999114990234,47.550994873046875,40.45833206176758,,,107.62999725341797,186.16000366210938
2019-03-14,267.69000244140625,61.15999984741211,157.93759155273438,,,16.875999450683594,243.3060760498047,106.99488067626953,48.31800079345703,47.54202651977539,40.459999084472656,,,108.0,187.0399932861328
2019-03-15,257.0899963378906,60.9900016784668,158.7633056640625,,,16.652000427246094,244.5948028564453,108.22736358642578,48.37799835205078,47.443443298339844,39.95333480834961,,,109.16999816894531,186.69000244140625
2019-03-18,257.760009765625,61.060001373291016,159.1958465576172,,,16.902000427246094,244.20626831054688,109.77734375,48.19599914550781,47.909454345703125,40.168331146240234,,,109.30999755859375,187.50999450683594
2019-03-19,260.4200134277344,61.2400016784668,161.1421356201172,,,17.06399917602539,242.63330078125,109.85203552246094,48.391998291015625,48.429237365722656,40.41666793823242,,,109.19000244140625,191.52999877929688
2019-03-20,259.739990234375,61.45000076293945,160.7292938232422,,,17.1200008392334,242.5670166015625,109.73064422607422,48.917999267578125,47.174591064453125,40.970001220703125,,,109.2699966430664,192.7100067138672
2019-03-21,264.17999267578125,63.08000183105469,164.1107940673828,,,17.65999984741211,246.9541778564453,112.251708984375,50.189998626708984,48.429237365722656,41.63166809082031,,,112.91000366210938,197.5800018310547
2019-03-22,259.69000244140625,61.7599983215332,158.7534637451172,,,17.038000106811523,239.4305419921875,109.29181671142578,48.242000579833984,47.291099548339844,40.393333435058594,,,110.30999755859375,191.0800018310547
2019-03-25,262.2699890136719,62.11000061035156,158.14402770996094,,,17.003999710083008,240.52024841308594,109.86137390136719,48.34000015258789,47.264225006103516,40.30500030517578,,,111.36000061035156,190.6999969482422
2019-03-26,265.5899963378906,62.29999923706055,156.68917846679688,,,16.968000411987305,242.5670166015625,110.09481811523438,49.0,47.74815368652344,40.70000076293945,,,112.4000015258789,192.63999938964844
2019-03-27,262.3399963378906,61.83000183105469,152.48199462890625,,,16.365999221801758,241.98898315429688,109.03038024902344,48.27399826049805,47.32695388793945,39.90833282470703,,,112.48999786376953,189.67999267578125
2019-03-28,263.5299987792969,62.650001525878906,152.54095458984375,,,16.469999313354492,245.62765502929688,109.17977905273438,48.66600036621094,47.66748046875,39.731666564941406,,,113.93000030517578,190.1999969482422
2019-03-29,266.489990234375,63.5099983215332,155.67672729492188,,,16.79400062561035,247.70281982421875,110.12283325195312,49.29800033569336,48.13349533081055,40.47999954223633,,,115.1500015258789,192.85000610351562
2019-04-01,272.1700134277344,64.80000305175781,158.43893432617188,,,17.04400062561035,251.8152618408203,111.13124084472656,49.145999908447266,48.913169860839844,40.23500061035156,,,117.56999969482422,192.75
2019-04-02,271.3500061035156,64.61000061035156,157.7803192138672,,,17.125999450683594,254.1936492919922,111.28998565673828,49.36399841308594,48.527828216552734,40.03333282470703,,,117.51000213623047,193.77999877929688
2019-04-03,271.5,65.16999816894531,159.85443115234375,,,17.49799919128418,254.9706268310547,112.01826477050781,49.428001403808594,48.447166442871094,40.36833190917969,,,117.41999816894531,193.5
2019-04-04,267.8900146484375,63.66999816894531,155.8241729736328,,,16.700000762939453,248.85888671875,111.44868469238281,47.40599822998047,48.23208236694336,39.51166534423828,,,115.26000213623047,185.47000122070312
2019-04-05,267.45001220703125,64.19999694824219,155.8634796142578,,,16.82200050354004,247.9775848388672,111.9435806274414,47.395999908447266,48.33067321777344,39.80833435058594,,,116.58999633789062,186.2899932861328
2019-04-08,268.80999755859375,63.97999954223633,155.77500915527344,,,17.215999603271484,247.08685302734375,111.98092651367188,47.44200134277344,48.14246368408203,39.813331604003906,,,116.43000030517578,187.11000061035156
2019-04-09,268.989990234375,64.30999755859375,154.300537109375,,,17.461999893188477,245.76742553710938,111.37398529052734,47.75199890136719,48.24103927612305,40.128334045410156,,,116.69000244140625,190.8000030517578
2019-04-10,271.5799865722656,64.47000122070312,157.51490783691406,,,17.923999786376953,245.94775390625,112.22368621826172,48.731998443603516,48.583126068115234,40.41999816894531,,,117.27999877929688,195.10000610351562
2019-04-11,271.8999938964844,64.56999969482422,157.99658203125,,,17.93600082397461,246.42234802246094,112.35440063476562,49.15399932861328,48.421085357666016,40.98833465576172,,,117.76000213623047,195.8699951171875
2019-04-12,271.8599853515625,64.9800033569336,157.97691345214844,,,18.54199981689453,246.8685760498047,112.93331909179688,48.86000061035156,49.060211181640625,40.776668548583984,,,118.19000244140625,195.75
2019-04-15,272.2200012207031,65.05999755859375,157.3674774169922,,,19.04400062561035,247.6468963623047,113.02668762207031,48.757999420166016,49.177242279052734,41.369998931884766,,,117.56999969482422,192.91000366210938
2019-04-16,271.42999267578125,64.69999694824219,155.99127197265625,,,18.809999465942383,244.903564453125,112.76524353027344,47.96200180053711,49.1412239074707,40.746665954589844,,,116.7300033569336,195.7899932861328
2019-04-17,269.45001220703125,63.970001220703125,152.6982421875,,,18.474000930786133,243.27078247070312,113.69894409179688,47.24599838256836,49.04220962524414,39.904998779296875,,,116.04000091552734,191.02000427246094
2019-04-18,270.57000732421875,63.369998931884766,153.33721923828125,,,18.215999603271484,244.6947479248047,115.19292449951172,47.47999954223633,49.078224182128906,39.24333190917969,,,115.9800033569336,187.8300018310547
2019-04-22,272.2099914550781,64.20999908447266,156.06008911132812,,,18.31399917602539,248.32098388671875,115.55705261230469,48.52799987792969,49.16823959350586,39.880001068115234,,,116.98999786376953,189.3699951171875
2019-04-23,278.489990234375,66.69999694824219,158.4880828857422,,,18.398000717163086,252.20347595214844,117.12571716308594,48.709999084472656,49.456298828125,40.18166732788086,,,119.88999938964844,195.1999969482422
2019-04-24,275.45001220703125,67.6500015258789,156.84646606445312,,,18.45199966430664,250.64663696289062,116.7242202758789,48.540000915527344,49.672332763671875,40.518333435058594,,,119.87000274658203,195.3699951171875
2019-04-25,277.6600036621094,67.48999786376953,160.31642150878906,,,18.579999923706055,250.4568328857422,120.58978271484375,52.13800048828125,49.5192985534668,40.90999984741211,,,119.69999694824219,198.82000732421875
2019-04-26,281.9599914550781,68.22000122070312,163.1376495361328,,,18.604000091552734,240.71728515625,121.28076934814453,53.41600036621094,49.87937545776367,40.973331451416016,,,120.12000274658203,204.41000366210938
2019-04-29,286.1400146484375,68.18000030517578,162.54783630371094,,,18.606000900268555,235.16397094726562,121.16873168945312,54.3380012512207,49.58232116699219,41.53333282470703,,,119.86000061035156,204.50999450683594
2019-04-30,289.25,69.37999725341797,162.5380096435547,,,18.68400001525879,238.3250732421875,121.94374084472656,54.301998138427734,49.807373046875,41.4716682434082,,,121.08000183105469,205.6300048828125
2019-05-01,283.3500061035156,68.54000091552734,159.39242553710938,,,18.378000259399414,231.48086547851562,119.40398406982422,54.08000183105469,49.402286529541016,41.064998626708984,,,120.08999633789062,201.17999267578125
2019-05-02,279.6400146484375,69.44999694824219,159.07789611816406,,,18.302000045776367,233.47430419921875,117.84468078613281,52.534000396728516,49.150230407714844,41.121665954589844,,,120.69999694824219,198.64999389648438
2019-05-03,285.5799865722656,70.2699966430664,160.5621795654297,,,17.191999435424805,236.23663330078125,120.35638427734375,53.70399856567383,49.321266174316406,41.79499816894531,,,121.6500015258789,203.1199951171875
2019-05-06,283.6600036621094,70.0,159.73648071289062,,,17.00200080871582,235.87591552734375,119.65611267089844,53.95000076293945,49.37527847290039,41.30666732788086,,,121.52999877929688,202.97999572753906
2019-05-07,277.07000732421875,68.5999984741211,154.23171997070312,,,16.356000900268555,232.01239013671875,117.20040130615234,52.96200180053711,48.610130310058594,39.70166778564453,,,119.56999969482422,198.5399932861328
2019-05-08,276.7699890136719,68.94000244140625,154.19241333007812,,,16.329999923706055,231.73712158203125,117.19108581542969,53.19599914550781,48.601112365722656,39.75,,,119.36000061035156,196.9199981689453
2019-05-09,275.7900085449219,68.69999694824219,153.65174865722656,,,16.36199951171875,229.06011962890625,117.1817398071289,54.097999572753906,48.83516311645508,39.63833236694336,,,118.9000015258789,200.35000610351562
2019-05-10,278.4800109863281,69.36000061035156,157.2200469970703,,,16.579999923706055,232.22119140625,118.70368194580078,54.97999954223633,49.19524002075195,39.15833282470703,,,119.81999969482422,203.52999877929688
2019-05-13,267.70001220703125,66.9000015258789,150.5454864501953,,,15.89799976348877,224.91175842285156,115.17423248291016,52.02399826049805,48.097015380859375,37.41666793823242,,,115.9000015258789,194.0800018310547
2019-05-14,271.8599853515625,68.08999633789062,155.38185119628906,,,16.239999771118164,228.76589965820312,116.46277618408203,54.41400146484375,48.72714614868164,37.80833435058594,,,117.73999786376953,201.27999877929688
2019-05-15,276.82000732421875,68.73999786376953,152.42298889160156,,,16.209999084472656,230.8068084716797,118.10282135009766,54.79199981689453,49.114234924316406,36.625,,,120.2300033569336,204.99000549316406
2019-05-16,283.54998779296875,69.8499984741211,155.7848358154297,,,16.648000717163086,234.99314880371094,120.8299789428711,55.59199905395508,49.186241149902344,37.4716682434082,,,123.16999816894531,212.0
2019-05-17,279.8500061035156,68.66000366210938,151.94134521484375,,,16.52400016784668,232.99966430664062,120.02404022216797,54.597999572753906,49.060211181640625,37.60333251953125,,,121.38999938964844,210.3800048828125
2019-05-20,275.45001220703125,64.62000274658203,153.32737731933594,,,16.270000457763672,231.32891845703125,118.290283203125,53.01599884033203,48.30405044555664,37.28166580200195,,,115.01000213623047,202.80999755859375
2019-05-21,278.07000732421875,65.3499984741211,153.13076782226562,,,16.511999130249023,233.59768676757812,118.92755126953125,54.242000579833984,48.763153076171875,37.956668853759766,,,115.77999877929688,206.8300018310547
2019-05-22,281.82000732421875,64.72000122070312,154.95912170410156,,,16.392000198364258,234.97413635253906,119.649169921875,54.678001403808594,48.7901611328125,38.0,,,115.08999633789062,210.41000366210938
2019-05-23,274.25,63.720001220703125,151.09596252441406,,,15.498000144958496,229.0696258544922,118.2527847290039,52.95800018310547,47.78194808959961,35.96500015258789,,,117.01000213623047,205.32000732421875
2019-05-24,274.7699890136719,63.939998626708984,151.88233947753906,,,15.54800033569336,244.41944885253906,118.30900573730469,53.790000915527344,47.50289535522461,36.043331146240234,,,116.70999908447266,210.72000122070312
2019-05-28,278.25,63.91999816894531,152.55079650878906,,,15.447999954223633,242.7296905517578,118.2340316772461,53.33000183105469,46.58469772338867,35.746665954589844,,,117.87999725341797,212.8699951171875
2019-05-29,273.3800048828125,63.75,150.28990173339844,,,15.163999557495117,236.95814514160156,117.0906753540039,52.8380012512207,46.530696868896484,35.88666534423828,,,116.22000122070312,203.22999572753906
2019-05-30,274.510009765625,64.31999969482422,153.01280212402344,,,15.210000038146973,235.49623107910156,117.83104705810547,52.52000045776367,46.55769729614258,34.04999923706055,,,117.04000091552734,207.91000366210938
2019-05-31,270.8999938964844,63.56999969482422,148.8350830078125,,,14.496000289916992,232.4300994873047,115.90983581542969,52.38600158691406,45.54948425292969,33.356666564941406,,,116.44000244140625,204.1199951171875
2019-06-03,259.0299987792969,61.70000076293945,142.63241577148438,,,13.930000305175781,225.99395751953125,112.31108093261719,49.67599868774414,45.22541046142578,32.78333282470703,,,113.41000366210938,191.8800048828125
2019-06-04,268.7099914550781,63.220001220703125,148.24530029296875,,,14.494000434875488,234.5659637451172,115.4225082397461,51.5099983215332,46.82775115966797,33.61833190917969,,,118.05000305175781,195.7899932861328
2019-06-05,272.8599853515625,64.5,155.74551391601562,,,14.630000114440918,239.33128356933594,117.92476654052734,52.650001525878906,46.89976501464844,33.20166778564453,,,120.9800033569336,199.60000610351562
2019-06-06,274.79998779296875,64.69000244140625,156.60076904296875,,,14.718000411987305,240.35650634765625,119.78975677490234,53.698001861572266,47.340858459472656,32.92333221435547,,,122.12000274658203,204.11000061035156
2019-06-07,278.1600036621094,65.56999969482422,158.52740478515625,,,14.763999938964844,244.40997314453125,123.1448745727539,54.90999984741211,47.9439811706543,32.59000015258789,,,123.9000015258789,211.47000122070312
2019-06-10,280.3399963378906,67.16999816894531,150.1916046142578,,,14.935999870300293,247.3052215576172,124.26943969726562,55.17399978637695,48.61911392211914,33.154998779296875,,,126.22000122070312,213.69000244140625
2019-06-11,275.989990234375,68.19999694824219,147.5965118408203,,,15.196000099182129,243.70748901367188,123.8008804321289,53.257999420166016,48.55611801147461,33.46500015258789,,,126.13999938964844,205.77000427246094
2019-06-12,276.8399963378906,69.3499984741211,148.70729064941406,14.5,,15.39799976348877,244.33401489257812,123.2291488647461,53.57600021362305,48.26805114746094,33.84166717529297,,,126.73999786376953,209.4499969482422
2019-06-13,276.29998779296875,68.0999984741211,148.76626586914062,16.889999389648438,,15.321999549865723,244.14413452148438,124.00700378417969,54.757999420166016,48.46609115600586,34.244998931884766,,,125.9800033569336,208.4600067138672
2019-06-14,274.2799987792969,67.72000122070312,147.45889282226562,16.040000915527344,,15.142000198364258,241.23936462402344,124.12887573242188,54.45000076293945,47.96197509765625,33.88166809082031,,,124.80000305175781,208.0
2019-06-17,275.6000061035156,67.55000305175781,147.734130859375,17.502500534057617,,14.906000137329102,241.81842041015625,124.50375366210938,54.9119987487793,47.82695007324219,34.16666793823242,,,124.5199966430664,209.02999877929688
2019-06-18,276.7799987792969,69.20999908447266,148.0290069580078,19.125,,14.989999771118164,245.12185668945312,126.66862487792969,56.52799987792969,47.61991500854492,34.224998474121094,,,125.86000061035156,213.24000549316406
2019-06-19,291.2099914550781,71.44000244140625,151.51864624023438,19.30500030517578,,15.392000198364258,249.32713317871094,127.16533660888672,57.10200119018555,47.421875,34.85333251953125,,,127.6500015258789,215.75999450683594
2019-06-20,302.1099853515625,72.66999816894531,154.526611328125,18.712499618530273,,15.387999534606934,253.1337890625,128.3461456298828,57.7599983215332,51.30168533325195,34.439998626708984,,,130.00999450683594,220.11000061035156
2019-06-21,299.3299865722656,71.37000274658203,154.1727294921875,18.0575008392334,,15.22599983215332,248.2449493408203,128.36488342285156,57.14799880981445,50.51851272583008,34.081668853759766,,,128.83999633789062,216.3300018310547
2019-06-24,299.8699951171875,71.27999877929688,149.9655303955078,16.99250030517578,,15.168000221252441,249.03294372558594,129.12399291992188,56.5,51.07663345336914,33.084999084472656,,,128.11000061035156,209.07000732421875
2019-06-25,287.9700012207031,69.43000030517578,146.80027770996094,15.380000114440918,,14.973999977111816,244.42893981933594,125.04730224609375,55.071998596191406,50.473506927490234,33.09000015258789,,,124.63999938964844,204.52000427246094
2019-06-26,288.7200012207031,69.83999633789062,146.50540161132812,15.662500381469727,,15.050000190734863,243.4891357421875,125.515869140625,55.06800079345703,51.00461196899414,33.26333236694336,,,123.9800033569336,204.5800018310547
2019-06-27,293.2300109863281,70.16999816894531,148.1273193359375,15.819999694824219,,15.350000381469727,244.903564453125,125.72208404541016,55.70199966430664,51.103633880615234,34.14833450317383,,,125.62000274658203,206.25999450683594
2019-06-28,294.6499938964844,70.80999755859375,149.14962768554688,17.072500228881836,,15.366000175476074,248.07415771484375,125.54402160644531,54.91400146484375,51.2836799621582,33.959999084472656,,,128.69000244140625,205.5800018310547
2019-07-01,300.9700012207031,73.3499984741211,151.4399871826172,15.800000190734863,,15.437999725341797,250.79852294921875,127.15591430664062,56.70199966430664,52.219871520996094,34.27166748046875,,,131.42999267578125,213.47000122070312
2019-07-02,301.3900146484375,74.0199966430664,151.4989776611328,16.1299991607666,,15.621999740600586,252.8205108642578,127.99940490722656,57.6619987487793,52.62495422363281,34.12666702270508,,,133.4600067138672,213.9600067138672
2019-07-03,305.70001220703125,74.80999755859375,152.9439697265625,16.809999465942383,,15.767999649047852,256.4657287597656,128.82411193847656,58.630001068115234,52.98503875732422,34.82500076293945,,,134.88999938964844,216.8000030517578
2019-07-05,303.9800109863281,74.41000366210938,151.951171875,16.802499771118164,,15.777999877929688,256.81695556640625,128.44923400878906,58.90599822998047,53.36311340332031,34.9033317565918,,,135.39999389648438,216.00999450683594
2019-07-08,302.9200134277344,74.37000274658203,150.2112579345703,16.727500915527344,,15.710000038146973,257.3769836425781,128.3555145263672,58.599998474121094,53.58816146850586,34.9716682434082,,,135.60000610351562,215.27000427246094
2019-07-09,304.20001220703125,74.48999786376953,151.33187866210938,17.112499237060547,,16.110000610351562,257.39599609375,127.88697814941406,59.604000091552734,53.65117645263672,35.88999938964844,,,135.86000061035156,218.74000549316406
2019-07-10,306.9800109863281,75.0999984741211,153.6124267578125,18.584999084472656,,16.209999084472656,261.32330322265625,129.18963623046875,59.75,54.14627456665039,35.779998779296875,,,137.57000732421875,219.22999572753906
2019-07-11,307.6000061035156,75.19999694824219,156.19772338867188,17.719999313354492,,16.812000274658203,264.5660400390625,129.70506286621094,60.46200180053711,54.00225067138672,36.276668548583984,,,136.44000244140625,224.3000030517578
2019-07-12,309.4200134277344,75.0199966430664,155.39166259765625,18.375,,16.941999435424805,267.82769775390625,130.1736297607422,60.22600173950195,53.840206146240234,36.15666580200195,,,137.41000366210938,222.1699981689453
2019-07-15,308.760009765625,75.19999694824219,156.93495178222656,17.899999618530273,,17.003999710083008,268.68353271484375,130.1736297607422,60.220001220703125,53.58816146850586,36.61000061035156,,,137.4600067138672,218.0
2019-07-16,305.70001220703125,74.69000244140625,154.45782470703125,17.385000228881836,,16.95400047302246,267.095458984375,128.4679718017578,59.099998474121094,52.97355651855469,36.64500045776367,,,135.91000366210938,213.5
2019-07-17,309.3900146484375,74.3499984741211,155.54891967773438,17.75,,17.309999465942383,266.85772705078125,127.70886993408203,59.3120002746582,52.41317367553711,37.27333450317383,,,135.75,218.00999450683594
2019-07-18,310.0799865722656,74.72000122070312,155.2933349609375,18.1875,,17.290000915527344,268.9972839355469,127.84944152832031,58.93600082397461,52.53066635131836,37.051666259765625,,,136.0399932861328,217.8800048828125
2019-07-19,306.8699951171875,72.91999816894531,154.08424377441406,20.8799991607666,,17.472000122070312,265.6120910644531,128.03684997558594,57.948001861572266,52.00645446777344,37.043331146240234,,,134.99000549316406,214.24000549316406
2019-07-22,308.54998779296875,72.66000366210938,155.0181121826172,21.920000076293945,,17.510000228881836,267.3521728515625,129.73316955566406,58.762001037597656,52.06067657470703,36.93166732788086,,,135.4199981689453,214.33999633789062
2019-07-23,307.8800048828125,74.2699966430664,153.59274291992188,21.684999465942383,,17.52199935913086,268.0653381347656,130.5391082763672,58.20199966430664,51.925113677978516,37.32500076293945,,,136.16000366210938,211.97000122070312
2019-07-24,310.2699890136719,75.79000091552734,157.0332489013672,21.864999771118164,,17.31599998474121,267.5519104003906,131.87925720214844,59.44200134277344,52.521636962890625,37.503334045410156,,,137.6199951171875,214.58999633789062
2019-07-25,308.7300109863281,76.04000091552734,156.64007568359375,23.06999969482422,,17.06800079345703,267.7801513671875,131.38265991210938,57.145999908447266,52.6843376159668,37.233333587646484,,,137.5,215.00999450683594
2019-07-26,311.2699890136719,75.91000366210938,157.24951171875,23.219999313354492,,17.07200050354004,269.84356689453125,132.46035766601562,57.86600112915039,52.87412643432617,37.83833312988281,,,137.08999633789062,215.88999938964844
2019-07-29,307.2200012207031,76.3499984741211,153.55343627929688,21.8075008392334,,16.591999053955078,267.5424499511719,132.16983032226562,57.167999267578125,52.4764404296875,37.608333587646484,,,136.2100067138672,212.5
2019-07-30,303.6400146484375,75.54000091552734,154.29067993164062,23.5,,16.488000869750977,265.89727783203125,131.53257751464844,56.20000076293945,51.96126174926758,37.96333312988281,,,135.3699951171875,205.97000122070312
2019-07-31,298.8599853515625,73.91000366210938,151.87252807617188,22.267499923706055,,16.062000274658203,263.7007141113281,127.70886993408203,55.47800064086914,50.88569259643555,37.75666809082031,,,132.75999450683594,199.97999572753906
2019-08-01,298.44000244140625,73.04000091552734,148.24530029296875,22.88249969482422,,15.803999900817871,264.3187561035156,129.3863983154297,54.79999923706055,50.50609588623047,37.564998626708984,,,132.52000427246094,203.86000061035156
2019-08-02,293.7099914550781,71.2699966430664,143.22218322753906,22.002500534057617,,17.209999084472656,261.1617736816406,128.29928588867188,53.172000885009766,50.46993637084961,36.926666259765625,,,129.35000610351562,195.8300018310547
2019-08-05,280.3599853515625,67.5,140.39114379882812,21.3700008392334,,16.172000885009766,250.59695434570312,123.90396118164062,51.36199951171875,48.58997344970703,35.755001068115234,,,124.7699966430664,187.83999633789062
2019-08-06,286.2099914550781,69.1500015258789,140.3715057373047,21.309999465942383,,16.41200065612793,256.83502197265625,126.2281494140625,52.34199905395508,48.77073669433594,35.685001373291016,,,126.2300033569336,187.3300018310547
2019-08-07,289.0199890136719,68.93000030517578,139.2312469482422,21.05500030517578,,16.29199981689453,255.38954162597656,126.78105163574219,52.13800048828125,48.21035385131836,35.33000183105469,,,127.04000091552734,187.14999389648438
2019-08-08,297.7799987792969,71.38999938964844,141.37416076660156,22.912500381469727,,16.874000549316406,263.12066650390625,130.16427612304688,53.422000885009766,49.39437484741211,35.84166717529297,,,131.97000122070312,192.7899932861328
2019-08-09,294.8299865722656,70.23999786376953,140.9318084716797,23.725000381469727,,16.70599937438965,262.9969787597656,129.05838012695312,52.763999938964844,48.71651840209961,35.8650016784668,,,131.0,191.52000427246094
2019-08-12,288.6499938964844,68.72000122070312,138.32687377929688,23.252500534057617,,16.437999725341797,259.2693176269531,127.25907135009766,51.7140007019043,48.129024505615234,36.04999923706055,,,128.16000366210938,189.74000549316406
2019-08-13,293.1700134277344,70.97000122070312,141.43313598632812,24.912500381469727,,16.781999588012695,265.4503479003906,129.8924560546875,52.4379997253418,48.779781341552734,37.07666778564453,,,132.1199951171875,192.14999389648438
2019-08-14,283.6600036621094,67.7300033569336,137.34390258789062,23.5049991607666,,16.142000198364258,254.74301147460938,125.98081970214844,50.46200180053711,47.2884521484375,36.095001220703125,,,126.70999908447266,185.77000427246094
2019-08-15,282.7099914550781,68.13999938964844,139.71292114257812,23.415000915527344,,16.020000457763672,255.2660369873047,125.69877624511719,50.45800018310547,47.53248977661133,35.768333435058594,,,127.29000091552734,185.99000549316406
2019-08-16,287.45001220703125,69.31999969482422,141.44296264648438,24.012500762939453,,16.131999969482422,257.6623229980469,128.00250244140625,51.38199996948242,48.43632888793945,33.211666107177734,,,128.97999572753906,192.38999938964844
2019-08-19,287.9700012207031,69.5999984741211,141.2267303466797,24.84749984741211,,16.23200035095215,260.7718811035156,130.14639282226562,51.10200119018555,48.689395904541016,33.005001068115234,,,129.94000244140625,187.63999938964844
2019-08-20,285.7099914550781,68.79000091552734,143.0648956298828,24.790000915527344,,15.934000015258789,259.4499816894531,129.06503295898438,51.055999755859375,47.88498306274414,33.279998779296875,,,129.9600067138672,186.14999389648438
2019-08-21,291.5299987792969,69.69000244140625,144.8736114501953,24.145000457763672,,16.393999099731445,262.6832275390625,130.50367736816406,53.15599822998047,48.1199836730957,33.961666107177734,,,131.83999633789062,190.9199981689453
2019-08-22,287.69000244140625,69.80999755859375,145.71897888183594,23.24250030517578,,16.350000381469727,262.17919921875,129.553955078125,52.928001403808594,48.074790954589844,34.09333419799805,,,139.0,193.3699951171875
2019-08-23,282.44000244140625,66.80999755859375,148.99237060546875,22.107500076293945,,16.06999969482422,265.060546875,125.42610168457031,52.61399841308594,46.61962127685547,33.595001220703125,,,135.0500030517578,192.1300048828125
2019-08-26,288.739990234375,67.79000091552734,152.50164794921875,22.219999313354492,,16.22599983215332,268.8927917480469,127.36311340332031,53.31399917602539,47.116729736328125,33.94166564941406,,,136.6199951171875,193.86000061035156
2019-08-27,289.45001220703125,67.11000061035156,150.9583740234375,21.020000457763672,,16.172000885009766,269.3111267089844,127.63575744628906,53.242000579833984,47.35172653198242,33.68000030517578,,,136.69000244140625,188.35000610351562
2019-08-28,282.1300048828125,66.81999969482422,149.24794006347656,21.747499465942383,,15.569999694824219,268.10357666015625,127.46652221679688,52.06399917602539,46.954036712646484,33.03333282470703,,,136.75,185.30999755859375
2019-08-29,286.6300048828125,69.0199966430664,153.27821350097656,20.954999923706055,,15.593999862670898,272.8580322265625,129.87368774414062,52.95800018310547,47.143836975097656,33.358333587646484,,,141.30999755859375,187.64999389648438
2019-08-30,284.510009765625,68.4800033569336,153.4158477783203,20.31999969482422,,15.836000442504883,274.2083740234375,129.6292266845703,52.36800003051758,47.053466796875,33.936668395996094,,,141.80999755859375,177.27999877929688
2019-09-03,282.45001220703125,68.13999938964844,150.1326446533203,20.940000534057617,,15.605999946594238,270.25250244140625,127.9178466796875,52.67599868774414,46.89980697631836,33.188331604003906,,,139.27000427246094,174.97999572753906
2019-09-04,284.6000061035156,68.5,149.8672332763672,21.327499389648438,,15.644000053405762,272.25897216796875,129.41297912597656,53.70399856567383,47.875953674316406,33.415000915527344,,,141.52000427246094,173.6699981689453
2019-09-05,287.75,70.61000061035156,151.15496826171875,21.712499618530273,,16.077999114990234,277.96453857421875,131.6884307861328,53.92399978637695,48.66227340698242,35.34166717529297,,,145.9499969482422,175.89999389648438
2019-09-06,284.94000244140625,70.0,148.50086975097656,18.9950008392334,,16.020000457763672,273.6758117675781,130.795166015625,52.70000076293945,48.047672271728516,35.98666763305664,,,145.50999450683594,172.3000030517578
2019-09-09,279.29998779296875,68.41000366210938,146.99688720703125,16.774999618530273,,15.802000045776367,262.35986328125,129.30947875976562,50.93600082397461,49.29496765136719,35.1966667175293,,,141.25999450683594,171.0399932861328
2019-09-10,276.1400146484375,65.7699966430664,147.10499572753906,17.912500381469727,,15.842000007629395,254.42913818359375,127.95547485351562,50.63600158691406,50.135528564453125,34.473331451416016,,,135.25,173.88999938964844
2019-09-11,277.7799987792969,65.47000122070312,151.469482421875,17.27750015258789,,15.970000267028809,253.0694122314453,127.99307250976562,50.73400115966797,50.87667465209961,35.73500061035156,,,134.63999938964844,172.55999755859375
2019-09-12,278.0199890136719,66.1500015258789,152.1182861328125,17.415000915527344,,15.673999786376953,255.08531188964844,129.30947875976562,51.36199951171875,48.70747375488281,34.87333297729492,,,137.38999938964844,170.3800048828125
2019-09-13,278.3500061035156,65.54000091552734,150.37838745117188,16.21500015258789,,15.621999740600586,252.2040252685547,129.12147521972656,50.391998291015625,48.5809326171875,34.724998474121094,,,134.63999938964844,167.58999633789062
2019-09-16,282.92999267578125,65.7300033569336,150.40785217285156,16.96500015258789,,15.934000015258789,252.77456665039062,128.1905975341797,52.22999954223633,48.02958679199219,35.96666717529297,,,133.24000549316406,173.0
2019-09-17,284.69000244140625,67.3499984741211,150.22109985351562,17.760000228881836,,15.890000343322754,255.36105346679688,129.18728637695312,52.810001373291016,47.785560607910156,35.448333740234375,,,136.6999969482422,175.07000732421875
2019-09-18,279.7200012207031,67.79000091552734,150.17193603515625,17.712499618530273,,15.77400016784668,255.10435485839844,130.2498016357422,53.16999816894531,47.505374908447266,35.03166580200195,,,136.5,175.50999450683594
2019-09-19,281.260009765625,66.91999816894531,150.9878387451172,17.232500076293945,37.54999923706055,15.684000015258789,256.7684020996094,132.64759826660156,53.74800109863281,48.23747253417969,34.814998626708984,,,137.1300048828125,172.74000549316406
2019-09-20,277.9100036621094,66.01000213623047,152.5606231689453,16.74250030517578,36.150001525878906,15.645999908447266,255.96961975097656,131.11488342285156,54.23400115966797,48.32786560058594,34.70833206176758,,,135.72000122070312,174.97000122070312
2019-09-23,277.44000244140625,65.97000122070312,152.0199737548828,16.727500915527344,36.11000061035156,15.85200023651123,255.79844665527344,130.83282470703125,53.400001525878906,48.8249626159668,34.95166778564453,,,137.11000061035156,174.4499969482422
2019-09-24,272.4700012207031,65.16000366210938,149.46420288085938,15.630000114440918,34.5,15.855999946594238,251.85220336914062,129.1778564453125,51.5,48.21940231323242,34.57833480834961,,,136.47999572753906,167.50999450683594
2019-09-25,277.42999267578125,66.12999725341797,150.38821411132812,15.505000114440918,35.25,15.857999801635742,253.35464477539062,131.03970336914062,51.875999450683594,48.66227340698242,35.22666549682617,,,139.38999938964844,169.97999572753906
2019-09-26,283.80999755859375,66.58000183105469,149.749267578125,14.574999809265137,32.439998626708984,15.772000312805176,256.4832458496094,131.20889282226562,51.597999572753906,48.77073669433594,34.79833221435547,,,140.74000549316406,174.44000244140625
2019-09-27,277.5400085449219,65.19999694824219,145.73863220214844,13.364999771118164,32.27000045776367,15.244000434875488,250.27365112304688,129.50698852539062,50.051998138427734,48.88822555541992,33.733333587646484,,,136.2100067138672,168.64999389648438
2019-09-30,276.25,66.08000183105469,145.91558837890625,14.577500343322754,33.90999984741211,15.35200023651123,252.888671875,130.7293701171875,50.77000045776367,49.73783874511719,33.9716682434082,,,137.25,169.9600067138672
2019-10-01,272.7099914550781,65.29000091552734,145.1783447265625,14.47249984741211,32.38999938964844,15.40999984741211,251.3291778564453,128.88641357421875,50.0260009765625,48.62612533569336,34.16666793823242,,,135.99000549316406,168.74000549316406
2019-10-02,266.6600036621094,64.0199966430664,141.7673797607422,14.157500267028809,31.100000381469727,15.130000114440918,247.6680908203125,126.61088562011719,49.369998931884766,48.03863525390625,34.23500061035156,,,133.30999755859375,165.80999755859375
2019-10-03,272.3999938964844,65.0999984741211,144.50006103515625,15.53499984741211,32.88999938964844,15.473999977111816,250.09291076660156,128.14356994628906,51.4739990234375,48.680355072021484,34.74333190917969,,,136.02999877929688,172.08999633789062
2019-10-04,276.9599914550781,65.91000366210938,145.51254272460938,15.960000038146973,34.720001220703125,15.498000144958496,253.98220825195312,129.87368774414062,53.29600143432617,49.83726119995117,35.095001220703125,,,138.77999877929688,173.8800048828125
2019-10-07,276.8999938964844,65.5999984741211,146.26947021484375,17.19499969482422,36.810001373291016,15.562000274658203,253.66844177246094,128.9333953857422,53.630001068115234,49.52996063232422,35.46833419799805,,,137.88999938964844,177.83999633789062
2019-10-08,270.8299865722656,63.63999938964844,143.4286346435547,16.325000762939453,35.45000076293945,15.265999794006348,248.18157958984375,127.56995391845703,51.625999450683594,48.85207748413086,34.4900016784668,,,133.94000244140625,169.49000549316406
2019-10-09,274.2699890136719,64.8499984741211,144.54922485351562,15.770000457763672,36.75,15.57800006866455,251.55474853515625,129.9864959716797,52.40399932861328,49.505733489990234,34.901668548583984,,,135.7899932861328,173.2899932861328
2019-10-10,274.9800109863281,65.54000091552734,143.92007446289062,15.352499961853027,35.599998474121094,15.520000457763672,254.91830444335938,130.795166015625,52.63600158691406,50.37728500366211,34.883331298828125,,,138.22000122070312,174.32000732421875
2019-10-11,278.2900085449219,65.9000015258789,146.82977294921875,15.067500114440918,35.66999816894531,15.831999778747559,257.3385314941406,131.34054565429688,54.066001892089844,51.6483039855957,35.06999969482422,,,138.61000061035156,180.44000244140625
2019-10-14,277.7799987792969,66.51000213623047,146.82977294921875,13.630000114440918,33.09000015258789,15.862000465393066,256.37615966796875,131.21832275390625,53.88800048828125,51.257911682128906,35.59166717529297,,,138.85000610351562,180.24000549316406
2019-10-15,279.3900146484375,67.62999725341797,150.1424560546875,13.802499771118164,34.79999923706055,15.736000061035156,260.6069641113281,133.11769104003906,54.847999572753906,51.15805435180664,35.43000030517578,,,140.66000366210938,180.9600067138672
2019-10-16,272.70001220703125,66.81999969482422,144.47059631347656,13.007499694824219,32.20000076293945,15.553999900817871,256.4619140625,132.02696228027344,50.91999816894531,50.731361389160156,35.4900016784668,,,138.74000549316406,160.4600067138672
2019-10-17,269.239990234375,66.0,143.68418884277344,12.609999656677246,33.959999084472656,15.781999588012695,253.9654541015625,131.3499755859375,50.86199951171875,49.986907958984375,35.711666107177734,,,136.8300018310547,157.8300018310547
2019-10-18,265.5199890136719,65.5999984741211,141.63955688476562,11.760000228881836,31.56999969482422,15.312000274658203,250.09681701660156,129.2061309814453,48.599998474121094,49.523902893066406,35.435001373291016,,,134.9499969482422,154.5399932861328
2019-10-21,266.8399963378906,66.75,142.09176635742188,11.850000381469727,30.010000228881836,15.255999565124512,249.8395538330078,130.16517639160156,48.18000030517578,50.050453186035156,35.378334045410156,,,136.67999267578125,154.08999633789062
2019-10-22,261.0899963378906,62.939998626708984,139.90948486328125,11.550000190734863,28.040000915527344,15.407999992370605,241.3877410888672,128.2281494140625,45.667999267578125,49.12443923950195,35.56833267211914,,,132.1199951171875,153.02000427246094
2019-10-23,261.32000732421875,63.470001220703125,142.66188049316406,11.967499732971191,28.760000228881836,15.612000465393066,243.90325927734375,129.04627990722656,44.00199890136719,49.14259338378906,36.20000076293945,,,133.9600067138672,152.2899932861328
2019-10-24,269.70001220703125,65.08999633789062,145.6010284423828,12.960000038146973,32.5,16.191999435424805,246.6951141357422,131.58505249023438,47.555999755859375,49.260623931884766,36.9283332824707,,,137.72000122070312,158.58999633789062
2019-10-25,270.9800109863281,65.0999984741211,147.9307403564453,12.52750015258789,34.29999923706055,16.09600067138672,245.5231475830078,132.32786560058594,48.24399948120117,49.17890930175781,37.44166564941406,,,137.13999938964844,160.75
2019-10-28,271.3500061035156,65.87999725341797,152.15760803222656,11.987500190734863,33.279998779296875,16.062000274658203,246.41880798339844,135.58128356933594,48.939998626708984,49.60560607910156,37.991668701171875,,,137.2899932861328,159.39999389648438
2019-10-29,271.45001220703125,65.97000122070312,152.4524688720703,11.949999809265137,33.650001525878906,16.149999618530273,246.3044891357422,134.302490234375,48.20800018310547,49.75086975097656,37.43166732788086,,,136.67999267578125,158.11000061035156
2019-10-30,278.4100036621094,66.94000244140625,155.5882568359375,12.861249923706055,34.810001373291016,16.52400016784668,248.0195770263672,135.97622680664062,49.9900016784668,49.7962646484375,37.83000183105469,,,137.61000061035156,164.10000610351562
2019-10-31,277.92999267578125,65.3499984741211,153.82870483398438,12.477499961853027,33.59000015258789,16.312000274658203,245.361083984375,134.81024169921875,49.45199966430664,49.46943283081055,37.89833450317383,,,135.75,162.16000366210938
2019-11-01,277.82000732421875,65.4800033569336,157.02342224121094,12.125,34.02000045776367,18.025999069213867,244.38922119140625,135.13931274414062,50.60599899291992,49.932437896728516,38.9283332824707,,,136.10000610351562,165.3300018310547
2019-11-04,277.5,66.87999725341797,154.91981506347656,12.412500381469727,34.439998626708984,18.378000259399414,242.0832977294922,135.91978454589844,49.15999984741211,50.340980529785156,39.003334045410156,,,135.77000427246094,165.19000244140625
2019-11-05,289.2900085449219,67.19999694824219,155.46047973632812,12.175000190734863,34.90999984741211,18.327999114990234,241.22572326660156,135.83518981933594,48.37200164794922,50.54070281982422,38.91999816894531,,,135.6300048828125,161.3800048828125
2019-11-06,287.3999938964844,67.13999938964844,156.22718811035156,11.957500457763672,33.060001373291016,18.621999740600586,241.4734649658203,135.45904541015625,48.27000045776367,50.567935943603516,38.78166580200195,,,136.57000732421875,161.5500030517578
2019-11-07,290.7699890136719,66.87000274658203,156.78750610351562,11.375,31.290000915527344,18.833999633789062,247.12396240234375,135.64712524414062,48.178001403808594,50.8221435546875,38.97666549682617,,,135.22999572753906,160.44000244140625
2019-11-08,292.4599914550781,67.0999984741211,158.3701171875,11.802499771118164,32.810001373291016,19.246000289916992,244.74176025390625,137.24562072753906,49.689998626708984,51.28516387939453,39.48833465576172,,,136.2100067138672,162.4199981689453
2019-11-11,290.2699890136719,67.44999694824219,159.0287322998047,11.550000190734863,33.54999923706055,19.190000534057617,245.8661346435547,137.38671875,49.709999084472656,51.23067855834961,39.334999084472656,,,137.80999755859375,163.97000122070312
2019-11-12,291.7200012207031,67.58000183105469,160.09034729003906,11.762499809265137,34.400001525878906,19.99799919128418,247.72425842285156,138.28933715820312,50.50600051879883,51.375946044921875,40.19166564941406,,,138.88999938964844,163.7100067138672
2019-11-13,293.5400085449219,67.20999908447266,159.83480834960938,13.0,40.189998626708984,19.93400001525879,249.4107666015625,138.51502990722656,50.78799819946289,51.03095626831055,40.538333892822266,,,139.1999969482422,166.3800048828125
2019-11-14,294.5299987792969,67.16000366210938,160.2771453857422,13.182499885559082,41.369998931884766,20.02400016784668,252.29788208007812,139.2202606201172,50.77000045776367,50.92201232910156,40.918331146240234,,,138.1300048828125,164.8000030517578
2019-11-15,297.5,67.4800033569336,160.43441772460938,14.9375,40.630001068115234,20.308000564575195,253.50807189941406,141.01617431640625,51.992000579833984,51.22160720825195,41.16666793823242,,,139.7100067138672,165.97999572753906
2019-11-18,297.1600036621094,67.2300033569336,160.0018768310547,14.267499923706055,40.31999969482422,20.76799964904785,255.747314453125,141.3640594482422,53.262001037597656,51.01279830932617,41.43166732788086,,,139.22999572753906,164.0
2019-11-19,300.6000061035156,68.48999786376953,161.17166137695312,14.0,39.150001525878906,21.013999938964844,259.4253845214844,141.41114807128906,55.54800033569336,51.08542251586914,41.36333465576172,,,141.75,166.88999938964844
2019-11-20,300.1000061035156,67.69999694824219,161.4075469970703,13.720000267028809,38.400001525878906,20.489999771118164,260.5877990722656,141.16578674316406,56.599998474121094,51.05819320678711,41.311668395996094,,,140.83999633789062,172.55999755859375
2019-11-21,298.79998779296875,67.19000244140625,160.11001586914062,13.442500114440918,40.029998779296875,20.604000091552734,258.36761474609375,141.03372192382812,55.82400131225586,51.04911422729492,41.12333297729492,,,138.77000427246094,171.50999450683594
2019-11-22,299.29998779296875,67.19000244140625,160.0412139892578,13.550000190734863,41.040000915527344,20.761999130249023,247.56228637695312,141.13751220703125,55.99599838256836,51.19436264038086,41.14500045776367,,,135.3800048828125,172.83999633789062
2019-11-25,305.2799987792969,68.16999816894531,158.9599609375,13.960000038146973,42.810001373291016,21.027999877929688,244.95140075683594,142.68482971191406,55.95000076293945,51.34870529174805,41.71333312988281,,,138.19000244140625,176.4499969482422
2019-11-26,307.8999938964844,69.52999877929688,159.7758026123047,13.895000457763672,40.54999923706055,20.874000549316406,253.34609985351562,143.4396209716797,55.77199935913086,51.30331039428711,36.72833251953125,,,140.07000732421875,177.99000549316406
2019-11-27,309.05999755859375,70.9000015258789,158.7633056640625,14.072500228881836,41.86000061035156,21.04599952697754,249.79193115234375,143.71327209472656,56.25600051879883,51.39409255981445,37.04499816894531,,,141.77000427246094,179.67999267578125
2019-11-29,309.5299987792969,70.25,160.11985778808594,14.5,40.77000045776367,21.02199935913086,246.6855926513672,142.82640075683594,56.608001708984375,50.96739959716797,37.869998931884766,,,141.0399932861328,179.1199951171875
2019-12-02,302.75,67.4800033569336,158.26199340820312,13.7524995803833,39.599998474121094,20.784000396728516,244.45591735839844,141.0998077392578,55.470001220703125,50.322811126708984,37.45166778564453,,,135.49000549316406,171.92999267578125
2019-12-03,303.9100036621094,65.22000122070312,158.82229614257812,14.342499732971191,37.77000045776367,20.760000228881836,241.72116088867188,140.87330627441406,55.801998138427734,49.56021499633789,37.834999084472656,,,135.2100067138672,173.5
2019-12-04,302.510009765625,65.93000030517578,153.76968383789062,13.744999885559082,36.91999816894531,20.714000701904297,242.2643280029297,141.3828125,54.7599983215332,49.39678955078125,37.60333251953125,,,136.00999450683594,165.38999938964844
2019-12-05,303.0299987792969,65.80999755859375,155.5292510986328,13.237500190734863,35.86000061035156,20.98200035095215,241.81649780273438,141.45831298828125,54.625999450683594,49.64191436767578,38.14500045776367,,,131.8800048828125,160.97000122070312
2019-12-06,306.2300109863281,67.18000030517578,155.3228302001953,12.72249984741211,35.90999984741211,20.718000411987305,244.10336303710938,143.17544555664062,54.40800094604492,49.778106689453125,37.731666564941406,,,134.2100067138672,166.22000122070312
2019-12-09,307.04998779296875,66.02999877929688,154.8018341064453,12.25,35.15999984741211,20.770000457763672,243.71273803710938,142.80752563476562,53.939998626708984,50.21388626098633,37.643333435058594,,,132.24000549316406,163.6300048828125
2019-12-10,304.1700134277344,65.8499984741211,153.74020385742188,11.887499809265137,34.810001373291016,20.709999084472656,240.42535400390625,142.5904998779297,53.35599899291992,50.6768913269043,37.54833221435547,,,131.61000061035156,163.22000122070312
2019-12-11,303.739990234375,65.88999938964844,153.7303924560547,11.932499885559082,35.54999923706055,20.827999114990234,240.02511596679688,143.12828063964844,53.459999084472656,51.12173080444336,37.82833480834961,,,132.0800018310547,165.0
2019-12-12,305.9599914550781,66.87999725341797,155.89295959472656,11.824999809265137,35.72999954223633,20.8799991607666,240.83506774902344,144.58128356933594,53.130001068115234,51.266998291015625,37.814998626708984,,,135.8800048828125,159.74000549316406
2019-12-13,317.94000244140625,67.91999816894531,158.38980102539062,12.352499961853027,38.790000915527344,21.128000259399414,247.4002227783203,145.7983856201172,54.59600067138672,49.487579345703125,37.831668853759766,,,136.6999969482422,159.4600067138672
2019-12-16,323.79998779296875,69.05999755859375,159.20567321777344,12.362500190734863,38.790000915527344,21.447999954223633,251.07826232910156,146.7418212890625,56.358001708984375,49.0154914855957,38.28166580200195,,,136.60000610351562,160.4499969482422
2019-12-17,322.8500061035156,69.12999725341797,158.8813018798828,12.09749984741211,37.18000030517578,21.270000457763672,248.12435913085938,145.9493408203125,55.22800064086914,47.971458435058594,38.44499969482422,,,136.94000244140625,159.61000061035156
2019-12-18,324.3800048828125,69.94000244140625,158.7338104248047,12.53499984741211,38.209999084472656,21.600000381469727,250.79237365722656,145.6473846435547,55.4900016784668,48.47078323364258,38.23666763305664,,,138.10000610351562,161.47999572753906
2019-12-19,327.6300048828125,69.68000030517578,160.55235290527344,12.367500305175781,38.099998474121094,21.9060001373291,251.6023406982422,146.9116973876953,55.69599914550781,48.33460235595703,38.18333435058594,,,139.5,161.57000732421875
2019-12-20,327.6099853515625,70.08999633789062,161.7516326904297,12.3725004196167,38.5099983215332,21.384000778198242,254.508544921875,148.51565551757812,56.5260009765625,48.66143035888672,38.334999084472656,,,139.8800048828125,167.16000366210938
2019-12-23,328.95001220703125,70.13999938964844,160.9553985595703,11.962499618530273,37.79999923706055,21.56399917602539,253.72715759277344,148.51565551757812,56.6619987487793,48.76129913330078,38.55500030517578,,,139.91000366210938,165.61000061035156
2019-12-24,329.6400146484375,69.6500015258789,160.47372436523438,11.9375,37.09000015258789,21.555999755859375,251.86912536621094,148.4873809814453,56.84000015258789,48.51616668701172,38.63166809082031,,,138.2100067138672,166.19000244140625
2019-12-26,331.20001220703125,70.05000305175781,161.71229553222656,12.507499694824219,37.959999084472656,21.648000717163086,254.28944396972656,149.70445251464844,57.2400016784668,48.634185791015625,38.92333221435547,,,140.07000732421875,165.36000061035156
2019-12-27,330.7900085449219,70.29000091552734,162.17431640625,12.229999542236328,36.11000061035156,21.489999771118164,254.47039794921875,149.97805786132812,57.375999450683594,48.534332275390625,38.878334045410156,,,140.6199951171875,165.85000610351562
2019-12-30,328.3399963378906,69.98999786376953,159.67747497558594,12.507499694824219,37.130001068115234,21.389999389648438,250.44940185546875,148.68551635742188,56.5620002746582,47.84435272216797,38.5716667175293,,,139.10000610351562,163.83999633789062
2019-12-31,329.80999755859375,69.36000061035156,159.8740997314453,12.467499732971191,37.779998779296875,21.351999282836914,249.58236694335938,148.78927612304688,56.4640007019043,48.09855651855469,38.54166793823242,,,139.1999969482422,164.4499969482422
2020-01-02,334.42999267578125,71.44000244140625,164.15013122558594,12.359999656677246,36.70000076293945,21.93600082397461,253.61294555664062,151.54425048828125,58.24800109863281,48.979190826416016,39.23500061035156,,,142.8699951171875,167.4600067138672
2020-01-03,331.80999755859375,70.41999816894531,163.34408569335938,12.6875,37.41999816894531,22.242000579833984,251.91680908203125,149.65725708007812,58.220001220703125,48.80668640136719,39.4716682434082,,,141.75999450683594,168.44000244140625
2020-01-06,333.7099914550781,70.8499984741211,170.50025939941406,13.77750015258789,39.900001525878906,22.399999618530273,253.8511199951172,150.04412841796875,58.57400131225586,49.06089782714844,40.043331146240234,,,141.97999572753906,169.49000549316406
2020-01-07,333.3900146484375,71.06999969482422,173.0068817138672,13.6875,40.060001373291016,22.378000259399414,253.9082489013672,148.676025390625,58.582000732421875,49.16983413696289,40.27333450317383,,,142.9600067138672,172.9499969482422
2020-01-08,337.8699951171875,72.27999877929688,174.31430053710938,13.914999961853027,39.95000076293945,22.733999252319336,260.01617431640625,151.04421997070312,59.130001068115234,49.361331939697266,39.76166534423828,,,145.86000061035156,178.7100067138672
2020-01-09,340.45001220703125,73.36000061035156,176.54566955566406,13.984999656677246,40.209999084472656,22.895999908447266,262.45062255859375,152.93121337890625,59.86199951171875,49.58930587768555,40.01166534423828,,,148.6699981689453,179.47999572753906
2020-01-10,339.80999755859375,73.02999877929688,177.13546752929688,14.300000190734863,40.15999984741211,22.86400032043457,262.7846984863281,152.2235870361328,59.7760009765625,49.65315246582031,39.64500045776367,,,148.4600067138672,180.11000061035156
2020-01-13,345.6300048828125,73.38999938964844,180.72340393066406,14.742500305175781,40.939998626708984,23.33799934387207,263.5389709472656,154.05392456054688,60.77000045776367,49.77169418334961,40.1533317565918,,,149.92999267578125,181.9199981689453
2020-01-14,344.6300048828125,72.61000061035156,179.02281188964844,14.8100004196167,39.27000045776367,23.3439998626709,260.3311767578125,152.96896362304688,60.29999923706055,50.04525375366211,40.0,,,148.19000244140625,179.97999572753906
2020-01-15,342.94000244140625,71.94000244140625,177.9808349609375,15.0625,40.22999954223633,23.40999984741211,260.6366271972656,153.95960998535156,60.9739990234375,49.935829162597656,40.116668701171875,,,147.91000366210938,179.17999267578125
2020-01-16,345.3800048828125,73.05999755859375,179.58311462402344,15.5600004196167,40.61000061035156,23.81800079345703,264.33135986328125,156.78067016601562,62.00400161743164,50.54680633544922,40.543331146240234,,,149.69000244140625,182.77999877929688
2020-01-17,349.739990234375,73.7300033569336,179.13096618652344,15.862500190734863,41.189998626708984,23.49799919128418,270.0405578613281,157.65814208984375,62.50400161743164,50.273231506347656,40.345001220703125,,,151.86000061035156,181.05999755859375
2020-01-21,350.0,74.5999984741211,182.1192626953125,15.5600004196167,41.130001068115234,23.527999877929688,272.1027526855469,157.09202575683594,62.59600067138672,50.35530471801758,40.538333892822266,,,153.5800018310547,182.30999755859375
2020-01-22,350.05999755859375,74.80000305175781,179.64210510253906,15.642499923706055,42.220001220703125,23.558000564575195,277.1341247558594,156.33721923828125,62.56999969482422,49.89936065673828,40.621665954589844,,,153.42999267578125,182.41000366210938
2020-01-23,351.760009765625,75.41999816894531,180.85118103027344,15.387499809265137,42.810001373291016,23.81399917602539,275.510986328125,157.29959106445312,62.29199981689453,50.13644027709961,40.81666564941406,,,154.9600067138672,184.3800048828125
2020-01-24,351.3699951171875,74.58000183105469,179.0129852294922,14.8125,42.04999923706055,23.597999572753906,275.03363037109375,155.7145233154297,61.87799835205078,49.30662155151367,40.483333587646484,,,154.0500030517578,186.07000732421875
2020-01-27,346.8999938964844,72.62000274658203,177.63681030273438,14.515000343322754,41.255001068115234,22.88599967956543,270.909423828125,153.1104736328125,61.5260009765625,48.04819107055664,39.641666412353516,,,150.3800048828125,183.9600067138672
2020-01-28,354.6300048828125,74.18000030517578,179.74041748046875,14.767499923706055,42.15999984741211,23.507999420166016,275.11016845703125,156.11080932617188,62.810001373291016,48.75035858154297,39.85333251953125,,,152.0500030517578,186.67999267578125
2020-01-29,351.6600036621094,73.13999938964844,178.67880249023438,15.0649995803833,43.91999816894531,23.45400047302246,272.97161865234375,158.5449981689453,62.58599853515625,48.51325988769531,39.59166717529297,,,150.44000244140625,183.61000061035156
2020-01-30,356.739990234375,73.16000366210938,182.512451171875,15.612500190734863,47.040000915527344,23.666000366210938,273.6493225097656,163.0171661376953,68.3239974975586,48.613563537597656,39.66666793823242,,,150.82000732421875,188.14999389648438
2020-01-31,351.1400146484375,72.11000061035156,179.20957946777344,15.272500038146973,46.209999084472656,23.07200050354004,267.68243408203125,160.6112823486328,67.64600372314453,47.82933044433594,39.130001068115234,,,147.50999450683594,184.6300048828125
2020-02-03,358.0,72.83000183105469,182.2666778564453,15.270000457763672,45.2599983215332,23.29800033569336,269.99285888671875,164.52679443359375,68.63999938964844,48.41294860839844,39.32833480834961,,,150.25999450683594,188.57000732421875
2020-02-04,366.739990234375,74.41999816894531,185.1370391845703,15.888750076293945,47.599998474121094,24.016000747680664,277.74505615234375,169.9424285888672,70.40599822998047,49.279266357421875,40.03166580200195,,,155.80999755859375,194.6999969482422
2020-02-05,365.54998779296875,74.31999969482422,182.33551025390625,15.453749656677246,45.72999954223633,23.95599937438965,276.6854248046875,169.73484802246094,67.69999694824219,49.9176025390625,40.276668548583984,,,154.2100067138672,188.47000122070312
2020-02-06,367.4599914550781,74.54000091552734,183.55442810058594,15.547499656677246,46.04999923706055,24.266000747680664,280.8860778808594,173.25411987304688,68.33999633789062,49.89024353027344,41.01166534423828,,,154.77000427246094,187.5
2020-02-07,366.0899963378906,73.55000305175781,182.5615997314453,15.522500038146973,47.18000030517578,23.422000885009766,281.363525390625,173.4993896484375,68.21199798583984,49.89936065673828,40.970001220703125,,,154.27999877929688,192.0800018310547
2020-02-10,370.0,74.62999725341797,185.90377807617188,15.824999809265137,47.95000076293945,23.746000289916992,284.2562255859375,178.03762817382812,68.55400085449219,50.145572662353516,41.253334045410156,,,156.9199981689453,194.86000061035156
2020-02-11,369.2799987792969,75.70999908447266,185.89395141601562,16.297500610351562,47.810001373291016,23.464000701904297,283.4734191894531,174.0183563232422,68.71399688720703,50.29146957397461,41.13833236694336,,,158.22000122070312,193.07000732421875
2020-02-12,374.2900085449219,77.0999984741211,186.23802185058594,16.270000457763672,50.0099983215332,23.479999542236328,285.1250305175781,174.27310180664062,69.95999908447266,50.82038116455078,40.78666687011719,,,159.52000427246094,194.39999389648438
2020-02-13,374.8399963378906,79.25,185.4319305419922,16.327499389648438,48.5,23.81999969482422,284.35174560546875,173.32955932617188,70.36199951171875,50.43738555908203,40.935001373291016,,,161.3699951171875,194.6699981689453
2020-02-14,379.6700134277344,78.76000213623047,186.71966552734375,16.212499618530273,47.029998779296875,23.83799934387207,290.5096130371094,174.87692260742188,71.23200225830078,50.58328628540039,41.20833206176758,,,163.35000610351562,196.99000549316406
2020-02-18,378.8500061035156,78.58000183105469,187.84027099609375,16.510000228881836,47.08000183105469,23.889999389648438,289.822265625,176.6506805419922,71.49800109863281,50.56504821777344,41.53666687011719,,,162.9199981689453,199.3800048828125
2020-02-19,383.2799987792969,80.0199966430664,189.58998107910156,16.50749969482422,47.29999923706055,23.84000015258789,291.76983642578125,177.1804962158203,71.54399871826172,50.5559196472168,41.45166778564453,,,164.99000549316406,197.5800018310547
2020-02-20,378.9599914550781,76.97000122070312,190.07168579101562,15.845000267028809,45.9900016784668,23.600000381469727,287.59771728515625,174.47471618652344,70.58799743652344,50.619754791259766,41.52333450317383,,,155.0800018310547,190.55999755859375
2020-02-21,372.95001220703125,74.7300033569336,186.27731323242188,15.232500076293945,45.68000030517578,22.895999908447266,284.09393310546875,168.95912170410156,68.89600372314453,49.862876892089844,40.5,,,149.3300018310547,183.86000061035156
2020-02-24,357.4100036621094,71.38999938964844,182.77786254882812,14.520000457763672,44.959999084472656,21.739999771118164,273.4584655761719,161.67433166503906,66.71199798583984,48.01172637939453,39.55500030517578,,,145.94000244140625,177.11000061035156
2020-02-25,347.79998779296875,68.44999694824219,178.1873016357422,14.4350004196167,44.310001373291016,21.010000228881836,271.90228271484375,159.00643920898438,65.94400024414062,46.470603942871094,32.82666778564453,,,142.16000366210938,175.47000122070312
2020-02-26,351.3399963378906,68.87999725341797,175.82809448242188,14.614999771118164,43.90999984741211,21.25200080871582,267.40557861328125,160.99314880371094,66.85399627685547,47.464561462402344,31.59666633605957,,,142.0399932861328,175.36000061035156
2020-02-27,337.5199890136719,65.83999633789062,169.2223663330078,14.375,45.88999938964844,20.527999877929688,256.5981750488281,149.64976501464844,64.0199966430664,46.30646896362305,31.260000228881836,,,136.8300018310547,171.1999969482422
2020-02-28,345.1199951171875,66.13999938964844,167.50213623046875,14.90999984741211,45.150001525878906,20.41200065612793,253.81053161621094,153.27317810058594,65.21800231933594,45.10273742675781,30.770000457763672,,,137.92999267578125,173.25
2020-03-02,360.2799987792969,68.36000061035156,173.7539825439453,14.782500267028809,44.790000915527344,22.020000457763672,268.4462585449219,163.47190856933594,68.87999725341797,46.415889739990234,31.54833221435547,,,141.6300048828125,172.88999938964844
2020-03-03,348.3399963378906,66.2300033569336,166.48965454101562,14.119999885559082,43.400001525878906,20.70599937438965,256.09222412109375,155.63841247558594,65.9260025024414,44.54648208618164,30.34000015258789,,,140.1199951171875,166.55999755859375
2020-03-04,363.8500061035156,70.2699966430664,172.7021484375,14.300000190734863,44.525001525878906,21.40999984741211,272.6182861328125,161.35269165039062,69.01399993896484,46.08759689331055,30.981666564941406,,,146.82000732421875,170.88999938964844
2020-03-05,351.0299987792969,67.83999633789062,166.71572875976562,13.979999542236328,47.29999923706055,20.799999237060547,274.1745300292969,157.30349731445312,65.86599731445312,43.771358489990234,30.174999237060547,,,142.63999938964844,165.30999755859375
2020-03-06,336.7699890136719,64.7300033569336,161.2896270751953,12.989999771118164,43.619998931884766,19.899999618530273,263.6725769042969,152.8569793701172,63.448001861572266,43.19685745239258,29.36166763305664,,,137.72000122070312,158.67999267578125
2020-03-09,305.7900085449219,59.75,148.63848876953125,11.4350004196167,38.81999969482422,17.42799949645996,248.2636260986328,142.49746704101562,58.417999267578125,41.95667266845703,26.463333129882812,,,127.69999694824219,142.97000122070312
2020-03-10,332.3800048828125,62.91999816894531,158.59620666503906,11.727499961853027,38.0,18.143999099731445,257.44793701171875,152.2419891357422,62.560001373291016,44.30026626586914,27.911666870117188,,,135.19000244140625,150.30999755859375
2020-03-11,315.2300109863281,62.22999954223633,151.94134521484375,10.712499618530273,35.560001373291016,17.59000015258789,249.294677734375,145.3451690673828,58.125999450683594,40.78031921386719,26.2549991607666,,,131.74000549316406,142.02999877929688
2020-03-12,285.0,56.939998626708984,138.19908142089844,9.454999923706055,33.099998474121094,15.161999702453613,227.1644287109375,131.5608673095703,52.42399978637695,36.29374694824219,23.424999237060547,,,119.1500015258789,131.2899932861328
2020-03-13,335.5,62.470001220703125,145.2667999267578,9.887499809265137,35.2599983215332,16.527999877929688,249.4187469482422,150.2647247314453,57.534000396728516,43.7075309753418,25.261667251586914,,,129.8800048828125,137.75999450683594
2020-03-16,286.0299987792969,54.599998474121094,122.18612670898438,8.2524995803833,28.959999084472656,15.140000343322754,213.3115234375,128.1171417236328,53.08599853515625,38.956512451171875,22.86166763305664,,,112.75,120.19000244140625
2020-03-17,311.80999755859375,58.939998626708984,133.1169891357422,9.5024995803833,34.119998931884766,15.604000091552734,228.33871459960938,138.66580200195312,57.48400115966797,42.7318000793457,23.593332290649414,,,119.62000274658203,124.0199966430664
2020-03-18,294.6099853515625,54.31999969482422,129.9910888671875,9.657500267028809,32.08000183105469,15.303999900817871,214.8772735595703,132.82858276367188,55.63199996948242,43.105674743652344,22.09666633605957,,,114.2300033569336,113.87000274658203
2020-03-19,307.510009765625,55.720001220703125,137.0883026123047,10.4350004196167,33.099998474121094,17.23200035095215,206.11300659179688,135.01406860351562,55.53200149536133,41.099483489990234,23.184999465942383,,,114.95999908447266,126.73999786376953
2020-03-20,295.3399963378906,55.08000183105469,136.98020935058594,12.2524995803833,33.380001068115234,16.98200035095215,192.69927978515625,129.94308471679688,50.939998626708984,41.628395080566406,23.921667098999023,,,110.0,125.0
2020-03-23,307.2699890136719,55.86000061035156,138.1302947998047,12.862500190734863,32.900001525878906,17.18000030517578,185.9017333984375,128.64695739746094,51.06399917602539,40.29701232910156,24.360000610351562,,,108.4800033569336,127.1500015258789
2020-03-24,310.0,63.34000015258789,151.02713012695312,14.332500457763672,34.4900016784668,19.95599937438965,223.23101806640625,140.34043884277344,54.400001525878906,43.625450134277344,26.786666870117188,,,120.62999725341797,132.38999938964844
2020-03-25,305.9100036621094,61.349998474121094,144.5590362548828,13.944999694824219,33.689998626708984,19.38800048828125,222.0471649169922,138.9969482421875,52.933998107910156,41.892845153808594,27.668333053588867,,,121.31999969482422,135.72999572753906
2020-03-26,322.6700134277344,66.94000244140625,152.0986328125,14.65999984741211,34.29999923706055,19.88800048828125,237.1411590576172,147.69139099121094,58.94599914550781,46.03289031982422,28.0,,,127.97000122070312,145.27999877929688
2020-03-27,305.8299865722656,62.279998779296875,143.51708984375,14.697500228881836,34.54999923706055,19.45599937438965,219.2880096435547,141.62704467773438,54.79999923706055,45.44015121459961,27.09000015258789,,,124.37999725341797,136.2100067138672
2020-03-30,318.3900146484375,66.91000366210938,147.3015899658203,14.430000305175781,34.75,20.190000534057617,227.26943969726562,151.5891876220703,57.27799987792969,45.92345428466797,27.7450008392334,,,129.30999755859375,137.3000030517578
2020-03-31,318.239990234375,66.04000091552734,141.5314178466797,13.920000076293945,35.97999954223633,20.233999252319336,219.58399963378906,149.20513916015625,57.316001892089844,44.07229995727539,27.32666778564453,,,128.7899932861328,130.22000122070312
2020-04-01,301.2099914550781,65.23999786376953,131.78013610839844,13.645000457763672,34.880001068115234,20.0939998626709,208.24203491210938,143.90708923339844,54.61399841308594,44.41880798339844,27.309999465942383,,,125.95999908447266,126.27999877929688
2020-04-02,303.9599914550781,65.93000030517578,132.03573608398438,14.172499656677246,34.599998474121094,20.18400001525879,215.02047729492188,146.88723754882812,51.79999923706055,45.41279602050781,27.59000015258789,,,128.64999389648438,122.37000274658203
2020-04-03,293.6099853515625,63.93000030517578,132.02587890625,14.454999923706055,34.689998626708984,20.288000106811523,208.49981689453125,145.53439331054688,49.91400146484375,45.048030853271484,27.110000610351562,,,124.55000305175781,116.08000183105469
2020-04-06,319.1300048828125,69.41999816894531,145.04074096679688,14.767499923706055,36.279998779296875,21.576000213623047,229.24566650390625,156.35743713378906,53.9900016784668,46.95390701293945,28.55666732788086,,,135.91000366210938,130.30999755859375
2020-04-07,308.92999267578125,69.05000305175781,142.60292053222656,14.899999618530273,35.900001525878906,21.33799934387207,228.90200805664062,154.67344665527344,52.470001220703125,46.2882194519043,28.801666259765625,,,135.50999450683594,131.8000030517578
2020-04-08,317.17999267578125,71.83999633789062,148.55001831054688,15.079999923706055,37.150001525878906,21.836000442504883,234.79258728027344,156.22496032714844,54.810001373291016,47.76335906982422,29.360000610351562,,,138.85000610351562,142.11000061035156
2020-04-09,318.70001220703125,71.6500015258789,151.92166137695312,14.537500381469727,36.95000076293945,20.38599967956543,241.20298767089844,156.23443603515625,55.61199951171875,48.72540283203125,29.64666748046875,,,136.5800018310547,145.41000366210938
2020-04-13,320.6499938964844,71.55000305175781,149.9065399169922,14.692500114440918,37.869998931884766,20.92799949645996,239.2798614501953,156.58450317382812,56.71200180053711,48.532997131347656,30.49333381652832,,,140.1300048828125,141.17999267578125
2020-04-14,340.7699890136719,76.33000183105469,155.02796936035156,15.22249984741211,38.90999984741211,21.8700008392334,250.02444458007812,164.3328094482422,60.417999267578125,49.47671127319336,31.321666717529297,,,147.42999267578125,149.4499969482422
2020-04-15,332.54998779296875,75.69999694824219,152.98330688476562,15.454999923706055,38.7400016784668,21.969999313354492,241.0690155029297,162.61097717285156,59.183998107910156,48.70708084106445,31.058332443237305,,,146.1699981689453,146.07000732421875
2020-04-16,342.70001220703125,78.58999633789062,154.3889923095703,15.862500190734863,39.63999938964844,22.049999237060547,246.31216430664062,167.49270629882812,58.38800048828125,49.20184326171875,31.71500015258789,,,151.8300018310547,142.5800018310547
2020-04-17,344.1099853515625,78.6500015258789,159.85443115234375,16.184999465942383,40.400001525878906,22.591999053955078,253.88975524902344,168.96859741210938,59.917999267578125,50.04478454589844,32.23833465576172,,,154.97999572753906,149.3000030517578
2020-04-20,344.8800048828125,77.83999633789062,159.9920654296875,17.107500076293945,40.9900016784668,22.469999313354492,252.5886688232422,165.61953735351562,60.492000579833984,49.394256591796875,32.38166809082031,,,151.00999450683594,150.89999389648438
2020-04-21,328.989990234375,74.58999633789062,147.99952697753906,16.517499923706055,40.0,20.236000061035156,238.3804931640625,158.76992797851562,57.75400161743164,47.012046813964844,31.084999084472656,,,144.83999633789062,140.14999389648438
2020-04-22,336.7699890136719,79.80000305175781,151.51864624023438,17.017499923706055,40.290000915527344,20.86199951171875,252.44505310058594,164.1625518798828,59.922000885009766,47.89162826538086,31.976667404174805,,,150.72000122070312,145.82000732421875
2020-04-23,335.3699951171875,79.83000183105469,149.13980102539062,17.227500915527344,40.150001525878906,20.118000030517578,246.90533447265625,162.17578125,59.46200180053711,47.61676788330078,32.01499938964844,,,151.99000549316406,143.60000610351562
2020-04-24,344.1000061035156,80.5199966430664,151.3613739013672,18.0,41.810001373291016,20.65399932861328,252.26329040527344,165.1370086669922,60.5880012512207,48.569644927978516,32.241668701171875,,,153.02999877929688,144.9600067138672
2020-04-27,348.5,81.30999755859375,154.94931030273438,18.399999618530273,43.22999954223633,21.128000259399414,260.08013916015625,164.6639404296875,61.720001220703125,48.89948654174805,32.813331604003906,,,154.13999938964844,148.10000610351562
2020-04-28,333.45001220703125,78.47000122070312,151.83322143554688,17.532499313354492,43.599998474121094,21.08799934387207,254.79867553710938,160.6526336669922,59.20000076293945,48.743736267089844,32.258331298828125,,,151.8300018310547,145.07000732421875
2020-04-29,349.1700134277344,82.0,157.70166015625,17.31999969482422,44.650001525878906,21.70400047302246,261.6109619140625,167.86167907714844,64.39800262451172,49.36676025390625,32.95000076293945,,,158.00999450683594,154.77000427246094
2020-04-30,353.6400146484375,81.12999725341797,159.1958465576172,16.915000915527344,45.119998931884766,21.54800033569336,258.1474914550781,169.54571533203125,70.30799865722656,48.532997131347656,32.75166702270508,,,157.1199951171875,153.89999389648438
2020-05-01,343.8399963378906,75.83999633789062,153.71072387695312,17.302499771118164,44.97999954223633,20.868000030517578,249.84262084960938,165.15589904785156,67.9020004272461,47.451847076416016,32.4466667175293,,,149.63999938964844,146.66000366210938
2020-05-04,349.1099853515625,77.63999938964844,158.7239990234375,18.357500076293945,45.83000183105469,21.139999389648438,256.2052001953125,169.1956329345703,70.9280014038086,47.41518020629883,31.97333335876465,,,151.0800018310547,148.47000122070312
2020-05-05,356.1300048828125,79.66999816894531,160.47372436523438,17.897499084472656,46.599998474121094,21.711999893188477,262.61566162109375,171.01211547851562,74.12799835205078,47.690059661865234,33.03499984741211,,,154.24000549316406,152.17999267578125
2020-05-06,362.5199890136719,80.98999786376953,160.88656616210938,18.110000610351562,46.560001373291016,22.29199981689453,263.9455261230469,172.69610595703125,73.0780029296875,47.51596450805664,33.538333892822266,,,156.8300018310547,152.27999877929688
2020-05-07,366.7799987792969,81.37000274658203,167.01065063476562,18.872499465942383,49.61000061035156,27.02400016784668,268.6623840332031,173.69894409179688,76.36599731445312,48.19399642944336,35.52166748046875,,,158.94000244140625,160.66000366210938
2020-05-08,367.510009765625,82.45999908447266,172.9086151123047,19.174999237060547,51.72999954223633,27.368000030517578,268.241455078125,174.72068786621094,75.4520034790039,49.082733154296875,35.65999984741211,,,160.1699981689453,165.5500030517578
2020-05-11,371.4200134277344,83.0,179.5634307861328,19.0575008392334,55.689998626708984,28.091999053955078,275.398193359375,176.66961669921875,76.7300033569336,49.046077728271484,36.37666702270508,,,161.5800018310547,166.5800018310547
2020-05-12,365.1000061035156,81.05000305175781,174.5206756591797,19.037500381469727,68.86000061035156,27.67799949645996,269.50433349609375,172.66775512695312,73.12000274658203,47.89162826538086,35.69499969482422,,,158.57000732421875,159.72999572753906
2020-05-13,358.55999755859375,81.0,166.7550506591797,19.142499923706055,69.98999786376953,27.43199920654297,265.17974853515625,170.05654907226562,72.25800323486328,47.32355880737305,35.956668853759766,,,156.1999969482422,153.75999450683594
2020-05-14,355.3900146484375,81.8499984741211,164.15997314453125,19.28499984741211,65.19000244140625,27.61199951171875,268.1553039550781,170.79449462890625,73.56600189208984,48.47801971435547,36.595001220703125,,,157.8300018310547,155.22999572753906
2020-05-15,365.29998779296875,82.06999969482422,168.41632080078125,19.28499984741211,67.16000366210938,28.68600082397461,272.0972900390625,173.28273010253906,74.09200286865234,48.487178802490234,37.13833236694336,,,158.72999572753906,154.3000030517578
2020-05-18,367.9700012207031,83.37000274658203,169.56642150878906,19.024999618530273,67.41000366210938,28.93400001525879,277.8187561035156,174.93829345703125,74.9739990234375,48.69791030883789,37.689998626708984,,,159.8699951171875,150.55999755859375
2020-05-19,372.20001220703125,85.44000244140625,173.04620361328125,19.637500762939453,70.05999755859375,28.964000701904297,274.3551940917969,173.7273406982422,76.57599639892578,47.95576477050781,37.858333587646484,,,162.02000427246094,157.4199981689453
2020-05-20,383.6300048828125,88.08999633789062,173.9210968017578,20.24250030517578,70.69999694824219,29.124000549316406,277.9336242675781,176.13706970214844,78.03199768066406,48.46885681152344,39.08000183105469,,,165.47000122070312,159.5399932861328
2020-05-21,382.1700134277344,86.11000061035156,172.2794952392578,20.149999618530273,69.88999938964844,28.676000595092773,277.46466064453125,174.02139282226562,76.72799682617188,47.84581756591797,38.25,,,168.49000549316406,163.8300018310547
2020-05-22,385.260009765625,86.05000305175781,174.825439453125,20.55500030517578,73.04000091552734,28.527999877929688,275.1780090332031,174.09732055664062,77.59200286865234,48.21231460571289,39.654998779296875,,,171.11000061035156,168.14999389648438
2020-05-26,376.6300048828125,85.01000213623047,173.51805114746094,19.837499618530273,71.0,27.506000518798828,270.0018615722656,172.25682067871094,76.13400268554688,48.358917236328125,38.5283317565918,,,168.52999877929688,168.33999633789062
2020-05-27,375.1700134277344,85.19999694824219,173.59666442871094,19.497499465942383,66.81999969482422,26.229999542236328,269.05462646484375,172.4845428466797,74.23200225830078,48.743736267089844,38.63166809082031,,,170.4199981689453,170.3800048828125
2020-05-28,379.8299865722656,88.05999755859375,178.02015686035156,19.875,67.12999725341797,26.93400001525879,271.5997009277344,172.0955352783203,75.59600067138672,49.1285514831543,38.231666564941406,,,174.0500030517578,182.55999755859375
2020-05-29,386.6000061035156,91.29000091552734,171.81747436523438,21.952499389648438,71.2699966430664,27.84000015258789,277.7708740234375,173.85067749023438,77.58599853515625,49.265987396240234,39.211666107177734,,,180.91000366210938,183.42999267578125
2020-06-01,389.67999267578125,91.68000030517578,173.36077880859375,23.709999084472656,69.48999786376953,28.950000762939453,277.41693115234375,173.45216369628906,76.67400360107422,48.61545944213867,39.71833419799805,,,182.60000610351562,177.9600067138672
2020-06-02,390.44000244140625,92.37999725341797,171.26699829101562,23.0625,70.80999755859375,28.788000106811523,274.7665710449219,175.42552185058594,78.58000183105469,48.817020416259766,39.97666549682617,,,183.02000427246094,178.8300018310547
2020-06-03,389.9200134277344,92.95999908447266,172.01409912109375,24.524999618530273,72.88999938964844,28.577999114990234,277.56036376953125,175.85243225097656,77.61799621582031,49.00943374633789,38.901668548583984,,,184.2100067138672,181.7100067138672
2020-06-04,385.79998779296875,91.2699966430664,168.52444458007812,23.9950008392334,71.76000213623047,27.916000366210938,270.6907958984375,173.53761291503906,75.38999938964844,48.42304611206055,37.78166580200195,,,182.4499969482422,175.3000030517578
2020-06-05,392.8999938964844,91.4000015258789,170.92295837402344,23.482500076293945,70.66000366210938,28.09600067138672,275.6563720703125,177.5980987548828,78.09200286865234,49.45839309692383,38.564998626708984,,,182.97000122070312,178.6699981689453
2020-06-08,397.7799987792969,92.12999725341797,173.54754638671875,23.857500076293945,76.54000091552734,27.50200080871582,280.3829650878906,178.69854736328125,77.3280029296875,50.48457717895508,39.63166809082031,,,186.82000732421875,181.22999572753906
2020-06-09,397.1600036621094,92.55999755859375,171.59136962890625,23.475000381469727,73.73999786376953,27.18400001525879,278.6607666015625,180.064697265625,77.76599884033203,49.641632080078125,38.926666259765625,,,189.6199951171875,179.75999450683594
2020-06-10,406.82000732421875,93.19000244140625,179.00315856933594,24.30500030517578,78.26000213623047,27.527999877929688,283.0809631347656,186.7436065673828,80.33200073242188,49.57749938964844,38.779998779296875,,,189.4199981689453,183.0500030517578
2020-06-11,387.6700134277344,88.41000366210938,169.12405395507812,23.760000228881836,76.05000305175781,26.34600067138672,265.85906982421875,176.7157745361328,75.01000213623047,47.012046813964844,36.98666763305664,,,179.52000427246094,173.5
2020-06-12,406.5400085449219,89.45999908447266,172.13201904296875,23.280000686645508,78.05000305175781,26.06800079345703,268.547607421875,178.1103515625,77.0260009765625,47.51596450805664,36.974998474121094,,,179.60000610351562,173.5500030517578
2020-06-15,401.3399963378906,90.8499984741211,175.572509765625,24.7549991607666,81.5199966430664,27.18199920654297,270.90130615234375,179.24879455566406,78.5,48.789546966552734,37.71666717529297,,,184.0500030517578,178.0
2020-06-16,411.6700134277344,92.0199966430664,177.4107208251953,25.260000228881836,81.98999786376953,27.34600067138672,276.10614013671875,183.64134216308594,79.69200134277344,50.01729202270508,38.116668701171875,,,186.14999389648438,181.13999938964844
2020-06-17,413.489990234375,93.06999969482422,178.31503295898438,24.672500610351562,83.04000091552734,27.09600067138672,274.1064453125,184.27696228027344,80.12999725341797,47.20446014404297,38.206668853759766,,,188.97000122070312,182.55999755859375
2020-06-18,420.4599914550781,93.7300033569336,184.46861267089844,25.40250015258789,86.6500015258789,27.128000259399414,274.81451416015625,186.2502899169922,80.20600128173828,49.19268035888672,38.38833236694336,,,189.8800048828125,187.80999755859375
2020-06-19,428.010009765625,91.9000015258789,183.7706756591797,25.270000457763672,86.79000091552734,27.341999053955078,273.9437561035156,185.14028930664062,79.9739990234375,49.84321975708008,38.45500183105469,,,184.4499969482422,183.55999755859375
2020-06-22,438.6400146484375,94.45999908447266,188.39071655273438,26.2549991607666,89.01000213623047,28.573999404907227,281.4066467285156,190.28228759765625,80.56400299072266,50.50291061401367,38.813331604003906,,,193.27000427246094,184.94000244140625
2020-06-23,440.54998779296875,94.55000305175781,185.84478759765625,26.0674991607666,89.69000244140625,27.413999557495117,281.129150390625,191.55355834960938,80.18800354003906,50.5670280456543,38.21833419799805,,,192.8699951171875,185.33999633789062
2020-06-24,431.67999267578125,91.98999786376953,182.3944854736328,25.924999237060547,88.5,26.865999221801758,273.7619934082031,187.69232177734375,78.58599853515625,49.879859924316406,37.233333587646484,,,189.1999969482422,180.07000732421875
2020-06-25,436.95001220703125,92.66000366210938,185.1370391845703,26.427499771118164,89.5999984741211,27.166000366210938,276.2687683105469,190.0640869140625,80.3280029296875,49.96232223510742,37.81666564941406,,,189.69000244140625,186.25999450683594
2020-06-26,426.9200134277344,93.83999633789062,180.05496215820312,24.697500228881836,84.5,26.90999984741211,274.13519287109375,186.2597198486328,79.99400329589844,49.641632080078125,37.564998626708984,,,190.4199981689453,187.47999572753906
2020-06-29,424.20001220703125,94.02999877929688,180.21226501464844,24.524999618530273,83.72000122070312,26.694000244140625,275.474609375,188.2615203857422,78.91000366210938,50.173057556152344,37.848331451416016,,,189.72000122070312,186.17999267578125
2020-06-30,435.30999755859375,95.95999908447266,184.14422607421875,25.072500228881836,86.94999694824219,27.45400047302246,283.3871154785156,193.07147216796875,81.01200103759766,50.64033508300781,38.2783317565918,,,195.0,187.36000061035156
2020-07-01,439.80999755859375,97.06999969482422,188.62664794921875,25.737499237060547,89.37999725341797,27.8439998626709,289.5009460449219,194.20042419433594,83.35800170898438,50.8419075012207,38.22666549682617,,,196.89999389648438,191.47000122070312
2020-07-02,442.95001220703125,97.81999969482422,189.2557830810547,26.8174991607666,89.58999633789062,27.687999725341797,292.10345458984375,195.6804656982422,82.84200286865234,51.25421142578125,38.42166519165039,,,197.5800018310547,188.4499969482422
2020-07-06,452.5899963378906,98.73999786376953,194.35751342773438,26.59749984741211,88.95999908447266,27.940000534057617,296.2654113769531,199.89268493652344,83.28800201416016,51.85893630981445,39.31833267211914,,,199.38999938964844,190.7899932861328
2020-07-07,449.3599853515625,98.7699966430664,193.04031372070312,26.604999542236328,90.08999633789062,27.591999053955078,294.6197204589844,197.56832885742188,82.3479995727539,51.59321594238281,38.845001220703125,,,197.6300048828125,191.60000610351562
2020-07-08,457.67999267578125,99.5999984741211,196.8739776611328,28.637500762939453,96.12999725341797,29.270000457763672,296.96380615234375,201.9134521484375,85.04000091552734,51.913909912109375,40.470001220703125,,,201.47999572753906,198.3000030517578
2020-07-09,460.8399963378906,101.52999877929688,197.32615661621094,29.364999771118164,96.0999984741211,29.920000076293945,295.1044921875,203.32701110839844,85.27400207519531,52.711036682128906,41.43000030517578,,,204.5500030517578,197.55999755859375
2020-07-10,466.20001220703125,100.97000122070312,195.49777221679688,29.162500381469727,96.41000366210938,29.15999984741211,294.75946044921875,202.7103271484375,84.58200073242188,52.58275604248047,41.49333190917969,,,198.00999450683594,195.8800048828125
2020-07-13,442.4700012207031,98.20999908447266,185.1370391845703,26.552499771118164,86.66000366210938,26.224000930786133,285.2616271972656,196.4488983154297,80.3740005493164,52.23459243774414,40.176666259765625,,,194.14999389648438,184.77000427246094
2020-07-14,433.7799987792969,99.02999877929688,186.33627319335938,26.40250015258789,88.88999938964844,26.895999908447266,273.50189208984375,197.66319274902344,82.64600372314453,52.63022994995117,40.88833236694336,,,195.27999877929688,185.67999267578125
2020-07-15,433.010009765625,99.11000061035156,184.8912811279297,25.787500381469727,88.4800033569336,25.86400032043457,277.91058349609375,197.36911010742188,84.71199798583984,52.09657669067383,40.08333206176758,,,194.35000610351562,183.22999572753906
2020-07-16,426.2900085449219,98.68000030517578,182.3551483154297,25.264999389648438,85.31500244140625,25.469999313354492,273.81817626953125,193.46043395996094,82.7760009765625,51.3604850769043,39.563331604003906,,,193.22000122070312,181.7100067138672
2020-07-17,432.4200134277344,100.2300033569336,184.58656311035156,25.357500076293945,87.30000305175781,25.823999404907227,277.2397155761719,192.4738006591797,84.36199951171875,50.51398849487305,39.96833419799805,,,196.27999877929688,182.8300018310547
2020-07-20,455.2699890136719,103.69999694824219,191.772216796875,26.68000030517578,92.13999938964844,26.95800018310547,286.29669189453125,200.7465362548828,89.85399627685547,50.974037170410156,41.93333435058594,,,201.89999389648438,193.99000549316406
2020-07-21,444.2799987792969,103.58000183105469,187.55520629882812,26.649999618530273,90.72000122070312,26.73200035095215,285.49163818359375,198.04269409179688,87.44400024414062,51.443294525146484,41.5533332824707,,,199.69000244140625,188.5
2020-07-22,445.04998779296875,103.66999816894531,188.05653381347656,25.927499771118164,89.5,26.857999801635742,284.11151123046875,200.88885498046875,88.31999969482422,51.53529739379883,41.72666549682617,,,200.66000366210938,188.57000732421875
2020-07-23,431.739990234375,102.94000244140625,185.33363342285156,25.364999771118164,85.22000122070312,27.031999588012695,279.42486572265625,192.15122985839844,86.16999816894531,51.30528259277344,41.41666793823242,,,197.8000030517578,185.3699951171875
2020-07-24,430.30999755859375,102.58999633789062,185.2845001220703,25.00749969482422,84.83999633789062,26.607999801635742,276.67425537109375,190.97483825683594,85.03800201416016,51.204071044921875,40.628334045410156,,,193.3699951171875,182.77999877929688
2020-07-27,437.1000061035156,105.2699966430664,187.71249389648438,25.899999618530273,87.83000183105469,27.329999923706055,283.83349609375,193.39404296875,86.76200103759766,50.91883850097656,41.276668548583984,,,197.08999633789062,183.75999450683594
2020-07-28,432.260009765625,104.05000305175781,186.27731323242188,26.4325008392334,88.27999877929688,26.68400001525879,284.4565124511719,191.6579132080078,87.00800323486328,50.92802810668945,40.801666259765625,,,194.89999389648438,180.3800048828125
2020-07-29,436.29998779296875,105.97000122070312,190.31741333007812,28.229999542236328,90.12999725341797,27.368000030517578,289.6128845214844,193.59329223632812,89.14199829101562,51.25007247924805,41.42499923706055,,,198.4199981689453,183.91000366210938
2020-07-30,438.8800048828125,107.6500015258789,188.4398956298828,27.977500915527344,92.76000213623047,27.350000381469727,291.2995910644531,193.44146728515625,86.27999877929688,50.836021423339844,41.96500015258789,,,199.33999633789062,180.5800018310547
2020-07-31,444.32000732421875,109.25,191.53631591796875,28.299999237060547,93.86000061035156,27.65999984741211,293.6285705566406,194.49456787109375,87.83999633789062,51.020050048828125,42.6533317565918,,,199.22000122070312,180.9199981689453
2020-08-03,447.9700012207031,111.7699966430664,199.7344970703125,28.8700008392334,95.66999816894531,27.643999099731445,298.7369079589844,205.43313598632812,87.99199676513672,51.5077018737793,42.404998779296875,,,202.8000030517578,181.58999633789062
2020-08-04,446.9200134277344,109.13999938964844,197.98477172851562,28.739999771118164,94.22000122070312,27.766000747680664,297.7209777832031,202.3498077392578,87.62999725341797,51.526100158691406,42.48500061035156,,,201.85000610351562,181.49000549316406
2020-08-05,449.510009765625,109.6500015258789,199.19386291503906,28.6875,94.31999969482422,28.02400016784668,298.0180969238281,202.01779174804688,87.14800262451172,51.0660514831543,44.016666412353516,,,201.55999755859375,183.99000549316406
2020-08-06,464.1099853515625,110.5199966430664,204.2562713623047,27.575000762939453,90.01000213623047,27.902000427246094,299.24481201171875,205.25289916992188,86.06600189208984,50.86362075805664,44.313331604003906,,,202.25999450683594,183.69000244140625
2020-08-07,449.57000732421875,108.52999877929688,197.630859375,25.4375,75.27999877929688,26.200000762939453,296.5613098144531,201.58135986328125,86.24199676513672,50.8176155090332,43.54166793823242,,,198.7899932861328,177.47000122070312
2020-08-10,443.2900085449219,107.19000244140625,193.8070526123047,24.25,76.36499786376953,25.375999450683594,291.5296325683594,197.56832885742188,87.73600006103516,50.550785064697266,43.038333892822266,,,195.63999938964844,181.0500030517578
2020-08-11,435.2300109863281,105.18000030517578,188.72499084472656,24.540000915527344,75.68000030517578,25.31800079345703,286.75677490234375,192.94813537597656,84.27200317382812,49.93431854248047,42.538333892822266,,,191.0399932861328,177.5500030517578
2020-08-12,445.3599853515625,107.27999877929688,189.34423828125,24.612499237060547,76.61000061035156,25.34000015258789,292.0758972167969,198.4601593017578,85.4260025024414,49.84230422973633,43.3033332824707,,,194.33999633789062,178.25
2020-08-13,450.0199890136719,108.66000366210938,191.8214111328125,25.22249984741211,82.41999816894531,25.488000869750977,293.95440673828125,197.9952850341797,87.68399810791016,49.704280853271484,43.59333419799805,,,196.35000610351562,183.75999450683594
2020-08-14,447.6000061035156,108.0,190.16995239257812,25.3125,81.23999786376953,25.520000457763672,292.8330078125,198.1850128173828,87.14600372314453,49.86990737915039,43.185001373291016,,,196.16000366210938,181.5800018310547
2020-08-17,451.5799865722656,109.5199966430664,193.39419555664062,26.334999084472656,83.44999694824219,25.832000732421875,295.2004089355469,199.49424743652344,88.4739990234375,49.67668151855469,43.74333190917969,,,200.2100067138672,185.24000549316406
2020-08-18,463.510009765625,109.1500015258789,200.54051208496094,26.774999618530273,83.45999908447266,25.983999252319336,296.05328369140625,200.64219665527344,87.51599884033203,50.7716178894043,44.293331146240234,,,200.08999633789062,191.55999755859375
2020-08-19,462.010009765625,108.52999877929688,201.621826171875,27.037500381469727,82.47000122070312,25.902000427246094,297.6347351074219,199.42486572265625,87.4260025024414,51.71012878417969,44.913333892822266,,,198.22000122070312,191.1999969482422
2020-08-20,478.4800109863281,111.26000213623047,205.947021484375,28.122499465942383,85.77999877929688,26.718000411987305,306.74920654296875,204.06573486328125,90.66799926757812,50.845218658447266,45.41999816894531,,,215.16000366210938,194.32000732421875
2020-08-21,473.2200012207031,110.56999969482422,204.0006866455078,28.0049991607666,86.12000274658203,26.341999053955078,308.8289489746094,202.5821990966797,89.88400268554688,50.78080749511719,44.88833236694336,,,213.10000610351562,192.64999389648438
2020-08-24,476.29998779296875,111.27999877929688,204.9148712158203,27.811250686645508,84.33999633789062,26.61199951171875,319.26605224609375,203.2194061279297,89.62000274658203,51.53529739379883,44.51166534423828,,,213.77000427246094,191.60000610351562
2020-08-25,484.42999267578125,111.26000213623047,212.3757781982422,28.392499923706055,83.7699966430664,26.6560001373291,322.4288330078125,205.86314392089844,91.58599853515625,51.608909606933594,43.49833297729492,,,216.1699981689453,194.02999877929688
2020-08-26,528.489990234375,112.66999816894531,267.6888427734375,29.27750015258789,86.27999877929688,27.444000244140625,328.1026306152344,210.31381225585938,97.54000091552734,52.897056579589844,43.90666580200195,,,219.77000427246094,213.6199951171875
2020-08-27,510.32000732421875,109.36000061035156,271.620849609375,29.282499313354492,83.54000091552734,26.413999557495117,330.65203857421875,215.47776794433594,96.11000061035156,52.6118278503418,42.561668395996094,,,217.1699981689453,216.6300048828125
2020-08-28,516.4400024414062,110.86000061035156,266.4895935058594,29.65999984741211,82.9800033569336,26.148000717163086,331.7157897949219,217.69363403320312,97.5739974975586,53.25592041015625,42.44499969482422,,,219.49000549316406,243.8800048828125
2020-08-31,513.3900146484375,110.91000366210938,268.0132141113281,31.4325008392334,83.55000305175781,26.402000427246094,331.0257568359375,214.47921752929688,96.40399932861328,52.64862823486328,42.901668548583984,,,221.3000030517578,239.7100067138672
2020-09-01,527.9500122070312,113.9800033569336,276.46697998046875,35.92250061035156,85.7699966430664,26.104000091552734,332.7413330078125,216.1339874267578,99.43800354003906,53.05348587036133,43.08333206176758,,,225.33999633789062,241.75
2020-09-02,533.7999877929688,117.08999633789062,271.9845275878906,35.51750183105469,84.19000244140625,26.520000457763672,339.45013427734375,220.2993927001953,99.93800354003906,54.31403732299805,42.90999984741211,,,229.36000061035156,233.47999572753906
2020-09-03,507.79998779296875,108.05999755859375,260.5031433105469,32.3125,80.0999984741211,24.139999389648438,325.5052185058594,206.65249633789062,93.76799774169922,52.538230895996094,40.36833190917969,,,214.7899932861328,223.0
2020-09-04,491.94000244140625,105.87999725341797,250.3684844970703,31.297500610351562,79.56999969482422,23.527999877929688,319.2565002441406,203.75196838378906,90.06999969482422,51.277679443359375,39.275001525878906,,,208.97999572753906,215.8000030517578
2020-09-08,462.1300048828125,100.44000244140625,237.16690063476562,31.407499313354492,79.9800033569336,23.083999633789062,307.4775695800781,192.72984313964844,88.62799835205078,50.90044021606445,38.98833465576172,,,198.99000549316406,208.5800018310547
2020-09-09,479.4599914550781,104.33999633789062,246.17111206054688,32.04499816894531,81.9800033569336,23.422000885009766,314.5602722167969,200.93695068359375,91.63999938964844,52.400211334228516,39.733333587646484,,,205.3300018310547,210.75
2020-09-10,476.260009765625,102.22000122070312,243.58583068847656,32.337501525878906,80.66999816894531,23.351999282836914,307.06549072265625,195.30703735351562,90.59600067138672,52.749839782714844,39.49333190917969,,,203.27999877929688,207.30999755859375
2020-09-11,471.3500061035156,101.51000213623047,238.9657745361328,31.56999969482422,80.36000061035156,23.034000396728516,301.899658203125,194.03273010253906,89.18000030517578,52.44621276855469,40.4900016784668,,,200.24000549316406,206.1999969482422
2020-09-14,485.9100036621094,103.2300033569336,242.44557189941406,32.125,84.38999938964844,23.601999282836914,305.0719299316406,195.34510803222656,91.61199951171875,54.70968246459961,40.95500183105469,,,205.5399932861328,208.41000366210938
2020-09-15,497.6700134277344,105.2300033569336,247.39984130859375,32.86249923706055,88.54000091552734,23.639999389648438,309.0589599609375,198.54995727539062,94.79199981689453,56.07143783569336,41.3466682434082,,,210.9499969482422,207.6300048828125
2020-09-16,476.0,102.55000305175781,246.33822631835938,32.787498474121094,89.37999725341797,23.38599967956543,300.3470153808594,195.0027618408203,91.2020034790039,55.60218811035156,41.14500045776367,,253.92999267578125,206.86000061035156,205.6199951171875
2020-09-17,474.29998779296875,101.1500015258789,240.3714599609375,32.14500045776367,87.25,23.06999969482422,294.4527587890625,192.96759033203125,90.76000213623047,55.372154235839844,40.23833465576172,,227.5399932861328,201.86000061035156,203.19000244140625
2020-09-18,467.54998779296875,99.76000213623047,238.65121459960938,32.85749816894531,85.69000244140625,23.45599937438965,287.64813232421875,190.57107543945312,90.61799621582031,54.97651672363281,40.266666412353516,,240.0,197.92999267578125,200.4499969482422
2020-09-21,475.6400146484375,102.0999984741211,240.8826141357422,34.532501220703125,88.13999938964844,23.56800079345703,294.9032287597656,192.61570739746094,92.3759994506836,55.96102523803711,40.435001373291016,,228.85000610351562,201.97999572753906,203.5500030517578
2020-09-22,486.7799987792969,102.83000183105469,243.56617736816406,35.66999816894531,93.41000366210938,23.736000061035156,304.08477783203125,197.25660705566406,94.11399841308594,55.777008056640625,41.08333206176758,,235.16000366210938,204.8000030517578,211.8000030517578
2020-09-23,470.3900146484375,99.72000122070312,231.97669982910156,34.650001525878906,91.0999984741211,23.054000854492188,292.2484436035156,190.7612762451172,92.09400177001953,54.249629974365234,39.85499954223633,,217.38999938964844,197.86000061035156,207.38999938964844
2020-09-24,467.6700134277344,102.12000274658203,233.51016235351562,33.474998474121094,88.37000274658203,23.100000381469727,295.75616455078125,193.23387145996094,92.02400207519531,54.562461853027344,39.665000915527344,,226.74000549316406,201.50999450683594,208.69000244140625
2020-09-25,479.7799987792969,103.72000122070312,238.61190795898438,34.09749984741211,90.6500015258789,23.36199951171875,305.25408935546875,197.63702392578125,95.99400329589844,55.022525787353516,40.356666564941406,,229.0,208.5,215.77999877929688
2020-09-28,488.510009765625,105.25,242.4750518798828,34.35749816894531,92.25,23.461999893188477,312.0108947753906,199.17762756347656,96.84200286865234,54.820098876953125,40.9900016784668,,250.41000366210938,212.63999938964844,220.33999633789062
2020-09-29,489.3299865722656,105.77999877929688,243.2418212890625,34.087501525878906,90.91999816894531,23.420000076293945,310.1802673339844,197.1044158935547,97.59600067138672,54.71889877319336,41.081668853759766,,259.1300048828125,212.32000732421875,220.77999877929688
2020-09-30,490.42999267578125,106.62999725341797,247.04598999023438,34.33000183105469,102.16000366210938,23.562000274658203,312.6434326171875,200.0239715576172,97.0,54.930503845214844,40.79166793823242,9.5,251.0,213.97999572753906,215.1300048828125
2020-10-01,499.510009765625,108.62999725341797,249.1397247314453,35.717498779296875,103.51000213623047,24.049999237060547,318.5185546875,202.04962158203125,98.50399780273438,54.912109375,41.755001068115234,9.460000038146973,243.4600067138672,217.08999633789062,220.52000427246094
2020-10-02,478.989990234375,105.31999969482422,243.635009765625,34.967498779296875,103.48999786376953,23.275999069213867,308.5031433105469,196.08685302734375,98.62999725341797,54.130008697509766,40.86000061035156,9.199999809265137,227.10000610351562,212.0500030517578,218.97999572753906
2020-10-05,486.4700012207031,107.45999908447266,247.25242614746094,36.220001220703125,106.88999938964844,23.81800079345703,317.5792236328125,200.07156372070312,100.35800170898438,54.801700592041016,41.44499969482422,9.029999732971191,240.0,216.63999938964844,222.0399932861328
2020-10-06,478.9800109863281,105.5199966430664,245.88604736328125,36.282501220703125,103.91999816894531,23.65999984741211,311.8479309082031,195.82061767578125,98.30799865722656,54.75569152832031,41.206668853759766,9.899999618530273,245.10000610351562,214.33999633789062,217.00999450683594
2020-10-07,493.1499938964844,108.44000244140625,255.55873107910156,36.14250183105469,104.43000030517578,24.13800048828125,320.9815979003906,199.54855346679688,100.0,55.97514343261719,41.82666778564453,10.0,246.0,219.52999877929688,227.2100067138672
2020-10-08,490.8399963378906,109.31999969482422,255.79469299316406,35.74250030517578,102.66000366210938,24.327999114990234,321.6248474121094,200.26173400878906,99.30000305175781,56.25229263305664,41.584999084472656,10.0,240.19000244140625,219.02999877929688,224.0399932861328
2020-10-09,502.1600036621094,111.93000030517578,261.4566955566406,35.89250183105469,111.79000091552734,25.236000061035156,328.17279052734375,205.23548889160156,101.72200012207031,56.492496490478516,42.086666107177734,9.949999809265137,238.0,222.82000732421875,225.72999572753906
2020-10-12,510.8900146484375,115.55999755859375,262.5281066894531,36.4900016784668,112.19999694824219,25.775999069213867,336.92889404296875,210.55157470703125,101.81800079345703,56.77888488769531,42.18333435058594,9.890000343322754,243.97000122070312,228.92999267578125,228.19000244140625
2020-10-13,514.3099975585938,116.7699966430664,262.29217529296875,38.20000076293945,116.87000274658203,26.121999740600586,335.642333984375,211.9400634765625,103.66000366210938,56.32620620727539,42.42499923706055,9.470000267028809,249.61000061035156,228.17999267578125,232.89999389648438
2020-10-14,506.30999755859375,116.97000122070312,257.3772277832031,36.9474983215332,113.55000305175781,26.027999877929688,331.52349853515625,210.03805541992188,103.37799835205078,56.31696701049805,42.68333435058594,9.34000015258789,243.17999267578125,226.80999755859375,230.5399932861328
2020-10-15,501.1499938964844,115.95999908447266,253.33714294433594,36.34000015258789,113.29000091552734,26.350000381469727,328.32635498046875,208.89683532714844,104.13600158691406,55.91048049926758,41.970001220703125,9.90999984741211,241.0,228.02999877929688,226.6699981689453
2020-10-16,502.82000732421875,115.69000244140625,254.15301513671875,36.334999084472656,112.36000061035156,26.308000564575195,327.5390930175781,208.89683532714844,104.9739990234375,55.697994232177734,41.060001373291016,9.710000038146973,242.52000427246094,226.47999572753906,229.4499969482422
2020-10-19,495.20001220703125,113.55999755859375,250.67323303222656,36.165000915527344,111.66000366210938,25.763999938964844,321.8937072753906,203.72341918945312,104.38999938964844,55.07902145385742,40.38999938964844,9.569999694824219,246.77999877929688,224.3699951171875,227.63999938964844
2020-10-20,494.5799865722656,112.61000061035156,251.6168975830078,35.65999984741211,108.58999633789062,26.503999710083008,321.1640625,204.13233947753906,103.63800048828125,55.199127197265625,39.880001068115234,9.270000457763672,251.77000427246094,226.39999389648438,224.42999267578125
2020-10-21,495.9599914550781,111.2300033569336,249.90647888183594,33.78499984741211,102.16999816894531,25.996000289916992,319.5127258300781,204.27496337890625,102.05599975585938,55.12522506713867,39.30833435058594,9.199999809265137,270.6099853515625,227.4499969482422,224.30999755859375
2020-10-22,483.6000061035156,109.31999969482422,245.42404174804688,33.6349983215332,98.94000244140625,25.631999969482422,318.5813293457031,204.360595703125,101.19200134277344,55.14369201660156,39.599998474121094,9.680000305175781,297.0899963378906,225.1699981689453,220.85000610351562
2020-10-23,488.5,112.05000305175781,246.2595672607422,33.85499954223633,102.08000183105469,26.076000213623047,321.07769775390625,205.63490295410156,102.802001953125,55.33770751953125,39.42333221435547,9.489999771118164,265.04998779296875,226.74000549316406,224.13999938964844
2020-10-26,475.20001220703125,109.87999725341797,237.8648223876953,33.27000045776367,99.76000213623047,24.63599967956543,315.00018310546875,199.78627014160156,100.3219985961914,53.11125564575195,38.60333251953125,9.949999809265137,251.38999938964844,220.6300048828125,210.3300018310547
2020-10-27,478.55999755859375,109.83999633789062,246.04335021972656,33.369998931884766,101.33000183105469,24.84600067138672,317.09320068359375,202.80093383789062,99.96199798583984,52.73249053955078,38.59000015258789,10.949999809265137,266.7699890136719,222.91000366210938,214.1699981689453
2020-10-28,456.9700012207031,107.63999938964844,234.3751678466797,32.89250183105469,97.02999877929688,23.790000915527344,305.8023986816406,192.74884033203125,96.80999755859375,51.3559684753418,37.654998779296875,10.850000381469727,272.44000244140625,217.82000732421875,209.6999969482422
2020-10-29,461.1099853515625,110.20999908447266,233.10714721679688,31.84000015258789,96.41000366210938,23.600000381469727,312.619140625,194.6888885498047,102.11799621582031,51.75321578979492,38.128334045410156,10.75,265.8800048828125,219.4600067138672,217.6300048828125
2020-10-30,447.1000061035156,109.37000274658203,228.3199462890625,30.959999084472656,90.75,22.073999404907227,302.1252136230469,192.54917907714844,99.51399993896484,51.836360931396484,36.8650016784668,10.130000114440918,250.02000427246094,213.86000061035156,210.1199951171875
2020-11-02,444.94000244140625,110.51000213623047,228.49688720703125,31.11750030517578,88.33000183105469,22.118000030517578,303.7957458496094,192.41603088378906,95.19999694824219,52.15047073364258,36.974998474121094,10.539999961853027,252.22999572753906,215.77999877929688,205.47999572753906
2020-11-03,454.0199890136719,113.58999633789062,233.09730529785156,31.71500015258789,90.13999938964844,22.48200035095215,311.7742004394531,196.31509399414062,96.01000213623047,52.473812103271484,37.98666763305664,10.5,262.1300048828125,221.74000549316406,209.17999267578125
2020-11-04,487.2300109863281,120.98999786376953,246.47586059570312,34.08000183105469,97.62000274658203,23.24799919128418,329.31524658203125,205.78707885742188,102.71600341796875,52.18741989135742,39.1966667175293,10.720000267028809,263.9100036621094,233.30999755859375,215.24000549316406
2020-11-05,496.4700012207031,124.06999969482422,255.79469299316406,34.72999954223633,101.94999694824219,23.902000427246094,336.9577331542969,212.3489990234375,106.21600341796875,52.344478607177734,40.70333480834961,11.880000114440918,263.2099914550781,240.55999755859375,225.22999572753906
2020-11-06,494.6300048828125,125.5,255.72581481933594,35.4474983215332,100.3499984741211,23.441999435424805,338.2059020996094,212.75790405273438,107.03600311279297,52.473812103271484,41.67166519165039,13.829999923706055,265.0,241.77999877929688,225.0
2020-11-09,471.1400146484375,118.56999969482422,254.87060546875,31.637500762939453,94.88999938964844,23.422000885009766,345.77142333984375,207.68905639648438,100.39199829101562,52.51076126098633,42.02166748046875,14.670000076293945,239.83999633789062,233.7899932861328,223.39999389648438
2020-11-10,452.0,112.38999938964844,243.4482421875,30.875,92.5999984741211,22.260000228881836,328.6048583984375,200.6707000732422,96.25599670410156,52.35371398925781,40.45333480834961,14.0,235.67999267578125,219.3300018310547,213.89999389648438
2020-11-11,467.75,116.68000030517578,249.8573455810547,32.7400016784668,86.83000183105469,22.917999267578125,338.34033203125,205.939208984375,100.6719970703125,52.843345642089844,42.133331298828125,15.960000038146973,240.75999450683594,224.89999389648438,218.6199951171875
2020-11-12,462.5799865722656,114.55999755859375,245.17828369140625,34.32500076293945,90.01000213623047,22.719999313354492,335.5655822753906,204.88363647460938,101.95600128173828,52.15047073364258,41.99333190917969,14.579999923706055,235.3800048828125,223.75999450683594,219.80999755859375
2020-11-13,469.3399963378906,115.81999969482422,245.2667694091797,33.04499816894531,85.81999969482422,23.18400001525879,342.7087707519531,205.9011993408203,101.60199737548828,52.57543182373047,43.116668701171875,15.800000190734863,234.8000030517578,226.22999572753906,222.0
2020-11-16,460.95001220703125,114.86000061035156,245.64027404785156,32.89500045776367,86.36000061035156,23.3439998626709,342.8143005371094,206.5858917236328,100.45600128173828,52.79716491699219,46.41666793823242,15.930000305175781,241.85000610351562,222.33999633789062,224.97000122070312
2020-11-17,467.95001220703125,113.4800033569336,251.81350708007812,34.44499969482422,88.08999633789062,23.68400001525879,344.4369812011719,203.95164489746094,102.62000274658203,52.769432067871094,48.95166778564453,17.850000381469727,248.02999877929688,221.1999969482422,226.77999877929688
2020-11-18,459.4700012207031,111.02999877929688,252.78663635253906,34.41999816894531,87.30000305175781,23.336000442504883,340.5869140625,201.26283264160156,101.42400360107422,51.965702056884766,46.856666564941406,17.899999618530273,260.5400085449219,218.19000244140625,223.61000061035156
2020-11-19,466.4100036621094,112.5999984741211,260.14923095703125,35.939998626708984,88.88999938964844,23.4060001373291,347.0196228027344,202.54046630859375,102.86599731445312,52.15047073364258,47.91999816894531,18.979999542236328,264.0,221.27999877929688,230.8000030517578
2020-11-20,462.9200134277344,112.79000091552734,253.6516876220703,36.43000030517578,89.08999633789062,23.624000549316406,333.81817626953125,200.6049346923828,103.61199951171875,51.45758819580078,48.668331146240234,18.149999618530273,266.0,218.50999450683594,209.39999389648438
2020-11-23,460.6099853515625,111.25,253.25848388671875,36.8849983215332,91.04000091552734,23.416000366210938,329.6322021484375,200.33792114257812,104.4219970703125,51.80865478515625,49.34000015258789,21.040000915527344,274.1499938964844,216.0,207.10000610351562
2020-11-24,462.70001220703125,110.73999786376953,256.404052734375,37.36249923706055,89.18000030517578,23.718000411987305,331.4276123046875,203.91351318359375,102.93800354003906,53.185157775878906,49.5283317565918,23.81999969482422,282.1000061035156,215.49000549316406,213.13999938964844
2020-11-25,470.0799865722656,113.04000091552734,242.6225128173828,37.4900016784668,93.51000213623047,23.972000122070312,336.4872131347656,203.92303466796875,103.84400177001953,53.03736114501953,49.54833221435547,29.049999237060547,303.0199890136719,217.02000427246094,214.8800048828125
2020-11-27,477.0299987792969,116.58000183105469,243.41873168945312,37.70750045776367,96.41999816894531,24.757999420166016,340.10687255859375,205.2197723388672,105.49600219726562,53.36069869995117,49.21833419799805,27.65999984741211,328.7900085449219,225.4199981689453,223.86000061035156
2020-11-30,478.4700012207031,116.30000305175781,241.619873046875,38.31999969482422,98.91999816894531,24.645999908447266,337.9754333496094,204.11376953125,106.91000366210938,53.32373809814453,48.98666763305664,27.110000610351562,325.8399963378906,227.5,224.7899932861328
2020-12-01,479.1499938964844,115.6500015258789,237.2455596923828,36.875,95.66999816894531,24.527999877929688,342.583984375,206.15420532226562,107.91799926757812,54.266056060791016,49.13833236694336,25.670000076293945,305.6400146484375,230.02000427246094,225.6999969482422
2020-12-02,481.260009765625,116.43000030517578,217.02537536621094,35.459999084472656,93.5,24.576000213623047,341.3069152832031,205.353271484375,105.30400085449219,54.58015823364258,48.871665954589844,22.510000228881836,292.69000244140625,224.72000122070312,225.42999267578125
2020-12-03,484.2799987792969,116.68000030517578,217.2121124267578,40.29750061035156,97.36000061035156,25.218000411987305,349.1894226074219,204.27587890625,105.0479965209961,54.75569152832031,49.438331604003906,24.030000686645508,339.8900146484375,234.47000122070312,224.1699981689453
2020-12-04,486.0,118.33999633789062,222.01895141601562,41.814998626708984,101.56999969482422,25.559999465942383,353.89398193359375,204.3902587890625,105.13999938964844,55.393123626708984,50.71500015258789,23.850000381469727,387.70001220703125,236.8800048828125,222.17999267578125
2020-12-07,492.25,119.0199966430664,223.8276824951172,42.68000030517578,99.16000366210938,25.615999221801758,357.3407287597656,204.32350158691406,106.6500015258789,55.24531936645508,50.481666564941406,28.940000534057617,388.9599914550781,239.1699981689453,227.27999877929688
2020-12-08,495.2799987792969,118.41000366210938,223.98495483398438,44.369998931884766,99.8499984741211,26.332000732421875,357.7247314453125,205.96353149414062,108.44999694824219,54.533958435058594,51.70333480834961,28.59000015258789,390.0,238.75999450683594,228.1699981689453
2020-12-09,483.739990234375,115.48999786376953,216.81893920898438,41.54249954223633,95.6500015258789,25.06800079345703,349.6501770019531,201.94932556152344,105.5979995727539,55.1806526184082,50.358333587646484,26.6299991607666,371.260009765625,232.77000427246094,219.47999572753906
2020-12-10,476.8699951171875,117.44999694824219,219.1289520263672,44.997501373291016,101.52999877929688,25.511999130249023,348.037353515625,200.7288360595703,107.5999984741211,54.9496955871582,51.311668395996094,27.040000915527344,373.2799987792969,234.1699981689453,218.2899932861328
2020-12-11,475.9100036621094,118.5199966430664,218.63743591308594,43.97999954223633,98.9800033569336,25.672000885009766,349.7846984863281,203.34141540527344,107.47200012207031,55.99361801147461,51.654998779296875,27.200000762939453,353.9599914550781,236.38999938964844,219.24000549316406
2020-12-14,486.4200134277344,121.30999755859375,217.5070037841797,43.45000076293945,102.2699966430664,26.13800048828125,350.9273376464844,204.2376708984375,106.49600219726562,56.132198333740234,52.380001068115234,27.239999771118164,329.1499938964844,238.86000061035156,220.3699951171875
2020-12-15,482.6400146484375,122.81999969482422,216.4060821533203,43.73249816894531,101.2300033569336,26.36400032043457,346.0499267578125,204.17095947265625,105.47599792480469,57.148406982421875,52.90833282470703,26.43000030517578,328.6099853515625,242.74000549316406,220.25
2020-12-16,489.8999938964844,125.4000015258789,219.8170623779297,44.9474983215332,104.55000305175781,26.666000366210938,354.52764892578125,209.08148193359375,109.0,57.99834442138672,53.88833236694336,25.920000076293945,329.9700012207031,248.10000610351562,230.58999633789062
2020-12-17,495.3599853515625,127.30000305175781,222.0779266357422,46.3125,108.69999694824219,27.284000396728516,365.14630126953125,209.21493530273438,110.81400299072266,58.765140533447266,55.233333587646484,27.229999542236328,325.5400085449219,250.2899932861328,239.80999755859375
2020-12-18,502.95001220703125,132.02000427246094,223.56224060058594,50.9375,107.72000122070312,29.170000076293945,364.9446716308594,208.42347717285156,113.08599853515625,60.10469055175781,59.255001068115234,25.969999313354492,334.25,255.0,241.38999938964844
2020-12-21,498.3900146484375,131.72999572753906,222.61859130859375,52.662498474121094,106.45999908447266,29.191999435424805,360.931396484375,212.2374725341797,110.16400146484375,59.56885528564453,59.336666107177734,28.510000228881836,349.8500061035156,254.24000549316406,242.32000732421875
2020-12-22,504.1700134277344,134.3699951171875,227.23866271972656,56.224998474121094,111.06999969482422,30.43000030517578,364.810302734375,213.52468872070312,112.34400177001953,60.187835693359375,62.0099983215332,28.040000915527344,341.1600036621094,258.04998779296875,257.7099914550781
2020-12-23,496.9100036621094,133.05999755859375,223.56224060058594,55.875,107.44000244140625,30.04800033569336,361.8819580078125,210.740478515625,110.01200103759766,60.326419830322266,60.8033332824707,28.690000534057617,331.6499938964844,254.6999969482422,248.75999450683594
2020-12-24,499.8599853515625,134.0,221.94033813476562,55.279998779296875,106.27999877929688,29.95800018310547,365.95281982421875,212.3900604248047,110.77799987792969,60.0123176574707,61.189998626708984,27.75,323.0400085449219,256.2799987792969,248.75999450683594
2020-12-28,498.95001220703125,134.75999450683594,220.81968688964844,53.13750076293945,100.22000122070312,29.857999801635742,365.9143981933594,214.49732971191406,108.74800109863281,59.92915725708008,60.246665954589844,25.6299991607666,302.80999755859375,256.1600036621094,241.9199981689453
2020-12-29,502.1099853515625,133.97999572753906,218.67678833007812,51.48249816894531,98.91999816894531,29.506000518798828,363.2357482910156,213.7249298095703,109.19599914550781,59.550392150878906,59.366668701171875,24.65999984741211,304.04998779296875,253.82000732421875,237.72000122070312
2020-12-30,497.45001220703125,135.25,218.6177978515625,52.5724983215332,99.30999755859375,29.604000091552734,360.566650390625,211.36981201171875,109.47599792480469,59.49496078491211,59.29833221435547,25.100000381469727,300.9200134277344,256.9100036621094,236.92999267578125
2020-12-31,500.1199951171875,136.42999267578125,218.74559020996094,52.95500183105469,98.44000244140625,29.70599937438965,364.69512939453125,212.075439453125,110.08599853515625,59.76287078857422,59.231666564941406,23.549999237060547,281.3999938964844,259.239990234375,239.61000061035156
2021-01-04,485.3399963378906,135.75999450683594,216.56333923339844,50.122501373291016,91.2300033569336,29.11199951171875,356.87030029296875,207.56539916992188,105.36599731445312,58.89447021484375,58.61000061035156,23.3700008392334,278.239990234375,254.6999969482422,228.0800018310547
2021-01-05,485.69000244140625,136.13999938964844,217.7527618408203,52.810001373291016,93.02999877929688,28.347999572753906,354.1531066894531,207.76560974121094,106.39399719238281,58.164634704589844,58.358333587646484,24.600000381469727,283.8299865722656,258.8900146484375,225.36000061035156
2021-01-06,466.30999755859375,130.63999938964844,212.4740753173828,52.212501525878906,91.33000183105469,27.621999740600586,346.59716796875,202.37838745117188,101.44999694824219,58.02552795410156,57.54666519165039,23.540000915527344,268.0199890136719,249.6999969482422,220.0
2021-01-07,477.739990234375,137.0500030517578,214.2729949951172,55.36750030517578,96.63999938964844,28.649999618530273,353.9227600097656,208.137451171875,102.28199768066406,58.48921585083008,60.518333435058594,25.0,304.20001220703125,258.8399963378906,226.2100067138672
2021-01-08,485.1000061035156,136.19000244140625,218.263916015625,55.932498931884766,99.94000244140625,29.628000259399414,360.096435546875,209.40560913085938,105.9280014038086,58.77669143676758,61.09166717529297,25.200000762939453,300.1000061035156,262.79998779296875,227.64999389648438
2021-01-11,474.239990234375,134.69000244140625,214.5383758544922,58.060001373291016,104.25,29.634000778198242,358.0577697753906,207.37469482421875,104.61199951171875,58.45211410522461,60.79999923706055,25.93000030517578,293.19000244140625,260.42999267578125,228.8300018310547
2021-01-12,471.6499938964844,133.72000122070312,211.85482788085938,58.397499084472656,105.58000183105469,30.582000732421875,351.64373779296875,204.93374633789062,102.64199829101562,57.886417388916016,61.746665954589844,26.18000030517578,293.3500061035156,258.5799865722656,225.6199951171875
2021-01-13,472.04998779296875,134.1199951171875,214.4695587158203,56.60499954223633,104.8499984741211,29.579999923706055,350.9608459472656,206.27816772460938,104.34200286865234,57.552574157714844,60.96666717529297,25.5,296.54998779296875,257.1400146484375,229.07000732421875
2021-01-14,463.2699890136719,135.39999389648438,211.93345642089844,56.404998779296875,101.83999633789062,29.506000518798828,351.4898681640625,203.11257934570312,102.86799621582031,57.1259880065918,60.526668548583984,24.920000076293945,303.760009765625,257.9100036621094,227.3300018310547
2021-01-15,458.0799865722656,134.63999938964844,209.5152587890625,54.877498626708984,99.83999633789062,29.305999755859375,356.7789001464844,202.75979614257812,102.75199890136719,57.292911529541016,60.811668395996094,25.639999389648438,291.29998779296875,258.9200134277344,222.55999755859375
2021-01-19,456.5,137.6199951171875,213.07369995117188,55.47999954223633,99.08999633789062,29.642000198364258,370.1841735839844,206.37353515625,103.88400268554688,56.83849334716797,60.67499923706055,26.6200008392334,286.2099914550781,268.20001220703125,221.0399932861328
2021-01-20,469.7300109863281,140.10000610351562,219.64012145996094,56.58250045776367,104.27999877929688,30.058000564575195,374.52099609375,213.9060516357422,108.43800354003906,57.088890075683594,61.758331298828125,26.34000015258789,281.8800048828125,273.42999267578125,226.7899932861328
2021-01-21,472.0199890136719,138.6199951171875,218.39173889160156,55.25,103.33999633789062,29.95199966430664,367.10687255859375,214.50677490234375,108.86599731445312,56.764305114746094,60.936668395996094,25.979999542236328,286.32000732421875,272.8699951171875,229.38999938964844
2021-01-22,472.44000244140625,137.4199981689453,221.9304962158203,55.880001068115234,105.0,30.246000289916992,360.4715576171875,215.44122314453125,108.21800231933594,55.97603988647461,60.77000045776367,32.58000183105469,285.67999267578125,270.1400146484375,235.52999877929688
2021-01-25,473.44000244140625,135.89999389648438,222.0779266357422,54.372501373291016,108.97000122070312,30.36400032043457,360.0676574707031,218.85470581054688,107.57599639892578,56.476829528808594,60.130001068115234,36.22999954223633,287.25,269.6300048828125,234.99000549316406
2021-01-26,476.2799987792969,133.8300018310547,222.4121551513672,51.70000076293945,103.5199966430664,29.93000030517578,360.4234619140625,221.5244598388672,106.49199676513672,57.31146240234375,59.043331146240234,35.369998931884766,280.9800109863281,266.0899963378906,235.60000610351562
2021-01-27,460.0,128.42999267578125,220.95733642578125,50.23249816894531,98.0,29.163999557495117,349.1817932128906,222.06797790527344,103.30000305175781,58.00698471069336,55.86166763305664,39.0,266.20001220703125,254.52999877929688,223.4499969482422
2021-01-28,465.6700134277344,132.9499969482422,222.6480712890625,53.122501373291016,100.0,29.70599937438965,355.7594299316406,227.81753540039062,110.8479995727539,56.773582458496094,58.85333251953125,35.65999984741211,273.1300048828125,259.1600036621094,228.55999755859375
2021-01-29,458.7699890136719,130.38999938964844,221.72406005859375,53.95000076293945,102.75,28.950000762939453,347.37396240234375,221.17169189453125,108.63200378417969,56.040958404541016,58.45833206176758,35.18000030517578,272.45001220703125,255.4499969482422,227.52999877929688
2021-02-01,470.0,134.39999389648438,224.57473754882812,53.752498626708984,101.79000091552734,29.67799949645996,359.25018310546875,228.50401306152344,111.71199798583984,57.04251480102539,60.22666549682617,33.959999084472656,282.0,263.57000732421875,236.69000244140625
2021-02-02,484.92999267578125,135.72000122070312,230.2171173095703,54.90999984741211,106.01000213623047,30.761999130249023,369.3763427734375,228.3705291748047,116.7020034790039,57.84006118774414,64.55999755859375,31.020000457763672,300.7099914550781,269.760009765625,257.760009765625
2021-02-03,481.9200134277344,134.82000732421875,230.8266143798828,54.529998779296875,110.5199966430664,30.18400001525879,365.5682373046875,231.69825744628906,115.33000183105469,57.65457534790039,62.93000030517578,31.760000228881836,304.6400146484375,265.2099914550781,258.6300048828125
2021-02-04,489.3800048828125,137.10000610351562,233.932861328125,56.002498626708984,111.91999816894531,31.398000717163086,377.66571044921875,230.75428771972656,117.7959976196289,58.748870849609375,63.74833297729492,32.04999923706055,303.6099853515625,270.0899963378906,264.19000244140625
2021-02-05,492.1199951171875,135.8000030517578,234.82737731933594,55.88249969482422,114.9000015258789,31.09600067138672,374.4442138671875,230.93539428710938,117.94599914550781,58.980712890625,63.30833435058594,34.04999923706055,306.04998779296875,272.9200134277344,263.95001220703125
2021-02-08,493.760009765625,137.5800018310547,234.86669921875,55.59000015258789,116.41999816894531,31.88599967956543,374.7904052734375,231.19285583496094,117.58200073242188,58.526302337646484,64.23332977294922,36.04999923706055,304.5,276.4800109863281,272.7900085449219
2021-02-09,496.04998779296875,139.49000549316406,232.6746063232422,55.93000030517578,117.8499984741211,31.992000579833984,376.5308837890625,232.43240356445312,116.35600280761719,59.045631408691406,65.16166687011719,38.16999816894531,314.2900085449219,278.1600036621094,275.3699951171875
2021-02-10,492.6700134277344,137.86000061035156,232.6942596435547,57.837501525878906,115.55000305175781,32.263999938964844,382.0508117675781,231.52659606933594,117.87200164794922,58.6746940612793,65.36833190917969,35.70000076293945,305.9100036621094,276.8699951171875,274.0899963378906
2021-02-11,496.6199951171875,143.97000122070312,237.13739013671875,58.70000076293945,117.5999984741211,32.60200119018555,393.1385498046875,233.11895751953125,118.89399719238281,58.14609146118164,65.18499755859375,33.11000061035156,298.7300109863281,286.70001220703125,275.989990234375
2021-02-12,498.8399963378906,145.67999267578125,236.28221130371094,60.525001525878906,112.86000061035156,32.94599914550781,398.110107421875,233.59568786621094,118.25800323486328,58.49848937988281,65.85333251953125,31.90999984741211,299.4700012207031,292.0899963378906,281.3599853515625
2021-02-16,501.6400146484375,145.99000549316406,244.36241149902344,60.60499954223633,107.55999755859375,32.97800064086914,406.06298828125,232.3656768798828,117.14800262451172,57.62676239013672,65.54000091552734,27.84000015258789,294.54998779296875,290.6700134277344,274.8699951171875
2021-02-17,491.2300109863281,141.77999877929688,243.4482421875,59.63999938964844,103.08000183105469,33.24599838256836,399.8603515625,233.37869262695312,116.18800354003906,57.58039093017578,65.90333557128906,27.079999923706055,288.7799987792969,283.760009765625,271.04998779296875
2021-02-18,488.3699951171875,139.52999877929688,242.8092803955078,59.8125,106.4000015258789,33.53799819946289,399.4565124511719,232.9868621826172,115.16000366210938,57.56184005737305,65.08833312988281,25.170000076293945,289.7799987792969,270.95001220703125,272.7900085449219
2021-02-19,479.1199951171875,139.66000366210938,242.366943359375,59.79999923706055,105.05000305175781,34.38600158691406,395.5715026855469,230.2918243408203,114.14600372314453,56.69011688232422,66.1500015258789,29.0,290.0,268.07000732421875,276.3399963378906
2021-02-22,467.3299865722656,133.16000366210938,236.8523406982422,56.45750045776367,99.69999694824219,34.06999969482422,386.1473083496094,224.11805725097656,110.052001953125,59.76898193359375,64.05833435058594,28.0,269.6499938964844,254.69000244140625,269.95001220703125
2021-02-23,467.79998779296875,132.60000610351562,231.6326446533203,54.59749984741211,98.66999816894531,33.75400161743164,383.78167724609375,222.9330291748047,110.3499984741211,59.81534957885742,62.97666549682617,26.75,269.0799865722656,253.2100067138672,261.7300109863281
2021-02-24,476.6199951171875,139.4199981689453,236.38050842285156,54.150001525878906,99.36000061035156,33.970001220703125,397.3312683105469,224.1563262939453,110.36599731445312,60.00082778930664,61.60166549682617,26.389999389648438,273.5199890136719,260.67999267578125,262.7799987792969
2021-02-25,459.1600036621094,138.02000427246094,227.1501922607422,52.165000915527344,95.0,33.599998474121094,373.097900390625,218.8426513671875,105.75800323486328,60.5572509765625,60.00666809082031,23.959999084472656,260.3399963378906,244.08999633789062,251.19000244140625
2021-02-26,459.6700134277344,141.08999633789062,212.81813049316406,54.0,95.41000366210938,33.77000045776367,375.1750793457031,222.08248901367188,106.69200134277344,59.82462692260742,59.71833419799805,23.899999618530273,259.5400085449219,245.2100067138672,245.17999267578125
2021-03-01,469.57000732421875,147.44000244140625,213.8404541015625,55.849998474121094,97.61000061035156,34.652000427246094,390.82098388671875,226.44041442871094,111.29399871826172,61.36407470703125,61.231666564941406,24.809999465942383,272.1700134277344,254.1699981689453,252.8000030517578
2021-03-02,466.5899963378906,142.14999389648438,209.83966064453125,55.525001525878906,93.51000213623047,34.66999816894531,386.33966064453125,223.5064239501953,109.86000061035156,61.8184700012207,59.11000061035156,24.479999542236328,270.6000061035156,247.8699951171875,247.9600067138672
2021-03-03,448.45001220703125,133.74000549316406,202.49671936035156,52.654998779296875,90.0,33.97600173950195,373.7998962402344,217.47608947753906,103.19999694824219,62.050323486328125,57.293331146240234,23.59000015258789,247.02999877929688,236.92999267578125,236.6999969482422
2021-03-04,439.05999755859375,128.80999755859375,201.83810424804688,48.247501373291016,85.0,32.7859992980957,361.8948059082031,216.6828155517578,98.1259994506836,60.84474182128906,55.939998626708984,24.729999542236328,249.0,229.8000030517578,230.35000610351562
2021-03-05,440.8299865722656,126.69000244140625,207.1757354736328,45.779998779296875,82.19999694824219,33.513999938964844,367.5491943359375,221.3370361328125,97.39199829101562,64.88807678222656,55.788333892822266,23.950000762939453,239.72999572753906,227.8000030517578,237.02000427246094
2021-03-08,421.20001220703125,119.68000030517578,204.1874542236328,44.9375,77.5199966430664,33.242000579833984,356.2113952636719,217.3135986328125,92.80999755859375,66.91900634765625,55.246665954589844,22.520000457763672,213.99000549316406,218.49000549316406,231.07000732421875
2021-03-09,439.17999267578125,127.30000305175781,207.93267822265625,49.775001525878906,82.0,35.15399932861328,369.8283386230469,223.42039489746094,97.79000091552734,67.36414337158203,57.06999969482422,24.260000228881836,230.02000427246094,228.39999389648438,245.9199981689453
2021-03-10,437.010009765625,126.87999725341797,208.3553466796875,48.71500015258789,80.69999694824219,36.09199905395508,368.1358642578125,222.1206817626953,94.80000305175781,66.88192749023438,55.78166580200195,24.75,227.11000061035156,228.83999633789062,242.7100067138672
2021-03-11,451.05999755859375,130.1300048828125,212.27748107910156,51.45000076293945,86.23999786376953,37.50600051879883,383.8586730957031,226.6219940185547,100.5739974975586,62.51399230957031,57.39500045776367,26.729999542236328,237.80999755859375,234.25999450683594,257.2699890136719
2021-03-12,444.29998779296875,125.73999786376953,208.60110473632812,49.75,83.0,37.66999816894531,380.7621765136719,225.3031463623047,97.84400177001953,62.28215408325195,57.08833312988281,26.920000076293945,230.0,229.4499969482422,252.72999572753906
2021-03-15,447.5899963378906,129.38999938964844,209.18109130859375,50.13750076293945,87.61000061035156,38.40599822998047,381.6180725097656,224.40480041503906,99.35399627685547,62.81077194213867,57.38166809082031,26.790000915527344,238.75999450683594,234.8699951171875,254.8800048828125
2021-03-16,450.5400085449219,129.38999938964844,210.83250427246094,49.07749938964844,86.37000274658203,37.90399932861328,380.25250244140625,227.17628479003906,99.7979965209961,61.99467086791992,56.66666793823242,25.610000610351562,232.13999938964844,234.0500030517578,257.1199951171875
2021-03-17,451.010009765625,128.49000549316406,209.49562072753906,52.00749969482422,86.54000091552734,36.53200149536133,376.6944274902344,226.53598022460938,97.0,61.41044235229492,56.1533317565918,25.209999084472656,230.3000030517578,235.61000061035156,260.7200012207031
2021-03-18,439.17999267578125,124.02999877929688,205.91754150390625,47.5525016784668,81.88999938964844,34.61199951171875,359.625244140625,220.49603271484375,93.23600006103516,61.89265060424805,52.92499923706055,23.979999542236328,216.6999969482422,227.38999938964844,249.13999938964844
2021-03-19,441.5,125.4800033569336,208.5912628173828,48.657501220703125,84.02999877929688,34.89799880981445,366.6549377441406,220.14242553710938,94.16799926757812,61.447513580322266,52.80833435058594,24.31999969482422,220.82000732421875,227.86000061035156,251.22999572753906
2021-03-22,452.4100036621094,127.97000122070312,211.51077270507812,48.932498931884766,85.18000030517578,35.82400131225586,368.32818603515625,225.53250122070312,95.33000183105469,61.503143310546875,53.90666580200195,24.219999313354492,220.75,234.42999267578125,257.2699890136719
2021-03-23,460.20001220703125,128.25,211.34364318847656,47.650001525878906,85.16999816894531,35.2140007019043,368.5012512207031,227.0520477294922,95.63400268554688,62.384159088134766,53.93333435058594,23.260000228881836,220.0,235.1300048828125,257.3900146484375
2021-03-24,451.510009765625,126.97000122070312,205.9666748046875,45.400001525878906,81.26000213623047,34.2599983215332,362.8179626464844,225.02593994140625,94.46399688720703,61.97611999511719,53.5,21.8799991607666,208.60000610351562,233.0500030517578,246.07000732421875
2021-03-25,450.989990234375,125.66999816894531,201.94622802734375,44.790000915527344,78.26000213623047,34.24599838256836,358.1058654785156,222.0442657470703,94.43599700927734,63.645389556884766,53.913333892822266,22.579999923706055,216.9499969482422,231.6699981689453,246.14999389648438
2021-03-26,469.0899963378906,132.5800018310547,205.5341796875,44.42124938964844,80.29000091552734,36.55400085449219,362.1351013183594,226.00079345703125,99.0,65.14773559570312,53.28499984741211,22.579999923706055,235.0,242.75,249.66000366210938
2021-03-29,469.32000732421875,132.75,207.1855926513672,43.462501525878906,77.04000091552734,36.73400115966797,360.2503356933594,224.81576538085938,97.0780029296875,65.96382904052734,53.371665954589844,21.729999542236328,223.49000549316406,240.4600067138672,243.1199951171875
2021-03-30,465.4599914550781,130.8699951171875,206.4287109375,43.81999969482422,77.37000274658203,36.26599884033203,359.32720947265625,221.5759735107422,97.51399993896484,65.42594146728516,53.00166702270508,22.040000915527344,222.07000732421875,239.60000610351562,243.22999572753906
2021-03-31,475.3699951171875,136.99000549316406,208.26686096191406,45.627498626708984,83.33999633789062,36.88399887084961,368.3665771484375,225.32228088378906,100.02200317382812,65.07354736328125,53.676666259765625,23.290000915527344,229.27999877929688,247.77999877929688,248.42999267578125
2021-04-01,483.3399963378906,141.49000549316406,215.00039672851562,46.75749969482422,87.19999694824219,37.27799987792969,380.06976318359375,231.61068725585938,101.4020004272461,66.59441375732422,54.67499923706055,23.06999969482422,236.7899932861328,254.22999572753906,254.97000122070312
2021-04-05,491.6199951171875,145.8699951171875,216.5436553955078,46.654998779296875,83.23999786376953,38.25400161743164,386.7147216796875,238.03286743164062,102.80400085449219,68.77375030517578,55.17166519165039,23.440000534057617,232.32000732421875,260.1099853515625,255.0
2021-04-06,491.3399963378906,143.4600067138672,217.33004760742188,48.595001220703125,88.88999938964844,38.93600082397461,385.8107604980469,236.87649536132812,101.81600189208984,68.8850326538086,56.22999954223633,23.270000457763672,236.00999450683594,257.3599853515625,254.89999389648438
2021-04-07,493.4100036621094,142.55999755859375,217.03518676757812,48.48249816894531,86.5999984741211,38.566001892089844,385.66644287109375,238.82611083984375,102.14600372314453,68.98748016357422,56.4283332824707,22.899999618530273,233.97000122070312,257.0,251.92999267578125
2021-04-08,499.8399963378906,145.4600067138672,220.6329345703125,50.86249923706055,88.31999969482422,39.316001892089844,395.5426330566406,242.02767944335938,104.80799865722656,70.11445617675781,57.20833206176758,23.40999984741211,233.75,261.010009765625,257.0400085449219
2021-04-09,504.0400085449219,145.35000610351562,227.34677124023438,50.66999816894531,88.80000305175781,39.52399826049805,402.1681213378906,244.51242065429688,106.0,70.39386749267578,58.25166702270508,24.040000915527344,226.88999938964844,261.8500061035156,257.6099853515625
2021-04-12,506.0299987792969,144.7899932861328,224.86964416503906,50.997501373291016,90.45999908447266,39.417999267578125,400.55023193359375,244.5697784423828,107.4000015258789,70.89682006835938,59.22666549682617,23.34000015258789,233.38999938964844,258.04998779296875,259.510009765625
2021-04-13,514.8599853515625,146.14999389648438,228.05455017089844,54.087501525878906,94.20999908447266,40.007999420166016,403.44903564453125,247.03546142578125,109.78600311279297,71.40907287597656,59.983333587646484,25.420000076293945,238.0800018310547,261.92999267578125,265.92999267578125
2021-04-14,510.6300048828125,144.61000061035156,224.14224243164062,52.04999923706055,93.25,39.86399841308594,396.0819091796875,244.2639617919922,108.96800231933594,71.54878997802734,60.163333892822266,23.700000762939453,229.13999938964844,258.5899963378906,259.8500061035156
2021-04-15,523.25,147.58999633789062,229.0375518798828,53.275001525878906,95.2699966430664,41.108001708984375,402.1200866699219,248.00071716308594,111.87000274658203,72.91791534423828,61.72999954223633,23.149999618530273,236.3800048828125,262.1300048828125,260.2900085449219
2021-04-16,525.0800170898438,147.25999450683594,227.96607971191406,53.79999923706055,90.33999633789062,41.20199966430664,400.4444274902344,249.1857452392578,111.38200378417969,73.53264617919922,61.108333587646484,22.469999313354492,232.74000549316406,260.7699890136719,256.3500061035156
2021-04-19,516.1699829101562,141.94000244140625,226.58006286621094,53.342498779296875,87.88999938964844,41.22800064086914,387.4146728515625,247.27435302734375,109.8740005493164,73.34635162353516,61.15999984741211,21.940000534057617,229.07000732421875,250.63999938964844,254.50999450683594
2021-04-20,514.2100219726562,140.94000244140625,224.083251953125,51.650001525878906,83.95999908447266,40.560001373291016,390.38079833984375,246.815673828125,108.15599822998047,73.80271911621094,60.0,21.780000686645508,225.22000122070312,250.1699981689453,249.9199981689453
2021-04-21,512.3400268554688,141.5,226.63902282714844,52.592498779296875,84.77999877929688,40.38399887084961,393.8283996582031,249.0328369140625,109.29399871826172,71.39977264404297,59.435001373291016,22.6299991607666,231.38999938964844,252.55999755859375,251.6199951171875
2021-04-22,507.2900085449219,140.05999755859375,227.41558837890625,54.182498931884766,84.80999755859375,40.231998443603516,391.73870849609375,245.77394104003906,109.697998046875,69.73259735107422,58.801666259765625,22.860000610351562,231.44000244140625,248.2100067138672,252.9499969482422
2021-04-23,515.8400268554688,142.0800018310547,229.5388641357422,54.82500076293945,89.56999969482422,40.35200119018555,399.5776672363281,249.5775909423828,110.54000091552734,69.82573699951172,59.73666763305664,23.40999984741211,235.63999938964844,251.4499969482422,254.8000030517578
2021-04-26,515.7000122070312,144.22999572753906,231.4556884765625,56.11750030517578,93.13999938964844,40.779998779296875,402.8230895996094,249.9598388671875,111.84200286865234,69.38796997070312,60.244998931884766,24.110000610351562,237.75,256.8800048828125,259.239990234375
2021-04-27,517.3200073242188,132.75,230.22698974609375,55.3125,93.80000305175781,40.25,400.73333740234375,250.36126708984375,112.5260009765625,70.0585708618164,59.746665954589844,23.8799991607666,238.1699981689453,251.6999969482422,261.3299865722656
2021-04-28,515.47998046875,133.27000427246094,232.85154724121094,55.060001373291016,91.55999755859375,39.60200119018555,400.42510986328125,243.2795867919922,111.447998046875,69.63945770263672,60.026668548583984,23.850000381469727,236.63999938964844,251.3699951171875,260.8900146484375
2021-04-29,516.0900268554688,133.4600067138672,230.37442016601562,52.88249969482422,88.83999633789062,39.09400177001953,400.7621154785156,241.3204345703125,101.0,70.66397094726562,59.19166564941406,23.3700008392334,229.5500030517578,252.50999450683594,254.6699981689453
2021-04-30,508.3399963378906,131.77000427246094,226.40310668945312,52.127498626708984,85.7699966430664,40.84600067138672,396.9197692871094,241.0050811767578,101.27400207519531,70.5894546508789,58.89833450317383,23.040000915527344,231.58999633789062,247.05999755859375,247.0
2021-05-03,503.4599914550781,129.6199951171875,219.95468139648438,51.279998779296875,80.16999816894531,40.63600158691406,396.1300048828125,240.69924926757812,98.06400299072266,72.0237808227539,58.18000030517578,22.299999237060547,223.69000244140625,244.80999755859375,243.75
2021-05-04,490.70001220703125,126.3499984741211,213.48658752441406,49.4474983215332,77.86000061035156,41.35599899291992,382.9173583984375,236.80960083007812,96.66000366210938,73.14146423339844,57.599998474121094,21.639999389648438,218.39999389648438,237.07000732421875,237.16000366210938
2021-05-05,486.69000244140625,126.88999938964844,211.73683166503906,48.310001373291016,76.73999786376953,41.875999450683594,377.54364013671875,235.54811096191406,95.99400329589844,73.75617218017578,56.86333465576172,21.149999618530273,213.7899932861328,237.4600067138672,235.94000244140625
2021-05-06,483.6099853515625,126.9000015258789,214.34178161621094,46.76750183105469,71.36000061035156,41.301998138427734,379.4986267089844,238.6636505126953,97.16799926757812,74.26840209960938,56.2400016784668,20.09000015258789,199.83999633789062,237.4600067138672,234.92999267578125
2021-05-07,488.7300109863281,129.0500030517578,212.81813049316406,47.29499816894531,77.29000091552734,42.354000091552734,386.2109680175781,241.27267456054688,96.7020034790039,74.88314056396484,57.05666732788086,19.75,206.0399932861328,241.83999633789062,236.7100067138672
2021-05-10,479.3800048828125,124.13999938964844,210.25253295898438,46.89500045776367,76.86000061035156,40.858001708984375,378.02520751953125,236.2266082763672,93.36000061035156,74.65027618408203,56.88999938964844,18.469999313354492,193.82000732421875,232.38999938964844,232.2899932861328
2021-05-11,485.19000244140625,125.83000183105469,211.89413452148438,48.775001525878906,78.62000274658203,41.301998138427734,380.3846435546875,235.31874084472656,96.30000305175781,72.35909271240234,57.23833465576172,20.209999084472656,201.4600067138672,234.82000732421875,236.89999389648438
2021-05-12,472.0899963378906,121.77999877929688,206.95950317382812,47.317501068115234,76.83999633789062,39.40599822998047,385.1033935546875,228.4091339111328,92.94200134277344,71.48357391357422,55.848331451416016,18.889999389648438,191.3800048828125,228.5399932861328,224.5
2021-05-13,474.1600036621094,122.06999969482422,208.25701904296875,45.939998626708984,77.38999938964844,39.678001403808594,388.5992431640625,232.2605438232422,90.99600219726562,72.77819061279297,53.97999954223633,18.3700008392334,188.24000549316406,230.86000061035156,222.5800018310547
2021-05-14,486.55999755859375,124.27999877929688,213.95840454101562,47.65999984741211,82.51000213623047,41.172000885009766,401.8311767578125,237.1536407470703,92.06600189208984,73.47675323486328,56.13666534423828,20.079999923706055,209.99000549316406,239.6999969482422,228.77000427246094
2021-05-17,482.739990234375,121.83999633789062,211.4026336669922,47.13249969482422,81.02999877929688,40.86800003051758,403.9112548828125,234.31527709960938,90.87999725341797,73.65369415283203,55.96666717529297,20.459999084472656,212.64999389648438,236.0,229.4499969482422
2021-05-18,480.6199951171875,121.13999938964844,210.68504333496094,49.19499969482422,83.11000061035156,40.849998474121094,401.99481201171875,232.30831909179688,91.44400024414062,73.29048156738281,56.68166732788086,21.239999771118164,223.52999877929688,235.02999877929688,225.08999633789062
2021-05-19,480.4700012207031,122.31999969482422,217.57583618164062,49.6775016784668,83.66999816894531,41.52000045776367,405.6254577636719,232.88304138183594,91.9520034790039,73.33704376220703,55.93000030517578,20.670000076293945,228.80999755859375,237.36000061035156,226.0
2021-05-20,491.6700134277344,125.25,219.974365234375,51.00749969482422,88.12000274658203,42.4640007019043,419.1751708984375,236.10157775878906,94.22599792480469,73.31842041015625,57.098331451416016,20.610000610351562,230.55999755859375,244.7100067138672,233.42999267578125
2021-05-21,488.07000732421875,123.45999908447266,218.7947540283203,52.650001525878906,88.94999694824219,42.16600036621094,417.4031677246094,234.84674072265625,93.89399719238281,73.6071548461914,60.40833282470703,20.75,233.38999938964844,242.0,231.4199981689453
2021-05-24,497.8299865722656,126.33000183105469,223.1297607421875,53.587501525878906,89.76000213623047,42.61399841308594,424.1251220703125,240.2205352783203,95.27200317382812,73.93310546875,60.753334045410156,21.219999313354492,233.9199981689453,248.5800018310547,234.0
2021-05-25,505.0799865722656,127.48999786376953,223.8375244140625,53.21500015258789,89.58000183105469,42.91400146484375,422.7575988769531,241.12095642089844,95.9800033569336,73.42086791992188,60.8466682434082,21.479999542236328,229.9600067138672,255.8300018310547,236.57000732421875
2021-05-26,506.9800109863281,126.83000183105469,225.7739715576172,54.9900016784668,91.43000030517578,43.141998291015625,426.4364013671875,240.90061950683594,97.08200073242188,73.82136535644531,61.29499816894531,22.1200008392334,235.25,254.27999877929688,237.07000732421875
2021-05-27,498.2799987792969,127.12999725341797,221.9894561767578,55.70249938964844,92.30999755859375,43.268001556396484,416.1319580078125,238.81240844726562,95.84400177001953,73.5605697631836,61.209999084472656,22.700000762939453,245.14999389648438,254.6199951171875,229.35000610351562
2021-05-28,504.5799865722656,126.98999786376953,234.05081176757812,55.537498474121094,91.05000305175781,43.70800018310547,422.8539123535156,239.1668701171875,94.7760009765625,73.33704376220703,60.54166793823242,22.950000762939453,238.02999877929688,254.33999633789062,228.72000122070312
2021-06-01,495.9100036621094,125.75,232.18310546875,55.51750183105469,91.87999725341797,42.99800109863281,422.4398498535156,236.9828643798828,93.83399963378906,74.11009216308594,60.05833435058594,23.059999465942383,240.80999755859375,253.82000732421875,226.41000366210938
2021-06-02,495.7699890136719,124.52999877929688,230.62998962402344,55.14500045776367,91.5999984741211,43.27399826049805,428.9691162109375,236.88706970214844,93.4020004272461,74.76203918457031,59.61166763305664,24.450000762939453,243.17999267578125,253.0500030517578,226.8300018310547
2021-06-03,493.1400146484375,123.94000244140625,226.9142303466797,54.0,88.69000244140625,43.07600021362305,433.8998107910156,235.36404418945312,91.83999633789062,75.52578735351562,58.52166748046875,23.6299991607666,238.42999267578125,250.58999633789062,221.24000549316406
2021-06-04,504.5,126.75,233.4413299560547,51.73500061035156,88.44999694824219,44.35200119018555,444.84942626953125,240.23008728027344,92.12999725341797,77.2022705078125,59.55833435058594,24.030000686645508,242.55999755859375,255.8800048828125,223.30999755859375
2021-06-07,509.4700012207031,124.93000030517578,234.0901336669922,53.852500915527344,90.62000274658203,44.70800018310547,440.3039855957031,243.12295532226562,91.89199829101562,78.18021392822266,59.39500045776367,24.459999084472656,250.57000732421875,252.58999633789062,225.64999389648438
2021-06-08,509.20001220703125,125.22000122070312,232.39938354492188,53.78499984741211,92.4800033569336,45.47200012207031,448.0563049316406,241.93511962890625,92.1520004272461,78.80424499511719,58.88999938964844,24.3799991607666,250.32000732421875,254.99000549316406,224.72000122070312
2021-06-09,514.6799926757812,125.19000244140625,232.07496643066406,53.48749923706055,91.72000122070312,45.104000091552734,451.01263427734375,242.91220092773438,92.94200134277344,78.7204360961914,58.731666564941406,24.170000076293945,247.00999450683594,256.05999755859375,225.4600067138672
2021-06-10,535.52001953125,128.50999450683594,236.1052703857422,57.150001525878906,94.5,45.790000915527344,453.9017333984375,246.40855407714844,97.82599639892578,76.65274810791016,60.40833282470703,24.139999389648438,248.8000030517578,262.07000732421875,229.07000732421875
2021-06-11,541.260009765625,129.27999877929688,236.22323608398438,57.817501068115234,95.4800033569336,45.78799819946289,454.70111083984375,247.0311737060547,99.60199737548828,77.21157836914062,60.973331451416016,24.670000076293945,240.60000610351562,263.07000732421875,230.08999633789062
2021-06-14,556.9500122070312,130.9600067138672,242.07200622558594,58.38249969482422,97.25,46.29199981689453,459.333251953125,248.9469451904297,101.86799621582031,76.9508056640625,61.258331298828125,25.0,244.1999969482422,266.489990234375,232.27999877929688
2021-06-15,548.4600219726562,129.4600067138672,238.45462036132812,57.084999084472656,96.58999633789062,46.012001037597656,453.3047180175781,247.4813232421875,101.08599853515625,76.03804779052734,60.13999938964844,24.40999984741211,241.41000366210938,264.0899963378906,231.80999755859375
2021-06-16,543.3300170898438,128.1999969482422,238.26785278320312,58.54249954223633,98.37999725341797,46.05400085449219,451.98541259765625,246.5426483154297,102.01599884033203,71.79094696044922,60.58333206176758,24.799999237060547,238.83999633789062,261.4100036621094,230.1999969482422
2021-06-17,551.3599853515625,130.91000366210938,240.27313232421875,60.32749938964844,101.75,47.395999908447266,457.1761169433594,249.9144287109375,106.08000183105469,72.23800659179688,62.01166534423828,25.450000762939453,245.52999877929688,265.1400146484375,235.0399932861328
2021-06-18,565.5900268554688,130.47000122070312,238.65121459960938,61.227500915527344,103.26000213623047,46.731998443603516,455.8952941894531,248.50631713867188,106.74800109863281,70.9992904663086,61.95166778564453,25.3700008392334,249.39999389648438,265.8599853515625,236.49000549316406
2021-06-21,567.3499755859375,132.1300048828125,240.32229614257812,59.41999816894531,102.3499984741211,47.58399963378906,460.22882080078125,251.57156372070312,106.94999694824219,72.63850402832031,61.823333740234375,25.420000076293945,248.2899932861328,264.79998779296875,236.92999267578125
2021-06-22,575.739990234375,134.0399932861328,238.97560119628906,64.15249633789062,104.54000091552734,48.380001068115234,459.9013977050781,254.33033752441406,109.20600128173828,73.28114318847656,60.900001525878906,25.399999618530273,249.2899932861328,268.4599914550781,238.97000122070312
2021-06-23,574.22998046875,133.0,237.72718811035156,63.224998474121094,106.52999877929688,48.012001037597656,460.89337158203125,254.10043334960938,110.04000091552734,72.74097442626953,61.39833450317383,26.270000457763672,249.0,268.8599853515625,238.69000244140625
2021-06-24,578.260009765625,135.02000427246094,239.6243896484375,63.42499923706055,106.44000244140625,47.99800109863281,464.77435302734375,255.4606170654297,110.41400146484375,72.40564727783203,62.099998474121094,26.530000686645508,251.25,273.79998779296875,241.7100067138672
2021-06-25,579.6599731445312,134.75999450683594,237.7566680908203,63.310001373291016,106.05999755859375,48.40599822998047,468.1160888671875,253.86090087890625,108.99800109863281,73.07624816894531,62.595001220703125,26.780000686645508,247.08999633789062,268.9700012207031,243.0
2021-06-28,588.7999877929688,137.10000610351562,240.41078186035156,63.772499084472656,106.44000244140625,49.40800094604492,468.9827575683594,257.4051513671875,110.43399810791016,73.11351776123047,63.07833480834961,27.3799991607666,247.6699981689453,274.0299987792969,242.91000366210938
2021-06-29,590.75,138.35000610351562,241.6296844482422,64.27999877929688,107.19999694824219,48.64799880981445,473.22967529296875,259.9722900390625,111.71800231933594,72.74097442626953,62.61166763305664,26.6299991607666,245.8000030517578,276.17999267578125,246.38999938964844
2021-06-30,585.6400146484375,136.82000732421875,240.11587524414062,62.82749938964844,104.08000183105469,47.63800048828125,472.04522705078125,259.4933166503906,109.91000366210938,72.4988021850586,61.84166717529297,26.360000610351562,241.8000030517578,275.7900085449219,238.74000549316406
2021-07-01,584.72998046875,136.92999267578125,240.8137969970703,62.790000915527344,104.56999969482422,48.46799850463867,472.8925476074219,260.1638488769531,109.03399658203125,74.08216094970703,61.78166580200195,24.719999313354492,236.75,277.1099853515625,235.50999450683594
2021-07-02,593.0700073242188,137.94000244140625,243.9790496826172,63.147499084472656,106.47000122070312,49.608001708984375,479.2389831542969,265.9591064453125,110.36599731445312,76.2057113647461,62.13666534423828,24.440000534057617,237.24000549316406,279.1600036621094,238.3000030517578
2021-07-06,596.9000244140625,138.6699981689453,245.99417114257812,66.24500274658203,108.68000030517578,50.22999954223633,482.4458923339844,265.9687194824219,111.697998046875,77.3792495727539,65.31666564941406,24.68000030517578,239.0500030517578,279.2900085449219,238.5500030517578
2021-07-07,605.77001953125,139.10000610351562,244.21495056152344,66.87999725341797,107.30999755859375,50.66600036621094,487.3764343261719,268.14306640625,112.35600280761719,80.18267822265625,64.49833679199219,22.889999389648438,248.75,279.8599853515625,238.64999389648438
2021-07-08,605.9500122070312,137.30999755859375,241.619873046875,65.84750366210938,107.0999984741211,50.58599853515625,487.3764343261719,265.7388610839844,112.09400177001953,79.71701049804688,64.4183349609375,23.079999923706055,250.3000030517578,278.8599853515625,237.08999633789062
2021-07-09,604.5,138.5,240.89244079589844,66.11000061035156,108.12000274658203,51.36199951171875,485.8628234863281,266.2369384765625,113.27400207519531,81.73810577392578,65.04000091552734,23.290000915527344,269.489990234375,280.75,239.94000244140625
2021-07-12,600.2000122070312,137.72999572753906,238.7789764404297,65.44750213623047,107.76000213623047,51.15800094604492,486.9908752441406,265.64306640625,112.38600158691406,81.1047592163086,64.75499725341797,22.950000762939453,267.05999755859375,278.55999755859375,236.38999938964844
2021-07-13,605.010009765625,137.72000122070312,239.87013244628906,65.29000091552734,106.58999633789062,51.40800094604492,488.5238342285156,269.1489562988281,111.86599731445312,81.0954360961914,64.66666412353516,22.450000762939453,264.6199951171875,278.0899963378906,232.99000549316406
2021-07-14,608.8300170898438,138.8300018310547,238.30714416503906,63.557498931884766,104.66999816894531,51.167999267578125,487.4343566894531,270.6144714355469,112.58799743652344,82.5257339477539,64.38333129882812,21.559999465942383,252.5399932861328,279.0799865722656,232.02999877929688
2021-07-15,606.1699829101562,137.5500030517578,233.5396728515625,62.32500076293945,103.4800033569336,51.2599983215332,485.1300048828125,269.19677734375,111.65599822998047,80.61870574951172,64.63999938964844,21.469999313354492,251.0,277.67999267578125,228.6999969482422
2021-07-16,606.0999755859375,137.6699981689453,234.3751678466797,62.4900016784668,104.63999938964844,51.6879997253418,483.529541015625,268.9285888671875,111.27200317382812,81.78721618652344,64.71666717529297,21.3700008392334,250.82000732421875,276.55999755859375,227.52999877929688
2021-07-19,602.0499877929688,137.72000122070312,233.51016235351562,62.599998474121094,104.83000183105469,51.32600021362305,480.8974609375,265.3460693359375,111.01799774169922,81.31046295166016,64.90666961669922,21.540000915527344,252.27999877929688,274.4800109863281,226.14999389648438
2021-07-20,608.719970703125,139.7899932861328,236.02662658691406,63.060001373291016,107.5199966430664,52.768001556396484,490.3267517089844,267.55877685546875,113.05000305175781,82.88096618652344,66.8316650390625,22.18000030517578,256.2699890136719,277.8900146484375,230.8300018310547
2021-07-21,612.260009765625,140.75999450683594,237.9925994873047,63.38750076293945,108.38999938964844,52.93000030517578,496.00567626953125,269.55120849609375,113.4260025024414,83.84381103515625,65.30332946777344,22.520000457763672,259.29998779296875,278.2200012207031,237.36000061035156
2021-07-22,623.6799926757812,143.02000427246094,244.05767822265625,65.76000213623047,110.19999694824219,54.150001525878906,502.6197509765625,274.0917663574219,115.33999633789062,84.77864837646484,66.3933334350586,22.06999969482422,267.29998779296875,281.6000061035156,237.9199981689453
2021-07-23,625.8699951171875,145.6699981689453,244.02821350097656,67.23999786376953,111.2300033569336,55.141998291015625,509.4844055175781,277.4729919433594,117.23600006103516,81.97418212890625,66.9366683959961,21.809999465942383,264.9200134277344,285.07000732421875,240.39999389648438
2021-07-26,620.7999877929688,144.97000122070312,243.38925170898438,66.2074966430664,109.79000091552734,54.46799850463867,510.3327941894531,276.87908935546875,116.83999633789062,82.13309478759766,66.49833679199219,22.1299991607666,268.79998779296875,283.8900146484375,238.61000061035156
2021-07-27,618.280029296875,143.27000427246094,239.36878967285156,64.45999908447266,109.62000274658203,54.22800064086914,504.1623229980469,274.4748229980469,116.45800018310547,82.0770263671875,66.25166320800781,21.68000030517578,262.67999267578125,281.1600036621094,230.66000366210938
2021-07-28,620.9199829101562,144.58999633789062,239.81114196777344,65.8949966430664,111.44999694824219,54.3380012512207,504.345458984375,274.168212890625,116.66999816894531,81.4974136352539,66.57666778564453,22.559999465942383,269.3599853515625,283.69000244140625,234.38999938964844
2021-07-29,621.7000122070312,145.8000030517578,239.88978576660156,65.00749969482422,111.2300033569336,54.84199905395508,506.66912841796875,274.4364318847656,117.28600311279297,81.91808319091797,66.5,22.18000030517578,268.260009765625,285.5299987792969,235.25
2021-07-30,621.6300048828125,147.64999389648438,237.81564331054688,63.40250015258789,110.69999694824219,54.448001861572266,510.96917724609375,272.9134826660156,117.5780029296875,81.46003723144531,66.50833129882812,21.709999084472656,265.7200012207031,287.989990234375,234.39999389648438
2021-08-02,618.75,147.2899932861328,236.76385498046875,63.477500915527344,111.62999725341797,56.92399978637695,508.597412109375,272.8273010253906,116.93399810791016,81.89006042480469,66.72000122070312,22.100000381469727,268.2900085449219,287.6099853515625,233.64999389648438
2021-08-03,621.280029296875,149.85000610351562,237.02928161621094,63.584999084472656,114.68000030517578,59.551998138427734,511.1717529296875,275.0303039550781,116.93199920654297,83.89056396484375,66.38833618164062,22.239999771118164,284.5799865722656,289.20001220703125,235.36000061035156
2021-08-04,625.6799926757812,151.0800018310547,240.017578125,66.05249786376953,114.93000030517578,60.80400085449219,516.8407592773438,274.4460754394531,118.69400024414062,84.18035125732422,67.22166442871094,22.299999237060547,273.3699951171875,291.489990234375,232.22999572753906
2021-08-05,632.0800170898438,151.75999450683594,246.2989044189453,66.40499877929688,132.47000122070312,60.00400161743164,518.720947265625,277.32928466796875,119.0999984741211,83.60077667236328,67.27333068847656,22.520000457763672,276.989990234375,293.20001220703125,236.0
2021-08-06,631.3800048828125,151.07000732421875,246.32838439941406,65.18499755859375,131.9199981689453,60.736000061035156,515.1344604492188,277.2718811035156,118.13600158691406,83.68489837646484,64.3933334350586,21.81999969482422,277.4800109863281,292.42999267578125,235.72000122070312
2021-08-09,629.219970703125,150.2899932861328,245.07998657226562,65.88999938964844,130.0,60.22200012207031,516.040771484375,276.189453125,117.59200286865234,84.04014587402344,64.74666595458984,22.93000030517578,280.0,291.3999938964844,234.19000244140625
2021-08-10,621.739990234375,149.0500030517578,239.2508544921875,63.16749954223633,125.30000305175781,60.08000183105469,511.1235046386719,274.3790283203125,115.16000366210938,83.79708099365234,62.83333206176758,22.920000076293945,274.489990234375,288.25,230.6999969482422
2021-08-11,626.030029296875,150.52999877929688,238.1597137451172,59.970001220703125,128.2100067138672,59.73400115966797,513.1480712890625,274.8675537109375,114.04000091552734,83.7877197265625,60.913333892822266,22.350000381469727,275.8699951171875,288.95001220703125,231.3699951171875
2021-08-12,634.3499755859375,152.25999450683594,244.16578674316406,61.45500183105469,130.27999877929688,61.13199996948242,517.6700439453125,277.6071472167969,116.31400299072266,83.95600128173828,61.5,24.889999389648438,286.2799987792969,292.19000244140625,235.3300018310547
2021-08-13,637.3099975585938,152.6699981689453,247.2819061279297,60.95500183105469,135.49000549316406,61.86600112915039,521.3530883789062,280.51910400390625,117.56600189208984,84.48884582519531,62.34000015258789,24.899999618530273,291.5199890136719,293.1199951171875,236.67999267578125
2021-08-16,636.9400024414062,151.8699951171875,244.96206665039062,58.6775016784668,133.52000427246094,60.487998962402344,523.4741821289062,282.1954345703125,116.04399871826172,84.90017700195312,61.720001220703125,24.5,282.1700134277344,294.4200134277344,232.5800018310547
2021-08-17,635.010009765625,149.58999633789062,242.78961181640625,58.20000076293945,133.0,59.72600173950195,516.6480102539062,280.7393493652344,116.447998046875,85.02169799804688,60.961666107177734,23.969999313354492,278.0,291.6199951171875,231.36000061035156
2021-08-18,626.77001953125,148.02000427246094,246.9477081298828,58.44499969482422,132.67999267578125,58.54399871826172,513.8712158203125,279.0215759277344,116.38999938964844,83.14271545410156,60.393333435058594,25.280000686645508,280.0,290.6300048828125,231.5800018310547
2021-08-19,637.6599731445312,153.27000427246094,248.7662353515625,58.7400016784668,132.4199981689453,59.15599822998047,523.9561767578125,284.8182373046875,117.38400268554688,82.92768859863281,60.483333587646484,24.15999984741211,279.45001220703125,315.989990234375,231.89999389648438
2021-08-20,647.3400268554688,156.6699981689453,251.77415466308594,59.470001220703125,131.14999389648438,59.5880012512207,525.7496337890625,292.1025695800781,120.10399627685547,83.14271545410156,61.24333190917969,24.010000228881836,266.6700134277344,316.8800048828125,235.9499969482422
2021-08-23,656.8599853515625,158.32000732421875,256.0895080566406,61.45000076293945,132.5,61.50400161743164,532.681884765625,292.38092041015625,123.88600158691406,83.31098175048828,62.095001220703125,24.81999969482422,276.44000244140625,320.9200134277344,242.6199951171875
2021-08-24,657.239990234375,158.5800018310547,255.24411010742188,66.40750122070312,135.47999572753906,59.96799850463867,534.1570434570312,290.4325866699219,124.37000274658203,82.77812957763672,73.6449966430664,25.100000381469727,281.3699951171875,324.95001220703125,245.80999755859375
2021-08-25,656.7999877929688,158.6300048828125,256.4139099121094,67.5,135.6300048828125,61.20600128173828,535.6898803710938,289.8472595214844,124.21399688720703,82.84355926513672,74.50833129882812,24.350000381469727,283.760009765625,325.010009765625,246.11000061035156
2021-08-26,652.3900146484375,159.3699951171875,263.2358703613281,69.69249725341797,131.3000030517578,62.0260009765625,532.826416015625,287.0447998046875,124.80599975585938,82.93704986572266,76.23999786376953,24.8700008392334,305.260009765625,326.510009765625,246.75999450683594
2021-08-27,658.52001953125,162.47000122070312,261.99737548828125,70.57749938964844,134.83999633789062,63.21200180053711,545.6495971679688,287.6494445800781,126.4800033569336,83.52597045898438,76.87999725341797,25.709999084472656,297.7099914550781,331.80999755859375,269.2799987792969
2021-08-30,665.989990234375,163.88999938964844,260.4638671875,71.59249877929688,136.6300048828125,63.87799835205078,545.2928466796875,291.3636169433594,128.3300018310547,83.61944580078125,76.46833038330078,25.760000228881836,297.8500061035156,334.2799987792969,271.3699951171875
2021-08-31,663.7000122070312,163.47999572753906,260.7587890625,70.25,137.8000030517578,63.02799987792969,545.8134765625,289.72235107421875,128.72799682617188,83.32032012939453,76.83999633789062,26.34000015258789,304.3500061035156,332.239990234375,273.1600036621094
2021-09-01,665.8900146484375,164.14999389648438,263.7568664550781,67.49250030517578,135.77000427246094,61.694000244140625,542.9404296875,289.6744079589844,130.1699981689453,84.08686828613281,76.71666717529297,26.200000762939453,301.0199890136719,333.6300048828125,273.3699951171875
2021-09-02,664.6400146484375,165.19000244140625,259.6578063964844,68.1675033569336,137.08999633789062,62.779998779296875,539.7200317382812,289.0218505859375,132.06199645996094,83.9466552734375,77.09166717529297,26.510000228881836,306.8900146484375,337.739990234375,271.32000732421875
2021-09-03,666.5900268554688,165.7100067138672,262.5379638671875,69.55750274658203,138.05999755859375,64.03800201416016,543.0560302734375,289.0122375488281,135.7259979248047,84.13362121582031,78.03666687011719,26.639999389648438,310.0,336.6400146484375,277.739990234375
2021-09-07,661.3900146484375,164.97999572753906,260.6998291015625,67.41999816894531,137.36000061035156,62.816001892089844,540.3756713867188,288.0909423828125,132.21800231933594,82.93704986572266,77.1066665649414,26.700000762939453,312.489990234375,336.32000732421875,274.3699951171875
2021-09-08,663.219970703125,165.55999755859375,258.15380859375,66.30750274658203,139.57000732421875,61.84000015258789,547.2405395507812,288.11968994140625,130.75999450683594,83.63816833496094,77.62166595458984,25.579999923706055,318.1000061035156,336.5899963378906,272.20001220703125
2021-09-09,661.6799926757812,165.91000366210938,256.3057556152344,66.29000091552734,140.89999389648438,62.14799880981445,547.394775390625,285.2789306640625,130.03799438476562,83.70359802246094,77.75,26.1299991607666,319.9700012207031,333.54998779296875,270.0
2021-09-10,658.9400024414062,166.8699951171875,252.82598876953125,65.5,137.14999389648438,62.097999572753906,547.0379028320312,283.8009338378906,129.5959930419922,83.83447265625,78.31666564941406,26.280000686645508,318.5400085449219,332.489990234375,267.5299987792969
2021-09-13,645.1500244140625,164.6300048828125,249.7885284423828,63.50749969482422,135.22999572753906,59.38399887084961,537.4351806640625,285.02935791015625,127.81600189208984,83.09596252441406,79.35333251953125,25.829999923706055,318.45001220703125,331.5899963378906,267.75
2021-09-14,645.010009765625,164.92999267578125,250.0441131591797,64.32499694824219,138.1199951171875,60.11600112915039,547.89599609375,287.7166748046875,129.08399963378906,80.75891876220703,80.80500030517578,26.260000228881836,319.25,332.5899963378906,269.7799987792969
2021-09-15,661.0800170898438,167.5399932861328,251.80364990234375,64.89250183105469,139.11000061035156,60.305999755859375,551.5982055664062,292.5440979003906,130.42999267578125,82.01158142089844,79.98999786376953,27.079999923706055,324.0799865722656,336.0899963378906,269.8500061035156
2021-09-16,665.1099853515625,167.61000061035156,255.93222045898438,66.18499755859375,144.13999938964844,60.8120002746582,552.3407592773438,292.927978515625,131.27000427246094,81.56285858154297,80.8133316040039,28.6299991607666,323.5199890136719,335.3800048828125,271.07000732421875
2021-09-17,654.47998046875,163.6300048828125,256.0993957519531,65.77249908447266,143.1300048828125,59.89799880981445,541.7062377929688,287.7934875488281,130.20599365234375,80.75891876220703,79.3949966430664,28.709999084472656,322.79998779296875,325.5400085449219,268.510009765625
2021-09-20,641.2899780273438,160.92999267578125,253.8286590576172,64.38999938964844,142.25,59.41400146484375,534.5233764648438,282.44769287109375,129.74600219726562,80.55326843261719,79.06500244140625,26.549999237060547,310.07000732421875,321.29998779296875,267.19000244140625
2021-09-21,645.8900146484375,160.8699951171875,253.58287048339844,63.52750015258789,145.3800048828125,59.91999816894531,535.3428344726562,282.9275817871094,130.83999633789062,81.25437927246094,78.83833312988281,26.6200008392334,314.2699890136719,317.8999938964844,270.17999267578125
2021-09-22,626.0800170898438,162.22999572753906,254.7624969482422,64.96499633789062,148.69000244140625,60.32400131225586,542.6221313476562,286.5553894042969,132.52999877929688,82.67530059814453,79.32833099365234,27.43000030517578,315.1099853515625,320.5199890136719,270.7099914550781
2021-09-23,630.8400268554688,163.10000610351562,273.1346130371094,65.57250213623047,147.5,62.108001708984375,556.6697387695312,287.495849609375,132.843994140625,83.59141540527344,80.5250015258789,28.770000457763672,321.5,322.8800048828125,270.07000732421875
2021-09-24,622.7100219726562,163.5500030517578,280.77252197265625,65.4375,147.32000732421875,62.380001068115234,557.2000122070312,287.2943420410156,133.26199340820312,84.0775146484375,81.74500274658203,28.559999465942383,316.4700012207031,321.94000244140625,268.42999267578125
2021-09-27,603.6500244140625,158.16000366210938,274.92364501953125,63.334999084472656,142.0,60.11399841308594,546.6810913085938,282.3230285644531,129.91200256347656,85.10582733154297,81.00666809082031,27.469999313354492,311.20001220703125,313.3999938964844,263.7799987792969
2021-09-28,578.77001953125,152.47000122070312,267.6495361328125,60.46500015258789,137.39999389648438,57.57600021362305,525.4700317382812,272.101806640625,122.50399780273438,84.59166717529297,79.39167022705078,25.34000015258789,298.0,301.92999267578125,252.3699951171875
2021-09-29,577.7000122070312,152.25,265.8998107910156,59.89250183105469,138.13999938964844,57.76599884033203,527.3211059570312,272.5625,123.60399627685547,85.30213928222656,78.84500122070312,24.520000457763672,293.79998779296875,302.6199951171875,249.50999450683594
2021-09-30,575.719970703125,151.44000244140625,266.6075439453125,61.44499969482422,141.35000610351562,58.40800094604492,520.1671142578125,270.5662841796875,124.4540023803711,81.4507064819336,79.83333587646484,24.040000915527344,302.42999267578125,299.4100036621094,249.88999938964844
2021-10-01,577.469970703125,153.00999450683594,270.578857421875,62.317501068115234,144.69000244140625,59.599998474121094,524.46728515625,277.4571838378906,126.55999755859375,83.89056396484375,81.08499908447266,24.329999923706055,303.7200012207031,302.489990234375,254.5500030517578
2021-10-04,558.489990234375,148.0500030517578,266.253662109375,59.720001220703125,137.10000610351562,57.77399826049805,506.5148010253906,271.70843505859375,123.59400177001953,83.44186401367188,78.25666809082031,23.170000076293945,294.67999267578125,289.25,249.67999267578125
2021-10-05,566.7000122070312,150.2100067138672,267.148193359375,61.22999954223633,141.88999938964844,59.70399856567383,514.2280883789062,277.1308898925781,126.68399810791016,85.5264892578125,79.26499938964844,23.209999084472656,300.2799987792969,293.3500061035156,252.0500030517578
2021-10-06,570.3099975585938,150.0399932861328,270.58868408203125,62.04999923706055,143.30999755859375,60.36000061035156,515.4427490234375,281.3056335449219,125.87200164794922,85.3862533569336,81.02166748046875,23.579999923706055,309.6199951171875,294.57000732421875,256.3299865722656
2021-10-07,578.9600219726562,152.25,269.9104309082031,62.470001220703125,142.10000610351562,61.92399978637695,519.1112060546875,282.9755859375,127.58399963378906,86.29304504394531,82.27999877929688,23.729999542236328,320.04998779296875,298.3699951171875,257.8599853515625
2021-10-08,576.8599853515625,150.1199951171875,267.84613037109375,61.25,140.32000732421875,61.433998107910156,512.7302856445312,282.9755859375,123.51599884033203,88.5444107055664,82.13166809082031,23.5,313.5199890136719,291.6600036621094,255.89999389648438
2021-10-11,573.0700073242188,149.52000427246094,269.09454345703125,61.09000015258789,141.9600067138672,61.36000061035156,507.2178649902344,282.380615234375,123.16999816894531,89.38866424560547,83.30166625976562,23.530000686645508,309.7900085449219,288.739990234375,253.6699981689453
2021-10-12,580.6900024414062,150.16000366210938,274.2552185058594,63.185001373291016,145.58999633789062,61.316001892089844,508.80096435546875,281.08489990234375,125.82599639892578,89.65132904052734,84.2066650390625,23.690000534057617,312.94000244140625,292.0400085449219,257.19000244140625
2021-10-13,591.1199951171875,153.5,279.5732421875,67.61000061035156,155.88999938964844,62.02000045776367,516.4178466796875,284.3768005371094,127.88200378417969,90.42994689941406,84.0816650390625,24.1299991607666,327.8500061035156,296.29998779296875,266.6000061035156
2021-10-14,607.510009765625,157.3300018310547,285.08782958984375,69.00250244140625,153.36000061035156,62.762001037597656,524.9517822265625,290.55743408203125,130.6060028076172,89.37928771972656,83.83000183105469,24.350000381469727,332.1199951171875,304.8299865722656,271.1099853515625
2021-10-15,610.0900268554688,155.77999877929688,286.699951171875,68.27749633789062,154.47999572753906,63.05799865722656,533.04150390625,291.9586181640625,132.63600158691406,89.42620849609375,84.64167022705078,24.0,333.57000732421875,306.260009765625,270.989990234375
2021-10-18,622.8300170898438,157.5399932861328,286.7392272949219,71.3375015258789,157.4199981689453,65.3479995727539,545.0122680664062,294.91461181640625,133.24400329589844,90.53312683105469,85.86166381835938,24.260000228881836,337.8800048828125,307.2200012207031,272.6700134277344
2021-10-19,636.0700073242188,158.8300018310547,287.3683776855469,70.5875015258789,157.94000244140625,66.42400360107422,552.9669799804688,295.81671142578125,136.0500030517578,91.049072265625,85.41500091552734,24.690000534057617,339.739990234375,311.0,277.2699890136719
2021-10-20,632.3699951171875,160.08999633789062,285.1565856933594,70.8324966430664,158.85000610351562,66.69000244140625,550.7755737304688,295.02978515625,136.2220001220703,90.65509033203125,85.31999969482422,24.219999313354492,334.1300048828125,315.5,277.260009765625
2021-10-21,638.6599731445312,165.4499969482422,284.88140869140625,71.0250015258789,160.9199981689453,66.86799621582031,558.3248901367188,298.2449035644531,137.26800537109375,90.33612060546875,84.66666412353516,24.780000686645508,342.04998779296875,321.010009765625,281.010009765625
2021-10-22,643.5800170898438,166.75999450683594,287.58465576171875,70.84750366210938,162.38999938964844,67.05799865722656,570.3438110351562,296.70928955078125,137.3300018310547,92.16535949707031,84.02166748046875,24.43000030517578,339.7799987792969,321.1199951171875,280.7900085449219
2021-10-25,646.969970703125,167.3699951171875,288.92156982421875,70.0250015258789,161.5800018310547,66.38200378417969,581.6965942382812,295.7207336425781,137.77000427246094,91.82766723632812,82.961669921875,25.40999984741211,341.5,324.0,282.1499938964844
2021-10-26,642.5,172.92999267578125,290.09124755859375,71.7699966430664,163.8699951171875,64.5260009765625,587.5370483398438,297.62109375,135.3419952392578,90.97400665283203,81.09166717529297,25.520000457763672,342.239990234375,328.0299987792969,282.760009765625
2021-10-27,640.0800170898438,165.10000610351562,290.1305847167969,69.75,157.08999633789062,64.12200164794922,591.900634765625,310.1550598144531,132.95199584960938,90.08283996582031,82.1433334350586,25.059999465942383,347.1000061035156,319.1300048828125,283.1300048828125
2021-10-28,639.280029296875,168.9199981689453,293.3056335449219,70.2925033569336,161.0,65.47599792480469,594.1016235351562,311.2875061035156,137.5399932861328,90.27046203613281,83.06500244140625,25.639999389648438,348.0,326.7799987792969,286.739990234375
2021-10-29,650.3599853515625,173.11000061035156,294.5934143066406,70.44999694824219,167.0500030517578,67.26799774169922,604.3153686523438,318.2648620605469,139.552001953125,89.9984359741211,84.84833526611328,25.8799991607666,353.8399963378906,333.17999267578125,289.9800109863281
2021-11-01,640.2000122070312,173.83999633789062,297.61114501953125,67.2925033569336,165.1999969482422,64.8219985961914,587.7300415039062,316.1053771972656,136.39599609375,88.5350341796875,84.71833038330078,26.559999465942383,357.7300109863281,329.8399963378906,288.07000732421875
2021-11-02,640.4000244140625,175.5500030517578,297.7979431152344,67.02999877929688,164.8800048828125,65.68599700927734,596.978515625,319.7139587402344,137.3179931640625,89.93274688720703,84.74333190917969,25.920000076293945,359.6400146484375,333.19000244140625,291.2799987792969
2021-11-03,655.1799926757812,172.97000122070312,297.7389221191406,67.6624984741211,162.7899932861328,65.98400115966797,601.3032836914062,320.5489196777344,137.53399658203125,90.19541931152344,83.16000366210938,26.1200008392334,353.1400146484375,333.4100036621094,288.9599914550781
2021-11-04,674.0800170898438,179.55999755859375,302.8014221191406,69.90499877929688,166.9499969482422,67.68000030517578,604.0159301757812,322.890625,140.3459930419922,89.70761108398438,82.30500030517578,26.469999313354492,356.7900085449219,341.7200012207031,290.4800109863281
2021-11-05,662.719970703125,178.0,302.02484130859375,68.35749816894531,185.50999450683594,68.23799896240234,593.6962280273438,322.5260009765625,138.40199279785156,89.06973266601562,82.29666900634766,26.0,364.79998779296875,340.75,289.9200134277344
2021-11-08,666.02001953125,179.24000549316406,304.6887512207031,70.73249816894531,191.35000610351562,70.23799896240234,593.9470825195312,323.4185791015625,138.45599365234375,89.24797058105469,86.21666717529297,26.75,370.7300109863281,342.9100036621094,292.7300109863281
2021-11-09,667.9199829101562,182.3699951171875,304.4429626464844,73.29499816894531,196.55999755859375,69.81199645996094,591.5628662109375,322.42041015625,138.25399780273438,88.73201751708984,85.38666534423828,24.25,376.70001220703125,348.260009765625,293.4800109863281
2021-11-10,647.5,177.47999572753906,294.57379150390625,70.38999938964844,188.8000030517578,66.63200378417969,583.0674438476562,317.4777526855469,134.1820068359375,88.01908874511719,83.19833374023438,22.520000457763672,361.0799865722656,337.6600036621094,291.010009765625
2021-11-11,643.1699829101562,177.22999572753906,297.8275146484375,70.2300033569336,190.33999633789062,67.3759994506836,585.8572998046875,319.04205322265625,135.85000610351562,88.2160873413086,84.64666748046875,22.989999771118164,369.1400146484375,340.3599853515625,295.239990234375
2021-11-12,657.5999755859375,181.44000244140625,301.4350280761719,71.07499694824219,193.02999877929688,68.43399810791016,605.2807006835938,323.1593017578125,138.27999877929688,87.74705505371094,85.86333465576172,22.829999923706055,386.5,347.010009765625,296.45001220703125
2021-11-15,659.72998046875,182.33999633789062,300.29473876953125,63.537498474121094,191.0,67.0260009765625,604.4600830078125,322.5355529785156,136.51400756835938,88.19731903076172,86.34333038330078,23.40999984741211,393.70001220703125,345.75,295.6000061035156
2021-11-16,671.030029296875,186.9199981689453,301.8675231933594,65.62750244140625,193.25999450683594,68.2020034790039,623.4008178710938,325.83697509765625,138.50999450683594,89.68887329101562,87.52333068847656,23.1299991607666,401.8900146484375,353.4599914550781,299.8399963378906
2021-11-17,670.6699829101562,187.74000549316406,302.78173828125,67.44499969482422,190.25999450683594,68.2699966430664,613.0711669921875,326.0581359863281,136.98599243164062,89.42620849609375,85.62666320800781,22.489999771118164,398.0,353.9200134277344,300.8999938964844
2021-11-18,670.9600219726562,186.0500030517578,297.8372497558594,66.18000030517578,190.60000610351562,68.7020034790039,607.1631469726562,328.1253662109375,135.16799926757812,88.79769897460938,86.66500091552734,21.5,397.42999267578125,352.0899963378906,299.0899963378906
2021-11-19,688.3699951171875,188.1199951171875,296.0482482910156,64.40750122070312,192.60000610351562,68.50199890136719,668.3679809570312,329.8944091796875,135.19400024414062,88.15042877197266,88.38999938964844,21.40999984741211,392.1499938964844,357.95001220703125,286.6000061035156
2021-11-22,673.5700073242188,184.50999450683594,291.79180908203125,59.90999984741211,180.75,66.16000366210938,638.7212524414062,326.7408447265625,131.2760009765625,88.75078582763672,89.99333190917969,20.649999618530273,355.9599914550781,347.9700012207031,274.75
2021-11-23,665.1599731445312,181.5800018310547,286.4640808105469,57.64500045776367,179.4199981689453,65.49600219726562,647.4097290039062,324.6736145019531,127.38200378417969,87.18419647216797,88.836669921875,20.59000015258789,343.57000732421875,344.6600036621094,274.2799987792969
2021-11-24,668.3200073242188,183.47000122070312,284.2522888183594,57.692501068115234,180.33999633789062,66.64800262451172,660.3165283203125,324.8946533203125,129.86199951171875,87.7845687866211,91.62000274658203,21.110000610351562,355.3599853515625,349.2099914550781,277.8800048828125
2021-11-26,662.0999755859375,178.36000061035156,279.3765869140625,58.15999984741211,181.25,65.47799682617188,643.8184814453125,316.9817199707031,129.91000366210938,86.61199188232422,88.87333679199219,21.030000686645508,362.6000061035156,342.1600036621094,277.54998779296875
2021-11-29,687.489990234375,186.69000244140625,291.69354248046875,56.14250183105469,182.99000549316406,68.66000366210938,670.607666015625,323.66412353515625,134.56399536132812,87.18419647216797,91.86333465576172,21.06999969482422,364.7799987792969,355.8699951171875,281.5899963378906
2021-11-30,669.8499755859375,177.4600067138672,280.1138610839844,54.28499984741211,178.2899932861328,66.4219970703125,629.71435546875,317.8567199707031,129.5399932861328,85.12046813964844,91.15666961669922,20.649999618530273,340.1499938964844,341.0,274.2300109863281
2021-12-01,657.4099731445312,175.0500030517578,247.22291564941406,50.375,164.52999877929688,61.051998138427734,640.9030151367188,317.36627197265625,119.91400146484375,84.1917724609375,88.02666473388672,19.3799991607666,311.0,334.75,260.8599853515625
2021-12-02,671.8800048828125,184.66000366210938,256.7579650878906,52.337501525878906,169.44000244140625,62.62200164794922,648.8480834960938,316.79901123046875,124.67400360107422,84.41690826416016,89.21666717529297,19.690000534057617,360.2799987792969,349.6700134277344,266.6600036621094
2021-12-03,616.530029296875,177.8699951171875,253.92697143554688,49.26250076293945,164.22000122070312,60.56399917602539,625.5247192382812,310.56866455078125,122.62200164794922,82.77528381347656,86.80999755859375,18.979999542236328,345.1099853515625,344.55999755859375,266.989990234375
2021-12-06,622.0399780273438,177.2100067138672,254.34963989257812,48.6775016784668,161.41000366210938,58.40800094604492,622.995361328125,313.62615966796875,123.30799865722656,83.43193817138672,83.53666687011719,18.799999237060547,341.6600036621094,345.45001220703125,269.0899963378906
2021-12-07,649.9600219726562,182.77000427246094,262.449462890625,51.08000183105469,177.00999450683594,63.448001861572266,649.9871215820312,322.0198974609375,132.67799377441406,84.47319793701172,87.23833465576172,19.459999084472656,363.25,356.20001220703125,280.239990234375
2021-12-08,653.0999755859375,184.2100067138672,261.781005859375,52.29499816894531,183.16000366210938,64.48799896240234,649.7554931640625,322.06805419921875,133.16200256347656,83.43193817138672,88.4383316040039,19.81999969482422,370.2799987792969,364.3599853515625,282.29998779296875
2021-12-09,632.5700073242188,179.6199951171875,259.8249206542969,50.317501068115234,175.41000366210938,63.284000396728516,642.4671020507812,320.27001953125,128.42999267578125,83.27243041992188,87.92166900634766,19.209999084472656,361.32000732421875,354.4800109863281,279.3500061035156
2021-12-10,654.4500122070312,184.13999938964844,261.5058288574219,49.650001525878906,174.55999755859375,66.5260009765625,654.4761352539062,329.3464050292969,129.39999389648438,96.27411651611328,88.64167022705078,18.940000534057617,371.239990234375,362.3399963378906,279.67999267578125
2021-12-13,658.2999877929688,184.1300048828125,261.24041748046875,49.66999816894531,172.02999877929688,66.31999969482422,645.5850830078125,326.3273620605469,131.18800354003906,94.64185333251953,89.15333557128906,18.399999618530273,353.9100036621094,362.2300109863281,280.9200134277344
2021-12-14,614.8599853515625,176.05999755859375,251.24337768554688,49.6775016784668,160.77999877929688,63.15999984741211,617.3381958007812,315.69329833984375,124.93800354003906,93.70378112792969,85.41666412353516,18.639999389648438,350.6000061035156,345.92999267578125,273.3500061035156
2021-12-15,630.3300170898438,184.27000427246094,255.61769104003906,52.6775016784668,171.02000427246094,67.35600280761719,625.0709838867188,321.7602844238281,129.4080047607422,97.2309341430664,90.04833221435547,18.860000610351562,360.3399963378906,361.29998779296875,279.2200012207031
2021-12-16,566.0900268554688,179.6199951171875,248.8153839111328,50.06999969482422,164.0500030517578,64.58399963378906,612.00927734375,312.38580322265625,121.7959976196289,96.82756042480469,87.28500366210938,18.34000015258789,324.9800109863281,352.9200134277344,272.2300109863281
2021-12-17,556.6400146484375,179.14999389648438,248.62857055664062,51.275001525878906,170.16000366210938,66.76599884033203,598.7933959960938,311.3282470703125,123.1259994506836,90.63631439208984,88.3566665649414,19.059999465942383,332.3299865722656,348.0400085449219,273.8800048828125
2021-12-20,549.77001953125,177.32000732421875,243.0059051513672,51.5724983215332,164.3800048828125,66.10600280761719,583.6948852539062,307.58807373046875,121.0739974975586,85.96471405029297,88.26499938964844,17.959999084472656,331.07000732421875,346.1099853515625,269.70001220703125
2021-12-21,557.52001953125,183.02999877929688,248.25506591796875,52.57749938964844,177.49000549316406,67.8499984741211,599.5657348632812,314.6838073730469,126.26399993896484,85.84275817871094,89.6050033569336,18.899999618530273,354.82000732421875,359.07000732421875,278.8599853515625
2021-12-22,563.97998046875,186.55999755859375,248.50082397460938,51.900001525878906,179.67999267578125,69.63200378417969,609.788818359375,320.36614990234375,128.78599548339844,84.29496765136719,92.45999908447266,18.8799991607666,358.1000061035156,364.8299865722656,277.8800048828125
2021-12-23,569.6199951171875,187.47999572753906,248.83506774902344,52.880001068115234,180.36000061035156,69.80400085449219,613.6986083984375,321.7987976074219,129.71400451660156,84.16360473632812,93.62999725341797,18.93000030517578,349.2200012207031,366.1499938964844,278.04998779296875
2021-12-27,577.6799926757812,191.64999389648438,253.9073028564453,52.40999984741211,183.47000122070312,73.53399658203125,630.1681518554688,329.2599792480469,132.656005859375,83.9947738647461,94.72333526611328,18.940000534057617,351.989990234375,375.5899963378906,279.3500061035156
2021-12-28,569.3599853515625,190.0800018310547,251.10572814941406,51.807498931884766,177.4199981689453,73.19999694824219,627.2816772460938,328.1060791015625,130.8000030517578,83.15990447998047,94.11833190917969,18.56999969482422,340.17999267578125,372.1499938964844,275.79998779296875
2021-12-29,569.2899780273438,189.92999267578125,250.21121215820312,51.717498779296875,179.7100067138672,73.3479995727539,625.5922241210938,328.77911376953125,130.91600036621094,82.74715423583984,93.93333435058594,18.170000076293945,344.2099914550781,373.44000244140625,275.75
2021-12-30,570.530029296875,188.25,250.98777770996094,52.23749923706055,178.92999267578125,71.95600128173828,621.083740234375,326.2505187988281,130.9080047607422,82.55951690673828,93.56999969482422,18.690000534057617,340.6300048828125,370.80999755859375,276.5
2021-12-31,567.0599975585938,186.35000610351562,249.8081817626953,51.1875,178.11000061035156,71.87999725341797,620.9486083984375,323.3660583496094,129.82200622558594,81.80906677246094,92.7933349609375,18.209999084472656,338.75,368.5,273.17999267578125
2022-01-03,564.3699951171875,183.16000366210938,251.1156005859375,49.58250045776367,163.8300018310547,66.6240005493164,609.60546875,321.8564453125,126.02799987792969,82.45635223388672,90.70166778564453,18.530000686645508,332.010009765625,361.1000061035156,263.7200012207031
2022-01-04,554.0,178.3000030517578,244.008544921875,47.29750061035156,157.75999450683594,64.4280014038086,596.9109497070312,316.3375549316406,120.78800201416016,83.338134765625,87.33333587646484,18.170000076293945,315.5299987792969,352.989990234375,253.05999755859375
2022-01-05,514.4299926757812,172.6199951171875,223.7981719970703,44.8224983215332,145.52000427246094,60.698001861572266,573.1432495117188,304.1940612792969,114.552001953125,81.10552215576172,84.1433334350586,16.959999084472656,296.8699951171875,339.7699890136719,248.25999450683594
2022-01-06,514.1199951171875,173.1199951171875,225.2530059814453,46.872501373291016,143.88999938964844,62.79999923706055,566.0864868164062,301.7903747558594,114.80799865722656,81.29383087158203,88.8183364868164,16.739999771118164,297.0899963378906,344.9700012207031,250.6300048828125
2022-01-07,510.70001220703125,166.02000427246094,224.4272918701172,47.247501373291016,143.7899932861328,62.93199920654297,548.5444946289062,301.94415283203125,113.27799987792969,82.39546966552734,87.5816650390625,16.559999465942383,299.67999267578125,330.3599853515625,250.24000549316406
2022-01-10,525.8300170898438,165.8800048828125,225.724853515625,48.125,146.3300018310547,64.94200134277344,551.0864868164062,302.165283203125,114.4000015258789,84.0619888305664,87.10166931152344,16.5,302.7300109863281,329.6300048828125,252.30999755859375
2022-01-11,529.8900146484375,169.22999572753906,230.8462371826172,49.02750015258789,148.60000610351562,64.71199798583984,559.3305053710938,302.8479309082031,115.68800354003906,83.30876922607422,87.67500305175781,16.889999389648438,301.2699890136719,340.3800048828125,255.72000122070312
2022-01-12,532.3699951171875,170.17999267578125,233.78536987304688,46.99250030517578,146.3300018310547,64.15799713134766,557.9194946289062,306.0111999511719,114.6780014038086,83.14868927001953,88.66999816894531,16.719999313354492,307.1400146484375,338.5899963378906,257.9599914550781
2022-01-13,516.9000244140625,163.16000366210938,224.74185180664062,43.724998474121094,135.1300048828125,61.57600021362305,534.3951416015625,293.05999755859375,104.25199890136719,82.65908813476562,83.0999984741211,16.010000228881836,291.760009765625,327.510009765625,249.41000366210938
2022-01-14,520.5999755859375,161.75,227.297607421875,44.17499923706055,138.27999877929688,62.507999420166016,532.3364868164062,298.2520751953125,106.2040023803711,82.56494903564453,83.18499755859375,16.010000228881836,289.5899963378906,326.1600036621094,254.30999755859375
2022-01-18,513.3400268554688,153.52999877929688,222.2155303955078,43.212501525878906,131.8699951171875,61.694000244140625,519.8009643554688,290.992919921875,104.46800231933594,80.55001068115234,83.72833251953125,14.970000267028809,287.67999267578125,313.4800109863281,245.86000061035156
2022-01-19,516.5800170898438,153.1699981689453,222.42201232910156,43.9275016784668,130.91000366210938,61.43199920654297,527.0785522460938,291.6466064453125,104.25800323486328,78.50682830810547,86.60166931152344,14.5600004196167,282.55999755859375,312.1400146484375,249.4600067138672
2022-01-20,510.8500061035156,150.30999755859375,219.14862060546875,43.47249984741211,130.00999450683594,60.99800109863281,526.3729858398438,289.9833068847656,103.0,77.88539123535156,86.61166381835938,14.619999885559082,279.2699890136719,309.9599914550781,251.77000427246094
2022-01-21,499.9100036621094,148.3000030517578,214.91189575195312,41.182498931884766,125.55000305175781,57.72999954223633,510.8412170410156,284.6278076171875,101.5479965209961,77.41463470458984,80.6050033569336,13.529999732971191,267.55999755859375,303.30999755859375,245.69000244140625
2022-01-24,519.6599731445312,151.66000366210938,219.23707580566406,41.817501068115234,136.07000732421875,58.07400131225586,516.76611328125,284.9547424316406,105.16799926757812,77.60293579101562,84.03500366210938,13.399999618530273,277.5,308.3399963378906,247.6300048828125
2022-01-25,502.7200012207031,142.38999938964844,211.7270050048828,39.647499084472656,125.13999938964844,54.59000015258789,498.7023010253906,277.3782043457031,99.01599884033203,76.33183288574219,79.24500274658203,13.0600004196167,263.42999267578125,291.6600036621094,236.11000061035156
2022-01-26,500.80999755859375,141.49000549316406,207.4116668701172,40.23500061035156,128.0399932861328,54.22999954223633,490.4774169921875,285.28167724609375,96.88400268554688,74.9383316040039,79.37333679199219,12.75,253.10000610351562,288.55999755859375,225.0399932861328
2022-01-27,493.04998779296875,138.97999572753906,209.12208557128906,39.95249938964844,128.14999389648438,53.944000244140625,499.8910217285156,288.2911071777344,105.73799896240234,75.11724090576172,80.87000274658203,12.279999732971191,244.72000122070312,285.3599853515625,226.17999267578125
2022-01-28,518.1599731445312,145.4199981689453,218.35238647460938,42.224998474121094,136.9600067138672,56.43199920654297,516.9014282226562,296.3868103027344,112.21600341796875,75.77633666992188,82.69499969482422,12.710000038146973,253.52000427246094,296.3500061035156,238.17999267578125
2022-01-31,534.2999877929688,152.13999938964844,228.67384338378906,45.15999984741211,146.11000061035156,59.448001861572266,536.6276245117188,299.0020446777344,117.15599822998047,76.41658782958984,86.23332977294922,13.710000038146973,275.8999938964844,310.5,253.00999450683594
2022-02-01,535.97998046875,151.61000061035156,228.17250061035156,45.537498474121094,147.77999877929688,60.43600082397461,542.0401000976562,296.8675231933594,117.30799865722656,76.3035888671875,85.47666931152344,14.199999809265137,283.760009765625,311.82000732421875,252.74000549316406
2022-02-02,533.0900268554688,153.1300048828125,221.18344116210938,44.2599983215332,142.1999969482422,61.97600173950195,543.4606323242188,301.3864440917969,116.2300033569336,77.67826843261719,84.9000015258789,13.319999694824219,268.2799987792969,315.6300048828125,242.85000610351562
2022-02-03,510.8299865722656,146.4199981689453,209.15159606933594,42.657501220703125,138.02000427246094,59.400001525878906,517.6458129882812,289.6467590332031,112.16999816894531,77.1510009765625,82.0683364868164,12.449999809265137,256.260009765625,303.510009765625,233.02000427246094
2022-02-04,513.5399780273438,147.50999450683594,215.501708984375,44.3025016784668,150.25999450683594,62.86600112915039,525.7932739257812,294.1561279296875,115.50399780273438,77.31106567382812,85.91666412353516,12.9399995803833,275.7200012207031,308.8900146484375,236.7899932861328
2022-02-07,507.1000061035156,146.72000122070312,213.2801513671875,44.709999084472656,152.6199951171875,61.444000244140625,527.0109252929688,289.35833740234375,114.63999938964844,76.02112579345703,85.163330078125,12.979999542236328,293.19000244140625,305.1400146484375,236.4499969482422
2022-02-08,511.30999755859375,148.3699951171875,213.73233032226562,44.724998474121094,151.72999572753906,62.97200012207031,535.6610107421875,292.8293151855469,118.25399780273438,76.06819152832031,85.54166412353516,13.149999618530273,293.510009765625,309.1099853515625,238.50999450683594
2022-02-09,521.75,154.39999389648438,218.263916015625,46.724998474121094,155.5,65.96800231933594,559.9877319335938,299.22308349609375,122.79399871826172,78.57271575927734,89.0816650390625,13.869999885559082,307.94000244140625,324.17999267578125,243.4499969482422
2022-02-10,495.0199890136719,148.8699951171875,213.96823120117188,46.970001220703125,174.60000610351562,65.0719985961914,538.89892578125,290.7332458496094,122.09200286865234,77.06623840332031,87.95833587646484,13.5600004196167,311.1099853515625,311.1499938964844,239.63999938964844
2022-02-11,473.9700012207031,142.5,204.36441040039062,45.46500015258789,167.39999389648438,62.05400085449219,517.8583374023438,283.6759033203125,116.74400329589844,75.0889892578125,85.0250015258789,13.130000114440918,293.69000244140625,295.2900085449219,232.77000427246094
2022-02-14,474.010009765625,142.0800018310547,202.88990783691406,45.150001525878906,164.35000610351562,62.06999969482422,511.3248291015625,283.63751220703125,115.91600036621094,74.33574676513672,86.836669921875,13.260000228881836,291.1300048828125,294.9599914550781,232.97999572753906
2022-02-15,479.5,146.07000732421875,210.60638427734375,47.32500076293945,168.99000549316406,64.48400115966797,510.0973205566406,288.89678955078125,118.33200073242188,75.1078109741211,87.73332977294922,14.170000076293945,300.0,306.1499938964844,235.4600067138672
2022-02-16,477.70001220703125,145.85000610351562,208.1391143798828,45.81999969482422,173.9199981689453,64.0719985961914,510.4548645019531,288.55963134765625,118.1780014038086,74.56170654296875,87.73500061035156,13.970000267028809,304.70001220703125,306.7900085449219,228.30999755859375
2022-02-17,457.7099914550781,138.22000122070312,196.6282196044922,42.462501525878906,165.80999755859375,62.108001708984375,479.5559997558594,280.1100158691406,113.1500015258789,71.11563110351562,83.19000244140625,11.770000457763672,286.2799987792969,293.30999755859375,216.7100067138672
2022-02-18,442.55999755859375,134.9499969482422,193.49249267578125,41.23249816894531,159.02000427246094,60.970001220703125,465.0779113769531,277.4122619628906,111.2020034790039,70.21173095703125,80.36166381835938,11.020000457763672,273.7699890136719,287.6300048828125,214.47000122070312
2022-02-22,438.3999938964844,135.2100067138672,191.8115692138672,41.6775016784668,158.94000244140625,59.47999954223633,467.0592956542969,277.20989990234375,110.02999877929688,69.78804779052734,79.25166320800781,10.479999542236328,267.7799987792969,289.4700012207031,218.08999633789062
2022-02-23,429.45001220703125,140.8800048828125,187.29962158203125,40.45750045776367,149.44000244140625,56.902000427246094,451.3536376953125,270.0320129394531,104.94000244140625,68.23446655273438,79.60166931152344,10.430000305175781,252.6300048828125,285.5299987792969,213.00999450683594
2022-02-24,463.82000732421875,149.0399932861328,200.8157958984375,45.720001220703125,159.86000061035156,63.290000915527344,480.47418212890625,283.8289489746094,114.79000091552734,70.43769836425781,89.98999786376953,11.829999923706055,269.8699951171875,307.79998779296875,222.36000061035156
2022-02-25,465.5400085449219,152.92999267578125,204.5511474609375,45.4375,161.41000366210938,64.99400329589844,470.8575439453125,286.44964599609375,116.0459976196289,71.88768768310547,94.95833587646484,11.470000267028809,269.4200134277344,311.1499938964844,225.22999572753906
2022-02-28,467.67999267578125,151.42999267578125,206.94967651367188,48.8025016784668,161.11000061035156,68.90399932861328,458.47674560546875,287.8755187988281,115.98400115966797,71.52991485595703,99.04166412353516,11.850000381469727,265.6600036621094,312.3900146484375,229.0500030517578
2022-03-01,466.67999267578125,150.52999877929688,205.33753967285156,49.40999984741211,159.97000122070312,67.56600189208984,452.8807373046875,284.1758117675781,114.21399688720703,71.56757354736328,96.125,12.180000305175781,263.19000244140625,307.7099914550781,240.3300018310547
2022-03-02,471.17999267578125,157.4600067138672,206.8120574951172,50.4375,164.47999572753906,68.96199798583984,469.71710205078125,289.2243957519531,117.41200256347656,73.70489501953125,97.01000213623047,12.0600004196167,264.69000244140625,315.32000732421875,248.38999938964844
2022-03-03,459.0799865722656,153.94000244140625,201.26795959472656,47.755001068115234,148.4600067138672,67.2699966430664,456.86273193359375,285.11041259765625,112.46199798583984,73.6766586303711,95.5683364868164,11.34000015258789,224.02000427246094,308.8399963378906,245.3699951171875
2022-03-04,452.1300048828125,154.69000244140625,199.55755615234375,44.75749969482422,142.19000244140625,67.09200286865234,449.37237548828125,279.271728515625,109.41400146484375,72.01952362060547,92.9183349609375,10.960000038146973,209.64999389648438,309.05999755859375,240.2100067138672
2022-03-07,437.9700012207031,150.39999389648438,192.89283752441406,41.849998474121094,130.11000061035156,58.27399826049805,422.7356872558594,268.7217712402344,103.92400360107422,69.97634887695312,88.9183349609375,11.109999656677246,193.0,295.4599914550781,224.41000366210938
2022-03-08,431.5299987792969,145.8000030517578,188.8134307861328,39.192501068115234,127.12999725341797,55.36600112915039,427.3941650390625,265.7735290527344,103.63999938964844,69.04420471191406,87.5250015258789,11.039999961853027,191.61000061035156,296.3500061035156,219.89999389648438
2022-03-09,450.8699951171875,150.88999938964844,199.7050323486328,42.4474983215332,142.8300018310547,57.486000061035156,449.1693420410156,277.96142578125,111.91600036621094,71.65231323242188,92.48500061035156,11.649999618530273,207.55999755859375,307.7900085449219,233.52999877929688
2022-03-10,438.95001220703125,149.4600067138672,196.74618530273438,47.755001068115234,140.16000366210938,57.35200119018555,437.2137145996094,275.15771484375,106.71800231933594,72.17015838623047,91.9749984741211,11.869999885559082,197.85000610351562,300.8399963378906,228.4499969482422
2022-03-11,416.3800048828125,144.91000366210938,194.53445434570312,47.6349983215332,127.0199966430664,55.82600021362305,424.6011047363281,269.83935546875,102.43000030517578,73.27179718017578,91.00499725341797,11.390000343322754,180.4199981689453,293.69000244140625,224.91000366210938
2022-03-14,411.5,139.16000366210938,189.83575439453125,45.779998779296875,118.76000213623047,55.0880012512207,410.40325927734375,266.3419494628906,99.0199966430664,72.56560516357422,87.55166625976562,10.5,166.75,278.9800109863281,220.91000366210938
2022-03-15,421.6600036621094,142.5,192.80438232421875,47.15999984741211,120.94000244140625,56.66400146484375,424.9489440917969,276.6607360839844,102.84400177001953,75.88929748535156,90.01000213623047,10.770000457763672,170.77999877929688,285.5,221.4199981689453
2022-03-16,442.3599853515625,150.50999450683594,202.0740203857422,47.415000915527344,132.24000549316406,59.507999420166016,442.55859375,283.6363220214844,109.4800033569336,75.28671264648438,92.31999969482422,11.789999961853027,197.83999633789062,300.0799865722656,227.47000122070312
2022-03-17,444.3599853515625,153.32000732421875,206.83169555664062,51.032501220703125,137.74000549316406,60.69599914550781,457.87750244140625,284.43597412109375,113.33599853515625,75.88929748535156,94.02666473388672,12.319999694824219,208.85000610351562,304.04998779296875,235.3000030517578
2022-03-18,453.3299865722656,158.8699951171875,215.07904052734375,52.01499938964844,145.75999450683594,63.99399948120117,463.79248046875,289.4556579589844,115.97599792480469,76.90618133544922,96.16999816894531,12.819999694824219,222.85000610351562,318.2099914550781,243.60000610351562
2022-03-21,453.5899963378906,157.1999969482422,210.0854034423828,51.032501220703125,140.13999938964844,62.90599822998047,450.8703918457031,288.2320861816406,113.95999908447266,76.228271484375,96.19999694824219,12.59000015258789,212.97000122070312,314.30999755859375,242.83999633789062
2022-03-22,466.45001220703125,160.1999969482422,214.49905395507812,54.26499938964844,148.64999389648438,65.13800048828125,460.0424499511719,292.9530029296875,117.73200225830078,77.0191879272461,99.56999969482422,13.270000457763672,224.9600067138672,325.2200012207031,244.14999389648438
2022-03-23,422.8999938964844,157.2899932861328,207.51983642578125,54.869998931884766,146.44000244140625,64.28600311279297,445.9799499511719,288.5499572753906,113.59200286865234,75.69158172607422,100.67333221435547,13.180000305175781,222.24000549316406,316.44000244140625,236.77999877929688
2022-03-24,432.1400146484375,162.1199951171875,210.3410186767578,55.849998474121094,152.2100067138672,67.14199829101562,450.0295715332031,292.99163818359375,116.21800231933594,77.43343353271484,103.6933364868164,13.390000343322754,227.57000732421875,325.55999755859375,241.22999572753906
2022-03-25,431.6199951171875,158.83999633789062,207.44117736816406,55.48749923706055,146.83999633789062,66.5459976196289,443.9599914550781,292.58697509765625,112.3740005493164,76.9532470703125,103.73332977294922,12.970000267028809,219.80999755859375,318.9100036621094,238.08999633789062
2022-03-28,450.010009765625,162.47000122070312,211.61888122558594,55.529998779296875,149.35000610351562,67.70600128173828,464.4013977050781,299.3504943847656,116.552001953125,78.71398162841797,104.20833587646484,13.420000076293945,235.88999938964844,332.3800048828125,244.22999572753906
2022-03-29,466.3299865722656,165.97000122070312,217.52667236328125,55.752498626708984,155.41000366210938,69.49600219726562,469.0985412597656,303.88836669921875,119.55000305175781,79.3636474609375,102.75166320800781,14.199999809265137,239.6699981689453,341.0,246.25999450683594
2022-03-30,460.05999755859375,163.30999755859375,211.28466796875,56.2400016784668,149.66000366210938,68.38600158691406,456.13787841796875,302.3950500488281,114.7979965209961,78.48799896240234,102.625,13.880000114440918,231.6300048828125,332.5899963378906,241.55999755859375
2022-03-31,455.6199951171875,164.4600067138672,208.7092742919922,56.77000045776367,151.47000122070312,68.3479995727539,464.72998046875,297.0477600097656,111.37799835205078,77.89480590820312,103.75166320800781,13.729999542236328,229.1300048828125,333.2699890136719,239.4600067138672
2022-04-01,458.19000244140625,165.6300048828125,208.64039611816406,56.962501525878906,153.5,67.802001953125,467.71636962890625,298.1173400878906,109.73799896240234,77.21691131591797,101.85166931152344,13.829999923706055,234.80999755859375,334.9800109863281,237.92999267578125
2022-04-04,468.80999755859375,167.11000061035156,215.12818908691406,57.25749969482422,156.55999755859375,69.33799743652344,488.70880126953125,303.4645080566406,114.96399688720703,79.15650939941406,104.68333435058594,14.630000114440918,241.22999572753906,340.1499938964844,243.0
2022-04-05,458.5799865722656,163.4499969482422,206.56629943847656,54.9900016784668,146.89999389648438,68.37799835205078,479.430419921875,299.5239562988281,110.64399719238281,78.09254455566406,103.52333068847656,13.890000343322754,227.08999633789062,327.7099914550781,239.72000122070312
2022-04-06,444.3299865722656,161.85000610351562,197.40480041503906,52.80500030517578,137.27000427246094,66.41400146484375,473.7861022949219,288.55963134765625,105.58999633789062,77.32047271728516,101.13333129882812,13.0,212.08999633789062,324.8500061035156,230.13999938964844
2022-04-07,452.7200012207031,163.1300048828125,196.7560272216797,54.25749969482422,137.24000549316406,67.6240005493164,478.4251708984375,290.361328125,105.95600128173828,77.07470703125,102.74500274658203,12.84000015258789,213.8800048828125,326.3699951171875,233.25
2022-04-08,445.3399963378906,158.24000549316406,193.81686401367188,54.5525016784668,134.2899932861328,67.16600036621094,467.30487060546875,286.1220397949219,103.12000274658203,76.507568359375,101.37166595458984,12.699999809265137,208.33999633789062,319.8299865722656,228.77000427246094
2022-04-11,434.44000244140625,153.74000549316406,192.12612915039062,54.150001525878906,135.08999633789062,65.61399841308594,458.1105041503906,274.83984375,102.28399658203125,75.39220428466797,101.81666564941406,12.65999984741211,208.52999877929688,309.7699890136719,227.2100067138672
2022-04-12,426.7699890136719,153.3699951171875,191.4969940185547,55.877498626708984,135.5,66.0199966430664,446.76763916015625,271.7566223144531,102.04199981689453,74.98573303222656,101.9816665649414,12.460000038146973,210.94000244140625,310.8299865722656,225.97000122070312
2022-04-13,431.6700134277344,155.7899932861328,192.39154052734375,59.96500015258789,142.8699951171875,68.1719970703125,455.2845764160156,277.1136169433594,105.21399688720703,75.38272857666016,104.83499908447266,12.899999618530273,214.41000366210938,306.7200012207031,228.66000366210938
2022-04-14,420.44000244140625,149.8000030517578,186.18885803222656,58.80500030517578,136.0399932861328,66.35199737548828,450.1453552246094,269.6081237792969,101.46600341796875,75.09915924072266,104.46333312988281,12.420000076293945,198.6300048828125,294.7699890136719,224.6699981689453
2022-04-18,425.4700012207031,150.61000061035156,183.8296661376953,56.247501373291016,131.11000061035156,66.08399963378906,453.9489440917969,270.2729187011719,99.50599670410156,73.9365234375,102.96499633789062,12.149999618530273,192.38999938964844,297.1199951171875,219.5
2022-04-19,436.3999938964844,155.6199951171875,188.1351776123047,57.165000915527344,137.27999877929688,67.03800201416016,469.463134765625,274.8782958984375,102.87999725341797,75.20314025878906,104.76000213623047,12.90999984741211,197.42999267578125,306.3299865722656,224.6199951171875
2022-04-20,428.1099853515625,157.1300048828125,183.06292724609375,55.622501373291016,131.6199951171875,68.11599731445312,466.4435119628906,275.8996276855469,101.04399871826172,75.89317321777344,104.36166381835938,12.789999961853027,185.97999572753906,306.260009765625,220.13999938964844
2022-04-21,417.4800109863281,151.86000061035156,174.21595764160156,52.462501525878906,121.81999969482422,64.25199890136719,450.6679992675781,270.5523376464844,98.33399963378906,75.12753295898438,98.66666412353516,12.329999923706055,175.13999938964844,295.5,212.4499969482422
2022-04-22,408.6700134277344,148.07000732421875,168.51458740234375,51.404998779296875,118.4000015258789,60.858001708984375,429.0273742675781,264.02001953125,94.27999877929688,72.03659057617188,95.26333618164062,11.960000038146973,173.8000030517578,285.0,206.1300048828125
2022-04-25,413.95001220703125,151.10000610351562,171.6011962890625,53.64500045776367,121.68000030517578,64.697998046875,432.5503234863281,270.4656066894531,94.4540023803711,72.76441192626953,99.95500183105469,12.109999656677246,186.94000244140625,290.9200134277344,209.1300048828125
2022-04-26,399.1199951171875,151.5399932861328,167.1875762939453,50.349998474121094,119.3499984741211,61.29999923706055,407.7933654785156,260.3492431640625,91.19999694824219,70.42969512939453,96.79833221435547,11.119999885559082,178.75999450683594,282.8999938964844,201.89999389648438
2022-04-27,397.8999938964844,153.41000366210938,171.70933532714844,50.26499938964844,120.44000244140625,60.06399917602539,404.7930908203125,272.87432861328125,93.25800323486328,70.6659927368164,96.47000122070312,10.5600004196167,174.9499969482422,287.0299987792969,206.72000122070312
2022-04-28,410.5299987792969,159.00999450683594,182.58126831054688,51.76499938964844,128.47000122070312,61.72999954223633,430.27593994140625,279.0502014160156,100.80400085449219,71.97042846679688,98.12333679199219,10.949999809265137,185.7100067138672,301.8599853515625,215.4600067138672
2022-04-29,395.95001220703125,150.85000610351562,172.9479217529297,49.689998626708984,120.77999877929688,57.801998138427734,405.2769470214844,267.3825378417969,95.62000274658203,69.38048553466797,93.54666900634766,10.399999618530273,171.44000244140625,286.7900085449219,206.6999969482422
2022-05-02,407.2900085449219,150.49000549316406,174.55018615722656,50.912498474121094,120.19999694824219,58.40399932861328,413.2712097167969,274.07867431640625,96.9000015258789,69.9476089477539,95.32499694824219,10.739999771118164,177.75999450683594,290.7099914550781,208.41000366210938
2022-05-03,407.5799865722656,152.85000610351562,175.3267822265625,49.849998474121094,114.88999938964844,57.305999755859375,416.9779968261719,271.48687744140625,96.37200164794922,69.27650451660156,92.98999786376953,10.550000190734863,176.4199981689453,292.2099914550781,201.3000030517578
2022-05-04,423.3500061035156,158.33999633789062,182.32565307617188,50.09749984741211,119.0,57.4739990234375,433.5084228515625,279.38739013671875,99.89199829101562,71.09135437011719,92.211669921875,10.979999542236328,186.0,299.19000244140625,207.75999450683594
2022-05-05,400.510009765625,149.39999389648438,169.36984252929688,45.244998931884766,111.87000274658203,56.90399932861328,396.6729736328125,267.21875,93.86599731445312,68.8133316040039,88.27333068847656,10.119999885559082,166.17999267578125,282.3399963378906,195.82000732421875
2022-05-06,391.010009765625,146.3699951171875,166.81402587890625,41.20249938964844,110.0,53.27399826049805,382.97821044921875,264.6944885253906,91.3479995727539,68.52029418945312,84.1449966430664,9.479999542236328,155.27000427246094,274.7099914550781,189.4600067138672
2022-05-09,376.9100036621094,137.17999267578125,160.8177490234375,35.92250061035156,97.52999877929688,49.04399871826172,355.20166015625,254.91519165039062,85.17400360107422,67.622314453125,76.58499908447266,7.460000038146973,143.2899932861328,262.4100036621094,176.2100067138672
2022-05-10,393.0299987792969,141.1699981689453,164.30738830566406,37.970001220703125,98.30999755859375,52.358001708984375,359.2471923828125,259.655517578125,86.46399688720703,68.55811309814453,80.67333221435547,7.289999961853027,143.75999450683594,270.510009765625,183.6699981689453
2022-05-11,379.3299865722656,135.67999267578125,158.52740478515625,34.349998474121094,97.87000274658203,52.19200134277344,344.71044921875,251.03237915039062,84.0719985961914,67.14026641845703,77.77833557128906,6.710000038146973,132.8800048828125,260.8299865722656,173.13999938964844
2022-05-12,388.489990234375,135.82000732421875,157.6918487548828,34.95249938964844,98.83000183105469,53.332000732421875,342.50384521484375,246.0223846435547,86.58799743652344,66.85668182373047,79.75166320800781,7.340000152587891,140.60000610351562,262.05999755859375,171.9199981689453
2022-05-13,405.45001220703125,142.44000244140625,164.07147216796875,39.0724983215332,108.86000061035156,56.310001373291016,359.7988586425781,251.58160400390625,90.52999877929688,67.2725601196289,81.83499908447266,8.34000015258789,158.36000061035156,275.989990234375,182.2899932861328
2022-05-16,402.8599853515625,139.3800048828125,161.32894897460938,36.59749984741211,97.19000244140625,55.11399841308594,348.02032470703125,251.94773864746094,86.58599853515625,65.89253997802734,78.02999877929688,8.039999961853027,144.50999450683594,273.7300109863281,176.05999755859375
2022-05-17,409.6499938964844,142.8699951171875,160.945556640625,36.817501068115234,95.05000305175781,56.5620002746582,359.9052734375,257.07342529296875,86.56999969482422,67.94371032714844,78.87833404541016,8.359999656677246,145.80999755859375,282.80999755859375,173.33999633789062
2022-05-18,397.8800048828125,136.3000030517578,154.65440368652344,34.625,88.06999969482422,54.11600112915039,341.9425354003906,245.3689422607422,82.44999694824219,64.55976104736328,73.0999984741211,8.010000228881836,137.75999450683594,272.57000732421875,162.9499969482422
2022-05-19,394.3800048828125,143.8300018310547,152.9538116455078,35.65999984741211,96.5250015258789,55.03200149536133,350.6722717285156,244.46115112304688,85.35199737548828,63.368751525878906,72.72833251953125,8.3100004196167,146.82000732421875,300.5199890136719,164.52000427246094
2022-05-20,399.0899963378906,146.60000610351562,156.93495178222656,37.185001373291016,94.79000091552734,57.055999755859375,355.94683837890625,243.90098571777344,86.60600280761719,64.87168884277344,79.77999877929688,8.079999923706055,141.49000549316406,306.7200012207031,165.99000549316406
2022-05-23,406.760009765625,147.6300048828125,157.5935516357422,37.317501068115234,93.93000030517578,57.27399826049805,359.4213562011719,251.71363830566406,86.02400207519531,66.2044906616211,83.37833404541016,8.010000228881836,138.85000610351562,306.9800109863281,165.7899932861328
2022-05-24,398.4100036621094,144.0,154.26121520996094,34.967498779296875,85.80999755859375,57.167999267578125,347.42034912109375,250.71902465820312,83.93000030517578,65.2497787475586,79.52333068847656,7.550000190734863,129.6300048828125,296.3699951171875,158.77000427246094
2022-05-25,402.5,145.05999755859375,156.93495178222656,36.65999984741211,88.7300033569336,57.4640007019043,375.9518737792969,253.51951599121094,90.45800018310547,66.00596618652344,84.25166320800781,7.960000038146973,132.77000427246094,299.1700134277344,164.50999450683594
2022-05-26,408.6000061035156,148.6699981689453,159.69715881347656,38.959999084472656,89.62999725341797,58.86000061035156,393.3436584472656,256.78369140625,90.9739990234375,67.73577117919922,83.6816635131836,8.359999656677246,126.80000305175781,306.1000061035156,168.14999389648438
2022-05-27,428.2200012207031,156.24000549316406,162.29225158691406,41.70500183105469,98.06999969482422,59.57400131225586,408.886962890625,263.8719787597656,95.25800323486328,68.79441833496094,84.46666717529297,8.850000381469727,129.91000366210938,322.9599914550781,158.7899932861328
2022-05-31,416.4800109863281,153.72999572753906,157.51490783691406,39.997501373291016,95.38999938964844,58.827999114990234,401.1249694824219,262.54901123046875,93.49400329589844,67.98151397705078,83.79666900634766,8.680000305175781,127.6500015258789,319.20001220703125,156.3000030517578
2022-06-01,418.1600036621094,153.22000122070312,173.07571411132812,40.36249923706055,97.5,57.8120002746582,395.2309265136719,263.0801086425781,95.0260009765625,67.67904663085938,83.62166595458984,8.460000038146973,126.1500015258789,316.8599853515625,156.55999755859375
2022-06-02,441.2799987792969,161.41000366210938,185.19598388671875,43.505001068115234,110.08000183105469,60.64400100708008,413.1259765625,265.1660461425781,100.95999908447266,69.13472747802734,86.22333526611328,9.300000190734863,138.24000549316406,330.80999755859375,169.44000244140625
2022-06-03,429.760009765625,158.55999755859375,181.76536560058594,40.525001525878906,105.44000244140625,59.327999114990234,395.7922668457031,260.76239013671875,98.49600219726562,67.858642578125,85.43000030517578,8.9399995803833,129.82000732421875,327.67999267578125,162.1300048828125
2022-06-06,429.4599914550781,160.2899932861328,179.7600555419922,42.24250030517578,103.16000366210938,59.39400100708008,395.8116149902344,259.53594970703125,98.50800323486328,68.97400665283203,85.66999816894531,8.979999542236328,128.07000732421875,328.7900085449219,158.86000061035156
2022-06-07,433.4200134277344,162.27000427246094,183.96726989746094,44.16999816894531,108.05999755859375,61.07600021362305,403.2445373535156,263.15740966796875,101.28600311279297,68.7093505859375,87.83333587646484,9.130000114440918,131.25999450683594,329.5299987792969,159.25
2022-06-08,428.8399963378906,159.92999267578125,185.9725799560547,44.709999084472656,107.3499984741211,60.10599899291992,401.1249694824219,261.1390380859375,101.08399963378906,67.47107696533203,87.4800033569336,9.180000305175781,135.57000732421875,322.8900146484375,160.0399932861328
2022-06-09,426.4200134277344,155.80999755859375,183.92794799804688,43.38750076293945,103.63999938964844,60.70000076293945,387.66253662109375,255.71173095703125,98.44400024414062,65.42937469482422,86.0250015258789,8.680000305175781,133.22999572753906,317.0799865722656,153.8300018310547
2022-06-10,393.8399963378906,149.11000061035156,175.41522216796875,42.33000183105469,96.19999694824219,57.6619987487793,368.9544982910156,244.3163299560547,94.62999725341797,63.46328353881836,82.53666687011719,8.260000228881836,122.41999816894531,305.3900146484375,149.27999877929688
2022-06-13,371.6499938964844,141.66000366210938,163.20643615722656,38.630001068115234,86.13999938964844,53.29800033569336,352.27880859375,233.9541473388672,88.0739974975586,60.5424919128418,79.62166595458984,7.639999866485596,113.30000305175781,290.25,142.22999572753906
2022-06-14,370.82000732421875,143.38999938964844,161.65330505371094,39.814998626708984,87.11000061035156,53.84600067138672,353.0434875488281,236.10769653320312,88.94999694824219,66.84723663330078,80.27166748046875,7.820000171661377,113.87000274658203,295.1600036621094,139.3800048828125
2022-06-15,376.9200134277344,147.72000122070312,165.68360900878906,41.087501525878906,89.3499984741211,55.50400161743164,366.3606872558594,243.12844848632812,93.19000244140625,65.8830795288086,81.16999816894531,8.119999885559082,122.54000091552734,303.239990234375,142.80999755859375
2022-06-16,365.0799865722656,141.0800018310547,157.13156127929688,39.3025016784668,81.98999786376953,52.74599838256836,348.05908203125,236.5712127685547,85.61599731445312,64.94730377197266,77.71833038330078,7.670000076293945,114.37999725341797,289.489990234375,136.86000061035156
2022-06-17,360.7900085449219,143.08999633789062,160.4835662841797,40.974998474121094,85.62999725341797,53.79800033569336,357.8147888183594,239.15936279296875,88.75800323486328,64.01152038574219,79.22666931152344,8.239999771118164,119.37999725341797,296.17999267578125,139.3800048828125
2022-06-21,362.989990234375,148.13999938964844,163.99282836914062,41.15999984741211,90.30999755859375,56.20199966430664,365.2864074707031,245.0406036376953,91.05400085449219,63.97370910644531,83.22666931152344,8.710000038146973,122.54000091552734,302.2200012207031,138.60000610351562
2022-06-22,365.3299865722656,145.9600067138672,164.60231018066406,41.4275016784668,91.08999633789062,55.6879997253418,368.5867004394531,244.45152282714844,91.7300033569336,62.886688232421875,82.38666534423828,9.010000228881836,127.36000061035156,301.239990234375,136.58999633789062
2022-06-23,376.6400146484375,151.05999755859375,170.10707092285156,43.724998474121094,100.5999984741211,56.79999923706055,387.8561096191406,249.9850311279297,97.10600280761719,63.92644119262695,83.84500122070312,9.460000038146973,143.11000061035156,309.25,142.19000244140625
2022-06-24,387.7200012207031,157.6199951171875,182.7581787109375,46.247501373291016,107.4800033569336,59.130001068115234,404.1833801269531,258.5220031738281,100.81800079345703,66.82832336425781,85.11833190917969,10.1899995803833,151.52999877929688,317.4700012207031,152.0500030517578
2022-06-27,381.07000732421875,154.4499969482422,178.2266082763672,45.48249816894531,105.19999694824219,58.849998474121094,391.6983642578125,255.80831909179688,99.33999633789062,66.5542221069336,83.64666748046875,9.619999885559082,148.14999389648438,311.8599853515625,148.0500030517578
2022-06-28,365.6300048828125,150.1199951171875,168.54409790039062,43.54750061035156,97.31999969482422,57.290000915527344,373.86138916015625,247.68667602539062,94.68800354003906,64.82442474365234,81.98500061035156,9.3100004196167,143.75999450683594,303.6700134277344,144.25
2022-06-29,368.5,150.9199981689453,167.7085723876953,43.98500061035156,98.37000274658203,57.16999816894531,377.1229553222656,251.33700561523438,95.55799865722656,65.419921875,81.96666717529297,9.229999542236328,143.02999877929688,306.05999755859375,146.30999755859375
2022-06-30,366.05999755859375,150.02999877929688,162.2332763671875,42.13999938964844,95.23999786376953,56.58000183105469,373.0387268066406,248.024658203125,95.10399627685547,66.04378509521484,82.32333374023438,9.069999694824219,139.05999755859375,303.70001220703125,139.5800018310547
2022-07-01,368.4800109863281,149.63999938964844,165.33950805664062,44.8125,101.05000305175781,57.369998931884766,375.8163146972656,250.68031311035156,96.87200164794922,66.98902893066406,84.70833587646484,9.270000457763672,144.52999877929688,301.2300109863281,142.35000610351562
2022-07-05,376.489990234375,151.63999938964844,169.271484375,46.755001068115234,108.37999725341797,59.0,387.3431701660156,253.83819580078125,99.18599700927734,68.04766845703125,86.8566665649414,10.069999694824219,154.89999389648438,302.9100036621094,146.3699951171875
2022-07-06,382.8299865722656,156.0399932861328,169.79251098632812,46.47999954223633,108.02999877929688,59.869998931884766,391.8822937011719,257.0830078125,98.66200256347656,67.73577117919922,85.82666778564453,9.800000190734863,154.0,309.6300048828125,145.94000244140625
2022-07-07,390.8900146484375,160.19000244140625,173.63600158691406,47.54999923706055,107.69999694824219,61.619998931884766,397.6214599609375,259.19793701171875,99.41000366210938,67.89643859863281,86.20833587646484,10.180000305175781,159.07000732421875,319.42999267578125,147.60000610351562
2022-07-08,389.44000244140625,160.4199981689453,172.51541137695312,47.595001220703125,108.29000091552734,62.70000076293945,394.3739013671875,258.48333740234375,98.83000183105469,67.93424987792969,87.37000274658203,10.170000076293945,159.67999267578125,317.5400085449219,148.00999450683594
2022-07-11,384.1600036621094,157.8699951171875,171.39480590820312,46.342498779296875,104.01000213623047,62.279998779296875,390.2538146972656,255.4413299560547,98.08000183105469,67.95325469970703,85.98500061035156,9.5600004196167,155.39999389648438,315.19000244140625,145.5399932861328
2022-07-12,375.5400085449219,154.22000122070312,163.50132751464844,43.59749984741211,97.31999969482422,59.619998931884766,374.07403564453125,244.9729766845703,85.58799743652344,66.85186004638672,82.09666442871094,9.489999771118164,145.42999267578125,306.4100036621094,137.77999877929688
2022-07-13,371.94000244140625,153.33999633789062,160.7096405029297,43.74250030517578,97.33999633789062,58.90999984741211,371.5922546386719,244.05555725097656,84.55400085449219,66.49105834960938,82.23500061035156,9.279999732971191,149.60000610351562,303.07000732421875,140.0500030517578
2022-07-14,372.9599914550781,154.02000427246094,158.30130004882812,43.1875,93.77999877929688,57.63999938964844,368.2574157714844,245.3689422607422,84.19400024414062,65.94037628173828,81.66666412353516,8.899999618530273,146.1999969482422,305.0199890136719,137.9199981689453
2022-07-15,379.8599853515625,157.0,164.53350830078125,44.474998474121094,93.5999984741211,60.220001220703125,380.947265625,247.91839599609375,87.1240005493164,67.1651840209961,84.82666778564453,9.039999961853027,147.9499969482422,314.29998779296875,140.7100067138672
2022-07-18,375.2300109863281,155.05999755859375,165.03482055664062,44.3125,91.04000091552734,58.0,376.38128662109375,245.53306579589844,85.3479995727539,66.6619644165039,84.3066635131836,9.029999732971191,146.47000122070312,310.42999267578125,138.74000549316406
2022-07-19,387.8299865722656,161.5800018310547,170.85414123535156,45.13750076293945,92.95999908447266,59.20000076293945,391.5140686035156,250.6320037841797,87.18800354003906,68.58940124511719,85.5999984741211,9.34000015258789,146.4600067138672,323.510009765625,141.83999633789062
2022-07-20,401.489990234375,164.02000427246094,179.34719848632812,46.07500076293945,100.87999725341797,59.63999938964844,407.596923828125,253.27806091308594,91.37000274658203,68.92169189453125,84.03333282470703,10.109999656677246,156.89999389648438,330.70001220703125,147.3000030517578
2022-07-21,408.9100036621094,168.75,182.19789123535156,47.25,101.2300033569336,61.86000061035156,421.4112854003906,255.76004028320312,92.05799865722656,70.77315521240234,85.72333526611328,10.489999771118164,157.72999572753906,338.6600036621094,149.77999877929688
2022-07-22,401.8999938964844,167.7100067138672,179.3668670654297,45.88249969482422,93.79000091552734,61.22999954223633,421.4500732421875,251.43362426757812,89.35399627685547,71.11494445800781,85.19499969482422,9.84000015258789,142.99000549316406,338.0400085449219,148.0
2022-07-25,391.9599914550781,167.66000366210938,174.2749481201172,45.654998779296875,90.48999786376953,61.0,413.1711730957031,249.9560546875,88.0,71.07699584960938,84.211669921875,9.680000305175781,140.25999450683594,337.6700134277344,145.44000244140625
2022-07-26,379.260009765625,170.75,167.56112670898438,42.29249954223633,85.72000122070312,56.2599983215332,401.5574035644531,243.26365661621094,84.56400299072266,70.28892517089844,77.53666687011719,9.399999618530273,130.1199951171875,339.4100036621094,140.91000366210938
2022-07-27,392.7799987792969,176.6199951171875,177.23377990722656,44.2400016784668,94.05999755859375,57.93000030517578,419.91839599609375,259.5262145996094,89.72000122070312,72.03594970703125,79.68000030517578,10.020000457763672,141.3000030517578,353.5400085449219,150.10000610351562
2022-07-28,403.5,183.6199951171875,178.20692443847656,45.522499084472656,95.72000122070312,59.400001525878906,434.87664794921875,266.933349609375,87.30000305175781,73.1468276977539,82.03500366210938,10.130000114440918,143.27999877929688,362.6400146484375,152.80999755859375
2022-07-29,410.1199951171875,186.0800018310547,180.89048767089844,45.900001525878906,102.01000213623047,59.650001525878906,442.2250061035156,271.1148986816406,89.33200073242188,73.90637969970703,83.18333435058594,10.350000381469727,149.91000366210938,367.5,155.10000610351562
2022-08-01,411.0899963378906,185.0399932861328,179.86817932128906,45.82500076293945,103.44999694824219,60.060001373291016,434.7506408691406,268.4785461425781,90.75399780273438,73.526611328125,84.61000061035156,10.470000267028809,150.97999572753906,370.010009765625,155.5800018310547
2022-08-02,409.9599914550781,183.4499969482422,180.66441345214844,47.03499984741211,106.37000274658203,60.369998931884766,433.30621337890625,265.3978271484375,90.88800048828125,72.4916763305664,85.11499786376953,10.920000076293945,153.3699951171875,368.3599853515625,155.05999755859375
2022-08-03,424.5400085449219,181.9499969482422,186.4247589111328,48.83000183105469,112.41999816894531,62.880001068115234,451.5121154785156,272.7855529785156,94.29000091552734,73.46014404296875,88.17832946777344,11.199999809265137,162.3699951171875,370.8399963378906,160.36000061035156
2022-08-04,430.5899963378906,185.5800018310547,188.0172119140625,47.310001373291016,110.48999786376953,52.61000061035156,452.0451965332031,273.9251708984375,98.5999984741211,73.48863220214844,83.61666870117188,11.319999694824219,160.75999450683594,372.2900085449219,162.5399932861328
2022-08-05,433.42999267578125,186.5500030517578,186.9359130859375,47.79249954223633,113.29000091552734,53.38999938964844,454.65301513671875,273.2104187011719,98.97000122070312,73.44114685058594,83.5616683959961,11.449999809265137,165.52999877929688,374.2900085449219,161.7100067138672
2022-08-08,434.3399963378906,184.3300018310547,186.52305603027344,47.380001068115234,112.9800033569336,53.31999969482422,452.4913024902344,270.70928955078125,98.98999786376953,72.60562133789062,83.51166534423828,9.819999694824219,170.85000610351562,372.07000732421875,166.8000030517578
2022-08-09,426.57000732421875,184.61000061035156,179.1407928466797,46.69499969482422,109.76000213623047,52.189998626708984,447.9446105957031,272.6214294433594,97.49199676513672,72.89044189453125,83.3949966430664,9.25,160.5500030517578,372.6099853515625,166.42999267578125
2022-08-10,438.3999938964844,186.33999633789062,185.40243530273438,50.20000076293945,117.76000213623047,53.88999938964844,463.47491455078125,279.2461853027344,103.23999786376953,73.6215591430664,86.97333526611328,9.59000015258789,174.39999389648438,375.7099914550781,171.3300018310547
2022-08-11,434.8900146484375,186.35000610351562,183.55442810058594,49.51499938964844,114.77999877929688,52.52000045776367,464.134033203125,277.1794738769531,99.88999938964844,73.26074981689453,86.08499908447266,9.420000076293945,167.8800048828125,377.010009765625,166.0800018310547
2022-08-12,445.6700134277344,188.8300018310547,186.66067504882812,50.217498779296875,115.72000122070312,54.290000915527344,471.7829284667969,281.90191650390625,101.302001953125,75.15019989013672,87.8133316040039,9.90999984741211,168.67999267578125,385.44000244140625,176.22999572753906
2022-08-15,451.0199890136719,193.08999633789062,187.81076049804688,50.45500183105469,116.19999694824219,54.08000183105469,474.2742919921875,283.408447265625,100.81400299072266,75.11221313476562,87.961669921875,9.90999984741211,170.44000244140625,390.45001220703125,179.5500030517578
2022-08-16,447.55999755859375,192.6300048828125,186.36578369140625,50.102500915527344,113.54000091552734,52.939998626708984,473.25640869140625,282.6744689941406,99.3479995727539,75.50150299072266,87.42500305175781,9.739999771118164,167.35000610351562,385.6700134277344,177.7899932861328
2022-08-17,437.82000732421875,191.0,184.7635040283203,49.22249984741211,110.0199966430664,51.93000030517578,463.67840576171875,281.9293518066406,97.75199890136719,75.24512481689453,85.75166320800781,9.430000305175781,161.2899932861328,381.0,175.88999938964844
2022-08-18,439.0299987792969,190.72999572753906,184.7340087890625,48.939998626708984,109.44999694824219,52.27000045776367,463.15496826171875,280.81640625,97.91999816894531,75.31159973144531,86.30833435058594,9.149999618530273,161.75,373.32000732421875,173.1300048828125
2022-08-19,425.05999755859375,188.0399932861328,180.644775390625,47.630001068115234,105.7300033569336,51.290000915527344,449.76715087890625,276.9259338378906,95.25199890136719,74.68495178222656,85.58499908447266,8.510000228881836,153.94000244140625,363.0,168.17999267578125
2022-08-22,411.3500061035156,184.89999389648438,173.97023010253906,46.470001220703125,101.8499984741211,50.31999969482422,432.4822082519531,268.7967529296875,91.94200134277344,72.59613037109375,84.67500305175781,8.069999694824219,151.61000061035156,358.1000061035156,160.85000610351562
2022-08-23,410.4100036621094,183.25,173.0068817138672,48.09000015258789,102.98999786376953,50.59000015258789,435.8170166015625,267.5289611816406,91.99800109863281,72.54865264892578,94.9183349609375,8.010000228881836,153.07000732421875,359.0,157.66000366210938
2022-08-24,405.6499938964844,182.99000549316406,176.9486846923828,48.654998779296875,105.30000305175781,50.15999984741211,451.5314636230469,266.8998718261719,91.50399780273438,72.32078552246094,94.13500213623047,8.100000381469727,159.49000549316406,358.75,160.3800048828125
2022-08-25,403.92999267578125,184.8000030517578,170.95245361328125,50.73500061035156,110.37999725341797,50.869998931884766,451.6090393066406,269.861328125,93.20600128173828,73.00439453125,95.93000030517578,8.420000076293945,196.27999877929688,363.260009765625,162.36000061035156
2022-08-26,381.0199890136719,177.8300018310547,162.4200439453125,48.63999938964844,106.7300033569336,49.56999969482422,434.7506408691406,259.4481201171875,88.93800354003906,70.87760162353516,93.44833374023438,7.940000057220459,197.7100067138672,355.0,166.4600067138672
2022-08-29,375.260009765625,174.8300018310547,157.4854278564453,48.01250076293945,105.29000091552734,48.689998626708984,423.44708251953125,256.6802978515625,87.15599822998047,70.44085693359375,93.16500091552734,7.809999942779541,186.42999267578125,347.489990234375,160.88999938964844
2022-08-30,375.07000732421875,174.22999572753906,156.95458984375,48.32374954223633,104.61000061035156,49.040000915527344,419.9571838378906,254.49317932128906,87.36799621582031,70.39337158203125,93.27999877929688,7.789999961853027,184.74000549316406,346.0,164.27000427246094
2022-08-31,373.44000244140625,173.77000427246094,153.46495056152344,45.65250015258789,104.94999694824219,48.689998626708984,418.58056640625,253.04147338867188,86.92400360107422,70.40286254882812,92.80166625976562,7.71999979019165,180.9499969482422,346.0199890136719,164.55999755859375
2022-09-01,370.5299987792969,170.0399932861328,150.91905212402344,43.24250030517578,97.13999938964844,48.54999923706055,412.4925537109375,252.00601196289062,86.11199951171875,71.49475860595703,90.85832977294922,7.489999771118164,173.14999389648438,332.489990234375,161.08999633789062
2022-09-02,368.1400146484375,168.1699981689453,151.07630920410156,43.11249923706055,96.94000244140625,48.599998474121094,407.2187805175781,247.805908203125,86.9020004272461,70.90607452392578,89.86666870117188,7.400000095367432,171.49000549316406,330.55999755859375,158.5399932861328
2022-09-06,368.29998779296875,167.82000732421875,149.13980102539062,42.787498474121094,92.33000183105469,49.650001525878906,405.95855712890625,245.0864715576172,86.09400177001953,70.09902954101562,88.42333221435547,7.28000020980835,169.8000030517578,326.8299865722656,159.89999389648438
2022-09-07,379.7200012207031,170.88999938964844,150.6732635498047,42.9900016784668,95.62000274658203,50.45000076293945,421.9833068847656,249.77047729492188,88.83200073242188,70.7256851196289,90.0,7.389999866485596,177.75999450683594,332.0400085449219,165.77000427246094
2022-09-08,383.6300048828125,171.83999633789062,154.23171997070312,44.96875,97.88999938964844,51.709999084472656,425.6186828613281,250.18666076660156,90.15399932861328,70.87760162353516,91.20833587646484,7.53000020980835,179.47999572753906,333.760009765625,167.5800018310547
2022-09-09,394.7799987792969,174.67999267578125,159.824951171875,47.71500015258789,100.54000091552734,53.59000015258789,436.27264404296875,255.9351348876953,94.00599670410156,72.07393646240234,94.12833404541016,7.789999961853027,188.19000244140625,340.17999267578125,169.9600067138672
2022-09-12,396.3599853515625,175.02000427246094,162.8132781982422,48.775001525878906,104.38999938964844,55.84000015258789,441.4494323730469,258.05450439453125,95.25800323486328,73.18480682373047,94.68000030517578,8.010000228881836,195.2100067138672,339.55999755859375,169.75
2022-09-13,368.3900146484375,166.9199981689453,155.4113311767578,46.17499923706055,96.62999725341797,51.869998931884766,416.1860656738281,243.86709594726562,90.47599792480469,72.19735717773438,91.4800033569336,7.480000019073486,187.42999267578125,323.6099853515625,160.11000061035156
2022-09-14,371.5199890136719,167.22999572753906,157.55419921875,46.02750015258789,97.02999877929688,51.939998626708984,423.4858703613281,244.08970642089844,91.49800109863281,68.47545623779297,91.02999877929688,7.630000114440918,197.97999572753906,323.3699951171875,160.1300048828125
2022-09-15,309.1300048828125,163.0500030517578,152.14779663085938,44.71500015258789,95.36000061035156,50.81999969482422,409.2158508300781,237.4701690673828,87.11000061035156,66.69046783447266,89.80999755859375,8.010000228881836,196.49000549316406,315.94000244140625,154.3300018310547
2022-09-16,299.5,164.27000427246094,148.93338012695312,42.752498626708984,91.25,50.41999816894531,410.0689392089844,236.85079956054688,85.16000366210938,65.35169982910156,87.04499816894531,7.78000020980835,184.6699981689453,314.2099914550781,152.2899932861328
2022-09-19,296.05999755859375,167.19000244140625,150.23092651367188,43.84749984741211,93.80000305175781,50.7400016784668,410.7378234863281,236.63790893554688,85.01000213623047,65.57957458496094,87.67500305175781,7.860000133514404,187.6999969482422,317.32000732421875,155.0
2022-09-20,291.05999755859375,166.99000549316406,147.25244140625,43.467498779296875,93.56999969482422,50.77000045776367,405.04730224609375,234.6346435546875,82.23999786376953,64.66809844970703,87.51000213623047,7.619999885559082,182.74000549316406,316.260009765625,152.64999389648438
2022-09-21,286.29998779296875,166.0399932861328,145.11935424804688,42.3125,94.51000213623047,49.79999923706055,396.1866760253906,231.24745178222656,80.28600311279297,63.37683868408203,85.55999755859375,7.690000057220459,178.72000122070312,313.1099853515625,150.97999572753906
2022-09-22,287.05999755859375,162.32000732421875,147.5965118408203,40.31999969482422,89.44000244140625,48.7400016784668,384.5826110839844,233.21200561523438,77.39399719238281,62.69320297241211,83.08999633789062,7.369999885559082,171.7899932861328,306.9700012207031,150.49000549316406
2022-09-23,284.55999755859375,160.97000122070312,144.50990295410156,40.09749984741211,87.27999877929688,48.59000015258789,381.9263610839844,230.2506866455078,75.40799713134766,61.288002014160156,80.78500366210938,7.400000095367432,172.1300048828125,303.2799987792969,151.24000549316406
2022-09-26,276.9599914550781,162.3800048828125,143.83164978027344,39.837501525878906,86.41000366210938,48.290000915527344,383.700439453125,229.79583740234375,74.0199966430664,60.24358367919922,81.58499908447266,7.53000020980835,165.11000061035156,303.3399963378906,146.97000122070312
2022-09-27,277.57000732421875,163.1300048828125,146.35791015625,40.64500045776367,87.73999786376953,48.5,388.51849365234375,228.78932189941406,75.79000091552734,59.26563262939453,81.83000183105469,7.630000114440918,169.86000061035156,306.0899963378906,149.17999267578125
2022-09-28,281.3999938964844,166.97000122070312,147.61618041992188,41.8125,89.76000213623047,49.970001220703125,396.77801513671875,233.2991180419922,77.7699966430664,59.88278579711914,83.4000015258789,7.940000057220459,173.83999633789062,313.1600036621094,156.85000610351562
2022-09-29,278.25,164.69000244140625,144.31329345703125,41.42499923706055,87.44999694824219,49.630001068115234,384.6796569824219,229.8441925048828,77.0999984741211,58.297183990478516,82.79000091552734,8.079999923706055,170.33999633789062,309.2200012207031,156.25999450683594
2022-09-30,275.20001220703125,163.42999267578125,141.393798828125,41.20249938964844,88.77999877929688,49.130001068115234,375.47967529296875,225.39247131347656,75.52200317382812,57.98386001586914,81.8949966430664,8.130000114440918,169.9600067138672,305.510009765625,152.22000122070312
2022-10-03,285.239990234375,170.27999877929688,145.38478088378906,42.32749938964844,90.94000244140625,50.959999084472656,384.6697692871094,232.97972106933594,78.34200286865234,59.89228057861328,84.84500122070312,8.239999771118164,172.50999450683594,316.9800109863281,154.25
2022-10-04,294.9700012207031,171.3300018310547,153.08160400390625,43.76750183105469,95.3499984741211,52.68000030517578,399.4148864746094,240.85736083984375,82.30999755859375,62.37039566040039,86.91999816894531,8.460000038146973,183.80999755859375,321.70001220703125,159.0
2022-10-05,297.3800048828125,169.6999969482422,153.57310485839844,44.17499923706055,95.11000061035156,53.59000015258789,400.9368896484375,241.1670379638672,84.11599731445312,63.272396087646484,87.82499694824219,8.420000076293945,185.35000610351562,321.3699951171875,159.4499969482422
2022-10-06,298.4100036621094,168.41000366210938,152.8162078857422,44.59749984741211,93.66000366210938,53.7400016784668,399.49945068359375,238.83470153808594,83.68599700927734,62.00010299682617,87.375,8.470000267028809,188.91000366210938,321.92999267578125,159.5
2022-10-07,288.7699890136719,158.89999389648438,147.734130859375,42.970001220703125,88.05999755859375,51.470001220703125,381.6670837402344,226.68930053710938,80.24199676513672,60.091670989990234,84.95500183105469,8.149999618530273,175.10000610351562,307.010009765625,152.8800048828125
2022-10-10,285.7200012207031,154.7100067138672,143.1632080078125,40.27000045776367,84.0199966430664,51.22999954223633,376.5000305175781,221.86012268066406,76.35600280761719,59.40805435180664,81.56999969482422,8.0600004196167,159.0500030517578,292.9800109863281,147.8300018310547
2022-10-11,284.8299865722656,148.0399932861328,140.1454315185547,38.9474983215332,82.72000122070312,48.58000183105469,372.45947265625,218.14390563964844,74.26000213623047,59.56074523925781,78.68499755859375,8.039999961853027,153.52999877929688,277.3399963378906,142.6999969482422
2022-10-12,286.1499938964844,147.97000122070312,139.8701629638672,38.247501373291016,82.3499984741211,48.209999084472656,376.90789794921875,218.4729766845703,73.82599639892578,60.868202209472656,77.65499877929688,8.069999694824219,158.52999877929688,276.19000244140625,143.92999267578125
2022-10-13,294.739990234375,150.5500030517578,142.9666290283203,38.150001525878906,80.9000015258789,49.20000076293945,384.40606689453125,226.68930053710938,72.37999725341797,62.2233772277832,78.94499969482422,8.079999923706055,156.25,287.42999267578125,142.7100067138672
2022-10-14,287.94000244140625,147.4499969482422,139.80137634277344,36.494998931884766,75.69000244140625,48.130001068115234,369.18634033203125,221.19236755371094,68.35199737548828,61.37400436401367,77.41500091552734,7.53000020980835,152.3800048828125,277.6099853515625,139.58999633789062
2022-10-17,293.5,154.07000732421875,144.677001953125,37.90250015258789,80.79000091552734,50.459999084472656,392.13726806640625,229.8732147216797,69.72200012207031,63.96028137207031,79.2699966430664,7.940000057220459,167.5399932861328,289.260009765625,148.94000244140625
2022-10-18,292.9800109863281,155.55999755859375,150.91905212402344,39.220001220703125,81.77999877929688,51.560001373291016,396.9061584472656,230.81198120117188,71.35800170898438,63.96982192993164,81.68499755859375,8.15999984741211,173.1699981689453,292.2699890136719,152.61000061035156
2022-10-19,299.8299865722656,153.72000122070312,151.05662536621094,38.1349983215332,79.0,51.790000915527344,390.5152893066406,228.85707092285156,71.08799743652344,63.27315139770508,80.05500030517578,7.909999847412109,171.0399932861328,288.9599914550781,146.5
2022-10-20,302.3800048828125,153.0500030517578,154.82151794433594,38.470001220703125,82.33999633789062,51.59000015258789,389.62176513671875,228.53768920898438,71.25199890136719,66.08847045898438,79.28500366210938,8.039999961853027,174.0399932861328,289.7099914550781,145.4199981689453
2022-10-21,306.3699951171875,158.33999633789062,157.4461212158203,39.08000183105469,82.1500015258789,53.75,405.1910705566406,234.3152618408203,72.13400268554688,69.38096618652344,81.01499938964844,8.289999961853027,177.10000610351562,296.5,149.47999572753906
2022-10-24,316.2200012207031,160.22000122070312,157.91795349121094,39.49250030517578,82.43000030517578,54.900001525878906,405.7544250488281,239.2799072265625,73.31199645996094,69.59093475341797,80.66999816894531,8.270000457763672,174.77000427246094,301.67999267578125,147.9499969482422
2022-10-25,323.7900085449219,151.32000732421875,162.45938110351562,40.52750015258789,88.75,55.91999816894531,419.662841796875,242.57997131347656,75.33200073242188,69.8008804321289,83.09500122070312,8.65999984741211,181.82000732421875,294.7300109863281,156.17999267578125
2022-10-26,320.4800109863281,149.0500030517578,157.19052124023438,40.442501068115234,81.5,55.4900016784668,412.19390869140625,223.8634033203125,73.28199768066406,71.40418243408203,83.36499786376953,8.569999694824219,169.4499969482422,292.7300109863281,154.72999572753906
2022-10-27,318.6499938964844,148.5800018310547,157.0332489013672,41.182498931884766,82.16000366210938,56.0099983215332,409.87255859375,219.44070434570312,83.13400268554688,71.7191162109375,84.06999969482422,8.600000381469727,169.11000061035156,289.19000244140625,155.24000549316406
2022-10-28,325.67999267578125,151.47999572753906,160.2476348876953,40.912498474121094,81.12999725341797,57.099998474121094,419.3812255859375,228.26673889160156,84.08000183105469,73.8282241821289,85.54000091552734,8.640000343322754,159.69000244140625,295.8399963378906,157.64999389648438
2022-10-31,318.5,151.38999938964844,159.824951171875,40.29999923706055,80.51000213623047,57.15999984741211,415.2144775390625,224.6472930908203,84.14800262451172,74.50581359863281,85.79499816894531,8.789999961853027,160.3000030517578,292.54998779296875,155.82000732421875
2022-11-01,316.0199890136719,150.92999267578125,157.10206604003906,40.13249969482422,80.80000305175781,56.41999816894531,383.4250793457031,220.81492614746094,83.71199798583984,73.58964538574219,85.38500213623047,8.649999618530273,159.5,291.1700134277344,151.60000610351562
2022-11-02,301.2200012207031,145.08999633789062,147.45889282226562,36.997501373291016,74.4800033569336,53.22999954223633,373.9649658203125,213.00509643554688,78.53600311279297,71.69049072265625,80.88999938964844,8.220000267028809,147.75,281.1099853515625,143.50999450683594
2022-11-03,285.92999267578125,142.86000061035156,143.84146118164062,35.38249969482422,75.01000213623047,45.93000030517578,354.50091552734375,207.34365844726562,77.11199951171875,71.60459899902344,74.8499984741211,8.079999923706055,150.47000122070312,279.2900085449219,140.22000122070312
2022-11-04,285.75,142.41000366210938,137.39303588867188,31.889999389648438,70.37999725341797,47.099998474121094,350.81005859375,214.2535400390625,72.3499984741211,72.53031921386719,71.1050033569336,7.929999828338623,132.30999755859375,276.57000732421875,132.6300048828125
2022-11-07,299.5400085449219,146.0,142.1310577392578,31.170000076293945,69.4800033569336,47.86000061035156,359.4736633300781,220.5246124267578,72.63999938964844,73.23654174804688,72.2249984741211,7.019999980926514,129.10000610351562,280.5299987792969,136.52000427246094
2022-11-08,302.1700134277344,149.10000610351562,144.59840393066406,31.75,70.48999786376953,50.599998474121094,371.5757141113281,221.4923858642578,74.22799682617188,72.186767578125,77.08499908447266,7.210000038146973,129.16000366210938,291.5799865722656,140.17999267578125
2022-11-09,298.8699951171875,147.75999450683594,139.64410400390625,30.59000015258789,67.22000122070312,49.880001068115234,357.9585876464844,217.27293395996094,72.25399780273438,72.20584106445312,75.78500366210938,6.980000019073486,126.26000213623047,290.0799865722656,134.9499969482422
2022-11-10,329.95001220703125,162.02000427246094,153.6419219970703,33.939998626708984,76.5199966430664,54.38999938964844,391.65167236328125,235.1475372314453,80.81199645996094,73.64689636230469,81.7300033569336,7.639999866485596,145.3800048828125,318.760009765625,153.1300048828125
2022-11-11,341.1499938964844,166.89999389648438,155.047607421875,35.779998779296875,82.3499984741211,56.130001068115234,396.3137512207031,239.14439392089844,81.98200225830078,74.19088745117188,82.66000366210938,8.40999984741211,159.41000366210938,331.3999938964844,156.9499969482422
2022-11-14,340.3699951171875,167.92999267578125,155.9617919921875,35.502498626708984,78.12000274658203,55.52000045776367,386.2320251464844,233.76364135742188,80.08000183105469,74.94481658935547,80.86499786376953,8.100000381469727,157.83999633789062,330.67999267578125,153.3800048828125
2022-11-15,345.9599914550781,168.74000549316406,159.3137969970703,37.07500076293945,86.0999984741211,56.20000076293945,395.3230285644531,234.17010498046875,83.89600372314453,75.56513214111328,81.19000244140625,8.34000015258789,163.49000549316406,334.20001220703125,160.74000549316406
2022-11-16,338.4100036621094,168.86000061035156,152.48199462890625,35.912498474121094,82.44000244140625,54.689998626708984,382.3468933105469,234.59710693359375,82.44000244140625,76.24270629882812,79.54499816894531,8.0600004196167,154.14999389648438,331.45001220703125,155.38999938964844
2022-11-17,337.8299865722656,165.10000610351562,147.1443328857422,34.807498931884766,79.0,54.13999938964844,370.90545654296875,234.54855346679688,80.11599731445312,75.58422088623047,78.27999877929688,7.619999885559082,147.69000244140625,324.2699890136719,148.80999755859375
2022-11-18,330.8599853515625,165.02000427246094,145.5223846435547,34.747501373291016,76.5199966430664,52.150001525878906,369.14752197265625,234.1021728515625,79.8759994506836,76.09003448486328,83.73999786376953,7.389999866485596,146.1999969482422,325.8900146484375,146.74000549316406
2022-11-21,321.489990234375,161.86000061035156,142.38665771484375,33.88999938964844,73.3499984741211,52.31999969482422,364.2232360839844,234.90768432617188,77.47599792480469,76.1759262084961,85.30999755859375,7.190000057220459,141.13999938964844,324.82000732421875,143.1999969482422
2022-11-22,330.8800048828125,165.1999969482422,146.7117919921875,33.95000076293945,72.33000183105469,52.279998779296875,380.9581298828125,237.79977416992188,80.05599975585938,78.37091064453125,85.83499908447266,7.21999979019165,143.36000061035156,326.9599914550781,146.2899932861328
2022-11-23,335.7799987792969,167.50999450683594,149.6509552001953,35.22249984741211,75.30999755859375,53.349998474121094,384.4740295410156,240.27450561523438,81.8740005493164,78.79081726074219,86.55000305175781,7.369999885559082,146.4499969482422,334.2900085449219,149.33999633789062
2022-11-25,334.29998779296875,167.30999755859375,150.74208068847656,35.01250076293945,74.83999633789062,52.90999984741211,381.191162109375,240.18714904785156,81.44200134277344,78.94352722167969,86.38500213623047,7.28000020980835,144.72000122070312,332.6400146484375,148.97999572753906
2022-11-28,328.9700012207031,164.9499969482422,151.07630920410156,34.86249923706055,73.47000122070312,52.08000183105469,374.5574951171875,234.62623596191406,80.38600158691406,77.67424011230469,85.69499969482422,7.159999847412109,141.07000732421875,329.1199951171875,145.25
2022-11-29,326.7799987792969,163.52000427246094,149.10047912597656,34.5,72.05999755859375,51.59000015258789,368.7978515625,233.23843383789062,79.37000274658203,77.15889739990234,85.25499725341797,7.079999923706055,136.55999755859375,323.6600036621094,143.3000030517578
2022-11-30,344.92999267578125,172.0399932861328,157.5247344970703,29.412500381469727,75.77999877929688,53.15999984741211,395.8766174316406,247.61141967773438,83.26000213623047,79.23937225341797,84.94999694824219,7.5,142.89999389648438,339.5400085449219,167.89999389648438
2022-12-01,344.1099853515625,176.77999877929688,144.50006103515625,31.017499923706055,77.97000122070312,55.380001068115234,404.11297607421875,247.1746826171875,85.12000274658203,80.27006530761719,89.19999694824219,7.860000133514404,154.0399932861328,357.8399963378906,169.47999572753906
2022-12-02,341.5299987792969,172.42999267578125,142.10159301757812,31.0,74.70999908447266,53.61000061035156,396.19720458984375,247.49497985839844,82.5739974975586,79.54475402832031,86.34500122070312,7.659999847412109,149.74000549316406,348.1700134277344,170.99000549316406
2022-12-05,334.0899963378906,166.4600067138672,131.65235900878906,29.582500457763672,70.26000213623047,51.66999816894531,383.7843933105469,242.81716918945312,78.4520034790039,75.80372619628906,84.99500274658203,7.190000057220459,135.6300048828125,331.2699890136719,164.61000061035156
2022-12-06,331.1499938964844,163.66000366210938,131.00357055664062,28.457500457763672,68.58000183105469,50.849998474121094,378.5784912109375,237.88706970214844,77.83000183105469,75.30746459960938,83.34500122070312,6.989999771118164,136.72999572753906,328.0199890136719,161.36000061035156
2022-12-07,326.67999267578125,160.58999633789062,128.26100158691406,28.299999237060547,68.27999877929688,51.599998474121094,377.48101806640625,237.15921020507812,77.7040023803711,75.18338775634766,82.34500122070312,7.070000171661377,137.41000366210938,323.79998779296875,164.72000122070312
2022-12-08,332.5799865722656,164.05999755859375,127.9169692993164,28.559999465942383,74.0199966430664,52.90999984741211,393.7107238769531,240.09979248046875,79.24600219726562,76.41451263427734,80.38999938964844,7.119999885559082,142.8699951171875,330.6099853515625,169.3300018310547
2022-12-09,330.6400146484375,163.6699981689453,128.8802947998047,28.770000457763672,74.55999755859375,52.130001068115234,388.33953857421875,238.17822265625,78.71600341796875,76.21408081054688,79.44999694824219,7.110000133514404,144.52999877929688,325.75,169.60000610351562
2022-12-12,338.1700134277344,166.08999633789062,130.84629821777344,29.635000228881836,76.98999786376953,53.63999938964844,398.9749755859375,245.05902099609375,80.3280029296875,77.56926727294922,80.88999938964844,7.289999961853027,150.8800048828125,334.3399963378906,172.72999572753906
2022-12-13,342.4599914550781,168.22999572753906,133.31358337402344,30.247499465942383,79.70999908447266,54.709999084472656,416.07891845703125,249.33888244628906,83.23400115966797,76.88213348388672,80.375,7.5,150.5800018310547,338.1300048828125,177.3300018310547
2022-12-14,339.9200134277344,165.47000122070312,132.45840454101562,30.142499923706055,80.4800033569336,54.27000045776367,406.8810729980469,249.6300048828125,83.6780014038086,78.08460998535156,80.11499786376953,7.349999904632568,149.1999969482422,332.0299987792969,179.2899932861328
2022-12-15,328.7099914550781,162.22999572753906,128.22169494628906,28.747499465942383,78.30500030517578,52.16999816894531,385.1344909667969,241.66226196289062,80.12799835205078,76.41451263427734,76.29499816894531,7.010000228881836,142.64999389648438,323.82000732421875,175.4199981689453
2022-12-16,338.5400085449219,163.1999969482422,126.0886001586914,27.875,77.83000183105469,51.91999816894531,373.9163818359375,237.46978759765625,78.8740005493164,75.9468765258789,75.5,6.900000095367432,142.4499969482422,329.1199951171875,175.22000122070312
2022-12-19,328.760009765625,160.9499969482422,126.8160171508789,27.022499084472656,76.05000305175781,49.97999954223633,372.4983215332031,233.3548583984375,76.45999908447266,76.82488250732422,75.26000213623047,6.349999904632568,138.10000610351562,323.3900146484375,170.0399932861328
2022-12-20,338.2200012207031,162.36000061035156,126.26554870605469,27.457500457763672,75.9800033569336,50.470001220703125,375.9560546875,234.6650390625,77.29399871826172,77.24478149414062,74.63999938964844,6.309999942779541,141.2100067138672,324.42999267578125,172.08999633789062
2022-12-21,341.3800048828125,165.41000366210938,128.08409118652344,26.837499618530273,77.16999816894531,50.0099983215332,382.02642822265625,237.21743774414062,78.38200378417969,77.77922058105469,73.70999908447266,6.5,146.75,330.2200012207031,170.0800018310547
2022-12-22,336.5199890136719,161.75999450683594,126.99295043945312,25.99250030517578,72.94999694824219,49.150001525878906,372.916015625,231.1615753173828,75.98799896240234,76.81534576416016,71.57499694824219,6.320000171661377,140.3699951171875,321.7200012207031,165.61000061035156
2022-12-23,338.45001220703125,161.4499969482422,127.23871612548828,25.497499465942383,72.41999816894531,48.72999954223633,373.4404602050781,231.68563842773438,76.37200164794922,77.15889739990234,70.63500213623047,6.289999961853027,138.49000549316406,320.2099914550781,164.63999938964844
2022-12-27,335.0899963378906,160.0500030517578,128.43797302246094,25.165000915527344,70.56999969482422,48.54999923706055,372.1001892089844,229.9678955078125,76.12799835205078,77.28297424316406,69.6050033569336,6.0,137.75999450683594,317.95001220703125,163.39999389648438
2022-12-28,328.3299865722656,158.33999633789062,126.28520202636719,24.989999771118164,69.83999633789062,47.86000061035156,365.6800537109375,227.6095733642578,75.20999908447266,76.66262817382812,68.66500091552734,6.070000171661377,138.4199981689453,315.30999755859375,162.99000549316406
2022-12-29,337.5799865722656,161.92999267578125,130.2859649658203,26.142499923706055,73.94000244140625,49.209999084472656,379.6371154785156,233.8983612060547,77.97000122070312,77.68379211425781,70.0999984741211,6.400000095367432,142.3800048828125,321.9800109863281,167.7899932861328
2022-12-30,336.5299987792969,160.63999938964844,130.33511352539062,26.322500228881836,73.5,48.88999938964844,378.0345764160156,232.74349975585938,77.65399932861328,78.00827026367188,69.7699966430664,6.420000076293945,143.5399932861328,319.2900085449219,167.3300018310547
2023-01-03,336.9200134277344,159.63999938964844,132.48788452148438,25.81999969482422,72.08999633789062,48.52000045776367,379.9382629394531,232.51055908203125,77.0999984741211,79.89788055419922,69.2249984741211,6.389999866485596,135.5,319.67999267578125,169.35000610351562
2023-01-04,341.4100036621094,159.22999572753906,137.216064453125,26.091249465942383,68.95999908447266,48.29999923706055,380.3170166015625,222.3397674560547,78.7699966430664,80.6231689453125,69.2699966430664,6.579999923706055,130.44000244140625,320.92999267578125,171.22000122070312
2023-01-05,328.44000244140625,156.8000030517578,134.02137756347656,23.72249984741211,63.5,47.45000076293945,364.82537841796875,215.75015258789062,73.26399993896484,80.46095275878906,67.55500030517578,6.320000171661377,121.55999755859375,315.0400085449219,160.19000244140625
2023-01-06,332.75,159.66000366210938,138.12045288085938,23.68000030517578,64.13999938964844,48.689998626708984,375.412109375,218.29283142089844,73.30599975585938,81.74930572509766,67.42500305175781,6.400000095367432,124.05999755859375,320.5400085449219,161.13999938964844
2023-01-09,341.9800109863281,165.9199981689453,144.59840393066406,24.142499923706055,65.94000244140625,49.40999984741211,384.755126953125,220.41822814941406,75.71199798583984,82.78385162353516,67.54000091552734,6.5,134.42999267578125,325.95001220703125,162.92999267578125
2023-01-10,338.70001220703125,164.32000732421875,144.93260192871094,23.917499542236328,66.7699966430664,48.41999816894531,378.2734069824219,222.09716796875,76.16799926757812,82.86048889160156,67.09500122070312,6.699999809265137,137.94000244140625,327.6300048828125,160.2100067138672
2023-01-11,342.92999267578125,168.47000122070312,142.43577575683594,24.25,69.02999877929688,48.79999923706055,384.7259521484375,228.81297302246094,78.75599670410156,84.87214660644531,68.3550033569336,6.980000019073486,139.7100067138672,334.3500061035156,163.9199981689453
2023-01-12,344.5400085449219,168.05999755859375,147.0558624267578,24.4950008392334,69.20999908447266,48.400001525878906,386.0787658691406,231.47210693359375,82.6520004272461,85.04454803466797,68.30000305175781,7.010000228881836,142.13999938964844,333.1000061035156,163.58999633789062
2023-01-13,344.3800048828125,169.25999450683594,146.96739196777344,24.88249969482422,70.47000122070312,48.869998931884766,382.6821594238281,232.17088317871094,82.97799682617188,85.4468994140625,69.43000030517578,6.960000038146973,140.8699951171875,332.9700012207031,167.14999389648438
2023-01-17,344.3800048828125,172.97000122070312,145.94509887695312,26.107500076293945,73.05999755859375,50.099998474121094,379.75274658203125,233.25784301757812,83.64800262451172,84.87214660644531,71.0,7.070000171661377,145.72000122070312,337.29998779296875,166.69000244140625
2023-01-18,341.30999755859375,172.4600067138672,142.97642517089844,25.25,69.69999694824219,48.380001068115234,375.7333068847656,228.85179138183594,83.23999786376953,83.06166076660156,70.83999633789062,6.900000095367432,140.11000061035156,335.6600036621094,164.2899932861328
2023-01-19,342.5299987792969,171.9499969482422,143.92007446289062,24.962499618530273,67.43000030517578,48.41999816894531,368.46331787109375,225.08628845214844,85.68599700927734,82.32405853271484,70.3550033569336,6.730000019073486,135.24000549316406,331.2799987792969,167.5399932861328
2023-01-20,356.3800048828125,178.25999450683594,148.67779541015625,25.852500915527344,71.05000305175781,49.27000045776367,387.4120178222656,233.13169860839844,88.36599731445312,83.57894134521484,73.05000305175781,7.019999980926514,144.82000732421875,342.4200134277344,173.39999389648438
2023-01-23,364.9800109863281,183.41000366210938,153.21922302246094,26.575000762939453,75.29000091552734,50.5099983215332,399.0226745605469,235.4220428466797,88.48799896240234,85.22657012939453,74.66999816894531,7.380000114440918,150.3000030517578,350.3299865722656,176.42999267578125
2023-01-24,361.32000732421875,182.3800048828125,152.22640991210938,26.149999618530273,73.69000244140625,51.09000015258789,390.79888916015625,234.89796447753906,88.68199920654297,85.92584991455078,75.56999969482422,7.019999980926514,145.7899932861328,349.2799987792969,172.52999877929688
2023-01-25,358.1700134277344,182.47999572753906,153.5141143798828,25.204999923706055,70.75,51.7599983215332,391.1394348144531,233.51019287109375,89.75399780273438,85.86837768554688,75.88999938964844,7.21999979019165,144.44000244140625,349.2699890136719,174.44000244140625
2023-01-26,365.82000732421875,185.6300048828125,162.28244018554688,26.11750030517578,76.0,53.209999084472656,401.5042724609375,240.68209838867188,92.61399841308594,86.05037689208984,79.55500030517578,7.239999771118164,152.4499969482422,356.6700134277344,178.8800048828125
2023-01-27,370.7099914550781,185.02999877929688,161.7221221923828,26.087499618530273,77.2300033569336,52.70000076293945,411.3047180175781,240.83740234375,91.77200317382812,85.24571990966797,79.88999938964844,7.550000190734863,159.36000061035156,357.2699890136719,177.66000366210938
2023-01-30,363.4200134277344,180.74000549316406,161.94822692871094,25.342500686645508,73.83999633789062,51.04999923706055,405.2999572753906,235.54818725585938,88.51399993896484,83.67472076416016,78.81500244140625,7.369999885559082,152.9199981689453,349.8800048828125,176.47999572753906
2023-01-31,370.3399963378906,182.8300018310547,165.11346435546875,26.475000381469727,74.80999755859375,52.34000015258789,411.35345458984375,240.49769592285156,91.0260009765625,84.7380142211914,79.31999969482422,7.78000020980835,156.44000244140625,353.75,181.42999267578125
2023-02-01,383.9200134277344,188.88999938964844,168.8979949951172,27.625,82.69999694824219,53.09000015258789,423.8885498046875,245.29193115234375,94.76200103759766,86.26112365722656,79.86000061035156,8.199999809265137,165.22000122070312,367.04998779296875,185.3300018310547
2023-02-02,392.2300109863281,189.22000122070312,171.67001342773438,28.982500076293945,86.97000122070312,53.849998474121094,440.0538635253906,256.79229736328125,98.25399780273438,85.61932373046875,81.2750015258789,8.989999771118164,178.0500030517578,368.5899963378906,190.97999572753906
2023-02-03,379.3299865722656,185.85000610351562,168.1312255859375,28.389999389648438,79.45999908447266,53.0,412.4142150878906,250.7266845703125,94.44400024414062,85.84923553466797,79.86000061035156,8.40999984741211,163.2899932861328,361.44000244140625,185.85000610351562
2023-02-06,375.2300109863281,185.91000366210938,166.17507934570312,27.354999542236328,76.95999908447266,51.9900016784668,403.8789978027344,249.1933135986328,91.04399871826172,84.80508422851562,78.11499786376953,8.3100004196167,158.07000732421875,359.9700012207031,183.72999572753906
2023-02-07,383.82000732421875,188.3300018310547,168.3671417236328,28.647499084472656,80.31999969482422,53.779998779296875,416.219482421875,259.6649169921875,92.6520004272461,84.04830932617188,79.8499984741211,8.329999923706055,160.77000427246094,366.75,191.75
2023-02-08,378.3599853515625,185.4499969482422,166.7452392578125,28.6200008392334,82.66000366210938,59.63999938964844,410.4482727050781,258.85943603515625,92.7959976196289,83.04248809814453,83.06999969482422,8.220000267028809,159.05999755859375,360.6000061035156,188.72999572753906
2023-02-09,375.80999755859375,186.27000427246094,170.7067108154297,28.354999542236328,83.4000015258789,57.81999969482422,408.5018005371094,255.84120178222656,92.66000366210938,83.0041732788086,83.06500244140625,7.949999809265137,162.67999267578125,363.7099914550781,189.77000427246094
2023-02-10,370.989990234375,183.8000030517578,164.18942260742188,27.239999771118164,80.5199966430664,59.61000061035156,402.4483947753906,255.3365478515625,91.6719970703125,83.47356414794922,82.625,7.510000228881836,157.3300018310547,359.1099853515625,186.85000610351562
2023-02-13,375.0,185.6999969482422,168.17059326171875,28.042499542236328,82.23999786376953,60.150001525878906,406.89599609375,263.31402587890625,92.20800018310547,85.65763854980469,83.15499877929688,7.610000133514404,161.9600067138672,361.760009765625,188.25
2023-02-14,377.8999938964844,199.08999633789062,167.0696258544922,29.077499389648438,85.4800033569336,61.189998626708984,410.672119140625,264.1389465332031,92.2699966430664,85.34152221679688,85.06999969482422,9.220000267028809,171.02000427246094,375.94000244140625,189.5399932861328
2023-02-15,375.94000244140625,202.25999450683594,168.1902313232422,30.1299991607666,88.72000122070312,62.810001373291016,409.9617004394531,262.02764892578125,92.78199768066406,84.6230697631836,88.62999725341797,10.109999656677246,175.27999877929688,379.4800109863281,190.92999267578125
2023-02-16,365.1600036621094,194.6199951171875,165.25108337402344,28.780000686645508,82.47000122070312,61.38999938964844,397.4264831542969,255.05177307128906,90.73799896240234,84.02916717529297,86.01000213623047,9.710000038146973,164.39999389648438,359.7099914550781,187.75
2023-02-17,356.8500061035156,194.44000244140625,162.36105346679688,28.5625,79.98999786376953,60.63999938964844,393.5531311035156,251.07254028320312,87.802001953125,83.60767364501953,84.63999938964844,9.199999809265137,154.0800018310547,354.45001220703125,185.8000030517578
2023-02-21,346.70001220703125,192.64999389648438,158.87142944335938,28.107500076293945,78.5199966430664,59.709999084472656,385.6505126953125,245.8284912109375,86.37200164794922,82.57311248779297,83.44499969482422,8.470000267028809,151.25999450683594,352.3500061035156,181.9199981689453
2023-02-22,348.7200012207031,193.99000549316406,160.5818328857422,29.407499313354492,79.95999908447266,60.209999084472656,395.4995422363281,244.69992065429688,87.96800231933594,82.68807220458984,93.875,8.359999656677246,150.66000366210938,355.05999755859375,184.3699951171875
2023-02-23,347.0199890136719,196.6199951171875,161.32894897460938,29.360000610351562,78.69999694824219,60.58000183105469,400.852294921875,247.87164306640625,88.34200286865234,84.85298156738281,94.37000274658203,8.170000076293945,153.1199951171875,365.4800109863281,187.2100067138672
2023-02-24,320.5400085449219,193.74000549316406,159.44158935546875,29.31999969482422,76.66999816894531,58.86000061035156,408.5699768066406,242.47190856933594,85.11799621582031,84.92959594726562,93.31500244140625,8.09000015258789,148.44000244140625,362.2799987792969,183.1300048828125
2023-02-27,322.32000732421875,193.17999267578125,160.3656005859375,30.162500381469727,77.5999984741211,59.619998931884766,401.5724792480469,243.38645935058594,85.71399688720703,84.25906372070312,94.25499725341797,8.029999732971191,154.64999389648438,363.3599853515625,184.92999267578125
2023-02-28,323.95001220703125,192.94000244140625,160.8275909423828,30.172500610351562,76.5199966430664,59.439998626708984,396.2781066894531,242.66648864746094,86.43399810791016,83.7226333618164,94.18499755859375,7.840000152587891,154.3800048828125,363.760009765625,185.47000122070312
2023-03-01,323.3800048828125,191.42999267578125,164.50399780273438,30.052499771118164,75.22000122070312,58.439998626708984,390.5263671875,239.60179138183594,85.78800201416016,82.70723724365234,93.47000122070312,7.690000057220459,154.5,361.0199890136719,184.1199951171875
2023-03-02,333.5,192.63999938964844,183.4167938232422,30.90999984741211,74.0999984741211,59.63999938964844,389.65045166015625,244.3107452392578,87.20800018310547,83.31072235107422,94.92500305175781,7.96999979019165,135.27999877929688,363.3800048828125,188.1699981689453
2023-03-03,344.0400085449219,196.5,183.25949096679688,31.510000228881836,76.9800033569336,60.84000015258789,397.5822448730469,248.37754821777344,88.7959976196289,85.49480438232422,95.79499816894531,8.329999923706055,142.11000061035156,367.5,191.5500030517578
2023-03-06,347.0199890136719,197.39999389648438,180.67425537109375,31.897499084472656,76.58000183105469,61.310001373291016,401.6600646972656,249.91477966308594,89.2040023803711,85.96417999267578,93.95500183105469,8.279999732971191,142.07000732421875,368.7699890136719,188.82000732421875
2023-03-07,344.79998779296875,195.35000610351562,180.20242309570312,31.232500076293945,74.81999969482422,60.369998931884766,398.33154296875,247.26840209960938,88.96199798583984,84.6422348022461,93.5999984741211,8.279999732971191,142.4499969482422,361.2799987792969,186.63999938964844
2023-03-08,345.8399963378906,199.3000030517578,179.8386993408203,32.22999954223633,71.9800033569336,61.790000915527344,405.5140380859375,246.83056640625,89.39399719238281,84.76676177978516,94.19000244140625,8.130000114440918,142.64999389648438,369.0199890136719,183.49000549316406
2023-03-09,338.3699951171875,196.39999389648438,175.68063354492188,30.420000076293945,69.91000366210938,59.95000076293945,393.747802734375,245.4879608154297,85.69999694824219,83.21492004394531,92.20999908447266,7.690000057220459,136.3000030517578,361.9200134277344,181.47000122070312
2023-03-10,329.29998779296875,195.6699981689453,170.23486328125,29.93000030517578,65.13999938964844,58.7599983215332,382.0982360839844,241.85894775390625,83.01599884033203,80.5327377319336,92.8550033569336,7.349999904632568,131.4600067138672,355.2300109863281,178.27000427246094
2023-03-13,324.2699890136719,196.27000427246094,172.52525329589844,30.352500915527344,66.23999786376953,59.27000045776367,381.07635498046875,247.04466247558594,82.98600006103516,81.35653686523438,92.94999694824219,7.869999885559082,137.72999572753906,357.2900085449219,181.25
2023-03-14,333.3299865722656,203.52000427246094,179.77972412109375,32.002498626708984,65.95999908447266,60.88999938964844,397.3681640625,253.72862243652344,84.90799713134766,81.00211334228516,92.23999786376953,7.889999866485596,139.82000732421875,369.8399963378906,183.41000366210938
2023-03-15,333.6099853515625,202.94000244140625,179.79937744140625,32.33000183105469,67.54000091552734,60.38999938964844,395.44110107421875,258.2527770996094,84.4520034790039,79.48859405517578,91.9000015258789,7.900000095367432,139.5800018310547,366.82000732421875,184.36000061035156
2023-03-16,353.2900085449219,207.82000732421875,184.11473083496094,33.380001068115234,69.20999908447266,61.880001068115234,406.9544372558594,268.7213439941406,88.47799682617188,81.25118255615234,94.88500213623047,7.980000019073486,138.9199981689453,374.0,191.72000122070312
2023-03-17,358.1400146484375,206.8800048828125,181.70635986328125,33.279998779296875,68.62000274658203,61.220001220703125,402.6138610839844,271.8639221191406,88.19999694824219,81.67266845703125,94.55999755859375,7.880000114440918,135.6199951171875,372.5299987792969,188.77000427246094
2023-03-20,362.8800048828125,207.07000732421875,182.09959411621094,33.185001373291016,66.20999908447266,61.540000915527344,400.8133850097656,264.8588562011719,87.02999877929688,83.3011474609375,94.71499633789062,8.079999923706055,135.47000122070312,375.5899963378906,190.63999938964844
2023-03-21,374.2200012207031,207.8800048828125,185.47125244140625,34.005001068115234,69.66999816894531,62.459999084472656,410.7305603027344,266.3669128417969,89.09200286865234,83.89505767822266,97.24500274658203,8.449999809265137,141.47000122070312,374.3599853515625,190.6999969482422
2023-03-22,361.7099914550781,204.0,183.33815002441406,33.314998626708984,66.19000244140625,61.209999084472656,403.1198425292969,264.917236328125,86.7020034790039,84.20158386230469,95.44499969482422,8.210000038146973,135.6300048828125,371.3500061035156,184.2899932861328
2023-03-23,369.0,207.0,184.25233459472656,33.6349983215332,67.44000244140625,63.25,420.9105224609375,270.14190673828125,88.09400177001953,84.08665466308594,96.94499969482422,8.329999923706055,140.57000732421875,379.3999938964844,188.0399932861328
2023-03-24,374.9599914550781,204.47999572753906,186.82777404785156,32.8849983215332,65.23999786376953,62.9900016784668,418.0686950683594,272.97308349609375,86.58000183105469,84.30696105957031,95.7750015258789,8.199999809265137,136.52999877929688,376.55999755859375,190.42999267578125
2023-03-27,373.1499938964844,205.27000427246094,188.00735473632812,32.84749984741211,65.5999984741211,63.97999954223633,415.5090637207031,268.89654541015625,86.26200103759766,86.34734344482422,96.26499938964844,8.039999961853027,134.97000122070312,373.9200134277344,188.14999389648438
2023-03-28,373.3999938964844,203.27999877929688,189.02969360351562,32.15999984741211,67.7300033569336,64.2699966430664,408.1028137207031,267.77764892578125,85.81600189208984,86.06954193115234,95.37999725341797,8.0,134.80999755859375,369.8699951171875,189.67999267578125
2023-03-29,379.1600036621094,206.0,193.29588317871094,32.400001525878906,68.0999984741211,64.80999755859375,421.68902587890625,272.9146423339844,87.68800354003906,86.80712890625,96.09500122070312,8.220000267028809,137.4600067138672,375.0400085449219,198.25
2023-03-30,381.8999938964844,207.00999450683594,193.25657653808594,32.93000030517578,67.91000366210938,65.80999755859375,428.3069763183594,276.3587951660156,87.9260025024414,86.70177459716797,96.78500366210938,8.149999618530273,142.11000061035156,375.94000244140625,200.0500030517578
2023-03-31,385.3699951171875,210.08999633789062,196.3824920654297,34.314998626708984,72.66000366210938,66.45999908447266,433.8932800292969,280.4937744140625,92.94400024414062,89.01036071777344,99.87000274658203,8.449999809265137,154.2899932861328,386.25,206.5399932861328
2023-04-03,380.0799865722656,211.38999938964844,193.1484375,34.13750076293945,70.66999816894531,66.30999755859375,428.87152099609375,279.4527282714844,92.89800262451172,89.9682846069336,98.16500091552734,8.380000114440918,150.0,388.94000244140625,204.3699951171875
2023-04-04,385.1499938964844,211.50999450683594,193.8463592529297,34.21500015258789,69.31999969482422,65.97000122070312,428.03448486328125,279.4040222167969,95.20999908447266,90.0449447631836,98.27999877929688,8.350000381469727,155.42999267578125,384.92999267578125,202.60000610351562
2023-04-05,382.0199890136719,207.55999755859375,191.98849487304688,31.950000762939453,66.11000061035156,65.1500015258789,427.3921203613281,276.64093017578125,93.46600341796875,90.89749145507812,97.08999633789062,7.980000019073486,146.47999572753906,378.3599853515625,197.8699951171875
2023-04-06,380.6000061035156,208.52000427246094,189.2754364013672,31.954999923706055,65.83000183105469,65.5199966430664,435.5720520019531,283.70440673828125,94.6259994506836,91.88414764404297,95.96499633789062,8.09000015258789,145.67999267578125,375.9200134277344,196.80999755859375
2023-04-10,376.25,213.61000061035156,188.2334747314453,32.025001525878906,66.13999938964844,66.91000366210938,433.5830993652344,281.55419921875,94.52799987792969,90.19113159179688,96.30999755859375,8.390000343322754,147.77000427246094,379.989990234375,196.94000244140625
2023-04-11,371.1099853515625,213.88999938964844,185.6776885986328,32.46500015258789,64.8499984741211,67.0,426.5439758300781,275.171875,93.96399688720703,90.39313507080078,96.40499877929688,8.609999656677246,139.19000244140625,379.3999938964844,195.97999572753906
2023-04-12,369.8900146484375,212.17999267578125,187.08338928222656,33.75,66.83999633789062,67.19000244140625,424.19427490234375,275.8138732910156,94.28600311279297,90.32581329345703,97.63999938964844,8.329999923706055,139.66000366210938,376.5199890136719,191.74000549316406
2023-04-13,378.79998779296875,217.00999450683594,190.720458984375,34.025001525878906,68.08000183105469,68.38999938964844,430.7459411621094,281.9919738769531,96.69999694824219,91.91300201416016,98.93499755859375,8.579999923706055,141.3800048828125,381.55999755859375,194.85000610351562
2023-04-14,379.3800048828125,214.5500030517578,191.33970642089844,33.942501068115234,67.31999969482422,68.06999969482422,430.560791015625,278.3922424316406,92.60600280761719,92.06690216064453,99.72000122070312,8.8100004196167,142.1300048828125,381.67999267578125,194.0399932861328
2023-04-17,377.9200134277344,213.16000366210938,193.72840881347656,34.342498779296875,69.83999633789062,67.70999908447266,429.0690612792969,280.980224609375,94.11000061035156,91.95147705078125,100.58000183105469,8.800000190734863,145.25999450683594,380.19000244140625,195.6199951171875
2023-04-18,377.54998779296875,213.77000427246094,195.124267578125,34.095001220703125,70.0,67.81999969482422,431.5065002441406,280.5618591308594,95.197998046875,92.7979736328125,100.0,8.729999542236328,145.88999938964844,380.42999267578125,193.5399932861328
2023-04-19,380.1099853515625,213.6699981689453,195.53712463378906,33.20750045776367,69.55500030517578,67.31999969482422,434.3338317871094,280.6396789550781,95.11799621582031,92.16310119628906,97.66000366210938,8.489999771118164,144.5500030517578,378.7699890136719,192.02999877929688
2023-04-20,380.260009765625,213.72999572753906,194.15106201171875,32.47249984741211,67.4800033569336,66.9000015258789,436.1960144042969,278.363037109375,93.53800201416016,91.22040557861328,96.13500213623047,8.149999618530273,142.72000122070312,377.55999755859375,191.0500030517578
2023-04-21,377.6700134277344,213.0,195.6452178955078,33.0625,67.27999877929688,66.77999877929688,435.2210693359375,278.0224914550781,94.66200256347656,91.5282211303711,96.625,8.180000305175781,145.19000244140625,377.260009765625,190.99000549316406
2023-04-24,377.3399963378906,212.97999572753906,191.6051483154297,32.599998474121094,65.70999908447266,66.25,431.24322509765625,274.14056396484375,94.5999984741211,91.80718994140625,95.9749984741211,8.100000381469727,142.50999450683594,375.6700134277344,189.08999633789062
2023-04-25,369.5899963378906,203.89999389648438,187.42739868164062,30.537500381469727,62.689998626708984,63.16999816894531,409.31640625,267.96246337890625,88.45600128173828,90.47970581054688,91.28500366210938,7.739999771118164,135.47999572753906,364.5299987792969,182.8800048828125
2023-04-26,363.05999755859375,203.61000061035156,188.26296997070312,31.030000686645508,69.2699966430664,63.400001525878906,403.3399963378906,287.3723449707031,90.80599975585938,90.14303588867188,91.8949966430664,7.739999771118164,147.05999755859375,365.1000061035156,187.16000366210938
2023-04-27,371.4200134277344,207.86000061035156,192.60780334472656,31.512500762939453,70.20999908447266,63.060001373291016,418.4128112792969,296.5760803222656,90.86799621582031,91.42241668701172,92.55999755859375,7.820000171661377,148.77000427246094,368.3900146484375,187.1300048828125
2023-04-28,377.55999755859375,209.4499969482422,194.99647521972656,30.012500762939453,67.37999725341797,63.04999923706055,432.8324279785156,298.9403991699219,91.88400268554688,91.11458587646484,91.2300033569336,7.75,148.0800018310547,371.32000732421875,186.13999938964844
2023-05-01,374.1499938964844,210.64999389648438,194.42633056640625,29.697500228881836,65.4000015258789,62.810001373291016,431.4284973144531,297.2863464355469,90.08200073242188,91.25889587402344,91.6500015258789,7.78000020980835,146.97000122070312,371.6199951171875,186.33999633789062
2023-05-02,368.6600036621094,208.97000122070312,190.54348754882812,29.184999465942383,64.04000091552734,61.439998626708984,425.530029296875,297.14044189453125,88.73600006103516,91.19156646728516,88.44499969482422,7.590000152587891,144.83999633789062,368.8299865722656,183.1300048828125
2023-05-03,345.25,207.4499969482422,189.3343963623047,29.417499542236328,65.83999633789062,60.4900016784668,418.8905334472656,296.1578063964844,87.41600036621094,91.17230987548828,88.83000183105469,7.559999942779541,144.63999938964844,368.0,183.32000732421875
2023-05-04,335.8299865722656,205.02999877929688,189.10833740234375,29.469999313354492,75.4000015258789,61.18000030517578,411.870849609375,297.14044189453125,86.10199737548828,91.3550796508789,89.50499725341797,7.380000114440918,155.27000427246094,366.6199951171875,181.9199981689453
2023-05-05,348.3999938964844,205.24000549316406,194.22972106933594,30.612499237060547,76.56999969482422,64.58999633789062,415.2831726074219,302.23858642578125,86.95999908447266,93.2789535522461,91.96499633789062,7.409999847412109,154.1699981689453,371.55999755859375,181.47999572753906
2023-05-08,344.05999755859375,205.55999755859375,194.53445434570312,33.102500915527344,78.54000091552734,66.08000183105469,416.19964599609375,300.292724609375,87.7979965209961,93.10578918457031,95.76000213623047,7.739999771118164,160.4199981689453,371.739990234375,179.60000610351562
2023-05-09,342.6499938964844,204.02999877929688,197.75868225097656,32.48500061035156,79.58999633789062,66.4000015258789,416.9698791503906,298.6874084472656,88.27799987792969,92.48054504394531,97.91999816894531,9.550000190734863,163.8699951171875,366.95001220703125,178.42999267578125
2023-05-10,344.0199890136719,204.19000244140625,201.36627197265625,33.45000076293945,86.0,67.01000213623047,420.7136535644531,303.8536071777344,90.8280029296875,93.80801391601562,99.69999694824219,9.9399995803833,172.0399932861328,370.1199951171875,179.39999389648438
2023-05-11,341.5799865722656,201.4600067138672,200.00973510742188,33.037498474121094,86.6500015258789,67.5,414.24969482421875,301.71319580078125,90.51399993896484,93.73107147216797,98.58999633789062,9.880000114440918,170.07000732421875,367.9599914550781,178.32000732421875
2023-05-12,335.45001220703125,201.16000366210938,198.37799072265625,32.557498931884766,87.25,67.7699966430664,416.9113464355469,300.6040344238281,91.04000091552734,94.12545776367188,99.6500015258789,9.5,167.39999389648438,368.8399963378906,182.75999450683594
2023-05-15,345.6700134277344,202.30999755859375,199.8721160888672,33.88750076293945,88.5,68.55999755859375,415.53668212890625,301.0807800292969,92.62799835205078,93.55792236328125,96.5,9.520000457763672,172.0500030517578,373.2799987792969,185.4600067138672
2023-05-16,345.1099853515625,202.4600067138672,201.08119201660156,33.502498626708984,88.06999969482422,68.30999755859375,410.8569030761719,303.29901123046875,93.64800262451172,94.51022338867188,95.71499633789062,9.470000267028809,171.7100067138672,375.1400146484375,185.30999755859375
2023-05-17,356.6300048828125,204.14999389648438,205.81922912597656,34.307498931884766,91.27999877929688,68.43000030517578,421.0451965332031,306.16571044921875,98.58399963378906,95.97236633300781,95.76000213623047,10.25,174.02000427246094,377.0799865722656,188.22000122070312
2023-05-18,360.42999267578125,216.83999633789062,209.69223022460938,35.462501525878906,94.54000091552734,68.13999938964844,436.44952392578125,310.5728454589844,102.03399658203125,98.44453430175781,94.86000061035156,11.739999771118164,184.30999755859375,409.7099914550781,195.75
2023-05-19,371.25,216.7100067138672,206.7825469970703,36.18000030517578,92.08999633789062,69.62999725341797,434.86029052734375,310.39739990234375,102.05999755859375,98.92550659179688,94.33000183105469,11.710000038146973,176.82000732421875,408.5,195.7100067138672
2023-05-22,372.04998779296875,211.6300048828125,206.68423461914062,36.852500915527344,93.87000274658203,69.5199966430664,442.738037109375,313.16656494140625,102.27799987792969,97.89623260498047,96.05500030517578,11.84000015258789,178.47000122070312,401.67999267578125,196.41000366210938
2023-05-23,370.4200134277344,205.75999450683594,203.12583923339844,35.974998474121094,93.06999969482422,68.08999633789062,438.5359802246094,307.39434814453125,100.02799987792969,94.78919982910156,94.87000274658203,12.640000343322754,175.16000366210938,393.0899963378906,192.8699951171875
2023-05-24,365.760009765625,203.6699981689453,205.50466918945312,37.29999923706055,93.44000244140625,66.58999633789062,405.5043640136719,306.0194091796875,100.51000213623047,94.57756805419922,102.15499877929688,12.229999542236328,177.13999938964844,395.3900146484375,196.19000244140625
2023-05-25,392.05999755859375,224.49000549316406,206.34022521972656,37.40250015258789,92.41000366210938,67.16999816894531,402.7549133300781,317.7882995605469,106.35600280761719,100.3203353881836,103.98999786376953,12.84000015258789,147.91000366210938,434.20001220703125,196.41000366210938
2023-05-26,415.3900146484375,228.3300018310547,211.7761688232422,38.529998779296875,93.16000366210938,67.7699966430664,407.9515075683594,324.5843811035156,107.49199676513672,100.1183090209961,105.8499984741211,13.649999618530273,150.00999450683594,444.7300109863281,216.07000732421875
2023-05-30,417.2099914550781,234.75,215.1478271484375,39.647499084472656,93.69000244140625,68.54000091552734,395.9205322265625,322.94635009765625,109.8239974975586,101.14759063720703,106.23999786376953,14.710000038146973,158.64999389648438,464.8299865722656,209.0800018310547
2023-05-31,417.7900085449219,230.91000366210938,219.58114624023438,40.032501220703125,94.91000366210938,68.33000183105469,408.6242370605469,320.19671630859375,108.95600128173828,101.90751647949219,106.69499969482422,14.710000038146973,165.36000061035156,454.9599914550781,211.99000549316406
2023-06-01,426.75,232.38999938964844,209.27935791015625,39.38750076293945,94.98999786376953,68.63999938964844,411.5491943359375,324.2821044921875,108.59200286865234,101.95561981201172,108.3949966430664,14.539999961853027,167.27999877929688,454.54998779296875,215.30999755859375
2023-06-02,436.3699951171875,229.69000244140625,209.40716552734375,37.83000183105469,98.7699966430664,68.12999725341797,419.70947265625,327.03173828125,109.63600158691406,101.85941314697266,108.62000274658203,14.520000457763672,175.2100067138672,449.3599853515625,213.5
2023-06-05,434.17999267578125,232.3300018310547,206.29104614257812,38.52000045776367,100.3499984741211,71.2699966430664,431.750244140625,327.55828857421875,111.34200286865234,102.8598403930664,113.3949966430664,15.239999771118164,181.75,450.1600036621094,213.47999572753906
2023-06-06,432.8900146484375,228.77999877929688,209.230224609375,38.2599983215332,101.8499984741211,69.54000091552734,437.25872802734375,325.35467529296875,111.16000366210938,103.02336120605469,112.36000061035156,15.460000038146973,182.22000122070312,443.8399963378906,215.0
2023-06-07,418.32000732421875,222.47000122070312,202.23130798339844,37.307498931884766,93.58999633789062,67.05999755859375,411.7831115722656,315.3116760253906,105.66400146484375,101.24378204345703,108.125,14.6899995803833,169.07000732421875,435.32000732421875,203.44000244140625
2023-06-08,439.0299987792969,228.0800018310547,205.9666748046875,37.82500076293945,96.0199966430664,69.0,412.7580261230469,317.14471435546875,107.06800079345703,103.388916015625,111.41000366210938,15.1899995803833,174.30999755859375,437.69000244140625,204.49000549316406
2023-06-09,454.0,229.3000030517578,211.64834594726562,37.38249969482422,95.62999725341797,68.01000213623047,420.74298095703125,318.6365661621094,106.80599975585938,105.668701171875,110.05000305175781,15.020000457763672,170.64999389648438,438.7799987792969,204.3800048828125
2023-06-12,474.6300048828125,233.22000122070312,210.055908203125,37.77750015258789,97.69999694824219,69.83999633789062,434.9480285644531,323.57037353515625,109.2699966430664,111.99822235107422,114.56999969482422,15.649999618530273,171.88999938964844,446.0400085449219,209.64999389648438
2023-06-13,478.989990234375,239.0,205.42604064941406,38.27750015258789,97.75,70.48999786376953,436.34222412109375,325.94952392578125,110.94400024414062,112.23871612548828,116.81500244140625,16.0,173.44000244140625,449.9800109863281,214.05999755859375
2023-06-14,479.5299987792969,236.05999755859375,205.83889770507812,38.4900016784668,96.27999877929688,71.4800033569336,435.0455322265625,328.9234313964844,113.46199798583984,117.61592102050781,119.27999877929688,15.90999984741211,181.07000732421875,446.04998779296875,217.30999755859375
2023-06-15,490.9100036621094,237.77000427246094,208.31600952148438,39.95249938964844,98.19000244140625,73.58999633789062,444.88287353515625,339.4148864746094,114.8740005493164,121.7330322265625,121.9000015258789,16.600000381469727,190.97999572753906,446.3699951171875,224.30999755859375
2023-06-16,495.17999267578125,235.83999633789062,208.15875244140625,38.78499984741211,95.75,72.77999877929688,443.6349792480469,333.7889099121094,113.09600067138672,120.68451690673828,123.26499938964844,16.299999237060547,184.17999267578125,441.19000244140625,222.39999389648438
2023-06-20,485.8599853515625,232.52999877929688,213.2801513671875,38.02000045776367,96.68000030517578,71.66000366210938,443.732421875,329.6156311035156,111.89800262451172,117.39470672607422,120.80000305175781,15.789999961853027,179.0800018310547,435.5,223.74000549316406
2023-06-21,477.4800109863281,228.00999450683594,206.02566528320312,35.962501525878906,91.94000244140625,71.11000061035156,439.24761962890625,325.2376708984375,109.36000061035156,117.45240783691406,119.45999908447266,14.640000343322754,173.38999938964844,426.3399963378906,219.8300018310547
2023-06-22,477.5799865722656,227.0,209.66270446777344,36.45000076293945,94.5,71.86000061035156,439.54986572265625,331.23419189453125,109.9739990234375,115.99027252197266,124.57499694824219,14.050000190734863,178.60000610351562,426.1300048828125,221.0
2023-06-23,484.7200012207031,225.32000732421875,206.5171356201172,35.912498474121094,93.66999816894531,71.58999633789062,441.3535461425781,326.6612548828125,108.5979995727539,114.12411499023438,121.97000122070312,14.029999732971191,178.25,419.55999755859375,222.25
2023-06-26,479.510009765625,223.00999450683594,203.83355712890625,35.45249938964844,93.33999633789062,71.05999755859375,441.9482421875,320.4013977050781,107.59400177001953,112.33490753173828,121.9000015258789,13.9399995803833,169.83999633789062,417.2099914550781,219.94000244140625
2023-06-27,489.2699890136719,228.8000030517578,205.26873779296875,36.06999969482422,95.69000244140625,73.66000366210938,447.5348205566406,326.2225036621094,107.99199676513672,113.35454559326172,125.79499816894531,14.609999656677246,177.02000427246094,426.7799987792969,224.22000122070312
2023-06-28,482.42999267578125,229.36000061035156,208.561767578125,36.272499084472656,98.1500015258789,74.33000183105469,448.1197509765625,327.4705810546875,109.73400115966797,112.09442138671875,126.70500183105469,15.279999732971191,183.85000610351562,427.1499938964844,222.9600067138672
2023-06-29,483.7699890136719,228.5399932861328,206.85134887695312,35.997501373291016,96.44999694824219,75.08999633789062,444.40521240234375,326.6904602050781,109.61599731445312,113.29685974121094,126.66500091552734,15.199999809265137,175.77000427246094,427.8999938964844,227.1199951171875
2023-06-30,488.989990234375,234.52000427246094,207.667236328125,36.717498779296875,98.37999725341797,75.58999633789062,446.7157897949219,332.0435485839844,112.39399719238281,114.55697631835938,127.75499725341797,15.329999923706055,175.97999572753906,435.4100036621094,225.88999938964844
2023-07-03,485.2099914550781,235.39999389648438,208.0506134033203,36.4900016784668,98.29000091552734,74.66000366210938,440.2615966796875,329.5571594238281,112.5739974975586,112.69082641601562,127.31999969482422,15.520000457763672,176.99000549316406,434.010009765625,224.58999633789062
2023-07-05,487.260009765625,232.52000427246094,210.1837158203125,36.27000045776367,98.27999877929688,74.30999755859375,446.37457275390625,329.713134765625,113.1520004272461,111.5461196899414,128.94000244140625,15.699999809265137,172.5500030517578,432.739990234375,222.60000610351562
2023-07-06,481.2900085449219,230.07000732421875,206.56629943847656,35.90250015258789,97.08000183105469,74.6500015258789,440.193359375,332.75531005859375,111.16600036621094,111.0555419921875,126.69999694824219,15.130000114440918,172.19000244140625,431.1099853515625,219.3000030517578
2023-07-07,485.2699890136719,226.88999938964844,206.02566528320312,36.01250076293945,98.0199966430664,74.68000030517578,437.7225036621094,328.806396484375,110.59600067138672,110.24750518798828,123.79499816894531,15.34000015258789,170.61000061035156,431.2900085449219,218.72999572753906
2023-07-10,496.3500061035156,234.4199981689453,209.19088745117188,37.48749923706055,101.44999694824219,77.86000061035156,453.4855041503906,323.55078125,113.12000274658203,110.02626037597656,123.73500061035156,16.299999237060547,169.64999389648438,445.7200012207031,222.39999389648438
2023-07-11,504.739990234375,231.8699951171875,217.4087371826172,37.6974983215332,104.9800033569336,78.31999969482422,452.87017822265625,324.1749572753906,112.28800201416016,110.89505004882812,125.11499786376953,16.489999771118164,172.0500030517578,438.70001220703125,221.7100067138672
2023-07-12,507.3599853515625,232.74000549316406,223.414794921875,36.532501220703125,105.44499969482422,76.72000122070312,465.70330810546875,328.786865234375,112.26799774169922,111.9955062866211,116.31999969482422,16.59000015258789,171.92999267578125,441.3500061035156,219.0800018310547
2023-07-13,517.280029296875,239.50999450683594,226.45225524902344,37.6875,109.19000244140625,78.25,470.10797119140625,334.1106262207031,115.48999786376953,113.37589263916016,119.50499725341797,16.739999771118164,184.22000122070312,448.8399963378906,219.77999877929688
2023-07-14,514.8300170898438,240.74000549316406,225.429931640625,37.349998474121094,108.52999877929688,78.91999816894531,472.6863098144531,336.62628173828125,116.07599639892578,115.13275909423828,120.62999725341797,16.399999618530273,180.7899932861328,454.1099853515625,223.91000366210938
2023-07-17,522.0,244.44000244140625,224.12254333496094,38.182498931884766,112.7699966430664,80.27999877929688,479.3568115234375,337.10406494140625,118.47599792480469,114.76593017578125,125.0250015258789,17.399999618530273,184.2100067138672,461.17999267578125,228.25
2023-07-18,532.22998046875,244.08999633789062,223.7588653564453,38.23749923706055,113.81999969482422,80.23999786376953,483.8591003417969,350.520751953125,119.4260025024414,116.58072662353516,124.16999816894531,18.079999923706055,188.1999969482422,462.92999267578125,228.35000610351562
2023-07-19,527.1699829101562,242.49000549316406,230.38424682617188,39.40250015258789,115.22000122070312,78.69000244140625,488.8693542480469,346.22076416015625,120.6500015258789,114.57289123535156,123.0,18.049999237060547,185.4499969482422,457.3299865722656,231.67999267578125
2023-07-20,516.8800048828125,238.7899932861328,224.27984619140625,37.01750183105469,109.9000015258789,77.69999694824219,480.29443359375,338.21563720703125,115.7760009765625,111.86034393310547,121.0250015258789,17.1299991607666,176.3300018310547,451.7099914550781,222.32000732421875
2023-07-21,520.22998046875,242.86000061035156,224.18153381347656,37.724998474121094,109.87000274658203,78.16000366210938,481.01708984375,335.19287109375,116.40399932861328,113.56896209716797,121.91000366210938,16.43000030517578,175.89999389648438,454.0,225.0500030517578
2023-07-24,523.8599853515625,241.27000427246094,221.82235717773438,37.435001373291016,111.48999786376953,77.2699966430664,477.09100341796875,336.49945068359375,115.60800170898438,113.97437286376953,121.66500091552734,16.31999969482422,174.8000030517578,450.75,223.1199951171875
2023-07-25,525.3400268554688,238.2899932861328,222.18606567382812,37.73500061035156,115.30000305175781,78.33999633789062,484.8748474121094,342.2230529785156,116.47599792480469,113.8585433959961,121.45500183105469,16.549999237060547,179.2899932861328,456.45001220703125,227.39999389648438
2023-07-26,514.5499877929688,233.9600067138672,221.7437286376953,38.657501220703125,110.63999938964844,77.26000213623047,485.2557067871094,329.3426818847656,115.4540023803711,111.49352264404297,122.50499725341797,16.43000030517578,170.0,449.3299865722656,230.0500030517578
2023-07-27,513.969970703125,234.89999389648438,221.32101440429688,38.212501525878906,109.45999908447266,76.58000183105469,484.93341064453125,322.4685363769531,111.97799682617188,112.36231231689453,122.63999938964844,16.149999618530273,168.27000427246094,448.739990234375,229.8000030517578
2023-07-28,528.8699951171875,234.24000549316406,221.76341247558594,38.900001525878906,112.19000244140625,76.80000305175781,499.8858947753906,329.9276428222656,113.90799713134766,111.9665298461914,124.22000122070312,17.809999465942383,174.8300018310547,450.8999938964844,235.0
2023-07-31,546.1699829101562,234.00999450683594,221.18344116210938,40.415000915527344,116.72000122070312,77.72000122070312,499.7491760253906,327.53875732421875,116.5999984741211,113.16352844238281,124.9800033569336,19.84000015258789,177.7100067138672,451.79998779296875,237.1300048828125
2023-08-01,549.0999755859375,233.6300048828125,220.45602416992188,41.4900016784668,114.94999694824219,78.02999877929688,496.62384033203125,327.9483337402344,118.0780029296875,113.81993865966797,126.58499908447266,19.989999771118164,176.5800018310547,453.510009765625,239.8000030517578
2023-08-02,530.2999877929688,228.74000549316406,216.7501220703125,38.682498931884766,106.83000183105469,74.31999969482422,486.4178771972656,319.328857421875,112.63400268554688,111.69624328613281,118.08499908447266,18.969999313354492,164.60000610351562,441.17999267578125,229.22000122070312
2023-08-03,523.760009765625,228.58999633789062,211.89413452148438,39.38750076293945,107.0999984741211,75.76000213623047,485.37298583984375,318.5098571777344,112.08000183105469,110.57648468017578,118.7249984741211,18.709999084472656,161.0500030517578,440.1199951171875,229.33999633789062
2023-08-04,526.8800048828125,229.0,210.94061279296875,37.622501373291016,107.52999877929688,56.77000045776367,485.37298583984375,319.6018981933594,110.32599639892578,110.4703140258789,109.16000366210938,18.200000762939453,166.6699981689453,441.4200134277344,230.1199951171875
2023-08-07,529.72998046875,232.44000244140625,212.38560485839844,37.74250030517578,106.30000305175781,57.70000076293945,493.4595947265625,321.8737487792969,110.97799682617188,112.07270812988281,107.62000274658203,17.989999771118164,166.6699981689453,444.0,233.5500030517578
2023-08-08,520.5999755859375,228.92999267578125,207.98184204101562,36.470001220703125,88.04000091552734,58.56999969482422,489.1134948730469,317.9150390625,110.56600189208984,111.23291015625,105.73999786376953,17.040000915527344,156.3300018310547,435.989990234375,227.5399932861328
2023-08-09,513.780029296875,225.3000030517578,202.3590850830078,36.3650016784668,86.76000213623047,59.779998779296875,485.0995178222656,314.1903381347656,110.06600189208984,109.1767807006836,106.73500061035156,15.25,154.07000732421875,428.9599914550781,225.55999755859375
2023-08-10,515.8300170898438,225.61000061035156,204.70843505859375,36.96500015258789,90.72000122070312,60.560001373291016,489.758056640625,314.87286376953125,111.0,109.07059478759766,107.02999877929688,15.40999984741211,155.02000427246094,431.3900146484375,227.8699951171875
2023-08-11,508.45001220703125,226.07000732421875,205.1508026123047,37.05500030517578,89.44000244140625,59.68000030517578,486.1444396972656,313.0008239746094,111.48799896240234,109.13817596435547,108.9800033569336,15.40999984741211,153.3699951171875,428.4599914550781,226.4600067138672
2023-08-14,522.25,227.89999389648438,208.4536590576172,38.092498779296875,89.77999877929688,59.65999984741211,493.9869079589844,315.9552001953125,113.24199676513672,111.56110382080078,109.66999816894531,15.720000267028809,152.86000061035156,434.8500061035156,228.11000061035156
2023-08-15,518.7000122070312,226.16000366210938,205.22943115234375,37.407501220703125,88.5199966430664,59.16999816894531,485.5682678222656,313.8296203613281,111.91999816894531,113.22145080566406,107.83000183105469,15.369999885559082,151.10000610351562,436.739990234375,230.88999938964844
2023-08-16,514.489990234375,223.24000549316406,203.4698944091797,37.25,90.5999984741211,58.18000030517578,484.073974609375,313.0675048828125,109.9000015258789,111.33908081054688,106.98500061035156,15.449999809265137,149.69000244140625,428.2099914550781,230.41000366210938
2023-08-17,511.6700134277344,220.30999755859375,200.37342834472656,36.095001220703125,90.29000091552734,57.40999984741211,475.0888977050781,309.6279602050781,108.72799682617188,110.89505004882812,103.78500366210938,14.149999618530273,146.94000244140625,424.1000061035156,224.05999755859375
2023-08-18,508.1300048828125,220.5500030517578,201.3466033935547,36.70000076293945,93.62999725341797,57.15999984741211,474.61029052734375,309.2371826171875,108.30000305175781,112.42024230957031,104.84500122070312,14.399999618530273,147.6300048828125,426.0199890136719,224.4199981689453
2023-08-21,520.469970703125,225.0,205.47518920898438,38.474998474121094,94.69000244140625,58.38999938964844,476.85650634765625,314.51361083984375,110.94000244140625,112.54572296142578,120.40499877929688,14.5,151.8800048828125,436.4700012207031,227.22999572753906
2023-08-22,519.47998046875,225.50999450683594,203.24375915527344,38.08250045776367,93.69000244140625,58.31999969482422,476.5050048828125,315.080322265625,112.36399841308594,112.4974594116211,117.27999877929688,14.670000076293945,152.5800018310547,436.3900146484375,226.25999450683594
2023-08-23,530.7100219726562,233.5800018310547,205.57347106933594,38.45249938964844,95.44000244140625,59.189998626708984,489.1622619628906,319.51641845703125,113.5999984741211,113.75234985351562,117.83000183105469,15.300000190734863,155.6999969482422,448.239990234375,230.22000122070312
2023-08-24,512.4299926757812,228.0399932861328,202.0150146484375,36.36249923706055,91.8499984741211,58.150001525878906,486.8573913574219,312.6473388671875,109.90799713134766,108.99339294433594,113.7249984741211,14.140000343322754,147.6699981689453,435.8599853515625,224.8699951171875
2023-08-25,525.0599975585938,232.50999450683594,205.9076690673828,37.39500045776367,92.5999984741211,58.810001373291016,506.92742919921875,315.5883483886719,112.7300033569336,112.03411102294922,115.37999725341797,14.529999732971191,152.5500030517578,442.239990234375,236.97000122070312
2023-08-28,529.9199829101562,233.5500030517578,208.11941528320312,36.00749969482422,92.54000091552734,58.70000076293945,506.75164794921875,316.2919616699219,113.66200256347656,112.78705596923828,116.20999908447266,14.640000343322754,148.75,443.67999267578125,236.3000030517578
2023-08-29,540.5700073242188,237.7899932861328,208.3553466796875,36.67499923706055,93.80999755859375,60.630001068115234,523.9601440429688,320.89410400390625,115.77400207519531,116.46489715576172,116.95999908447266,15.399999618530273,153.3000030517578,451.57000732421875,241.6699981689453
2023-08-30,545.3599853515625,239.8800048828125,211.38296508789062,37.29499816894531,94.16000366210938,61.220001220703125,527.9547119140625,321.26544189453125,117.64800262451172,116.91858673095703,118.94999694824219,16.329999923706055,155.33999633789062,457.2799987792969,243.13999938964844
2023-08-31,559.3400268554688,240.44000244140625,217.6938018798828,40.75749969482422,96.4800033569336,60.209999084472656,529.1558837890625,320.259033203125,117.76599884033203,116.21390533447266,121.6500015258789,14.979999542236328,156.85000610351562,458.8900146484375,244.5
2023-09-01,563.2100219726562,243.55999755859375,217.76258850097656,40.307498931884766,97.7300033569336,60.869998931884766,536.7639770507812,321.1384582519531,118.1760025024414,116.73519134521484,121.36000061035156,15.180000305175781,157.0800018310547,460.45001220703125,248.49000549316406
2023-09-05,564.8800048828125,245.50999450683594,214.9709014892578,41.35749816894531,98.0,61.90999984741211,537.7210693359375,325.9165344238281,119.43199920654297,119.67938232421875,122.53500366210938,15.210000038146973,159.3800048828125,466.8500061035156,247.2100067138672
2023-09-06,561.9400024414062,246.6999969482422,217.85107421875,41.557498931884766,97.66000366210938,62.22999954223633,538.08251953125,325.26190185546875,119.7020034790039,120.01724243164062,122.6050033569336,15.300000190734863,157.49000549316406,465.69000244140625,248.41000366210938
2023-09-07,560.4600219726562,241.4600067138672,218.74559020996094,41.65999984741211,96.68000030517578,63.16999816894531,540.6802978515625,322.35980224609375,119.86399841308594,120.75088500976562,122.72000122070312,15.210000038146973,159.83999633789062,458.0899963378906,250.47000122070312
2023-09-08,560.3599853515625,237.99000549316406,220.93765258789062,42.022499084472656,97.66000366210938,64.06999969482422,537.7015991210938,326.6199645996094,120.01399993896484,121.9382095336914,124.37000274658203,15.130000114440918,165.9499969482422,459.1400146484375,250.6300048828125
2023-09-11,564.5,243.24000549316406,221.47833251953125,43.0724983215332,101.87999725341797,65.06999969482422,536.4710083007812,330.20611572265625,121.18800354003906,122.31468963623047,126.56999969482422,15.789999961853027,170.1699981689453,461.82000732421875,252.2100067138672
2023-09-12,542.2100219726562,236.4600067138672,217.890380859375,42.41999816894531,98.22000122070312,63.5,533.2479858398438,324.1772766113281,117.76799774169922,105.80784606933594,122.86499786376953,15.59000015258789,166.8300018310547,454.3599853515625,247.72999572753906
2023-09-13,553.5599975585938,241.1300048828125,215.07904052734375,42.11750030517578,97.4800033569336,62.619998931884766,529.2926025390625,328.36907958984375,118.2760009765625,107.96048736572266,123.1449966430664,15.600000381469727,165.33999633789062,466.8599853515625,245.19000244140625
2023-09-14,552.1599731445312,242.82000732421875,215.05935668945312,42.682498931884766,97.51000213623047,63.099998474121094,534.8106079101562,330.94866943359375,118.02200317382812,109.71736907958984,122.91000366210938,15.829999923706055,162.97999572753906,466.1499938964844,245.0800018310547
2023-09-15,528.8900146484375,234.0800018310547,210.9602813720703,41.36249923706055,94.55000305175781,61.02000045776367,525.5130615234375,322.6626892089844,115.91600036621094,109.95869445800781,120.0999984741211,15.329999923706055,162.41000366210938,451.92999267578125,240.86000061035156
2023-09-18,532.4199829101562,236.8300018310547,211.34364318847656,41.74250030517578,94.5,60.45000076293945,522.514892578125,321.529296875,115.7020034790039,108.3176498413086,119.94499969482422,15.460000038146973,161.4499969482422,460.010009765625,244.3300018310547
2023-09-19,541.6900024414062,236.55999755859375,212.03175354003906,41.375,92.88999938964844,60.439998626708984,516.8306884765625,321.1286315917969,114.46600341796875,108.85820770263672,118.08499908447266,15.149999618530273,159.74000549316406,460.0199890136719,243.10000610351562
2023-09-20,535.780029296875,234.1999969482422,209.40716552734375,40.97249984741211,92.05000305175781,60.150001525878906,511.3615417480469,313.428955078125,114.11000061035156,108.95476531982422,117.6500015258789,14.739999771118164,158.6300048828125,453.2799987792969,237.8000030517578
2023-09-21,513.8800048828125,228.5800018310547,205.0623321533203,40.63249969482422,88.41999816894531,58.779998779296875,492.5903015136719,312.2173767089844,109.90599822998047,105.63408660888672,113.72000122070312,14.0,149.02999877929688,444.2699890136719,230.1699981689453
2023-09-22,512.9000244140625,230.66000366210938,202.9193572998047,40.64250183105469,88.76000213623047,58.2400016784668,496.6922607421875,309.75506591796875,110.81800079345703,105.24797058105469,114.25499725341797,14.130000114440918,149.6999969482422,446.8500061035156,230.82000732421875
2023-09-25,511.6000061035156,231.25,202.83091735839844,39.97999954223633,88.83999633789062,58.11000061035156,496.4383239746094,310.27288818359375,111.89600372314453,104.54328918457031,113.26499938964844,14.220000267028809,149.74000549316406,447.8299865722656,231.58999633789062
2023-09-26,506.29998779296875,229.25999450683594,199.04638671875,40.119998931884766,86.56999969482422,57.43000030517578,491.43792724609375,304.9964904785156,108.9260025024414,101.2419204711914,113.3949966430664,13.960000038146973,147.0500030517578,444.3500061035156,229.24000549316406
2023-09-27,502.6000061035156,230.64999389648438,199.2823028564453,40.7599983215332,87.83000183105469,58.13999938964844,496.3699035644531,305.6316223144531,109.2760009765625,100.99093627929688,115.94999694824219,14.850000381469727,147.52000427246094,446.7099914550781,230.80999755859375
2023-09-28,504.6700134277344,234.00999450683594,199.74432373046875,41.3125,88.95999908447266,58.599998474121094,500.2765197753906,306.462158203125,110.7040023803711,102.46788024902344,117.58999633789062,15.770000457763672,151.1199951171875,460.7099914550781,211.22000122070312
2023-09-29,509.8999938964844,234.3000030517578,199.33148193359375,41.845001220703125,91.08999633789062,58.68000030517578,499.00689697265625,308.5238952636719,111.79199981689453,102.245849609375,117.22000122070312,16.0,152.77000427246094,458.9700012207031,214.85000610351562
2023-10-02,521.1300048828125,236.49000549316406,200.24566650390625,42.3849983215332,91.83999633789062,58.630001068115234,505.7066955566406,314.4353942871094,111.0459976196289,103.00843811035156,118.38500213623047,15.880000114440918,151.1699981689453,463.82000732421875,213.66000366210938
2023-10-03,507.0299987792969,228.69000244140625,196.4315948486328,40.50749969482422,86.97000122070312,57.61000061035156,495.62774658203125,306.21783447265625,108.24800109863281,100.8944091796875,115.8550033569336,14.899999618530273,148.7899932861328,450.7200012207031,207.3000030517578
2023-10-04,518.4199829101562,235.0500030517578,198.43695068359375,41.01250076293945,88.52999877929688,58.2599983215332,505.37457275390625,311.660400390625,109.72799682617188,103.36560821533203,118.22000122070312,15.729999542236328,151.9600067138672,461.32000732421875,209.3699951171875
2023-10-05,516.4400024414062,234.77000427246094,198.57455444335938,41.3224983215332,89.54000091552734,58.02000045776367,505.1202697753906,312.0512390136719,109.43399810791016,104.591552734375,118.38999938964844,15.8100004196167,150.25,459.75,205.13999938964844
2023-10-06,526.6799926757812,243.9499969482422,203.83355712890625,44.17250061035156,94.43000030517578,59.93000030517578,521.7520751953125,319.7705078125,112.14399719238281,106.14570617675781,123.34500122070312,16.610000610351562,159.9499969482422,473.260009765625,213.6300048828125
2023-10-09,529.2899780273438,247.33999633789062,203.6959686279297,45.45500183105469,90.7300033569336,59.5099983215332,523.3272094726562,322.27191162109375,112.88600158691406,106.49321746826172,126.38999938964844,17.610000610351562,161.80999755859375,479.9200134277344,217.75
2023-10-10,532.719970703125,249.75,203.36172485351562,45.962501525878906,91.62999725341797,59.400001525878906,528.4146118164062,320.8746032714844,111.66000366210938,105.90437316894531,128.38999938964844,17.799999237060547,163.1300048828125,490.1099853515625,220.9199981689453
2023-10-11,549.9099731445312,252.97999572753906,203.33224487304688,47.05500030517578,89.44000244140625,58.970001220703125,529.8528442382812,324.8123779296875,111.73400115966797,106.2240982055664,129.60499572753906,17.920000076293945,163.5399932861328,494.95001220703125,222.0
2023-10-12,559.6300048828125,252.1999969482422,202.18212890625,46.88999938964844,87.9800033569336,58.0,531.6431884765625,323.5811767578125,112.02999877929688,105.71060943603516,130.30999755859375,17.940000534057617,159.9600067138672,496.2300109863281,215.75
2023-10-13,548.760009765625,250.25,201.11070251464844,46.43000030517578,88.05999755859375,57.7599983215332,521.507568359375,320.229736328125,109.93199920654297,104.87739562988281,129.6999969482422,17.360000610351562,157.16000366210938,489.6700134277344,214.88999938964844
2023-10-16,550.739990234375,251.4199981689453,204.9836883544922,46.91749954223633,90.5199966430664,59.13999938964844,529.1876831054688,325.02734375,110.32599639892578,105.32306671142578,130.75999450683594,17.360000610351562,162.1300048828125,491.9599914550781,215.6199951171875
2023-10-17,560.0900268554688,250.02000427246094,206.27139282226562,46.78499984741211,90.41000366210938,58.650001525878906,527.1134643554688,324.4605712890625,113.69400024414062,105.64279174804688,130.8699951171875,17.84000015258789,159.38999938964844,492.04998779296875,218.07000732421875
2023-10-18,557.8699951171875,246.55999755859375,201.3466033935547,46.9474983215332,88.29000091552734,57.66999816894531,515.99951171875,322.5552673339844,110.13600158691406,104.87739562988281,130.6699981689453,17.200000762939453,153.22999572753906,485.7300109863281,214.61000061035156
2023-10-19,555.739990234375,245.05999755859375,204.7772674560547,46.130001068115234,87.75,57.77000045776367,510.2271728515625,323.737548828125,111.99600219726562,104.96459197998047,126.56500244140625,17.059999465942383,153.42999267578125,482.3699951171875,213.25999450683594
2023-10-20,540.9600219726562,238.63999938964844,200.26531982421875,44.689998626708984,86.08000183105469,56.36000061035156,495.83575439453125,319.1940002441406,108.50199890136719,98.6767807006836,121.55000305175781,16.110000610351562,147.6699981689453,467.6400146484375,211.16000366210938
2023-10-23,540.4099731445312,239.9199981689453,198.56472778320312,44.77000045776367,85.68000030517578,56.099998474121094,493.115966796875,321.7833557128906,108.2760009765625,100.4303970336914,123.08499908447266,16.200000762939453,148.58999633789062,467.82000732421875,209.5800018310547
2023-10-24,539.5599975585938,237.41000366210938,200.7469940185547,45.70500183105469,87.86000061035156,57.540000915527344,494.8671569824219,322.9656066894531,110.87799835205078,99.98473358154297,126.03500366210938,16.639999389648438,151.1199951171875,468.0299987792969,212.3699951171875
2023-10-25,521.1400146484375,231.02999877929688,193.70870971679688,43.845001220703125,81.58999633789062,55.939998626708984,472.5707092285156,332.8735656738281,106.03399658203125,98.26988983154297,122.3949966430664,15.59000015258789,142.39999389648438,455.260009765625,207.2100067138672
2023-10-26,514.280029296875,230.44000244140625,192.9125213623047,42.90999984741211,80.72000122070312,55.720001220703125,469.0682067871094,320.3860778808594,110.19000244140625,97.27197265625,118.59500122070312,15.289999961853027,140.83999633789062,453.5400085449219,205.97999572753906
2023-10-27,508.1199951171875,230.8699951171875,193.22708129882812,43.20500183105469,81.68000030517578,56.2599983215332,469.13665771484375,322.2621154785156,110.802001953125,97.84358978271484,119.3949966430664,15.069999694824219,143.3800048828125,457.0,206.00999450683594
2023-10-30,526.9400024414062,233.72000122070312,195.88113403320312,43.65250015258789,80.41000366210938,56.31999969482422,476.94384765625,329.59051513671875,113.70800018310547,98.48302459716797,119.2750015258789,14.6899995803833,144.16000366210938,460.94000244140625,207.1999969482422
2023-10-31,532.0599975585938,239.85000610351562,197.41464233398438,44.192501068115234,81.47000122070312,57.16999816894531,484.2325439453125,330.3721923828125,116.37000274658203,100.17852020263672,121.51000213623047,14.800000190734863,145.1300048828125,469.44000244140625,211.7100067138672
2023-11-01,544.5,244.8800048828125,200.44223022460938,44.587501525878906,80.0999984741211,57.310001373291016,478.5777282714844,338.1499938964844,118.69599914550781,102.4552993774414,122.43000030517578,14.920000076293945,144.25999450683594,475.3800048828125,211.4600067138672
2023-11-02,558.7100219726562,244.47999572753906,204.57083129882812,45.70000076293945,79.23999786376953,57.59000015258789,489.5156555175781,340.3484802246094,119.88600158691406,103.54039764404297,125.18000030517578,17.969999313354492,142.75,478.6400146484375,212.9199981689453
2023-11-03,563.6599731445312,249.5399932861328,203.9416961669922,47.060001373291016,82.04000091552734,50.47999954223633,487.71551513671875,344.7259826660156,121.35199737548828,104.68363952636719,121.76499938964844,18.889999389648438,149.99000549316406,487.94000244140625,218.41000366210938
2023-11-06,565.4500122070312,249.77000427246094,203.89256286621094,46.69499969482422,79.55000305175781,50.099998474121094,489.6623840332031,348.3706359863281,121.8499984741211,105.71060943603516,118.5,18.540000915527344,144.1999969482422,489.94000244140625,218.38999938964844
2023-11-07,585.2000122070312,253.72999572753906,208.23736572265625,48.09000015258789,102.19999694824219,49.52000045776367,502.7819519042969,352.2790832519531,122.78199768066406,105.5943374633789,121.04000091552734,18.799999237060547,159.57000732421875,499.0199890136719,221.4499969482422
2023-11-08,585.3099975585938,256.3999938964844,207.87367248535156,48.45750045776367,99.98999786376953,50.2400016784668,511.068603515625,354.887939453125,125.06600189208984,108.8302993774414,120.54000091552734,18.489999771118164,158.5800018310547,506.1600036621094,222.60000610351562
2023-11-09,577.739990234375,256.45001220703125,206.4385223388672,47.689998626708984,100.2300033569336,49.66999816894531,503.3983154296875,352.4353942871094,123.9520034790039,108.6849594116211,121.29499816894531,18.270000457763672,156.35000610351562,505.1700134277344,225.4499969482422
2023-11-10,597.219970703125,261.55999755859375,209.9969482421875,49.07749938964844,103.6500015258789,50.81999969482422,517.4376220703125,361.2098388671875,126.9520034790039,109.54723358154297,126.75499725341797,19.670000076293945,160.39999389648438,518.8300170898438,230.00999450683594
2023-11-13,590.3400268554688,263.94000244140625,211.61888122558594,50.2400016784668,104.25,50.29999923706055,520.6564331054688,358.288330078125,127.68199920654297,110.59358215332031,127.81999969482422,19.709999084472656,158.6999969482422,522.8800048828125,226.3000030517578
2023-11-14,604.3300170898438,272.6199951171875,217.41854858398438,51.99250030517578,109.0199966430664,51.31999969482422,543.4910278320312,361.7961730957031,130.83399963378906,112.48282623291016,130.5850067138672,19.940000534057617,165.86000061035156,538.3200073242188,232.4199981689453
2023-11-15,595.3099975585938,265.7900085449219,215.68844604492188,51.0724983215332,109.44000244140625,51.060001373291016,543.5105590820312,361.9429626464844,130.17999267578125,110.50639343261719,128.08999633789062,19.950000762939453,163.02999877929688,529.3200073242188,231.50999450683594
2023-11-16,602.0599975585938,266.989990234375,217.6839599609375,51.067501068115234,109.12000274658203,50.41999816894531,544.8900756835938,368.30718994140625,130.45599365234375,111.09738159179688,121.1500015258789,19.770000457763672,160.97000122070312,533.4500122070312,231.9499969482422
2023-11-17,602.6599731445312,268.2699890136719,217.45787048339844,51.772499084472656,109.54000091552734,51.2599983215332,548.030517578125,362.11932373046875,130.8719940185547,111.76589965820312,123.79499816894531,20.489999771118164,161.85000610351562,534.780029296875,231.66000366210938
2023-11-20,612.7000122070312,270.25,221.30137634277344,51.932498931884766,111.7699966430664,51.90999984741211,552.2764282226562,369.5506286621094,133.38400268554688,113.27727508544922,130.28500366210938,21.34000015258789,166.72999572753906,541.52001953125,237.02000427246094
2023-11-21,610.989990234375,270.3900146484375,220.50514221191406,52.244998931884766,111.93000030517578,52.58000183105469,550.0067749023438,365.27197265625,133.67999267578125,112.46344757080078,132.01499938964844,19.799999237060547,166.6699981689453,540.3800048828125,236.67999267578125
2023-11-22,619.719970703125,270.3500061035156,220.0333251953125,52.40250015258789,112.12999725341797,52.970001220703125,552.0123291015625,369.9519958496094,133.9320068359375,112.61846160888672,131.57000732421875,19.690000534057617,168.9199981689453,541.030029296875,234.25999450683594
2023-11-24,619.4299926757812,270.6099853515625,220.5641326904297,52.665000915527344,112.87000274658203,53.43000030517578,551.85595703125,369.5408020019531,134.77999877929688,112.6281509399414,133.0399932861328,19.200000762939453,171.16000366210938,542.6900024414062,236.61000061035156
2023-11-27,619.27001953125,271.54998779296875,220.9671630859375,52.51750183105469,111.91999816894531,53.7400016784668,549.0772705078125,370.6961669921875,134.11000061035156,112.84131622314453,134.5449981689453,19.079999923706055,170.3000030517578,543.530029296875,235.8300018310547
2023-11-28,623.3200073242188,270.7200012207031,221.09494018554688,53.087501525878906,114.23999786376953,52.790000915527344,552.834228515625,374.70068359375,133.04800415039062,112.61846160888672,138.9149932861328,19.709999084472656,171.5500030517578,543.72998046875,237.3300018310547
2023-11-29,617.3900146484375,275.2099914550781,226.4326171875,58.61000061035156,116.6500015258789,53.599998474121094,564.73095703125,370.93109130859375,135.78599548339844,112.58939361572266,144.4550018310547,19.84000015258789,175.32000732421875,552.4600219726562,263.489990234375
2023-11-30,611.010009765625,273.2699890136719,247.61611938476562,59.247501373291016,116.56999969482422,52.560001373291016,559.0858764648438,370.9898986816406,137.1479949951172,112.58939361572266,147.5449981689453,20.049999237060547,187.67999267578125,543.22998046875,270.7200012207031
2023-12-01,612.469970703125,270.3500061035156,255.578369140625,58.75749969482422,118.62000274658203,52.4900016784668,561.8839111328125,366.6818542480469,138.1580047607422,113.50979614257812,148.0800018310547,20.270000457763672,185.97000122070312,545.9600219726562,272.9200134277344
2023-12-04,604.5599975585938,263.4800109863281,246.39723205566406,59.34749984741211,118.18000030517578,52.25,558.1171875,361.4241027832031,137.5240020751953,112.17280578613281,143.30499267578125,18.399999618530273,188.3000030517578,531.2000122070312,269.2200012207031
2023-12-05,602.219970703125,262.17999267578125,246.7510986328125,59.74250030517578,118.06999969482422,52.52000045776367,559.3989868164062,364.7334289550781,137.6439971923828,110.96175384521484,146.38999938964844,18.299999237060547,186.16000366210938,535.7100219726562,267.760009765625
2023-12-06,595.7000122070312,257.67999267578125,244.89324951171875,59.85499954223633,114.30999755859375,51.83000183105469,553.9691162109375,361.0911865234375,137.24600219726562,108.53963470458984,143.60000610351562,17.1299991607666,184.47000122070312,527.489990234375,267.32000732421875
2023-12-07,608.780029296875,259.4700012207031,244.61798095703125,60.04249954223633,115.0,51.31999969482422,559.1152954101562,363.1962585449219,137.53599548339844,109.35346984863281,146.80499267578125,17.219999313354492,187.30999755859375,534.1500244140625,272.3800048828125
2023-12-08,610.010009765625,259.92999267578125,246.544677734375,60.63750076293945,113.83000183105469,52.15999984741211,561.4730224609375,366.40771484375,139.8159942626953,110.07041931152344,149.2100067138672,17.770000457763672,190.6699981689453,535.9299926757812,273.4100036621094
2023-12-11,625.2000122070312,268.75,247.81272888183594,61.74250030517578,114.7300033569336,53.63999938964844,573.9566040039062,363.5389709472656,141.0240020751953,111.54305267333984,149.94000244140625,17.770000457763672,192.99000549316406,556.02001953125,276.1099853515625
2023-12-12,633.6599731445312,274.2300109863281,252.08876037597656,62.13750076293945,114.66000366210938,55.040000915527344,581.3138427734375,366.5545654296875,143.29600524902344,97.66919708251953,152.7899932861328,17.5,193.49000549316406,567.0599975585938,276.75
2023-12-13,624.260009765625,276.57000732421875,252.9439239501953,63.0099983215332,117.2300033569336,55.349998474121094,597.006591796875,366.5447998046875,143.1280059814453,99.78128051757812,156.92999267578125,17.8700008392334,196.5500030517578,568.0900268554688,278.67999267578125
2023-12-14,584.6400146484375,270.1000061035156,252.83580017089844,63.16999816894531,120.6500015258789,57.04999923706055,588.162353515625,358.28118896484375,136.0780029296875,97.18476867675781,150.22000122070312,18.209999084472656,200.86000061035156,551.4500122070312,270.7799987792969
2023-12-15,584.6799926757812,271.5199890136719,257.151123046875,65.0199966430664,122.5999984741211,57.83000183105469,595.3336791992188,362.9808654785156,139.6479949951172,100.10099792480469,153.64999389648438,18.200000762939453,199.00999450683594,556.27001953125,272.70001220703125
2023-12-18,599.1300048828125,273.5,259.1072998046875,64.94999694824219,123.2699966430664,56.11000061035156,605.0387573242188,364.8606872558594,140.74400329589844,101.72865295410156,153.7899932861328,17.84000015258789,198.97000122070312,559.6900024414062,272.75
2023-12-19,604.6400146484375,274.3299865722656,259.84454345703125,64.5824966430664,122.41000366210938,57.7599983215332,608.003173828125,365.4579772949219,141.54200744628906,102.9397201538086,154.30499267578125,17.950000762939453,199.02000427246094,558.6500244140625,273.9800109863281
2023-12-20,596.0599975585938,270.7900085449219,255.8240966796875,63.48749923706055,120.62000274658203,57.45000076293945,602.3776245117188,362.8731384277344,138.75999450683594,100.90513610839844,150.49000549316406,17.25,194.27999877929688,551.719970703125,270.1499938964844
2023-12-21,600.1400146484375,275.57000732421875,262.7050476074219,64.33000183105469,122.4800033569336,58.5099983215332,607.5433349609375,365.7321472167969,140.15199279785156,102.56188201904297,149.6999969482422,17.59000015258789,196.7899932861328,559.9600219726562,272.8999938964844
2023-12-22,598.75,275.82000732421875,261.810546875,63.907501220703125,122.48999786376953,59.27000045776367,610.556640625,366.7503356933594,139.50999450683594,102.89127349853516,149.10499572753906,17.40999984741211,195.6699981689453,524.4600219726562,272.57000732421875
2023-12-26,598.260009765625,274.9599914550781,261.6925964355469,64.46749877929688,123.55999755859375,59.79999923706055,611.3197021484375,366.8287048339844,140.24600219726562,102.881591796875,150.41000366210938,17.68000030517578,198.55999755859375,520.25,273.9700012207031
2023-12-27,596.0800170898438,274.6400146484375,262.18408203125,64.33000183105469,123.5999984741211,59.34000015258789,615.4973754882812,366.2510681152344,140.7519989013672,102.63936614990234,148.75,17.469999313354492,198.7100067138672,518.0999755859375,273.70001220703125
2023-12-28,595.52001953125,273.239990234375,261.0634765625,64.03250122070312,123.27999877929688,59.400001525878906,614.421142578125,367.43572998046875,140.49200439453125,102.9397201538086,147.7899932861328,17.559999465942383,201.22999572753906,517.4099731445312,276.0799865722656
2023-12-29,596.5999755859375,272.3699951171875,258.66497802734375,63.83000183105469,121.37999725341797,58.529998779296875,611.4959106445312,368.1798400878906,141.29800415039062,102.14525604248047,147.44000244140625,17.170000076293945,199.0,514.9099731445312,276.05999755859375
2024-01-02,580.0700073242188,262.8999938964844,251.77415466308594,61.72249984741211,115.08000183105469,57.779998779296875,590.6865234375,363.1179504394531,137.50399780273438,100.81793975830078,144.4600067138672,16.579999923706055,189.1199951171875,498.9700012207031,268.2799987792969
2024-01-03,571.7899780273438,257.2799987792969,247.55712890625,61.09000015258789,112.41999816894531,57.849998474121094,578.3397827148438,362.853515625,135.05999755859375,99.26778411865234,143.23500061035156,16.09000015258789,184.2100067138672,492.3999938964844,268.4100036621094
2024-01-04,567.0499877929688,255.9199981689453,246.9673309326172,61.412498474121094,113.0199966430664,58.38999938964844,574.1131591796875,360.2491455078125,134.37399291992188,99.39373779296875,141.64999389648438,16.25,183.72000122070312,490.17999267578125,267.0799865722656
2024-01-05,564.5999755859375,252.7100067138672,246.849365234375,61.8650016784668,115.98999786376953,58.34000015258789,576.2655639648438,360.0632019042969,135.23199462890625,99.52938079833984,141.46499633789062,15.979999542236328,189.1199951171875,484.80999755859375,265.79998779296875
2024-01-08,580.5499877929688,261.9100036621094,256.43359375,65.31999969482422,119.25,61.2599983215332,585.4229125976562,366.85809326171875,139.2519989013672,101.39924621582031,144.75,16.670000076293945,196.35000610351562,499.9800109863281,272.94000244140625
2024-01-09,586.2000122070312,261.75,256.8955993652344,68.44249725341797,121.18000030517578,59.400001525878906,592.967529296875,367.93505859375,139.73399353027344,100.40133666992188,150.2100067138672,16.389999389648438,196.89999389648438,501.8699951171875,275.82000732421875
2024-01-10,591.030029296875,263.260009765625,259.63818359375,70.51000213623047,120.19000244140625,61.369998931884766,596.4165649414062,374.7691650390625,142.86000061035156,101.07242584228516,158.0449981689453,16.790000915527344,197.39999389648438,505.17999267578125,276.80999755859375
2024-01-11,597.489990234375,266.7900085449219,266.7648620605469,71.12999725341797,120.87999725341797,62.25,596.42626953125,376.5903625488281,145.29200744628906,101.89913940429688,161.7449951171875,16.68000030517578,195.6199951171875,498.4599914550781,278.9700012207031
2024-01-12,596.5399780273438,268.5,267.30548095703125,70.8375015258789,123.0,62.439998626708984,599.4539794921875,380.3500671386719,145.83599853515625,103.67900085449219,162.6199951171875,16.760000228881836,191.25999450683594,494.3999938964844,283.239990234375
2024-01-16,597.6799926757812,277.55999755859375,264.6120910644531,71.57250213623047,123.79000091552734,62.0,591.6448974609375,382.1123962402344,145.51199340820312,103.64981079101562,166.02499389648438,16.530000686645508,188.02000427246094,509.67999267578125,280.8900146484375
2024-01-17,596.0999755859375,275.3900146484375,266.8238220214844,69.06749725341797,126.02999877929688,60.619998931884766,587.7352905273438,381.3291931152344,145.50799560546875,103.5136489868164,165.02999877929688,16.389999389648438,188.1199951171875,507.8699951171875,281.32000732421875
2024-01-18,593.7000122070312,279.010009765625,269.7924499511719,70.77749633789062,126.91999816894531,61.40999984741211,599.0228271484375,385.63714599609375,149.19200134277344,105.72144317626953,167.88499450683594,16.399999618530273,186.61000061035156,494.3399963378906,285.67999267578125
2024-01-19,611.5499877929688,292.1400146484375,276.103271484375,72.63500213623047,130.30999755859375,60.900001525878906,609.62451171875,390.33685302734375,149.82200622558594,106.66486358642578,168.8699951171875,16.780000686645508,193.1199951171875,517.3099975585938,289.989990234375
2024-01-22,603.5900268554688,295.7300109863281,275.5331115722656,74.66500091552734,132.97999572753906,62.65999984741211,617.88427734375,388.22198486328125,150.49000549316406,107.08309173583984,172.8249969482422,17.600000381469727,199.0800018310547,541.7100219726562,289.8800048828125
2024-01-23,597.1799926757812,295.5400085449219,272.06317138671875,74.31749725341797,129.00999450683594,64.41000366210938,622.9892578125,390.56207275390625,150.6840057373047,108.76570129394531,172.08999633789062,17.329999923706055,205.5800018310547,548.9000244140625,291.32000732421875
2024-01-24,606.47998046875,294.9100036621094,272.17132568359375,75.06999969482422,122.58000183105469,66.11000061035156,623.3419189453125,394.1455078125,152.6840057373047,111.177734375,170.1199951171875,16.75,203.80999755859375,540.4600219726562,295.5
2024-01-25,622.5800170898438,291.19000244140625,274.2847595214844,73.36499786376953,122.19000244140625,65.55000305175781,628.5447998046875,396.4072265625,153.33799743652344,111.84882354736328,170.09500122070312,16.459999084472656,206.00999450683594,536.6799926757812,292.3599853515625
2024-01-26,613.9299926757812,290.7300109863281,275.17926025390625,72.57749938964844,123.94999694824219,66.12000274658203,628.4173583984375,395.4869079589844,153.88800048828125,111.49868774414062,171.22000122070312,16.350000381469727,202.50999450683594,528.1300048828125,288.6300048828125
2024-01-29,630.22998046875,294.3699951171875,282.964599609375,75.1675033569336,128.8699951171875,66.44999694824219,639.7049560546875,401.1558837890625,157.447998046875,110.63307189941406,172.625,17.09000015258789,209.5399932861328,539.9000244140625,296.7300109863281
2024-01-30,627.9600219726562,294.6199951171875,282.8368225097656,75.3375015258789,126.83000183105469,66.70999908447266,634.649169921875,400.0495300292969,157.14599609375,111.03185272216797,172.94500732421875,16.739999771118164,206.25,543.1799926757812,294.8599853515625
2024-01-31,617.780029296875,288.4599914550781,276.3096923828125,73.125,124.44000244140625,64.48999786376953,618.58984375,389.26953125,153.0800018310547,108.63925170898438,169.2550048828125,16.09000015258789,195.63999938964844,533.3499755859375,291.07000732421875
2024-02-01,627.9099731445312,290.5199890136719,278.97357177734375,74.84249877929688,126.9000015258789,66.44999694824219,620.0889892578125,395.3400573730469,154.1999969482422,112.36429595947266,169.98500061035156,16.329999923706055,199.94000244140625,540.0,294.0
2024-02-02,634.760009765625,296.54998779296875,280.802001953125,75.89250183105469,134.30999755859375,66.44000244140625,626.6734008789062,402.6245422363281,156.25999450683594,112.61717987060547,172.52999877929688,17.020000457763672,218.75999450683594,552.0499877929688,294.739990234375
2024-02-05,630.5,296.6499938964844,283.2102966308594,75.62249755859375,131.13999938964844,66.08999633789062,627.6727294921875,397.1708984375,156.96800231933594,113.20073699951172,172.24000549316406,16.719999313354492,215.60000610351562,559.1400146484375,291.7300109863281
2024-02-06,607.1400146484375,292.79998779296875,280.96905517578125,75.52749633789062,129.17999267578125,67.4800033569336,622.479736328125,397.01434326171875,155.49000549316406,112.14060974121094,170.7449951171875,21.8700008392334,213.67999267578125,542.4299926757812,288.6300048828125
2024-02-07,615.8499755859375,300.7300109863281,283.9278564453125,79.44499969482422,130.6199951171875,70.02999877929688,630.1908569335938,405.3953857421875,158.0780029296875,114.0566177368164,182.25,23.600000381469727,218.22999572753906,554.280029296875,294.4200134277344
2024-02-08,615.8599853515625,307.3599853515625,286.98504638671875,80.76000213623047,131.4499969482422,67.8499984741211,639.8910522460938,405.4541015625,159.8820037841797,113.48280334472656,183.50999450683594,24.510000228881836,222.89999389648438,570.6900024414062,298.6499938964844
2024-02-09,627.2100219726562,311.94000244140625,286.3460693359375,82.33499908447266,134.91000366210938,70.44000244140625,644.8784790039062,411.7594909667969,162.58799743652344,113.44387817382812,188.4499969482422,24.3799991607666,233.27999877929688,575.2999877929688,304.8900146484375
2024-02-12,611.8400268554688,306.5799865722656,282.43377685546875,80.32250213623047,134.85000610351562,70.26000213623047,643.73193359375,406.5801086425781,157.47000122070312,112.6657943725586,185.98500061035156,25.049999237060547,232.16000366210938,568.9299926757812,299.0899963378906
2024-02-13,601.8900146484375,294.3299865722656,276.3686828613281,80.61000061035156,131.67999267578125,69.4000015258789,625.4093627929688,397.8269958496094,154.7519989013672,110.56498718261719,184.1300048828125,24.010000228881836,227.57000732421875,548.530029296875,296.75
2024-02-14,604.6599731445312,300.739990234375,284.23260498046875,83.63749694824219,136.14999389648438,70.87999725341797,643.8692016601562,401.6720886230469,158.39999389648438,111.12909698486328,184.1649932861328,25.190000534057617,236.0,562.72998046875,302.239990234375
2024-02-15,590.4400024414062,295.6700134277344,286.9751892089844,82.84500122070312,131.83999633789062,70.26000213623047,650.875,398.7980041503906,156.0,109.68964385986328,183.44000244140625,25.40999984741211,232.39999389648438,557.8300170898438,305.0899963378906
2024-02-16,546.6599731445312,290.29998779296875,284.7929382324219,82.30999755859375,129.74000549316406,68.4800033569336,642.50732421875,396.34576416015625,153.0,108.25993347167969,183.2050018310547,24.440000534057617,230.30999755859375,552.9099731445312,302.6700134277344
2024-02-20,541.9099731445312,292.07000732421875,281.5196228027344,80.92749786376953,127.66000366210938,67.91000366210938,632.8755493164062,395.1000061035156,150.5679931640625,105.47830963134766,183.0449981689453,23.399999618530273,220.0800018310547,547.97998046875,301.9800109863281
2024-02-21,538.52001953125,290.760009765625,278.7278747558594,73.08999633789062,125.83999633789062,65.33999633789062,625.3898315429688,394.5016174316406,149.58799743652344,105.19625854492188,130.98500061035156,22.739999771118164,216.2100067138672,543.5700073242188,298.9599914550781
2024-02-22,537.5700073242188,305.57000732421875,288.6561279296875,77.72750091552734,131.1199951171875,66.95999908447266,644.6432495117188,403.7908630371094,153.8419952392578,107.96815490722656,133.91000366210938,23.59000015258789,225.6199951171875,580.9000244140625,306.6199951171875
2024-02-23,553.4400024414062,303.5299987792969,287.82049560546875,77.87249755859375,129.50999450683594,67.63999938964844,646.4951171875,402.5058898925781,154.19400024414062,108.88239288330078,141.0449981689453,22.969999313354492,229.33999633789062,575.6500244140625,305.8800048828125
2024-02-26,560.47998046875,303.69000244140625,295.281494140625,80.25749969482422,129.35000610351562,68.4000015258789,650.44384765625,399.7593688964844,155.9320068359375,107.92926025390625,151.38999938964844,23.559999465942383,230.92999267578125,575.7000122070312,307.2099914550781
2024-02-27,552.489990234375,300.010009765625,294.4066467285156,80.30249786376953,130.9499969482422,69.94999694824219,655.8524780273438,399.7004699707031,153.42799377441406,108.32801055908203,157.375,24.530000686645508,234.02999877929688,574.0,295.04998779296875
2024-02-28,551.8200073242188,300.5799865722656,294.6720275878906,80.23500061035156,130.47000122070312,69.51000213623047,645.858154296875,399.9358825683594,151.95799255371094,108.61980438232422,158.0749969482422,24.420000076293945,230.0,570.280029296875,295.1600036621094
2024-02-29,560.280029296875,304.3800048828125,303.5681457519531,81.0374984741211,131.4600067138672,69.11000061035156,649.512939453125,405.74285888671875,154.26800537109375,108.61980438232422,155.27499389648438,25.079999923706055,188.27999877929688,573.72998046875,294.6600036621094
2024-03-01,570.9299926757812,315.239990234375,311.49102783203125,78.6500015258789,130.22000122070312,70.44000244140625,653.06982421875,407.5673828125,154.7259979248047,110.66224670410156,151.1999969482422,24.93000030517578,186.72000122070312,591.3499755859375,291.9200134277344
2024-03-04,567.9400024414062,317.30999755859375,309.2891540527344,78.45249938964844,130.6699981689453,71.38999938964844,654.9215087890625,406.9984436035156,155.21800231933594,110.93457794189453,149.72000122070312,24.040000915527344,177.92999267578125,594.3200073242188,273.0199890136719
2024-03-05,544.8400268554688,307.70001220703125,293.66937255859375,74.38999938964844,123.52999877929688,69.04000091552734,626.8203735351562,394.96270751953125,148.02999877929688,107.90007781982422,145.56500244140625,23.809999465942383,167.75,565.260009765625,266.739990234375
2024-03-06,543.0900268554688,312.6499938964844,298.60394287109375,82.39250183105469,124.58999633789062,71.31999969482422,637.157470703125,394.41339111328125,148.21200561523438,109.1936264038086,139.42999267578125,26.15999984741211,167.0,575.969970703125,266.92999267578125
2024-03-07,556.0399780273438,318.0400085449219,297.2769775390625,82.41999816894531,122.88999938964844,73.06999969482422,636.2363891601562,401.328857421875,153.61599731445312,111.40142822265625,143.2449951171875,26.459999084472656,168.44000244140625,583.3499755859375,264.739990234375
2024-03-08,551.6900024414062,308.6000061035156,300.08831787109375,80.7125015258789,121.30999755859375,71.3499984741211,638.5781860351562,398.4644775390625,151.53599548339844,109.33951568603516,140.10000610351562,26.040000915527344,162.39999389648438,571.2899780273438,264.32000732421875
2024-03-11,560.4199829101562,305.739990234375,300.79608154296875,79.34249877929688,121.44999694824219,71.45999908447266,637.735595703125,396.7969970703125,151.34800720214844,111.0026626586914,141.6649932861328,25.350000381469727,162.2899932861328,565.3200073242188,266.7200012207031
2024-03-12,579.1400146484375,311.2799987792969,301.405517578125,82.31749725341797,122.98999786376953,71.33999633789062,649.2679443359375,407.3515930175781,157.91200256347656,124.04520416259766,142.36500549316406,24.700000762939453,161.9499969482422,576.719970703125,271.2099914550781
2024-03-13,573.5499877929688,306.2099914550781,299.8897705078125,83.0425033569336,123.58999633789062,70.18000030517578,641.8507690429688,407.1750183105469,155.37600708007812,122.08055877685547,145.05999755859375,25.0,162.30999755859375,561.2000122070312,269.7300109863281
2024-03-14,570.4500122070312,306.239990234375,298.5511169433594,82.14749908447266,122.6500015258789,68.04000091552734,636.9222412109375,417.1017761230469,155.8979949951172,122.09028625488281,143.7899932861328,24.43000030517578,158.9199981689453,559.3099975585938,272.0400085449219
2024-03-15,492.4599914550781,298.44000244140625,289.70245361328125,78.9124984741211,120.41999816894531,66.72000122070312,612.8970947265625,408.46978759765625,148.78199768066406,122.10000610351562,141.0800018310547,23.489999771118164,156.97000122070312,550.030029296875,268.2699890136719
2024-03-18,513.8599853515625,300.92999267578125,295.7853088378906,80.26499938964844,120.87000274658203,67.55000305175781,617.6688232421875,409.35260009765625,151.16000366210938,124.29808044433594,142.6199951171875,24.0,156.30999755859375,560.6300048828125,272.6000061035156
2024-03-19,521.1900024414062,311.8500061035156,296.7105407714844,80.21499633789062,121.80999755859375,67.79000091552734,621.7447509765625,413.3645324707031,151.38800048828125,125.64997863769531,140.2899932861328,23.799999237060547,157.6999969482422,584.7100219726562,273.239990234375
2024-03-20,519.1400146484375,316.8599853515625,301.2677307128906,81.71749877929688,123.44000244140625,67.87000274658203,626.7420043945312,417.11163330078125,153.51199340820312,125.6986312866211,141.02499389648438,24.56999969482422,163.0399932861328,589.780029296875,276.4100036621094
2024-03-21,511.25,322.79998779296875,303.54144287109375,82.36499786376953,122.86000061035156,68.56999969482422,638.1470947265625,421.1726379394531,154.63600158691406,125.47491455078125,143.81500244140625,24.489999771118164,158.38999938964844,602.010009765625,276.489990234375
2024-03-22,499.5199890136719,322.739990234375,302.9311218261719,81.8949966430664,123.0199966430664,68.30000305175781,630.7493896484375,420.5545959472656,154.8300018310547,124.2883529663086,143.38999938964844,24.18000030517578,159.02999877929688,594.2000122070312,277.5
2024-03-25,507.2300109863281,316.2099914550781,301.248046875,81.19000244140625,122.66000366210938,67.88999938964844,626.1932983398438,414.786865234375,154.92799377441406,122.62521362304688,142.53500366210938,24.510000228881836,158.13999938964844,584.3200073242188,275.67999267578125
2024-03-26,507.6000061035156,316.010009765625,301.02166748046875,82.50250244140625,123.44999694824219,67.44999694824219,627.1339111328125,413.5999450683594,155.71400451660156,123.00453186035156,143.34500122070312,24.889999389648438,158.02000427246094,584.3200073242188,277.3800048828125
2024-03-27,504.3999938964844,311.3399963378906,296.6416320800781,80.5625,123.51000213623047,67.2699966430664,635.6486206054688,413.3841247558594,151.8000030517578,121.83740234375,141.1300048828125,24.510000228881836,160.0399932861328,573.3499755859375,273.6199951171875
2024-03-28,504.6000061035156,311.2799987792969,296.44476318359375,80.14749908447266,123.5999984741211,68.30999755859375,636.883056640625,412.6877136230469,152.47999572753906,122.1680908203125,142.06500244140625,23.010000228881836,161.60000610351562,571.5,272.75
2024-04-01,502.0899963378906,312.1300048828125,297.5078125,79.89749908447266,123.1500015258789,67.81999969482422,626.9281616210938,416.4642028808594,153.6739959716797,122.04165649414062,139.7100067138672,22.860000610351562,160.52000427246094,576.8900146484375,272.44000244140625
2024-04-02,499.2099914550781,306.3599853515625,299.220458984375,79.88749694824219,124.38999938964844,68.8499984741211,613.9456176757812,413.39398193359375,151.39999389648438,120.93289184570312,136.6999969482422,22.719999313354492,156.19000244140625,569.8200073242188,271.6600036621094
2024-04-03,497.010009765625,310.5799865722656,299.9488220214844,80.01000213623047,121.51000213623047,71.31999969482422,610.427978515625,412.4228210449219,151.83200073242188,122.78083038330078,134.77000427246094,22.700000762939453,153.02000427246094,578.8699951171875,268.8299865722656
2024-04-04,487.1099853515625,306.4800109863281,289.5155029296875,77.29750061035156,120.72000122070312,69.2300033569336,608.7427368164062,409.9019470214844,151.50999450683594,120.78700256347656,132.60000610351562,22.479999542236328,151.33999633789062,567.1099853515625,269.0799865722656
2024-04-05,485.1199951171875,308.0199890136719,297.1632995605469,78.875,124.4000015258789,70.91000366210938,622.910888671875,417.3960266113281,156.6999969482422,121.47754669189453,134.5050048828125,22.959999084472656,153.86000061035156,575.4500122070312,268.32000732421875
2024-04-08,484.2799987792969,311.0899963378906,296.98614501953125,78.43250274658203,125.76000213623047,68.38999938964844,632.25830078125,416.48382568359375,157.1199951171875,120.94261932373047,134.2899932861328,23.0,154.86000061035156,576.3599853515625,268.6099853515625
2024-04-09,492.54998779296875,311.4100036621094,297.6160888671875,77.69249725341797,125.44000244140625,68.22000122070312,631.9738159179688,418.14154052734375,156.44400024414062,120.24009704589844,139.56500244140625,22.809999465942383,155.5800018310547,568.989990234375,271.1000061035156
2024-04-10,487.2200012207031,304.5899963378906,294.9092712402344,78.13249969482422,125.81999969482422,68.12999725341797,616.5397338867188,415.17919921875,153.83799743652344,118.79600524902344,140.5,22.420000076293945,152.97000122070312,561.22998046875,266.8599853515625
2024-04-11,484.2799987792969,310.1000061035156,294.4466552734375,79.44999694824219,130.8000030517578,68.22000122070312,615.90185546875,419.7600402832031,154.26800537109375,120.24983978271484,141.92999267578125,22.84000015258789,159.35000610351562,561.969970703125,268.4700012207031
2024-04-12,474.0899963378906,305.8500061035156,289.692626953125,77.26249694824219,127.51000213623047,66.44999694824219,609.426025390625,413.8451843261719,153.74200439453125,118.17151641845703,139.53500366210938,22.670000076293945,158.55999755859375,557.1599731445312,263.69000244140625
2024-04-15,470.1000061035156,301.55999755859375,268.60943603515625,74.875,125.81999969482422,64.7300033569336,600.6051635742188,405.74285888671875,147.16200256347656,116.97136688232422,136.0749969482422,21.899999618530273,151.97999572753906,543.9099731445312,259.6300048828125
2024-04-16,476.2200012207031,300.80999755859375,273.0484924316406,74.7874984741211,126.94999694824219,64.4800033569336,599.9869995117188,406.6648864746094,148.95599365234375,117.69342041015625,137.50999450683594,21.8799991607666,150.3000030517578,541.0900268554688,257.69000244140625
2024-04-17,474.45001220703125,293.7099914550781,271.9756774902344,73.42250061035156,123.55000305175781,64.66000366210938,601.6746215820312,403.97723388671875,147.2899932861328,115.79074096679688,138.6649932861328,21.309999465942383,148.8000030517578,527.5800170898438,257.0199890136719
2024-04-18,473.17999267578125,285.8999938964844,267.6448669433594,73.5250015258789,125.0199966430664,64.02999877929688,596.935546875,396.5517883300781,146.27200317382812,113.18550872802734,140.57000732421875,21.1299991607666,148.41000366210938,519.7100219726562,255.63999938964844
2024-04-19,465.0199890136719,280.25,266.1191711425781,70.66000366210938,120.08999633789062,63.400001525878906,593.785888671875,391.5000915527344,142.78199768066406,112.0926742553711,138.85499572753906,20.469999313354492,145.4499969482422,510.7099914550781,252.22000122070312
2024-04-22,466.8900146484375,285.0199890136719,269.5050354003906,72.2874984741211,122.06999969482422,63.689998626708984,598.2994384765625,393.3049621582031,144.38999938964844,111.75116729736328,140.83999633789062,20.969999313354492,147.2100067138672,515.489990234375,253.52999877929688
2024-04-23,472.8999938964844,281.760009765625,272.3299560546875,74.9124984741211,126.44000244140625,64.80000305175781,619.0122680664062,399.7887878417969,148.19000244140625,112.2975845336914,146.7449951171875,21.639999389648438,151.1699981689453,527.5,256.82000732421875
2024-04-24,477.1199951171875,277.6600036621094,271.84765625,74.40499877929688,127.06999969482422,65.44999694824219,623.53564453125,401.2502746582031,149.25799560546875,112.5415267944336,146.91000366210938,21.59000015258789,154.99000549316406,527.52001953125,255.74000549316406
2024-04-25,473.44000244140625,277.0799865722656,268.8456115722656,74.50499725341797,125.25,64.02999877929688,614.6067504882812,391.421630859375,143.25,112.10244750976562,144.39500427246094,21.709999084472656,152.5,530.1099853515625,254.05999755859375
2024-04-26,477.55999755859375,282.4100036621094,269.9775390625,76.01750183105469,131.4499969482422,64.18000030517578,624.5756225585938,398.5625915527344,144.7100067138672,114.36617279052734,145.7100067138672,22.520000457763672,158.1300048828125,543.6599731445312,251.0399932861328
2024-04-29,473.07000732421875,282.489990234375,271.40472412109375,76.01000213623047,129.07000732421875,64.30000305175781,626.3810424804688,394.5703125,144.23199462890625,113.66361236572266,146.7050018310547,22.829999923706055,157.44000244140625,544.760009765625,248.77000427246094
2024-04-30,462.8299865722656,275.6300048828125,264.711669921875,73.13500213623047,125.5,63.18000030517578,613.8511962890625,381.8969421386719,138.66600036621094,110.99010467529297,145.44500732421875,21.969999313354492,155.1999969482422,530.5900268554688,244.72999572753906
2024-05-01,469.3900146484375,274.54998779296875,264.4656066894531,73.86000061035156,126.41999816894531,63.529998779296875,603.627197265625,387.39990234375,137.1219940185547,111.84874725341797,143.6699981689453,22.1200008392334,156.13999938964844,522.1799926757812,244.9600067138672
2024-05-02,476.57000732421875,276.44000244140625,267.8515319824219,75.88500213623047,125.45999908447266,65.19999694824219,602.4890747070312,390.2445068359375,139.1439971923828,112.17073822021484,147.66000366210938,22.549999237060547,157.77000427246094,523.3800048828125,250.85000610351562
2024-05-03,486.17999267578125,281.6300048828125,269.35748291015625,77.55249786376953,124.2699966430664,58.880001068115234,617.4326171875,398.8961181640625,143.3300018310547,112.99037170410156,148.10499572753906,23.329999923706055,159.32000732421875,536.9400024414062,255.77999877929688
2024-05-06,493.5899963378906,285.19000244140625,271.2964782714844,79.45249938964844,126.97000122070312,58.810001373291016,622.70166015625,405.6448059082031,145.31199645996094,115.4687271118164,150.28500366210938,25.209999084472656,163.67999267578125,545.5399780273438,249.91000366210938
2024-05-07,492.2699890136719,284.0400085449219,272.8221130371094,78.13749694824219,112.4000015258789,59.43000030517578,629.089111328125,401.5249938964844,142.66600036621094,115.06868743896484,152.75999450683594,21.399999618530273,159.08999633789062,549.6099853515625,249.42999267578125
2024-05-08,488.1000061035156,282.57000732421875,274.5840148925781,78.44000244140625,117.27999877929688,59.630001068115234,620.533203125,402.7020568847656,144.20599365234375,114.54177856445312,151.5050048828125,21.559999465942383,157.77999877929688,550.489990234375,249.6300048828125
2024-05-09,482.6499938964844,285.2799987792969,270.84375,79.48500061035156,115.87000274658203,58.11000061035156,615.0679931640625,404.4481201171875,144.58799743652344,113.80998992919922,147.8350067138672,21.139999389648438,155.8699951171875,549.8800048828125,245.9600067138672
2024-05-10,482.2900085449219,287.4800109863281,272.3201599121094,80.19000244140625,118.97000122070312,58.15999984741211,620.4154052734375,406.8218994140625,145.95799255371094,113.83926391601562,148.73500061035156,20.600000381469727,157.14999389648438,556.7100219726562,246.33999633789062
2024-05-13,483.1099853515625,284.4599914550781,273.1567687988281,79.79499816894531,118.26000213623047,59.630001068115234,615.3917236328125,405.8213195800781,146.0240020751953,113.54652404785156,151.125,20.940000534057617,159.7899932861328,557.3900146484375,247.0800018310547
2024-05-14,475.95001220703125,283.3299865722656,272.4480895996094,82.38749694824219,116.75,60.20000076293945,623.4669189453125,408.60711669921875,144.32400512695312,117.9373550415039,150.77000427246094,21.440000534057617,160.9499969482422,559.6300048828125,246.8800048828125
2024-05-15,485.3500061035156,293.1000061035156,283.019287109375,85.77999877929688,118.47000122070312,60.72999954223633,642.8059692382812,415.75115966796875,152.11399841308594,118.67891693115234,156.16000366210938,21.670000076293945,164.3699951171875,580.2000122070312,251.30999755859375
2024-05-16,482.8800048828125,288.92999267578125,280.2041320800781,84.76499938964844,120.61000061035156,61.2400016784668,641.0792236328125,413.6973876953125,151.6020050048828,119.19606018066406,158.38999938964844,21.649999618530273,165.0399932861328,569.27001953125,256.57000732421875
2024-05-17,483.42999267578125,288.80999755859375,281.1195983886719,86.48249816894531,120.06999969482422,61.43000030517578,648.7423095703125,412.9308776855469,153.00999450683594,120.5035400390625,158.9250030517578,21.760000228881836,161.86000061035156,566.72998046875,257.92999267578125
2024-05-20,484.69000244140625,292.4700012207031,282.556640625,87.1875,121.29000091552734,62.34000015258789,657.5436401367188,417.9720764160156,154.83599853515625,121.49879455566406,161.88499450683594,21.6200008392334,164.77999877929688,574.3800048828125,259.5
2024-05-21,481.8500061035156,290.1000061035156,279.29864501953125,87.33000183105469,122.33000183105469,61.310001373291016,655.25732421875,421.60797119140625,155.41000366210938,121.60612487792969,155.8300018310547,21.239999771118164,162.7100067138672,571.530029296875,258.8599853515625
2024-05-22,483.92999267578125,292.8399963378906,279.35772705078125,86.3550033569336,122.75,61.56999969482422,657.6612548828125,423.06231689453125,154.16600036621094,121.57685089111328,154.2899932861328,21.170000076293945,163.33999633789062,573.1300048828125,259.8800048828125
2024-05-23,483.30999755859375,294.69000244140625,274.19024658203125,85.5875015258789,122.12000274658203,60.93000030517578,649.8021240234375,419.6033020019531,151.6300048828125,121.0792236328125,155.72000122070312,20.719999313354492,154.5800018310547,586.2999877929688,260.8999938964844
2024-05-24,475.42999267578125,294.2799987792969,268.009033203125,87.86750030517578,123.5999984741211,61.349998474121094,595.5716552734375,422.7085266113281,147.70199584960938,119.92786407470703,160.8000030517578,21.010000228881836,156.16000366210938,587.4000244140625,220.91000366210938
2024-05-28,478.42999267578125,296.2099914550781,265.5876159667969,86.70500183105469,122.11000061035156,59.45000076293945,588.73291015625,422.8658142089844,145.77200317382812,121.46951293945312,154.0050048828125,21.049999237060547,150.74000549316406,587.9400024414062,215.44000244140625
2024-05-29,477.6000061035156,291.70001220703125,267.3495178222656,87.37999725341797,121.68000030517578,59.72999954223633,587.0255737304688,421.7357482910156,146.2239990234375,120.73770904541016,153.4499969482422,20.940000534057617,148.19000244140625,580.2100219726562,211.5800018310547
2024-05-30,445.8699951171875,288.25,214.58241271972656,78.9800033569336,117.44999694824219,58.0,552.3797607421875,407.4869079589844,128.6580047607422,114.24906158447266,146.58999633789062,21.729999542236328,140.9499969482422,564.72998046875,207.44000244140625
2024-05-31,444.760009765625,286.30999755859375,230.75408935546875,78.4175033569336,110.18000030517578,59.31999969482422,565.5964965820312,407.93890380859375,131.38600158691406,114.34663391113281,147.4550018310547,21.68000030517578,136.17999267578125,560.7999877929688,211.4499969482422
2024-06-03,439.0199890136719,286.1499938964844,232.89979553222656,77.17250061035156,109.33999633789062,58.79999923706055,556.5497436523438,406.35675048828125,132.02200317382812,116.38591766357422,147.24000549316406,21.31999969482422,136.92999267578125,561.1799926757812,210.8300018310547
2024-06-04,448.3699951171875,287.1300048828125,231.16748046875,76.3949966430664,108.83999633789062,58.63999938964844,561.2987670898438,408.8626708984375,134.39999389648438,117.15675354003906,145.0449981689453,22.100000381469727,137.0,561.72998046875,211.1199951171875
2024-06-05,455.79998779296875,296.4200134277344,232.8112335205078,85.54499816894531,110.4800033569336,59.709999084472656,563.4672241210938,416.66510009765625,140.82200622558594,119.65464782714844,147.7050018310547,22.959999084472656,134.2899932861328,588.1400146484375,212.4600067138672
2024-06-06,458.1300048828125,295.739990234375,238.9432830810547,85.12249755859375,109.62000274658203,59.75,561.877685546875,417.16619873046875,140.6320037841797,120.5035400390625,147.96499633789062,23.790000915527344,132.0399932861328,573.8499755859375,214.9499969482422
2024-06-07,465.42999267578125,294.4200134277344,238.04757690429688,87.27999877929688,109.47000122070312,59.720001220703125,563.1041870117188,416.50787353515625,139.76199340820312,122.86483001708984,150.9499969482422,23.309999465942383,131.2100067138672,571.4500122070312,215.55999755859375
2024-06-10,459.94000244140625,296.17999267578125,238.03773498535156,93.64250183105469,112.98999786376953,60.09000015258789,556.5695190429688,420.4582214355469,141.8300018310547,121.47927856445312,154.52499389648438,23.1299991607666,126.76000213623047,576.1799926757812,212.72999572753906
2024-06-11,462.69000244140625,300.8299865722656,237.20111083984375,96.15750122070312,114.9000015258789,59.7400016784668,556.0396728515625,425.1849060058594,142.4080047607422,120.87431335449219,156.47500610351562,23.850000381469727,128.47999572753906,579.9099731445312,214.1300048828125
2024-06-12,459.8699951171875,311.70001220703125,232.0926971435547,96.84249877929688,119.11000061035156,60.619998931884766,581.0795288085938,433.4197692871094,144.3000030517578,136.97398376464844,159.89500427246094,23.770000457763672,130.3300018310547,590.8900146484375,210.92999267578125
2024-06-13,458.739990234375,307.5400085449219,225.4291229248047,95.70249938964844,119.54000091552734,60.22999954223633,583.4343872070312,433.93072509765625,141.95199584960938,136.45684814453125,159.8300018310547,23.270000457763672,125.9000015258789,586.5399780273438,207.0800018310547
2024-06-14,525.3099975585938,312.1000061035156,228.2934112548828,96.35874938964844,117.83999633789062,60.779998779296875,584.494140625,434.9035949707031,145.71600341796875,134.77859497070312,158.65499877929688,23.56999969482422,127.16999816894531,590.2100219726562,209.47999572753906
2024-06-17,518.739990234375,322.0799865722656,226.8563232421875,97.60749816894531,117.16999816894531,60.900001525878906,591.1856689453125,440.6031188964844,145.10000610351562,137.8814239501953,159.7949981689453,25.020000457763672,130.6699981689453,612.719970703125,212.4600067138672
2024-06-18,522.25,326.5,228.16543579101562,97.37750244140625,116.5,59.150001525878906,598.2109985351562,438.6082763671875,146.03399658203125,141.130615234375,158.50999450683594,25.81999969482422,127.5999984741211,620.3099975585938,207.69000244140625
2024-06-20,522.9500122070312,318.5299987792969,237.9983673095703,95.53500366210938,116.08000183105469,57.939998626708984,604.49072265625,437.9793701171875,146.86199951171875,139.44259643554688,155.52000427246094,25.559999465942383,126.62000274658203,610.1799926757812,214.58999633789062
2024-06-21,533.4400024414062,318.3900146484375,241.2071075439453,95.15750122070312,117.56999969482422,58.560001373291016,620.2584838867188,441.9886474609375,149.86599731445312,138.06680297851562,160.1649932861328,23.84000015258789,127.80000305175781,605.530029296875,219.08999633789062
2024-06-24,524.1699829101562,309.1400146484375,236.16761779785156,94.48249816894531,118.48999786376953,58.279998779296875,612.1439819335938,439.915283203125,147.91799926757812,136.49588012695312,158.33999633789062,24.15999984741211,124.80000305175781,595.5999755859375,218.6999969482422
2024-06-25,526.8800048828125,311.5299987792969,237.95899963378906,96.69000244140625,119.12999725341797,58.689998626708984,618.6099853515625,443.1384582519531,150.96200561523438,135.79331970214844,161.33999633789062,24.559999465942383,124.20999908447266,600.1400146484375,217.3800048828125
2024-06-26,528.6599731445312,309.3299865722656,239.32713317871094,95.09249877929688,123.19000244140625,58.11000061035156,625.4881591796875,444.3274841308594,150.78199768066406,134.87615966796875,162.6300048828125,24.100000381469727,129.1300048828125,598.52001953125,216.77999877929688
2024-06-27,546.760009765625,307.9200134277344,248.8746337890625,96.82250213623047,128.4499969482422,60.040000915527344,639.1854858398438,445.0054931640625,154.8260040283203,136.77882385253906,170.41000366210938,25.219999313354492,133.9199981689453,595.0,223.36000061035156
2024-06-28,555.5399780273438,307.75,253.05776977539062,95.79750061035156,129.69000244140625,60.27000045776367,644.8469848632812,439.2077331542969,157.33399963378906,137.77406311035156,169.5050048828125,25.329999923706055,135.08999633789062,595.0599975585938,223.55999755859375
2024-07-01,560.010009765625,310.9200134277344,252.18177795410156,98.0374984741211,130.5,59.849998474121094,638.5281372070312,448.8182678222656,157.79200744628906,139.61822509765625,170.4499969482422,25.8799991607666,142.77000427246094,601.75,224.72000122070312
2024-07-02,567.7100219726562,316.7799987792969,252.16212463378906,96.26249694824219,131.75,61.0099983215332,643.875732421875,451.3241271972656,158.82200622558594,139.80360412597656,170.22000122070312,25.829999923706055,141.9199981689453,609.6599731445312,226.75999450683594
2024-07-03,570.1500244140625,315.4700012207031,256.8473205566406,96.79499816894531,131.5,60.72999954223633,647.4864501953125,452.7883605957031,157.1840057373047,140.87693786621094,170.60000610351562,25.850000381469727,142.86000061035156,606.989990234375,225.5500030517578
2024-07-05,578.3400268554688,321.1099853515625,259.05206298828125,97.41999816894531,134.55999755859375,61.09000015258789,656.1699829101562,459.460693359375,161.29400634765625,141.31600952148438,171.0449981689453,27.229999542236328,143.02000427246094,621.2999877929688,229.1300048828125
2024-07-08,575.4000244140625,317.3599853515625,253.32354736328125,97.67749786376953,132.39999389648438,60.11000061035156,647.17236328125,458.1635437011719,153.24000549316406,141.5111541748047,168.82000732421875,27.700000762939453,141.57000732421875,615.489990234375,226.5399932861328
2024-07-09,566.02001953125,315.260009765625,248.8479766845703,96.47000122070312,126.62999725341797,60.279998779296875,638.1846923828125,451.57965087890625,148.802001953125,137.26669311523438,168.08999633789062,27.389999389648438,137.4600067138672,607.9400024414062,223.08999633789062
2024-07-10,564.5499877929688,319.79998779296875,249.0057373046875,93.61250305175781,126.29000091552734,59.59000015258789,621.7958984375,458.17340087890625,148.6300048828125,138.6229705810547,168.52999877929688,28.420000076293945,137.5,619.5599975585938,223.0800018310547
2024-07-11,557.6300048828125,314.07000732421875,247.5565948486328,92.60749816894531,127.19000244140625,58.790000915527344,618.4256591796875,446.8233947753906,149.8280029296875,139.6895294189453,165.52000427246094,27.639999389648438,138.17999267578125,608.739990234375,226.80999755859375
2024-07-12,559.0499877929688,315.6700134277344,250.36611938476562,92.83000183105469,127.80000305175781,59.54999923706055,630.7467651367188,445.693359375,151.697998046875,141.6562957763672,168.25,28.06999969482422,135.75,614.0499877929688,230.02000427246094
2024-07-15,565.7100219726562,315.6300048828125,249.27191162109375,94.34249877929688,129.4149932861328,59.900001525878906,646.693603515625,446.0962829589844,153.57000732421875,139.9928741455078,170.4550018310547,28.670000076293945,133.72000122070312,616.010009765625,232.47000122070312
2024-07-16,566.5399780273438,311.7300109863281,252.3969268798828,92.26249694824219,130.77000427246094,59.47999954223633,654.5244140625,441.733154296875,152.1580047607422,139.54275512695312,169.25,28.670000076293945,136.2100067138672,613.010009765625,235.6300048828125
2024-07-17,563.0900268554688,288.1199951171875,247.65516662597656,88.73500061035156,121.16000366210938,59.11000061035156,647.4108276367188,435.83709716796875,147.21400451660156,136.26478576660156,166.07000732421875,28.219999313354492,135.10000610351562,570.3800048828125,231.6300048828125
2024-07-18,556.8499755859375,277.8299865722656,243.84007263183594,85.76249694824219,118.81999969482422,58.130001068115234,626.344970703125,432.74169921875,147.75399780273438,135.06126403808594,161.94000244140625,28.639999389648438,129.83999633789062,560.3800048828125,230.5800018310547
2024-07-19,551.0,279.95001220703125,244.11611938476562,76.23999786376953,119.02999877929688,58.47999954223633,625.4509887695312,429.53814697265625,150.24000549316406,135.57984924316406,165.44500732421875,28.579999923706055,129.85000610351562,563.1199951171875,227.49000549316406
2024-07-22,554.8200073242188,287.0799865722656,250.47457885742188,65.97750091552734,121.22000122070312,58.45000076293945,633.27197265625,435.2672119140625,151.3000030517578,137.15524291992188,166.85000610351562,28.459999084472656,131.14999389648438,587.7100219726562,228.99000549316406
2024-07-23,546.010009765625,282.989990234375,252.426513671875,67.22000122070312,123.20999908447266,57.939998626708984,625.9814453125,437.14410400390625,153.10400390625,140.031982421875,167.77999877929688,28.809999465942383,132.60000610351562,588.3300170898438,226.0399932861328
2024-07-24,531.0399780273438,266.3399963378906,246.235595703125,64.53500366210938,117.31999969482422,56.63999938964844,609.4157104492188,421.4704284667969,146.1739959716797,135.7853240966797,162.1199951171875,26.600000381469727,125.62000274658203,553.3300170898438,220.52000427246094
2024-07-25,532.1500244140625,258.3800048828125,252.87994384765625,63.537498474121094,120.30999755859375,57.310001373291016,615.3895874023438,411.15228271484375,165.75799560546875,134.85577392578125,160.06500244140625,26.6299991607666,129.58999633789062,538.719970703125,227.0800018310547
2024-07-26,542.4400024414062,258.7900085449219,258.9821472167969,64.04000091552734,118.30999755859375,57.0,622.3067626953125,417.9032287597656,165.52200317382812,136.02017211914062,163.40499877929688,27.18000030517578,129.0,546.3800048828125,228.63999938964844
2024-07-29,536.6099853515625,259.04998779296875,254.92056274414062,64.70249938964844,117.91999816894531,57.38999938964844,625.25439453125,419.3379821777344,159.81199645996094,135.3352508544922,161.02999877929688,27.079999923706055,129.57000732421875,547.52001953125,227.1300048828125
2024-07-30,538.7100219726562,253.11000061035156,254.2699432373047,58.412498474121094,114.68000030517578,57.5,624.7041015625,415.5939636230469,159.75999450683594,132.75201416015625,158.7550048828125,26.3700008392334,128.8800048828125,525.8900146484375,226.47999572753906
2024-07-31,551.6500244140625,267.6600036621094,255.1275634765625,57.9900016784668,116.44000244140625,58.040000915527344,636.0526123046875,411.1031188964844,162.8780059814453,136.45074462890625,162.36500549316406,26.889999389648438,130.3800048828125,558.3200073242188,227.1199951171875
2024-08-01,546.4099731445312,260.80999755859375,249.46905517578125,56.05500030517578,113.0999984741211,57.20000076293945,626.6888427734375,409.8846130371094,162.2760009765625,134.55245971679688,157.80999755859375,26.079999923706055,124.19999694824219,540.6699829101562,222.5800018310547
2024-08-02,526.1699829101562,249.6300048828125,240.508056640625,54.47249984741211,107.25,56.5099983215332,613.0313720703125,401.4139099121094,158.1280059814453,130.41342163085938,152.8000030517578,24.739999771118164,119.7699966430664,505.7799987792969,214.86000061035156
2024-08-05,509.32000732421875,246.83999633789062,235.61842346191406,55.51250076293945,104.97000122070312,55.38999938964844,592.447021484375,388.3050231933594,156.25399780273438,125.11000061035156,147.08999633789062,24.09000015258789,112.62999725341797,487.8399963378906,207.75
2024-08-06,514.2000122070312,259.79998779296875,235.03680419921875,57.92250061035156,105.47000122070312,55.810001373291016,601.6044921875,392.6877136230469,158.58999633789062,125.45248413085938,150.96499633789062,26.59000015258789,114.81999969482422,499.3900146484375,211.25
2024-08-07,513.6199951171875,250.30999755859375,236.63380432128906,57.66749954223633,108.04000091552734,69.93000030517578,598.8140258789062,391.5281982421875,155.25599670410156,123.19215393066406,152.10499572753906,26.31999969482422,115.0999984741211,489.9700012207031,210.2100067138672
2024-08-08,530.239990234375,268.67999267578125,245.58494567871094,60.130001068115234,114.05999755859375,68.68000030517578,615.1930541992188,395.7143859863281,159.22799682617188,126.18634033203125,158.68499755859375,29.280000686645508,121.5999984741211,515.030029296875,212.17999267578125
2024-08-09,536.2999877929688,270.1300048828125,248.94659423828125,60.224998474121094,112.27999877929688,69.69000244140625,619.201904296875,398.9866943359375,162.21600341796875,129.21966552734375,165.74000549316406,30.010000228881836,124.41000366210938,524.72998046875,211.9499969482422
2024-08-12,530.9299926757812,266.6400146484375,247.74386596679688,59.834999084472656,112.16000366210938,70.36000061035156,616.4605712890625,399.76300048828125,161.32400512695312,129.72848510742188,165.5500030517578,29.3799991607666,123.02999877929688,520.8400268554688,210.57000732421875
2024-08-13,535.219970703125,271.4100036621094,250.98721313476562,62.02750015258789,114.37000274658203,71.5,634.5592041015625,406.83831787109375,163.75999450683594,131.37234497070312,166.61500549316406,30.389999389648438,127.05999755859375,528.6400146484375,216.38999938964844
2024-08-14,539.7899780273438,271.7799987792969,251.6969757080078,64.05500030517578,114.1500015258789,72.79000091552734,625.6278076171875,409.6389465332031,163.8040008544922,132.6835174560547,169.9550018310547,31.0,127.30000305175781,530.7999877929688,222.83999633789062
2024-08-15,554.1599731445312,280.1199951171875,259.0610046386719,65.12249755859375,116.33000183105469,73.4000015258789,640.7589721679688,414.4823913574219,166.4219970703125,133.98492431640625,171.63499450683594,31.219999313354492,127.05000305175781,548.280029296875,231.55999755859375
2024-08-16,553.4600219726562,281.0,259.1792297363281,65.63500213623047,114.9800033569336,74.72000122070312,642.1248168945312,411.9622497558594,165.51199340820312,134.51332092285156,167.05499267578125,32.08000183105469,128.0399932861328,549.0,231.74000549316406
2024-08-19,563.1199951171875,281.9599914550781,261.6142272949219,66.69499969482422,117.20999908447266,74.7699966430664,651.7241821289062,414.97467041015625,166.5760040283203,134.95364379882812,171.67999267578125,32.5,131.4199981689453,558.219970703125,232.6300048828125
2024-08-20,562.25,281.3699951171875,258.12445068359375,66.63249969482422,116.0999984741211,75.56999969482422,655.634765625,418.19378662109375,167.6439971923828,136.1767578125,184.0050048828125,32.31999969482422,131.9199981689453,557.030029296875,232.4600067138672
2024-08-21,565.7899780273438,284.55999755859375,257.3851013183594,68.30249786376953,117.73999786376953,75.41999816894531,658.7887573242188,417.5440673828125,167.83599853515625,137.18460083007812,179.875,32.540000915527344,135.05999755859375,564.6799926757812,233.50999450683594
2024-08-22,557.4400024414062,275.5799865722656,254.92056274414062,66.91000366210938,115.62000274658203,74.48999786376953,653.6795043945312,409.087646484375,164.18600463867188,135.1101837158203,174.74000549316406,31.920000076293945,115.20999908447266,548.0599975585938,231.0800018310547
2024-08-23,558.2999877929688,273.8999938964844,260.2538757324219,67.88500213623047,117.2300033569336,74.7300033569336,609.0325317382812,410.3083801269531,165.6540069580078,136.1963348388672,175.375,31.780000686645508,115.86000061035156,539.3900146484375,259.95001220703125
2024-08-26,559.4400024414062,268.25,261.515625,66.46749877929688,116.73999786376953,75.18000030517578,606.3502197265625,407.0596923828125,165.57200622558594,135.9125518798828,173.55999755859375,30.850000381469727,118.0,525.9099731445312,260.3699951171875
2024-08-27,567.8200073242188,268.92999267578125,260.4509582519531,67.4574966430664,116.0199966430664,75.97000122070312,615.3895874023438,407.40423583984375,166.34800720214844,135.50155639648438,175.09500122070312,30.84000015258789,115.54000091552734,521.780029296875,264.67999267578125
2024-08-28,560.5399780273438,263.0899963378906,255.2261505126953,66.05000305175781,113.41999816894531,75.61000061035156,606.2716064453125,404.21466064453125,162.82200622558594,134.91448974609375,175.22000122070312,30.360000610351562,111.55999755859375,509.9800109863281,260.29998779296875
2024-08-29,569.6300048828125,265.6300048828125,253.363037109375,67.9175033569336,115.18000030517578,76.2699966430664,611.9309692382812,406.6954345703125,166.25399780273438,136.42135620117188,179.10499572753906,31.0,114.13999938964844,517.02001953125,262.3599853515625
2024-08-30,574.4099731445312,268.92999267578125,249.31134033203125,69.31999969482422,116.26000213623047,76.70999908447266,619.2608642578125,410.6529541015625,171.0,138.25115966796875,181.36000061035156,31.479999542236328,114.2300033569336,519.5800170898438,263.19000244140625
2024-09-03,571.0399780273438,256.2799987792969,244.54000854492188,66.6500015258789,111.4800033569336,77.12999725341797,613.906005859375,403.0726623535156,167.1719970703125,136.4996337890625,177.53500366210938,30.510000228881836,110.41000366210938,481.2200012207031,260.32000732421875
2024-09-04,575.25,254.1300048828125,244.16539001464844,64.83000183105469,108.6500015258789,76.87000274658203,612.2257080078125,402.54107666015625,166.96600341796875,137.7227783203125,173.0749969482422,30.59000015258789,110.80000305175781,477.5299987792969,258.6000061035156
2024-09-05,567.9299926757812,250.85000610351562,242.62753295898438,64.10749816894531,110.08999633789062,75.80000305175781,610.6339721679688,402.0390319824219,167.0800018310547,139.54275512695312,171.8699951171875,30.15999984741211,111.75,476.0299987792969,255.7899932861328
2024-09-06,563.4099731445312,247.52000427246094,240.508056640625,61.59749984741211,107.19999694824219,75.16000366210938,604.3851318359375,395.4530944824219,165.00799560546875,138.75994873046875,167.91000366210938,30.329999923706055,108.55999755859375,463.9700012207031,254.60000610351562
2024-09-09,569.8800048828125,252.80999755859375,242.2726287841797,61.64500045776367,107.69999694824219,75.0999984741211,616.0479736328125,399.4104919433594,171.11599731445312,136.8812713623047,172.02499389648438,34.599998474121094,109.95999908447266,464.1600036621094,253.52000427246094
2024-09-10,574.47998046875,255.85000610351562,242.6669921875,61.935001373291016,108.12000274658203,76.06999969482422,622.562255859375,407.7586364746094,172.02999877929688,152.53712463378906,173.7899932861328,34.7599983215332,110.2699966430664,465.5,255.5800018310547
2024-09-11,580.3800048828125,264.7200012207031,246.02857971191406,63.38249969482422,109.5199966430664,76.63999938964844,632.6824340820312,416.461181640625,175.19200134277344,153.79940795898438,170.88499450683594,34.849998474121094,112.0,481.5,255.6199951171875
2024-09-12,586.5499877929688,269.8999938964844,249.774658203125,64.2750015258789,109.62999725341797,74.48999786376953,635.0897216796875,420.35955810546875,177.2259979248047,157.90907287597656,172.5800018310547,34.90999984741211,112.98999786376953,488.95001220703125,251.19000244140625
2024-09-13,536.8699951171875,268.7200012207031,250.9576416015625,64.78250122070312,109.26000213623047,75.01000213623047,643.8736572265625,423.8937683105469,175.7899932861328,158.54507446289062,173.4499969482422,35.59000015258789,113.66999816894531,490.07000732421875,250.0500030517578
2024-09-16,521.5,273.1300048828125,253.26443481445312,66.95249938964844,111.4000015258789,76.33999633789062,634.9718017578125,424.632080078125,178.49200439453125,166.6665496826172,173.05499267578125,36.310001373291016,112.83999633789062,498.57000732421875,249.2100067138672
2024-09-17,515.030029296875,274.7900085449219,251.56883239746094,67.18000030517578,111.93000030517578,75.61000061035156,633.5667724609375,428.3828430175781,177.16600036621094,163.8680877685547,168.96499633789062,36.45000076293945,111.62999725341797,502.25,248.1199951171875
2024-09-18,508.1300048828125,269.69000244140625,249.23866271972656,66.77999877929688,113.18000030517578,74.68000030517578,622.0218505859375,424.1103210449219,178.0780029296875,160.99130249023438,164.875,36.380001068115234,110.77999877929688,495.95001220703125,248.47000122070312
2024-09-19,526.4400024414062,280.3500061035156,262.6272277832031,69.34500122070312,115.5199966430664,75.66000366210938,642.8223876953125,431.8677978515625,183.85000610351562,163.98548889160156,166.8000030517578,36.83000183105469,114.0199966430664,514.1199951171875,247.42999267578125
2024-09-20,522.2999877929688,273.760009765625,263.4269714355469,74.9625015258789,114.76000213623047,76.77999877929688,633.7338256835938,428.5009765625,187.4720001220703,164.3866729736328,170.05999755859375,37.20000076293945,110.2699966430664,506.6499938964844,248.2899932861328
2024-09-23,527.8699951171875,274.0799865722656,260.8697509765625,73.28500366210938,116.22000122070312,77.44000244140625,630.7665405273438,426.7683410644531,185.11000061035156,162.38076782226562,172.0850067138672,37.95000076293945,113.26000213623047,505.7900085449219,245.02999877929688
2024-09-24,524.0700073242188,273.32000732421875,267.0209655761719,72.13500213623047,117.30999755859375,77.45999908447266,627.0623168945312,422.495849609375,184.72000122070312,162.23399353027344,171.75999450683594,36.900001525878906,112.5,506.8299865722656,246.9499969482422
2024-09-25,517.9000244140625,271.79998779296875,270.6248474121094,71.61750030517578,116.01000213623047,76.61000061035156,623.6626586914062,425.3900451660156,178.00599670410156,162.7036590576172,170.2550048828125,37.119998931884766,112.62000274658203,510.3599853515625,243.3699951171875
2024-09-26,515.3800048828125,274.2300109863281,272.2737731933594,70.37000274658203,114.20999908447266,77.20999908447266,625.7161865234375,424.6025390625,176.9720001220703,164.48452758789062,169.36500549316406,37.099998474121094,112.48999786376953,515.4000244140625,245.42999267578125
2024-09-27,515.47998046875,274.1300048828125,273.1426086425781,71.46499633789062,114.19999694824219,77.44999694824219,608.226806640625,421.36370849609375,176.35800170898438,165.11074829101562,167.875,36.84000015258789,113.91999816894531,513.3099975585938,243.6199951171875
2024-09-30,517.780029296875,271.0299987792969,270.2496337890625,70.11750030517578,115.05999755859375,77.55000305175781,610.1624145507812,423.6082763671875,178.8780059814453,166.73504638671875,170.89999389648438,37.20000076293945,114.86000061035156,506.3900146484375,244.41000366210938
2024-10-01,502.79998779296875,263.32000732421875,267.4455261230469,68.7874984741211,113.9800033569336,76.48999786376953,595.6993408203125,414.147705078125,173.43600463867188,163.56475830078125,164.64500427246094,36.459999084472656,110.2300033569336,495.55999755859375,240.66000366210938
2024-10-02,505.80999755859375,267.010009765625,275.94671630859375,70.05999755859375,116.22000122070312,77.58999633789062,596.681884765625,410.64306640625,176.08200073242188,164.1029052734375,166.06500244140625,37.4900016784668,109.6500015258789,496.82000732421875,237.14999389648438
2024-10-03,503.79998779296875,265.7900085449219,277.35858154296875,70.9375,117.52999877929688,76.9800033569336,593.2723999023438,410.062255859375,178.1280059814453,163.2711944580078,167.97000122070312,39.2400016784668,110.47000122070312,495.4100036621094,240.94000244140625
2024-10-04,507.2200012207031,268.6499938964844,284.1121826171875,73.05999755859375,122.69000244140625,78.01000213623047,600.0127563476562,409.5897216796875,183.53599548339844,167.18516540527344,171.17999267578125,40.0099983215332,114.72000122070312,499.1199951171875,242.35000610351562
2024-10-07,487.29998779296875,262.8599853515625,280.9723815917969,71.74250030517578,122.37999725341797,77.4800033569336,591.9165649414062,403.17108154296875,181.18800354003906,166.3142852783203,168.97000122070312,38.88999938964844,113.81999969482422,494.8699951171875,235.47000122070312
2024-10-08,496.239990234375,270.1499938964844,287.88385009765625,73.25250244140625,123.72000122070312,77.77999877929688,602.6655883789062,408.2607421875,184.39999389648438,170.61965942382812,177.56500244140625,41.45000076293945,113.5199966430664,517.760009765625,239.47000122070312
2024-10-09,494.0799865722656,279.55999755859375,284.2799987792969,74.58499908447266,125.16000366210938,80.33000183105469,610.7617797851562,410.9679260253906,187.72999572753906,174.45533752441406,181.43499755859375,43.130001068115234,119.66999816894531,529.0,240.77000427246094
2024-10-10,503.57000732421875,280.6400146484375,286.5015563964844,78.7300033569336,130.08999633789062,82.4800033569336,609.511962890625,409.3730773925781,188.92599487304688,172.02322387695312,184.6999969482422,43.52000045776367,123.79000091552734,533.0800170898438,245.16000366210938
2024-10-11,495.4200134277344,282.3900146484375,284.457763671875,80.05249786376953,129.80999755859375,82.87000274658203,606.933349609375,409.845703125,187.71800231933594,172.37628173828125,186.60000610351562,43.5099983215332,124.02999877929688,539.9199829101562,240.89999389648438
2024-10-14,509.6499938964844,282.1400146484375,287.95294189453125,77.62999725341797,129.1199951171875,82.83000183105469,607.4056396484375,412.62188720703125,188.93800354003906,172.7195281982422,186.9550018310547,43.400001525878906,123.16000366210938,545.4600219726562,242.47000122070312
2024-10-15,508.0299987792969,269.4700012207031,284.70458984375,75.57749938964844,126.87999725341797,82.63999938964844,608.1242065429688,412.22802734375,185.5919952392578,170.7287139892578,187.22000122070312,42.43000030517578,122.73999786376953,517.5599975585938,244.8300018310547
2024-10-16,502.5400085449219,262.95001220703125,287.1828308105469,76.55999755859375,126.0,82.12000274658203,599.7584838867188,409.6488037109375,183.7740020751953,171.39559936523438,186.61500549316406,41.93000030517578,118.9000015258789,501.3500061035156,240.22000122070312
2024-10-17,496.8299865722656,263.0299987792969,287.4296569824219,77.58499908447266,126.22000122070312,80.86000061035156,599.6010131835938,410.2394714355469,183.4239959716797,172.2880096435547,188.0749969482422,42.0,119.02999877929688,504.69000244140625,243.27000427246094
2024-10-18,494.8999938964844,258.5199890136719,289.2365417480469,77.5374984741211,128.1199951171875,81.06999969482422,603.5968627929688,411.6571350097656,184.35000610351562,171.317138671875,187.4149932861328,42.970001220703125,119.54000091552734,507.0299987792969,244.47999572753906
2024-10-21,497.7099914550781,253.14999389648438,287.607421875,77.38749694824219,125.80999755859375,82.05000305175781,604.2267456054688,412.2673645019531,183.66799926757812,170.40509033203125,189.2050018310547,42.70000076293945,119.55999755859375,505.5899963378906,243.75
2024-10-22,493.1099853515625,251.50999450683594,284.6847839355469,77.12750244140625,124.62000274658203,82.44000244140625,599.9552612304688,420.8616638183594,183.58999633789062,171.92515563964844,188.0500030517578,42.939998626708984,115.5,502.4100036621094,246.75999450683594
2024-10-23,485.0299987792969,249.08999633789062,280.8341064453125,74.82499694824219,121.5199966430664,80.37000274658203,592.4951782226562,417.9969177246094,181.53599548339844,169.75784301757812,179.09500122070312,42.59000015258789,113.61000061035156,493.4100036621094,242.0399932861328
2024-10-24,482.8699951171875,251.27999877929688,283.1346740722656,76.11750030517578,123.88999938964844,80.62000274658203,594.4339599609375,418.12493896484375,191.3159942626953,171.01312255859375,182.2899932861328,43.560001373291016,114.91999816894531,495.25,236.82000732421875
2024-10-25,483.7200012207031,257.29998779296875,286.7878723144531,75.15499877929688,126.5999984741211,80.33999633789062,599.6405639648438,421.4916687011719,190.1699981689453,170.1697235107422,183.22000122070312,44.86000061035156,116.04000091552734,501.5799865722656,237.7100067138672
2024-10-28,481.0400085449219,252.77000427246094,290.0560302734375,75.33000183105469,126.37000274658203,80.76000213623047,602.4158325195312,419.9559631347656,189.0,169.0909881591797,181.1750030517578,44.970001220703125,117.33000183105469,496.17999267578125,234.9499969482422
2024-10-29,485.3900146484375,284.45001220703125,295.111328125,77.73500061035156,128.75999450683594,79.37000274658203,613.8423461914062,425.2326354980469,190.61599731445312,170.0814666748047,182.69500732421875,44.93000030517578,118.38999938964844,529.2100219726562,238.6300048828125
2024-10-30,486.67999267578125,290.0,292.6528015136719,76.86250305175781,128.16000366210938,78.73999786376953,611.293212890625,425.8035888671875,190.0,171.1896514892578,179.7550048828125,43.689998626708984,118.98999786376953,536.4199829101562,238.27999877929688
2024-10-31,478.0799865722656,276.1199951171875,287.6863708496094,74.21749877929688,125.44000244140625,78.66000366210938,600.6541748046875,400.0307312011719,186.59800720214844,164.59934997558594,180.1649932861328,41.560001373291016,114.81999969482422,513.6099853515625,233.85000610351562
2024-11-01,482.79998779296875,282.0899963378906,290.9940185546875,75.78250122070312,123.26000213623047,78.80000305175781,611.9132080078125,403.9881896972656,188.6820068359375,166.7373046875,181.32000732421875,41.91999816894531,115.48999786376953,518.4000244140625,239.1199951171875
2024-11-04,481.3500061035156,289.3399963378906,294.2424621582031,74.72000122070312,125.55999755859375,78.83999633789062,609.2265014648438,402.10791015625,190.91799926757812,166.31561279296875,180.55999755859375,41.40999984741211,113.73999786376953,524.52001953125,241.13999938964844
2024-11-05,486.4200134277344,291.2099914550781,293.7289733886719,76.8949966430664,125.05000305175781,77.91999816894531,609.04931640625,405.0612487792969,194.20799255371094,168.4633331298828,183.14500427246094,51.130001068115234,116.5,521.97998046875,241.25
2024-11-06,504.8299865722656,296.75,303.02008056640625,80.0,128.35000610351562,80.87000274658203,638.1420288085938,413.6456298828125,198.89599609375,177.74066162109375,192.58999633789062,55.529998779296875,121.41999816894531,553.1500244140625,251.8000030517578
2024-11-07,500.9200134277344,301.7200012207031,306.8509826660156,82.69499969482422,129.7899932861328,83.68000030517578,663.4949951171875,418.8139953613281,203.05599975585938,182.77162170410156,193.5,55.880001068115234,123.54000091552734,573.5900268554688,257.9800109863281
2024-11-08,494.67999267578125,301.25,317.8797912597656,82.50749969482422,124.44999694824219,92.04000091552734,673.4058837890625,415.9689636230469,201.61599731445312,185.59600830078125,195.6999969482422,58.38999938964844,120.88999938964844,561.5499877929688,256.5400085449219
2024-11-11,504.4800109863281,300.8999938964844,337.40972900390625,85.6050033569336,122.36000061035156,97.18000030517578,686.3282470703125,411.5093994140625,207.20199584960938,185.4783477783203,199.0500030517578,60.2400016784668,123.5,556.260009765625,264.1499938964844
2024-11-12,526.4199829101562,297.7699890136719,336.8370666503906,85.875,123.41000366210938,99.1500015258789,688.4147338867188,416.4513244628906,209.6580047607422,185.91964721679688,199.00999450683594,59.849998474121094,125.45999908447266,553.469970703125,270.32000732421875
2024-11-13,532.5,306.4700012207031,337.3998107910156,86.97000122070312,128.4499969482422,97.87999725341797,695.0875854492188,418.58758544921875,209.11000061035156,185.9686737060547,201.17999267578125,60.70000076293945,130.72999572753906,557.9600219726562,276.510009765625
2024-11-14,529.8699951171875,303.0400085449219,327.4571228027344,86.08999633789062,131.42999267578125,94.45999908447266,689.6844482421875,420.2513122558594,207.9600067138672,183.43850708007812,197.19500732421875,59.18000030517578,129.27000427246094,548.3099975585938,271.489990234375
2024-11-15,503.3699951171875,289.7099914550781,321.1479187011719,84.1875,126.08999633789062,94.19999694824219,676.9981079101562,408.54620361328125,202.2779998779297,180.19241333007812,193.5,65.7699966430664,125.95999908447266,520.75,259.4100036621094
2024-11-18,499.510009765625,294.3299865722656,318.17596435546875,85.74250030517578,125.97000122070312,91.87999725341797,668.0813598632812,409.29437255859375,201.0679931640625,182.14398193359375,193.4149932861328,61.2599983215332,127.43000030517578,523.97998046875,259.3599853515625
2024-11-19,499.6099853515625,299.6300048828125,319.3410339355469,88.32250213623047,133.41000366210938,90.79000091552734,633.9888916015625,411.2928771972656,204.4199981689453,185.25277709960938,194.02999877929688,62.97999954223633,130.24000549316406,534.02001953125,259.8999938964844
2024-11-20,499.5,304.010009765625,321.5823669433594,87.5374984741211,135.4499969482422,92.44999694824219,640.317138671875,409.028564453125,204.5959930419922,187.0670623779297,196.44500732421875,62.119998931884766,129.1199951171875,541.5599975585938,259.44000244140625
2024-11-21,504.44000244140625,306.510009765625,331.5349426269531,89.38749694824219,143.86000061035156,94.0199966430664,667.9730834960938,407.2629089355469,209.41000366210938,188.71461486816406,198.85000610351562,61.36000061035156,171.35000610351562,557.9400024414062,268.07000732421875
2024-11-22,512.1500244140625,311.8699951171875,337.6960144042969,93.06500244140625,154.8300018310547,92.7699966430664,630.0028686523438,411.3367919921875,212.1199951171875,188.5773162841797,191.67999267578125,64.3499984741211,167.44000244140625,565.0700073242188,267.75
2024-11-25,518.72998046875,312.3900146484375,334.82281494140625,90.91999816894531,156.6300048828125,93.12000274658203,624.5897216796875,413.1025085449219,210.54200744628906,184.36033630371094,193.19000244140625,64.6500015258789,171.4199981689453,561.8699951171875,267.69000244140625
2024-11-26,525.2999877929688,310.1000061035156,338.84136962890625,91.07499694824219,154.38999938964844,96.44000244140625,628.733154296875,422.17755126953125,214.01400756835938,186.69439697265625,198.1999969482422,65.73999786376953,171.27999877929688,553.9500122070312,270.19000244140625
2024-11-27,513.6799926757812,304.67999267578125,325.8379211425781,86.89749908447266,151.9600067138672,94.05999755859375,626.115234375,417.2454528808594,208.27999877929688,179.17247009277344,192.18499755859375,66.05000305175781,173.6999969482422,547.739990234375,253.39999389648438
2024-11-29,515.9299926757812,306.80999755859375,325.8181457519531,86.49250030517578,152.75,95.05000305175781,631.5872802734375,417.70904541015625,209.88800048828125,181.27114868164062,193.91000366210938,67.08000183105469,174.8000030517578,558.489990234375,249.99000549316406
2024-12-02,516.2000122070312,310.2699890136719,326.8252258300781,86.69999694824219,152.8800048828125,95.31999969482422,624.0484008789062,425.126953125,209.68600463867188,177.9073944091797,195.0850067138672,66.38999938964844,172.4199981689453,565.9299926757812,251.4600067138672
2024-12-03,516.260009765625,313.25,327.2398986816406,87.48750305175781,155.00999450683594,95.29000091552734,625.967529296875,425.343994140625,211.46400451660156,179.3588104248047,196.2949981689453,70.95999908447266,175.94000244140625,570.1900024414062,257.05999755859375
2024-12-04,536.489990234375,324.5400085449219,363.2192077636719,91.04000091552734,165.8800048828125,98.19000244140625,644.2933959960938,431.4795227050781,224.62600708007812,184.5564727783203,202.2899932861328,69.8499984741211,186.50999450683594,588.0,268.8699951171875
2024-12-05,538.219970703125,303.7900085449219,356.811279296875,91.20999908447266,163.35000610351562,98.45999908447266,638.447265625,436.6088562011719,224.74400329589844,182.64413452148438,201.51499938964844,71.87000274658203,183.05999755859375,515.2899780273438,262.70001220703125
2024-12-06,552.9600219726562,307.510009765625,357.4135437011719,91.4124984741211,168.64999389648438,99.20999908447266,636.25244140625,437.54595947265625,224.8679962158203,187.98890686035156,202.9499969482422,76.33999633789062,183.63999938964844,517.280029296875,266.4200134277344
2024-12-09,547.9299926757812,309.75,347.12530517578125,88.4000015258789,161.19000244140625,97.04000091552734,636.3607788085938,439.9626770019531,224.0959930419922,186.77284240722656,194.47000122070312,72.45999908447266,180.75999450683594,508.489990234375,279.9100036621094
2024-12-10,547.0499877929688,302.8599853515625,344.4100646972656,86.6937484741211,154.91000366210938,97.12999725341797,636.843017578125,437.3092346191406,225.5679931640625,174.30824279785156,194.8800048828125,70.88999938964844,171.5500030517578,505.32000732421875,270.8800048828125
2024-12-11,549.9299926757812,308.7799987792969,350.3638916015625,90.74250030517578,156.47999572753906,98.04000091552734,659.961669921875,442.89239501953125,229.43600463867188,175.1320343017578,199.2100067138672,72.51000213623047,171.9600067138672,512.0599975585938,272.3599853515625
2024-12-12,474.6300048828125,308.2200012207031,353.5036315917969,91.375,156.72999572753906,98.5999984741211,661.6250610351562,443.45458984375,229.6840057373047,171.93496704101562,200.10499572753906,73.19999694824219,170.0,511.7300109863281,274.82000732421875
2024-12-13,465.69000244140625,306.75,349.8306579589844,92.00499725341797,153.02999877929688,97.94999694824219,646.0748291015625,441.1956787109375,224.22000122070312,170.04222106933594,196.55999755859375,76.06999969482422,167.6699981689453,508.2799987792969,273.6700134277344
2024-12-16,461.5299987792969,313.489990234375,352.7137451171875,97.05000305175781,155.82000732421875,98.16000366210938,660.8869018554688,445.4570617675781,225.98599243164062,167.92391967773438,202.5,75.75,172.47000122070312,522.1099853515625,278.3500061035156
2024-12-17,455.2300109863281,311.3500061035156,346.5329284667969,94.1050033569336,156.91000366210938,97.62000274658203,667.0576782226562,448.28802490234375,222.94400024414062,166.43328857421875,201.24000549316406,74.38999938964844,170.80999755859375,511.8699951171875,278.010009765625
2024-12-18,441.30999755859375,301.239990234375,333.3465270996094,87.29499816894531,150.1999969482422,93.36000061035156,639.5397338867188,431.4499206542969,212.197998046875,162.21632385253906,188.75999450683594,71.51000213623047,162.58999633789062,494.42999267578125,268.92999267578125
2024-12-19,437.3900146484375,299.8699951171875,332.3580627441406,87.75749969482422,146.92999267578125,94.8499984741211,626.8829956054688,431.0948181152344,214.9739990234375,165.5310516357422,189.36000061035156,74.20999908447266,164.2100067138672,493.3500061035156,266.8299865722656
2024-12-20,447.1700134277344,301.4700012207031,339.6925964355469,90.57250213623047,149.4600067138672,97.19000244140625,633.22119140625,430.6706237792969,218.25,166.38424682617188,186.77999877929688,80.55000305175781,166.2899932861328,492.17999267578125,273.0400085449219
2024-12-23,446.739990234375,304.4100036621094,338.9512023925781,90.375,147.4600067138672,96.41999816894531,628.2114868164062,429.3389587402344,217.65199279785156,165.87428283691406,188.22000122070312,80.69000244140625,161.44000244140625,492.5799865722656,265.3900146484375
2024-12-24,447.94000244140625,308.5799865722656,340.4635925292969,91.44750213623047,148.39999389648438,97.80999755859375,635.0911254882812,433.363525390625,221.11199951171875,168.10049438476562,189.50999450683594,82.37999725341797,163.05999755859375,500.1600036621094,269.0400085449219
2024-12-26,450.1600036621094,308.69000244140625,337.7847900390625,91.2699966430664,147.55999755859375,97.29000091552734,635.9769287109375,432.16009521484375,219.82200622558594,168.36524963378906,188.5,82.13999938964844,163.47999572753906,495.82000732421875,269.3800048828125
2024-12-27,446.4800109863281,305.0299987792969,334.552490234375,88.74749755859375,145.99000549316406,96.08000183105469,628.4772338867188,424.6830749511719,216.29200744628906,165.69778442382812,186.17999267578125,79.08000183105469,158.64999389648438,490.9100036621094,266.239990234375
2024-12-30,445.79998779296875,301.8599853515625,331.8736267089844,87.32749938964844,144.1699981689453,95.12999725341797,620.3380126953125,419.06048583984375,213.5399932861328,163.68736267089844,184.1999969482422,77.18000030517578,154.97000122070312,486.739990234375,262.0
2024-12-31,444.67999267578125,300.4599914550781,330.4798583984375,85.54000091552734,142.88999938964844,94.4800033569336,618.5665283203125,415.7756652832031,212.0240020751953,163.42257690429688,181.9600067138672,75.62999725341797,154.41000366210938,485.3599853515625,258.0299987792969
2025-01-02,441.0,297.6600036621094,326.8522033691406,86.83499908447266,143.6300048828125,94.75,612.9467163085938,412.8952941894531,210.8679962158203,162.82432556152344,180.74000549316406,75.19000244140625,157.50999450683594,482.75,251.83999633789062
2025-01-03,430.57000732421875,303.8599853515625,329.06640625,89.75499725341797,144.8300018310547,97.47000122070312,620.2691040039062,417.6005859375,214.75399780273438,163.10874938964844,183.25,79.88999938964844,162.22000122070312,493.7099914550781,252.83999633789062
2025-01-06,431.17999267578125,308.1400146484375,326.7236328125,91.58999633789062,146.0399932861328,97.94000244140625,615.2792358398438,422.03948974609375,215.41000366210938,162.49090576171875,179.5,75.91999816894531,163.0800018310547,501.05999755859375,254.13999938964844
2025-01-07,422.6300048828125,301.6700134277344,321.18817138671875,89.98249816894531,141.39999389648438,95.93000030517578,605.703125,416.6338806152344,210.8300018310547,158.9015655517578,175.50999450683594,69.98999786376953,158.83999633789062,487.6199951171875,249.67999267578125
2025-01-08,419.5799865722656,302.7300109863281,323.1354675292969,89.68000030517578,141.8800048828125,96.04000091552734,616.1551513671875,418.79412841796875,209.8159942626953,159.99014282226562,172.8300018310547,68.2300033569336,161.02999877929688,502.0,254.69000244140625
2025-01-10,405.9200134277344,299.0,314.189697265625,87.20999908447266,140.4199981689453,94.55999755859375,614.5975341796875,413.26031494140625,204.91400146484375,151.88937377929688,173.4199981689453,67.26000213623047,162.4600067138672,492.5400085449219,249.7100067138672
2025-01-13,408.5,292.5,315.3956604003906,85.36499786376953,138.0,93.83000183105469,604.5322265625,411.52423095703125,203.1479949951172,151.31918334960938,167.82000732421875,64.9800033569336,162.42999267578125,487.42999267578125,246.0
2025-01-14,412.7099914550781,294.19000244140625,319.81414794921875,87.01000213623047,139.16000366210938,92.48999786376953,614.9623413085938,410.0248718261719,206.25799560546875,153.66880798339844,170.5800018310547,65.91000366210938,163.41000366210938,490.3599853515625,246.02999877929688
2025-01-15,417.2799987792969,300.7200012207031,317.4615783691406,90.50499725341797,140.9499969482422,93.05999755859375,612.6456298828125,420.52032470703125,210.8260040283203,155.63499450683594,174.19000244140625,68.13999938964844,165.7100067138672,507.19000244140625,248.57000732421875
2025-01-16,426.92999267578125,298.8999938964844,316.31494140625,90.84500122070312,136.7899932861328,94.05000305175781,598.6664428710938,418.8138122558594,211.4320068359375,156.84420776367188,177.1699981689453,69.23999786376953,167.63999938964844,515.8099975585938,250.6999969482422
2025-01-17,429.989990234375,305.6000061035156,320.8224182128906,89.25,138.39999389648438,94.2300033569336,595.571044921875,423.2034606933594,214.29600524902344,158.3090362548828,177.11000061035156,71.7699966430664,170.7899932861328,526.7000122070312,249.63999938964844
2025-01-21,436.3599853515625,310.9700012207031,323.076171875,91.60250091552734,138.39999389648438,97.19999694824219,600.7762451171875,422.6806335449219,219.3699951171875,169.654052734375,183.50999450683594,73.06999969482422,173.52999877929688,529.75,250.72000122070312
2025-01-22,437.32000732421875,321.489990234375,328.7895812988281,94.49500274658203,140.1199951171875,98.23999786376953,603.0140380859375,440.1402893066406,225.03399658203125,181.107177734375,187.6999969482422,76.87000274658203,177.49000549316406,544.7000122070312,253.47999572753906
2025-01-23,437.2799987792969,324.5199890136719,330.80609130859375,94.42500305175781,140.1999969482422,97.44999694824219,589.8236083984375,440.643310546875,226.83999633789062,183.31915283203125,187.32000732421875,78.9800033569336,174.94000244140625,551.5399780273438,255.3000030517578
2025-01-24,435.3800048828125,320.4800109863281,330.0351257324219,93.7300033569336,140.99000549316406,96.9000015258789,589.478515625,438.0293273925781,224.99600219726562,180.49766540527344,187.6999969482422,78.9800033569336,174.1199951171875,546.1900024414062,258.2799987792969
2025-01-27,438.6000061035156,289.8699951171875,343.1028747558594,93.4375,142.16000366210938,96.7699966430664,598.0258178710938,428.6582946777344,228.12399291992188,155.60549926757812,189.3000030517578,75.44000244140625,175.52000427246094,510.7300109863281,264.20001220703125
2025-01-28,442.8399963378906,299.29998779296875,355.8048400878906,102.16999816894531,151.88999938964844,99.83000183105469,592.1500854492188,441.12664794921875,234.0780029296875,161.22885131835938,192.94000244140625,80.2300033569336,188.02000427246094,526.1199951171875,270.42999267578125
2025-01-29,441.67999267578125,289.8800048828125,349.92340087890625,99.26750183105469,145.72000122070312,99.33000183105469,584.5888061523438,436.3227844238281,228.7259979248047,159.28231811523438,185.4199981689453,79.76000213623047,182.8800048828125,512.7100219726562,265.3999938964844
2025-01-30,446.0,297.760009765625,339.613525390625,99.21749877929688,142.61000061035156,100.93000030517578,596.0343017578125,409.3540954589844,202.5500030517578,167.50103759765625,187.4199981689453,81.22000122070312,179.2899932861328,526.3599853515625,260.07000732421875
2025-01-31,437.45001220703125,297.6199951171875,337.76507568359375,99.51750183105469,142.7100067138672,100.87999725341797,592.9880981445312,409.42315673828125,203.67599487304688,167.1864471435547,184.4199981689453,82.48999786376953,181.50999450683594,525.47998046875,262.05999755859375
2025-02-03,438.6000061035156,298.29998779296875,335.3333740234375,99.39250183105469,143.15499877929688,100.9000015258789,592.2487182617188,405.33941650390625,204.18800354003906,165.75111389160156,182.7899932861328,83.73999786376953,182.5399932861328,520.25,259.7699890136719
2025-02-04,440.2300109863281,299.6700134277344,340.17694091796875,101.87999725341797,145.8300018310547,102.77999877929688,583.3367919921875,406.7696838378906,202.0260009765625,165.05311584472656,183.39999389648438,103.83000183105469,189.11000061035156,523.8800048828125,259.7300109863281
2025-02-05,437.6300048828125,302.6499938964844,343.92327880859375,104.30500030517578,144.85000610351562,105.06999969482422,579.9259033203125,407.67718505859375,205.41200256347656,168.75942993164062,186.85000610351562,101.36000061035156,188.92999267578125,528.4199829101562,276.1700134277344
2025-02-06,435.3999938964844,302.9100036621094,327.00048828125,105.12750244140625,144.85000610351562,104.72000122070312,581.83837890625,410.17279052734375,204.66000366210938,169.43775939941406,187.3699951171875,111.27999877929688,186.3699951171875,533.1799926757812,277.82000732421875
2025-02-07,433.07000732421875,299.67999267578125,322.0777893066406,105.39749908447266,142.64999389648438,107.66000366210938,570.6490478515625,404.1852722167969,201.6580047607422,171.51211547851562,193.94000244140625,110.8499984741211,184.02999877929688,525.8200073242188,271.8900146484375
2025-02-10,451.1000061035156,305.6300048828125,323.4320068359375,107.2300033569336,147.10000610351562,109.55000305175781,578.5260009765625,406.6217041015625,204.36199951171875,175.89675903320312,196.39999389648438,116.6500015258789,186.1199951171875,531.3300170898438,269.8800048828125
2025-02-11,458.82000732421875,303.8699951171875,320.66424560546875,107.91000366210938,145.4199981689453,108.33000183105469,577.5795288085938,405.8523254394531,201.80999755859375,174.19598388671875,195.49000549316406,112.62000274658203,183.5500030517578,529.1400146484375,263.0
2025-02-12,462.760009765625,294.04998779296875,322.36444091796875,108.65750122070312,148.08999633789062,107.69999694824219,568.3718872070312,403.48492431640625,196.47999572753906,169.30996704101562,196.72999572753906,117.38999938964844,187.22999572753906,509.7099914550781,257.9200134277344
2025-02-13,459.2200012207031,296.1600036621094,326.051513671875,113.44249725341797,135.88999938964844,109.9800033569336,575.627685546875,404.9645080566406,197.89599609375,170.9222412109375,201.8800048828125,117.91000366210938,192.66000366210938,528.2899780273438,260.1300048828125
2025-02-14,460.1600036621094,295.19000244140625,322.77960205078125,112.93499755859375,131.00999450683594,111.63999938964844,579.0582885742188,402.8832092285156,197.3260040283203,171.21717834472656,200.02999877929688,119.16000366210938,187.60000610351562,522.530029296875,258.04998779296875
2025-02-18,464.1099853515625,300.42999267578125,325.1717224121094,113.83999633789062,130.6300048828125,114.26000213623047,571.7236938476562,404.0767822265625,199.49600219726562,176.7618865966797,208.27999877929688,124.62000274658203,192.77999877929688,525.0,265.7200012207031
2025-02-19,456.989990234375,274.0400085449219,320.7927551269531,112.53500366210938,128.85000610351562,114.56999969482422,573.94189453125,409.1370544433594,197.42799377441406,178.45281982421875,205.19000244140625,112.05999755859375,186.55999755859375,500.9800109863281,261.1000061035156
2025-02-20,454.69000244140625,270.2300109863281,314.7629699707031,109.03500366210938,126.23999786376953,114.20999908447266,570.8759155273438,411.30169677734375,193.5959930419922,173.02606201171875,198.80999755859375,106.2699966430664,184.9600067138672,493.9700012207031,261.6300048828125
2025-02-21,444.32000732421875,258.3399963378906,306.23236083984375,101.66999816894531,119.63999938964844,110.0199966430664,557.4586791992188,403.4736022949219,187.6820068359375,164.97445678710938,191.02999877929688,101.3499984741211,177.88999938964844,474.8399963378906,256.3900146484375
2025-02-24,444.4200134277344,252.9499969482422,304.7694396972656,97.93000030517578,117.51000213623047,108.69000244140625,559.2036743164062,399.31243896484375,185.51600646972656,167.08815002441406,190.38999938964844,90.68000030517578,170.9199981689453,470.0799865722656,261.80999755859375
2025-02-25,443.4100036621094,248.89999389648438,302.3575439453125,94.9375,114.9800033569336,108.05999755859375,547.7581787109375,393.2831726074219,184.45799255371094,165.69212341308594,188.00999450683594,87.83999633789062,164.1999969482422,457.95001220703125,255.22000122070312
2025-02-26,441.5,253.94000244140625,303.79083251953125,98.63999938964844,113.37000274658203,109.0199966430664,616.6481323242188,395.0920104980469,188.39199829101562,169.5557403564453,189.5500030517578,89.30999755859375,166.19000244140625,470.4599914550781,271.0899963378906
2025-02-27,437.19000244140625,248.55999755859375,291.5039978027344,95.05999755859375,113.52999877929688,107.08999633789062,591.9135131835938,387.97552490234375,184.19200134277344,161.9760284423828,187.5,84.7699966430664,173.69000244140625,454.7099914550781,260.57000732421875
2025-02-28,438.55999755859375,250.5,294.4200134277344,97.41500091552734,116.55000305175781,108.01000213623047,605.1434326171875,392.38372802734375,185.95199584960938,163.25404357910156,190.42999267578125,84.91999816894531,177.10000610351562,457.2799987792969,263.3399963378906
2025-03-03,440.7200012207031,241.74000549316406,289.6851501464844,95.68250274658203,113.16999816894531,106.54000091552734,592.5740966796875,383.98236083984375,182.06199645996094,159.28231811523438,183.67999267578125,83.41999816894531,173.64999389648438,443.260009765625,254.57000732421875
2025-03-04,446.0299987792969,241.2899932861328,284.0310363769531,97.54000091552734,115.45999908447266,106.4800033569336,589.5968627929688,384.10101318359375,181.21800231933594,154.80918884277344,184.3800048828125,84.4000015258789,173.60000610351562,445.4700012207031,253.6300048828125
2025-03-05,451.239990234375,244.6999969482422,288.6077575683594,91.36000061035156,115.08999633789062,106.80000305175781,608.7614135742188,396.36700439453125,183.1580047607422,158.83009338378906,184.27999877929688,90.12999725341797,177.30999755859375,447.9599914550781,259.6099853515625
2025-03-06,444.7799987792969,243.16000366210938,282.755859375,86.93250274658203,111.45999908447266,101.72000122070312,597.7792358398438,392.2849426269531,173.41799926757812,148.3895263671875,179.3300018310547,80.45999908447266,156.22000122070312,445.7300109863281,253.75999450683594
2025-03-07,449.3999938964844,243.2100067138672,279.6322937011719,83.375,109.62999725341797,101.27999877929688,600.973388671875,388.7464904785156,170.12600708007812,152.53823852539062,180.92999267578125,84.91000366210938,158.91000366210938,450.8800048828125,252.3800048828125
2025-03-10,435.0799865722656,233.9600067138672,269.75732421875,77.21499633789062,101.6500015258789,96.04000091552734,571.5660400390625,375.7490234375,156.76600646972656,146.27586364746094,173.8300018310547,76.37999725341797,147.58999633789062,429.8500061035156,243.0
2025-03-11,433.6600036621094,234.25,273.8594970703125,82.4375,101.95999908447266,98.27999877929688,578.3978271484375,376.03570556640625,161.67999267578125,141.74374389648438,178.92999267578125,78.05000305175781,149.89999389648438,430.67999267578125,242.92999267578125
2025-03-12,438.6000061035156,239.22000122070312,281.30279541015625,86.69000244140625,102.02999877929688,97.93000030517578,582.7650146484375,378.82293701171875,168.6280059814453,148.3403778076172,179.47999572753906,83.6500015258789,152.3699951171875,432.4599914550781,241.6699981689453
2025-03-13,377.8399963378906,241.55999755859375,268.6106262207031,83.13249969482422,98.68000030517578,93.41999816894531,573.0841064453125,374.3751525878906,162.32400512695312,145.1649627685547,176.32000732421875,79.62000274658203,149.8300018310547,428.5799865722656,237.22000122070312
2025-03-14,394.739990234375,247.42999267578125,276.18243408203125,88.43374633789062,101.80000305175781,96.25,590.3165283203125,384.0516052246094,168.86599731445312,146.74777221679688,182.33999633789062,86.23999786376953,156.11000061035156,446.2300109863281,244.1699981689453
2025-03-17,399.3399963378906,255.11000061035156,277.5169372558594,91.2074966430664,103.97000122070312,96.66999816894531,593.5795288085938,384.18994140625,168.58599853515625,151.40765380859375,185.0,87.3499984741211,156.38999938964844,453.510009765625,250.6199951171875
2025-03-18,391.3699951171875,253.8800048828125,275.52020263671875,90.7874984741211,102.93000030517578,96.91000366210938,590.5432739257812,379.0700378417969,166.0,146.92471313476562,183.10000610351562,83.88999938964844,154.36000061035156,447.989990234375,251.91000366210938
2025-03-19,387.8900146484375,258.70001220703125,276.172607421875,93.76249694824219,104.43000030517578,98.16999816894531,594.5653686523438,383.3201599121094,168.82400512695312,149.87399291992188,187.5399932861328,86.0999984741211,155.9600067138672,450.2799987792969,252.5
2025-03-20,389.6099853515625,258.5,275.81671142578125,92.25749969482422,103.16999816894531,98.44999694824219,591.9135131835938,382.3515319824219,164.82400512695312,150.1394500732422,184.00999450683594,87.38999938964844,157.19000244140625,449.989990234375,250.47000122070312
2025-03-21,387.260009765625,262.4200134277344,277.3883972167969,90.55999755859375,105.02999877929688,98.6500015258789,595.4822998046875,386.7202453613281,165.5500030517578,149.65774536132812,182.32000732421875,90.95999908447266,158.38999938964844,448.6000061035156,249.49000549316406
2025-03-24,394.4700012207031,267.1499938964844,282.66693115234375,93.16000366210938,110.16999816894531,99.79000091552734,604.4041137695312,388.5191345214844,169.9459991455078,152.25311279296875,184.7899932861328,96.75,163.1699981689453,457.7699890136719,249.91000366210938
2025-03-25,403.6400146484375,269.1099853515625,285.2864074707031,96.23750305175781,110.58000183105469,102.08999633789062,609.9542236328125,390.5749816894531,172.2760009765625,151.32901000976562,189.9499969482422,96.5,162.8300018310547,457.2300109863281,252.8300018310547
2025-03-26,397.80999755859375,263.4100036621094,277.7541198730469,92.85250091552734,107.97000122070312,101.01000213623047,606.14892578125,385.4452209472656,167.7100067138672,145.30259704589844,184.9600067138672,92.27999877929688,159.74000549316406,449.8999938964844,250.7899932861328
2025-03-27,396.1499938964844,262.5400085449219,274.61077880859375,91.63999938964844,104.8499984741211,99.54000091552734,606.582763671875,386.048095703125,165.54800415039062,143.3167266845703,174.44000244140625,90.08999633789062,156.97999572753906,446.2300109863281,244.5500030517578
2025-03-28,385.7099914550781,256.69000244140625,266.8610534667969,89.27749633789062,101.0999984741211,96.5999984741211,590.4347534179688,374.40478515625,159.552001953125,138.4896697998047,172.75999450683594,85.8499984741211,150.6300048828125,437.95001220703125,238.49000549316406
2025-03-31,383.5299987792969,254.3300018310547,265.26959228515625,88.1449966430664,99.20999908447266,96.26000213623047,605.2913818359375,371.034423828125,159.22799682617188,137.44757080078125,170.63999938964844,84.4000015258789,146.16000366210938,428.8500061035156,233.52999877929688
2025-04-01,383.20001220703125,258.7900085449219,267.0884094238281,90.59500122070312,101.05999755859375,96.66999816894531,605.0843505859375,377.7554931640625,162.31199645996094,139.54159545898438,171.30999755859375,84.68000030517578,149.5399932861328,435.94000244140625,234.52999877929688
2025-04-02,385.7799987792969,264.94000244140625,268.41302490234375,92.87249755859375,101.70999908447266,98.08000183105469,612.11328125,377.7060852050781,164.80599975585938,143.39537048339844,173.17999267578125,87.44999694824219,153.91000366210938,438.54998779296875,235.38999938964844
2025-04-03,367.25,248.91000366210938,252.29080200195312,86.84750366210938,94.47000122070312,89.44000244140625,590.0504150390625,368.7807922363281,154.81399536132812,134.9112091064453,165.1699981689453,83.5999984741211,139.89999389648438,417.760009765625,228.3300018310547
2025-04-04,349.07000732421875,232.8800048828125,237.98744201660156,80.40750122070312,87.93000030517578,84.70999908447266,553.5745849609375,355.6647644042969,144.3300018310547,126.10259246826172,153.57000732421875,74.01000213623047,130.52999877929688,388.1300048828125,217.13999938964844
2025-04-07,340.70001220703125,233.82000732421875,241.39772033691406,81.08999633789062,88.19999694824219,88.0,548.3594970703125,353.7077941894531,147.10000610351562,125.0113525390625,152.44000244140625,77.83999633789062,131.0399932861328,380.8999938964844,215.32000732421875
2025-04-08,340.0,231.63999938964844,241.18023681640625,81.26000213623047,87.0,88.1500015258789,536.3618774414062,350.4460754394531,145.52000427246094,122.39629364013672,152.52999877929688,77.31999969482422,133.50999450683594,381.5899963378906,210.47000122070312
2025-04-09,364.6400146484375,264.6499938964844,262.1163330078125,94.50250244140625,97.44000244140625,99.93000030517578,588.0294189453125,385.9591979980469,165.19000244140625,137.32962036132812,173.02000427246094,92.01000213623047,151.14999389648438,428.70001220703125,231.4199981689453
2025-04-10,350.04998779296875,254.02000427246094,252.57830810546875,92.15249633789062,93.18000030517578,96.31999969482422,570.2830200195312,376.92523193359375,156.697998046875,131.56768798828125,168.27000427246094,88.58999633789062,144.4499969482422,406.8900146484375,224.74000549316406
2025-04-11,352.4700012207031,259.4700012207031,252.4595184326172,94.4749984741211,92.0199966430664,97.7300033569336,579.7338256835938,383.94287109375,157.13400268554688,130.58103942871094,168.33999633789062,88.55000305175781,144.9600067138672,421.2099914550781,226.50999450683594
2025-04-14,350.9100036621094,260.55999755859375,252.01400756835938,94.66500091552734,91.87999725341797,96.8499984741211,586.1629028320312,383.310302734375,159.96400451660156,132.84043884277344,169.97999572753906,92.62000274658203,144.5500030517578,421.9800109863281,232.33999633789062
2025-04-15,350.3800048828125,264.30999755859375,252.3902130126953,98.19999694824219,92.55000305175781,99.19999694824219,586.6863403320312,381.2544250488281,163.3000030517578,132.14981079101562,173.5500030517578,98.4000015258789,146.5399932861328,425.6499938964844,233.32000732421875
2025-04-16,344.19000244140625,259.260009765625,247.3509063720703,94.95999908447266,91.87999725341797,96.06999969482422,580.760986328125,367.2981872558594,159.33200073242188,128.02566528320312,169.75999450683594,92.70999908447266,146.0800018310547,415.6499938964844,227.7100067138672
2025-04-17,348.79998779296875,260.2200012207031,244.796630859375,93.90499877929688,91.18000030517578,96.12999725341797,578.0946044921875,363.5126647949219,154.4320068359375,126.9009017944336,167.69000244140625,93.77999877929688,143.42999267578125,413.32000732421875,221.02000427246094
2025-04-21,343.2200012207031,251.55999755859375,233.90621948242188,90.67250061035156,88.91999816894531,92.72000122070312,561.7604370117188,354.9531555175781,151.197998046875,121.17842864990234,160.0500030517578,90.80000305175781,137.0,402.3599853515625,214.10000610351562
2025-04-22,349.9100036621094,258.1499938964844,240.96517944335938,92.11250305175781,91.41999816894531,94.37000274658203,576.2972412109375,362.5638122558594,153.36599731445312,125.53934478759766,163.6300048828125,93.98999786376953,140.22999572753906,413.3999938964844,220.99000549316406
2025-04-23,351.9599914550781,265.4200134277344,247.9845428466797,96.4375,94.58000183105469,97.0,588.6317749023438,370.0460205078125,162.5399932861328,129.6437530517578,168.32000732421875,100.81999969482422,147.38999938964844,422.2300109863281,224.8699951171875
2025-04-24,360.9100036621094,281.7799987792969,262.0628967285156,103.51249694824219,99.5999984741211,100.72000122070312,607.177978515625,382.8061828613281,187.71400451660156,135.6720733642578,176.0399932861328,107.77999877929688,158.66000366210938,438.8999938964844,236.8699951171875
2025-04-25,367.7200012207031,289.6300048828125,265.1815185546875,106.22000122070312,101.5199966430664,101.80000305175781,616.3524169921875,387.30340576171875,189.052001953125,136.6389923095703,178.97999572753906,112.77999877929688,158.39999389648438,446.6199951171875,239.52999877929688
2025-04-28,368.6199951171875,285.739990234375,262.9935607910156,105.7699966430664,101.73999786376953,102.63999938964844,610.5357666015625,386.62139892578125,187.48199462890625,138.26690673828125,181.5399932861328,114.6500015258789,158.9600067138672,443.9700012207031,239.82000732421875
2025-04-29,370.9800109863281,302.2200012207031,265.0924072265625,107.74749755859375,102.30999755859375,104.20999908447266,615.39453125,389.468017578125,188.57200622558594,138.90823364257812,186.64999389648438,116.08000183105469,160.35000610351562,460.7699890136719,243.38999938964844
2025-04-30,374.9800109863281,297.739990234375,266.032958984375,107.21749877929688,102.16000366210938,103.76000213623047,619.6608276367188,390.673828125,191.0019989013672,138.83917236328125,186.92999267578125,118.44000244140625,159.49000549316406,459.010009765625,245.0
2025-05-01,374.6300048828125,299.7300109863281,266.646728515625,107.97000122070312,106.31999969482422,104.20999908447266,615.4340209960938,420.464111328125,191.58999633789062,143.54544067382812,186.27000427246094,116.19999694824219,165.36000061035156,459.3599853515625,246.61000061035156
2025-05-02,380.8699951171875,308.1499938964844,272.3394470214844,110.1449966430664,105.0,106.18000030517578,623.818359375,430.2295227050781,195.4720001220703,148.71539306640625,187.6999969482422,124.27999877929688,167.66000366210938,472.2799987792969,248.67999267578125
2025-05-05,381.05999755859375,308.8299865722656,269.91387939453125,110.86750030517578,105.69999694824219,108.69000244140625,624.3121337890625,431.10919189453125,195.61000061035156,147.2946014404297,188.1300048828125,123.7699966430664,167.8699951171875,477.4100036621094,248.33999633789062
2025-05-06,382.9800109863281,305.7799987792969,270.6365966796875,110.80249786376953,106.05999755859375,107.13999938964844,618.7521362304688,428.2823181152344,193.052001953125,145.72589111328125,188.69000244140625,108.86000061035156,168.4499969482422,473.54998779296875,247.7899932861328
2025-05-07,384.9700012207031,308.3399963378906,275.4581298828125,105.62999725341797,106.0199966430664,106.72000122070312,633.16064453125,428.3218688964844,196.6580047607422,147.37355041503906,188.13999938964844,110.4800033569336,170.55999755859375,480.5400085449219,250.5800018310547
2025-05-08,383.989990234375,307.9599914550781,276.9530029296875,107.15750122070312,109.22000122070312,97.73999786376953,647.9147338867188,433.0859680175781,194.8979949951172,148.2911376953125,188.52999877929688,119.1500015258789,173.97000122070312,484.5,257.9800109863281
2025-05-09,383.2799987792969,305.7799987792969,272.6761169433594,102.64250183105469,107.87999725341797,97.41999816894531,645.7420654296875,433.63946533203125,196.01199340820312,148.3306121826172,186.92999267578125,117.30000305175781,174.13999938964844,482.8999938964844,259.17999267578125
2025-05-12,395.94000244140625,311.7699890136719,285.9425964355469,107.36000061035156,113.41999816894531,102.04000091552734,654.0571899414062,444.0472717285156,203.1199951171875,155.11863708496094,193.5,118.45999908447266,180.5399932861328,505.5899963378906,266.57000732421875
2025-05-13,397.3999938964844,318.6600036621094,286.2890930175781,110.05000305175781,117.30999755859375,105.05000305175781,648.625732421875,443.9287414550781,207.343994140625,160.1011505126953,192.0,128.10000610351562,181.02000427246094,515.7100219726562,270.0199890136719
2025-05-14,399.4700012207031,319.3900146484375,287.8434143066406,108.98500061035156,119.08999633789062,103.2300033569336,644.7052001953125,447.6846008300781,205.36399841308594,160.77206420898438,190.89999389648438,130.17999267578125,181.4499969482422,517.6599731445312,271.1700134277344
2025-05-15,404.69000244140625,318.7699890136719,287.8632507324219,107.95999908447266,117.13999938964844,102.55999755859375,653.0795288085938,448.6946105957031,207.03599548339844,157.26950073242188,192.89999389648438,128.1199951171875,182.97000122070312,514.47998046875,274.7099914550781
2025-05-16,417.1300048828125,321.55999755859375,288.2493591308594,109.81500244140625,117.66999816894531,104.58999633789062,661.93798828125,449.8234558105469,208.03599548339844,158.34494018554688,192.97999572753906,129.52000427246094,183.0800018310547,514.4299926757812,273.04998779296875
2025-05-19,420.67999267578125,320.29998779296875,284.7644348144531,111.0875015258789,116.45999908447266,104.75,662.5107421875,454.37841796875,205.14999389648438,157.5063018798828,194.3000030517578,126.33000183105469,182.0500030517578,516.010009765625,273.29998779296875
2025-05-20,417.6099853515625,320.54998779296875,285.190185546875,110.5625,116.29000091552734,104.79000091552734,662.8069458007812,453.685302734375,204.3679962158203,158.16732788085938,194.47999572753906,125.58999633789062,182.8800048828125,515.6099853515625,273.8399963378906
2025-05-21,414.0299987792969,317.54998779296875,279.4677429199219,108.68499755859375,113.69000244140625,102.83999633789062,651.7660522460938,448.14007568359375,202.95199584960938,155.07916259765625,181.25999450683594,120.58000183105469,179.1199951171875,501.4599914550781,268.5400085449219
2025-05-22,414.3299865722656,316.6300048828125,280.59637451171875,111.01750183105469,115.66999816894531,103.62000274658203,657.7803955078125,450.4076843261719,203.1540069580078,155.20745849609375,186.13999938964844,122.29000091552734,203.17999267578125,503.4800109863281,272.07000732421875
2025-05-23,407.69000244140625,315.510009765625,270.4089050292969,113.89749908447266,114.45999908447266,103.16000366210938,711.1675415039062,445.7734680175781,200.87399291992188,153.88534545898438,186.75,123.30999755859375,200.0500030517578,498.8500061035156,238.00999450683594
2025-05-27,413.1000061035156,323.0799865722656,274.4284973144531,118.05500030517578,117.5999984741211,104.73999786376953,742.6014404296875,456.1805725097656,205.47799682617188,159.74595642089844,187.4600067138672,123.38999938964844,206.35000610351562,511.7900085449219,239.3000030517578
2025-05-28,412.2300109863281,288.6099853515625,273.2799987792969,117.2074966430664,116.30000305175781,104.51000213623047,745.0604248046875,452.8831787109375,204.25999450683594,161.6600341796875,187.8000030517578,123.76000213623047,204.39999389648438,462.42999267578125,239.89999389648438
2025-05-29,413.3599853515625,284.5,264.2607421875,114.70249938964844,117.0,102.04000091552734,747.7958374023438,454.1902770996094,203.04600524902344,160.72271728515625,185.82000732421875,122.31999969482422,202.30999755859375,454.989990234375,241.75999450683594
2025-05-30,415.0899963378906,287.07000732421875,262.7261962890625,117.84249877929688,117.87999725341797,101.77999877929688,744.0925903320312,455.85382080078125,202.21800231933594,163.31756591796875,192.4199981689453,131.77999877929688,205.6699981689453,463.9800109863281,247.7100067138672
2025-06-02,403.3999938964844,292.5299987792969,259.0135498046875,119.7925033569336,117.73999786376953,102.47000122070312,755.4691772460938,457.4480895996094,202.4219970703125,164.3436737060547,194.86000061035156,132.0399932861328,210.1699981689453,466.1499938964844,247.75
2025-06-03,412.489990234375,293.3299865722656,261.8351745605469,122.19000244140625,118.66000366210938,102.87999725341797,755.143310546875,458.4382629394531,202.17599487304688,166.87933349609375,197.1199951171875,133.1699981689453,209.14999389648438,466.260009765625,251.1199951171875
2025-06-04,413.9100036621094,294.3999938964844,260.54815673828125,115.13999938964844,119.69999694824219,101.62000274658203,757.2666625976562,459.3294677734375,202.54800415039062,165.8532257080078,194.07000732421875,130.00999450683594,209.60000610351562,473.19000244140625,249.47999572753906
2025-06-05,415.20001220703125,296.2900085449219,264.4786071777344,115.73500061035156,121.75,103.5,757.0986938476562,463.1021423339844,203.52000427246094,168.85260009765625,197.11000061035156,119.91000366210938,210.10000610351562,482.20001220703125,250.10000610351562
2025-06-06,416.9200134277344,296.95001220703125,271.775146484375,117.10250091552734,122.16000366210938,104.94000244140625,761.9772338867188,465.7757263183594,206.04200744628906,171.69412231445312,199.60000610351562,127.72000122070312,210.83999633789062,486.0,252.72000122070312
2025-06-09,416.260009765625,301.6600036621094,269.5376281738281,116.09750366210938,121.16999816894531,102.08000183105469,754.8668823242188,468.12255859375,205.3719940185547,174.7822723388672,196.3300018310547,132.05999755859375,210.85000610351562,495.7699890136719,252.89999389648438
2025-06-10,416.05999755859375,305.69000244140625,265.5478515625,116.9124984741211,119.91000366210938,101.62999725341797,752.6151123046875,466.3104553222656,201.95799255371094,175.10784912109375,195.9499969482422,132.80999755859375,208.24000549316406,504.3999938964844,252.72999572753906
2025-06-11,412.8399963378906,307.20001220703125,263.2608337402344,119.24500274658203,118.62999725341797,102.0199966430664,755.232177734375,467.9938049316406,200.86599731445312,174.0225830078125,194.38999938964844,136.38999938964844,208.61000061035156,500.7300109863281,251.36000061035156
2025-06-12,413.67999267578125,307.8500061035156,264.2508544921875,120.43250274658203,122.68000030517578,101.66000366210938,756.6741333007812,474.1826477050781,201.4739990234375,197.188720703125,197.6699981689453,135.19000244140625,211.27999877929688,494.989990234375,250.69000244140625
2025-06-13,391.67999267578125,300.0,255.82562255859375,120.15499877929688,120.44999694824219,100.83000183105469,744.59619140625,470.3109130859375,197.73199462890625,212.34344482421875,196.27000427246094,137.39999389648438,208.17999267578125,478.8599853515625,244.5399932861328
2025-06-16,401.7300109863281,300.80999755859375,261.25103759765625,119.84750366210938,121.93000030517578,101.94999694824219,758.520751953125,474.45001220703125,201.0260009765625,208.27850341796875,198.11000061035156,141.41000366210938,209.1199951171875,479.4100036621094,245.64999389648438
2025-06-17,382.67999267578125,299.0,260.1421813964844,123.00749969482422,124.83999633789062,102.87999725341797,755.38037109375,473.36077880859375,200.98199462890625,205.3975067138672,202.0500030517578,138.1999969482422,209.4499969482422,475.3999938964844,242.6999969482422
2025-06-18,378.0400085449219,296.8399963378906,257.32208251953125,121.29000091552734,130.0399932861328,100.81999969482422,745.4356079101562,475.5392150878906,196.41600036621094,208.05157470703125,199.77999877929688,139.9600067138672,212.0800018310547,473.6199951171875,236.8800048828125
2025-06-20,376.9200134277344,295.3999938964844,258.4425964355469,119.07499694824219,127.5,99.8499984741211,751.6671142578125,472.7270202636719,194.28199768066406,202.42774963378906,199.24000549316406,137.3000030517578,211.99000549316406,470.5299987792969,238.19000244140625
2025-06-23,380.1199951171875,293.55999755859375,261.1992492675781,122.95249938964844,129.52000427246094,103.1500015258789,753.0596313476562,481.24285888671875,196.0800018310547,204.2727508544922,203.32000732421875,139.9199981689453,213.7100067138672,470.9800109863281,236.5800018310547
2025-06-24,382.3399963378906,296.79998779296875,268.8941345214844,121.34500122070312,130.8300018310547,104.41999816894531,749.5833740234375,485.3125915527344,199.26400756835938,212.3927764892578,201.69000244140625,143.22999572753906,223.13999938964844,478.9800109863281,239.19000244140625
2025-06-25,387.54998779296875,297.5299987792969,265.51275634765625,123.52249908447266,130.24000549316406,103.69000244140625,748.4279174804688,487.45147705078125,201.03199768066406,207.903564453125,204.3000030517578,142.89999389648438,221.52000427246094,487.2699890136719,233.4600067138672
2025-06-26,384.95001220703125,303.69000244140625,268.4677429199219,126.30500030517578,131.1199951171875,103.86000061035156,763.2412719726562,492.5807800292969,202.28799438476562,209.97552490234375,202.33999633789062,144.25,221.9199981689453,495.70001220703125,237.2100067138672
2025-06-27,385.8299865722656,305.20001220703125,271.1252746582031,124.8324966430664,132.0800018310547,103.11000061035156,766.9050903320312,491.0855712890625,204.48399353027344,207.42999267578125,200.57000732421875,130.74000549316406,222.61000061035156,502.6300048828125,237.3699951171875
2025-06-30,386.8800048828125,308.1499938964844,270.4013671875,127.32749938964844,134.3300018310547,105.72000122070312,777.827392578125,492.54119873046875,205.61599731445312,215.70787048339844,204.63999938964844,136.32000732421875,223.77000427246094,512.6799926757812,240.0
2025-07-01,392.1000061035156,309.4599914550781,269.6279296875,123.01750183105469,132.3300018310547,102.43000030517578,769.9072875976562,487.2336120605469,202.3780059814453,216.033447265625,197.5800018310547,130.67999267578125,215.97000122070312,521.780029296875,239.22999572753906
2025-07-02,378.4700012207031,310.95001220703125,266.9505615234375,124.0250015258789,135.00999450683594,102.20999908447266,764.0708618164062,486.2830505371094,201.95199584960938,226.90614318847656,196.97000122070312,132.1199951171875,217.33999633789062,523.1099853515625,237.74000549316406
2025-07-03,379.30999755859375,326.80999755859375,269.8659362792969,128.52499389648438,155.14999389648438,105.66000366210938,770.9244384765625,493.9571838378906,208.93800354003906,234.1480712890625,201.82000732421875,134.36000061035156,221.49000549316406,548.739990234375,241.75999450683594
2025-07-07,376.92999267578125,320.29998779296875,267.53564453125,126.36499786376953,152.41000366210938,106.6500015258789,773.8575439453125,492.84814453125,207.0019989013672,229.1556854248047,201.4199981689453,139.1199951171875,225.7899932861328,536.52001953125,241.2100067138672
2025-07-08,382.239990234375,323.2799987792969,271.35333251953125,126.92749786376953,145.94000244140625,107.54000091552734,771.7539672851562,491.7589111328125,204.5959930419922,231.36575317382812,203.99000549316406,139.7100067138672,223.5,551.510009765625,240.47000122070312
2025-07-09,373.3800048828125,322.9100036621094,268.6462707519531,128.37750244140625,142.75,107.6500015258789,760.011962890625,498.58148193359375,202.74200439453125,232.65821838378906,206.05999755859375,143.1300048828125,221.89999389648438,550.9500122070312,240.1699981689453
2025-07-10,371.42999267578125,322.6600036621094,261.7546081542969,121.77749633789062,137.49000549316406,100.19999694824219,739.59130859375,496.5713806152344,193.6179962158203,232.3517303466797,192.07000732421875,142.5,214.4199981689453,566.1900024414062,229.3000030517578
2025-07-11,363.3500061035156,320.6000061035156,255.90406799316406,119.61250305175781,137.3699951171875,99.05999755859375,739.59130859375,498.3933410644531,187.75599670410156,227.96176147460938,187.38999938964844,142.10000610351562,210.83999633789062,559.280029296875,223.3699951171875
2025-07-14,366.989990234375,317.489990234375,257.50054931640625,119.04499816894531,138.8000030517578,102.97000122070312,744.3875122070312,498.09625244140625,192.3560028076172,226.69618225097656,190.72000122070312,149.14999389648438,213.52000427246094,549.530029296875,224.75999450683594
2025-07-15,364.17999267578125,318.0400085449219,255.4181671142578,118.31999969482422,140.55999755859375,104.93000030517578,737.6630859375,500.86883544921875,191.38400268554688,232.31219482421875,192.25,148.5800018310547,212.7899932861328,569.0999755859375,224.9199981689453
2025-07-16,361.7699890136719,314.5799865722656,255.7851104736328,117.61250305175781,139.36000061035156,103.44000244140625,742.3800048828125,500.6708068847656,193.3939971923828,238.5807342529297,192.58999633789062,150.91000366210938,211.94000244140625,571.2000122070312,226.72999572753906
2025-07-17,366.45001220703125,320.8599853515625,257.6989440917969,117.4574966430664,143.14999389648438,104.91999816894531,746.9783325195312,506.6913146972656,191.8300018310547,245.94677734375,196.27999877929688,153.99000549316406,211.5800018310547,589.010009765625,230.88999938964844
2025-07-18,365.7900085449219,315.57000732421875,260.1779479980469,118.98999786376953,145.02000427246094,105.41999816894531,744.2688598632812,505.05743408203125,192.67999267578125,242.68397521972656,195.77999877929688,153.52000427246094,216.88999938964844,584.760009765625,233.05999755859375
2025-07-21,367.67999267578125,316.32000732421875,260.0787658691406,120.3949966430664,145.27000427246094,106.94000244140625,755.2059326171875,505.06732177734375,191.98199462890625,240.79550170898438,199.8800048828125,151.7899932861328,215.64999389648438,591.4600219726562,233.7100067138672
2025-07-22,372.8699951171875,319.6000061035156,261.37774658203125,117.80750274658203,144.88999938964844,104.80999755859375,758.2615966796875,500.32421875,192.4739990234375,235.4266815185547,196.72999572753906,149.07000732421875,212.25,615.1300048828125,239.11000061035156
2025-07-23,372.4599914550781,326.4599914550781,264.9772644042969,115.37999725341797,144.0,105.05999755859375,767.3792114257812,500.9183349609375,191.28599548339844,239.17396545410156,199.22000122070312,154.6300048828125,212.55999755859375,614.4199829101562,241.02999877929688
2025-07-24,371.69000244140625,324.6400146484375,265.4532775878906,115.50749969482422,146.55999755859375,104.7699966430664,772.5313720703125,505.87933349609375,199.23599243164062,240.09352111816406,201.16000366210938,154.86000061035156,215.02000427246094,609.6799926757812,237.1999969482422
2025-07-25,370.739990234375,332.19000244140625,266.8514099121094,116.9800033569336,149.83999633789062,104.81999969482422,777.2186889648438,508.6816711425781,193.75799560546875,242.35768127441406,203.27000427246094,158.8000030517578,219.50999450683594,601.5499877929688,241.74000549316406
2025-07-28,369.4700012207031,333.760009765625,267.9818420410156,118.04499816894531,150.77000427246094,104.87999725341797,789.8566284179688,507.48345947265625,197.14999389648438,244.9185028076172,204.5,157.8800048828125,218.6699981689453,592.6300048828125,238.0399932861328
2025-07-29,370.70001220703125,366.260009765625,265.1459045410156,116.37750244140625,150.27000427246094,104.7699966430664,797.3821411132812,507.5527648925781,198.63999938964844,247.16293334960938,193.83999633789062,156.24000549316406,218.75999450683594,635.8099975585938,239.6300048828125
2025-07-30,364.0,371.0299987792969,262.5874938964844,115.7874984741211,148.8800048828125,101.70999908447266,798.4205322265625,508.2161865234375,195.49600219726562,247.77593994140625,183.02999877929688,158.61000061035156,220.27999877929688,645.3499755859375,237.67999267578125
2025-07-31,357.69000244140625,364.57000732421875,256.1618957519531,113.64250183105469,139.97999572753906,99.9000015258789,776.4077758789062,528.2778930664062,188.62399291992188,250.9102020263672,173.60000610351562,158.35000610351562,223.5,633.469970703125,229.3800048828125
2025-08-01,347.79998779296875,356.9700012207031,248.63560485839844,111.66500091552734,135.60000610351562,97.36000061035156,767.527587890625,518.9797973632812,182.87399291992188,241.6655731201172,172.8800048828125,154.27000427246094,205.02000427246094,618.6500244140625,222.22000122070312
2025-08-04,338.8500061035156,364.8800048828125,250.2023468017578,113.71499633789062,139.1300048828125,98.55000305175781,776.150634765625,530.3970336914062,184.60000610351562,249.6842041015625,171.0,160.66000366210938,208.47999572753906,636.02001953125,225.1199951171875
2025-08-05,338.739990234375,360.5,245.4128875732422,110.4375,132.94000244140625,96.20999908447266,760.7239990234375,522.584228515625,181.0240020751953,252.78880310058594,169.08999633789062,173.27000427246094,205.77000427246094,628.5,224.97999572753906
2025-08-06,345.6199951171875,360.1600036621094,247.0787811279297,112.92250061035156,136.9600067138672,96.58000183105469,770.8106689453125,519.8016967773438,182.46200561523438,253.54022216796875,172.88999938964844,179.5399932861328,210.5399932861328,625.8800048828125,229.0800018310547
2025-08-07,338.2699890136719,354.3299865722656,238.85836791992188,106.25,136.3800048828125,75.30000305175781,753.1490478515625,515.7418823242188,174.82400512695312,246.57955932617188,168.10000610351562,182.1999969482422,206.39999389648438,620.3300170898438,220.97999572753906
2025-08-08,341.04998779296875,352.05999755859375,238.491455078125,106.12249755859375,130.91000366210938,74.38999938964844,740.67919921875,516.9300537109375,174.5019989013672,247.23214721679688,167.05999755859375,186.9600067138672,191.72999572753906,619.4199829101562,222.07000732421875
2025-08-11,333.6499938964844,349.0899963378906,230.72715759277344,106.60749816894531,128.8300018310547,74.56999969482422,698.245849609375,516.6627197265625,171.2740020751953,249.83250427246094,168.1699981689453,182.67999267578125,191.8000030517578,616.1199951171875,213.69000244140625
2025-08-12,338.42999267578125,353.6099853515625,229.7157440185547,108.94999694824219,128.9600067138672,78.47000122070312,705.5537109375,524.0595703125,170.68600463867188,250.9991912841797,175.39999389648438,186.97000122070312,193.05999755859375,625.7999877929688,214.60000610351562
2025-08-13,351.07000732421875,349.1199951171875,235.04066467285156,108.02999877929688,128.7100067138672,79.33000183105469,703.8034057617188,515.4844360351562,172.66000366210938,241.4282684326172,176.86000061035156,184.3699951171875,196.8699951171875,618.5700073242188,223.07000732421875
2025-08-14,348.5799865722656,348.9200134277344,231.411376953125,106.21499633789062,124.5199966430664,77.25,702.7453002929688,517.36572265625,170.1719970703125,242.1995086669922,173.5500030517578,181.02000427246094,194.89999389648438,616.3599853515625,221.9199981689453
2025-08-15,354.8500061035156,349.8800048828125,240.40525817871094,106.9749984741211,127.25,79.11000061035156,708.777587890625,515.078369140625,173.447998046875,245.48208618164062,177.08999633789062,177.1699981689453,199.0800018310547,617.9099731445312,226.08999633789062
2025-08-18,357.239990234375,356.25,241.92242431640625,106.58499908447266,129.07000732421875,80.76000213623047,709.2423706054688,512.038330078125,178.41000366210938,246.26318359375,176.1699981689453,174.02999877929688,198.24000549316406,625.3300170898438,231.85000610351562
2025-08-19,361.0299987792969,346.8800048828125,243.9353790283203,104.6500015258789,128.99000549316406,78.08999633789062,693.2421264648438,504.7801818847656,177.3560028076172,231.97601318359375,181.55999755859375,157.75,192.6300048828125,612.7899780273438,229.7899932861328
2025-08-20,353.42999267578125,345.45001220703125,244.38160705566406,104.7925033569336,128.4600067138672,79.61000061035156,691.3829956054688,500.7698669433594,178.0500030517578,232.4110565185547,184.42999267578125,156.00999450683594,194.8000030517578,601.1300048828125,227.49000549316406
2025-08-21,353.42999267578125,347.57000732421875,243.76681518554688,103.51499938964844,129.14999389648438,77.75,690.0083618164062,500.1251220703125,175.3939971923828,230.532470703125,183.32000732421875,156.17999267578125,194.67999267578125,598.1699829101562,227.5800018310547
2025-08-22,362.0899963378906,349.6300048828125,246.20614624023438,105.13749694824219,131.22000122070312,80.0199966430664,655.2982788085938,503.09075927734375,177.35000610351562,233.706298828125,185.8800048828125,158.74000549316406,196.80999755859375,606.52001953125,221.27000427246094
2025-08-25,363.2099914550781,345.19000244140625,245.78970336914062,104.7074966430664,128.3800048828125,77.63999938964844,649.66162109375,500.14495849609375,175.98800659179688,232.7571258544922,184.5500030517578,157.1699981689453,194.67999267578125,597.0,223.38999938964844
2025-08-26,354.9100036621094,344.0299987792969,241.69436645507812,104.4000015258789,126.30999755859375,77.6500015258789,652.2129516601562,497.9430847167969,172.9320068359375,231.57064819335938,184.22999572753906,160.8699951171875,194.35000610351562,596.0,222.8800048828125
2025-08-27,356.3500061035156,346.8800048828125,248.0604705810547,105.65249633789062,131.72999572753906,78.12999725341797,655.8026733398438,502.6047668457031,177.5959930419922,233.15260314941406,187.61000061035156,156.72000122070312,200.38999938964844,603.1699829101562,229.7100067138672
2025-08-28,353.9599914550781,354.2900085449219,252.39378356933594,110.5,140.9600067138672,79.29000091552734,660.77685546875,505.4810791015625,185.72000122070312,237.61180114746094,191.02000427246094,158.1199951171875,241.0,612.1699829101562,228.5
2025-08-29,356.70001220703125,350.42999267578125,254.099365234375,105.92500305175781,136.67999267578125,78.7699966430664,659.5901489257812,502.5551452636719,183.49200439453125,223.58168029785156,190.52000427246094,156.7100067138672,238.66000366210938,603.52001953125,230.82000732421875
2025-09-02,345.6300048828125,342.80999755859375,250.73782348632812,103.375,134.69000244140625,76.93000030517578,654.6357421875,500.9979248046875,182.28399658203125,222.76104736328125,190.52000427246094,157.08999633789062,233.60000610351562,592.010009765625,228.88999938964844
2025-09-03,348.5,347.32000732421875,254.29769897460938,103.30000305175781,132.60000610351562,76.58000183105469,661.2514038085938,501.22607421875,183.87600708007812,220.931884765625,191.52999877929688,154.89999389648438,229.3300018310547,592.1199951171875,233.42999267578125
2025-09-04,344.30999755859375,349.3299865722656,241.9620819091797,103.11499786376953,131.77999877929688,76.44000244140625,660.86572265625,503.82470703125,179.71200561523438,220.48695373535156,192.35000610351562,156.13999938964844,221.89999389648438,601.9600219726562,231.1300048828125
2025-09-05,348.9700012207031,351.010009765625,248.65542602539062,104.40750122070312,136.0800018310547,78.83000183105469,665.345458984375,490.9605407714844,182.75999450683594,230.17652893066406,194.4600067138672,153.11000061035156,225.5800018310547,598.1400146484375,231.0800018310547
2025-09-08,358.6600036621094,360.6400146484375,250.15277099609375,107.01499938964844,136.44000244140625,80.36000061035156,664.2181396484375,494.13446044921875,187.86599731445312,235.7925262451172,197.3800048828125,156.10000610351562,226.52000427246094,609.0800170898438,231.80999755859375
2025-09-09,354.05999755859375,361.7699890136719,249.9445343017578,105.87750244140625,140.4600067138672,79.83999633789062,663.4368896484375,494.34271240234375,186.73399353027344,238.7883758544922,197.5500030517578,162.36000061035156,225.55999755859375,604.3699951171875,230.72999572753906
2025-09-10,350.1600036621094,338.5299987792969,240.5341796875,106.21749877929688,139.1300048828125,79.4800033569336,648.9693603515625,496.2867126464844,184.71400451660156,324.62994384765625,197.3300018310547,166.74000549316406,225.85000610351562,387.7799987792969,226.47999572753906
2025-09-11,350.54998779296875,354.70001220703125,244.21302795410156,108.34500122070312,139.14999389648438,80.88999938964844,653.18212890625,496.9215087890625,187.656005859375,304.3906555175781,198.3300018310547,164.36000061035156,224.52999877929688,438.1000061035156,226.6699981689453
2025-09-12,349.3599853515625,343.4800109863281,240.7225799560547,109.0250015258789,136.5,79.68000030517578,638.8531494140625,505.73895263671875,185.79200744628906,288.8873596191406,196.2899932861328,171.42999267578125,221.14999389648438,425.45001220703125,223.38999938964844
2025-09-15,347.1000061035156,351.5199890136719,240.48460388183594,111.19249725341797,138.64999389648438,81.0,644.0941772460938,511.1543884277344,189.48399353027344,298.7351379394531,201.27999877929688,171.2100067138672,225.7899932861328,419.20001220703125,222.75
2025-09-16,352.7300109863281,349.010009765625,237.30152893066406,111.24500274658203,134.58999633789062,79.77999877929688,644.0645141601562,504.885986328125,186.40199279785156,303.19427490234375,201.33999633789062,170.25999450683594,215.9499969482422,425.9700012207031,219.00999450683594
2025-09-17,362.07000732421875,347.2699890136719,240.5954132080078,111.375,134.22999572753906,80.29000091552734,655.318115234375,505.8579406738281,190.07400512695312,298.01336669921875,203.1199951171875,168.3300018310547,217.9600067138672,425.3999938964844,234.8800048828125
2025-09-18,367.4599914550781,364.8800048828125,242.65162658691406,125.65750122070312,136.80999755859375,80.98999786376953,667.461669921875,504.3008117675781,189.54800415039062,293.27734375,205.67999267578125,176.97000122070312,222.11000061035156,480.1099853515625,233.5
2025-09-19,365.8999938964844,373.3500061035156,245.44288635253906,125.63749694824219,138.82000732421875,84.20999908447266,680.2777099609375,513.7034301757812,192.22999572753906,305.1816711425781,208.19000244140625,182.38999938964844,230.47999572753906,495.5,233.6199951171875
2025-09-22,364.0799865722656,373.3699951171875,248.02554321289062,123.28500366210938,138.35000610351562,85.01000213623047,694.290283203125,510.25189208984375,189.55599975585938,324.4519958496094,208.17999267578125,179.3300018310547,229.5399932861328,514.7899780273438,242.66000366210938
2025-09-23,361.7799987792969,366.29998779296875,242.92974853515625,121.0250015258789,137.49000549316406,85.2699966430664,691.4126586914062,505.0744323730469,185.53399658203125,310.2933654785156,203.25,182.5500030517578,223.5399932861328,490.32000732421875,240.32000732421875
2025-09-24,353.2699890136719,356.9599914550781,244.2509002685547,119.0824966430664,136.57000732421875,83.5999984741211,687.0713500976562,505.98687744140625,186.6739959716797,304.9838562011719,200.6999969482422,179.55999755859375,222.57000732421875,468.0899963378906,241.50999450683594
2025-09-25,354.1600036621094,351.05999755859375,239.34381103515625,118.27249908447266,136.60000610351562,83.20999908447266,684.98486328125,502.8923645019531,183.7220001220703,288.0469055175781,202.2100067138672,179.1199951171875,221.60000610351562,487.20001220703125,242.75
2025-09-26,360.3699951171875,350.1099853515625,241.80728149414062,120.3550033569336,139.07000732421875,84.31999969482422,690.5028076171875,507.28619384765625,187.1999969482422,280.265625,202.3699951171875,177.57000732421875,224.63999938964844,487.760009765625,246.6699981689453
2025-09-29,359.4200134277344,348.5199890136719,243.46617126464844,122.11250305175781,145.25999450683594,84.6500015258789,686.9724731445312,510.4005432128906,188.1699981689453,279.5735168457031,203.9600067138672,178.86000061035156,225.25,481.6099853515625,247.69000244140625
2025-09-30,352.75,351.260009765625,235.420166015625,122.59500122070312,142.39999389648438,84.08000183105469,675.3233642578125,513.7232666015625,184.05599975585938,278.0706481933594,203.6199951171875,182.4199981689453,225.5500030517578,493.3900146484375,240.72999572753906
2025-10-01,343.7200012207031,351.9700012207031,234.118896484375,124.98999786376953,152.6999969482422,85.18000030517578,671.9512329101562,515.4688720703125,182.48599243164062,285.7530822753906,206.8000030517578,184.9499969482422,230.5500030517578,488.7799987792969,232.2100067138672
2025-10-02,351.4800109863281,347.239990234375,237.28762817382812,124.19999694824219,151.57000732421875,86.29000091552734,674.2850341796875,511.53125,182.02000427246094,285.5256652832031,209.3000030517578,187.0500030517578,240.5399932861328,471.1499938964844,232.10000610351562
2025-10-03,346.739990234375,347.2699890136719,238.75775146484375,122.47000122070312,151.82000732421875,85.79000091552734,672.3863525390625,513.1281127929688,182.4720001220703,282.9154357910156,207.19000244140625,173.07000732421875,235.08999633789062,469.1700134277344,236.47999572753906
2025-10-06,350.1400146484375,353.3599853515625,244.14161682128906,123.98750305175781,157.36000061035156,86.37999725341797,662.6458740234375,524.256591796875,182.5679931640625,288.30401611328125,212.5800018310547,179.52999877929688,242.52000427246094,478.2200012207031,238.36000061035156
2025-10-07,348.30999755859375,345.4800109863281,238.1418914794922,121.15499877929688,154.52000427246094,84.91999816894531,650.68017578125,519.7039794921875,180.84800720214844,281.03680419921875,211.0399932861328,182.1699981689453,234.80999755859375,477.8299865722656,233.1699981689453
2025-10-08,348.7699890136719,350.0,238.8272705078125,127.48750305175781,164.1199951171875,86.45999908447266,650.4923095703125,520.5669555664062,182.86399841308594,285.3773498535156,217.7899932861328,183.55999755859375,250.2100067138672,489.3599853515625,238.25
2025-10-09,347.4700012207031,348.6700134277344,243.6946258544922,127.28250122070312,164.07000732421875,86.19000244140625,638.9209594726562,518.1369018554688,183.58999633789062,294.12298583984375,215.1699981689453,185.47000122070312,250.6699981689453,484.4100036621094,238.22000122070312
2025-10-10,337.510009765625,327.0,240.06893920898438,123.41500091552734,158.74000549316406,83.04000091552734,635.820068359375,506.7903137207031,177.74200439453125,290.16119384765625,208.5500030517578,175.44000244140625,242.1699981689453,438.9200134277344,233.17999267578125
2025-10-13,339.32000732421875,332.2300109863281,247.09182739257812,127.15249633789062,164.1999969482422,84.19999694824219,649.5808715820312,509.8551025390625,184.74000549316406,305.06744384765625,213.27999877929688,177.2100067138672,247.27000427246094,448.0,236.60000610351562
2025-10-14,335.94000244140625,325.75,238.17169189453125,122.23500061035156,160.8800048828125,83.08000183105469,651.0470581054688,509.37896728515625,182.2519989013672,296.1435241699219,207.55999755859375,179.74000549316406,240.8300018310547,443.760009765625,237.17999267578125
2025-10-15,330.6300048828125,324.1000061035156,235.00294494628906,122.25499725341797,160.02000427246094,83.58000183105469,646.6187133789062,509.24017333984375,180.61000061035156,300.7193908691406,206.6999969482422,179.6199951171875,240.86000061035156,435.8999938964844,234.75999450683594
2025-10-16,329.2300109863281,324.25,244.3601531982422,120.55750274658203,151.1699981689453,83.13999938964844,640.9717407226562,507.4349670410156,178.8979949951172,310.0097961425781,205.50999450683594,178.1199951171875,240.05999755859375,440.20001220703125,227.60000610351562
2025-10-17,333.260009765625,326.1199951171875,241.45962524414062,121.1624984741211,152.8699951171875,83.44000244140625,655.23779296875,509.388916015625,180.72000122070312,288.5269775390625,207.88999938964844,178.14999389648438,240.74000549316406,447.6400146484375,234.25
2025-10-20,343.3999938964844,329.6400146484375,252.5849609375,125.90249633789062,156.2949981689453,84.86000061035156,658.5863037109375,512.5726928710938,183.50999450683594,274.5319519042969,211.82000732421875,181.58999633789062,245.6699981689453,453.3500061035156,241.1999969482422
2025-10-21,357.54998779296875,333.45001220703125,261.6540832519531,125.98750305175781,156.25,84.77999877929688,668.7608032226562,513.4356079101562,188.3000030517578,272.5213623046875,214.39999389648438,181.50999450683594,247.52000427246094,459.0400085449219,245.6699981689453
2025-10-22,354.0899963378906,330.510009765625,254.92926025390625,125.02749633789062,154.2100067138672,84.66000366210938,664.530517578125,516.2921142578125,187.1300048828125,270.05517578125,212.4199981689453,175.49000549316406,241.6699981689453,454.29998779296875,242.8300018310547
2025-10-23,354.1199951171875,337.2699890136719,253.34983825683594,130.4949951171875,156.58999633789062,84.93000030517578,671.4158325195312,516.3119506835938,187.83399963378906,277.3944091796875,215.02000427246094,180.47999572753906,252.99000549316406,456.0899963378906,243.27999877929688
2025-10-24,353.5199890136719,345.1000061035156,253.1313018798828,131.8300018310547,156.47000122070312,85.55999755859375,676.7359008789062,519.3370361328125,186.03399658203125,280.62322998046875,217.11000061035156,184.6300048828125,257.94000244140625,464.17999267578125,242.75
2025-10-27,357.79998779296875,351.3999938964844,253.76702880859375,132.4250030517578,157.6199951171875,85.29000091552734,677.0331420898438,527.1824951171875,189.25799560546875,278.711669921875,220.2899932861328,189.17999267578125,265.9700012207031,465.4100036621094,238.91000366210938
2025-10-28,359.9100036621094,341.29998779296875,252.56509399414062,136.73500061035156,157.27000427246094,85.87000274658203,672.6146240234375,537.6463623046875,187.58200073242188,278.1470947265625,221.3800048828125,189.60000610351562,267.04998779296875,456.8299865722656,236.92999267578125
2025-10-29,337.8599853515625,341.42999267578125,249.7837677001953,136.375,156.0,84.22000122070312,649.9375,537.130615234375,182.33999633789062,272.669921875,217.16000366210938,198.80999755859375,269.70001220703125,455.3399963378906,231.36000061035156
2025-10-30,339.239990234375,336.0899963378906,254.93914794921875,134.6699981689453,157.07000732421875,84.19999694824219,650.0762329101562,521.4695434570312,186.93600463867188,254.4358367919922,218.27000427246094,194.5500030517578,271.17999267578125,442.92999267578125,232.8699951171875
2025-10-31,340.30999755859375,338.69000244140625,258.6741027832031,135.75250244140625,162.80999755859375,86.43000030517578,661.3404541015625,513.5843505859375,183.8560028076172,260.1011657714844,220.24000549316406,200.47000122070312,274.8800048828125,453.82000732421875,239.9199981689453
2025-11-03,337.4700012207031,335.4100036621094,259.597900390625,137.97999572753906,162.0800018310547,87.5199966430664,669.9000854492188,512.8107299804688,182.76800537109375,255.38665771484375,219.22999572753906,207.17999267578125,277.1400146484375,445.7200012207031,237.67999267578125
2025-11-04,335.3500061035156,333.2200012207031,252.743896484375,133.47999572753906,157.50999450683594,85.22000122070312,654.2767333984375,510.1327819824219,177.51400756835938,245.79913330078125,214.52000427246094,190.74000549316406,265.4200134277344,416.3500061035156,233.47000122070312
2025-11-05,335.5299987792969,327.6300048828125,250.99562072753906,133.53500366210938,154.97999572753906,85.98999786376953,649.234130859375,503.02130126953125,175.92599487304688,247.91868591308594,213.17999267578125,187.89999389648438,264.7900085449219,409.1099853515625,232.10000610351562
2025-11-06,327.3500061035156,324.45001220703125,237.67501831054688,133.1300048828125,190.82000732421875,80.54000091552734,647.5598754882812,493.04339599609375,171.75399780273438,241.47088623046875,211.3699951171875,175.0500030517578,264.7200012207031,396.1400146484375,224.5
2025-11-07,326.95001220703125,325.04998779296875,238.2809600830078,134.95249938964844,191.24000549316406,81.79000091552734,642.8143920898438,492.76568603515625,172.37399291992188,236.9742431640625,212.2899932861328,177.92999267578125,262.8599853515625,393.42999267578125,225.1699981689453
2025-11-10,328.8500061035156,328.94000244140625,240.0987548828125,139.38250732421875,199.72000122070312,82.27999877929688,647.1932373046875,501.87078857421875,173.25999450683594,238.5292510986328,216.5399932861328,193.61000061035156,268.510009765625,400.7699890136719,227.97000122070312
2025-11-11,333.2200012207031,318.510009765625,242.8701629638672,139.1824951171875,197.86000061035156,83.66000366210938,648.2335815429688,504.5289306640625,172.13400268554688,233.8939666748047,218.27000427246094,190.9600067138672,271.260009765625,395.6000061035156,226.97999572753906
2025-11-12,337.04998779296875,315.5400085449219,244.38003540039062,136.46499633789062,190.88999938964844,82.13999938964844,653.167236328125,506.9688415527344,172.80799865722656,224.82147216796875,210.0399932861328,184.1699981689453,269.82000732421875,398.80999755859375,225.92999267578125
2025-11-13,333.6000061035156,315.989990234375,238.8272705078125,132.44500732421875,185.97000122070312,81.02999877929688,644.062744140625,499.1828918457031,169.93800354003906,215.49147033691406,204.77000427246094,172.13999938964844,256.9200134277344,393.92999267578125,223.49000549316406
2025-11-14,331.1099853515625,314.92999267578125,242.0357666015625,134.3874969482422,185.00999450683594,82.30999755859375,656.2482299804688,506.01666259765625,170.08599853515625,220.7210235595703,205.25,174.00999450683594,257.0199890136719,389.8299865722656,230.82000732421875
2025-11-17,325.07000732421875,311.2900085449219,235.44993591308594,132.44500732421875,180.25999450683594,81.94000244140625,639.9711303710938,503.3486328125,167.1580047607422,217.75958251953125,202.89999389648438,171.25,252.7899932861328,390.239990234375,224.9499969482422
2025-11-18,324.4700012207031,303.2099914550781,231.9434814453125,128.41749572753906,176.4600067138672,80.1500015258789,643.6862182617188,489.7604064941406,163.593994140625,218.38356018066406,201.0,167.3300018310547,254.50999450683594,383.82000732421875,225.63999938964844
2025-11-19,318.1099853515625,306.760009765625,226.3609619140625,130.1475067138672,176.30999755859375,79.7300033569336,644.5679321289062,483.14483642578125,163.2899932861328,223.37542724609375,199.89999389648438,165.4199981689453,252.97999572753906,386.29998779296875,223.86000061035156
2025-11-20,312.3999938964844,302.1400146484375,223.86767578125,125.32749938964844,159.57000732421875,78.04000091552734,631.5105590820312,475.41387939453125,160.0919952392578,208.6772003173828,185.07000732421875,155.7449951171875,244.66000366210938,385.6000061035156,216.80999755859375
2025-11-21,324.19000244140625,300.5799865722656,225.5960693359375,122.6675033569336,157.5500030517578,78.86000061035156,656.9814453125,469.1436767578125,162.68600463867188,196.86114501953125,182.89999389648438,154.85000610351562,234.02999877929688,388.3599853515625,225.13999938964844
2025-11-24,318.7300109863281,304.4700012207031,225.3080291748047,126.70500183105469,158.44000244140625,79.7699966430664,647.1536254882812,471.0118103027344,163.16799926757812,198.36663818359375,183.88999938964844,162.25,241.99000549316406,404.6300048828125,226.63999938964844
2025-11-25,319.54998779296875,303.6600036621094,232.55934143066406,128.0850067138672,158.99000549316406,80.87000274658203,642.0416259765625,473.9829406738281,165.06199645996094,195.14768981933594,186.27000427246094,163.5500030517578,250.32000732421875,401.6099853515625,233.69000244140625
2025-11-26,317.5199890136719,306.3500061035156,226.62913513183594,125.38500213623047,158.39999389648438,80.55000305175781,623.2778930664062,482.4393005371094,160.54400634765625,203.00193786621094,185.35000610351562,165.77000427246094,248.66000366210938,409.67999267578125,215.33999633789062
2025-11-28,320.1300048828125,311.8399963378906,229.00320434570312,127.29000091552734,160.00999450683594,81.12999725341797,628.1817626953125,488.9082946777344,162.48199462890625,200.02069091796875,190.1300048828125,168.4499969482422,251.24000549316406,418.010009765625,215.6199951171875
2025-12-01,322.8500061035156,309.6199951171875,231.2779541015625,126.03250122070312,157.89999389648438,81.81999969482422,625.7446899414062,483.6715087890625,164.41400146484375,199.02032470703125,187.72999572753906,167.49000549316406,252.0,438.2900085449219,213.35000610351562
2025-12-02,322.80999755859375,317.94000244140625,233.1454315185547,129.1374969482422,156.47999572753906,82.94000244140625,629.7174072265625,486.91094970703125,164.87600708007812,199.17881774902344,189.8800048828125,170.69000244140625,259.67999267578125,449.3500061035156,213.05999755859375
2025-12-03,326.7799987792969,336.1099853515625,237.12869262695312,131.04249572753906,155.8300018310547,82.76000213623047,641.6552734375,474.7182922363281,166.5800018310547,205.74546813964844,193.6300048828125,176.0800018310547,265.0,466.44000244140625,214.83999633789062
2025-12-04,328.7300109863281,337.29998779296875,245.8104248046875,128.27999877929688,153.0,85.18000030517578,656.9120483398438,477.8086853027344,167.7740020751953,212.2824249267578,195.67999267578125,177.9199981689453,234.77000427246094,463.739990234375,216.6199951171875
2025-12-05,346.260009765625,337.5299987792969,258.8330383300781,128.00750732421875,151.41000366210938,86.91999816894531,667.3638916015625,480.1140441894531,170.8719940185547,215.50137329101562,198.83999633789062,181.75999450683594,228.7899932861328,466.760009765625,219.9600067138672
2025-12-08,339.1199951171875,337.2900085449219,257.7999572753906,128.79750061035156,154.27999877929688,83.52999877929688,650.1356811523438,487.9245300292969,170.70399475097656,218.43309020996094,195.35000610351562,181.49000549316406,225.30999755859375,465.75,221.0
2025-12-09,344.32000732421875,335.07000732421875,259.280029296875,129.4949951171875,152.57000732421875,83.5,649.6502075195312,488.918212890625,170.98199462890625,219.41363525390625,195.0,181.83999633789062,222.60000610351562,465.8500061035156,222.25
2025-12-10,343.1300048828125,338.05999755859375,262.4388427734375,129.88499450683594,151.1999969482422,81.5999984741211,656.2681274414062,475.5430603027344,170.71200561523438,220.87948608398438,192.9600067138672,187.91000366210938,216.5500030517578,475.8299865722656,222.75
2025-12-11,350.42999267578125,335.42999267578125,260.6011657714844,129.41250610351562,149.89999389648438,82.47000122070312,669.7217407226562,480.422119140625,173.4980010986328,196.95030212402344,190.36000061035156,187.5399932861328,220.50999450683594,477.260009765625,224.0399932861328
2025-12-12,356.42999267578125,323.2200012207031,260.48199462890625,126.19499969482422,146.0,82.22000122070312,664.6890869140625,475.5132751464844,173.01199340820312,188.15513610839844,191.69000244140625,183.57000732421875,217.92999267578125,452.95001220703125,224.49000549316406
2025-12-15,351.1499938964844,318.42999267578125,252.88296508789062,121.86750030517578,142.0500030517578,81.5199966430664,648.5108642578125,471.82666015625,153.0399932861328,183.15338134765625,185.8800048828125,183.25,215.27999877929688,454.6700134277344,214.89999389648438
2025-12-16,347.8900146484375,319.5299987792969,253.21075439453125,122.13249969482422,140.0500030517578,82.47000122070312,663.1236572265625,473.3867492675781,156.2239990234375,186.8477325439453,187.08999633789062,187.75,220.60000610351562,463.3399963378906,216.11000061035156
2025-12-17,354.6600036621094,313.0199890136719,256.41925048828125,117.50499725341797,136.7100067138672,79.37999725341797,654.6334228515625,473.1184387207031,156.47799682617188,176.75509643554688,183.44000244140625,177.2899932861328,216.2899932861328,453.07000732421875,216.0
2025-12-18,355.80999755859375,315.1000061035156,256.5445861816406,119.31500244140625,138.2899932861328,79.75,662.6580810546875,480.9289245605469,153.3800048828125,178.3101043701172,185.8800048828125,185.69000244140625,221.30999755859375,458.1300048828125,218.0800018310547
2025-12-19,355.8599853515625,314.9100036621094,258.59417724609375,120.31999969482422,140.38999938964844,80.23999786376953,665.0555419921875,482.856689453125,155.30999755859375,190.1360321044922,186.8800048828125,193.3800048828125,222.4600067138672,463.7300109863281,218.6300048828125
2025-12-22,357.5299987792969,317.57000732421875,263.290283203125,120.78500366210938,141.83999633789062,81.73999786376953,668.9292602539062,481.86297607421875,156.67999267578125,196.48480224609375,189.49000549316406,193.97999572753906,226.83999633789062,481.239990234375,217.99000549316406
2025-12-23,352.4200134277344,316.92999267578125,262.0963439941406,119.70999908447266,141.22999572753906,80.66000366210938,667.8692016601562,483.78082275390625,154.36000061035156,193.4738311767578,188.1199951171875,194.1300048828125,225.10000610351562,475.4700012207031,215.44000244140625
2025-12-24,352.9800109863281,317.760009765625,263.9171142578125,119.27749633789062,138.0399932861328,81.18000030517578,668.552734375,484.94342041015625,152.58999633789062,195.60328674316406,187.22000122070312,194.1699981689453,221.92999267578125,475.75,216.85000610351562
2025-12-26,353.79998779296875,318.8900146484375,264.73291015625,120.29750061035156,138.31500244140625,81.55999755859375,670.2567138671875,484.6354064941406,153.88999938964844,196.09852600097656,188.4499969482422,188.7100067138672,223.8800048828125,477.1400146484375,220.6999969482422
2025-12-29,353.1600036621094,317.7099914550781,264.8821716308594,118.97750091552734,137.94000244140625,80.81999969482422,667.8790893554688,484.02923583984375,154.5800018310547,193.51345825195312,186.85000610351562,184.17999267578125,222.89999389648438,478.9700012207031,218.99000549316406
2025-12-30,352.510009765625,315.6000061035156,264.5737609863281,118.90750122070312,137.47999572753906,80.30999755859375,663.6488037109375,484.4068603515625,154.22999572753906,195.32598876953125,186.85000610351562,180.83999633789062,222.0500030517578,474.489990234375,216.92999267578125
2025-12-31,349.989990234375,312.5799865722656,263.56884765625,117.19000244140625,135.99000549316406,79.41000366210938,656.2581176757812,480.5711669921875,153.19000244140625,193.04794311523438,184.1999969482422,177.75,219.36000061035156,469.7200012207031,214.77999877929688
2026-01-02,333.29998779296875,310.3999938964844,252.33599853515625,113.3949966430664,133.77000427246094,77.87999725341797,623.6047973632812,469.95849609375,147.4499969482422,193.84031677246094,179.3699951171875,167.86000061035156,216.7100067138672,480.4200134277344,205.7899932861328
2026-01-05,331.55999755859375,301.2200012207031,254.962646484375,114.13749694824219,133.63999938964844,77.94000244140625,627.9440307617188,469.86907958984375,147.60000610351562,190.75010681152344,182.1199951171875,174.0399932861328,224.36000061035156,494.19000244140625,208.89999389648438
2026-01-06,335.989990234375,314.6400146484375,261.5690002441406,114.58000183105469,137.10000610351562,78.44000244140625,641.1797485351562,475.4933776855469,148.80999755859375,191.89903259277344,185.86000061035156,179.7100067138672,234.52999877929688,508.7699890136719,210.3000030517578
2026-01-07,338.1000061035156,320.5400085449219,264.772705078125,119.72750091552734,141.44500732421875,80.0199966430664,645.093017578125,480.422119140625,150.89999389648438,190.99771118164062,193.89999389648438,181.67999267578125,233.5,519.7000122070312,211.13999938964844
2026-01-08,339.0400085449219,318.79998779296875,259.2110290527344,115.96749877929688,130.67999267578125,78.05000305175781,646.6781616210938,475.0959167480469,146.19000244140625,187.83819580078125,190.8000030517578,176.86000061035156,223.7899932861328,514.489990234375,209.7899932861328
2026-01-09,333.95001220703125,327.30999755859375,258.6239929199219,117.65249633789062,125.48999786376953,79.22000122070312,642.0629272460938,476.258544921875,141.8000030517578,197.14321899414062,189.02000427246094,177.49000549316406,219.08999633789062,525.1799926757812,207.19000244140625
2026-01-12,327.6499938964844,325.510009765625,258.0867614746094,116.74749755859375,126.56999969482422,78.66000366210938,630.6885986328125,474.1717529296875,142.63999938964844,203.26048278808594,188.8800048828125,179.41000366210938,220.27999877929688,533.4199829101562,207.91000366210938
2026-01-13,309.92999267578125,323.05999755859375,239.839599609375,117.00499725341797,125.5,78.33000183105469,600.754150390625,467.70281982421875,138.19000244140625,200.88705444335938,190.85000610351562,178.9600067138672,209.38999938964844,511.79998779296875,199.5500030517578
2026-01-14,304.44000244140625,313.1700134277344,238.35714721679688,115.17500305175781,122.41000366210938,76.38999938964844,562.3633422851562,456.4840087890625,134.61000061035156,192.2672576904297,190.92999267578125,178.39999389648438,206.16000366210938,505.3399963378906,193.99000549316406
2026-01-15,304.0899963378906,320.6000061035156,232.34771728515625,113.75,120.86000061035156,76.31999969482422,550.4332275390625,453.7811279296875,131.1699981689453,188.53335571289062,187.72999572753906,177.07000732421875,207.74000549316406,508.19000244140625,192.72000122070312
2026-01-16,296.1199951171875,317.45001220703125,225.96022033691406,113.47000122070312,119.0199966430664,75.37999725341797,541.212646484375,456.9609680175781,127.30999755859375,189.76473999023438,187.66000366210938,170.9600067138672,210.3800048828125,516.3099975585938,186.86000061035156
2026-01-20,290.3699951171875,307.0,218.9558563232422,110.68250274658203,117.0,75.45999908447266,524.994873046875,451.65460205078125,125.4000015258789,178.67221069335938,184.05999755859375,168.52999877929688,206.2100067138672,510.9700012207031,182.99000549316406
2026-01-21,294.2300109863281,313.8399963378906,220.45822143554688,111.47000122070312,123.45999908447266,75.75,520.9949340820312,441.3102111816406,125.30000305175781,172.67410278320312,181.47000122070312,165.3300018310547,206.5,521.9500122070312,183.41000366210938
2026-01-22,299.7300109863281,317.0899963378906,226.9352569580078,113.44249725341797,131.25,77.62000274658203,543.5947265625,448.2959289550781,128.55999755859375,176.9442596435547,182.27000427246094,165.89999389648438,211.1300048828125,509.4700012207031,188.17999267578125
2026-01-23,301.07000732421875,318.32000732421875,226.8954620361328,113.12249755859375,130.1300048828125,81.63999938964844,559.7529296875,463.0125732421875,133.11000061035156,175.9313507080078,180.17999267578125,169.60000610351562,209.69000244140625,501.3900146484375,189.25999450683594
2026-01-26,304.7200012207031,322.0199890136719,228.23861694335938,117.0824966430664,136.63999938964844,83.06999969482422,557.5694580078125,467.3152770996094,136.33999633789062,181.1747283935547,184.22000122070312,167.47000122070312,211.27000427246094,503.010009765625,190.85000610351562
2026-01-27,297.4200134277344,318.3699951171875,227.37303161621094,119.16500091552734,138.2100067138672,81.70999908447266,541.3218994140625,477.5503234863281,131.8000030517578,173.68701171875,183.5,165.6999969482422,212.75,502.70001220703125,188.5800018310547
2026-01-28,299.5799865722656,320.489990234375,226.80592346191406,117.29750061035156,140.55999755859375,82.08000183105469,534.6719970703125,478.59368896484375,129.6199951171875,171.60159301757812,183.74000549316406,157.35000610351562,216.0,511.3500061035156,189.1199951171875
2026-01-29,291.6499938964844,302.6700134277344,212.99618530273438,111.15499877929688,128.17999267578125,81.51000213623047,499.21905517578125,430.76715087890625,116.7300033569336,167.83787536621094,176.1999969482422,151.86000061035156,199.3699951171875,480.0,174.66000366210938
2026-01-30,293.25,296.3599853515625,211.21524047851562,110.35124969482422,129.32000732421875,81.26000213623047,495.18939208984375,427.5773620605469,117.01000213623047,163.43858337402344,176.97000122070312,146.58999633789062,192.6999969482422,465.1199951171875,175.6300048828125
2026-02-02,293.3800048828125,289.19000244140625,209.74273681640625,109.7125015258789,129.0500030517578,81.29000091552734,483.4776306152344,420.70098876953125,118.0,158.94993591308594,175.4199981689453,147.75999450683594,190.67999267578125,457.8900146484375,173.3800048828125
2026-02-03,271.92999267578125,268.5,195.38580322265625,105.43250274658203,119.66000366210938,79.30000305175781,430.8441467285156,408.6176452636719,109.7699966430664,153.59732055664062,166.24000549316406,157.8800048828125,173.24000549316406,419.1400146484375,161.1699981689453
2026-02-04,279.7099914550781,271.4200134277344,198.4302978515625,103.83999633789062,115.70999908447266,81.12000274658203,442.30780029296875,411.5788879394531,111.06999969482422,145.65280151367188,166.72000122070312,139.5399932861328,165.2899932861328,418.9800109863281,170.14999389648438
2026-02-05,269.3900146484375,270.1400146484375,189.0082550048828,94.29000091552734,106.7300033569336,78.93000030517578,431.65802001953125,391.1882629394531,102.62999725341797,135.53347778320312,154.77000427246094,130.00999450683594,156.7100067138672,410.44000244140625,158.75999450683594
2026-02-06,268.3800048828125,283.5199890136719,190.3812713623047,98.875,111.69000244140625,82.76000213623047,440.4517822265625,398.61114501953125,100.73999786376953,141.8295135498047,159.32000732421875,135.89999389648438,168.42999267578125,426.8800048828125,162.9199981689453
2026-02-09,266.8999938964844,291.0,193.04769897460938,102.01000213623047,114.01000213623047,85.93000030517578,434.2286682128906,410.99261474609375,103.87000274658203,155.50401306152344,166.0,142.91000366210938,175.9499969482422,438.8999938964844,154.55999755859375
2026-02-10,264.6700134277344,299.0,192.4706268310547,103.34750366210938,129.6699981689453,85.52999877929688,418.2391357421875,410.6646423339844,106.4800033569336,158.7811279296875,165.50999450683594,139.50999450683594,182.5800018310547,437.45001220703125,153.22999572753906
2026-02-11,257.1600036621094,299.6499938964844,184.0634002685547,103.95249938964844,127.33000183105469,87.81999969482422,396.7013854980469,401.8207702636719,100.58000183105469,156.07005310058594,165.3000030517578,135.67999267578125,178.8300018310547,438.2099914550781,144.5500030517578
2026-02-12,262.5,288.3299865722656,184.49122619628906,102.88500213623047,126.12999725341797,84.26000213623047,394.9842834472656,399.3067321777344,103.29000091552734,155.394775390625,162.80999755859375,129.1300048828125,172.91000366210938,423.3500061035156,144.0399932861328
2026-02-13,263.9700012207031,299.4599914550781,188.759521484375,107.41000366210938,125.19999694824219,85.55999755859375,396.4135437011719,398.7900085449219,107.08000183105469,159.02938842773438,166.9499969482422,131.41000366210938,182.2899932861328,437.0899963378906,144.4199981689453
2026-02-17,260.45001220703125,283.4599914550781,183.35699462890625,103.57125091552734,122.55999755859375,81.69000244140625,376.3348083496094,394.3581237792969,105.91000366210938,152.9021759033203,163.5,133.02000427246094,177.10000610351562,421.95001220703125,143.1199951171875
2026-02-18,263.1700134277344,305.010009765625,186.8392791748047,103.94000244140625,121.77999877929688,80.69000244140625,386.65704345703125,397.0808410644531,107.80999755859375,155.0869140625,152.35000610351562,135.3800048828125,176.0800018310547,442.30999755859375,142.6300048828125
2026-02-19,259.2099914550781,296.5899963378906,184.35194396972656,105.53500366210938,120.5999984741211,81.66999816894531,378.6871032714844,396.8517761230469,107.37000274658203,155.454345703125,150.99000549316406,134.88999938964844,179.1999969482422,442.44000244140625,140.02000427246094
2026-02-20,258.6099853515625,296.2799987792969,184.22259521484375,97.1500015258789,115.66000366210938,80.0,377.7044677734375,395.6267395019531,104.2699966430664,147.0530242919922,148.6999969482422,135.24000549316406,172.5,439.94000244140625,137.80999755859375
2026-02-23,246.67999267578125,279.79998779296875,177.25804138183594,87.5824966430664,102.61499786376953,75.5999984741211,356.86151123046875,382.9182434082031,100.80000305175781,140.32997131347656,144.13999938964844,130.60000610351562,157.60000610351562,420.82000732421875,129.2100067138672
2026-02-24,255.1699981689453,290.6300048828125,184.48129272460938,87.5625,104.43000030517578,75.2300033569336,356.0278015136719,387.429931640625,102.48999786376953,145.12648010253906,141.6699981689453,128.83999633789062,161.05999755859375,440.7200012207031,130.22999572753906
2026-02-25,257.80999755859375,301.8399963378906,190.77923583984375,90.82749938964844,110.33000183105469,77.3499984741211,378.3794250488281,398.9831237792969,104.2300033569336,146.8643341064453,144.83999633789062,134.19000244140625,169.2100067138672,449.1700134277344,133.14999389648438
2026-02-26,259.0400085449219,297.6000061035156,198.46014404296875,95.2750015258789,116.45999908447266,79.19999694824219,391.4707946777344,400.0986022949219,109.30000305175781,149.26756286621094,149.39999389648438,135.94000244140625,173.05999755859375,426.0,139.11000061035156
2026-02-27,262.4100036621094,301.3999938964844,193.80384826660156,92.99500274658203,111.95999908447266,79.02999877929688,405.9715270996094,391.15484619140625,108.01000213623047,144.3916015625,148.9199981689453,137.19000244140625,168.41000366210938,414.0,133.75999450683594
2026-03-02,260.8800048828125,303.3599853515625,191.97314453125,96.21499633789062,111.11000061035156,79.18000030517578,415.926513671875,396.9413757324219,109.41999816894531,148.21490478515625,150.14999389648438,145.1699981689453,170.3300018310547,424.6600036621094,134.00999450683594
2026-03-03,270.989990234375,300.6300048828125,195.05747985839844,97.8550033569336,111.7699966430664,81.0999984741211,430.1097106933594,402.2996826171875,113.19000244140625,147.97657775878906,156.08999633789062,147.22000122070312,165.7899932861328,424.32000732421875,143.61000061035156
2026-03-04,273.1199951171875,305.42999267578125,192.10250854492188,101.91999816894531,118.33000183105469,82.79000091552734,436.84893798828125,403.5645751953125,113.86000061035156,151.31326293945312,158.55999755859375,153.19000244140625,168.25999450683594,430.9800109863281,143.0399932861328
2026-03-05,281.739990234375,299.8399963378906,200.3704376220703,106.54000091552734,122.36000061035156,84.41999816894531,463.2996520996094,409.0224304199219,120.37999725341797,153.71649169921875,163.16000366210938,152.6699981689453,177.4499969482422,442.29998779296875,147.17999267578125
2026-03-06,283.6199951171875,296.94000244140625,201.0867919921875,107.24749755859375,125.75,83.66999816894531,477.5721435546875,407.30938720703125,124.33999633789062,151.89918518066406,165.0500030517578,157.16000366210938,180.47999572753906,437.4100036621094,151.0399932861328
2026-03-09,282.44000244140625,298.04998779296875,197.78359985351562,108.53250122070312,128.55999755859375,83.80999755859375,470.1282043457031,407.757568359375,121.93000030517578,150.50889587402344,165.10000610351562,156.42999267578125,182.83999633789062,437.2200012207031,148.13999938964844
2026-03-10,275.1300048828125,293.2900085449219,193.92324829101562,109.0824966430664,123.08000183105469,84.19999694824219,450.5556640625,404.122314453125,116.61000061035156,148.36386108398438,165.5800018310547,151.13999938964844,175.32000732421875,432.6499938964844,142.49000549316406
2026-03-11,273.7099914550781,294.1600036621094,193.14720153808594,110.50749969482422,127.48999786376953,83.4800033569336,437.1566162109375,403.245849609375,115.62999725341797,161.98870849609375,164.92999267578125,151.60000610351562,179.42999267578125,432.9800109863281,137.83999633789062
2026-03-12,269.7799987792969,290.32000732421875,198.27110290527344,110.38500213623047,127.16000366210938,84.4000015258789,431.8763732910156,400.2380065917969,112.97000122070312,158.05618286132812,168.1199951171875,153.5,177.25,418.7200012207031,134.13999938964844
2026-03-13,249.32000732421875,287.0299987792969,191.85377502441406,110.44499969482422,124.5199966430664,83.44000244140625,436.6702575683594,393.9534912109375,113.62000274658203,154.03427124023438,167.02000427246094,150.9499969482422,178.66000366210938,412.6300048828125,133.08999633789062
2026-03-16,251.86000061035156,292.7200012207031,197.3358612060547,105.95999908447266,126.56999969482422,84.48999786376953,448.92791748046875,398.33575439453125,114.87999725341797,154.88832092285156,167.4499969482422,152.72000122070312,174.39999389648438,425.8800048828125,133.6300048828125
2026-03-17,254.1999969482422,293.75,194.3212127685547,108.30000305175781,128.8699951171875,83.16000366210938,455.8457946777344,397.7979431152344,116.72000122070312,153.6171875,169.19000244140625,155.0800018310547,174.60000610351562,429.2900085449219,135.1699981689453
2026-03-18,246.0,289.6400146484375,193.3561248779297,108.95249938964844,131.25999450683594,83.38999938964844,443.44921875,390.20867919921875,113.70999908447266,151.83958435058594,168.91000366210938,152.77000427246094,173.25,428.6700134277344,132.2899932861328
2026-03-19,245.99000549316406,287.3999938964844,194.00283813476562,107.04499816894531,129.94000244140625,83.12000274658203,451.83599853515625,387.4498596191406,113.2699966430664,154.44143676757812,169.74000549316406,155.67999267578125,175.39999389648438,428.25,133.3800048828125
2026-03-20,248.14999389648438,283.8999938964844,194.39085388183594,102.25,125.08000183105469,81.4000015258789,452.15362548828125,380.3287048339844,110.37999725341797,148.6419219970703,162.9499969482422,150.67999267578125,168.02000427246094,420.32000732421875,135.9600067138672
2026-03-23,247.63999938964844,292.5199890136719,194.19186401367188,103.32749938964844,129.22999572753906,82.7699966430664,453.6026916503906,381.4541931152344,110.94999694824219,153.2696075439453,164.0500030517578,160.83999633789062,174.1999969482422,432.4800109863281,137.05999755859375
2026-03-24,238.8699951171875,284.32000732421875,182.09344482421875,98.24749755859375,122.56999969482422,79.33999633789062,429.2164306640625,371.2355651855469,104.6500015258789,146.06988525390625,157.2100067138672,154.77999877929688,161.33999633789062,415.6199951171875,129.2899932861328
2026-03-25,237.25,281.3900146484375,181.03880310058594,96.46499633789062,123.29000091552734,78.88999938964844,423.668212890625,369.5424499511719,103.05999755859375,145.00730895996094,153.22000122070312,154.9600067138672,160.61000061035156,410.1300048828125,127.06999969482422
2026-03-26,240.8800048828125,280.6199951171875,184.70018005371094,98.15499877929688,124.30000305175781,81.02999877929688,429.315673828125,364.4928894042969,103.63999938964844,141.819580078125,156.36000061035156,147.55999755859375,162.3300018310547,401.95001220703125,127.97000122070312
2026-03-27,234.83999633789062,271.7699890136719,178.4022216796875,92.3949966430664,114.4800033569336,78.19999694824219,413.3261413574219,355.3300476074219,99.41000366210938,138.69142150878906,147.02000427246094,143.05999755859375,152.8000030517578,380.4700012207031,124.18000030517578
2026-03-30,241.1300048828125,270.8800048828125,184.09324645996094,95.01499938964844,115.80999755859375,79.05000305175781,425.8219909667969,357.5111999511719,104.97000122070312,137.83738708496094,154.35000610351562,137.5500030517578,153.6699981689453,383.1400146484375,128.77000427246094
2026-03-31,243.0800018310547,277.8699951171875,185.72494506835938,97.60250091552734,118.05000305175781,81.72000122070312,429.14697265625,368.67596435546875,104.55000305175781,146.08975219726562,160.32000732421875,146.27999877929688,150.82000732421875,396.4800109863281,129.9199981689453
2026-04-01,241.3699951171875,280.19000244140625,185.29713439941406,98.32749938964844,118.66999816894531,81.1500015258789,422.68560791015625,367.8791809082031,104.04000091552734,144.22279357910156,160.6699981689453,146.49000549316406,153.1199951171875,396.739990234375,129.0500030517578
2026-04-02,242.9199981689453,278.7200012207031,186.23236083984375,99.77999877929688,120.36000061035156,82.52999877929688,419.32098388671875,371.9526672363281,102.0,145.36480712890625,163.2100067138672,148.4600067138672,151.85000610351562,395.95001220703125,132.25999450683594
2026-04-06,244.36000061035156,279.3900146484375,184.09324645996094,99.65249633789062,116.5,82.29000091552734,414.2392272949219,371.3750305175781,102.41999816894531,144.53062438964844,161.9499969482422,147.92999267578125,149.3800048828125,397.07000732421875,129.72000122070312
2026-04-07,240.13999938964844,279.4800109863281,182.03375244140625,105.80750274658203,116.54000091552734,83.72000122070312,407.1724853515625,370.78741455078125,100.55000305175781,142.1770782470703,169.8699951171875,150.07000732421875,149.24000549316406,397.8999938964844,127.51000213623047
2026-04-08,239.30999755859375,289.5,175.4770965576172,106.62750244140625,116.5,83.51000213623047,386.5975341796875,372.8191223144531,97.47000122070312,142.66368103027344,173.77999877929688,140.75999450683594,149.99000549316406,410.1600036621094,119.16999816894531
2026-04-09,229.94000244140625,281.010009765625,170.41018676757812,98.66999816894531,108.9800033569336,80.66000366210938,360.09490966796875,371.5642395019531,89.80999755859375,137.38204956054688,166.99000549316406,130.49000549316406,132.24000549316406,404.9200134277344,113.05999755859375
2026-04-10,225.35000610351562,265.6600036621094,164.53533935546875,94.75499725341797,105.37000274658203,76.69999694824219,349.3923034667969,369.37310791015625,83.0,137.6112518310547,155.72999572753906,128.05999755859375,121.11000061035156,392.239990234375,112.5
2026-04-13,240.11000061035156,288.20001220703125,172.37510681152344,100.55999755859375,110.08000183105469,78.73999786376953,367.81072998046875,382.8186340332031,89.05999755859375,155.08047485351562,162.50999450683594,132.3699951171875,134.24000549316406,417.7699890136719,119.91999816894531
2026-04-14,235.72000122070312,292.3699951171875,170.86898803710938,99.62249755859375,110.56999969482422,78.69999694824219,365.1823425292969,391.5233459472656,87.79000091552734,162.4348907470703,161.58999633789062,135.6999969482422,135.47000122070312,418.79998779296875,117.86000061035156
2026-04-15,244.66000366210938,304.1000061035156,177.14280700683594,102.79000091552734,121.05999755859375,79.63999938964844,388.00128173828125,409.5602722167969,94.19000244140625,169.22128295898438,164.11000061035156,142.14999389648438,144.47999572753906,438.45001220703125,124.12000274658203
2026-04-16,248.16000366210938,306.9599914550781,180.75347900390625,104.55000305175781,123.47000122070312,82.4000015258789,385.40277099609375,418.56378173828125,96.44000244140625,177.72171020507812,166.97000122070312,142.75999450683594,143.5500030517578,441.1499938964844,124.87000274658203
2026-04-17,244.4499969482422,311.0299987792969,181.67111206054688,105.98750305175781,126.61000061035156,81.83999633789062,391.5157165527344,421.0835876464844,96.66000366210938,174.4530792236328,167.85000610351562,146.38999938964844,143.97999572753906,449.5799865722656,123.83000183105469
2026-04-20,248.6300048828125,318.5,185.7904815673828,108.2874984741211,129.74000549316406,82.5999984741211,403.04461669921875,416.38262939453125,99.72000122070312,176.96435546875,169.55999755859375,145.88999938964844,150.44000244140625,460.95001220703125,127.94000244140625
2026-04-21,247.17999267578125,325.8399963378906,186.62831115722656,112.40249633789062,129.2899932861328,85.26000213623047,403.0645446777344,422.4480285644531,100.13999938964844,180.54190063476562,174.9600067138672,145.97000122070312,150.83999633789062,467.5799865722656,129.16000366210938
2026-04-22,255.94000244140625,331.6099853515625,189.3114013671875,116.66999816894531,132.13999938964844,87.08999633789062,406.8776550292969,431.1726989746094,103.06999969482422,186.84996032714844,181.1999969482422,152.6199951171875,155.57000732421875,477.260009765625,126.5999984741211
2026-04-23,238.97999572753906,314.3299865722656,172.85386657714844,111.34750366210938,127.86000061035156,82.76000213623047,381.6095886230469,414.0719909667969,84.77999877929688,175.66885375976562,173.2100067138672,141.57000732421875,146.39999389648438,456.8500061035156,114.66999816894531
2026-04-24,245.44000244140625,332.8900146484375,177.70135498046875,112.03250122070312,129.47999572753906,84.33999633789062,394.2038269042969,422.90618896484375,90.16999816894531,172.67926025390625,178.5399932861328,143.08999633789062,140.32000732421875,500.82000732421875,119.76000213623047
2026-04-27,239.30999755859375,336.5400085449219,179.71615600585938,113.65249633789062,132.66000366210938,85.66999816894531,388.2004089355469,423.1053771972656,90.44999694824219,172.36036682128906,182.89999389648438,143.10000610351562,144.25,498.5400085449219,117.83000183105469
2026-04-28,243.1999969482422,325.30999755859375,180.8532257080078,113.74749755859375,131.5500030517578,85.72000122070312,398.6142578125,427.5174865722656,90.48999786376953,165.3846435546875,180.99000549316406,141.17999267578125,142.55999755859375,483.8900146484375,121.18000030517578
2026-04-29,243.57000732421875,329.95001220703125,180.75347900390625,113.09500122070312,133.97999572753906,86.11000061035156,393.3376159667969,422.746826171875,88.88999938964844,163.26202392578125,181.5399932861328,137.97000122070312,141.22000122070312,481.2200012207031,122.43000030517578
2026-04-30,246.10000610351562,329.5899963378906,176.07554626464844,111.4375,132.19000244140625,84.30999755859375,386.7866516113281,406.1341552734375,88.30999755859375,160.83047485351562,179.32000732421875,139.11000061035156,136.47000122070312,482.6000061035156,122.4000015258789
2026-05-01,250.7100067138672,340.94000244140625,183.3468017578125,113.91000366210938,140.52999877929688,86.29000091552734,397.2801818847656,412.76727294921875,91.16000366210938,171.23428344726562,181.0800018310547,144.07000732421875,141.0,489.0199890136719,126.95999908447266
2026-05-04,253.9600067138672,349.510009765625,185.00250244140625,117.30999755859375,146.69000244140625,89.23999786376953,405.1950988769531,411.9505615234375,91.97000122070312,179.66494750976562,184.55999755859375,146.02999877929688,144.2100067138672,497.5,127.88999938964844
2026-05-05,255.6199951171875,353.6300048828125,186.50863647460938,119.13249969482422,145.72999572753906,89.91999816894531,396.5633544921875,409.7196044921875,92.01000213623047,184.70741271972656,183.97999572753906,135.91000366210938,141.7100067138672,502.510009765625,128.8800048828125
2026-05-06,250.1699981689453,354.8999938964844,180.7235565185547,117.01750183105469,143.7100067138672,89.94999694824219,386.83642578125,412.2891845703125,89.05000305175781,193.35731506347656,183.67999267578125,133.7899932861328,139.74000549316406,504.4200134277344,122.62999725341797
2026-05-07,256.510009765625,356.8999938964844,185.86029052734375,126.43000030517578,188.72999572753906,107.97000122070312,404.9860534667969,419.07171630859375,93.58999633789062,193.91537475585938,196.52999877929688,137.0500030517578,153.72000122070312,505.19000244140625,130.8800048828125
2026-05-08,253.0399932861328,362.70001220703125,181.35194396972656,131.9425048828125,200.16000366210938,114.06999969482422,394.5622253417969,413.44451904296875,91.18000030517578,195.27066040039062,207.8800048828125,137.8000030517578,152.4499969482422,516.47998046875,127.83000183105469
2026-05-11,246.14999389648438,364.20001220703125,177.0330810546875,135.56500244140625,202.32000732421875,115.44000244140625,391.5555419921875,410.99444580078125,91.48999786376953,193.16796875,213.66000366210938,136.88999938964844,151.5,516.1900024414062,121.41999816894531
2026-05-12,240.8300018310547,358.0400085449219,170.86898803710938,136.5449981689453,199.94000244140625,113.87000274658203,386.0299987792969,406.1241760253906,89.0,186.18228149414062,215.60000610351562,136.0,151.97999572753906,513.2100219726562,118.62000274658203
2026-05-13,236.07000732421875,354.54998779296875,165.41307067871094,140.6425018310547,205.30999755859375,117.69000244140625,370.0707092285156,403.57452392578125,87.05000305175781,189.10211181640625,227.7899932861328,130.0500030517578,152.3699951171875,509.2799987792969,116.5
2026-05-14,237.00999450683594,352.8399963378906,167.14859008789062,144.9875030517578,202.83999633789062,121.86000061035156,376.6217041015625,407.7774658203125,90.5,194.9318389892578,238.2100067138672,133.72999572753906,150.75999450683594,510.0199890136719,118.75
2026-05-15,247.60000610351562,347.239990234375,173.06332397460938,148.52000427246094,207.97999572753906,122.77999877929688,391.2668151855469,420.2170715332031,95.06999969482422,192.2810516357422,242.8300018310547,133.99000549316406,157.47000122070312,502.4200134277344,125.01000213623047
2026-05-18,255.63999938964844,345.989990234375,179.01795959472656,154.70750427246094,208.82000732421875,126.5,401.38201904296875,421.83056640625,103.41999816894531,185.96304321289062,247.5500030517578,135.13999938964844,164.24000549316406,498.42999267578125,128.8800048828125
2026-05-19,254.99000549316406,338.1199951171875,178.95811462402344,154.22000122070312,215.14999389648438,127.63999938964844,397.94720458984375,415.7352600097656,101.83000183105469,180.83090209960938,240.1300048828125,135.25999450683594,169.5500030517578,493.8699951171875,129.33999633789062
2026-05-20,253.3699951171875,350.8900146484375,179.63636779785156,162.52749633789062,212.24000549316406,130.0,382.23681640625,419.36053466796875,103.30000305175781,187.50767517089844,246.66000366210938,137.14999389648438,166.97000122070312,498.92999267578125,126.61000061035156
2026-05-21,244.10000610351562,358.4599914550781,175.8561248779297,162.0574951171875,218.0399932861328,129.4600067138672,305.7157897949219,418.3025207519531,99.69000244140625,189.11209106445312,252.9199981689453,137.4149932861328,165.5399932861328,503.9800109863281,121.8499984741211
2026-05-22,244.75999450683594,373.5899963378906,179.6064453125,165.86500549316406,222.32000732421875,133.92999267578125,318.5290222167969,417.7835388183594,102.12999725341797,191.41407775878906,260.5799865722656,136.8800048828125,172.1999969482422,524.739990234375,128.13999938964844
2026-05-26,240.49000549316406,381.75,178.61898803710938,167.8874969482422,223.64999389648438,133.9600067138672,303.0077819824219,415.248291015625,99.91999816894531,192.3906707763672,256.75,136.60000610351562,177.60000610351562,534.5599975585938,124.0199966430664
2026-05-27,238.24000549316406,374.04998779296875,177.0530242919922,161.33999633789062,221.80999755859375,127.93000030517578,306.37286376953125,411.8946228027344,102.12000274658203,190.2979736328125,248.47000122070312,132.50999450683594,175.25999450683594,525.9199829101562,124.5
2026-05-28,241.44000244140625,373.8500061035156,175.7164764404297,167.75,225.24000549316406,129.6999969482422,311.61962890625,426.18768310546875,108.7300033569336,202.99378967285156,257.7699890136719,143.33999633789062,239.1999969482422,480.6400146484375,130.00999450683594
2026-05-29,259.2099914550781,374.92999267578125,190.60804748535156,182.75,247.35000610351562,137.97000122070312,330.0679016113281,449.3940124511719,124.37000274658203,224.9972381591797,281.69000244140625,156.5399932861328,255.5500030517578,475.6199951171875,146.19000244140625
2026-06-01,274.0299987792969,414.1600036621094,209.0604248046875,195.54249572753906,277.489990234375,147.13999938964844,352.19989013671875,459.6546936035156,135.86000061035156,247.28968811035156,300.4800109863281,160.64999389648438,280.1600036621094,492.2900085449219,157.22999572753906
2026-06-02,262.1099853515625,416.3900146484375,200.32296752929688,192.2375030517578,269.1300048828125,148.86000061035156,320.7193298339844,440.48077392578125,127.6500015258789,243.73207092285156,297.17999267578125,152.1699981689453,261.1400146484375,508.3500061035156,148.8800048828125
2026-06-03,256.239990234375,408.0,190.1193084716797,186.90249633789062,250.3300018310547,146.47999572753906,310.0664978027344,426.53704833984375,117.9000015258789,229.53146362304688,280.42999267578125,142.1999969482422,241.27999877929688,498.0199890136719,146.89999389648438
2026-06-04,258.4200134277344,411.67999267578125,188.26409912109375,179.7725067138672,243.60000610351562,149.6699981689453,300.6482238769531,427.2456970214844,119.36000061035156,235.5206298828125,279.25,141.6999969482422,244.17999267578125,494.4800109863281,147.91000366210938
2026-06-05,251.44000244140625,376.19000244140625,185.1820526123047,167.7550048828125,234.11000061035156,144.67999267578125,295.4512634277344,415.8870849609375,112.44999694824219,212.93917846679688,272.04998779296875,135.52999877929688,238.25999450683594,464.8500061035156,144.27999877929688
2026-06-08,244.99000549316406,394.239990234375,182.08006286621094,164.69749450683594,231.67999267578125,143.0399932861328,304.16265869140625,410.9663391113281,114.19000244140625,211.0856475830078,266.3299865722656,136.47000122070312,240.4499969482422,473.4800109863281,143.75999450683594
2026-06-09,237.8800048828125,390.8999938964844,174.8986053466797,161.2324981689453,227.33999633789062,138.38999938964844,292.484375,402.6520080566406,106.97000122070312,205.0964813232422,260.5199890136719,132.07000732421875,239.66000366210938,465.2699890136719,140.22999572753906
2026-06-10,233.3800048828125,385.1300048828125,170.47999572753906,161.93499755859375,227.6300048828125,138.8800048828125,282.966552734375,396.61334228515625,106.05999755859375,200.56224060058594,263.2200012207031,130.2100067138672,239.89999389648438,460.5400085449219,137.47000122070312
2026-06-11,218.8000030517578,383.739990234375,166.4499969482422,172.88250732421875,234.24000549316406,145.05999755859375,275.68878173828125,389.6065673828125,103.08000183105469,183.4617462158203,279.5299987792969,131.0800018310547,240.38999938964844,456.2900085449219,130.52999877929688
2026-06-12,204.02000427246094,384.9599914550781,165.88999938964844,170.6999969482422,229.89999389648438,146.3000030517578,275.50958251953125,390.00579833984375,102.1500015258789,183.49163818359375,279.6199951171875,127.98999786376953,232.77999877929688,453.8900146484375,130.8000030517578
2026-06-15,206.36000061035156,394.5,164.5500030517578,173.2274932861328,233.08999633789062,149.49000549316406,280.52734375,399.0088806152344,104.1500015258789,191.97213745117188,284.5400085449219,134.7100067138672,240.77999877929688,454.3800048828125,129.60000610351562
2026-06-16,207.32000732421875,387.8500061035156,161.7100067138672,169.87249755859375,231.11000061035156,147.02000427246094,279.75079345703125,393.0899963378906,101.33000183105469,187.6770782470703,279.8999938964844,133.25,238.32000732421875,448.3800048828125,126.7699966430664
2026-06-17,196.27999877929688,389.6000061035156,155.02000427246094,170.74000549316406,226.6300048828125,144.13999938964844,267.893310546875,378.1980285644531,95.4800033569336,182.8937225341797,282.1300048828125,130.6300048828125,234.52000427246094,461.739990234375,121.83000183105469
2026-06-18,195.16000366210938,387.3900146484375,151.77999877929688,171.21499633789062,223.0,144.72999572753906,265.8224792480469,378.6871032714844,95.04000091552734,183.6510772705078,287.7799987792969,128.47000122070312,232.2899932861328,455.510009765625,116.93000030517578
2026-06-22,194.89999389648438,389.0400085449219,150.1199951171875,168.86000061035156,221.3699951171875,145.38999938964844,256.6331787109375,366.6497802734375,93.01000213623047,174.4630584716797,286.3999938964844,119.5,226.58999633789062,464.5799865722656,113.04000091552734
2026-06-23,197.42999267578125,379.05999755859375,153.4199981689453,170.22999572753906,220.57000732421875,148.0,256.9119567871094,373.23736572265625,95.94000244140625,164.58740234375,290.9200134277344,116.69999694824219,230.41000366210938,461.5,115.12999725341797
2026-06-24,196.57000732421875,372.3999938964844,152.75999450683594,168.2550048828125,222.64999389648438,145.27999877929688,261.0834655761719,364.7733154296875,93.80000305175781,156.98385620117188,285.260009765625,113.5,225.9499969482422,463.92999267578125,118.08999633789062
2026-06-25,193.41000366210938,368.2300109863281,150.19000244140625,169.66250610351562,220.94000244140625,149.92999267578125,253.9451141357422,352.1670227050781,89.5199966430664,151.9314422607422,293.0899963378906,107.2699966430664,227.05999755859375,455.0199890136719,113.7699966430664
2026-06-26,202.72999572753906,377.2699890136719,158.3699951171875,175.2725067138672,239.77000427246094,151.35000610351562,266.539306640625,372.2691955566406,98.33999633789062,148.0150604248047,304.20001220703125,112.93000030517578,248.9600067138672,454.3399963378906,124.20999908447266
2026-06-29,206.42999267578125,372.7200012207031,157.92999267578125,185.7274932861328,248.57000732421875,155.4199981689453,265.2251281738281,367.8774719238281,99.97000122070312,147.2477264404297,332.0,115.69999694824219,251.64999389648438,447.260009765625,123.58000183105469
2026-06-30,205.02000427246094,375.32000732421875,156.66000366210938,190.78500366210938,260.3599853515625,153.6199951171875,259.84893798828125,372.319091796875,99.27999877929688,146.04193115234375,341.0199890136719,116.66999816894531,254.5,446.07000732421875,122.41999816894531
2026-07-01,210.97999572753906,377.7300109863281,163.22999572753906,193.18499755859375,264.4800109863281,158.97999572753906,265.9021301269531,383.5579528808594,105.80000305175781,142.00596618652344,352.0400085449219,125.7300033569336,261.19000244140625,454.5299987792969,130.27000427246094
2026-07-02,219.72000122070312,373.1400146484375,166.11000061035156,193.97999572753906,260.3599853515625,156.25,274.13568115234375,389.7562561035156,106.31999969482422,139.78370666503906,348.05999755859375,129.3000030517578,260.1499938964844,437.1600036621094,135.39999389648438
2026-07-06,218.07000732421875,375.7699890136719,165.64999389648438,199.3800048828125,255.3699951171875,162.35000610351562,270.9398498535156,386.0133056640625,107.93000030517578,143.2615966796875,357.5299987792969,132.5399932861328,262.0899963378906,442.2699890136719,137.99000549316406
2026-07-07,221.5399932861328,371.05999755859375,169.52000427246094,194.6199951171875,256.80999755859375,158.6699981689453,279.9300231933594,388.109375,110.7300033569336,141.1090850830078,337.0400085449219,134.3699951171875,262.739990234375,436.6300048828125,143.64999389648438
2026-07-08,220.94000244140625,374.05999755859375,166.5800018310547,191.1199951171875,261.0899963378906,156.7100067138672,270.8999938964844,382.6197204589844,107.77999877929688,140.00294494628906,320.5899963378906,132.22000122070312,261.30999755859375,434.5,137.8800048828125
2026-07-09,222.64999389648438,385.95001220703125,162.5,198.39999389648438,269.0,163.72999572753906,273.3800048828125,383.6377868652344,108.83999633789062,143.72000122070312,338.30999755859375,129.0399932861328,267.489990234375,443.3699951171875,138.33999633789062
2026-07-10,223.63999938964844,384.1700134277344,163.32000732421875,187.17999267578125,257.5400085449219,157.50999450683594,274.9599914550781,384.37640380859375,107.70999908447266,140.63999938964844,325.9100036621094,126.79000091552734,261.45001220703125,445.5,138.9499969482422
2026-07-13,230.61000061035156,377.9200134277344,171.22000122070312,187.91000366210938,260.239990234375,160.6199951171875,289.760009765625,390.2553405761719,111.26000213623047,131.5399932861328,330.29998779296875,130.0399932861328,268.6499938964844,433.82000732421875,144.8699951171875
2026-07-14,220.77999877929688,376.79998779296875,167.55999755859375,210.72999572753906,270.7300109863281,166.8300018310547,282.42999267578125,384.20672607421875,104.8499984741211,127.94000244140625,352.8900146484375,133.72000122070312,275.94000244140625,425.8999938964844,139.80999755859375
2026-07-15,224.55999755859375,371.5,167.0,206.77000427246094,264.4599914550781,164.50999450683594,279.70001220703125,394.8866271972656,104.7300033569336,132.49000549316406,354.0199890136719,133.75999450683594,271.8699951171875,425.2799987792969,141.82000732421875
2026-07-16,235.30999755859375,364.6499938964844,172.67999267578125,203.75999450683594,262.32000732421875,160.77999877929688,294.7900085449219,400.3463439941406,104.01000213623047,124.20999908447266,353.989990234375,134.44000244140625,270.0199890136719,417.0299987792969,145.42999267578125
2026-07-17,237.25,330.1099853515625,170.77000427246094,203.0800018310547,258.69000244140625,161.61000061035156,291.0899963378906,393.08001708984375,103.23999786376953,126.41000366210938,358.67999267578125,132.3800048828125,268.8999938964844,384.2799987792969,144.77999877929688
2026-07-20,234.74000549316406,329.92999267578125,173.7899932861328,198.49000549316406,263.20001220703125,160.36000061035156,293.82000732421875,401.53411865234375,104.69999694824219,121.37999725341797,348.6600036621094,134.85000610351562,274.3399963378906,378.4599914550781,147.22000122070312
2026-07-21,227.16000366210938,344.6400146484375,170.05999755859375,191.14999389648438,254.7899932861328,158.10000610351562,289.9200134277344,397.00262451171875,102.05999755859375,127.05000305175781,342.1499938964844,132.66000366210938,271.7300109863281,389.07000732421875,141.1699981689453
2026-07-22,218.36000061035156,337.010009765625,163.0,188.4199981689453,245.77000427246094,155.0500030517578,284.4700012207031,389.6065673828125,95.45999908447266,125.83999633789062,335.2799987792969,124.56999969482422,267.79998779296875,377.6099853515625,132.4199981689453
2026-07-23,212.1699981689453,330.4599914550781,156.92999267578125,183.4199981689453,244.38999938964844,151.5399932861328,281.5299987792969,380.8630065917969,91.94000244140625,120.04000091552734,325.6300048828125,123.37000274658203,265.1300048828125,373.5199890136719,127.87000274658203
2026-07-24,225.11000061035156,326.239990234375,163.66000366210938,183.27999877929688,246.86000061035156,152.3699951171875,296.3299865722656,380.9828186035156,98.77999877929688,114.98999786376953,323.7900085449219,122.91999816894531,268.05999755859375,373.4700012207031,135.33999633789062
2026-07-27,237.75,338.6099853515625,173.60000610351562,180.11000061035156,251.86000061035156,152.3800048828125,303.9100036621094,388.368896484375,105.55999755859375,119.9000015258789,317.32000732421875,131.52999877929688,272.9200134277344,388.989990234375,147.5399932861328
2026-07-28,249.17999267578125,344.7200012207031,181.5,181.8000030517578,250.8800048828125,149.97999572753906,312.989990234375,392.61090087890625,110.62000274658203,119.95999908447266,319.0,123.52999877929688,270.3599853515625,383.82000732421875,159.69000244140625
2026-07-29,263.42999267578125,332.760009765625,188.3800048828125,179.3800048828125,264.20001220703125,153.22000122070312,333.1300048828125,389.8061828613281,115.76000213623047,117.73999786376953,314.1499938964844,123.0,282.8999938964844,373.69000244140625,168.00999450683594
2026-07-30,247.89999389648438,332.82000732421875,180.7100067138672,185.22000122070312,268.55999755859375,154.25,315.5,450.2524108886719,110.06999969482422,127.55999755859375,325.67999267578125,122.26000213623047,298.1000061035156,372.3299865722656,158.11000061035156
2026-07-31,250.41000366210938,340.0199890136719,184.02000427246094,190.86000061035156,267.9700012207031,161.9499969482422,316.07000732421875,463.8468017578125,111.2300033569336,129.8699951171875,331.8299865722656,123.05999755859375,293.2799987792969,388.760009765625,160.33999633789062
2026-08-03,251.33999633789062,336.1499938964844,185.9499969482422,202.5399932861328,273.6000061035156,163.2100067138672,318.3900146484375,486.73370361328125,114.19000244140625,141.85000610351562,347.1300048828125,125.6500015258789,307.5299987792969,392.07000732421875,165.0500030517578
2026-08-04,257.489990234375,340.6199951171875,190.99000549316406,211.22000122070312,288.1499938964844,168.2899932861328,323.6000061035156,491.884033203125,118.13999938964844,145.74000549316406,366.3399963378906,162.66000366210938,316.7699890136719,403.8599853515625,171.27999877929688
2026-08-05,259.32000732421875,337.07000732421875,192.97999572753906,209.86000061035156,283.1700134277344,164.1300048828125,327.94000244140625,486.5440673828125,117.22000122070312,144.38999938964844,362.6600036621094,158.42999267578125,316.8399963378906,400.82000732421875,170.63999938964844
2026-08-06,260.239990234375,338.4200134277344,186.77000427246094,207.38999938964844,229.2899932861328,160.11000061035156,321.9100036621094,498.9207458496094,117.3499984741211,143.47000122070312,359.489990234375,155.9199981689453,318.0,405.9800109863281,170.24000549316406
2026-08-07,265.2099914550781,339.239990234375,192.74000549316406,214.4199981689453,233.92999267578125,159.63999938964844,325.25,499.0505065917969,124.87999725341797,147.02000427246094,363.8599853515625,172.00999450683594,330.489990234375,415.989990234375,179.63999938964844
2026-08-10,272.9599914550781,331.9100036621094,197.50999450683594,225.16000366210938,260.7799987792969,164.2100067138672,334.42999267578125,505.109130859375,127.44000244140625,151.0500030517578,385.0400085449219,175.22999572753906,334.70001220703125,411.67999267578125,184.19000244140625
2026-08-11,263.7099914550781,327.5299987792969,197.47000122070312,221.89999389648438,246.77999877929688,161.88999938964844,336.44000244140625,502.86334228515625,127.54000091552734,145.47999572753906,383.79998779296875,174.94000244140625,334.1400146484375,410.9100036621094,181.27000427246094
2026-08-12,258.75,323.1300048828125,193.32000732421875,221.77999877929688,240.91000366210938,160.83999633789062,334.7099914550781,491.5047302246094,124.94000244140625,153.27999877929688,387.010009765625,171.0399932861328,332.260009765625,412.32000732421875,175.2899932861328
2026-08-13,270.489990234375,323.7699890136719,201.3699951171875,225.52999877929688,252.24000549316406,165.44000244140625,358.2900085449219,495.9463806152344,127.25,156.22000122070312,396.0,179.00999450683594,337.3800048828125,411.75,206.4499969482422
2026-08-14,264.0199890136719,324.82000732421875,196.2100067138672,216.9499969482422,255.4600067138672,160.00999450683594,345.6600036621094,494.4691467285156,124.0,150.52000427246094,384.2699890136719,174.0399932861328,328.9200134277344,421.5,198.67999267578125
2026-08-17,254.0399932861328,323.4700012207031,190.97000122070312,213.89999389648438,247.32000732421875,155.85000610351562,335.6000061035156,479.44744873046875,117.69999694824219,146.64999389648438,375.760009765625,172.5500030517578,330.1099853515625,413.2200012207031,191.17999267578125
2026-08-18,263.1400146484375,316.5199890136719,196.13999938964844,212.9199981689453,246.0,158.00999450683594,350.4100036621094,480.72503662109375,119.48999786376953,142.7899932861328,374.1400146484375,171.5399932861328,325.3299865722656,404.4100036621094,190.63999938964844
2026-08-19,272.4700012207031,314.9800109863281,206.08999633789062,201.6300048828125,233.52000427246094,152.85000610351562,362.4700012207031,483.3999938964844,127.19999694824219,143.80999755859375,359.760009765625,175.19000244140625,325.010009765625,401.239990234375,198.4199981689453
2026-08-20,272.2200012207031,313.5899963378906,205.42999267578125,190.33999633789062,232.5500030517578,150.7899932861328,361.8699951171875,481.1499938964844,129.75,142.07000732421875,349.55999755859375,173.9600067138672,321.2900085449219,397.9200134277344,197.32000732421875
2026-08-21,275.29998779296875,319.0199890136719,209.1699981689453,191.9499969482422,235.6199951171875,153.50999450683594,367.0,483.239990234375,128.47999572753906,146.47000122070312,357.8699951171875,179.94000244140625,332.7799987792969,397.8699951171875,200.00999450683594
2026-08-24,276.2699890136719,315.9200134277344,209.05999755859375,190.67999267578125,225.77000427246094,151.99000549316406,369.9200134277344,487.30999755859375,128.0500030517578,142.4499969482422,350.8999938964844,175.88999938964844,322.7799987792969,394.510009765625,199.14999389648438
2026-08-25,273.9200134277344,331.8999938964844,205.69000244140625,185.3800048828125,222.99000549316406,153.66000366210938,357.4599914550781,491.7099914550781,127.0,144.75999450683594,339.8999938964844,172.72999572753906,317.0199890136719,408.7900085449219,194.4199981689453
2026-08-26,273.4700012207031,334.67999267578125,205.6199951171875,189.17999267578125,227.6699981689453,157.5399932861328,345.8800048828125,496.3699951171875,125.80000305175781,148.8699951171875,339.30999755859375,177.5,315.3699951171875,410.0,190.75
2026-08-27,289.1499938964844,347.54998779296875,252.0500030517578,227.9600067138672,242.92999267578125,172.77999877929688,348.0,505.05999755859375,138.42999267578125,151.94000244140625,382.8500061035156,185.92999267578125,329.1099853515625,464.8900146484375,193.57000732421875
2026-08-28,291.5199890136719,340.3900146484375,256.0,218.39999389648438,236.97999572753906,166.0,358.05999755859375,513.530029296875,144.7100067138672,150.85000610351562,371.5899963378906,186.2899932861328,328.0,442.6099853515625,204.72000122070312
2026-08-31,292.7900085449219,338.7799987792969,257.5400085449219,231.0,237.0399932861328,170.92999267578125,359.29998779296875,507.2900085449219,147.99000549316406,149.1199951171875,382.1300048828125,186.3800048828125,331.42999267578125,439.5899963378906,197.4499969482422
2026-09-01,286.0799865722656,313.0400085449219,258.1099853515625,215.07000732421875,223.83999633789062,161.85000610351562,344.92999267578125,501.0199890136719,142.89999389648438,141.32000732421875,362.0899963378906,179.9199981689453,319.79998779296875,414.82000732421875,198.3800048828125
2026-09-02,279.7900085449219,306.6700134277344,256.92999267578125,203.4199981689453,209.22999572753906,154.5399932861328,342.94000244140625,496.82000732421875,136.72000122070312,145.75,328.4800109863281,169.4600067138672,305.8399963378906,415.9700012207031,200.8699951171875
2026-09-03,285.75,304.8800048828125,264.42999267578125,214.97000122070312,214.75999450683594,156.36000061035156,344.29998779296875,510.1199951171875,145.58999633789062,154.0399932861328,331.94000244140625,182.52999877929688,356.4700012207031,416.30999755859375,206.9199981689453
2026-09-04,266.510009765625,292.70001220703125,259.2300109863281,213.10000610351562,212.92999267578125,156.2899932861328,332.70001220703125,499.70001220703125,141.25999450683594,158.77999877929688,333.260009765625,174.3300018310547,337.17999267578125,393.8399963378906,195.7899932861328
2026-09-08,257.260009765625,284.1099853515625,249.1199951171875,210.02000427246094,210.22999572753906,157.47000122070312,318.92999267578125,493.95001220703125,134.2100067138672,162.52000427246094,336.9800109863281,170.3000030517578,335.5,392.0299987792969,186.27999877929688
2026-09-09,254.86000061035156,284.6000061035156,244.16000366210938,207.8000030517578,225.27000427246094,157.22000122070312,313.94000244140625,491.6499938964844,131.11000061035156,161.6300048828125,335.1000061035156,169.52999877929688,331.4800109863281,393.2200012207031,186.0500030517578
2026-09-10,248.8300018310547,284.95001220703125,243.0,208.86000061035156,221.72000122070312,158.85000610351562,312.7699890136719,492.44000244140625,131.1699981689453,152.94000244140625,338.489990234375,165.86000061035156,329.7200012207031,397.1700134277344,185.08999633789062
2026-09-11,252.22999572753906,289.3699951171875,247.72000122070312,206.74000549316406,221.2100067138672,156.07000732421875,321.57000732421875,495.6300048828125,132.52999877929688,150.27999877929688,330.6499938964844,167.22999572753906,328.989990234375,397.3800048828125,185.6999969482422
