date,BAA10Y,HY_OAS_3Y,NFCI,Real_Yield,DXY,CFNAI,INDPRO_YoY,Copper_Gold,HYG,SPY,QQQ
2007-04-11,1.71,,-0.565,2.28,96.0293,-0.09,2.9076019270608766,0.0052829492847713,31.223073959350582,101.1222915649414,37.89363861083984
2007-04-12,1.71,,-0.565,2.28,95.7999,-0.09,2.9076019270608766,0.0051740485214592,31.24401092529297,101.57170104980467,38.19361877441406
2007-04-13,1.7,,-0.561,2.31,95.711,-0.09,2.9076019270608766,0.0051495475370703,31.18718147277832,102.0351333618164,38.27074813842773
2007-04-16,1.68,,-0.561,2.3,95.5538,-0.09,2.9076019270608766,0.0051166497954336,31.17520332336425,103.0040512084961,38.62217712402344
2007-04-17,1.68,,-0.561,2.29,95.3832,-0.09,2.9076019270608766,0.0053385643121585,31.160234451293945,103.2778549194336,38.70790863037109
2007-04-18,1.67,,-0.561,2.26,95.3109,-0.09,2.9076019270608766,0.0052459732079701,31.16922950744629,103.40430450439452,38.57933044433594
2007-04-19,1.67,,-0.561,2.27,95.2712,-0.09,2.9076019270608766,0.0052374692014615,31.276939392089844,103.37620544433594,38.6993293762207
2007-04-20,1.68,,-0.556,2.27,95.1692,-0.09,2.9076019270608766,0.0052117050727667,31.25898551940918,104.3521499633789,38.91358947753906
2007-04-23,1.68,,-0.556,2.25,95.1833,-0.09,2.9076019270608766,0.005257023177739,31.276939392089844,103.958984375,38.97360610961914
2007-04-24,1.68,,-0.556,2.21,95.1608,-0.09,2.9076019270608766,0.0051885411999117,31.49236869812012,104.0010986328125,39.1707649230957
2007-04-25,1.68,,-0.556,2.22,94.8497,-0.09,2.9076019270608766,0.0052404621635549,31.540254592895508,104.95597076416016,39.69359970092773
2007-04-26,1.69,,-0.556,2.26,95.1653,-0.09,2.9076019270608766,0.0051666911578248,31.59711456298828,105.07537841796876,39.8993034362793
2007-04-27,1.68,,-0.548,2.25,95.0103,-0.09,2.9076019270608766,0.0051782817732632,31.59711456298828,104.9911117553711,39.91645050048828
2007-04-30,1.68,,-0.548,2.2,94.8365,-0.09,2.9076019270608766,0.0052042617069107,31.600067138671875,104.12043762207033,39.39359664916992
2007-05-01,1.67,,-0.548,2.19,95.0037,0.05,2.9798485426711263,0.0053610614507885,31.603984832763672,104.3873062133789,39.35931396484375
2007-05-02,1.66,,-0.548,2.22,95.0352,0.05,2.9798485426711263,0.005397144207384,31.591981887817383,104.99812316894533,39.78786849975586
2007-05-03,1.64,,-0.548,2.25,95.0167,0.05,2.9798485426711263,0.005444411791799,31.59501266479492,105.56686401367188,39.9336051940918
2007-05-04,1.64,,-0.539,2.24,94.9118,0.05,2.9798485426711263,0.005457654099445,31.63400077819824,105.96709442138672,39.96786880493164
2007-05-07,1.64,,-0.539,2.27,94.6914,0.05,2.9798485426711263,0.0053931686074234,31.6309871673584,105.98810577392578,39.96786880493164
2007-05-08,1.66,,-0.539,2.27,94.8648,0.05,2.9798485426711263,0.0054232962323061,31.65498161315918,105.84770965576172,40.0535774230957
2007-05-09,1.65,,-0.539,2.29,94.7933,0.05,2.9798485426711263,0.0054027634602798,31.57097625732422,106.13558959960938,40.13931655883789
2007-05-10,1.66,,-0.539,2.27,94.9506,0.05,2.9798485426711263,0.0053585927260654,31.685009002685547,105.02621459960938,39.59074020385742
2007-05-11,1.66,,-0.529,2.3,95.0035,0.05,2.9798485426711263,0.0053698183740992,31.70301055908203,105.92494201660156,40.09646224975586
2007-05-14,1.65,,-0.529,2.32,94.8267,0.05,2.9798485426711263,0.0052236351578112,31.70000648498535,105.69322967529295,39.8221549987793
2007-05-15,1.65,,-0.529,2.37,94.5574,0.05,2.9798485426711263,0.0052503714058409,31.67601776123047,105.72132873535156,39.51358795166016
2007-05-16,1.64,,-0.529,2.38,94.8143,0.05,2.9798485426711263,0.0051863071213058,31.7600212097168,106.444580078125,39.8993034362793
2007-05-17,1.64,,-0.529,2.41,94.8339,0.05,2.9798485426711263,0.0050426698471544,31.75098419189453,106.23390197753906,39.710731506347656
2007-05-18,1.63,,-0.52,2.46,94.6573,0.05,2.9798485426711263,0.0050355522427003,31.7600212097168,107.16072845458984,40.03643798828125
2007-05-21,1.63,,-0.52,2.43,94.7026,0.05,2.9798485426711263,0.0051380295270332,31.78999900817871,107.10456085205078,40.29359436035156
2007-05-22,1.63,,-0.52,2.48,94.5753,0.05,2.9798485426711263,0.0050197241299503,31.793025970458984,107.02027130126952,40.32787322998047
2007-05-23,1.63,,-0.52,2.5,94.4557,0.05,2.9798485426711263,0.0049916902537398,31.76898956298828,107.03435516357422,40.13931655883789
2007-05-24,1.63,,-0.52,2.48,94.7025,0.05,2.9798485426711263,0.0048751915030603,31.77798080444336,106.06536865234376,39.56503677368164
2007-05-25,1.62,,-0.511,2.49,94.5022,0.05,2.9798485426711263,0.0050786139928481,31.82301902770996,106.50769805908205,39.81359100341797
2007-05-28,1.62,,-0.511,2.49,94.4959,0.05,2.9798485426711263,0.0050786139928481,31.82301902770996,106.50769805908205,39.81359100341797
2007-05-29,1.62,,-0.511,2.54,94.3533,0.05,2.9798485426711263,0.0050616346047474,31.69699478149414,106.89386749267578,40.12215423583984
2007-05-30,1.61,,-0.511,2.52,94.549,0.05,2.9798485426711263,0.0050620121235067,31.76898956298828,107.76455688476562,40.447853088378906
2007-05-31,1.6,,-0.511,2.54,94.3215,0.05,2.9798485426711263,0.0051338881840323,31.718002319335938,107.65222930908205,40.63644790649414
2007-06-01,1.6,,-0.504,2.57,94.132,-0.02,2.7140344521729087,0.0050692786833856,31.713775634765625,108.18584442138672,40.66215515136719
2007-06-04,1.58,,-0.504,2.55,93.9969,-0.02,2.7140344521729087,0.0051669897916723,31.740922927856445,108.1999282836914,40.78214263916016
2007-06-05,1.57,,-0.504,2.6,93.9986,-0.02,2.7140344521729087,0.0051471030295761,31.695688247680664,107.77159118652344,40.78214263916016
2007-06-06,1.6,,-0.504,2.58,94.1217,-0.02,2.7140344521729087,0.0050724638321324,31.65644645690918,106.6130599975586,40.345008850097656
2007-06-07,1.6,,-0.504,2.7,94.3537,-0.02,2.7140344521729087,0.0051158918623841,31.50861930847168,104.68921661376952,39.71931457519531
2007-06-08,1.62,,-0.501,2.69,94.7599,-0.02,2.7140344521729087,0.005047250034087,31.424131393432617,106.05133056640624,40.20785140991211
2007-06-11,1.61,,-0.501,2.72,94.6576,-0.02,2.7140344521729087,0.0051215041007034,31.35774040222168,106.23390197753906,40.13073348999024
2007-06-12,1.6,,-0.501,2.83,94.6991,-0.02,2.7140344521729087,0.0050693907550232,31.19783592224121,105.07537841796876,39.890724182128906
2007-06-13,1.58,,-0.501,2.75,94.9011,-0.02,2.7140344521729087,0.0051187905210059,31.25214385986328,106.64808654785156,40.32787322998047
2007-06-14,1.57,,-0.501,2.77,94.9029,-0.02,2.7140344521729087,0.0052140886516943,31.27629280090332,107.32928466796876,40.59358215332031
2007-06-15,1.6,,-0.498,2.73,94.6228,-0.02,2.7140344521729087,0.0052299466726887,31.270238876342773,107.93988800048828,40.96843719482422
2007-06-18,1.6,,-0.498,2.73,94.5475,-0.02,2.7140344521729087,0.0052157671602978,31.28838539123535,107.81304931640624,40.977012634277344
2007-06-19,1.6,,-0.498,2.67,94.3227,-0.02,2.7140344521729087,0.0051453001822001,31.32758903503418,108.08094787597656,40.96843719482422
2007-06-20,1.57,,-0.498,2.73,94.3618,-0.02,2.7140344521729087,0.005254534550751,31.04999351501465,106.5789566040039,40.58243560791016
2007-06-21,1.6,,-0.498,2.74,94.6073,-0.02,2.7140344521729087,0.0052359364108821,31.107322692871094,107.17127990722656,40.951290130615234
2007-06-22,1.6,,-0.493,2.7,94.4371,-0.02,2.7140344521729087,0.0051805661120484,31.16767311096192,106.16289520263672,40.56526565551758
2007-06-25,1.59,,-0.493,2.67,94.5105,-0.02,2.7140344521729087,0.0052233993768941,30.986656188964844,105.65520477294922,40.39370727539063
2007-06-26,1.61,,-0.493,2.7,94.4678,-0.02,2.7140344521729087,0.0051674197233437,31.077131271362305,104.56920623779295,40.162109375
2007-06-27,1.59,,-0.493,2.7,94.5633,-0.02,2.7140344521729087,0.0052306371302852,30.968536376953125,106.05712890625,40.77972030639648
2007-06-28,1.6,,-0.493,2.73,94.2395,-0.02,2.7140344521729087,0.0052965252555935,30.80559730529785,106.04300689697266,40.7625617980957
2007-06-29,1.59,,-0.481,2.65,94.1393,-0.02,2.7140344521729087,0.0053286532364125,30.718122482299805,106.0782470703125,40.83119201660156
2007-07-02,1.6,,-0.481,2.61,93.634,-0.4,2.6434417747193573,0.0053853770747769,30.95883560180664,107.03727722167967,41.20002746582031
2007-07-03,1.6,,-0.481,2.68,93.697,-0.4,2.6434417747193573,0.0054571907344588,30.901121139526367,107.42514038085938,41.44022750854492
2007-07-04,1.6,,-0.481,2.68,93.6965,-0.4,2.6434417747193573,0.0054571907344588,30.901121139526367,107.42514038085938,41.44022750854492
2007-07-05,1.58,,-0.481,2.76,93.7653,-0.4,2.6434417747193573,0.0055652373040478,30.788816452026367,107.3123016357422,41.74044799804688
2007-07-06,1.59,,-0.457,2.79,93.5759,-0.4,2.6434417747193573,0.0055324038509283,30.82221794128418,107.87645721435548,41.912017822265625
2007-07-09,1.58,,-0.457,2.75,93.5519,-0.4,2.6434417747193573,0.0055238455195574,30.916296005249023,107.96105194091795,41.937744140625
2007-07-10,1.6,,-0.457,2.64,93.3339,-0.4,2.6434417747193573,0.0054769811090433,30.834369659423828,106.4238052368164,41.586055755615234
2007-07-11,1.59,,-0.457,2.71,93.3089,-0.4,2.6434417747193573,0.0055149175579374,30.60366439819336,107.17835998535156,41.86911392211914
2007-07-12,1.59,,-0.457,2.74,93.1198,-0.4,2.6434417747193573,0.0054027297617239,30.694725036621094,108.87069702148438,42.512481689453125
2007-07-13,1.59,,-0.413,2.73,93.0133,-0.4,2.6434417747193573,0.0054303094616777,30.82221794128418,109.19515228271484,42.80412292480469
2007-07-16,1.58,,-0.413,2.69,92.9094,-0.4,2.6434417747193573,0.005396240635922,30.834369659423828,109.18101501464844,42.7612190246582
2007-07-17,1.59,,-0.413,2.73,92.9095,-0.4,2.6434417747193573,0.0053934105194966,30.87079429626465,109.12457275390624,43.08719253540039
2007-07-18,1.58,,-0.413,2.64,92.7959,-0.4,2.6434417747193573,0.0053672316772699,30.640087127685547,108.92716217041016,43.03571701049805
2007-07-19,1.59,,-0.413,2.65,92.7332,-0.4,2.6434417747193573,0.0054777023147077,30.67349624633789,109.35027313232422,43.16439437866211
2007-07-20,1.61,,-0.344,2.6,92.7179,-0.4,2.6434417747193573,0.0054891063232785,30.59458351135254,108.24313354492188,42.932804107666016
2007-07-23,1.61,,-0.344,2.63,92.6585,-0.4,2.6434417747193573,0.0054200941882839,30.52779197692871,108.57456970214844,42.949954986572266
2007-07-24,1.65,,-0.344,2.58,92.505,-0.4,2.6434417747193573,0.0053325049701456,30.351757049560547,106.69180297851562,42.31518173217773
2007-07-25,1.65,,-0.344,2.56,92.9189,-0.4,2.6434417747193573,0.0053029852394725,30.063396453857425,106.910400390625,42.375244140625
2007-07-26,1.83,,-0.344,2.47,93.1186,-0.4,2.6434417747193573,0.0053260378567677,29.638486862182617,104.37885284423828,42.01496124267578
2007-07-27,1.87,,-0.251,2.48,93.5485,-0.4,2.6434417747193573,0.0053803032094782,29.14374732971192,102.32675170898438,41.165714263916016
2007-07-30,1.88,,-0.251,2.49,93.5918,-0.4,2.6434417747193573,0.0054088241826242,29.42604255676269,103.927490234375,41.646087646484375
2007-07-31,1.85,,-0.251,2.44,93.4264,-0.4,2.6434417747193573,0.0054783325031643,29.526206970214844,102.75696563720705,40.77114486694336
2007-08-01,1.86,,-0.251,2.44,93.4011,-0.08,2.391751002175236,0.0054174203750323,29.465085983276367,103.257568359375,41.08853149414063
2007-08-02,1.83,,-0.251,2.46,93.3038,-0.08,2.391751002175236,0.0053791757132278,29.63312149047852,104.0826644897461,41.46595764160156
2007-08-03,1.86,,-0.139,2.44,93.1039,-0.08,2.391751002175236,0.0051814125373017,29.63312149047852,101.40304565429688,40.67679214477539
2007-08-06,1.89,,-0.139,2.46,93.1112,-0.08,2.391751002175236,0.0051801934316809,29.568965911865234,103.10250091552734,41.1485595703125
2007-08-07,1.83,,-0.139,2.51,93.3171,-0.08,2.391751002175236,0.0052423206034161,29.77973175048828,104.2025375366211,41.44022750854492
2007-08-08,1.87,,-0.139,2.58,93.0989,-0.08,2.391751002175236,0.0051074869284548,30.131084442138672,105.65520477294922,41.89485549926758
2007-08-09,1.91,,-0.139,2.54,93.441,-0.08,2.391751002175236,0.005098276163516,30.10052299499512,102.52425384521484,40.92552947998047
2007-08-10,1.88,,-0.019,2.56,93.5214,-0.08,2.391751002175236,0.005064150498261,30.039400100708008,102.04479217529295,40.55666732788086
2007-08-13,1.91,,-0.019,2.52,93.6032,-0.08,2.391751002175236,0.0052000896114921,30.25938034057617,102.41140747070312,40.83119201660156
2007-08-14,1.95,,-0.019,2.49,94.0416,-0.08,2.391751002175236,0.0051032008158271,30.024154663085938,100.84593200683594,40.136375427246094
2007-08-15,2.03,,-0.019,2.46,94.5014,-0.08,2.391751002175236,0.0050441021816896,30.192182540893555,99.45682525634766,39.37294006347656
2007-08-16,2.06,,-0.019,2.39,94.9055,-0.08,2.391751002175236,0.0048272404306466,30.15245056152344,100.20426177978516,38.98689651489258
2007-08-17,2.07,,0.099,2.45,94.319,-0.08,2.391751002175236,0.004805145355117,30.45796203613281,102.04479217529295,39.7246322631836
2007-08-20,2.08,,0.099,2.44,94.2138,-0.08,2.391751002175236,0.0048332571429812,30.16773796081543,101.9953384399414,39.9133415222168
2007-08-21,2.09,,0.099,2.38,94.2676,-0.08,2.391751002175236,0.0048157451588954,30.011947631835938,102.19983673095705,40.33366394042969
2007-08-22,2.07,,0.099,2.42,94.0998,-0.08,2.391751002175236,0.0048960705774929,30.24412727355957,103.41278076171876,40.88266372680664
2007-08-23,2.04,,0.099,2.39,93.9827,-0.08,2.391751002175236,0.0049878583325814,30.42738914489746,103.3210678100586,40.77114486694336
2007-08-24,2.01,,0.193,2.4,93.6863,-0.08,2.391751002175236,0.0050374251639771,30.503774642944336,104.59742736816406,41.34586715698242
2007-08-27,2.0,,0.193,2.38,93.6109,-0.08,2.391751002175236,0.0050749851903014,30.702362060546875,103.62429809570312,41.07136917114258
2007-08-28,2.07,,0.193,2.33,93.8394,-0.08,2.391751002175236,0.0050225764156637,30.595430374145508,101.34661102294922,40.09348678588867
2007-08-29,2.05,,0.193,2.38,93.7174,-0.08,2.391751002175236,0.0050202612785422,30.717622756958008,103.33515167236328,41.24293518066406
2007-08-30,2.07,,0.193,2.32,93.7324,-0.08,2.391751002175236,0.0050428569765019,30.781797409057617,103.0601806640625,41.45738983154297
2007-08-31,2.05,,0.245,2.34,93.6674,-0.08,2.391751002175236,0.0050683506884865,31.059785842895508,104.07559204101562,41.92060089111328
2007-09-03,2.05,,0.245,2.34,93.6691,-0.08,2.7901202497425004,0.0050683506884865,31.059785842895508,104.07559204101562,41.92060089111328
2007-09-04,2.04,,0.245,2.36,93.6433,-0.08,2.7901202497425004,0.0048681318541586,31.27587509155273,105.12628173828124,42.61541366577149
2007-09-05,2.06,,0.245,2.29,93.5453,-0.08,2.7901202497425004,0.0048100337174017,31.288162231445312,104.21662902832033,42.18649673461914
2007-09-06,2.06,,0.245,2.32,93.4468,-0.08,2.7901202497425004,0.0047663889266068,31.26972961425781,104.4564208984375,42.15219879150391
2007-09-07,2.1,,0.26,2.19,93.2939,-0.08,2.7901202497425004,0.0046511131328184,30.913158416748047,103.00374603271484,41.37160110473633
2007-09-10,2.13,,0.26,2.14,93.2349,-0.08,2.7901202497425004,0.004640978239183,31.04534912109375,102.80628204345705,41.34586715698242
2007-09-11,2.11,,0.26,2.16,92.9244,-0.08,2.7901202497425004,0.0047584946375705,31.30046463012696,104.00507354736328,41.97206115722656
2007-09-12,2.13,,0.26,2.18,92.6386,-0.08,2.7901202497425004,0.0047190614076752,31.441858291625977,104.27302551269533,41.98063278198242
2007-09-13,2.12,,0.26,2.24,92.6172,-0.08,2.7901202497425004,0.0047850598744559,31.331172943115234,105.00647735595705,42.18649673461914
2007-09-14,2.12,,0.236,2.2,92.7083,-0.08,2.7901202497425004,0.0047787488008647,31.62630271911621,104.99934387207033,42.22079849243164
2007-09-17,2.1,,0.236,2.21,92.823,-0.08,2.7901202497425004,0.004774378426033,31.770761489868164,104.4352569580078,41.86911392211914
2007-09-18,2.11,,0.236,2.19,92.6584,-0.08,2.7901202497425004,0.0048093045168318,31.99820137023925,107.50975799560548,42.9242057800293
2007-09-19,2.11,,0.236,2.21,92.1534,-0.08,2.7901202497425004,0.0049411358925774,32.60990905761719,108.14442443847656,43.03571701049805
2007-09-20,2.04,,0.236,2.34,91.4212,-0.08,2.7901202497425004,0.0048798467539698,31.810733795166016,107.38282012939452,42.9156379699707
2007-09-21,2.03,,0.178,2.31,91.4854,-0.08,2.7901202497425004,0.0048844679672047,31.890623092651367,107.67263793945312,43.221168518066406
2007-09-24,2.02,,0.178,2.33,91.4017,-0.08,2.7901202497425004,0.0049542415167507,32.105804443359375,107.47422790527344,43.418575286865234
2007-09-25,2.02,,0.178,2.34,91.3392,-0.08,2.7901202497425004,0.0049364408765911,32.18264389038086,107.2616958618164,43.83055114746094
2007-09-26,2.03,,0.178,2.34,91.4335,-0.08,2.7901202497425004,0.004960867742186,32.06584548950195,107.8284912109375,44.04508590698242
2007-09-27,2.01,,0.178,2.27,91.3497,-0.08,2.7901202497425004,0.004962467391029,31.96747589111328,108.46614837646484,44.26823425292969
2007-09-28,2.0,,0.111,2.27,90.9446,-0.08,2.7901202497425004,0.004887587692332,31.96747589111328,108.10477447509766,44.12234115600586
2007-10-01,1.99,,0.111,2.26,90.8801,-0.27,2.6179282370540014,0.0049263917748144,32.089637756347656,109.32347869873048,44.628692626953125
2007-10-02,2.0,,0.111,2.23,91.12,-0.27,2.6179282370540014,0.0050705673792006,32.1514892578125,109.17465209960938,44.63726043701172
2007-10-03,1.99,,0.111,2.25,91.1038,-0.27,2.6179282370540014,0.0051412314534468,31.98139381408692,108.95501708984376,44.32832717895508
2007-10-04,1.97,,0.111,2.24,91.1632,-0.27,2.6179282370540014,0.0050352398693882,32.11748123168945,109.1251220703125,44.43128967285156
2007-10-05,1.94,,0.049,2.34,90.7393,-0.27,2.6179282370540014,0.0049865103518319,32.136043548583984,110.42163848876952,45.33245086669922
2007-10-08,1.94,,0.049,2.34,90.748,-0.27,2.6179282370540014,0.0049031113468921,32.244285583496094,109.83367919921876,45.61567306518555
2007-10-09,1.9,,0.049,2.34,90.8609,-0.27,2.6179282370540014,0.0048833739508393,32.269020080566406,110.86795043945312,45.81306838989258
2007-10-10,1.91,,0.049,2.33,90.7154,-0.27,2.6179282370540014,0.0049648838425751,32.24119186401367,110.68380737304688,45.92462158203125
2007-10-11,1.9,,0.049,2.32,90.4901,-0.27,2.6179282370540014,0.0048569146662007,32.287601470947266,110.15237426757812,45.19513320922852
2007-10-12,1.87,,0.007,2.36,90.5945,-0.27,2.6179282370540014,0.0048490717497108,32.32161331176758,110.7617416381836,45.941802978515625
2007-10-15,1.88,,0.007,2.34,90.5387,-0.27,2.6179282370540014,0.0048388590525797,32.47626495361328,109.8265151977539,45.589935302734375
2007-10-16,1.92,,0.007,2.31,90.7123,-0.27,2.6179282370540014,0.0047873184577004,32.3525505065918,108.95501708984376,45.3753662109375
2007-10-17,1.91,,0.007,2.22,90.515,-0.27,2.6179282370540014,0.0047320132995202,31.953554153442383,109.28802490234376,45.95896911621094
2007-10-18,1.94,,0.007,2.2,90.3084,-0.27,2.6179282370540014,0.0046243948030771,31.938077926635746,108.89126586914062,46.156375885009766
2007-10-19,1.97,,-0.001,2.09,90.1014,-0.27,2.6179282370540014,0.0046433244700207,31.795822143554688,106.04302215576172,45.00633239746094
2007-10-22,1.96,,-0.001,2.11,90.6777,-0.27,2.6179282370540014,0.0046017464696838,31.5019645690918,106.65947723388672,45.547000885009766
2007-10-23,1.98,,-0.001,2.11,90.1899,-0.27,2.6179282370540014,0.004617918464349,31.764896392822266,107.52383422851562,46.49967575073242
2007-10-24,1.98,,-0.001,2.07,90.2262,-0.27,2.6179282370540014,0.0045312501126978,31.764896392822266,107.325439453125,46.14778518676758
2007-10-25,1.99,,-0.001,2.04,89.9925,-0.27,2.6179282370540014,0.0045353839103832,31.81128692626953,107.58051300048828,45.52984619140625
2007-10-26,1.98,,0.029,2.05,89.6508,-0.27,2.6179282370540014,0.0045024874316945,31.885498046875,108.84165954589844,46.28510284423828
2007-10-29,1.98,,0.029,2.04,89.4118,-0.27,2.6179282370540014,0.0044519073883325,31.98139381408692,109.20299530029295,46.47391128540039
2007-10-30,1.99,,0.029,2.06,89.3252,-0.27,2.6179282370540014,0.0044300650196992,31.91954803466797,108.4448699951172,46.568321228027344
2007-10-31,1.99,,0.029,2.14,89.1389,-0.27,2.6179282370540014,0.0043787877969067,32.120574951171875,109.57149505615234,47.22917938232422
2007-11-01,2.01,,0.029,2.0,89.1628,-0.08,3.2087670061424323,0.0042443403247545,31.911996841430664,107.00665283203124,46.34518432617188
2007-11-02,2.04,,0.095,1.92,88.8924,-0.08,3.2087670061424323,0.0041175376246469,31.834131240844727,107.1270751953125,46.70563888549805
2007-11-05,2.02,,0.095,1.94,88.8851,-0.08,3.2087670061424323,0.0040762282017966,31.818559646606445,106.31229400634766,46.40525436401367
2007-11-06,2.03,,0.095,1.93,88.4938,-0.08,3.2087670061424323,0.0040600633899705,31.98360061645508,107.74352264404295,46.92878723144531
2007-11-07,2.1,,0.095,1.91,88.0631,-0.08,3.2087670061424323,0.0039121539440682,31.94310188293457,104.79603576660156,45.78731155395508
2007-11-08,2.16,,0.095,1.88,88.2631,-0.08,3.2087670061424323,0.0038278256465235,31.53837203979492,104.2646484375,44.39695739746094
2007-11-09,2.18,,0.193,1.82,88.4615,-0.08,3.2087670061424323,0.0037747746831303,31.6784896850586,102.8334732055664,42.912208557128906
2007-11-12,2.18,,0.193,1.82,88.465,-0.08,3.2087670061424323,0.0038533135593335,31.80299949645996,101.8132553100586,41.822227478027344
2007-11-13,2.18,,0.193,1.86,89.1016,-0.08,3.2087670061424323,0.0038911188542318,31.6784896850586,104.91646575927734,43.54731750488281
2007-11-14,2.16,,0.193,1.88,88.9671,-0.08,3.2087670061424323,0.0040608857097367,31.75634765625,104.62600708007812,42.98944854736328
2007-11-15,2.22,,0.193,1.81,89.4413,-0.08,3.2087670061424323,0.0039216184265472,31.74696350097656,103.11687469482422,42.75772476196289
2007-11-16,2.26,,0.305,1.8,89.3182,-0.08,3.2087670061424323,0.0040168001143913,31.75634765625,103.29401397705078,43.15251922607422
2007-11-19,2.3,,0.305,1.7,89.5262,-0.08,3.2087670061424323,0.0038368949918524,31.75634765625,101.85570526123048,42.65473937988281
2007-11-20,2.35,,0.305,1.68,89.2622,-0.08,3.2087670061424323,0.0038282931872199,31.444969177246094,102.47919464111328,42.82637786865234
2007-11-21,2.41,,0.305,1.62,89.3352,-0.08,3.2087670061424323,0.0036196090424933,30.853445053100582,100.3820343017578,42.32000350952149
2007-11-22,2.41,,0.305,1.62,89.3269,-0.08,3.2087670061424323,0.0036196090424933,30.853445053100582,100.3820343017578,42.32000350952149
2007-11-23,2.37,,0.419,1.63,89.2384,-0.08,3.2087670061424323,0.003622572688223,30.79428672790528,102.11790466308594,42.77488327026367
2007-11-26,2.4,,0.419,1.45,89.145,-0.08,3.2087670061424323,0.0036549637450432,31.133649826049805,99.86480712890624,42.03680038452149
2007-11-27,2.41,,0.419,1.58,89.4082,-0.08,3.2087670061424323,0.0036358607153302,31.180320739746094,101.01263427734376,42.87786865234375
2007-11-28,2.4,,0.419,1.71,89.4195,-0.08,3.2087670061424323,0.0037507811762186,31.4760971069336,104.24343872070312,44.18238830566406
2007-11-29,2.46,,0.419,1.61,89.3681,-0.08,3.2087670061424323,0.0038520055004932,31.63174629211425,104.27884674072266,44.3712272644043
2007-11-30,2.47,,0.514,1.63,89.6212,-0.08,3.2087670061424323,0.004036052180493,31.75943374633789,105.32746124267578,44.03649520874024
2007-12-03,2.52,,0.514,1.57,89.6403,-0.45,2.2029778334589523,0.0038830396500307,32.07960510253906,104.63313293457033,43.667457580566406
2007-12-04,2.53,,0.514,1.59,89.6672,-0.45,2.2029778334589523,0.003741420132549,31.957469940185547,103.69782257080078,43.48722457885742
2007-12-05,2.58,,0.514,1.66,89.8751,-0.45,2.2029778334589523,0.0037818182224763,31.58147430419922,105.43376159667967,44.26823425292969
2007-12-06,2.59,,0.514,1.77,89.9268,-0.45,2.2029778334589523,0.0037674738438039,31.863468170166016,106.94284057617188,44.90334701538086
2007-12-07,2.61,,0.578,1.86,89.74,-0.45,2.2029778334589523,0.0038953927111625,31.84779167175293,106.9216079711914,44.91191864013672
2007-12-10,2.59,,0.578,1.89,89.6811,-0.45,2.2029778334589523,0.0037897735080561,31.80079460144043,107.75057220458984,45.09214401245117
2007-12-11,2.63,,0.578,1.73,89.7176,-0.45,2.2029778334589523,0.0037681782025666,31.769437789916992,104.79603576660156,44.04508590698242
2007-12-12,2.63,,0.578,1.78,89.7349,-0.45,2.2029778334589523,0.0037074370404731,31.94178581237793,105.8304443359375,44.43987655639648
2007-12-13,2.58,,0.578,1.87,90.1374,-0.45,2.2029778334589523,0.0036789738341177,31.926103591918945,105.61083984375,44.19956970214844
2007-12-14,2.55,,0.606,1.9,90.4345,-0.45,2.2029778334589523,0.003701626267068,31.97310256958008,104.27178192138672,43.74471664428711
2007-12-17,2.55,,0.606,1.86,90.5363,-0.45,2.2029778334589523,0.0036147457859401,31.80079460144043,102.78385925292967,42.68046569824219
2007-12-18,2.52,,0.606,1.8,90.5602,-0.45,2.2029778334589523,0.0035740969932242,31.83207893371582,103.35780334472656,42.81778717041016
2007-12-19,2.54,,0.606,1.73,90.6147,-0.45,2.2029778334589523,0.0036768193568459,31.988773345947266,103.35780334472656,42.80921173095703
2007-12-20,2.51,,0.606,1.74,90.4695,-0.45,2.2029778334589523,0.0037018266557294,31.91983985900879,104.00962829589844,43.68462371826172
2007-12-21,2.5,,0.597,1.84,90.3672,-0.45,2.2029778334589523,0.0038116066929119,32.02009582519531,105.50895690917967,44.54635238647461
2007-12-24,2.49,,0.597,1.88,90.1788,-0.45,2.2029778334589523,0.0038718013307699,31.90728759765625,106.29241943359376,44.88141250610352
2007-12-25,2.49,,0.597,1.88,90.1786,-0.45,2.2029778334589523,0.0038718013307699,31.90728759765625,106.29241943359376,44.88141250610352
2007-12-26,2.49,,0.597,1.95,89.9226,-0.45,2.2029778334589523,0.0038196125561619,31.766319274902344,106.52037811279295,45.10477066040039
2007-12-27,2.52,,0.597,1.85,89.684,-0.45,2.2029778334589523,0.0037472847098237,31.97582626342773,105.18131256103516,44.56351852416992
2007-12-28,2.51,,0.557,1.78,89.4069,-0.45,2.2029778334589523,0.0036416150243755,31.663938522338867,104.91776275634766,44.52055358886719
2007-12-31,2.52,,0.557,1.73,89.6304,-0.45,2.2029778334589523,0.003629775837265,31.73324966430664,104.141357421875,44.00508880615234
2008-01-01,2.52,,0.557,1.73,89.6297,-0.23,2.4141930753466267,0.003629775837265,31.73324966430664,104.141357421875,44.00508880615234
2008-01-02,2.54,,0.557,1.59,89.3514,-0.23,2.4141930753466267,0.0035595098203928,31.348852157592773,103.22966003417967,43.30916976928711
2008-01-03,2.57,,0.557,1.58,89.231,-0.23,2.4141930753466267,0.0036622807108305,31.288991928100582,103.17984771728516,43.48958587646485
2008-01-04,2.59,,0.509,1.56,89.2467,-0.23,2.4141930753466267,0.0036397869135063,31.254329681396484,100.65122985839844,41.58230972290039
2008-01-07,2.6,,0.509,1.57,89.5718,-0.23,2.4141930753466267,0.0036354119227026,31.06845474243164,100.56576538085938,41.38470458984375
2008-01-08,2.63,,0.509,1.57,89.3398,-0.23,2.4141930753466267,0.003728359869781,30.88888359069824,98.94186401367188,40.31078720092773
2008-01-09,2.67,,0.509,1.56,89.6807,-0.23,2.4141930753466267,0.003711767939426,30.55175399780273,99.98168182373048,41.16990661621094
2008-01-10,2.73,,0.509,1.68,89.6226,-0.23,2.4141930753466267,0.0036570594071348,30.778564453125,100.63699340820312,41.23004913330078
2008-01-11,2.77,,0.463,1.56,89.5215,-0.23,2.4141930753466267,0.0036642116344038,30.84476852416992,99.8249969482422,40.42247772216797
2008-01-14,2.76,,0.463,1.53,89.2749,-0.23,2.4141930753466267,0.0036790150866034,30.737642288208008,100.62989044189452,41.12697982788086
2008-01-15,2.78,,0.463,1.45,89.1555,-0.23,2.4141930753466267,0.0035738069129969,30.816389083862305,98.4146957397461,39.992897033691406
2008-01-16,2.77,,0.463,1.5,89.6701,-0.23,2.4141930753466267,0.0035901658695915,30.78172874450684,97.56707000732422,39.56333541870117
2008-01-17,2.81,,0.463,1.43,89.6484,-0.23,2.4141930753466267,0.0036048891870998,30.564342498779297,95.03853607177734,39.01347351074219
2008-01-18,2.87,,0.438,1.42,89.8993,-0.23,2.4141930753466267,0.0036608764595374,30.80378532409668,94.06270599365234,38.9619369506836
2008-01-21,2.87,,0.438,1.42,89.9265,-0.23,2.4141930753466267,0.0036608764595374,30.80378532409668,94.06270599365234,38.9619369506836
2008-01-22,2.98,,0.438,1.28,89.84,-0.23,2.4141930753466267,0.0035847571704132,30.58955383300781,93.10826110839844,37.95675659179688
2008-01-23,2.95,,0.438,1.31,89.9138,-0.23,2.4141930753466267,0.0034713880198535,30.64942741394043,95.34478759765624,37.810672760009766
2008-01-24,2.95,,0.438,1.44,89.203,-0.23,2.4141930753466267,0.0034953064183909,31.03377342224121,96.14967346191406,38.583927154541016
2008-01-25,2.95,,0.444,1.34,89.2184,-0.23,2.4141930753466267,0.0034881934302642,31.08104133605957,94.76073455810548,37.79351043701172
2008-01-28,2.97,,0.444,1.33,88.9555,-0.23,2.4141930753466267,0.0034322079663389,30.939252853393555,96.3277587890625,38.08561325073242
2008-01-29,2.94,,0.444,1.37,88.8342,-0.23,2.4141930753466267,0.003555291450796,30.97076988220215,96.80494689941406,38.15436172485352
2008-01-30,2.94,,0.444,1.45,88.7442,-0.23,2.4141930753466267,0.0034933740662568,31.090505599975582,96.09269714355467,38.11997604370117
2008-01-31,2.96,,0.444,1.33,88.6547,-0.23,2.4141930753466267,0.0035650806920706,31.153520584106445,97.8449249267578,38.77293014526367
2008-02-01,2.98,,0.473,1.31,88.4824,-0.8,1.0602796518591306,0.003588092781362,31.170635223388672,99.41899871826172,39.16814041137695
2008-02-04,2.98,,0.473,1.38,88.4788,-0.8,1.0602796518591306,0.0036335506885863,31.1770076751709,98.1654281616211,38.61826705932617
2008-02-05,3.01,,0.473,1.34,89.076,-0.8,1.0602796518591306,0.0036160965618481,30.926408767700195,95.5371322631836,37.51860046386719
2008-02-06,3.05,,0.473,1.36,88.9987,-0.8,1.0602796518591306,0.0036721437112613,30.862977981567383,94.7678680419922,36.77972030639648
2008-02-07,3.06,,0.473,1.47,89.4221,-0.8,1.0602796518591306,0.0038053195531695,30.732925415039062,95.3946762084961,37.03747177124024
2008-02-08,3.09,,0.533,1.36,89.2226,-0.8,1.0602796518591306,0.0038485407117739,30.50135040283203,94.7821273803711,37.45845413208008
2008-02-11,3.09,,0.533,1.32,89.2149,-0.8,1.0602796518591306,0.0038503628161821,30.26031494140625,95.2664566040039,37.86224365234375
2008-02-12,3.11,,0.533,1.36,88.9539,-0.8,1.0602796518591306,0.0039177870521358,30.37447738647461,96.14967346191406,37.6474609375
2008-02-13,3.11,,0.533,1.42,89.1382,-0.8,1.0602796518591306,0.0038891340972176,30.29519462585449,97.1326141357422,38.47222518920898
2008-02-14,3.1,,0.533,1.57,88.9055,-0.8,1.0602796518591306,0.0038439495506174,30.444278717041016,96.2778778076172,37.77633666992188
2008-02-15,3.14,,0.617,1.48,88.9006,-0.8,1.0602796518591306,0.0039000885645278,30.36814308166504,96.2565460205078,37.6474609375
2008-02-18,3.14,,0.617,1.48,88.9004,-0.8,1.0602796518591306,0.0039000885645278,30.36814308166504,96.2565460205078,37.6474609375
2008-02-19,3.07,,0.617,1.56,88.9626,-0.8,1.0602796518591306,0.0040200733895735,30.212709426879883,96.52719116210938,37.578731536865234
2008-02-20,3.03,,0.617,1.55,89.2572,-0.8,1.0602796518591306,0.003964797757611,30.292030334472656,96.8121337890625,37.75056076049805
2008-02-21,3.1,,0.617,1.43,88.716,-0.8,1.0602796518591306,0.0040275869409889,30.396690368652344,96.00719451904295,37.38972854614258
2008-02-22,3.12,,0.715,1.44,88.7082,-0.8,1.0602796518591306,0.0040086798898466,30.450624465942383,96.59842681884766,37.52716445922852
2008-02-25,3.08,,0.715,1.53,88.5373,-0.8,1.0602796518591306,0.0039905076773062,30.542591094970703,97.81639862060548,37.7161750793457
2008-02-26,3.1,,0.715,1.44,88.0998,-0.8,1.0602796518591306,0.0039964062958239,30.73924827575684,98.55001831054688,37.86224365234375
2008-02-27,3.11,,0.715,1.42,87.3353,-0.8,1.0602796518591306,0.0040075139482878,30.732925415039062,98.4503402709961,38.051246643066406
2008-02-28,3.17,,0.715,1.26,87.0363,-0.8,1.0602796518591306,0.0040057025591038,30.68849372863769,97.4887237548828,37.90520095825195
2008-02-29,3.22,,0.814,1.1,87.1654,-0.8,1.0602796518591306,0.0039625553902219,30.57115173339844,95.3163070678711,36.900001525878906
2008-03-03,3.22,,0.814,1.08,87.2381,-0.79,0.5734255066876637,0.0040050942376749,30.57944297790528,95.08843994140624,36.65944290161133
2008-03-04,3.19,,0.814,1.15,87.3039,-0.79,0.5734255066876637,0.0039703286708095,30.54435539245605,94.72515106201172,36.86564254760742
2008-03-05,3.26,,0.814,1.16,87.1347,-0.79,0.5734255066876637,0.0040453254881311,30.63053321838379,95.3234634399414,37.04605484008789
2008-03-06,3.35,,0.814,1.07,86.9105,-0.79,0.5734255066876637,0.0040148717929155,30.55069923400879,93.3504867553711,36.22986602783203
2008-03-07,3.39,,0.905,1.01,87.1258,-0.79,0.5734255066876637,0.0040444351701585,30.486862182617188,92.38887786865234,36.14397048950195
2008-03-10,3.43,,0.905,0.9,87.1452,-0.79,0.5734255066876637,0.0039266934278089,30.41664123535156,91.17091369628906,35.44805908203125
2008-03-11,3.39,,0.905,1.05,87.1763,-0.79,0.5734255066876637,0.0038996099129469,30.493282318115234,94.44735717773438,36.796905517578125
2008-03-12,3.39,,0.905,0.95,86.728,-0.79,0.5734255066876637,0.0039349203947343,30.486862182617188,93.56417083740234,36.69381713867188
2008-03-13,3.39,,0.905,1.05,86.3891,-0.79,0.5734255066876637,0.0038697974013988,30.27297019958496,93.77068328857422,36.97735977172852
2008-03-14,3.42,,0.965,1.01,86.4301,-0.79,0.5734255066876637,0.0038539369230681,30.09101867675781,92.31765747070312,36.298614501953125
2008-03-17,3.5,,0.965,1.05,86.3417,-0.79,0.5734255066876637,0.0037068102683145,29.95056915283203,91.3845672607422,35.6370849609375
2008-03-18,3.39,,0.965,1.08,86.1191,-0.79,0.5734255066876637,0.0037584727858922,30.39109230041504,95.18098449707033,37.22648239135742
2008-03-19,3.44,,0.965,1.04,86.5755,-0.79,0.5734255066876637,0.0038737163505506,30.42302131652832,92.8233642578125,36.30720520019531
2008-03-20,3.42,,0.965,1.02,87.3293,-0.79,0.5734255066876637,0.0039267074346477,30.56668472290039,94.542724609375,37.04921722412109
2008-03-21,3.42,,0.99,1.02,87.2111,-0.79,0.5734255066876637,0.0039267074346477,30.56668472290039,94.542724609375,37.04921722412109
2008-03-24,3.34,,0.99,1.24,87.3103,-0.79,0.5734255066876637,0.0039801807905651,30.799718856811523,96.4324188232422,38.33033752441406
2008-03-25,3.39,,0.99,1.25,86.8339,-0.79,0.5734255066876637,0.0039583781088844,30.879514694213867,96.5255126953125,38.5452995300293
2008-03-26,3.41,,0.99,1.24,86.5513,-0.79,0.5734255066876637,0.003952581588536,30.806121826171875,95.34441375732422,38.43351364135742
2008-03-27,3.41,,0.99,1.23,86.4583,-0.79,0.5734255066876637,0.0041141443194879,30.7071475982666,95.04376220703124,37.582298278808594
2008-03-28,3.47,,0.97,1.13,86.6369,-0.79,0.5734255066876637,0.0041435633438163,30.723119735717773,94.13471221923828,37.39314651489258
2008-03-31,3.45,,0.97,1.11,86.6881,-0.79,0.5734255066876637,0.0042168741178564,30.860376358032227,94.46397399902344,37.59090805053711
2008-04-01,3.43,,0.97,1.22,87.0276,-0.67,-0.7427676334748168,0.0043334464485303,30.995994567871094,97.78529357910156,39.19873809814453
2008-04-02,3.4,,0.97,1.26,86.8886,-0.67,-0.7427676334748168,0.0043437219863499,31.01205825805664,97.8497085571289,39.11275863647461
2008-04-03,3.38,,0.97,1.28,86.6424,-0.67,-0.7427676334748168,0.0043359116296083,30.957426071166992,98.0930633544922,39.19873809814453
2008-04-04,3.4,,0.917,1.18,86.5108,-0.67,-0.7427676334748168,0.0043767875570668,31.076330184936523,97.9857177734375,39.43087768554688
2008-04-07,3.37,,0.917,1.23,86.603,-0.67,-0.7427676334748168,0.0043291425912568,31.32378578186035,98.03579711914062,39.34490966796875
2008-04-08,3.37,,0.917,1.26,86.7369,-0.67,-0.7427676334748168,0.0042768051639949,31.429821014404297,97.93563079833984,39.043983459472656
2008-04-09,3.38,,0.917,1.19,86.5764,-0.67,-0.7427676334748168,0.0043144815587657,31.156694412231445,97.2269515991211,38.60545349121094
2008-04-10,3.35,,0.917,1.26,86.5131,-0.67,-0.7427676334748168,0.0042593989531185,31.269163131713867,97.36295318603516,39.1557502746582
2008-04-11,3.38,,0.844,1.19,86.5029,-0.67,-0.7427676334748168,0.0043032698635042,31.01848220825196,95.47322845458984,38.07238006591797
2008-04-14,3.39,,0.844,1.23,86.3492,-0.67,-0.7427676334748168,0.0042430300177505,31.12775993347168,95.15115356445312,37.90041732788086
2008-04-15,3.39,,0.844,1.28,86.4705,-0.67,-0.7427676334748168,0.0041897275560254,31.12454414367676,95.373046875,37.9520149230957
2008-04-16,3.39,,0.844,1.41,85.9037,-0.67,-0.7427676334748168,0.0042196593155176,31.2595329284668,97.9570770263672,39.00956344604492
2008-04-17,3.34,,0.844,1.44,86.1077,-0.67,-0.7427676334748168,0.0041945094312241,31.29163360595703,98.10022735595705,38.92362976074219
2008-04-18,3.26,,0.761,1.45,86.5277,-0.67,-0.7427676334748168,0.0042967551634323,31.503786087036133,99.1238250732422,40.16173553466797
2008-04-21,3.22,,0.761,1.44,86.2979,-0.67,-0.7427676334748168,0.0042615064500787,31.452348709106445,99.1739501953125,40.44545364379883
2008-04-22,3.21,,0.761,1.43,85.927,-0.67,-0.7427676334748168,0.0043429468641409,31.494110107421875,98.73731231689452,39.843597412109375
2008-04-23,3.18,,0.761,1.44,86.3841,-0.67,-0.7427676334748168,0.0043555506218655,31.622652053833008,98.57981872558594,40.28209686279297
2008-04-24,3.13,,0.761,1.56,86.7154,-0.67,-0.7427676334748168,0.0043921967011075,31.632295608520508,99.00929260253906,40.643211364746094
2008-04-25,3.14,,0.675,1.6,86.8337,-0.67,-0.7427676334748168,0.0044629170648192,31.783327102661133,99.9255142211914,40.54005432128906
2008-04-28,3.11,,0.675,1.56,86.7635,-0.67,-0.7427676334748168,0.0044618656721276,31.969741821289062,99.9469985961914,40.6174201965332
2008-04-29,3.11,,0.675,1.56,86.873,-0.67,-0.7427676334748168,0.0044606495524332,31.876554489135746,99.5533447265625,40.92695617675781
2008-04-30,3.1,,0.675,1.5,86.8907,-0.67,-0.7427676334748168,0.0045595735638822,31.90868377685547,98.96636962890624,40.59163665771485
2008-05-01,3.04,,0.675,1.52,87.1347,-0.84,-1.4383086308347726,0.0043886205674018,32.5867919921875,101.01351928710938,41.87274932861328
2008-05-02,2.97,,0.6,1.53,87.2311,-0.84,-1.4383086308347726,0.0045064830628149,32.257110595703125,101.2927017211914,41.93293762207031
2008-05-05,3.01,,0.6,1.53,87.0636,-0.84,-1.4383086308347726,0.0045609308094109,32.20539093017578,100.80598449707033,41.81257629394531
2008-05-06,3.01,,0.6,1.55,86.847,-0.84,-1.4383086308347726,0.0044663240920463,31.97589111328125,101.67926025390624,42.07049560546875
2008-05-07,3.05,,0.6,1.51,87.3421,-0.84,-1.4383086308347726,0.0044422723373166,31.99854278564453,99.86829376220705,41.305267333984375
2008-05-08,3.08,,0.6,1.43,87.4575,-0.84,-1.4383086308347726,0.0043385191947808,31.93065643310547,99.6105728149414,41.61481475830078
2008-05-09,3.07,,0.545,1.39,87.2528,-0.84,-1.4383086308347726,0.0042436404575932,31.99854278564453,99.42449951171876,41.4514274597168
2008-05-12,3.06,,0.545,1.41,87.0403,-0.84,-1.4383086308347726,0.0042819960027395,31.956506729125977,100.54109191894533,42.20806884765625
2008-05-13,3.04,,0.545,1.51,87.1332,-0.84,-1.4383086308347726,0.0043350605698378,31.946807861328125,100.555419921875,42.31985092163086
2008-05-14,3.06,,0.545,1.49,87.3659,-0.84,-1.4383086308347726,0.0042835681911102,31.90156936645508,100.76301574707033,42.22527694702149
2008-05-15,3.08,,0.545,1.4,87.1823,-0.84,-1.4383086308347726,0.0042787257314948,31.98561286926269,102.02281951904295,42.9647102355957
2008-05-16,3.06,,0.512,1.41,86.7855,-0.84,-1.4383086308347726,0.0042786428474876,32.03086853027344,102.11581420898438,42.99910736083984
2008-05-19,3.07,,0.512,1.36,86.8225,-0.84,-1.4383086308347726,0.0041939226961926,32.15689849853516,102.39503479003906,42.68959426879883
2008-05-20,3.08,,0.512,1.31,86.5627,-0.84,-1.4383086308347726,0.0041223490218742,32.095481872558594,101.56465911865234,42.36284637451172
2008-05-21,3.08,,0.512,1.3,86.1595,-0.84,-1.4383086308347726,0.0040447198111435,32.03732681274414,99.8468017578125,41.4256591796875
2008-05-22,3.06,,0.512,1.41,86.3223,-0.84,-1.4383086308347726,0.0040554526493306,31.98883628845215,99.8611297607422,41.571815490722656
2008-05-23,3.06,,0.507,1.36,86.1922,-0.84,-1.4383086308347726,0.0040568282341017,31.798126220703125,98.5225830078125,41.44284439086914
2008-05-26,3.06,,0.507,1.36,86.19,-0.84,-1.4383086308347726,0.0040568282341017,31.798126220703125,98.5225830078125,41.44284439086914
2008-05-27,3.08,,0.507,1.46,86.4459,-0.84,-1.4383086308347726,0.0041214056260299,31.6203670501709,99.252685546875,42.17367935180664
2008-05-28,3.03,,0.507,1.58,86.4951,-0.84,-1.4383086308347726,0.0041404773896432,31.77550506591797,99.71078491210938,42.34564208984375
2008-05-29,3.04,,0.507,1.62,86.5616,-0.84,-1.4383086308347726,0.0040686274008848,31.743194580078125,100.21188354492188,42.72395706176758
2008-05-30,3.0,,0.528,1.58,86.5504,-0.84,-1.4383086308347726,0.0040888088255303,31.74641799926757,100.46236419677734,42.99910736083984
2008-06-02,3.05,,0.528,1.51,86.6321,-0.72,-1.724935725071297,0.0040418858426433,31.48422622680664,99.42449951171876,42.47463607788086
2008-06-03,3.03,,0.528,1.51,86.8359,-0.72,-1.724935725071297,0.0040676044294175,31.506994247436523,98.8446273803711,42.24245834350586
2008-06-04,3.04,,0.528,1.59,87.0999,-0.72,-1.724935725071297,0.0040379587165747,31.47443199157715,98.79456329345705,42.78414535522461
2008-06-05,3.01,,0.528,1.63,87.0968,-0.72,-1.724935725071297,0.0040754760530472,31.61108016967773,100.7701644897461,43.4634017944336
2008-06-06,3.04,,0.574,1.47,86.8028,-0.72,-1.724935725071297,0.0040473531088529,31.52325439453125,97.55622863769533,42.156494140625
2008-06-09,2.94,,0.574,1.54,86.9096,-0.72,-1.724935725071297,0.0040365485364046,31.62410545349121,97.79247283935548,41.93293762207031
2008-06-10,2.94,,0.574,1.62,87.4705,-0.72,-1.724935725071297,0.004098398227607,31.63710021972656,97.3057098388672,41.73517990112305
2008-06-11,2.97,,0.574,1.62,87.2059,-0.72,-1.724935725071297,0.0040644537476744,31.6306381225586,95.8741226196289,40.72920989990234
2008-06-12,2.9,,0.574,1.73,87.6187,-0.72,-1.724935725071297,0.0040640818902437,31.57856178283692,96.23916625976562,40.77220153808594
2008-06-13,2.9,,0.628,1.77,87.7622,-0.72,-1.724935725071297,0.0041296106532227,31.718448638916016,97.4560089111328,41.58900833129883
2008-06-16,2.92,,0.628,1.76,87.3911,-0.72,-1.724935725071297,0.0041642148083547,31.279266357421875,97.5133056640625,41.95873260498047
2008-06-17,2.94,,0.628,1.75,87.2103,-0.72,-1.724935725071297,0.0041371706509482,31.334577560424805,97.04087829589844,41.73517990112305
2008-06-18,2.95,,0.628,1.68,87.1872,-0.72,-1.724935725071297,0.0042041755360837,31.40286445617676,96.09603118896484,41.2880859375
2008-06-19,2.92,,0.628,1.75,87.0815,-0.72,-1.724935725071297,0.0041893089309418,31.20443153381348,96.21766662597656,41.93293762207031
2008-06-20,2.95,,0.684,1.72,86.9036,-0.72,-1.724935725071297,0.0042516366016487,31.0808334350586,94.65592193603516,40.80063247680664
2008-06-23,2.93,,0.684,1.75,87.2163,-0.72,-1.724935725071297,0.0043105785984408,30.96695327758789,94.56238555908205,40.48227691650391
2008-06-24,2.98,,0.684,1.64,86.9666,-0.72,-1.724935725071297,0.0042661942133565,30.83684730529785,94.37535095214844,40.27579116821289
2008-06-25,2.96,,0.684,1.65,87.0535,-0.72,-1.724935725071297,0.004301704601808,30.94095039367676,94.82138061523438,40.92969512939453
2008-06-26,3.0,,0.684,1.55,86.6793,-0.72,-1.724935725071297,0.0041873836602946,30.696964263916016,92.24600982666016,39.27770233154297
2008-06-27,3.04,,0.736,1.48,86.643,-0.72,-1.724935725071297,0.0041794900612952,30.612361907958984,91.7424087524414,39.27770233154297
2008-06-30,3.05,,0.736,1.48,86.7621,-0.72,-1.724935725071297,0.0042058949399108,30.57985115051269,92.06615447998048,38.86470031738281
2008-07-01,3.06,,0.736,1.49,86.8447,-1.21,-1.958547102703712,0.0041618036022236,30.54740333557129,92.3539047241211,39.41536712646485
2008-07-02,3.05,,0.736,1.43,86.4782,-1.21,-1.958547102703712,0.0043157281108888,30.52444076538086,90.7712631225586,38.46892929077149
2008-07-03,3.08,,0.736,1.42,86.8843,-1.21,-1.958547102703712,0.0042526021625759,30.5113468170166,90.86480712890624,38.40007781982422
2008-07-04,3.08,,0.768,1.42,86.8781,-1.21,-1.958547102703712,0.0042526021625759,30.5113468170166,90.86480712890624,38.40007781982422
2008-07-07,3.1,,0.768,1.43,86.9617,-1.21,-1.958547102703712,0.0041680147313877,30.537569046020508,89.93679809570312,38.63239669799805
2008-07-08,3.11,,0.768,1.45,86.9778,-1.21,-1.958547102703712,0.0040270094338342,30.45569229125977,91.53379821777344,39.553035736083984
2008-07-09,3.14,,0.768,1.39,86.5335,-1.21,-1.958547102703712,0.0040493908809144,30.350845336914062,89.77134704589844,38.50333023071289
2008-07-10,3.17,,0.768,1.4,86.5122,-1.21,-1.958547102703712,0.0039680092538415,30.39016532897949,90.13823699951172,38.9593620300293
2008-07-11,3.15,,0.776,1.48,86.221,-1.21,-1.958547102703712,0.0039140177990633,30.350845336914062,89.08793640136719,38.33987045288086
2008-07-14,3.16,,0.776,1.43,86.1079,-1.21,-1.958547102703712,0.003875295538049,30.278783798217773,88.28221130371094,38.055931091308594
2008-07-15,3.22,,0.776,1.4,85.8731,-1.21,-1.958547102703712,0.0038068935636502,29.81032943725586,87.03768920898438,38.06452560424805
2008-07-16,3.24,,0.776,1.48,85.9285,-1.21,-1.958547102703712,0.0038230402291997,29.908605575561523,89.17427062988281,39.01098251342773
2008-07-17,3.2,,0.776,1.6,85.9387,-1.21,-1.958547102703712,0.0038505153557688,29.9970645904541,90.0662841796875,39.26910781860352
2008-07-18,3.17,,0.766,1.65,86.0735,-1.21,-1.958547102703712,0.0038509350459497,30.4786319732666,90.62738037109376,38.365684509277344
2008-07-21,3.18,,0.766,1.66,86.0151,-1.21,-1.958547102703712,0.0038521442552107,30.62931060791016,90.67776489257812,38.52915954589844
2008-07-22,3.13,,0.766,1.71,86.1909,-1.21,-1.958547102703712,0.0039404009464923,30.734146118164062,91.70646667480467,38.52915954589844
2008-07-23,3.14,,0.766,1.8,86.2664,-1.21,-1.958547102703712,0.0040291629938213,30.652238845825195,92.20281982421876,39.03678512573242
2008-07-24,3.19,,0.766,1.69,86.4017,-1.21,-1.958547102703712,0.0039880694639656,30.72430229187012,90.2892837524414,38.45171356201172
2008-07-25,3.17,,0.737,1.79,86.3916,-1.21,-1.958547102703712,0.0039974099868101,30.78982925415039,90.2677001953125,38.95076370239258
2008-07-28,3.16,,0.737,1.7,86.4666,-1.21,-1.958547102703712,0.0039990299396498,30.684993743896484,88.94402313232422,38.21939849853516
2008-07-29,3.13,,0.737,1.76,86.8175,-1.21,-1.958547102703712,0.0040195329041524,30.691553115844727,90.8432159423828,39.01098251342773
2008-07-30,3.17,,0.737,1.71,86.8167,-1.21,-1.958547102703712,0.0040752021303628,30.698087692260746,92.46182250976562,39.20887756347656
2008-07-31,3.22,,0.737,1.65,86.8567,-1.21,-1.958547102703712,0.0040666374270553,30.760347366333008,91.23887634277344,39.11424255371094
2008-08-01,3.21,,0.705,1.63,86.8257,-1.26,-3.6832804845724265,0.0039917491581311,30.62276268005371,90.75691223144533,38.615196228027344
2008-08-04,3.22,,0.705,1.64,87.0611,-1.26,-3.6832804845724265,0.0038745695443953,30.411619186401367,89.91522216796875,38.22800827026367
2008-08-05,3.2,,0.705,1.74,87.3281,-1.26,-3.6832804845724265,0.0039346689201313,30.626070022583008,92.33952331542967,39.51864242553711
2008-08-06,3.24,,0.705,1.79,87.6004,-1.26,-3.6832804845724265,0.0039550024619523,30.421545028686523,92.74956512451172,40.12091445922852
2008-08-07,3.25,,0.705,1.68,87.8732,-1.26,-3.6832804845724265,0.003971517050886,30.38522720336914,91.3683624267578,39.811161041259766
2008-08-08,3.23,,0.689,1.72,88.8939,-1.26,-3.6832804845724265,0.0039642108970844,30.437992095947266,93.06610870361328,40.71459579467773
2008-08-11,3.24,,0.689,1.8,89.035,-1.26,-3.6832804845724265,0.0040888617986306,30.352237701416016,94.0300750732422,41.08455657958984
2008-08-12,3.26,,0.689,1.72,89.1916,-1.26,-3.6832804845724265,0.0040027219082336,30.470993041992188,93.05169677734376,41.12759017944336
2008-08-13,3.25,,0.689,1.75,89.3211,-1.26,-3.6832804845724265,0.0040812122460567,30.5172061920166,92.4906005859375,41.04155349731445
2008-08-14,3.26,,0.689,1.67,89.3675,-1.26,-3.6832804845724265,0.0041116059193678,30.5172061920166,93.1883773803711,41.51477813720703
2008-08-15,3.27,,0.695,1.66,89.7244,-1.26,-3.6832804845724265,0.0042525444928623,30.586475372314453,93.64158630371094,41.43733596801758
2008-08-18,3.26,,0.695,1.67,89.5966,-1.26,-3.6832804845724265,0.0041953232060285,30.5172061920166,92.36109161376952,40.95550537109375
2008-08-19,3.28,,0.695,1.68,89.6465,-1.26,-3.6832804845724265,0.0042504008065994,30.576583862304688,91.3539581298828,40.447872161865234
2008-08-20,3.31,,0.695,1.6,89.6977,-1.26,-3.6832804845724265,0.0042083180762702,30.56998634338379,91.77838134765624,40.516700744628906
2008-08-21,3.28,,0.695,1.61,88.9128,-1.26,-3.6832804845724265,0.0042749100945004,30.5270938873291,91.93668365478516,40.3274040222168
2008-08-22,3.27,,0.75,1.69,89.2381,-1.26,-3.6832804845724265,0.0042403915828582,30.352237701416016,93.26751708984376,40.86085891723633
2008-08-25,3.3,,0.75,1.64,89.3094,-1.26,-3.6832804845724265,0.0042925104974439,30.5172061920166,91.37557220458984,40.00045394897461
2008-08-26,3.31,,0.75,1.63,89.7007,-1.26,-3.6832804845724265,0.0042307222545964,30.352237701416016,91.6417236328125,39.9488525390625
2008-08-27,3.3,,0.75,1.58,89.6419,-1.26,-3.6832804845724265,0.004235599609529,30.38522720336914,92.5337371826172,40.20693588256836
2008-08-28,3.29,,0.75,1.62,89.8225,-1.26,-3.6832804845724265,0.0041244433085593,30.4281005859375,93.6559829711914,40.53390502929688
2008-08-29,3.29,,0.858,1.68,90.0567,-1.26,-3.6832804845724265,0.0041354155956565,30.484203338623047,92.64881896972656,39.682106018066406
2008-09-01,3.29,,0.858,1.68,90.08,-2.58,-8.130031129578574,0.0041354155956565,30.484203338623047,92.64881896972656,39.682106018066406
2008-09-02,3.33,,0.858,1.69,90.8438,-2.58,-8.130031129578574,0.0041273291806996,30.49083709716797,92.07334899902344,39.191673278808594
2008-09-03,3.32,,0.858,1.71,90.8286,-2.58,-8.130031129578574,0.0041783979575768,30.59048652648925,91.99420166015624,38.82169342041016
2008-09-04,3.37,,0.858,1.7,91.1621,-2.58,-8.130031129578574,0.0041320965414891,30.723323822021484,89.224609375,37.56548690795898
2008-09-05,3.37,,1.025,1.71,91.341,-2.58,-8.130031129578574,0.003916123626288,30.69677734375,89.5051498413086,37.38481903076172
2008-09-08,3.37,,1.025,1.68,91.663,-2.58,-8.130031129578574,0.0038984325612226,30.66022491455078,91.3539581298828,37.31597137451172
2008-09-09,3.35,,1.025,1.69,91.5779,-2.58,-8.130031129578574,0.0039321561740695,30.726667404174805,88.64191436767578,36.52438735961914
2008-09-10,3.37,,1.025,1.7,92.1283,-2.58,-8.130031129578574,0.0041212561130785,30.557268142700195,89.0015869140625,36.82553482055664
2008-09-11,3.41,,1.025,1.67,92.4901,-2.58,-8.130031129578574,0.0042283826768094,30.557268142700195,90.2892837524414,37.513858795166016
2008-09-12,3.43,,1.245,1.79,91.4706,-2.58,-8.130031129578574,0.0042207025676028,30.557268142700195,90.70653533935548,37.36760330200195
2008-09-15,3.66,,1.245,1.7,91.757,-2.58,-8.130031129578574,0.0040658921140642,29.434614181518555,86.3902359008789,36.2060432434082
2008-09-16,3.68,,1.245,1.85,92.0594,-2.58,-8.130031129578574,0.004009014701966,28.757062911987305,87.8362045288086,36.48998260498047
2008-09-17,3.84,,1.245,1.81,92.0982,-2.58,-8.130031129578574,0.0036274512021532,27.029897689819336,83.88681030273438,34.597076416015625
2008-09-18,3.79,,1.245,1.94,91.7111,-2.58,-8.130031129578574,0.0034675702364084,29.16225814819336,86.37586212158203,35.767242431640625
2008-09-19,3.77,,1.528,1.85,91.0014,-2.58,-8.130031129578574,0.0037009063829115,29.534257888793945,89.8061752319336,36.93645858764648
2008-09-22,3.78,,1.528,1.85,90.1119,-2.58,-8.130031129578574,0.0036132314904428,29.507680892944336,87.7730484008789,35.19728088378906
2008-09-23,3.77,,1.528,1.99,90.1221,-2.58,-8.130031129578574,0.003576510508541,29.21872901916504,85.77603912353516,34.93035125732422
2008-09-24,3.78,,1.528,2.05,90.4602,-2.58,-8.130031129578574,0.0035112486110897,29.48112678527832,86.05097198486328,35.17144775390625
2008-09-25,3.86,,1.528,2.09,90.4651,-2.58,-8.130031129578574,0.0035837984515658,28.73049736022949,87.39678192138672,35.731082916259766
2008-09-26,3.88,,1.81,2.1,90.6872,-2.58,-8.130031129578574,0.0034879373369475,28.63082695007324,87.440185546875,35.369468688964844
2008-09-29,4.01,,1.81,2.03,91.3961,-2.58,-8.130031129578574,0.0032847331445357,26.312440872192383,80.58824920654297,32.56263732910156
2008-09-30,4.0,,1.81,2.25,92.3773,-2.58,-8.130031129578574,0.0033035918223713,27.235828399658203,83.92373657226562,33.50111389160156
2008-10-01,4.1,,1.81,2.26,92.511,-1.13,-6.954317961916079,0.0031758826984981,28.421586990356445,83.97441864013672,33.14811325073242
2008-10-02,4.31,,1.81,2.17,93.3792,-1.13,-6.954317961916079,0.0031615016855414,27.68132400512696,80.92827606201172,31.64137077331543
2008-10-03,4.35,,2.093,2.18,93.5414,-1.13,-6.954317961916079,0.0032633608927906,27.58083724975586,79.83575439453125,31.15062141418457
2008-10-06,4.43,,2.093,2.21,95.1629,-1.13,-6.954317961916079,0.0029025152579929,26.579301834106445,75.76944732666016,30.01410484313965
2008-10-07,4.55,,2.093,2.32,95.4889,-1.13,-6.954317961916079,0.0028967441277462,26.13044548034668,72.37601470947266,28.11132049560547
2008-10-08,4.49,,2.093,2.69,96.9684,-1.13,-6.954317961916079,0.0026204185193145,25.03847312927246,70.55266571044922,27.88746452331543
2008-10-09,4.48,,2.093,2.79,96.5143,-1.13,-6.954317961916079,0.0027448761089447,24.455650329589844,65.62537384033203,27.13839340209961
2008-10-10,4.86,,2.349,2.97,97.999,-1.13,-6.954317961916079,0.0025210428332249,22.82436180114746,64.0335693359375,26.966209411621094
2008-10-13,4.86,,2.349,2.97,97.9686,-1.13,-6.954317961916079,0.002775062583042,25.624656677246094,73.33108520507812,30.246580123901367
2008-10-14,4.78,,2.349,3.05,96.2544,-1.13,-6.954317961916079,0.0028811430333874,25.792144775390625,72.24575805664062,28.9378719329834
2008-10-15,4.94,,2.349,3.02,97.2045,-1.13,-6.954317961916079,0.0026612806862375,24.666667938232425,65.13336944580078,26.346284866333008
2008-10-16,5.09,,2.349,3.02,98.368,-1.13,-6.954317961916079,0.0026188396470515,23.73210334777832,67.84663391113281,27.775535583496094
2008-10-17,5.45,,2.551,2.87,97.7255,-1.13,-6.954317961916079,0.002777990144058,23.447397232055664,67.44144439697266,27.80996322631836
2008-10-20,5.52,,2.551,2.76,98.1605,-1.13,-6.954317961916079,0.0026904520362153,23.91635131835937,71.49330139160156,28.58486557006836
2008-10-21,5.6,,2.551,2.63,99.4242,-1.13,-6.954317961916079,0.0026197624767542,23.77899169921875,69.35882568359375,27.10394859313965
2008-10-22,5.6,,2.551,2.59,101.2131,-1.13,-6.954317961916079,0.0025242056214041,23.581388473510746,65.58193969726562,26.354904174804688
2008-10-23,5.48,,2.551,2.67,101.1071,-1.13,-6.954317961916079,0.0025171737989366,23.97998237609864,66.3416519165039,26.251575469970703
2008-10-24,5.54,,2.701,3.02,101.8442,-1.13,-6.954317961916079,0.0022973529123631,23.380390167236328,62.97719955444336,25.40781784057617
2008-10-27,5.6,,2.701,3.02,102.3415,-1.13,-6.954317961916079,0.0024079816421155,22.1912841796875,60.74143981933594,24.701801300048828
2008-10-28,5.59,,2.701,3.06,102.4236,-1.13,-6.954317961916079,0.0024908698421143,22.4425106048584,67.83943939208984,27.431135177612305
2008-10-29,5.58,,2.701,3.05,100.0967,-1.13,-6.954317961916079,0.002751727014523,23.46415138244629,67.3473892211914,27.362260818481445
2008-10-30,5.52,,2.701,3.06,99.4568,-1.13,-6.954317961916079,0.0025617199456503,24.10726356506348,69.67719268798828,28.27490234375
2008-10-31,5.53,,2.828,3.14,99.7662,-1.13,-6.954317961916079,0.0025725446613885,24.11732482910156,70.0606689453125,28.317955017089844
2008-11-03,5.53,,2.828,3.09,99.4345,-2.35,-8.669827230747885,0.0025330850762548,24.31348419189453,70.2632827758789,28.257680892944336
2008-11-04,5.56,,2.828,2.88,97.9957,-2.35,-8.669827230747885,0.0025806877978895,24.58741569519043,72.6510009765625,29.058399200439453
2008-11-05,5.53,,2.828,2.76,98.0953,-2.35,-8.669827230747885,0.0024470525298282,24.384502410888672,69.59761047363281,27.543058395385746
2008-11-06,5.5,,2.828,2.81,99.5364,-2.35,-8.669827230747885,0.0023557165452203,24.384502410888672,65.74111938476562,26.311851501464844
2008-11-07,5.45,,2.924,2.86,99.3944,-2.35,-8.669827230747885,0.002308374204928,24.638154983520508,67.91175079345703,26.854272842407227
2008-11-10,5.4,,2.924,2.84,99.5897,-2.35,-8.669827230747885,0.0023424088954486,24.641536712646484,67.02180480957031,26.492660522460938
2008-11-11,5.4,,2.924,2.84,99.6041,-2.35,-8.669827230747885,0.0022438525176439,24.59757423400879,64.9524917602539,25.91579818725586
2008-11-12,5.41,,2.924,2.79,101.1947,-2.35,-8.669827230747885,0.0022983140369822,24.24921417236328,62.09447860717773,24.719013214111328
2008-11-13,5.54,,2.924,2.95,101.774,-2.35,-8.669827230747885,0.002291105055471,24.120698928833008,65.96542358398438,26.225744247436523
2008-11-14,5.56,,3.006,2.87,100.9705,-2.35,-8.669827230747885,0.002291891166783,23.826465606689453,62.67331314086914,24.95148277282715
2008-11-17,5.58,,3.006,2.85,101.1029,-2.35,-8.669827230747885,0.0022233454078944,23.457822799682617,61.84124374389648,24.426279067993164
2008-11-18,5.71,,3.006,2.92,101.3965,-2.35,-8.669827230747885,0.0022590772953085,22.96404266357422,63.00615692138672,24.400447845458984
2008-11-19,5.73,,3.006,2.98,101.8804,-2.35,-8.669827230747885,0.0021667344649297,22.17941093444824,58.96876525878906,23.126182556152344
2008-11-20,5.92,,3.006,3.06,103.2737,-2.35,-8.669827230747885,0.0020952445807041,21.44212532043457,54.59132385253906,22.00690269470215
2008-11-21,5.88,,3.08,3.15,103.6289,-2.35,-8.669827230747885,0.0019843374456864,21.655208587646484,57.5361442565918,22.962602615356445
2008-11-24,5.86,,3.08,3.11,101.502,-2.35,-8.669827230747885,0.0020331949706425,21.75327491760254,61.522891998291016,24.36600875854492
2008-11-25,6.01,,3.08,2.79,100.7997,-2.35,-8.669827230747885,0.0020112414205205,21.97987937927246,61.97870635986328,24.254079818725582
2008-11-26,6.06,,3.08,2.68,101.2566,-2.35,-8.669827230747885,0.0020630797561334,22.490562438964844,64.3736343383789,25.270050048828125
2008-11-27,6.06,,3.08,2.68,101.2564,-2.35,-8.669827230747885,0.0020630797561334,22.490562438964844,64.3736343383789,25.270050048828125
2008-11-28,6.1,,3.105,2.6,101.6468,-2.35,-8.669827230747885,0.0019890957672489,22.406005859375,65.18399810791016,25.07202911376953
2008-12-01,6.12,,3.105,2.38,102.1744,-2.68,-11.276192783181926,0.0020701007734606,21.94388198852539,59.41012573242188,23.18645668029785
2008-12-02,6.11,,3.105,2.26,101.9891,-2.68,-11.276192783181926,0.0020203507706225,22.17973518371582,61.69652557373047,23.96135139465332
2008-12-03,6.13,,3.105,2.14,102.4251,-2.68,-11.276192783181926,0.0019946669881372,22.18316078186035,63.17976760864258,24.64152717590332
2008-12-04,6.16,,3.105,1.98,102.0715,-2.68,-11.276192783181926,0.0019010212688404,22.053266525268555,61.71822738647461,23.94412040710449
2008-12-05,6.07,,3.095,2.23,103.4902,-2.68,-11.276192783181926,0.0018054630500646,22.063533782958984,63.62113952636719,24.91704750061035
2008-12-08,6.02,,3.095,2.47,101.7227,-2.68,-11.276192783181926,0.0019259838386781,22.31987190246582,65.84244537353516,25.89857482910156
2008-12-09,6.06,,3.095,2.41,101.7346,-2.68,-11.276192783181926,0.0018403675849873,22.152389526367188,64.75713348388672,25.83831024169922
2008-12-10,6.01,,3.095,2.44,101.2913,-2.68,-11.276192783181926,0.0018200966749053,22.13528060913086,65.19845581054688,25.752206802368164
2008-12-11,6.07,,3.095,2.35,99.5101,-2.68,-11.276192783181926,0.0018020365872232,21.964412689208984,63.62837219238281,25.046192169189453
2008-12-12,6.08,,3.027,2.43,100.319,-2.68,-11.276192783181926,0.0017169373259279,22.268600463867188,64.38810729980469,25.554182052612305
2008-12-15,6.1,,3.027,2.43,99.1001,-2.68,-11.276192783181926,0.0016578883768104,22.152389526367188,63.49090576171875,25.106470108032227
2008-12-16,6.11,,3.027,2.21,98.4771,-2.68,-11.276192783181926,0.0016092432406665,22.562557220458984,66.47917175292969,26.311851501464844
2008-12-17,6.02,,3.027,1.86,96.8227,-2.68,-11.276192783181926,0.0015527377554593,23.14020538330078,65.83521270751953,25.9932861328125
2008-12-18,6.03,,3.027,1.85,96.8447,-2.68,-11.276192783181926,0.0014768497594486,24.483497619628903,64.60514831542969,25.53694725036621
2008-12-19,5.94,,2.901,1.98,98.1278,-2.68,-11.276192783181926,0.0015602581413865,24.31942749023437,64.3272476196289,25.746479034423828
2008-12-22,5.93,,2.901,2.01,98.1643,-2.68,-11.276192783181926,0.0015563696673039,25.29358291625977,63.50301742553711,25.186023712158203
2008-12-23,5.94,,2.901,2.03,98.2698,-2.68,-11.276192783181926,0.0014966555216329,25.66273307800293,62.84653472900391,25.05669212341309
2008-12-24,5.9,,2.901,2.07,98.2249,-2.68,-11.276192783181926,0.001472671442254,25.25940322875977,63.21124649047852,25.125673294067383
2008-12-25,5.9,,2.901,2.07,98.2419,-2.68,-11.276192783181926,0.001472671442254,25.25940322875977,63.21124649047852,25.125673294067383
2008-12-26,5.9,,2.74,2.03,98.2594,-2.68,-11.276192783181926,0.0014642692746426,25.741334915161133,63.575958251953125,25.11704635620117
2008-12-29,5.92,,2.74,2.02,97.9359,-2.68,-11.276192783181926,0.0014829637397094,25.91482734680176,63.39362335205078,24.91011619567871
2008-12-30,5.86,,2.74,2.02,98.3833,-2.68,-11.276192783181926,0.0015035086384002,25.99399375915528,64.89622497558594,25.427452087402344
2008-12-31,5.82,,2.74,2.14,98.6518,-2.68,-11.276192783181926,0.0015787686956435,26.16264915466309,65.82257080078125,25.64302444458008
2009-01-01,5.82,,2.74,2.14,98.6518,-3.04,-13.374567704176645,0.0015787686956435,26.16264915466309,65.82257080078125,25.64302444458008
2009-01-02,5.72,,2.584,2.29,98.6008,-3.04,-13.374567704176645,0.0016431497789941,26.08003234863281,67.80656433105469,26.75530433654785
2009-01-05,5.82,,2.584,2.34,98.9195,-3.04,-13.374567704176645,0.0016822211980125,27.33981704711914,67.72633361816406,26.74668312072754
2009-01-06,5.77,,2.584,2.09,98.7871,-3.04,-13.374567704176645,0.0018095677612229,27.570425033569336,68.17857360839844,27.013973236083984
2009-01-07,5.71,,2.584,2.05,98.089,-3.04,-13.374567704176645,0.0017768399529043,27.07134437561035,66.13623046875,26.24658203125
2009-01-08,5.71,,2.584,1.97,98.3223,-3.04,-13.374567704176645,0.0017133153967663,26.67892837524414,66.40608978271484,26.52249336242676
2009-01-09,5.72,,2.429,1.87,98.8752,-3.04,-13.374567704176645,0.0018090835328782,27.07134437561035,64.98371124267578,25.92755508422852
2009-01-12,5.71,,2.429,1.75,99.6022,-3.04,-13.374567704176645,0.0017981226938822,26.48275756835937,63.42277908325195,25.45332145690918
2009-01-13,5.72,,2.429,1.74,100.3597,-3.04,-13.374567704176645,0.0018686746423999,26.38635635375977,63.53949737548828,25.46194267272949
2009-01-14,5.68,,2.429,1.79,100.7546,-3.04,-13.374567704176645,0.0018225687049528,26.049055099487305,61.54090881347656,24.68592643737793
2009-01-15,5.68,,2.429,1.78,101.4653,-3.04,-13.374567704176645,0.0017831908081846,25.945783615112305,61.562744140625,25.091176986694336
2009-01-16,5.55,,2.303,1.81,100.711,-3.04,-13.374567704176645,0.001803288451349,26.1557731628418,62.04418182373047,25.367090225219727
2009-01-19,5.55,,2.303,1.81,100.711,-3.04,-13.374567704176645,0.001803288451349,26.1557731628418,62.04418182373047,25.367090225219727
2009-01-20,5.55,,2.303,1.82,100.711,-3.04,-13.374567704176645,0.001743505794644,25.70828056335449,58.76910781860352,24.10822105407715
2009-01-21,5.58,,2.303,1.98,102.1007,-3.04,-13.374567704176645,0.0016701978229051,25.711746215820312,61.307464599609375,25.13429450988769
2009-01-22,5.62,,2.303,1.97,101.8432,-3.04,-13.374567704176645,0.0016091820348617,25.64292907714844,60.35921859741211,24.798019409179688
2009-01-23,5.63,,2.21,1.93,102.1096,-3.04,-13.374567704176645,0.0016279459408007,25.23331642150879,60.621826171875,24.918731689453125
2009-01-26,5.6,,2.21,1.92,100.9764,-3.04,-13.374567704176645,0.0017303247404544,25.29869079589844,61.03759002685547,25.099809646606445
2009-01-27,5.47,,2.21,1.77,101.1702,-3.04,-13.374567704176645,0.0016347864864928,25.53275680541992,61.65756607055664,25.28087615966797
2009-01-28,5.49,,2.21,1.81,100.5461,-3.04,-13.374567704176645,0.001667042026273,26.438013076782227,63.74371719360352,26.168983459472656
2009-01-29,5.41,,2.21,1.83,101.3398,-3.04,-13.374567704176645,0.0016020330204351,25.780590057373047,61.672176361083984,25.505050659179688
2009-01-30,5.38,,2.148,1.73,102.1169,-3.04,-13.374567704176645,0.0015766203296059,25.89760971069336,60.4176025390625,25.05669212341309
2009-02-02,5.33,,2.148,1.69,102.5067,-1.24,-13.56273037730328,0.0015699789595909,25.345836639404297,60.23520278930664,25.358474731445312
2009-02-03,5.32,,2.148,1.76,101.8506,-1.24,-13.56273037730328,0.0016984304772364,25.391016006469727,61.08134841918945,25.755111694335938
2009-02-04,5.29,,2.148,1.78,101.9056,-1.24,-13.56273037730328,0.0016903284049524,25.37019920349121,60.78229141235352,25.78959274291992
2009-02-05,5.23,,2.148,1.84,101.9517,-1.24,-13.56273037730328,0.0016352889644947,25.161563873291016,61.68677520751953,26.35867118835449
2009-02-06,5.13,,2.115,1.82,101.7455,-1.24,-13.56273037730328,0.0017753582442672,25.6691837310791,63.44466400146485,27.048460006713867
2009-02-09,5.09,,2.115,1.66,100.9637,-1.24,-13.56273037730328,0.0018002016871511,25.867372512817383,63.53218078613281,27.160558700561523
2009-02-10,5.08,,2.115,1.65,101.7094,-1.24,-13.56273037730328,0.0017182883128782,25.696996688842773,60.621826171875,26.16036033630371
2009-02-11,5.1,,2.115,1.66,102.24,-1.24,-13.56273037730328,0.0016253444150681,25.63790512084961,60.97922897338867,26.039649963378903
2009-02-12,5.16,,2.115,1.61,102.598,-1.24,-13.56273037730328,0.0016125461335048,25.557910919189453,61.02302169799805,26.35867118835449
2009-02-13,5.24,,2.113,1.68,102.2958,-1.24,-13.56273037730328,0.0016303770224337,25.658735275268555,60.36653518676758,26.237951278686523
2009-02-16,5.24,,2.113,1.68,102.2958,-1.24,-13.56273037730328,0.0016303770224337,25.658735275268555,60.36653518676758,26.237951278686523
2009-02-17,5.28,,2.113,1.53,103.7625,-1.24,-13.56273037730328,0.0014689762565194,25.005125045776367,57.78439712524414,25.19464111328125
2009-02-18,5.21,,2.113,1.63,104.0385,-1.24,-13.56273037730328,0.0014661962090626,24.85561180114746,57.64579772949219,25.211896896362305
2009-02-19,5.27,,2.113,1.73,103.7656,-1.24,-13.56273037730328,0.0015039443613121,24.98078346252441,57.02581405639648,24.823888778686523
2009-02-20,5.25,,2.125,1.67,104.0244,-1.24,-13.56273037730328,0.0014114594245977,24.615705490112305,56.47143173217773,24.89287567138672
2009-02-23,5.24,,2.125,1.7,103.7416,-1.24,-13.56273037730328,0.001442288371437,23.996829986572266,54.45095443725586,24.02200126647949
2009-02-24,5.23,,2.125,1.82,103.9829,-1.24,-13.56273037730328,0.0015313177225887,24.337560653686523,56.51521301269531,24.81525611877441
2009-02-25,5.18,,2.125,1.98,104.3086,-1.24,-13.56273037730328,0.001576058751101,24.219377517700195,56.07026290893555,24.65143775939941
2009-02-26,5.23,,2.125,2.02,104.1813,-1.24,-13.56273037730328,0.0016617116983489,23.73956680297852,55.15850067138672,23.961650848388672
2009-02-27,5.22,,2.137,2.06,104.9284,-1.24,-13.56273037730328,0.0016208178681765,23.38145637512207,53.92577362060547,23.73747062683105
2009-03-02,5.29,,2.137,2.0,105.9617,-2.35,-14.656035046526473,0.0016054313657636,22.8961238861084,51.49683380126953,22.970075607299805
2009-03-03,5.34,,2.137,2.02,106.0249,-2.35,-14.656035046526473,0.0017482746340765,22.98748588562012,51.11022567749024,22.95282936096192
2009-03-04,5.31,,2.137,2.09,105.4558,-2.35,-14.656035046526473,0.0018603753043589,22.98398780822754,52.32105255126953,23.56501007080078
2009-03-05,5.34,,2.137,1.98,105.8064,-2.35,-14.656035046526473,0.0017756203103091,21.89452171325684,50.18389129638672,22.85797691345215
2009-03-06,5.35,,2.137,2.02,105.3937,-2.35,-14.656035046526473,0.0017837809935961,21.78909492492676,50.27140045166016,22.67690086364746
2009-03-09,5.4,,2.137,2.06,106.0182,-2.35,-14.656035046526473,0.001775634749696,21.66255760192871,49.68056106567383,22.19404983520508
2009-03-10,5.45,,2.137,2.15,105.1153,-2.35,-14.656035046526473,0.0018696963311777,22.73446655273437,52.64200973510742,23.56501007080078
2009-03-11,5.45,,2.137,2.03,104.8499,-2.35,-14.656035046526473,0.0017750439509344,23.096445083618164,52.98483657836914,23.927152633666992
2009-03-12,5.52,,2.137,1.88,104.89,-2.35,-14.656035046526473,0.0017511095877146,23.479507446289062,55.070945739746094,24.720415115356445
2009-03-13,5.56,,2.096,1.87,104.1106,-2.35,-14.656035046526473,0.0017837169046083,23.5322380065918,55.50131607055664,24.78077888488769
2009-03-16,5.57,,2.096,1.88,103.2005,-2.35,-14.656035046526473,0.0018874783982827,23.6657657623291,55.333526611328125,24.36689758300781
2009-03-17,5.6,,2.096,1.9,103.2305,-2.35,-14.656035046526473,0.0018741814989452,23.5322380065918,57.02581405639648,25.289493560791016
2009-03-18,5.88,,2.096,1.28,103.0005,-2.35,-14.656035046526473,0.001923033608577,24.07342338562012,58.3022575378418,25.6085205078125
2009-03-19,5.84,,2.096,1.31,100.3951,-2.35,-14.656035046526473,0.0018762391745474,23.862585067749023,57.58015441894531,25.591283798217773
2009-03-20,5.86,,2.021,1.43,101.0581,-2.35,-14.656035046526473,0.0018701611704027,23.816877365112305,56.35403060913086,25.20176696777344
2009-03-23,5.88,,2.021,1.4,101.103,-2.35,-14.656035046526473,0.0019241676968205,24.308883666992188,60.4018783569336,26.6872787475586
2009-03-24,5.8,,2.021,1.36,101.0319,-2.35,-14.656035046526473,0.001947904219218,24.354581832885746,59.2117805480957,26.194982528686523
2009-03-25,5.79,,2.021,1.44,100.9674,-2.35,-14.656035046526473,0.0019211032752221,24.48461151123047,59.83622741699219,26.315898895263672
2009-03-26,5.76,,2.021,1.3,101.097,-2.35,-14.656035046526473,0.0019683907928146,24.86417007446289,61.05572509765625,27.127744674682617
2009-03-27,5.72,,1.915,1.38,101.8388,-2.35,-14.656035046526473,0.0019864572347308,24.61112594604492,59.95376586914063,26.61818122863769
2009-03-30,5.75,,1.915,1.39,102.749,-2.35,-14.656035046526473,0.0019235390903258,23.45841407775879,57.88206481933594,25.9617977142334
2009-03-31,5.74,,1.915,1.43,102.3761,-2.35,-14.656035046526473,0.0019932798995367,23.827411651611328,58.41836929321289,26.18634796142578
2009-04-01,5.7,,1.915,1.37,102.1252,-1.61,-14.81395936696125,0.0019927654044078,23.86513900756836,59.54971694946289,26.574996948242188
2009-04-02,5.69,,1.915,1.44,100.8733,-1.61,-14.81395936696125,0.0020806700029165,24.732955932617188,61.290828704833984,27.43002891540528
2009-04-03,5.68,,1.789,1.53,100.6429,-1.61,-14.81395936696125,0.0022325816109267,25.081506729125977,61.90056991577149,27.939584732055664
2009-04-06,5.68,,1.789,1.52,100.9428,-1.61,-14.81395936696125,0.0022472748452743,24.99969482421875,61.415714263916016,27.87049674987793
2009-04-07,5.67,,1.789,1.61,100.9808,-1.61,-14.81395936696125,0.0022568578879134,24.71160697937012,59.98315048217773,27.136377334594727
2009-04-08,5.64,,1.789,1.57,100.8948,-1.61,-14.81395936696125,0.0022581374924438,25.00325965881348,60.6296501159668,27.5941219329834
2009-04-09,5.61,,1.789,1.62,100.7988,-1.61,-14.81395936696125,0.0023469733261772,25.714588165283203,63.03925323486328,28.449142456054688
2009-04-10,5.61,,1.649,1.62,100.7597,-1.61,-14.81395936696125,0.0023469733261772,25.714588165283203,63.03925323486328,28.449142456054688
2009-04-13,5.6,,1.649,1.55,100.1369,-1.61,-14.81395936696125,0.0023756565717678,25.696807861328125,63.053958892822266,28.40595817565918
2009-04-14,5.6,,1.649,1.52,99.9097,-1.61,-14.81395936696125,0.0023740037620133,25.56521415710449,61.9666862487793,28.060503005981445
2009-04-15,5.53,,1.649,1.55,100.1497,-1.61,-14.81395936696125,0.0024680780270529,25.78215408325196,62.62784194946289,27.982770919799805
2009-04-16,5.52,,1.649,1.59,100.0517,-1.61,-14.81395936696125,0.0024832253858878,26.19118309020996,63.546146392822266,28.70825386047364
2009-04-17,5.43,,1.507,1.7,100.5719,-1.61,-14.81395936696125,0.002549573284739,26.76380157470703,63.97222137451172,28.768701553344727
2009-04-20,5.35,,1.507,1.66,101.448,-1.61,-14.81395936696125,0.0023996617640825,25.785722732543945,61.290828704833984,27.84458541870117
2009-04-21,5.3,,1.507,1.69,101.1794,-1.61,-14.81395936696125,0.0023931528392038,26.077381134033203,62.48828506469727,28.233243942260746
2009-04-22,5.33,,1.507,1.65,101.1142,-1.61,-14.81395936696125,0.002326194339896,26.201839447021484,62.10624313354492,28.319604873657227
2009-04-23,5.3,,1.507,1.52,101.0065,-1.61,-14.81395936696125,0.002222099522236,26.173397064208984,62.71598052978516,28.59597396850586
2009-04-24,5.25,,1.369,1.53,100.0244,-1.61,-14.81395936696125,0.0022668565614331,26.578840255737305,63.663673400878906,29.09690284729004
2009-04-27,5.3,,1.369,1.48,100.7258,-1.61,-14.81395936696125,0.0022085077083788,26.368995666503903,63.06127548217773,29.131446838378903
2009-04-28,5.24,,1.369,1.54,101.3145,-1.61,-14.81395936696125,0.0021438172720675,26.42591667175293,62.8629150390625,28.915515899658203
2009-04-29,5.17,,1.369,1.59,100.0009,-1.61,-14.81395936696125,0.0022338297596484,26.91674423217773,64.199951171875,29.31281089782715
2009-04-30,5.08,,1.369,1.69,100.1042,-1.61,-14.81395936696125,0.0023049286461892,27.126577377319336,64.22200012207031,29.60646247863769
2009-05-01,5.01,,1.236,1.8,100.0057,-1.2,-15.160361194166793,0.0023676206536001,27.083908081054688,64.56729125976562,29.68419075012207
2009-05-04,4.98,,1.236,1.77,99.134,-1.2,-15.160361194166793,0.0023791038587068,27.01938819885254,66.76388549804688,30.271482467651367
2009-05-05,4.93,,1.236,1.77,98.8529,-1.2,-15.160361194166793,0.0023066283570095,27.25239372253418,66.5361328125,30.24557113647461
2009-05-06,4.91,,1.236,1.74,98.9044,-1.2,-15.160361194166793,0.0024036243026037,27.478214263916016,67.68952178955078,30.25420188903809
2009-05-07,4.9,,1.236,1.74,98.552,-1.2,-15.160361194166793,0.0023666665853698,27.026575088500977,66.74916076660156,29.54600524902344
2009-05-08,4.85,,1.114,1.77,98.1269,-1.2,-15.160361194166793,0.002347987770191,27.51045799255371,68.30663299560547,29.56328392028809
2009-05-11,4.88,,1.114,1.7,97.747,-1.2,-15.160361194166793,0.0022929900316654,27.367090225219727,67.0283203125,29.66691970825196
2009-05-12,4.86,,1.114,1.69,97.8269,-1.2,-15.160361194166793,0.0022631293060847,27.474607467651367,66.8299789428711,29.304180145263672
2009-05-13,4.86,,1.114,1.67,98.0276,-1.2,-15.160361194166793,0.0022009723834383,27.116191864013672,65.14765930175781,28.51824378967285
2009-05-14,4.87,,1.114,1.68,98.1271,-1.2,-15.160361194166793,0.0021928880235244,26.82940673828125,65.70597839355469,28.83778953552246
2009-05-15,4.85,,1.014,1.66,98.1063,-1.2,-15.160361194166793,0.0021785369676241,26.45306396484375,65.16969299316406,28.820533752441406
2009-05-18,4.85,,1.014,1.66,97.9412,-1.2,-15.160361194166793,0.002252795005909,27.015840530395508,67.02098083496094,29.5719051361084
2009-05-19,4.79,,1.014,1.65,97.2827,-1.2,-15.160361194166793,0.0022341573969068,27.19503402709961,66.94019317626953,29.710105895996094
2009-05-20,4.74,,1.014,1.56,96.5707,-1.2,-15.160361194166793,0.0022502668130359,27.596481323242188,66.49207305908203,29.60646247863769
2009-05-21,4.7,,1.014,1.67,96.6039,-1.2,-15.160361194166793,0.0021602859983051,27.24162483215332,65.5369873046875,29.062355041503903
2009-05-22,4.66,,0.932,1.72,95.8788,-1.2,-15.160361194166793,0.0021935315199301,27.618009567260746,65.3974380493164,28.96735572814941
2009-05-25,4.66,,0.932,1.72,95.8788,-1.2,-15.160361194166793,0.0021935315199301,27.618009567260746,65.3974380493164,28.96735572814941
2009-05-26,4.62,,0.932,1.72,95.988,-1.2,-15.160361194166793,0.0022531739514805,27.54630851745605,67.0723648071289,30.046937942504883
2009-05-27,4.48,,0.932,1.83,95.9622,-1.2,-15.160361194166793,0.002220415310232,27.596481323242188,65.87496185302734,29.839643478393555
2009-05-28,4.38,,0.932,1.87,96.1313,-1.2,-15.160361194166793,0.0022210087927442,27.693283081054688,66.79322814941406,30.18510055541992
2009-05-29,4.29,,0.873,1.67,95.268,-1.2,-15.160361194166793,0.0022450960542186,27.901172637939453,67.97598266601562,30.55649185180664
2009-06-01,4.26,,0.873,1.8,94.8107,-0.94,-15.282480369076357,0.0023697118981977,28.5614013671875,69.62161254882812,31.42879867553711
2009-06-02,4.14,,0.873,1.69,94.6556,-0.94,-15.282480369076357,0.0023357403774029,28.47819709777832,69.68035125732422,31.47199440002441
2009-06-03,4.1,,0.873,1.68,95.0751,-0.94,-15.282480369076357,0.0022928978013769,28.315380096435547,68.79881286621094,31.376968383789062
2009-06-04,4.05,,0.873,1.83,95.2922,-0.94,-15.282480369076357,0.0023455972822902,28.402204513549805,69.4452896118164,31.731075286865234
2009-06-05,3.95,,0.826,1.88,96.0412,-0.94,-15.282480369076357,0.0023718413954012,28.4926700592041,69.45999908447266,31.7656192779541
2009-06-08,3.81,,0.826,1.94,96.6548,-0.94,-15.282480369076357,0.0023610380899421,28.54330825805664,69.1734619140625,31.670623779296875
2009-06-09,3.85,,0.826,1.88,95.9537,-0.94,-15.282480369076357,0.0024722222262208,28.59757804870605,69.52607727050781,31.912429809570312
2009-06-10,3.77,,0.826,1.91,96.1277,-0.94,-15.282480369076357,0.0024737944393038,28.63374137878418,69.34978485107422,31.800172805786133
2009-06-11,3.79,,0.826,1.89,95.4993,-0.94,-15.282480369076357,0.0025361489594499,28.69887351989746,69.65833282470703,31.800172805786133
2009-06-12,3.79,,0.789,1.91,95.836,-0.94,-15.282480369076357,0.0025183492482079,28.8471908569336,69.84933471679688,31.65334892272949
2009-06-15,3.76,,0.789,1.9,96.7519,-0.94,-15.282480369076357,0.0024614306192641,28.420284271240234,68.2478256225586,31.00558853149414
2009-06-16,3.74,,0.789,1.88,96.2616,-0.94,-15.282480369076357,0.002417883336465,28.14897918701172,67.32218933105469,30.70331764221192
2009-06-17,3.67,,0.789,1.95,96.64,-0.94,-15.282480369076357,0.0024123369112968,27.986194610595703,67.2560806274414,30.9969539642334
2009-06-18,3.61,,0.789,1.98,96.1482,-0.94,-15.282480369076357,0.0024271948179289,28.253883361816406,67.7482681274414,30.936498641967773
2009-06-19,3.54,,0.758,1.91,96.0325,-0.94,-15.282480369076357,0.0024000642863759,28.2828311920166,67.99795532226562,31.26855659484864
2009-06-22,3.51,,0.758,1.89,96.8818,-0.94,-15.282480369076357,0.0023104498695063,27.89934158325196,65.95889282226562,30.33466339111328
2009-06-23,3.53,,0.758,1.84,96.5196,-0.94,-15.282480369076357,0.0023747158217832,27.946382522583008,66.0106430053711,30.26548194885254
2009-06-24,3.52,,0.758,1.93,96.2369,-0.94,-15.282480369076357,0.0024258645665883,28.08746719360352,66.57952117919922,30.775659561157227
2009-06-25,3.64,,0.758,1.82,96.7072,-0.94,-15.282480369076357,0.0024491534576829,28.35517692565918,68.02754211425781,31.3809757232666
2009-06-26,3.65,,0.721,1.85,96.1935,-0.94,-15.282480369076357,0.0024380779385909,28.34794807434082,67.85023498535156,31.450145721435547
2009-06-29,3.69,,0.721,1.83,96.242,-0.94,-15.282480369076357,0.0024590599106384,28.70248413085937,68.48555755615234,31.51932716369629
2009-06-30,3.64,,0.721,1.78,96.3761,-0.94,-15.282480369076357,0.0024355516734601,28.836315155029297,67.93150329589844,31.458786010742188
2009-07-01,3.65,,0.721,1.83,95.6581,0.14,-14.018720654921957,0.0024601488387039,28.907527923583984,68.21221923828125,31.4760856628418
2009-07-02,3.63,,0.721,1.87,96.3216,0.14,-14.018720654921957,0.0024605135186606,28.40371322631836,66.3504638671875,30.784313201904297
2009-07-03,3.63,,0.675,1.87,96.3216,0.14,-14.018720654921957,0.0024605135186606,28.40371322631836,66.3504638671875,30.784313201904297
2009-07-06,3.66,,0.675,2.03,96.6174,0.14,-14.018720654921957,0.0024356060213856,27.98019027709961,66.34310150146484,30.62000846862793
2009-07-07,3.66,,0.675,1.87,96.6321,0.14,-14.018720654921957,0.0023837209471863,27.58955383300781,65.0576171875,29.85905265808105
2009-07-08,3.66,,0.675,1.79,97.0204,0.14,-14.018720654921957,0.0023630363057286,27.757518768310547,65.01331329345703,30.01470375061035
2009-07-09,3.71,,0.675,1.87,96.6219,0.14,-14.018720654921957,0.0024309422152888,28.155431747436523,65.13887786865234,30.066585540771484
2009-07-10,3.71,,0.621,1.8,97.0819,0.14,-14.018720654921957,0.0024122999144892,27.940052032470703,64.98372650146484,30.19630241394043
2009-07-13,3.7,,0.621,1.84,96.9995,0.14,-14.018720654921957,0.0023996964105775,28.00212287902832,66.5647201538086,30.775659561157227
2009-07-14,3.68,,0.621,1.86,96.6599,0.14,-14.018720654921957,0.0024823847824965,28.11163711547852,66.9415054321289,30.88807487487793
2009-07-15,3.63,,0.621,1.87,95.8004,0.14,-14.018720654921957,0.0025370035088716,28.7322940826416,68.8993148803711,31.925762176513672
2009-07-16,3.6,,0.621,1.82,95.7241,0.14,-14.018720654921957,0.0025451825222747,28.81989097595215,68.78848266601562,32.306243896484375
2009-07-17,3.56,,0.556,1.81,95.6036,0.14,-14.018720654921957,0.0025757575788411,28.84544563293457,69.54206085205078,32.47918701171875
2009-07-20,3.55,,0.556,1.73,95.0903,0.14,-14.018720654921957,0.0025935688330489,29.247068405151367,70.28084564208984,32.790489196777344
2009-07-21,3.55,,0.556,1.71,95.0564,0.14,-14.018720654921957,0.0025813438675076,29.38945960998535,70.60591125488281,33.015316009521484
2009-07-22,3.53,,0.556,1.75,94.8659,0.14,-14.018720654921957,0.0026421824632386,29.425928115844727,70.59114074707031,33.29203796386719
2009-07-23,3.48,,0.556,1.8,94.532,0.14,-14.018720654921957,0.0026390781072873,29.725305557250977,72.14997863769531,34.02705383300781
2009-07-24,3.41,,0.486,1.81,94.7046,0.14,-14.018720654921957,0.0026416876492368,29.90057945251465,72.44547271728516,33.76762390136719
2009-07-27,3.4,,0.486,1.85,94.6659,0.14,-14.018720654921957,0.0026644288202851,29.955337524414062,72.65973663330078,34.02705383300781
2009-07-28,3.32,,0.486,1.86,94.5592,0.14,-14.018720654921957,0.002678381368375,29.98819160461425,72.31987762451172,33.79356384277344
2009-07-29,3.23,,0.486,1.84,95.1678,0.14,-14.018720654921957,0.0026660912975697,30.090404510498047,72.14257049560547,34.018402099609375
2009-07-30,3.13,,0.486,1.78,94.8967,0.14,-14.018720654921957,0.002735051722136,30.33865737915039,72.89613342285156,34.21727752685547
2009-07-31,3.11,,0.418,1.71,94.2526,0.14,-14.018720654921957,0.0027435250784602,30.83152961730957,72.99954986572266,34.11351776123047
2009-08-03,3.04,,0.418,1.78,93.6331,-0.01,-11.689299172061052,0.002855425444352,30.890060424804688,74.20381927490234,34.62369155883789
2009-08-04,2.99,,0.418,1.81,93.7281,-0.01,-11.689299172061052,0.0028826873739868,30.823814392089844,74.39590454101562,34.62369155883789
2009-08-05,2.95,,0.418,1.85,93.7848,-0.01,-11.689299172061052,0.0029107030932454,30.724401473999023,74.18165588378906,34.35565185546875
2009-08-06,2.9,,0.418,1.87,93.9358,-0.01,-11.689299172061052,0.0028598937315173,30.48138999938965,73.79743194580078,34.05298614501953
2009-08-07,2.85,,0.359,1.88,94.4692,-0.01,-11.689299172061052,0.0029055678852583,30.694923400878903,74.76527404785156,34.48534393310547
2009-08-10,2.85,,0.359,1.83,94.6087,-0.01,-11.689299172061052,0.0029275132234765,30.834856033325195,74.61013793945312,34.243221282958984
2009-08-11,2.88,,0.359,1.8,94.8678,-0.01,-11.689299172061052,0.002890145949561,30.761192321777344,73.67926025390625,33.94921112060547
2009-08-12,2.97,,0.359,1.84,94.5394,-0.01,-11.689299172061052,0.0029667611873228,30.68389892578125,74.46977233886719,34.4766960144043
2009-08-13,2.99,,0.359,1.8,94.2392,-0.01,-11.689299172061052,0.0030486016679341,30.29361724853516,75.03861999511719,34.66694259643555
2009-08-14,3.02,,0.311,1.85,94.475,-0.01,-11.689299172061052,0.0029926083533539,30.14266967773437,74.46234893798828,34.269168853759766
2009-08-17,3.08,,0.311,1.79,95.1024,-0.01,-11.689299172061052,0.0029626457493648,29.406322479248047,72.63017272949219,33.27474594116211
2009-08-18,3.07,,0.311,1.78,95.1118,-0.01,-11.689299172061052,0.0029428388512099,29.91438674926757,73.20645904541016,33.750328063964844
2009-08-19,3.1,,0.311,1.7,94.4084,-0.01,-11.689299172061052,0.0029227181227182,30.035888671875,73.84917449951172,33.98379898071289
2009-08-20,3.09,,0.311,1.6,94.3492,-0.01,-11.689299172061052,0.0029118365964283,29.94384956359864,74.61013793945312,34.381568908691406
2009-08-21,3.06,,0.27,1.69,94.0103,-0.01,-11.689299172061052,0.003020352404146,30.35253524780273,76.07289123535156,34.839881896972656
2009-08-24,3.05,,0.27,1.67,93.9345,-0.01,-11.689299172061052,0.0030924334841151,30.194215774536133,76.0655517578125,34.8053092956543
2009-08-25,3.01,,0.27,1.72,93.9066,-0.01,-11.689299172061052,0.0030217047025439,30.190563201904297,76.21331024169922,34.90908432006836
2009-08-26,2.98,,0.27,1.72,94.8662,-0.01,-11.689299172061052,0.0030239330930288,30.30837059020996,76.22067260742188,34.84852600097656
2009-08-27,2.96,,0.27,1.75,94.7943,-0.01,-11.689299172061052,0.0030095187650667,30.15372467041016,76.39061737060547,34.93502426147461
2009-08-28,2.95,,0.233,1.76,94.4489,-0.01,-11.689299172061052,0.0030543365697751,30.304670333862305,76.37582397460938,34.96958923339844
2009-08-31,2.98,,0.233,1.76,94.6202,-0.01,-11.689299172061052,0.0029505096687202,30.30837059020996,75.6961669921875,34.61505889892578
2009-09-01,3.01,,0.233,1.74,95.2201,-0.21,-6.805879122929537,0.002929192345049,30.02352523803711,74.02647399902344,33.96649932861328
2009-09-02,2.99,,0.233,1.71,95.1575,-0.21,-6.805879122929537,0.0028696498869512,29.86384391784668,73.7457504272461,33.94056701660156
2009-09-03,3.0,,0.233,1.69,94.959,-0.21,-6.805879122929537,0.002855493004386,30.05695915222168,74.35894012451172,34.16539764404297
2009-09-04,3.0,,0.2,1.7,94.5811,-0.21,-6.805879122929537,0.002858076016819,30.28717613220215,75.40064239501953,34.90042495727539
2009-09-07,3.0,,0.2,1.7,94.5811,-0.21,-6.805879122929537,0.002858076016819,30.28717613220215,75.40064239501953,34.90042495727539
2009-09-08,2.98,,0.2,1.66,93.7323,-0.21,-6.805879122929537,0.0029406753254086,30.71795463562012,76.05077362060547,35.2290153503418
2009-09-09,3.01,,0.2,1.66,93.6915,-0.21,-6.805879122929537,0.0029197226309169,30.428306579589844,76.6344223022461,35.53168487548828
2009-09-10,2.96,,0.2,1.59,93.6947,-0.21,-6.805879122929537,0.0028727143471979,30.899890899658203,77.41751098632812,35.86891174316406
2009-09-11,2.97,,0.167,1.59,93.3225,-0.21,-6.805879122929537,0.0028137128432779,31.193283081054688,77.40275573730469,35.90350341796875
2009-09-14,2.94,,0.167,1.65,93.6196,-0.21,-6.805879122929537,0.0027872786006834,31.230419158935547,77.779541015625,36.04187774658203
2009-09-15,2.93,,0.167,1.64,93.4427,-0.21,-6.805879122929537,0.0028144278929601,31.45321273803711,78.10460662841797,36.1542854309082
2009-09-16,2.91,,0.167,1.62,92.9072,-0.21,-6.805879122929537,0.0028663264010949,31.85799026489257,79.28670501708984,36.68177032470703
2009-09-17,2.87,,0.167,1.62,92.8287,-0.21,-6.805879122929537,0.0028450065683789,31.9136962890625,79.16844177246094,36.67312240600586
2009-09-18,2.85,,0.134,1.68,93.1233,-0.21,-6.805879122929537,0.0027457390754359,31.82457733154297,79.21894073486328,36.73456573486328
2009-09-21,2.86,,0.134,1.69,93.3547,-0.21,-6.805879122929537,0.0027822058235638,31.84314346313477,79.01850891113281,36.84708786010742
2009-09-22,2.84,,0.134,1.65,92.8664,-0.21,-6.805879122929537,0.0028125615534608,31.80600547790528,79.4787368774414,36.91632843017578
2009-09-23,2.84,,0.134,1.63,92.979,-0.21,-6.805879122929537,0.0027606120114265,31.90254211425781,78.81809997558594,36.74323654174805
2009-09-24,2.86,,0.134,1.64,93.4708,-0.21,-6.805879122929537,0.002706265748294,31.96198844909668,77.94959259033203,36.414310455322266
2009-09-25,2.83,,0.105,1.6,93.5535,-0.21,-6.805879122929537,0.0027580285931396,31.85799026489257,77.53388977050781,36.09404373168945
2009-09-28,2.81,,0.105,1.57,93.4669,-0.21,-6.805879122929537,0.0027345088026685,32.11051177978516,78.9219970703125,36.70860290527344
2009-09-29,2.81,,0.105,1.59,93.7776,-0.21,-6.805879122929537,0.0027338636400302,32.07337188720703,78.68445587158203,36.54415130615234
2009-09-30,2.86,,0.105,1.56,93.1907,-0.21,-6.805879122929537,0.002786706364344,32.065956115722656,78.38011169433594,36.57011795043945
2009-10-01,2.9,,0.105,1.5,93.5995,-0.29,-7.474512230012276,0.0027268635385808,31.22166633605957,76.43527221679688,35.48815155029297
2009-10-02,2.93,,0.083,1.54,93.6756,-0.29,-7.474512230012276,0.0026629784041746,31.232879638671875,76.07897186279297,35.3842887878418
2009-10-05,2.95,,0.083,1.51,93.3356,-0.29,-7.474512230012276,0.0026733548760857,31.652244567871094,77.21469116210938,35.66994094848633
2009-10-06,2.94,,0.083,1.53,92.619,-0.29,-7.474512230012276,0.0026723475104666,31.543651580810547,78.32073974609375,36.30177688598633
2009-10-07,2.92,,0.083,1.45,92.794,-0.29,-7.474512230012276,0.0026555159733758,31.775775909423828,78.53599548339844,36.40564727783203
2009-10-08,2.96,,0.083,1.49,92.2074,-0.29,-7.474512230012276,0.0027354557676139,31.977962493896484,79.13727569580078,36.56146240234375
2009-10-09,2.96,,0.063,1.56,92.2984,-0.29,-7.474512230012276,0.002699465452009,32.10151290893555,79.6197738647461,36.769187927246094
2009-10-12,2.96,,0.063,1.56,92.2984,-0.29,-7.474512230012276,0.0026951832887213,32.09402847290039,79.93153381347656,36.84708786010742
2009-10-13,2.95,,0.063,1.46,91.8273,-0.29,-7.474512230012276,0.0026179290933847,32.086551666259766,79.76823425292969,36.85573959350586
2009-10-14,2.96,,0.063,1.51,91.5047,-0.29,-7.474512230012276,0.0026661339076388,32.213836669921875,81.1415023803711,37.35775375366211
2009-10-15,2.96,,0.063,1.5,91.4367,-0.29,-7.474512230012276,0.0027157553228868,32.206356048583984,81.43840789794922,37.27121353149414
2009-10-16,2.93,,0.046,1.45,91.6541,-0.29,-7.474512230012276,0.0027005807816043,32.202598571777344,80.82974243164062,37.02885055541992
2009-10-19,2.91,,0.046,1.38,91.4406,-0.29,-7.474512230012276,0.0027962734482823,32.2100830078125,81.497802734375,37.40103149414063
2009-10-20,2.91,,0.046,1.37,91.801,-0.29,-7.474512230012276,0.0027628093781367,32.27000427246094,81.06724548339844,37.40970993041992
2009-10-21,2.89,,0.046,1.43,91.3805,-0.29,-7.474512230012276,0.0028452572394257,32.32615661621094,80.3398208618164,37.34046173095703
2009-10-22,2.88,,0.046,1.49,91.6075,-0.29,-7.474512230012276,0.0028247303631597,32.573280334472656,81.1563491821289,37.48761367797852
2009-10-23,2.8,,0.034,1.51,91.7331,-0.29,-7.474512230012276,0.002864721484812,32.51709747314453,80.2284927368164,37.33181381225586
2009-10-26,2.83,,0.034,1.59,92.0998,-0.29,-7.474512230012276,0.0028783227199992,32.53581619262695,79.3599853515625,37.21063232421875
2009-10-27,2.84,,0.034,1.49,92.5335,-0.29,-7.474512230012276,0.0028882770457956,32.28124237060547,78.99623107910156,36.64799499511719
2009-10-28,2.85,,0.034,1.48,92.8152,-0.29,-7.474512230012276,0.0028342555987561,31.74956512451172,77.50418090820312,35.82571792602539
2009-10-29,2.86,,0.034,1.5,92.4708,-0.29,-7.474512230012276,0.0028870411295516,32.19510269165039,79.16695404052734,36.431617736816406
2009-10-30,2.86,,0.026,1.41,92.6207,-0.29,-7.474512230012276,0.0028349525140797,31.8918571472168,76.87326049804688,35.45353698730469
2009-11-02,2.85,,0.026,1.41,92.4501,0.06,-5.83001235670767,0.0027881146460702,32.142147064208984,77.4374008178711,35.60067367553711
2009-11-03,2.87,,0.026,1.45,92.9037,0.06,-5.83001235670767,0.0027188045941801,32.21387481689453,77.6823501586914,35.71319580078125
2009-11-04,2.89,,0.026,1.45,92.3725,0.06,-5.83001235670767,0.0027463882078185,32.26295471191406,77.88278198242188,35.773807525634766
2009-11-05,2.86,,0.026,1.41,92.3437,0.06,-5.83001235670767,0.0027101131108421,32.28938293457031,79.31542205810547,36.65666961669922
2009-11-06,2.86,,0.017,1.37,92.3848,0.06,-5.83001235670767,0.0026897086683132,32.319580078125,79.52326965332031,36.87303924560547
2009-11-09,2.89,,0.017,1.3,91.6861,0.06,-5.83001235670767,0.002690315950277,32.44792938232422,81.3344955444336,37.66070938110352
2009-11-10,2.92,,0.017,1.31,91.6659,0.06,-5.83001235670767,0.0026835465574461,32.43659591674805,81.34935760498047,37.75593566894531
2009-11-11,2.92,,0.017,1.31,91.6659,0.06,-5.83001235670767,0.0026584379976912,32.45549011230469,81.7650375366211,37.9982795715332
2009-11-12,2.94,,0.017,1.33,91.9461,0.06,-5.83001235670767,0.0026613924430033,32.49323272705078,80.93367004394531,37.78190994262695
2009-11-13,2.93,,0.005,1.31,91.5754,0.06,-5.83001235670767,0.0026597078790832,32.4290657043457,81.37161254882812,38.0934944152832
2009-11-16,2.92,,0.005,1.21,91.194,0.06,-5.83001235670767,0.0027230811288362,32.580055236816406,82.55187225341797,38.483009338378906
2009-11-17,2.92,,0.005,1.2,91.7419,0.06,-5.83001235670767,0.0027256761138593,32.572513580322266,82.64837646484375,38.604190826416016
2009-11-18,2.94,,0.005,1.21,91.249,0.06,-5.83001235670767,0.0027242046193668,32.48944854736328,82.596435546875,38.387794494628906
2009-11-19,2.92,,0.005,1.21,91.7827,0.06,-5.83001235670767,0.002696688280031,32.55739212036133,81.52008056640625,37.7905502319336
2009-11-20,2.93,,-0.009,1.21,91.9906,0.06,-5.83001235670767,0.0027084786749376,32.549888610839844,81.23056030273438,37.60012435913086
2009-11-23,2.92,,-0.009,1.2,91.4864,0.06,-5.83001235670767,0.0026913166432793,32.5158805847168,82.26236724853516,38.20602416992188
2009-11-24,2.93,,-0.009,1.21,91.5539,0.06,-5.83001235670767,0.0026700986602796,32.53475570678711,82.3885498046875,38.0761947631836
2009-11-25,2.95,,-0.009,1.16,90.9669,0.06,-5.83001235670767,0.0026674528808243,32.549888610839844,82.67806243896484,38.24065017700195
2009-11-26,2.95,,-0.009,1.16,90.9669,0.06,-5.83001235670767,0.0026674528808243,32.549888610839844,82.67806243896484,38.24065017700195
2009-11-27,2.99,,-0.029,1.15,91.5272,0.06,-5.83001235670767,0.0026345597236851,32.32334518432617,81.3344955444336,37.66070938110352
2009-11-30,2.99,,-0.029,1.13,91.3717,0.06,-5.83001235670767,0.0026657353575049,32.4290657043457,81.60916137695312,37.703983306884766
2009-12-01,3.0,,-0.029,1.14,90.8323,-0.29,-2.704223119324234,0.0026715871050364,32.58951568603516,82.61873626708984,38.0934944152832
2009-12-02,2.95,,-0.029,1.18,90.8906,-0.29,-2.704223119324234,0.0026662540514477,32.62376403808594,82.58155059814453,38.14543151855469
2009-12-03,2.93,,-0.029,1.24,90.9152,-0.29,-2.704223119324234,0.0026445703961599,32.66559219360352,81.93576049804688,37.98963165283203
2009-12-04,2.91,,-0.054,1.34,91.3806,-0.29,-2.704223119324234,0.0027494009998631,32.7986946105957,82.40343475341797,38.188724517822266
2009-12-07,2.93,,-0.054,1.31,91.5414,-0.29,-2.704223119324234,0.0027376653566632,32.84052276611328,82.27723693847656,38.00693130493164
2009-12-08,2.92,,-0.054,1.31,91.9513,-0.29,-2.704223119324234,0.0027471996574944,32.8785514831543,81.36417388916016,37.77324676513672
2009-12-09,2.89,,-0.054,1.36,92.014,-0.29,-2.704223119324234,0.002765083882617,32.8785514831543,81.66851043701172,38.154090881347656
2009-12-10,2.93,,-0.054,1.4,92.0073,-0.29,-2.704223119324234,0.0027356312459104,33.042049407958984,82.12876892089844,38.344520568847656
2009-12-11,2.86,,-0.085,1.41,92.2946,-0.29,-2.704223119324234,0.0027782739210888,33.06108474731445,82.47765350341797,38.19737243652344
2009-12-14,2.79,,-0.085,1.37,92.0305,-0.29,-2.704223119324234,0.002786432812592,33.32726287841797,83.04182434082031,38.56090927124024
2009-12-15,2.8,,-0.085,1.37,92.3635,-0.29,-2.704223119324234,0.0027806485955198,33.29305648803711,82.65580749511719,38.344520568847656
2009-12-16,2.77,,-0.085,1.34,92.1496,-0.29,-2.704223119324234,0.0028058125131826,33.36912536621094,82.78196716308594,38.39645004272461
2009-12-17,2.75,,-0.085,1.28,93.225,-0.29,-2.704223119324234,0.0028103541381012,33.3500862121582,81.78731536865234,37.92905044555664
2009-12-18,2.73,,-0.118,1.31,93.1632,-0.29,-2.704223119324234,0.0028096866351338,33.3310661315918,82.25003814697266,38.54722595214844
2009-12-21,2.69,,-0.118,1.39,93.1632,-0.29,-2.704223119324234,0.0028669892264649,33.429935455322266,83.08589172363281,38.98073196411133
2009-12-22,2.65,,-0.118,1.43,93.2903,-0.29,-2.704223119324234,0.0028729280714172,33.50217056274414,83.3843765258789,39.21482467651367
2009-12-23,2.63,,-0.118,1.46,92.9295,-0.29,-2.704223119324234,0.002912741092834,33.582035064697266,83.54856872558594,39.50093460083008
2009-12-24,2.65,,-0.118,1.5,92.8694,-0.29,-2.704223119324234,0.0029625939505264,33.70753860473633,83.9441146850586,39.865081787109375
2009-12-25,2.65,,-0.15,1.5,92.8694,-0.29,-2.704223119324234,0.0029625939505264,33.70753860473633,83.9441146850586,39.865081787109375
2009-12-28,2.64,,-0.15,1.5,92.6993,-0.29,-2.704223119324234,0.0029953938717133,33.608665466308594,84.12322235107422,40.07315444946289
2009-12-29,2.59,,-0.15,1.46,92.8838,-0.29,-2.704223119324234,0.0030045578886186,33.42876052856445,84.00384521484375,39.9084358215332
2009-12-30,2.56,,-0.15,1.44,93.0872,-0.29,-2.704223119324234,0.0030467247012772,33.570369720458984,83.9739761352539,40.02981185913086
2009-12-31,2.54,,-0.15,1.48,92.9124,-0.29,-2.704223119324234,0.0030382580836893,33.62398147583008,83.16796112060547,39.66565704345703
2010-01-01,2.54,,-0.175,1.48,92.9124,0.16,0.87230439200634,0.0030382580836893,33.62398147583008,83.16796112060547,39.66565704345703
2010-01-04,2.54,,-0.175,1.47,92.3566,0.16,0.87230439200634,0.00303122497938,33.888126373291016,84.5784683227539,40.24655532836914
2010-01-05,2.53,,-0.175,1.43,92.2236,0.16,0.87230439200634,0.0030372953962972,34.04888916015625,84.80236053466797,40.24655532836914
2010-01-06,2.49,,-0.175,1.48,92.0941,0.16,0.87230439200634,0.0030614489718378,34.13689422607422,84.8620834350586,40.003814697265625
2010-01-07,2.48,,-0.175,1.44,92.3684,0.16,0.87230439200634,0.0030107669672728,34.27472686767578,85.2203140258789,40.02981185913086
2010-01-08,2.49,,-0.196,1.41,92.1485,0.16,0.87230439200634,0.0029766299040479,34.32830810546875,85.50390625,40.35927581787109
2010-01-11,2.47,,-0.196,1.47,91.5997,0.16,0.87230439200634,0.0029794908164946,34.29770278930664,85.62329864501953,40.19453811645508
2010-01-12,2.48,,-0.196,1.35,91.7005,0.16,0.87230439200634,0.0029564177723352,34.12160110473633,84.82479858398438,39.69167709350586
2010-01-13,2.5,,-0.196,1.43,91.7272,0.16,0.87230439200634,0.0029809045889719,34.19816207885742,85.54119873046875,40.18586730957031
2010-01-14,2.46,,-0.196,1.4,91.5864,0.16,0.87230439200634,0.0029546647992789,34.23644256591797,85.77257537841797,40.220550537109375
2010-01-15,2.48,,-0.206,1.34,91.7668,0.16,0.87230439200634,0.0029687639072233,34.098655700683594,84.80985260009766,39.75236511230469
2010-01-18,2.48,,-0.206,1.34,91.7668,0.16,0.87230439200634,0.0029687639072233,34.098655700683594,84.80985260009766,39.75236511230469
2010-01-19,2.48,,-0.206,1.35,91.9611,0.16,0.87230439200634,0.0030157060485135,34.113948822021484,85.86958312988281,40.393951416015625
2010-01-20,2.48,,-0.206,1.31,92.6766,0.16,0.87230439200634,0.0030081810745726,34.064178466796875,84.99639892578125,39.81305694580078
2010-01-21,2.51,,-0.206,1.29,92.6627,0.16,0.87230439200634,0.0029790516289944,33.5321159362793,83.36198425292969,39.44023895263672
2010-01-22,2.53,,-0.206,1.31,92.943,0.16,0.87230439200634,0.003065093805133,33.21440124511719,81.50369262695312,38.28711700439453
2010-01-25,2.56,,-0.206,1.33,92.9099,0.16,0.87230439200634,0.0030898467985883,33.264163970947266,81.92164611816406,38.41718673706055
2010-01-26,2.59,,-0.206,1.31,93.3298,0.16,0.87230439200634,0.0030321522198361,33.3062744140625,81.57833862304688,38.45183944702149
2010-01-27,2.57,,-0.206,1.35,93.2835,0.16,0.87230439200634,0.0029643119495002,33.31774139404297,81.9664306640625,38.75530624389648
2010-01-28,2.57,,-0.206,1.35,93.2635,0.16,0.87230439200634,0.0028516057436218,33.17612075805664,81.02606964111328,37.75825119018555
2010-01-29,2.57,,-0.202,1.3,93.7638,0.16,0.87230439200634,0.0028125577135869,33.0077018737793,80.14543914794922,37.09933090209961
2010-02-01,2.57,,-0.202,1.29,93.7321,-0.35,1.8708182344855608,0.0027877387451823,33.167030334472656,81.3917465209961,37.50682830810547
2010-02-02,2.56,,-0.202,1.26,93.4136,-0.35,1.8708182344855608,0.0027608734300544,33.267303466796875,82.37690734863281,37.84495162963867
2010-02-03,2.58,,-0.202,1.3,93.6268,-0.35,1.8708182344855608,0.0026705055515136,33.437042236328125,81.9664306640625,38.05302047729492
2010-02-04,2.62,,-0.202,1.27,94.1401,-0.35,1.8708182344855608,0.0027066075844136,32.96257019042969,79.43644714355469,36.95192337036133
2010-02-05,2.62,,-0.199,1.32,94.6218,-0.35,1.8708182344855608,0.0027124123018387,32.76968765258789,79.60063934326172,37.26406097412109
2010-02-08,2.64,,-0.199,1.35,94.6218,-0.35,1.8708182344855608,0.0027301304466161,32.626930236816406,79.02599334716797,36.99527359008789
2010-02-09,2.65,,-0.199,1.37,94.6218,-0.35,1.8708182344855608,0.0027709669723375,32.69254302978516,80.01854705810547,37.37675094604492
2010-02-10,2.66,,-0.199,1.44,94.6218,-0.35,1.8708182344855608,0.0027756087799845,32.25276565551758,79.86185455322266,37.29874801635742
2010-02-11,2.7,,-0.199,1.47,94.6218,-0.35,1.8708182344855608,0.0028600804714991,32.38393020629883,80.69772338867188,37.86227798461914
2010-02-12,2.72,,-0.202,1.46,93.9976,-0.35,1.8708182344855608,0.0028260669997111,32.36465072631836,80.63054656982422,37.9403190612793
2010-02-15,2.72,,-0.202,1.46,93.9976,-0.35,1.8708182344855608,0.0028260669997111,32.36465072631836,80.63054656982422,37.9403190612793
2010-02-16,2.73,,-0.202,1.42,93.482,-0.35,1.8708182344855608,0.0028754576597045,32.684814453125,81.89923858642578,38.42584609985352
2010-02-17,2.73,,-0.202,1.46,93.7171,-0.35,1.8708182344855608,0.002892809395494,32.935546875,82.28733825683594,38.64259719848633
2010-02-18,2.72,,-0.202,1.48,93.8752,-0.35,1.8708182344855608,0.0029382827243566,33.248016357421875,82.7724609375,38.88536834716797
2010-02-19,2.65,,-0.22,1.52,93.9569,-0.35,1.8708182344855608,0.0029938463982428,33.47174072265625,82.94407653808594,38.86801528930664
2010-02-22,2.65,,-0.22,1.55,93.7402,-0.35,1.8708182344855608,0.0029718677247831,33.514198303222656,82.95901489257812,38.78998947143555
2010-02-23,2.65,,-0.22,1.5,93.9794,-0.35,1.8708182344855608,0.0029146641234843,33.27115249633789,81.95153045654297,38.28711700439453
2010-02-24,2.65,,-0.22,1.51,93.9775,-0.35,1.8708182344855608,0.0029507524826947,33.39845275878906,82.70524597167969,38.67728042602539
2010-02-25,2.64,,-0.22,1.51,94.3797,-0.35,1.8708182344855608,0.0028818378531559,33.402313232421875,82.59333801269531,38.66860961914063
2010-02-26,2.62,,-0.249,1.48,93.6602,-0.35,1.8708182344855608,0.0029227398255687,33.62605667114258,82.64559173583984,38.80733489990234
2010-03-01,2.65,,-0.249,1.46,93.7979,0.48,4.200672107537207,0.0029817496860741,33.65169906616211,83.50379943847656,39.37087631225586
2010-03-02,2.64,,-0.249,1.46,93.488,0.48,4.200672107537207,0.0029866301977052,33.86933517456055,83.73515319824219,39.49224853515625
2010-03-03,2.63,,-0.249,1.46,92.9861,0.48,4.200672107537207,0.0029920364544063,33.90431213378906,83.80976867675781,39.53562927246094
2010-03-04,2.62,,-0.249,1.44,93.4079,0.48,4.200672107537207,0.0029670670755014,33.9315071105957,84.06350708007812,39.66565704345703
2010-03-05,2.61,,-0.289,1.48,93.2623,0.48,4.200672107537207,0.002998325491511,34.133602142333984,85.26509857177734,40.26387786865234
2010-03-08,2.59,,-0.289,1.49,93.2446,0.48,4.200672107537207,0.0030228730726475,34.141380310058594,85.28001403808594,40.34192657470703
2010-03-09,2.61,,-0.289,1.48,93.1941,0.48,4.200672107537207,0.0030285205008086,34.289066314697266,85.4217529296875,40.56736373901367
2010-03-10,2.59,,-0.289,1.49,93.0426,0.48,4.200672107537207,0.0030285248882436,34.30071258544922,85.80243682861328,40.89679718017578
2010-03-11,2.56,,-0.289,1.49,93.0533,0.48,4.200672107537207,0.0030379060803768,34.269630432128906,86.16064453125,41.05287170410156
2010-03-12,2.55,,-0.336,1.45,92.6616,0.48,4.200672107537207,0.0030590103693133,34.27741241455078,86.1681137084961,41.061553955078125
2010-03-15,2.56,,-0.336,1.46,92.9642,0.48,4.200672107537207,0.0029924893628246,34.238521575927734,86.19048309326172,40.95751190185547
2010-03-16,2.55,,-0.336,1.42,92.595,0.48,4.200672107537207,0.0029914456055963,34.35512924194336,86.8770980834961,41.217620849609375
2010-03-17,2.53,,-0.336,1.4,92.4446,0.48,4.200672107537207,0.0030338079055433,34.35512924194336,87.39202880859375,41.3303108215332
2010-03-18,2.52,,-0.336,1.45,92.7451,0.48,4.200672107537207,0.0030047010593638,34.40566635131836,87.34725189208984,41.46903991699219
2010-03-19,2.49,,-0.384,1.5,93.0407,0.48,4.200672107537207,0.0030381975542727,34.23467254638672,86.90512084960938,41.21819305419922
2010-03-22,2.5,,-0.384,1.48,93.1333,0.48,4.200672107537207,0.0030678611780056,34.397884368896484,87.36969757080078,41.591407775878906
2010-03-23,2.51,,-0.384,1.49,93.006,0.48,4.200672107537207,0.0030534661729032,34.39399337768555,87.98422241210938,41.8778190612793
2010-03-24,2.48,,-0.384,1.6,93.6468,0.48,4.200672107537207,0.0030649458058569,34.374549865722656,87.55706787109375,41.6782112121582
2010-03-25,2.47,,-0.384,1.65,93.5885,0.48,4.200672107537207,0.0030850189458534,34.456207275390625,87.4146957397461,41.617469787597656
2010-03-26,2.49,,-0.427,1.62,93.6873,0.48,4.200672107537207,0.0030728129301812,34.44451904296875,87.3622817993164,41.66085815429688
2010-03-29,2.49,,-0.427,1.66,93.2959,0.48,4.200672107537207,0.003178870442593,34.487274169921875,87.91679382324219,41.8604850769043
2010-03-30,2.48,,-0.427,1.66,93.2627,0.48,4.200672107537207,0.0032186510337321,34.45230484008789,87.97674560546875,41.99934005737305
2010-03-31,2.47,,-0.427,1.6,92.8987,0.48,4.200672107537207,0.0031851251668831,34.34349822998047,87.67698669433594,41.79972457885742
2010-04-01,2.44,,-0.427,1.61,92.6661,0.41,5.428210355806296,0.0031792729360449,34.26046371459961,88.27649688720703,41.79972457885742
2010-04-02,2.44,,-0.459,1.69,92.9057,0.41,5.428210355806296,0.0031792729360449,34.26046371459961,88.27649688720703,41.79972457885742
2010-04-05,2.43,,-0.459,1.7,92.6644,0.41,5.428210355806296,0.0032006354041665,34.24480056762695,88.99590301513672,42.19029998779297
2010-04-06,2.46,,-0.459,1.68,92.7373,0.41,5.428210355806296,0.0031798960523034,34.467987060546875,89.20571899414062,42.31181716918945
2010-04-07,2.44,,-0.459,1.55,92.7452,0.41,5.428210355806296,0.0031172436478523,34.51887512207031,88.69613647460938,42.20765686035156
2010-04-08,2.43,,-0.459,1.58,92.7211,0.41,5.428210355806296,0.0031079675762902,34.577640533447266,89.0033950805664,42.30314636230469
2010-04-09,2.43,,-0.473,1.56,92.4772,0.41,5.428210355806296,0.0030871588577699,34.62852478027344,89.58788299560547,42.554832458496094
2010-04-12,2.4,,-0.473,1.52,92.243,0.41,5.428210355806296,0.0030643078975821,34.636348724365234,89.7302474975586,42.58953857421875
2010-04-13,2.4,,-0.473,1.5,92.2689,0.41,5.428210355806296,0.0031189276891735,34.73031997680664,89.79773712158203,42.806522369384766
2010-04-14,2.4,,-0.473,1.54,91.9297,0.41,5.428210355806296,0.0031108714260861,34.824302673339844,90.81686401367188,43.31863021850586
2010-04-15,2.42,,-0.473,1.49,92.2029,0.41,5.428210355806296,0.0031012331390176,34.91825866699219,90.8918228149414,43.509544372558594
2010-04-16,2.43,,-0.464,1.46,92.5253,0.41,5.428210355806296,0.0030902928195469,34.636348724365234,89.44548797607422,42.9887809753418
2010-04-19,2.42,,-0.464,1.49,92.8577,0.41,5.428210355806296,0.0030783122552034,34.569786071777344,89.7827377319336,42.96274566650391
2010-04-20,2.4,,-0.464,1.47,92.4338,0.41,5.428210355806296,0.0030844898640683,34.941749572753906,90.58453369140624,43.17973709106445
2010-04-21,2.38,,-0.464,1.42,92.4482,0.41,5.428210355806296,0.0030769901956229,34.9456787109375,90.41971588134766,43.422760009765625
2010-04-22,2.38,,-0.464,1.46,92.7277,0.41,5.428210355806296,0.0030504243914811,34.843875885009766,90.68946838378906,43.6657829284668
2010-04-23,2.37,,-0.431,1.47,92.6622,0.41,5.428210355806296,0.0030452692360521,35.07097625732422,91.281494140625,43.84806442260742
2010-04-26,2.38,,-0.431,1.46,92.5187,0.41,5.428210355806296,0.00305765058553,35.07097625732422,90.9367904663086,43.7525749206543
2010-04-27,2.39,,-0.431,1.37,93.0956,0.41,5.428210355806296,0.0028953260391055,34.62852478027344,88.78607940673828,42.82389068603516
2010-04-28,2.38,,-0.431,1.4,93.4856,0.41,5.428210355806296,0.0028750106090462,34.652008056640625,89.46049499511719,42.84992599487305
2010-04-29,2.37,,-0.431,1.31,92.9013,0.41,5.428210355806296,0.0028530467637733,34.89086151123047,90.569580078125,43.59634399414063
2010-04-30,2.38,,-0.374,1.29,92.8423,0.41,5.428210355806296,0.0028281502960885,35.00442123413086,89.03337097167969,42.73710250854492
2010-05-03,2.37,,-0.374,1.32,93.235,0.3,7.942609605426321,0.0027720471932548,35.00047302246094,90.18739318847656,43.335975646972656
2010-05-04,2.38,,-0.374,1.31,93.8137,0.3,7.942609605426321,0.0027079411810752,34.64159393310547,88.06665802001953,42.03407287597656
2010-05-05,2.4,,-0.374,1.3,94.3968,0.3,7.942609605426321,0.0026715478262109,34.16832733154297,87.54209899902344,41.81709289550781
2010-05-06,2.41,,-0.374,1.25,95.3032,0.3,7.942609605426321,0.0025929483048453,33.32046127319336,84.634521484375,40.419700622558594
2010-05-07,2.55,,-0.298,1.3,95.2952,0.3,7.942609605426321,0.0025876033404641,33.31648635864258,83.3755874633789,39.41291809082031
2010-05-10,2.53,,-0.298,1.33,94.3096,0.3,7.942609605426321,0.0026782737827238,33.939598083496094,87.04750061035156,41.46124649047852
2010-05-11,2.58,,-0.298,1.31,94.4305,0.3,7.942609605426321,0.0026182473496188,33.90015411376953,86.80020904541016,41.41783142089844
2010-05-12,2.61,,-0.298,1.28,94.5515,0.3,7.942609605426321,0.0025557256321291,34.31424331665039,88.0141830444336,42.1989631652832
2010-05-13,2.6,,-0.298,1.28,94.5071,0.3,7.942609605426321,0.0026200357559557,34.10129165649414,86.92012023925781,41.53065872192383
2010-05-14,2.59,,-0.223,1.26,95.3746,0.3,7.942609605426321,0.0025444026759171,33.90412902832031,85.3464126586914,40.73217010498047
2010-05-17,2.59,,-0.223,1.31,95.9795,0.3,7.942609605426321,0.0023808749804744,33.8607292175293,85.39137268066406,40.86236572265625
2010-05-18,2.61,,-0.223,1.25,95.6212,0.3,7.942609605426321,0.0024890882949925,33.78974533081055,84.22986602783203,40.2982063293457
2010-05-19,2.65,,-0.223,1.32,96.5083,0.3,7.942609605426321,0.0024735872111974,33.59257125854492,83.7502670288086,39.9770622253418
2010-05-20,2.74,,-0.223,1.36,96.9483,0.3,7.942609605426321,0.00247137547219,32.590858459472656,80.58787536621094,38.49287414550781
2010-05-21,2.76,,-0.15,1.33,96.2911,0.3,7.942609605426321,0.0025954752137009,33.245513916015625,81.76443481445312,38.91818237304688
2010-05-24,2.79,,-0.15,1.35,96.6433,0.3,7.942609605426321,0.0026273243034487,33.29679107666016,80.7153091430664,38.76195907592773
2010-05-25,2.81,,-0.15,1.33,97.5487,0.3,7.942609605426321,0.002532559552906,33.25736618041992,80.79771423339844,38.79667282104492
2010-05-26,2.87,,-0.15,1.3,97.1879,0.3,7.942609605426321,0.0025315255413606,32.85903549194336,80.31060028076172,38.36270904541016
2010-05-27,2.89,,-0.15,1.33,96.3611,0.3,7.942609605426321,0.0026004620209264,33.31256103515625,83.00090026855469,39.81216049194336
2010-05-28,2.89,,-0.096,1.32,96.3062,0.3,7.942609605426321,0.0025548589410994,33.36777114868164,81.9592514038086,39.577823638916016
2010-05-31,2.89,,-0.096,1.32,96.3062,0.3,7.942609605426321,0.0025548589410994,33.36777114868164,81.9592514038086,39.577823638916016
2010-06-01,2.92,,-0.096,1.32,96.6123,-0.17,8.551328146848402,0.0024934681409752,33.21000671386719,80.58039093017578,39.21327209472656
2010-06-02,2.91,,-0.096,1.36,96.615,-0.17,8.551328146848402,0.0024840243531828,33.380859375,82.67864227294922,40.1419677734375
2010-06-03,2.92,,-0.096,1.34,96.461,-0.17,8.551328146848402,0.0024319289984062,33.39280700683594,82.96341705322266,40.52386093139648
2010-06-04,2.95,,-0.064,1.26,97.1688,-0.17,8.551328146848402,0.0023125309265881,33.20602798461914,80.04833984375,39.135162353515625
2010-06-07,3.0,,-0.064,1.25,97.503,-0.17,8.551328146848402,0.0022262567209219,32.97554016113281,79.0516586303711,38.4234619140625
2010-06-08,2.99,,-0.064,1.29,97.3425,-0.17,8.551328146848402,0.0022286977798609,33.027225494384766,79.89847564697266,38.35402297973633
2010-06-09,3.0,,-0.064,1.28,96.8938,-0.17,8.551328146848402,0.0023137972905085,33.098751068115234,79.47130584716797,38.03288269042969
2010-06-10,3.01,,-0.064,1.35,96.4877,-0.17,8.551328146848402,0.0023390398661721,33.436527252197266,81.79437255859375,39.11781692504883
2010-06-11,3.04,,-0.055,1.29,96.5616,-0.17,8.551328146848402,0.0023594269961634,33.48420715332031,82.1915512084961,39.49103164672852
2010-06-14,3.06,,-0.055,1.31,95.8082,-0.17,8.551328146848402,0.0024442081992893,33.52791213989258,82.06417083740234,39.48233795166016
2010-06-15,3.05,,-0.055,1.32,95.7049,-0.17,8.551328146848402,0.0024347228155233,33.85377502441406,83.93009948730469,40.54121780395508
2010-06-16,3.07,,-0.055,1.28,95.5668,-0.17,8.551328146848402,0.0024355322859479,33.88160705566406,83.900146484375,40.70613861083984
2010-06-17,3.04,,-0.055,1.22,95.4973,-0.17,8.551328146848402,0.002326653237811,34.13592529296875,84.0350112915039,40.83632659912109
2010-06-18,3.04,,-0.069,1.25,95.2981,-0.17,8.551328146848402,0.0022916005041808,34.282958984375,84.1261215209961,40.870235443115234
2010-06-21,3.02,,-0.069,1.24,94.8505,-0.17,8.551328146848402,0.0023707348608854,34.406131744384766,83.88519287109375,40.52240753173828
2010-06-22,3.04,,-0.069,1.2,95.1165,-0.17,8.551328146848402,0.0024118879864611,34.15975570678711,82.49978637695312,40.2093505859375
2010-06-23,3.05,,-0.069,1.19,95.4853,-0.17,8.551328146848402,0.0023774411095549,34.13592529296875,82.24378967285156,40.04412460327149
2010-06-24,3.08,,-0.069,1.23,95.6194,-0.17,8.551328146848402,0.0024110799044406,33.9014892578125,80.88092041015625,39.43540573120117
2010-06-25,3.09,,-0.096,1.21,95.4582,-0.17,8.551328146848402,0.0024629716633921,34.056453704833984,81.21977996826172,39.44327163696289
2010-06-28,3.1,,-0.096,1.17,95.2696,-0.17,8.551328146848402,0.0024781942844187,34.13193893432617,80.9637680053711,39.30387115478516
2010-06-29,3.12,,-0.096,1.14,96.0199,-0.17,8.551328146848402,0.0023474234505743,33.790191650390625,78.46399688720703,37.787818908691406
2010-06-30,3.08,,-0.096,1.15,95.9934,-0.17,8.551328146848402,0.0023572863177188,33.7385368347168,77.71859741210938,37.21277618408203
2010-07-01,3.02,,-0.096,1.21,95.8018,0.15,7.747013804699288,0.0023750309985645,33.89984893798828,77.37226867675781,37.10821914672852
2010-07-02,3.04,,-0.131,1.27,95.6345,0.15,7.747013804699288,0.0024051681175659,33.90786361694336,76.95059967041016,37.003665924072266
2010-07-05,3.04,,-0.131,1.27,95.6345,0.15,7.747013804699288,0.0024051681175659,33.90786361694336,76.95059967041016,37.003665924072266
2010-07-06,3.05,,-0.131,1.26,95.1069,0.15,7.747013804699288,0.0024774020063442,34.176109313964844,77.45506286621094,37.116920471191406
2010-07-07,3.08,,-0.131,1.3,95.1795,0.15,7.747013804699288,0.0025075088765391,34.588436126708984,79.89459991455078,38.30186462402344
2010-07-08,3.07,,-0.131,1.25,94.7734,0.15,7.747013804699288,0.0025146344260725,34.748565673828125,80.68518829345703,38.510986328125
2010-07-09,3.07,,-0.172,1.26,94.683,0.15,7.747013804699288,0.0025169478951574,34.668479919433594,81.28752136230469,38.87691879272461
2010-07-12,3.05,,-0.172,1.26,94.9598,0.15,7.747013804699288,0.0025027117532245,34.640464782714844,81.34024810791016,38.99020004272461
2010-07-13,3.03,,-0.172,1.28,94.3856,0.15,7.747013804699288,0.002480425208595,34.9087028503418,82.56753540039062,39.49554443359375
2010-07-14,3.02,,-0.172,1.23,94.3247,0.15,7.747013804699288,0.0024867416358119,34.876678466796875,82.56001281738281,39.69593811035156
2010-07-15,3.02,,-0.172,1.21,94.1988,0.15,7.747013804699288,0.0024873770177699,34.92871856689453,82.58259582519531,39.73079299926758
2010-07-16,3.04,,-0.212,1.25,94.5061,0.15,7.747013804699288,0.0024608586372349,34.71653366088867,80.30870056152344,38.63297271728516
2010-07-19,3.04,,-0.212,1.29,94.602,0.15,7.747013804699288,0.0024815943189732,34.83266067504883,80.7830581665039,38.96407318115234
2010-07-20,2.99,,-0.212,1.28,94.542,0.15,7.747013804699288,0.0025157364186148,35.11286544799805,81.67906951904297,39.4345588684082
2010-07-21,2.98,,-0.212,1.19,94.4496,0.15,7.747013804699288,0.0025906344045286,35.09684371948242,80.61741638183594,38.89435195922852
2010-07-22,2.97,,-0.212,1.21,94.1135,0.15,7.747013804699288,0.0026436637805027,35.409088134765625,82.41696166992188,39.87891006469727
2010-07-23,2.95,,-0.245,1.24,94.1431,0.15,7.747013804699288,0.0026816536783023,35.56922149658203,83.13224792480469,40.13157272338867
2010-07-26,2.92,,-0.245,1.24,93.7556,0.15,7.747013804699288,0.0027261199531974,35.585262298583984,83.9981460571289,40.46267318725586
2010-07-27,2.9,,-0.245,1.26,93.7583,0.15,7.747013804699288,0.0027677028702124,35.53721237182617,83.99063110351562,40.44525909423828
2010-07-28,2.92,,-0.245,1.22,93.7506,0.15,7.747013804699288,0.0027921405906318,35.46116638183594,83.44849395751953,40.12287521362305
2010-07-29,2.92,,-0.245,1.21,93.6004,0.15,7.747013804699288,0.0028119650641386,35.56922149658203,83.04187774658203,39.826637268066406
2010-07-30,2.91,,-0.269,1.14,93.2793,0.15,7.747013804699288,0.0027985106697509,35.477176666259766,83.02684783935547,39.91376495361328
2010-08-02,2.9,,-0.269,1.13,92.7916,-0.16,6.968742858593813,0.0028604021637901,35.66215896606445,84.90164184570312,40.66307067871094
2010-08-03,2.92,,-0.269,1.07,92.6258,-0.16,6.968742858593813,0.0028307459983914,35.66215896606445,84.49505615234375,40.48881149291992
2010-08-04,2.9,,-0.269,1.12,92.731,-0.16,6.968742858593813,0.0028487058710101,35.64202117919922,85.05976867675781,40.8983039855957
2010-08-05,2.93,,-0.269,1.07,92.6401,-0.16,6.968742858593813,0.0027986136346997,35.62589645385742,84.96940612792969,40.802490234375
2010-08-06,2.94,,-0.283,1.04,92.5915,-0.16,6.968742858593813,0.0027750539161198,35.6178092956543,84.62305450439453,40.741493225097656
2010-08-09,2.95,,-0.283,1.04,92.6726,-0.16,6.968742858593813,0.002790455770021,35.553340911865234,85.0748291015625,41.02029800415039
2010-08-10,3.05,,-0.283,0.95,93.2197,-0.16,6.968742858593813,0.0027679319878547,35.5412483215332,84.61552429199219,40.66307067871094
2010-08-11,3.03,,-0.283,0.95,93.7778,-0.16,6.968742858593813,0.0027160752043594,35.07773208618164,82.29652404785156,39.55654525756836
2010-08-12,3.04,,-0.283,1.05,93.8905,-0.16,6.968742858593813,0.0027020907940996,34.956825256347656,81.7920150756836,39.24287414550781
2010-08-13,3.05,,-0.288,1.0,94.0457,-0.16,6.968742858593813,0.0026763518198539,35.10997009277344,81.55105590820312,38.96407318115234
2010-08-16,3.0,,-0.288,0.95,93.7902,-0.16,6.968742858593813,0.0026761943245479,35.15431594848633,81.51342010498047,39.03376770019531
2010-08-17,2.99,,-0.288,1.01,93.4239,-0.16,6.968742858593813,0.0027209360523369,35.28732681274414,82.51482391357422,39.53040313720703
2010-08-18,2.94,,-0.288,1.02,93.3719,-0.16,6.968742858593813,0.0027234285680179,35.347782135009766,82.6654281616211,39.68725204467773
2010-08-19,2.93,,-0.288,1.02,93.7141,-0.16,6.968742858593813,0.0026888474494646,35.275238037109375,81.22727966308594,39.08604431152344
2010-08-20,2.9,,-0.289,1.05,94.2087,-0.16,6.968742858593813,0.0026817144885241,35.35987091064453,80.9637680053711,39.138328552246094
2010-08-23,2.94,,-0.289,1.05,94.3295,-0.16,6.968742858593813,0.0026827777537331,35.35987091064453,80.65504455566406,38.75494766235352
2010-08-24,2.95,,-0.289,1.01,94.4362,-0.16,6.968742858593813,0.0026298911490207,35.17446517944336,79.4578857421875,38.03178405761719
2010-08-25,2.94,,-0.289,1.01,94.7372,-0.16,6.968742858593813,0.0025905606822652,35.1261100769043,79.76660919189453,38.39773178100586
2010-08-26,2.95,,-0.289,0.95,94.3523,-0.16,6.968742858593813,0.0026756515826404,35.07773208618164,79.2320327758789,37.935943603515625
2010-08-27,2.96,,-0.292,1.05,94.3462,-0.16,6.968742858593813,0.0027216829142524,35.07368469238281,80.4593276977539,38.39773178100586
2010-08-30,2.99,,-0.292,0.99,94.5922,-0.16,6.968742858593813,0.0027588716952281,35.138160705566406,79.29220581054688,37.99691390991211
2010-08-31,3.01,,-0.292,0.95,94.7204,-0.16,6.968742858593813,0.0026924616915543,35.1261100769043,79.29220581054688,37.866241455078125
2010-09-01,3.01,,-0.292,1.02,94.1148,-0.19,6.346682104150392,0.002783037601717,35.50565719604492,81.66402435302734,38.99890899658203
2010-09-02,3.02,,-0.292,1.05,94.0852,-0.19,6.346682104150392,0.0027870554663017,35.562530517578125,82.4244613647461,39.4345588684082
2010-09-03,2.97,,-0.299,1.1,93.6952,-0.19,6.346682104150392,0.0027965899222143,35.66807174682617,83.49365234375,40.088035583496094
2010-09-06,2.97,,-0.299,1.1,93.6952,-0.19,6.346682104150392,0.0027965899222143,35.66807174682617,83.49365234375,40.088035583496094
2010-09-07,2.96,,-0.299,0.98,94.042,-0.19,6.346682104150392,0.0027547123903449,35.61529541015625,82.55247497558594,39.81792831420898
2010-09-08,2.95,,-0.299,1.02,93.7785,-0.19,6.346682104150392,0.0027799458754116,35.623416900634766,83.13224792480469,40.29713821411133
2010-09-09,2.96,,-0.299,1.05,93.7033,-0.19,6.346682104150392,0.0027492193004874,35.76549530029297,83.51622009277344,40.45396423339844
2010-09-10,2.94,,-0.314,1.02,93.6768,-0.19,6.346682104150392,0.0027296103450273,35.85888671875,83.93793487548828,40.602088928222656
2010-09-13,2.97,,-0.314,0.94,93.0767,-0.19,6.346682104150392,0.0027881294578434,36.04560470581055,84.87154388427734,41.16840362548828
2010-09-14,2.97,,-0.314,0.93,92.6182,-0.19,6.346682104150392,0.0027246595317213,36.03750228881836,84.81883239746094,41.34269332885742
2010-09-15,3.0,,-0.314,0.97,92.9313,-0.19,6.346682104150392,0.00272992822135,36.00501251220703,85.14259338378906,41.60406494140625
2010-09-16,3.02,,-0.314,1.0,92.9108,-0.19,6.346682104150392,0.0027384228109114,36.065914154052734,85.12001037597656,41.76960754394531
2010-09-17,3.03,,-0.334,1.0,92.9418,-0.19,6.346682104150392,0.0027543901242163,36.1308708190918,85.15181732177734,41.91110229492188
2010-09-20,3.02,,-0.334,0.94,92.7496,-0.19,6.346682104150392,0.0027333854976531,36.18769454956055,86.45379638671875,42.64468765258789
2010-09-21,3.05,,-0.334,0.78,92.6684,-0.19,6.346682104150392,0.002730666358225,36.126800537109375,86.27967834472656,42.63593292236328
2010-09-22,3.05,,-0.334,0.74,92.0647,-0.19,6.346682104150392,0.0027580996637507,35.980682373046875,85.85579681396484,42.52242660522461
2010-09-23,3.04,,-0.334,0.77,92.0233,-0.19,6.346682104150392,0.0027698369024963,35.88727569580078,85.15938568115234,42.50495529174805
2010-09-24,3.05,,-0.356,0.81,91.5996,-0.19,6.346682104150392,0.002788194535691,36.029388427734375,86.91554260253906,43.36954116821289
2010-09-27,3.04,,-0.356,0.79,91.4803,-0.19,6.346682104150392,0.0027712655465614,36.09027862548828,86.49919891357422,43.13374328613281
2010-09-28,3.06,,-0.356,0.69,91.3493,-0.19,6.346682104150392,0.0027812644503631,36.143043518066406,86.80201721191406,43.11626815795898
2010-09-29,3.06,,-0.356,0.74,91.1632,-0.19,6.346682104150392,0.0027944211701104,36.22830581665039,86.65062713623047,43.046424865722656
2010-09-30,3.05,,-0.356,0.75,91.3415,-0.19,6.346682104150392,0.0027878878821837,36.410980224609375,86.39324951171875,42.854286193847656
2010-10-01,3.07,,-0.381,0.75,90.836,-0.12,5.760258506490601,0.00279879957437,36.45881271362305,86.75657653808594,42.80188751220703
2010-10-04,3.1,,-0.381,0.72,91.0015,-0.12,5.760258506490601,0.0027805230049615,36.33213424682617,86.10560607910156,42.33903121948242
2010-10-05,3.11,,-0.381,0.65,90.5622,-0.12,5.760258506490601,0.002777653322336,36.462886810302734,87.83910369873047,43.36954116821289
2010-10-06,3.13,,-0.381,0.52,90.1411,-0.12,5.760258506490601,0.0027822340935626,36.43018341064453,87.83148193359375,42.99401092529297
2010-10-07,3.18,,-0.381,0.53,90.286,-0.12,5.760258506490601,0.0027539545646599,36.50374603271485,87.72550201416016,43.15122604370117
2010-10-08,3.21,,-0.405,0.45,90.1133,-0.12,5.760258506490601,0.002802038486091,36.62632751464844,88.2175521850586,43.448150634765625
2010-10-11,3.21,,-0.405,0.45,90.1133,-0.12,5.760258506490601,0.0027928026832646,36.70397186279297,88.30081939697266,43.46562576293945
2010-10-12,3.22,,-0.405,0.49,90.2203,-0.12,5.760258506490601,0.0028096901509269,36.67127227783203,88.5733413696289,43.76254653930664
2010-10-13,3.22,,-0.405,0.44,89.7779,-0.12,5.760258506490601,0.0027849579344878,36.79389190673828,89.26216888427734,44.12063217163086
2010-10-14,3.23,,-0.405,0.41,89.5228,-0.12,5.760258506490601,0.0027667612045867,36.6181526184082,88.9139633178711,44.03329086303711
2010-10-15,3.26,,-0.428,0.5,89.6815,-0.12,5.760258506490601,0.0027966597204174,36.71216583251953,89.09561920166016,44.96774291992188
2010-10-18,3.26,,-0.428,0.47,89.8484,-0.12,5.760258506490601,0.0028081244486048,36.663116455078125,89.53466796875,44.80181121826172
2010-10-19,3.25,,-0.428,0.44,90.5499,-0.12,5.760258506490601,0.0028125235436342,36.65901947021485,88.36134338378906,44.38261032104492
2010-10-20,3.23,,-0.428,0.47,90.1446,-0.12,5.760258506490601,0.0028202932575465,36.77344131469727,89.22432708740234,44.70573806762695
2010-10-21,3.2,,-0.428,0.5,90.138,-0.12,5.760258506490601,0.0028500794129175,36.716251373291016,89.42111206054688,44.7930793762207
2010-10-22,3.18,,-0.446,0.5,90.4063,-0.12,5.760258506490601,0.0028628058152068,36.88376998901367,89.58769226074219,45.098751068115234
2010-10-25,3.13,,-0.446,0.45,89.9328,-0.12,5.760258506490601,0.0028816407155716,37.026798248291016,89.85261535644531,45.31706237792969
2010-10-26,3.13,,-0.446,0.52,90.2818,-0.12,5.760258506490601,0.0028875187729862,37.08400344848633,89.86776733398438,45.4393424987793
2010-10-27,3.09,,-0.446,0.62,90.8038,-0.12,5.760258506490601,0.0028539556080933,37.04313659667969,89.6103744506836,45.5790901184082
2010-10-28,3.16,,-0.446,0.57,90.2407,-0.12,5.760258506490601,0.0028202072533219,37.063575744628906,89.6255111694336,45.67514801025391
2010-10-29,3.15,,-0.46,0.5,90.0935,-0.12,5.760258506490601,0.0027499817107595,37.07993316650391,89.69365692138672,45.570350646972656
2010-11-01,3.13,,-0.46,0.49,90.0307,-0.19,5.39500875348351,0.0027984744606376,37.01041030883789,89.72390747070312,45.60528945922852
2010-11-02,3.08,,-0.46,0.49,89.6847,-0.19,5.39500875348351,0.0028262310818692,37.1914176940918,90.43546295166016,46.094337463378906
2010-11-03,3.16,,-0.46,0.5,89.7079,-0.19,5.39500875348351,0.0028266398000442,37.31483459472656,90.7987823486328,46.30393600463867
2010-11-04,3.24,,-0.46,0.44,88.9831,-0.19,5.39500875348351,0.002825269573329,37.80021667480469,92.54741668701172,46.87160110473633
2010-11-05,3.27,,-0.47,0.48,89.2441,-0.19,5.39500875348351,0.0028225863221215,37.75909805297852,92.89564514160156,46.87160110473633
2010-11-08,3.25,,-0.47,0.48,89.5711,-0.19,5.39500875348351,0.0028175791041681,37.64799880981445,92.72149658203124,46.93274688720703
2010-11-09,3.25,,-0.47,0.58,89.558,-0.19,5.39500875348351,0.0028653001110824,37.54105758666992,92.0553970336914,46.67946243286133
2010-11-10,3.31,,-0.47,0.56,89.9056,-0.19,5.39500875348351,0.0028346795435027,37.232521057128906,92.42632293701172,46.91527557373047
2010-11-11,3.31,,-0.47,0.56,89.9056,-0.19,5.39500875348351,0.0028636591802427,37.08444595336914,92.0781021118164,46.61834716796875
2010-11-12,3.24,,-0.474,0.71,90.1701,-0.19,5.39500875348351,0.0028478833350491,36.94869613647461,90.98805236816406,45.85853576660156
2010-11-15,3.2,,-0.474,0.87,90.4331,-0.19,5.39500875348351,0.002866851817658,36.87874984741211,90.859375,45.683876037597656
2010-11-16,3.15,,-0.474,0.87,91.1102,-0.19,5.39500875348351,0.002782634567168,36.47151947021485,89.4438247680664,44.93281173706055
2010-11-17,3.13,,-0.474,0.84,90.9282,-0.19,5.39500875348351,0.002789123094843,36.656620025634766,89.48922729492188,45.06381607055664
2010-11-18,3.12,,-0.474,0.83,90.649,-0.19,5.39500875348351,0.0028313251669319,37.12144470214844,90.806396484375,45.78868103027344
2010-11-19,3.11,,-0.477,0.77,90.6986,-0.19,5.39500875348351,0.0028346399076298,37.109130859375,91.05618286132812,45.82360458374024
2010-11-22,3.14,,-0.477,0.7,90.7023,-0.19,5.39500875348351,0.0027616558673389,36.84997177124024,90.98048400878906,46.2078857421875
2010-11-23,3.13,,-0.477,0.69,91.4318,-0.19,5.39500875348351,0.0026867513431611,36.343994140625,89.66337585449219,45.47427368164063
2010-11-24,3.1,,-0.477,0.8,91.2179,-0.19,5.39500875348351,0.0027354505145442,36.56201934814453,90.98805236816406,46.39127731323242
2010-11-25,3.1,,-0.477,0.8,91.2179,-0.19,5.39500875348351,0.0027354505145442,36.56201934814453,90.98805236816406,46.39127731323242
2010-11-26,3.07,,-0.479,0.75,91.8152,-0.19,5.39500875348351,0.0027534315445025,36.43035888671875,89.92831420898438,46.08561325073242
2010-11-29,3.04,,-0.479,0.73,92.1997,-0.19,5.39500875348351,0.0027510980212321,36.525001525878906,90.20083618164062,46.050662994384766
2010-11-30,3.03,,-0.479,0.74,92.1494,-0.19,5.39500875348351,0.0027602887756127,36.607269287109375,89.69365692138672,45.49174118041992
2010-12-01,3.01,,-0.479,0.83,91.6799,0.09,5.996200467756596,0.0028443739351954,36.94597625732422,91.60122680664062,46.452415466308594
2010-12-02,2.99,,-0.479,0.84,91.2651,0.09,5.996200467756596,0.0028642419863828,36.96672058105469,92.77448272705078,46.92400741577149
2010-12-03,3.02,,-0.485,0.86,90.8788,0.09,5.996200467756596,0.0028426069561402,37.028839111328125,93.0243148803711,47.04627227783203
2010-12-06,3.02,,-0.485,0.79,91.0167,0.09,5.996200467756596,0.0028290822078579,37.008113861083984,92.92591857910156,47.02880096435547
2010-12-07,2.99,,-0.485,0.92,90.9732,0.09,5.996200467756596,0.0028715472616352,37.19859313964844,92.97889709472656,47.05499267578125
2010-12-08,2.9,,-0.485,1.07,91.3376,0.09,5.996200467756596,0.0029616636997105,37.07851791381836,93.3195343017578,47.22967147827149
2010-12-09,2.86,,-0.485,1.09,91.3923,0.09,5.996200467756596,0.0029319015336436,36.99983215332031,93.68289184570312,47.27333831787109
2010-12-10,2.79,,-0.497,1.16,91.2831,0.09,5.996200467756596,0.0029653975830951,37.01639938354492,94.22789764404295,47.58775329589844
2010-12-13,2.8,,-0.497,1.11,90.8837,0.09,5.996200467756596,0.0030054390160834,36.830074310302734,94.28845977783205,47.42179489135742
2010-12-14,2.75,,-0.497,1.27,90.764,0.09,5.996200467756596,0.0029933741892599,37.01226425170898,94.37171173095705,47.50914001464844
2010-12-15,2.74,,-0.497,1.22,91.094,0.09,5.996200467756596,0.0029783472606998,36.86731719970703,93.94025421142578,47.29953002929688
2010-12-16,2.77,,-0.497,1.15,91.3773,0.09,5.996200467756596,0.0029994890438021,37.00396347045898,94.48529815673828,47.66633224487305
2010-12-17,2.73,,-0.512,1.05,91.5555,0.09,5.996200467756596,0.0030124763901613,37.05780029296875,94.58648681640624,47.70833206176758
2010-12-20,2.75,,-0.512,1.07,91.6398,0.09,5.996200467756596,0.0030317574965312,37.12404251098633,94.8147964477539,47.74334335327149
2010-12-21,2.72,,-0.512,1.06,91.519,0.09,5.996200467756596,0.0030762860778812,37.20275115966797,95.41590881347656,48.03211975097656
2010-12-22,2.73,,-0.512,1.03,91.429,0.09,5.996200467756596,0.0030783097080312,37.3062858581543,95.71270751953124,48.02336502075195
2010-12-23,2.7,,-0.512,1.08,91.3013,0.09,5.996200467756596,0.0030811593152474,37.34353256225586,95.57572174072266,47.900856018066406
2010-12-24,2.7,,-0.532,1.08,91.3013,0.09,5.996200467756596,0.0030811593152474,37.34353256225586,95.57572174072266,47.900856018066406
2010-12-27,2.7,,-0.532,1.06,91.1963,0.09,5.996200467756596,0.0030924479310389,37.37253189086914,95.61376190185548,47.92710494995117
2010-12-28,2.68,,-0.532,1.17,90.9848,0.09,5.996200467756596,0.0030771420666065,37.396270751953125,95.75074768066406,47.83959579467773
2010-12-29,2.7,,-0.532,1.06,90.7669,0.09,5.996200467756596,0.00304932424436,37.52131271362305,95.81920623779295,47.944602966308594
2010-12-30,2.69,,-0.532,1.08,90.5146,0.09,5.996200467756596,0.003099388321316,37.5629768371582,95.6670379638672,47.83084487915039
2010-12-31,2.68,,-0.553,1.0,90.5146,0.09,5.996200467756596,0.0031239884113086,37.62965774536133,95.6898422241211,47.65583038330078
2011-01-03,2.68,,-0.553,1.05,89.9524,0.02,4.632504538708293,0.0031291297732037,37.65883255004883,96.6791000366211,48.39962768554688
2011-01-04,2.71,,-0.553,1.01,90.3277,0.02,4.632504538708293,0.0031653972566235,37.829708099365234,96.62584686279295,48.3646354675293
2011-01-05,2.67,,-0.553,1.08,90.5715,0.02,4.632504538708293,0.0032048202612672,37.92558288574219,97.1280746459961,48.7759017944336
2011-01-06,2.67,,-0.553,1.03,90.9125,0.02,4.632504538708293,0.0031507948244556,37.971412658691406,96.93781280517578,48.93341827392578
2011-01-07,2.73,,-0.575,0.98,91.0001,0.02,4.632504538708293,0.0031220314491391,37.82555389404297,96.74758911132812,48.8896713256836
2011-01-10,2.75,,-0.575,0.96,91.03,0.02,4.632504538708293,0.003097110041121,37.79635238647461,96.62584686279295,49.07343292236328
2011-01-11,2.68,,-0.575,0.97,90.8431,0.02,4.632504538708293,0.0031351157695571,37.94223785400391,96.96826934814452,49.143436431884766
2011-01-12,2.68,,-0.575,0.98,90.4111,0.02,4.632504538708293,0.0031767338569119,38.02140426635742,97.84336853027344,49.49346160888672
2011-01-13,2.71,,-0.575,0.97,89.9019,0.02,4.632504538708293,0.0031487490274158,38.013065338134766,97.6835479736328,49.51095962524414
2011-01-14,2.74,,-0.595,1.0,90.0461,0.02,4.632504538708293,0.0032369156138506,38.07559585571289,98.39124298095705,49.87850189208984
2011-01-17,2.74,,-0.595,1.0,90.0461,0.02,4.632504538708293,0.0032369156138506,38.07559585571289,98.39124298095705,49.87850189208984
2011-01-18,2.72,,-0.595,0.99,89.821,0.02,4.632504538708293,0.0032296615930439,38.07144927978516,98.5586395263672,50.01850128173828
2011-01-19,2.7,,-0.595,0.99,89.6948,0.02,4.632504538708293,0.0031820174345981,37.95472717285156,97.59224700927734,49.44971084594727
2011-01-20,2.7,,-0.595,1.22,90.1316,0.02,4.632504538708293,0.0031656144146046,37.87971878051758,97.46287536621094,49.09968185424805
2011-01-21,2.68,,-0.612,1.2,89.7204,0.02,4.632504538708293,0.0032065624091982,38.03392028808594,97.6835479736328,48.723411560058594
2011-01-24,2.67,,-0.612,1.18,89.5375,0.02,4.632504538708293,0.0032290812982152,38.088111877441406,98.23904418945312,49.39719009399414
2011-01-25,2.66,,-0.612,1.11,89.7279,0.02,4.632504538708293,0.0031667039766168,38.14645004272461,98.29231262207033,49.46720886230469
2011-01-26,2.68,,-0.612,1.16,89.5091,0.02,4.632504538708293,0.00319617400917,38.22564697265625,98.6728057861328,49.7297248840332
2011-01-27,2.67,,-0.612,1.16,89.5728,0.02,4.632504538708293,0.0032850423020521,38.2756462097168,98.91631317138672,50.03600311279297
2011-01-28,2.7,,-0.624,1.09,89.8189,0.02,4.632504538708293,0.0032561349535974,38.04644393920898,97.18894958496094,48.76716613769531
2011-01-31,2.68,,-0.624,1.08,89.694,0.02,4.632504538708293,0.0033370820592889,38.25066757202149,97.9194564819336,49.0034294128418
2011-02-01,2.66,,-0.624,1.11,89.1436,-0.38,3.827364378514675,0.0033890713978755,38.32572937011719,99.4870147705078,49.9222412109375
2011-02-02,2.64,,-0.624,1.16,89.0737,-0.38,3.827364378514675,0.0034051820652582,38.36767578125,99.29679870605467,49.84348678588867
2011-02-03,2.61,,-0.624,1.23,89.2522,-0.38,3.827364378514675,0.0033535455769169,38.36767578125,99.51746368408205,49.93101501464844
2011-02-04,2.57,,-0.628,1.3,89.391,-0.38,3.827364378514675,0.0033901950112328,38.53546142578125,99.7990493774414,50.21101379394531
2011-02-07,2.53,,-0.628,1.32,89.3556,-0.38,3.827364378514675,0.0033893590065219,38.60676193237305,100.42296600341795,50.44729232788086
2011-02-08,2.5,,-0.628,1.39,89.1241,-0.38,3.827364378514675,0.0033504472333758,38.6486930847168,100.87956237792967,50.7797966003418
2011-02-09,2.53,,-0.628,1.34,89.4166,-0.38,3.827364378514675,0.0033114739280879,38.43062210083008,100.65130615234376,50.69229888916016
2011-02-10,2.55,,-0.628,1.39,89.6266,-0.38,3.827364378514675,0.0033313753564566,38.4725227355957,100.68933868408205,50.77104187011719
2011-02-11,2.56,,-0.626,1.36,89.8784,-0.38,3.827364378514675,0.0033318626781269,38.56901931762695,101.2904815673828,51.13856887817383
2011-02-14,2.53,,-0.626,1.34,89.8543,-0.38,3.827364378514675,0.0033878061173007,38.598388671875,101.53395080566406,51.26108551025391
2011-02-15,2.53,,-0.626,1.33,89.8871,-0.38,3.827364378514675,0.0032989952993686,38.52286529541016,101.2144012451172,51.19107818603516
2011-02-16,2.53,,-0.626,1.37,89.7059,-0.38,3.827364378514675,0.0032487089828595,38.53546142578125,101.85359954833984,51.52361679077149
2011-02-17,2.56,,-0.626,1.31,89.4102,-0.38,3.827364378514675,0.0032353579671047,38.623565673828125,102.15797424316406,51.50609970092773
2011-02-18,2.58,,-0.616,1.25,89.1974,-0.38,3.827364378514675,0.0032261201893813,38.740997314453125,102.37101745605467,51.3923454284668
2011-02-21,2.58,,-0.616,1.25,89.1974,-0.38,3.827364378514675,0.0032261201893813,38.740997314453125,102.37101745605467,51.3923454284668
2011-02-22,2.62,,-0.616,1.12,89.4617,-0.38,3.827364378514675,0.0031028204158304,38.42222213745117,100.31645965576172,49.90473556518555
2011-02-23,2.6,,-0.616,1.1,89.4186,-0.38,3.827364378514675,0.0030235601329067,38.45996475219727,99.70004272460938,49.49346160888672
2011-02-24,2.59,,-0.616,1.05,89.2346,-0.38,3.827364378514675,0.0030569489081465,38.48931503295898,99.63160705566406,49.755985260009766
2011-02-25,2.6,,-0.601,1.02,89.1664,-0.38,3.827364378514675,0.0031490026436148,38.60676193237305,100.69693756103516,50.44729232788086
2011-02-28,2.57,,-0.601,1.03,88.9391,-0.38,3.827364378514675,0.0031774639955171,38.79970550537109,101.3209228515625,50.552284240722656
2011-03-01,2.59,,-0.601,1.0,88.831,0.41,4.193025357503588,0.0031386734651238,38.74020004272461,99.63160705566406,49.73847579956055
2011-03-02,2.6,,-0.601,1.01,88.7317,0.41,4.193025357503588,0.0031171723986078,38.77397918701172,99.84465026855467,50.001007080078125
2011-03-03,2.55,,-0.601,1.09,88.637,0.41,4.193025357503588,0.0031603106671133,38.91324234008789,101.56439208984376,50.98981857299805
2011-03-04,2.6,,-0.587,1.0,88.4898,0.41,4.193025357503588,0.0031312143081932,38.83305358886719,100.80348205566406,50.7273063659668
2011-03-07,2.59,,-0.587,1.0,88.5207,0.41,4.193025357503588,0.0030074613176231,38.84149932861328,100.0120849609375,50.04474258422852
2011-03-08,2.59,,-0.587,1.01,88.6454,0.41,4.193025357503588,0.0030310461386677,38.807735443115234,100.88716888427734,50.246002197265625
2011-03-09,2.61,,-0.587,0.98,88.5328,0.41,4.193025357503588,0.0029381515010556,38.69799041748047,100.74261474609376,49.90473556518555
2011-03-10,2.66,,-0.587,0.91,88.8698,0.41,4.193025357503588,0.0029631074650337,38.49538040161133,98.87825775146484,49.12593078613281
2011-03-11,2.63,,-0.576,0.96,88.691,0.41,4.193025357503588,0.0029511081052841,38.486961364746094,99.56315612792967,49.43220138549805
2011-03-14,2.65,,-0.576,0.93,88.5191,0.41,4.193025357503588,0.0029295943651259,38.33075714111328,98.96197509765624,49.2572021484375
2011-03-15,2.68,,-0.576,0.93,88.7845,0.41,4.193025357503588,0.002962085359986,38.13237380981445,97.82814025878906,48.5571517944336
2011-03-16,2.71,,-0.576,0.85,88.9785,0.41,4.193025357503588,0.0029992835227944,37.8959846496582,96.01709747314452,47.384578704833984
2011-03-17,2.72,,-0.576,0.82,88.6549,0.41,4.193025357503588,0.0030883190638659,38.30542755126953,97.2878875732422,47.82209777832031
2011-03-18,2.69,,-0.57,0.85,88.5221,0.41,4.193025357503588,0.0030577725289297,38.486961364746094,97.64176177978516,47.71431350708008
2011-03-21,2.64,,-0.57,0.9,88.2032,0.41,4.193025357503588,0.0029978263687333,38.72331237792969,99.15496826171876,48.63442993164063
2011-03-22,2.64,,-0.57,0.95,88.0665,0.41,4.193025357503588,0.0030147111562004,38.744422912597656,98.8110122680664,48.54679489135742
2011-03-23,2.63,,-0.57,0.98,88.3328,0.41,4.193025357503588,0.0030728839777263,38.69799041748047,99.09381866455078,48.81845474243164
2011-03-24,2.59,,-0.57,0.95,88.0592,0.41,4.193025357503588,0.0030763868721202,38.73173141479492,100.04148864746094,49.68598556518555
2011-03-25,2.58,,-0.575,1.02,88.1716,0.41,4.193025357503588,0.0030912981347876,38.744422912597656,100.3471908569336,49.80866241455078
2011-03-28,2.56,,-0.575,1.01,88.3058,0.41,4.193025357503588,0.0030571205301142,38.757080078125,100.1026382446289,49.53700637817383
2011-03-29,2.59,,-0.575,1.03,88.3991,0.41,4.193025357503588,0.0030632062820391,38.77819442749024,100.7751693725586,50.01896667480469
2011-03-30,2.59,,-0.575,1.0,88.2298,0.41,4.193025357503588,0.0029962070850591,38.8372917175293,101.47064971923828,50.25558471679688
2011-03-31,2.58,,-0.575,0.99,88.0299,0.41,4.193025357503588,0.0029883939938675,38.81618881225586,101.33309936523438,50.325679779052734
2011-04-01,2.58,,-0.585,0.94,87.7993,-0.48,3.505332834432129,0.0029770325624124,38.76946258544922,101.76105499267578,50.35196685791016
2011-04-04,2.58,,-0.585,0.91,87.8406,-0.48,3.505332834432129,0.0029650189638563,39.00733184814453,101.8451156616211,50.18546676635742
2011-04-05,2.55,,-0.585,0.94,87.7483,-0.48,3.505332834432129,0.0029329106996794,38.96482849121094,101.82986450195312,50.05402374267578
2011-04-06,2.55,,-0.585,0.99,87.4913,-0.48,3.505332834432129,0.0029934144641685,39.04977035522461,102.15084075927734,50.17670440673828
2011-04-07,2.57,,-0.585,0.99,87.532,-0.48,3.505332834432129,0.0030229687486399,39.08799743652344,101.89102935791016,50.14166259765625
2011-04-08,2.56,,-0.599,0.95,87.1493,-0.48,3.505332834432129,0.0030507668054007,39.08799743652344,101.53947448730467,49.9050407409668
2011-04-11,2.55,,-0.599,0.96,87.094,-0.48,3.505332834432129,0.0030349596019562,39.04977035522461,101.23373413085938,49.73855209350586
2011-04-12,2.58,,-0.599,0.9,87.2943,-0.48,3.505332834432129,0.0030129396267206,38.9266242980957,100.47713470458984,49.39680099487305
2011-04-13,2.58,,-0.599,0.88,87.2093,-0.48,3.505332834432129,0.002947625101512,39.11348724365234,100.46946716308594,49.81742477416992
2011-04-14,2.55,,-0.599,0.89,87.0802,-0.48,3.505332834432129,0.0029078617582488,38.95633316040039,100.54589080810548,49.72978591918945
2011-04-15,2.56,,-0.612,0.82,87.005,-0.48,3.505332834432129,0.0028633943598923,39.00733184814453,100.91273498535156,49.64216232299805
2011-04-18,2.58,,-0.612,0.8,87.5081,-0.48,3.505332834432129,0.0028104266099816,38.87138366699219,99.78163146972656,49.29164505004883
2011-04-19,2.56,,-0.612,0.76,87.0791,-0.48,3.505332834432129,0.0028270323885129,39.00733184814453,100.35482025146484,49.59833908081055
2011-04-20,2.55,,-0.612,0.82,86.5642,-0.48,3.505332834432129,0.0028942802019117,39.15595626831055,101.72286987304688,50.72000503540039
2011-04-21,2.57,,-0.612,0.83,86.2256,-0.48,3.505332834432129,0.0029257583198164,39.249393463134766,102.2425537109375,51.12310028076172
2011-04-22,2.57,,-0.622,0.83,86.3742,-0.48,3.505332834432129,0.0029257583198164,39.249393463134766,102.2425537109375,51.12310028076172
2011-04-25,2.58,,-0.622,0.79,86.4026,-0.48,3.505332834432129,0.0028509877952139,39.20693588256836,102.13555908203124,51.25454330444336
2011-04-26,2.57,,-0.622,0.76,86.2576,-0.48,3.505332834432129,0.0028732535209325,39.296146392822266,103.01448059082033,51.54372024536133
2011-04-27,2.57,,-0.622,0.81,86.2519,-0.48,3.505332834432129,0.0027879607209762,39.32160568237305,103.68701171875,51.89425659179688
2011-04-28,2.59,,-0.622,0.78,85.8419,-0.48,3.505332834432129,0.0027730596747816,39.34284591674805,104.02326202392578,51.81538772583008
2011-04-29,2.58,,-0.626,0.75,85.5999,-0.48,3.505332834432129,0.0026770566606889,39.43629837036133,104.26785278320312,51.77154541015625
2011-05-02,2.57,,-0.626,0.75,85.5199,-0.34,2.248891889831528,0.0026867733132582,39.41619491577149,104.10731506347656,51.67515563964844
2011-05-03,2.57,,-0.626,0.73,85.6352,-0.34,2.248891889831528,0.0027530678776259,39.42473983764648,103.7328643798828,51.429805755615234
2011-05-04,2.56,,-0.626,0.7,85.8917,-0.34,2.248891889831528,0.0027199815310134,39.41191482543945,103.04505157470705,51.35093307495117
2011-05-05,2.59,,-0.626,0.7,86.508,-0.34,2.248891889831528,0.0026912688443311,39.2495346069336,102.11263275146484,51.07052612304688
2011-05-06,2.6,,-0.624,0.71,86.4575,-0.34,2.248891889831528,0.0026579266045263,39.45039367675781,102.56353759765624,51.237037658691406
2011-05-09,2.64,,-0.624,0.69,86.8346,-0.34,2.248891889831528,0.0026641826614389,39.50167083740234,102.9609603881836,51.429805755615234
2011-05-10,2.61,,-0.624,0.74,86.6518,-0.34,2.248891889831528,0.0026569300227455,39.58714294433594,103.8398666381836,51.867950439453125
2011-05-11,2.61,,-0.624,0.76,86.7195,-0.34,2.248891889831528,0.0025994270960439,39.52731704711914,102.74698638916016,51.49113845825195
2011-05-12,2.64,,-0.624,0.79,87.0767,-0.34,2.248891889831528,0.0026287668034556,39.56576919555664,103.23611450195312,51.79785537719727
2011-05-13,2.64,,-0.615,0.79,87.4176,-0.34,2.248891889831528,0.0026617114233623,39.40338897705078,102.44124603271484,51.18445587158203
2011-05-16,2.6,,-0.615,0.81,87.3311,-0.34,2.248891889831528,0.0026724369127813,39.48029327392578,101.7916030883789,50.29936981201172
2011-05-17,2.59,,-0.615,0.82,87.6307,-0.34,2.248891889831528,0.0026969859476745,39.54867935180664,101.77635955810548,50.43959045410156
2011-05-18,2.59,,-0.615,0.82,87.295,-0.34,2.248891889831528,0.002741040549753,39.59571075439453,102.6858367919922,50.8602180480957
2011-05-19,2.61,,-0.615,0.91,87.2638,-0.34,2.248891889831528,0.0027121029779938,39.578590393066406,102.93038940429688,51.00918960571289
2011-05-20,2.63,,-0.604,0.85,87.3044,-0.34,2.248891889831528,0.0027299839771595,39.54867935180664,102.11263275146484,50.62360382080078
2011-05-23,2.62,,-0.604,0.84,87.8941,-0.34,2.248891889831528,0.0026331418735335,39.36062240600586,100.92801666259766,49.87876510620117
2011-05-24,2.62,,-0.604,0.79,87.662,-0.34,2.248891889831528,0.0026342567869557,39.296504974365234,100.84391784667967,49.57207489013672
2011-05-25,2.64,,-0.604,0.8,87.6136,-0.34,2.248891889831528,0.0026870170982,39.296504974365234,101.18023681640624,49.76485824584961
2011-05-26,2.64,,-0.604,0.76,87.5588,-0.34,2.248891889831528,0.0026970053470089,39.26234436035156,101.6464385986328,50.071563720703125
2011-05-27,2.65,,-0.591,0.79,86.9525,-0.34,2.248891889831528,0.0027204972792814,39.38201522827149,102.03624725341795,50.325679779052734
2011-05-30,2.65,,-0.591,0.79,86.9525,-0.34,2.248891889831528,0.0027204972792814,39.38201522827149,102.03624725341795,50.325679779052734
2011-05-31,2.65,,-0.591,0.8,86.656,-0.34,2.248891889831528,0.0027172992998859,39.48884201049805,103.0984878540039,51.14063262939453
2011-06-01,2.68,,-0.591,0.74,86.5964,0.01,2.3688810428642126,0.0026601401057359,39.25921630859375,100.7828140258789,50.027740478515625
2011-06-02,2.7,,-0.591,0.78,86.8435,0.01,2.3688810428642126,0.0026635118315176,39.23343276977539,100.67581939697266,50.13288879394531
2011-06-03,2.73,,-0.578,0.75,86.4234,0.01,2.3688810428642126,0.0026788611566742,39.07862091064453,99.67464447021484,49.379276275634766
2011-06-06,2.75,,-0.578,0.76,86.4669,0.01,2.3688810428642126,0.0026750727991744,38.9840202331543,98.62000274658205,48.976173400878906
2011-06-07,2.75,,-0.578,0.76,86.3627,0.01,2.3688810428642126,0.0026854789396881,38.95393753051758,98.558837890625,48.888553619384766
2011-06-08,2.73,,-0.578,0.76,86.5714,0.01,2.3688810428642126,0.0026688772409021,38.76900100708008,98.14611053466795,48.53803634643555
2011-06-09,2.73,,-0.578,0.8,86.5913,0.01,2.3688810428642126,0.0026609817484852,38.79483413696289,98.89509582519533,48.62565994262695
2011-06-10,2.71,,-0.566,0.79,87.042,0.01,2.3688810428642126,0.002650791646273,38.54111862182617,97.5194320678711,47.88079833984375
2011-06-13,2.72,,-0.566,0.8,87.0579,0.01,2.3688810428642126,0.0026603959967987,38.39489364624024,97.59584045410156,47.88079833984375
2011-06-14,2.71,,-0.566,0.83,86.6771,0.01,2.3688810428642126,0.0027260793229696,38.63572692871094,98.83396911621094,48.49421310424805
2011-06-15,2.74,,-0.566,0.74,87.3342,0.01,2.3688810428642126,0.0027015600951854,38.47233581542969,97.07613372802734,47.57411193847656
2011-06-16,2.75,,-0.566,0.73,87.6917,0.01,2.3688810428642126,0.0026924080931624,37.78860092163086,97.29015350341795,47.39008712768555
2011-06-17,2.79,,-0.558,0.75,87.2179,0.01,2.3688810428642126,0.0026667101450261,38.20572662353516,97.58047485351562,47.24163818359375
2011-06-20,2.76,,-0.558,0.79,87.1908,0.01,2.3688810428642126,0.0026435289064321,38.47233581542969,98.07969665527344,47.48756408691406
2011-06-21,2.75,,-0.558,0.78,86.857,0.01,2.3688810428642126,0.002645213421998,38.73032379150391,99.4238052368164,48.50635528564453
2011-06-22,2.74,,-0.558,0.82,86.8067,0.01,2.3688810428642126,0.0026337820131924,38.45082473754883,98.82470703125,48.15504455566406
2011-06-23,2.76,,-0.558,0.71,87.455,0.01,2.3688810428642126,0.0026583777082268,38.657222747802734,98.5405502319336,48.60295867919922
2011-06-24,2.83,,-0.551,0.64,87.5014,0.01,2.3688810428642126,0.0027314227090522,38.47233581542969,97.39614868164062,47.75983047485352
2011-06-27,2.87,,-0.551,0.67,87.5225,0.01,2.3688810428642126,0.0027082218205865,38.463748931884766,98.2640380859375,48.5239143371582
2011-06-28,2.81,,-0.551,0.73,87.2178,0.01,2.3688810428642126,0.0027285458030667,38.61852645874024,99.54671478271484,49.24407577514648
2011-06-29,2.75,,-0.551,0.74,86.8014,0.01,2.3688810428642126,0.0027879328219771,39.00121307373047,100.3992156982422,49.44610595703125
2011-06-30,2.72,,-0.551,0.75,86.4786,0.01,2.3688810428642126,0.0028436395507677,39.263519287109375,101.35926055908205,50.10478210449219
2011-07-01,2.69,,-0.543,0.77,86.3613,0.17,2.484132372991299,0.0028955000172115,39.47212219238281,102.85697174072266,50.86009216308594
2011-07-04,2.69,,-0.543,0.77,86.3613,0.17,2.484132372991299,0.0028955000172115,39.47212219238281,102.85697174072266,50.86009216308594
2011-07-05,2.74,,-0.543,0.77,86.4253,0.17,2.484132372991299,0.0028691397771423,39.5240592956543,102.7724838256836,51.114784240722656
2011-07-06,2.73,,-0.543,0.74,86.6825,0.17,2.484132372991299,0.0028301825584858,39.54135513305664,102.89542388916016,51.28165435791016
2011-07-07,2.69,,-0.543,0.75,86.4825,0.17,2.484132372991299,0.0028963536149789,39.69717025756836,103.96296691894533,51.98427200317383
2011-07-08,2.73,,-0.531,0.69,86.615,0.17,2.484132372991299,0.0028565405476689,39.58896255493164,103.22562408447266,51.843746185302734
2011-07-11,2.76,,-0.531,0.63,87.1013,0.17,2.484132372991299,0.0028141140666366,39.1994743347168,101.35926055908205,50.90400695800781
2011-07-12,2.77,,-0.531,0.6,87.1701,0.17,2.484132372991299,0.0028052370182574,39.09128189086914,100.9214859008789,50.51757049560547
2011-07-13,2.76,,-0.531,0.59,86.5697,0.17,2.484132372991299,0.0027722053457665,39.39422607421875,101.25940704345705,50.728363037109375
2011-07-14,2.76,,-0.531,0.68,86.5234,0.17,2.484132372991299,0.0027514161217355,39.3725700378418,100.5605010986328,50.139923095703125
2011-07-15,2.8,,-0.509,0.61,86.5169,0.17,2.484132372991299,0.0027707888253339,39.359596252441406,101.14422607421876,50.80739974975586
2011-07-18,2.84,,-0.509,0.58,86.9549,0.17,2.484132372991299,0.0027438986177123,39.290340423583984,100.31475830078124,50.53512191772461
2011-07-19,2.78,,-0.509,0.54,86.4386,0.17,2.484132372991299,0.0027862450468269,39.46780776977539,101.9429702758789,51.68564987182617
2011-07-20,2.8,,-0.509,0.62,86.2794,0.17,2.484132372991299,0.0027735331063458,39.502418518066406,101.8815460205078,51.46609115600586
2011-07-21,2.77,,-0.509,0.68,85.8378,0.17,2.484132372991299,0.0027586966993436,39.69282531738281,103.29479217529295,51.80862045288086
2011-07-22,2.75,,-0.476,0.61,85.8623,0.17,2.484132372991299,0.0027505775765464,39.744747161865234,103.36389923095705,52.3443489074707
2011-07-25,2.77,,-0.476,0.58,85.8006,0.17,2.484132372991299,0.0027304591966917,39.53271484375,102.78785705566406,52.23897171020508
2011-07-26,2.76,,-0.476,0.57,85.4692,0.17,2.484132372991299,0.0027675368332788,39.61495590209961,102.40382385253906,52.37071990966797
2011-07-27,2.73,,-0.476,0.56,85.7126,0.17,2.484132372991299,0.0027495354690787,39.303348541259766,100.30706024169922,51.01818084716797
2011-07-28,2.73,,-0.476,0.52,85.8245,0.17,2.484132372991299,0.0027671376489722,39.36392974853516,100.01519775390624,51.10601043701172
2011-07-29,2.77,,-0.428,0.38,85.7282,0.17,2.484132372991299,0.002747650827826,39.40290451049805,99.3316421508789,50.93914031982422
2011-08-01,2.77,,-0.428,0.33,86.0391,0.01,2.7992943499441703,0.0027201975327056,39.49039077758789,98.9092025756836,50.70199966430664
2011-08-02,2.74,,-0.428,0.29,86.0533,0.01,2.7992943499441703,0.0026731225249424,39.002742767333984,96.38233947753906,49.41975021362305
2011-08-03,2.72,,-0.428,0.36,86.0706,0.01,2.7992943499441703,0.0025970903620631,38.98098373413086,96.9045867919922,49.89402389526367
2011-08-04,2.77,,-0.428,0.24,86.9299,0.01,2.7992943499441703,0.0025546432021088,37.85765838623047,92.36542510986328,47.57540130615234
2011-08-05,2.77,,-0.367,0.32,87.1084,0.01,2.7992943499441703,0.0024945413599423,37.81846618652344,92.22716522216795,47.276798248291016
2011-08-08,2.88,,-0.367,0.2,87.1873,0.01,2.7992943499441703,0.0023140568903739,36.2075080871582,86.22106170654297,44.43122482299805
2011-08-09,3.01,,-0.367,0.0,87.3919,0.01,2.7992943499441703,0.0022798850618559,37.31343078613281,90.23029327392578,46.57419204711914
2011-08-10,3.03,,-0.367,-0.13,87.3792,0.01,2.7992943499441703,0.0021812720191524,36.68208312988281,86.24409484863281,44.668365478515625
2011-08-11,3.15,,-0.367,0.06,87.3215,0.01,2.7992943499441703,0.002289855787084,37.34822463989258,90.11505126953124,46.63565826416016
2011-08-12,3.14,,-0.299,-0.02,87.177,0.01,2.7992943499441703,0.0023040455920038,37.17407989501953,90.72180938720705,47.04843521118164
2011-08-15,3.15,,-0.299,0.06,86.7515,0.01,2.7992943499441703,0.0022964966463519,37.77928924560547,92.64192962646484,47.74226379394531
2011-08-16,3.12,,-0.299,0.05,86.7115,0.01,2.7992943499441703,0.0022407988685656,37.53982162475586,91.8508529663086,47.33826446533203
2011-08-17,3.11,,-0.299,0.01,86.5518,0.01,2.7992943499441703,0.0022493300107642,37.953426361083984,91.91228485107422,47.05722427368164
2011-08-18,3.12,,-0.299,0.09,87.1271,0.01,2.7992943499441703,0.0021796139959292,37.491920471191406,87.94914245605469,44.74739074707031
2011-08-19,3.12,,-0.239,0.02,86.8286,0.01,2.7992943499441703,0.0021539834624406,37.16537857055664,86.51289367675781,43.93939971923828
2011-08-22,3.13,,-0.239,0.03,87.0753,0.01,2.7992943499441703,0.0020945624990305,37.208927154541016,86.5820083618164,44.09748840332031
2011-08-23,3.19,,-0.239,0.13,86.9001,0.01,2.7992943499441703,0.0021495451847605,37.487579345703125,89.4314956665039,45.91547775268555
2011-08-24,3.21,,-0.239,0.25,87.1316,0.01,2.7992943499441703,0.0022786614415657,37.31775665283203,90.69109344482422,46.27555465698242
2011-08-25,3.25,,-0.239,0.13,87.2306,0.01,2.7992943499441703,0.0023178769650004,37.01734924316406,89.30859375,45.5202751159668
2011-08-26,3.25,,-0.184,0.15,87.0751,0.01,2.7992943499441703,0.0022847110154901,37.39175415039063,90.60661315917967,46.66200256347656
2011-08-29,3.25,,-0.184,0.22,86.8433,0.01,2.7992943499441703,0.002286401347152,37.77056121826172,93.2103042602539,47.96183013916016
2011-08-30,3.22,,-0.184,0.14,87.001,0.01,2.7992943499441703,0.0022570757404977,37.84024429321289,93.4560775756836,48.27801513671875
2011-08-31,3.25,,-0.184,0.18,86.7739,0.01,2.7992943499441703,0.0022898549618928,38.32787322998047,93.8708038330078,48.357059478759766
2011-09-01,3.23,,-0.184,0.07,86.8512,-0.27,2.412383799676609,0.0022686198925005,38.302921295166016,92.88768768310548,47.91792297363281
2011-09-02,3.18,,-0.143,0.0,87.1797,-0.27,2.412383799676609,0.002191919720949,38.12324905395508,90.51444244384766,46.79375076293945
2011-09-05,3.18,,-0.143,0.0,87.1797,-0.27,2.412383799676609,0.002191919720949,38.12324905395508,90.51444244384766,46.79375076293945
2011-09-06,3.21,,-0.143,0.05,88.1645,-0.27,2.412383799676609,0.0021602760488636,37.6718864440918,89.85391235351562,46.802513122558594
2011-09-07,3.25,,-0.143,0.09,87.9699,-0.27,2.412383799676609,0.0022684930460056,37.8559455871582,92.38849639892578,47.98819351196289
2011-09-08,3.26,,-0.143,0.0,88.1162,-0.27,2.412383799676609,0.0022260567990806,37.9742431640625,91.42841339111328,47.76861572265625
2011-09-09,3.28,,-0.113,-0.03,88.9514,-0.27,2.412383799676609,0.0021479745205103,37.6324577331543,89.03211212158203,46.70591354370117
2011-09-12,3.29,,-0.113,0.0,89.2192,-0.27,2.412383799676609,0.0021827172540776,37.30820846557617,89.60813903808594,47.30312347412109
2011-09-13,3.32,,-0.113,0.07,89.2653,-0.27,2.412383799676609,0.0021655353535725,37.59303665161133,90.42993927001952,47.93547821044922
2011-09-14,3.3,,-0.113,0.12,89.419,-0.27,2.412383799676609,0.0021305182289351,37.84280014038086,91.68189239501952,48.62053680419922
2011-09-15,3.31,,-0.113,0.13,89.0647,-0.27,2.412383799676609,0.0022181613344069,38.096946716308594,93.26405334472656,49.34068298339844
2011-09-16,3.31,,-0.097,0.13,89.1108,-0.27,2.412383799676609,0.0021632360957493,38.07505416870117,93.81602478027344,49.79296112060547
2011-09-19,3.31,,-0.097,0.09,89.9336,-0.27,2.412383799676609,0.002123114196573,38.01806640625,92.88187408447266,49.81056594848633
2011-09-20,3.35,,-0.097,0.04,89.8777,-0.27,2.412383799676609,0.0020571792837889,38.07944869995117,92.77384185791016,49.590599060058594
2011-09-21,3.26,,-0.097,0.02,90.3453,-0.27,2.412383799676609,0.0020789254969488,37.75078201293945,90.0408706665039,48.72829055786133
2011-09-22,3.32,,-0.097,0.01,92.075,-0.27,2.412383799676609,0.0020012074980157,37.23807907104492,87.13031005859375,47.14450073242188
2011-09-23,3.31,,-0.09,0.1,91.6904,-0.27,2.412383799676609,0.0019981679843582,37.338844299316406,87.65531158447266,47.64603805541992
2011-09-26,3.37,,-0.09,0.12,91.7724,-0.27,2.412383799676609,0.0020565149735431,37.47908401489258,89.73977661132812,48.20036697387695
2011-09-27,3.39,,-0.09,0.12,90.8985,-0.27,2.412383799676609,0.0020777294036851,37.52290725708008,90.743408203125,48.701908111572266
2011-09-28,3.35,,-0.09,0.16,91.0227,-0.27,2.412383799676609,0.0020021035471609,37.10223007202149,88.89055633544922,47.98039245605469
2011-09-29,3.3,,-0.09,0.17,91.3033,-0.27,2.412383799676609,0.0020037140133431,37.032135009765625,89.59309387207031,47.40846252441406
2011-09-30,3.3,,-0.093,0.17,91.9998,-0.27,2.412383799676609,0.0019408787543457,36.29596710205078,87.35423278808594,46.18540573120117
2011-10-03,3.31,,-0.093,0.07,92.5128,0.16,3.4162150732061747,0.0018961353290484,35.85841751098633,84.86833190917969,44.99755096435547
2011-10-04,3.33,,-0.093,0.05,92.9508,0.16,3.4162150732061747,0.0019164551671683,35.7481575012207,86.72889709472656,45.92144775390625
2011-10-05,3.36,,-0.093,0.12,92.3008,0.16,3.4162150732061747,0.001888374074026,36.1848030090332,88.33467864990234,47.10050582885742
2011-10-06,3.34,,-0.093,0.13,91.9661,0.16,3.4162150732061747,0.001960772464523,36.74495315551758,89.93278503417969,47.89241027832031
2011-10-07,3.32,,-0.105,0.16,91.2469,0.16,3.4162150732061747,0.0019984704779353,36.77583312988281,89.33061218261719,47.57563400268555
2011-10-10,3.32,,-0.105,0.16,91.2469,0.16,3.4162150732061747,0.0020136559880914,37.56533050537109,92.31832122802734,49.22103118896485
2011-10-11,3.32,,-0.105,0.23,90.9162,0.16,3.4162150732061747,0.0019807796597881,37.1507568359375,92.41094970703124,49.55539321899414
2011-10-12,3.33,,-0.105,0.26,90.3378,0.16,3.4162150732061747,0.0020165942843026,38.01521682739258,93.22158813476562,49.80176544189453
2011-10-13,3.29,,-0.105,0.27,90.6603,0.16,3.4162150732061747,0.0019807472637321,37.856422424316406,93.03631591796876,50.259315490722656
2011-10-14,3.26,,-0.126,0.28,90.2116,0.16,3.4162150732061747,0.0020246164065474,38.12107849121094,94.6266632080078,51.191993713378906
2011-10-17,3.26,,-0.126,0.24,90.266,0.16,3.4162150732061747,0.0020134288921031,37.90053939819336,92.82015228271484,50.40008163452149
2011-10-18,3.23,,-0.126,0.22,90.5907,0.16,3.4162150732061747,0.0020315433081251,38.10344314575195,94.63439178466795,51.024810791015625
2011-10-19,3.21,,-0.126,0.23,90.3317,0.16,3.4162150732061747,0.0019769136989681,37.97993850708008,93.51496887207033,50.03932571411133
2011-10-20,3.2,,-0.126,0.22,91.1026,0.16,3.4162150732061747,0.0018949687057093,38.315162658691406,93.9241180419922,49.79296112060547
2011-10-21,3.18,,-0.144,0.23,90.279,0.16,3.4162150732061747,0.0019686870216825,38.77825164794922,95.70748901367188,50.41767883300781
2011-10-24,3.16,,-0.144,0.23,89.8558,0.16,3.4162150732061747,0.0020871934766593,39.82799530029297,96.88097381591795,51.46475601196289
2011-10-25,3.14,,-0.144,0.12,89.9525,0.16,3.4162150732061747,0.0020116497761044,39.12230682373047,94.99720764160156,50.45288848876953
2011-10-26,3.1,,-0.144,0.15,90.0836,0.16,3.4162150732061747,0.0020247286323447,39.28989410400391,95.9622802734375,50.39130401611328
2011-10-27,3.04,,-0.144,0.24,88.7882,0.16,3.4162150732061747,0.0021119825925489,39.867706298828125,99.3051300048828,51.7815055847168
2011-10-28,2.99,,-0.158,0.19,88.6382,0.16,3.4162150732061747,0.0021200320732117,39.74860000610352,99.28195190429688,51.86069488525391
2011-10-31,3.02,,-0.158,0.08,89.2053,0.16,3.4162150732061747,0.0021047442589446,39.37812423706055,96.88872528076172,50.98962020874024
2011-11-01,3.03,,-0.158,-0.04,90.7296,-0.35,3.317419578768788,0.0020447107590408,38.67531204223633,94.18663024902344,49.660980224609375
2011-11-02,3.03,,-0.158,-0.07,90.244,-0.35,3.317419578768788,0.0020700527179393,39.043575286865234,95.72293853759766,50.08332443237305
2011-11-03,3.04,,-0.158,0.0,90.2961,-0.35,3.317419578768788,0.0020317992141455,39.42958831787109,97.46770477294922,51.1215934753418
2011-11-04,3.06,,-0.161,-0.06,90.3154,-0.35,3.317419578768788,0.0020298523697638,39.38962936401367,96.87327575683594,50.85762786865234
2011-11-07,3.02,,-0.161,-0.1,90.3832,-0.35,3.317419578768788,0.0019734122191881,39.25654602050781,97.47543334960938,51.218379974365234
2011-11-08,3.05,,-0.161,-0.03,90.172,-0.35,3.317419578768788,0.0019639679809282,39.34527969360352,98.72608184814452,51.80792617797852
2011-11-09,3.08,,-0.161,-0.04,90.6991,-0.35,3.317419578768788,0.0019202634677534,38.51116943359375,95.08216094970705,49.9865608215332
2011-11-10,3.14,,-0.161,-0.04,90.8588,-0.35,3.317419578768788,0.0019173914923919,38.55110931396485,95.97769927978516,49.96014404296875
2011-11-11,3.14,,-0.155,-0.04,90.8588,-0.35,3.317419578768788,0.0019367831570285,39.06132125854492,97.78427124023438,50.90162658691406
2011-11-14,3.13,,-0.155,-0.01,90.7215,-0.35,3.317419578768788,0.0019605692437528,38.79952621459961,96.85779571533205,50.58486175537109
2011-11-15,3.14,,-0.155,0.04,91.1081,-0.35,3.317419578768788,0.0019638548399677,38.69750595092773,97.33647918701172,51.14801406860352
2011-11-16,3.17,,-0.155,0.05,91.1237,-0.35,3.317419578768788,0.0019630172605046,38.32038497924805,95.79240417480467,50.30329895019531
2011-11-17,3.16,,-0.155,0.06,91.1822,-0.35,3.317419578768788,0.0019665076598799,38.134037017822266,94.2715301513672,49.12425231933594
2011-11-18,3.14,,-0.144,0.05,91.3676,-0.35,3.317419578768788,0.0019725169865618,38.1074104309082,94.1711883544922,48.745880126953125
2011-11-21,3.15,,-0.144,0.07,91.9978,-0.35,3.317419578768788,0.0019656795142793,37.67704772949219,92.3801040649414,47.81320571899414
2011-11-22,3.17,,-0.144,0.05,92.0193,-0.35,3.317419578768788,0.0019565855851267,37.38867950439453,92.01722717285156,47.97160720825195
2011-11-23,3.15,,-0.144,-0.01,92.7463,-0.35,3.317419578768788,0.0019328301047035,36.71428298950195,89.98680877685547,46.88931655883789
2011-11-24,3.15,,-0.144,-0.01,92.7463,-0.35,3.317419578768788,0.0019328301047035,36.71428298950195,89.98680877685547,46.88931655883789
2011-11-25,3.18,,-0.133,0.05,93.1455,-0.35,3.317419578768788,0.0019388904701669,36.71428298950195,89.8169937133789,46.52858352661133
2011-11-28,3.19,,-0.133,0.02,92.4983,-0.35,3.317419578768788,0.0019631166167637,37.53507995605469,92.41867065429688,48.1475715637207
2011-11-29,3.22,,-0.133,0.01,92.2163,-0.35,3.317419578768788,0.0019703512778198,37.77910614013672,92.68118286132812,47.84840774536133
2011-11-30,3.24,,-0.133,0.03,91.4728,-0.35,3.317419578768788,0.0020412489050474,38.42242813110352,96.49494171142578,49.61700439453125
2011-12-01,3.3,,-0.133,0.06,91.227,0.28,2.859134467066693,0.0020296202243324,38.59165191650391,96.47954559326172,49.96014404296875
2011-12-02,3.24,,-0.132,0.0,91.3532,0.28,2.859134467066693,0.0020449341674088,38.8104362487793,96.39459228515624,49.81937026977539
2011-12-05,3.25,,-0.132,-0.01,91.1087,0.28,2.859134467066693,0.002082394518537,39.02922439575195,97.44454193115234,50.36489868164063
2011-12-06,3.26,,-0.132,0.01,91.2817,0.28,2.859134467066693,0.0020634874533264,39.203372955322266,97.47543334960938,50.22410202026367
2011-12-07,3.26,,-0.132,-0.01,91.2331,0.28,2.859134467066693,0.0020363030769024,39.07834243774414,97.83826446533205,50.22410202026367
2011-12-08,3.26,,-0.132,0.01,91.668,0.28,2.859134467066693,0.0020408819429897,38.82381820678711,95.69204711914062,49.37942123413086
2011-12-09,3.28,,-0.138,0.05,91.6122,0.28,2.859134467066693,0.0020708779952232,39.15872573852539,97.31332397460938,50.17132186889648
2011-12-12,3.27,,-0.138,-0.01,92.3375,0.28,2.859134467066693,0.0020757721796068,38.948856353759766,95.89278411865234,49.60818099975586
2011-12-13,3.29,,-0.138,-0.05,92.5456,0.28,2.859134467066693,0.0020678955570054,38.80153274536133,94.99720764160156,49.06266021728516
2011-12-14,3.24,,-0.138,-0.04,93.2176,0.28,2.859134467066693,0.0020646341018967,38.73454284667969,93.98589324951172,48.297149658203125
2011-12-15,3.27,,-0.138,-0.01,92.8858,0.28,2.859134467066693,0.0020700495854446,38.87298202514648,94.32559967041016,48.165157318115234
2011-12-16,3.26,,-0.15,-0.05,92.8252,0.28,2.859134467066693,0.00208322883718,39.05601501464844,94.4654312133789,48.41313552856445
2011-12-19,3.26,,-0.15,-0.12,92.8685,0.28,2.859134467066693,0.0020703713420154,39.00691604614258,93.45542907714844,47.93660736083984
2011-12-20,3.27,,-0.15,-0.1,92.432,0.28,2.859134467066693,0.0020815795784206,39.49360275268555,96.28341674804688,49.35740280151367
2011-12-21,3.3,,-0.15,-0.07,92.5262,0.28,2.859134467066693,0.0021024876776689,39.6052131652832,96.46986389160156,48.65142822265625
2011-12-22,3.29,,-0.15,-0.07,92.3883,0.28,2.859134467066693,0.0021188388763514,39.75703430175781,97.324462890625,49.06619644165039
2011-12-23,3.32,,-0.174,-0.04,92.3897,0.28,2.859134467066693,0.0021583474345835,39.94010162353516,98.19461059570312,49.48976516723633
2011-12-26,3.32,,-0.174,-0.04,92.3897,0.28,2.859134467066693,0.0021583474345835,39.94010162353516,98.19461059570312,49.48976516723633
2011-12-27,3.3,,-0.174,-0.02,92.4137,0.28,2.859134467066693,0.0021352403388086,40.09955978393555,98.27234649658205,49.67437362670898
2011-12-28,3.25,,-0.174,-0.07,92.8374,0.28,2.859134467066693,0.0021498495377882,39.910919189453125,96.9826431274414,49.10028076171875
2011-12-29,3.28,,-0.174,-0.05,92.7398,0.28,2.859134467066693,0.0021855314760305,40.14897918701172,97.98485565185548,49.45357894897461
2011-12-30,3.27,,-0.206,-0.07,92.4262,0.28,2.859134467066693,0.0021915313903627,40.171417236328125,97.5031967163086,49.312259674072266
2012-01-02,3.27,,-0.206,-0.07,92.4262,0.37,3.691001632410296,0.0021915313903627,40.171417236328125,97.5031967163086,49.312259674072266
2012-01-03,3.29,,-0.206,-0.04,91.7551,0.37,3.691001632410296,0.0022035382902807,40.301734924316406,99.0570068359375,50.25733184814453
2012-01-04,3.3,,-0.206,-0.08,92.0345,0.37,3.691001632410296,0.0021276134071922,40.23433303833008,99.21239471435548,50.46931457519531
2012-01-05,3.27,,-0.206,-0.1,92.5773,0.37,3.691001632410296,0.0021134369788182,40.05914306640625,99.4765167236328,50.88445281982422
2012-01-06,3.27,,-0.245,-0.11,92.7183,0.37,3.691001632410296,0.0021230122183709,39.93336486816406,99.2201690673828,51.06108856201172
2012-01-09,3.28,,-0.245,-0.13,92.7418,0.37,3.691001632410296,0.0021228615269876,39.987266540527344,99.46102142333984,50.89326477050781
2012-01-10,3.25,,-0.245,-0.08,92.2461,0.37,3.691001632410296,0.0021520539487818,40.12652969360352,100.32337188720705,51.26426696777344
2012-01-11,3.27,,-0.245,-0.1,92.554,0.37,3.691001632410296,0.0021605052446596,40.08609390258789,100.37776947021484,51.370243072509766
2012-01-12,3.27,,-0.245,-0.1,92.2274,0.37,3.691001632410296,0.0022121046229544,40.03221893310547,100.6186065673828,51.573387145996094
2012-01-13,3.24,,-0.289,-0.14,92.5385,0.37,3.691001632410296,0.002227674138307,39.987266540527344,100.09806060791016,51.38790130615234
2012-01-16,3.24,,-0.289,-0.14,92.5385,0.37,3.691001632410296,0.002227674138307,39.987266540527344,100.09806060791016,51.38790130615234
2012-01-17,3.24,,-0.289,-0.17,92.0142,0.37,3.691001632410296,0.0022510875909184,40.06812286376953,100.4865264892578,51.85601043701172
2012-01-18,3.25,,-0.289,-0.15,91.6943,0.37,3.691001632410296,0.0022579089960947,40.180419921875,101.59752655029295,52.54497146606445
2012-01-19,3.22,,-0.289,0.0,91.3316,0.37,3.691001632410296,0.0022958103809599,40.23882293701172,102.1335906982422,52.87178039550781
2012-01-20,3.24,,-0.333,0.01,91.3661,0.37,3.691001632410296,0.0022486025406338,40.23882293701172,102.5143051147461,52.79226303100586
2012-01-23,3.24,,-0.333,0.02,90.986,0.37,3.691001632410296,0.0022613230706397,40.37803649902344,102.25017547607422,52.80995178222656
2012-01-24,3.25,,-0.333,-0.01,91.181,0.37,3.691001632410296,0.002285782966247,40.48137283325195,102.1335906982422,52.71279525756836
2012-01-25,3.31,,-0.333,-0.12,91.277,0.37,3.691001632410296,0.0022502647004397,40.83625793457031,102.98822784423828,53.37522888183594
2012-01-26,3.28,,-0.333,-0.16,90.3962,0.37,3.691001632410296,0.0022574291630426,40.9350700378418,102.45989990234376,53.18974685668945
2012-01-27,3.28,,-0.373,-0.18,90.2559,0.37,3.691001632410296,0.0022424644818609,40.78683853149414,102.41329956054688,53.3487434387207
2012-01-30,3.25,,-0.373,-0.24,90.4762,0.37,3.691001632410296,0.0022079722857902,40.65657043457031,102.06369018554688,53.39290237426758
2012-01-31,3.24,,-0.373,-0.28,90.5538,0.37,3.691001632410296,0.002179479685932,40.7598876953125,102.02484130859376,53.46355056762695
2012-02-01,3.25,,-0.373,-0.28,90.0963,0.0,4.439148449901298,0.0021970694731426,40.8353157043457,102.91829681396484,53.89635848999024
2012-02-02,3.25,,-0.373,-0.3,89.8765,0.0,4.439148449901298,0.0021499316060062,40.8624153137207,103.0814437866211,54.06416702270508
2012-02-03,3.26,,-0.404,-0.21,89.8491,0.0,4.439148449901298,0.0022423614820423,40.97987365722656,104.52651977539062,54.80610656738281
2012-02-06,3.22,,-0.404,-0.26,89.7907,0.0,4.439148449901298,0.0022399581252624,40.98892593383789,104.45657348632812,54.761940002441406
2012-02-07,3.19,,-0.404,-0.21,89.5968,0.0,4.439148449901298,0.0022174186261127,41.070220947265625,104.72077178955078,54.87676239013672
2012-02-08,3.17,,-0.404,-0.21,89.6555,0.0,4.439148449901298,0.0022587172778705,41.10633850097656,105.03153228759766,55.168243408203125
2012-02-09,3.18,,-0.404,-0.17,89.6246,0.0,4.439148449901298,0.0022855088791674,41.12442398071289,105.16358947753906,55.565711975097656
2012-02-10,3.17,,-0.427,-0.24,90.1024,0.0,4.439148449901298,0.0022395983415424,40.76755905151367,104.38668823242188,55.17708587646485
2012-02-13,3.19,,-0.427,-0.22,89.8895,0.0,4.439148449901298,0.002226929711659,40.88500213623047,105.16358947753906,55.68936920166016
2012-02-14,3.18,,-0.427,-0.27,90.1919,0.0,4.439148449901298,0.0022212833022021,40.88500213623047,105.03153228759766,55.83068084716797
2012-02-15,3.19,,-0.427,-0.26,90.1932,0.0,4.439148449901298,0.0022000810924224,40.75401306152344,104.54206085205078,55.442039489746094
2012-02-16,3.17,,-0.427,-0.24,90.3109,0.0,4.439148449901298,0.0021936529995943,40.92569732666016,105.69967651367188,56.2016487121582
2012-02-17,3.17,,-0.443,-0.23,90.23,0.0,4.439148449901298,0.0021484487815053,40.9120979309082,105.97936248779295,56.025001525878906
2012-02-20,3.17,,-0.443,-0.23,90.23,0.0,4.439148449901298,0.0021484487815053,40.9120979309082,105.97936248779295,56.025001525878906
2012-02-21,3.15,,-0.443,-0.22,90.0117,0.0,4.439148449901298,0.0021817198575561,41.065711975097656,106.02594757080078,56.18398284912109
2012-02-22,3.15,,-0.443,-0.27,90.2472,0.0,4.439148449901298,0.0021638417648056,41.196685791015625,105.6841278076172,55.92784881591797
2012-02-23,3.14,,-0.443,-0.3,90.1108,0.0,4.439148449901298,0.0021314919888836,41.34576416015625,106.1502914428711,56.298805236816406
2012-02-24,3.12,,-0.455,-0.29,89.9104,0.0,4.439148449901298,0.0021759337532756,41.47224044799805,106.3833236694336,56.49311828613281
2012-02-27,3.12,,-0.455,-0.32,89.9635,0.0,4.439148449901298,0.0021876410508852,41.48127746582031,106.56202697753906,56.57261657714844
2012-02-28,3.12,,-0.455,-0.31,89.8103,0.0,4.439148449901298,0.0021891437833644,41.56260681152344,106.87281036376952,57.1467399597168
2012-02-29,3.1,,-0.455,-0.28,89.7487,0.0,4.439148449901298,0.0022635826846451,41.61680221557617,106.45329284667967,56.89060592651367
2012-03-01,3.1,,-0.455,-0.23,89.7817,-0.39,2.8286925428470555,0.0022802277870115,41.6881217956543,107.00486755371094,57.34103775024414
2012-03-02,3.09,,-0.465,-0.24,90.135,-0.39,2.8286925428470555,0.0022796698463102,41.51548385620117,106.6785659790039,57.29687881469727
2012-03-05,3.11,,-0.465,-0.2,90.2748,-0.39,2.8286925428470555,0.0022621843581051,41.28375244140625,106.24351501464844,56.70509338378906
2012-03-06,3.1,,-0.465,-0.21,90.8237,-0.39,2.8286925428470555,0.00223226031596,40.73396682739258,104.6896743774414,56.14865493774414
2012-03-07,3.11,,-0.465,-0.22,90.6837,-0.39,2.8286925428470555,0.002234004541758,40.8475456237793,105.41998291015624,56.58145523071289
2012-03-08,3.11,,-0.465,-0.21,90.2598,-0.39,2.8286925428470555,0.0022295507142004,41.165626525878906,106.46881103515624,57.190895080566406
2012-03-09,3.11,,-0.473,-0.24,90.4341,-0.39,2.8286925428470555,0.002251738796469,41.21103286743164,106.880615234375,57.42938232421875
2012-03-12,3.09,,-0.473,-0.24,90.6643,-0.39,2.8286925428470555,0.0022548847478269,41.21103286743164,106.88835144042967,57.45588302612305
2012-03-13,3.08,,-0.473,-0.2,90.5363,-0.39,2.8286925428470555,0.0023005846507406,41.510929107666016,108.81510162353516,58.52462387084961
2012-03-14,3.07,,-0.473,-0.07,90.9325,-0.39,2.8286925428470555,0.0023391172040361,41.40642166137695,108.69856262207033,58.72775650024414
2012-03-15,3.07,,-0.473,-0.08,90.7866,-0.39,2.8286925428470555,0.0023458501701027,41.26556396484375,109.32780456542967,58.89560317993164
2012-03-16,3.04,,-0.48,-0.09,90.5245,-0.39,2.8286925428470555,0.0023400785699059,41.115631103515625,109.479248046875,58.85400390625
2012-03-19,3.03,,-0.48,-0.03,90.292,-0.39,2.8286925428470555,0.0023432718469624,41.27008819580078,109.908447265625,59.26984405517578
2012-03-20,3.02,,-0.48,-0.04,90.6065,-0.39,2.8286925428470555,0.0023246494092262,41.238311767578125,109.58848571777344,59.376007080078125
2012-03-21,3.0,,-0.48,-0.08,90.6761,-0.39,2.8286925428470555,0.0023330302671952,41.10654067993164,109.4090347290039,59.38484954833984
2012-03-22,3.01,,-0.48,-0.08,90.8225,-0.39,2.8286925428470555,0.0022940387332962,41.20650100708008,108.62088775634766,59.2609977722168
2012-03-23,3.01,,-0.483,-0.11,90.6156,-0.39,2.8286925428470555,0.002291704185237,41.12018966674805,108.97203826904295,59.22559356689453
2012-03-26,3.01,,-0.483,-0.08,90.3266,-0.39,2.8286925428470555,0.0023052506402988,41.37005233764648,110.50143432617188,60.26075744628906
2012-03-27,3.04,,-0.483,-0.13,90.2796,-0.39,2.8286925428470555,0.0023023503300582,41.44276428222656,110.15813446044922,60.3492431640625
2012-03-28,3.03,,-0.483,-0.11,90.603,-0.39,2.8286925428470555,0.0022842149014447,41.30648040771485,109.61188507080078,60.1103515625
2012-03-29,3.03,,-0.483,-0.13,90.7285,-0.39,2.8286925428470555,0.0022963321767825,41.30193328857422,109.42459869384766,59.880332946777344
2012-03-30,3.07,,-0.482,-0.09,90.4593,-0.39,2.8286925428470555,0.0022907804288563,41.22012710571289,109.87720489501952,59.76531219482422
2012-04-02,3.08,,-0.482,-0.14,90.247,0.06,3.9040297563633697,0.0023359165106374,41.29096603393555,110.68092346191406,60.38462829589844
2012-04-03,3.06,,-0.482,-0.06,90.1921,0.06,3.9040297563633697,0.0023446107339002,41.25442886352539,110.2283706665039,60.36695098876953
2012-04-04,3.08,,-0.482,-0.05,90.8284,0.06,3.9040297563633697,0.0023478880698059,41.10357666015625,109.13589477539062,59.54411697387695
2012-04-05,3.09,,-0.482,-0.08,90.8781,0.06,3.9040297563633697,0.0023282162060501,41.00299835205078,109.08126068115234,59.91570663452149
2012-04-06,3.13,,-0.475,-0.16,90.9375,0.06,3.9040297563633697,0.0023282162060501,41.00299835205078,109.08126068115234,59.91570663452149
2012-04-09,3.11,,-0.475,-0.17,90.9624,0.06,3.9040297563633697,0.0022624049193964,40.79275131225586,107.856201171875,59.4644660949707
2012-04-10,3.14,,-0.475,-0.24,91.2728,0.06,3.9040297563633697,0.0021970472482357,40.59162521362305,106.04580688476562,58.50894927978516
2012-04-11,3.16,,-0.475,-0.25,91.1768,0.06,3.9040297563633697,0.0021916816865485,40.83845901489258,106.90420532226562,58.79206085205078
2012-04-12,3.15,,-0.475,-0.22,90.7694,0.06,3.9040297563633697,0.0022128609966472,41.20412826538086,108.30095672607422,59.4644660949707
2012-04-13,3.15,,-0.463,-0.25,91.0558,0.06,3.9040297563633697,0.0021837140376428,41.07159423828125,107.0134048461914,58.562042236328125
2012-04-16,3.14,,-0.463,-0.26,91.2355,0.06,3.9040297563633697,0.002198095578218,41.13556289672852,106.94319152832033,57.90730667114258
2012-04-17,3.14,,-0.463,-0.26,90.7661,0.06,3.9040297563633697,0.0022080833458093,41.3138427734375,108.5272445678711,59.08403015136719
2012-04-18,3.15,,-0.463,-0.26,90.9326,0.06,3.9040297563633697,0.0022138149334173,41.30015563964844,108.16048431396484,58.93364334106445
2012-04-19,3.15,,-0.463,-0.21,91.0833,0.06,3.9040297563633697,0.0022104717452442,41.22243881225586,107.4660186767578,58.27004623413086
2012-04-20,3.17,,-0.449,-0.24,90.8066,0.06,3.9040297563633697,0.0022507765386594,41.286399841308594,107.64550018310548,58.11079025268555
2012-04-23,3.16,,-0.449,-0.26,91.079,0.06,3.9040297563633697,0.0022201114359568,41.1995849609375,106.74031829833984,57.57996368408203
2012-04-24,3.15,,-0.449,-0.25,90.8153,0.06,3.9040297563633697,0.0022346317514151,41.295555114746094,107.14603424072266,57.27029037475586
2012-04-25,3.17,,-0.449,-0.24,90.756,0.06,3.9040297563633697,0.0022544778581717,41.597259521484375,108.61310577392578,58.79206085205078
2012-04-26,3.19,,-0.449,-0.29,90.6428,0.06,3.9040297563633697,0.0022704265744135,41.62467575073242,109.3699951171875,59.13712692260742
2012-04-27,3.19,,-0.428,-0.3,90.3269,0.06,3.9040297563633697,0.0022956730368045,41.60638046264648,109.5494613647461,59.49101638793945
2012-04-30,3.2,,-0.428,-0.3,90.3634,0.06,3.9040297563633697,0.002304616960552,41.68867874145508,109.1436996459961,59.066349029541016
2012-05-01,3.22,,-0.428,-0.28,90.3227,-0.17,4.0185114178595605,0.0023108864578477,41.72039794921875,109.82257843017578,59.163673400878906
2012-05-02,3.19,,-0.428,-0.28,90.6144,-0.17,4.0185114178595605,0.0022895246121292,41.88127517700195,109.49483489990234,59.3317756652832
2012-05-03,3.18,,-0.428,-0.27,90.6839,-0.17,4.0185114178595605,0.0022846041582227,41.85367584228516,108.65989685058594,58.70358657836914
2012-05-04,3.19,,-0.403,-0.3,91.0497,-0.17,4.0185114178595605,0.0022642427723417,41.770957946777344,106.90420532226562,57.24375534057617
2012-05-07,3.18,,-0.403,-0.27,91.0747,-0.17,4.0185114178595605,0.0023053215979809,41.83990478515625,106.9822235107422,57.29684066772461
2012-05-08,3.19,,-0.403,-0.28,91.4107,-0.17,4.0185114178595605,0.002297693208566,41.83073425292969,106.55303955078124,57.08448791503906
2012-05-09,3.22,,-0.403,-0.27,91.7632,-0.17,4.0185114178595605,0.0023025037491124,41.68360900878906,105.92095184326172,56.90753555297852
2012-05-10,3.21,,-0.403,-0.25,91.7077,-0.17,4.0185114178595605,0.0023142749702228,41.63765335083008,106.1394500732422,56.792518615722656
2012-05-11,3.22,,-0.372,-0.28,91.7306,-0.17,4.0185114178595605,0.0023039277733745,41.74338150024414,105.8195571899414,56.783668518066406
2012-05-14,3.22,,-0.372,-0.33,92.2491,-0.17,4.0185114178595605,0.0022792515554559,41.43538665771485,104.64904022216795,56.25281524658203
2012-05-15,3.24,,-0.372,-0.36,92.5235,-0.17,4.0185114178595605,0.0022623329675752,41.23311233520508,104.04820251464844,56.0670051574707
2012-05-16,3.25,,-0.372,-0.33,92.903,-0.17,4.0185114178595605,0.0022685848235038,40.82861328125,103.65026092529295,55.68656921386719
2012-05-17,3.23,,-0.372,-0.35,92.9632,-0.17,4.0185114178595605,0.0022099079424027,40.26321792602539,102.1130142211914,54.50984191894531
2012-05-18,3.27,,-0.34,-0.39,93.1395,-0.17,4.0185114178595605,0.0021798819540522,40.26321792602539,101.2390594482422,53.80204391479492
2012-05-21,3.25,,-0.34,-0.41,93.0945,-0.17,4.0185114178595605,0.0022059933862026,40.6815299987793,102.97914123535156,55.30613708496094
2012-05-22,3.34,,-0.34,-0.38,93.1113,-0.17,4.0185114178595605,0.0022124594584064,40.67690658569336,103.1586456298828,55.24419784545898
2012-05-23,3.33,,-0.34,-0.41,93.8855,-0.17,4.0185114178595605,0.0021949486825753,40.63554382324219,103.21327209472656,55.35036087036133
2012-05-24,3.36,,-0.34,-0.37,93.8027,-0.17,4.0185114178595605,0.0022018877501469,40.64473342895508,103.41608428955078,54.98762512207031
2012-05-25,3.37,,-0.314,-0.38,93.9488,-0.17,4.0185114178595605,0.0021978581380076,40.51605224609375,103.08065032958984,54.91683197021485
2012-05-28,3.37,,-0.314,-0.38,93.9488,-0.17,4.0185114178595605,0.0021978581380076,40.51605224609375,103.08065032958984,54.91683197021485
2012-05-29,3.38,,-0.314,-0.37,93.875,-0.17,4.0185114178595605,0.0022365362763083,40.9619140625,104.32911682128906,55.61579132080078
2012-05-30,3.4,,-0.314,-0.45,94.302,-0.17,4.0185114178595605,0.002166112209838,40.77807235717773,102.81526184082033,55.146881103515625
2012-05-31,3.4,,-0.314,-0.5,94.6856,-0.17,4.0185114178595605,0.002151862283919,40.34594345092773,102.58900451660156,54.90799331665039
2012-06-01,3.41,,-0.294,-0.59,94.6979,-0.33,3.7105509068513065,0.0020425794154764,39.99535369873047,100.00614166259766,53.44814682006836
2012-06-04,3.4,,-0.294,-0.56,94.5184,-0.33,3.7105509068513065,0.0020493735274066,40.02771759033203,99.95931243896484,53.85512924194336
2012-06-05,3.4,,-0.294,-0.56,94.6184,-0.33,3.7105509068513065,0.0020359708828532,40.28213882446289,100.71623992919922,54.07632064819336
2012-06-06,3.41,,-0.294,-0.5,94.0362,-0.33,3.7105509068513065,0.0020694511559616,40.71227264404297,102.97914123535156,55.31498718261719
2012-06-07,3.43,,-0.294,-0.49,93.774,-0.33,3.7105509068513065,0.0021237236692596,40.86491775512695,103.04159545898438,55.093788146972656
2012-06-08,3.44,,-0.287,-0.5,94.2024,-0.33,3.7105509068513065,0.0020649644717597,41.02216720581055,103.86091613769533,55.6246337890625
2012-06-11,3.46,,-0.287,-0.53,94.0369,-0.33,3.7105509068513065,0.0020965214845567,40.75391006469727,102.54217529296876,54.68680191040039
2012-06-12,3.43,,-0.287,-0.48,94.0693,-0.33,3.7105509068513065,0.0020673406160913,41.04068374633789,103.7204818725586,55.35036087036133
2012-06-13,3.43,,-0.287,-0.51,93.8309,-0.33,3.7105509068513065,0.0020641492890201,40.9204330444336,103.05721282958984,54.96992492675781
2012-06-14,3.4,,-0.287,-0.47,93.8152,-0.33,3.7105509068513065,0.0020724172274818,41.22569274902344,104.1496353149414,55.17340850830078
2012-06-15,3.42,,-0.291,-0.54,93.5203,-0.33,3.7105509068513065,0.0020805162817844,41.29969787597656,105.2147979736328,55.8588981628418
2012-06-18,3.42,,-0.291,-0.54,93.6431,-0.33,3.7105509068513065,0.0020889463064812,41.31358337402344,105.41873168945312,56.382110595703125
2012-06-19,3.41,,-0.291,-0.53,93.0524,-0.33,3.7105509068513065,0.0021159536363439,41.60496520996094,106.43841552734376,56.967376708984375
2012-06-20,3.38,,-0.291,-0.51,93.1602,-0.33,3.7105509068513065,0.0020971635988009,41.7668571472168,106.2658920288086,57.0117301940918
2012-06-21,3.35,,-0.291,-0.47,93.6378,-0.33,3.7105509068513065,0.0021061042354068,41.424560546875,103.88137817382812,55.59284973144531
2012-06-22,3.36,,-0.305,-0.42,93.9205,-0.33,3.7105509068513065,0.0021104725841361,41.70671081542969,104.68145751953124,56.17814254760742
2012-06-25,3.36,,-0.305,-0.47,94.1757,-0.33,3.7105509068513065,0.0020875589866337,41.64195251464844,103.00289154052734,55.09625625610352
2012-06-26,3.34,,-0.305,-0.45,93.9859,-0.33,3.7105509068513065,0.0021064167858836,41.58183670043945,103.52057647705078,55.442115783691406
2012-06-27,3.35,,-0.305,-0.45,93.8728,-0.33,3.7105509068513065,0.0021213945609453,41.83159255981445,104.45399475097656,55.77908706665039
2012-06-28,3.37,,-0.305,-0.48,94.0203,-0.33,3.7105509068513065,0.0021462219010133,41.82697677612305,104.15592193603516,55.15834045410156
2012-06-29,3.39,,-0.324,-0.46,92.9096,-0.33,3.7105509068513065,0.002176488936412,42.22476577758789,106.7521743774414,56.89644241333008
2012-07-02,3.4,,-0.324,-0.5,92.951,-0.28,3.418677881567289,0.0021694215001866,42.27038192749024,107.07376098632812,57.06494522094727
2012-07-03,3.41,,-0.324,-0.48,92.6508,-0.28,3.418677881567289,0.0021800405706559,42.42384338378906,107.77969360351562,57.54380416870117
2012-07-04,3.41,,-0.324,-0.48,92.6508,-0.28,3.418677881567289,0.0021800405706559,42.42384338378906,107.77969360351562,57.54380416870117
2012-07-05,3.43,,-0.324,-0.51,93.2211,-0.28,3.418677881567289,0.0021679407440788,42.42848587036133,107.29338073730467,57.57926177978516
2012-07-06,3.41,,-0.346,-0.53,93.7087,-0.28,3.418677881567289,0.0021569310409084,42.37269973754883,106.27368927001952,56.86098861694336
2012-07-09,3.41,,-0.346,-0.57,93.6974,-0.28,3.418677881567289,0.002156615995787,42.38663101196289,106.14038848876952,56.75455856323242
2012-07-10,3.39,,-0.346,-0.59,93.5552,-0.28,3.418677881567289,0.0021484200484791,42.2005729675293,105.2147979736328,56.19588851928711
2012-07-11,3.36,,-0.346,-0.57,93.5981,-0.28,3.418677881567289,0.0021857543073435,42.3354721069336,105.23052215576172,55.88552474975586
2012-07-12,3.37,,-0.346,-0.58,93.9298,-0.28,3.418677881567289,0.002180011453696,42.242462158203125,104.72067260742188,55.36229705810547
2012-07-13,3.37,,-0.369,-0.59,93.5515,-0.28,3.418677881567289,0.0021993591464285,42.37269973754883,106.47762298583984,56.20476531982422
2012-07-16,3.35,,-0.369,-0.61,93.3746,-0.28,3.418677881567289,0.0021876571476957,42.20988082885742,106.2266616821289,56.04512405395508
2012-07-17,3.35,,-0.369,-0.59,93.3479,-0.28,3.418677881567289,0.0021729281490872,42.40989685058594,106.9560775756836,56.337772369384766
2012-07-18,3.33,,-0.369,-0.6,93.0973,-0.28,3.418677881567289,0.0022115384587356,42.586692810058594,107.74835205078124,57.10041809082031
2012-07-19,3.34,,-0.369,-0.62,93.0438,-0.28,3.418677881567289,0.0022365672897253,42.69367980957031,108.03069305419922,57.73001480102539
2012-07-20,3.31,,-0.393,-0.67,93.3653,-0.28,3.418677881567289,0.0021791468676044,42.49362564086914,107.04236602783205,56.967376708984375
2012-07-23,3.31,,-0.393,-0.68,93.9297,-0.28,3.418677881567289,0.0021441253300798,42.42384338378906,105.95994567871094,56.27569961547852
2012-07-24,3.29,,-0.393,-0.68,94.2635,-0.28,3.418677881567289,0.0021275380238663,42.16334915161133,105.05010223388672,55.83229446411133
2012-07-25,3.3,,-0.393,-0.67,94.0564,-0.28,3.418677881567289,0.0020988805970149,42.07499313354492,105.07366180419922,55.4598503112793
2012-07-26,3.3,,-0.393,-0.66,93.3595,-0.28,3.418677881567289,0.0021015480206846,42.5075798034668,106.80707550048828,56.19588851928711
2012-07-27,3.29,,-0.414,-0.61,92.9333,-0.28,3.418677881567289,0.0021175598408785,42.75880432128906,108.77581787109376,57.52607345581055
2012-07-30,3.26,,-0.414,-0.64,93.0524,-0.28,3.418677881567289,0.0021084151786151,42.75880432128906,108.77581787109376,57.481712341308594
2012-07-31,3.27,,-0.414,-0.69,92.8422,-0.28,3.418677881567289,0.0021232537178103,42.65648651123047,108.0149917602539,57.463993072509766
2012-08-01,3.26,,-0.414,-0.67,92.8905,-0.45,2.285596731143258,0.0021054436578449,42.88798904418945,107.92091369628906,57.29549789428711
2012-08-02,3.24,,-0.414,-0.69,93.4269,-0.45,2.285596731143258,0.0020741463830383,42.71493148803711,107.17572021484376,57.09153747558594
2012-08-03,3.26,,-0.434,-0.66,92.6048,-0.45,2.285596731143258,0.0020990037680562,42.89268493652344,109.30142974853516,58.17341995239258
2012-08-06,3.24,,-0.434,-0.68,92.4339,-0.45,2.285596731143258,0.0021036641057148,42.8646125793457,109.5131378173828,58.6168098449707
2012-08-07,3.24,,-0.434,-0.65,92.5128,-0.45,2.285596731143258,0.0021401503620192,42.780399322509766,110.06217956542967,59.10455703735352
2012-08-08,3.23,,-0.434,-0.61,92.5407,-0.45,2.285596731143258,0.0021250542238548,42.80848693847656,110.195556640625,59.07795333862305
2012-08-09,3.23,,-0.434,-0.58,92.6057,-0.45,2.285596731143258,0.0021254097385007,42.81314849853516,110.2896499633789,59.25531005859375
2012-08-10,3.23,,-0.452,-0.6,92.5129,-0.45,2.285596731143258,0.0021047107628946,42.77571105957031,110.47006225585938,59.29079055786133
2012-08-13,3.24,,-0.452,-0.58,92.5955,-0.45,2.285596731143258,0.0020865432745748,42.79911422729492,110.41513061523438,59.43266677856445
2012-08-14,3.25,,-0.452,-0.53,92.6152,-0.45,2.285596731143258,0.0021004751031976,42.8646125793457,110.4308090209961,59.45927429199219
2012-08-15,3.27,,-0.452,-0.45,92.6838,-0.45,2.285596731143258,0.0020898547960191,42.658782958984375,110.55636596679688,59.61004257202149
2012-08-16,3.26,,-0.452,-0.42,92.5737,-0.45,2.285596731143258,0.0020951673591581,42.81781768798828,111.37213897705078,60.31945037841797
2012-08-17,3.25,,-0.47,-0.43,92.711,-0.45,2.285596731143258,0.0021171811099161,42.81781768798828,111.5210952758789,60.58548355102539
2012-08-20,3.23,,-0.47,-0.43,92.6263,-0.45,2.285596731143258,0.0020822789701597,42.86928176879883,111.5289535522461,60.67416763305664
2012-08-21,3.23,,-0.47,-0.45,92.3053,-0.45,2.285596731143258,0.002107750473777,42.96282577514648,111.19165802001952,60.43474960327149
2012-08-22,3.22,,-0.47,-0.55,92.4362,-0.45,2.285596731143258,0.0021131061356769,42.92072677612305,111.2387237548828,60.68303298950195
2012-08-23,3.2,,-0.47,-0.62,92.1057,-0.45,2.285596731143258,0.0020939147715736,42.911380767822266,110.32887268066406,60.18644714355469
2012-08-24,3.21,,-0.487,-0.6,92.2785,-0.45,2.285596731143258,0.0020888728075703,43.10319137573242,110.99557495117188,60.558895111083984
2012-08-27,3.19,,-0.487,-0.64,92.3135,-0.45,2.285596731143258,0.0020835325762185,43.07039642333984,111.0190887451172,60.65644454956055
2012-08-28,3.19,,-0.487,-0.68,92.2033,-0.45,2.285596731143258,0.0020822082379899,43.03297805786133,110.9093017578125,60.65644454956055
2012-08-29,3.19,,-0.487,-0.64,92.3823,-0.45,2.285596731143258,0.0020860947062943,43.09380722045898,110.99557495117188,60.65644454956055
2012-08-30,3.2,,-0.487,-0.63,92.6239,-0.45,2.285596731143258,0.0020807378415366,43.07506561279297,110.195556640625,60.04453659057617
2012-08-31,3.21,,-0.503,-0.68,92.1677,-0.45,2.285596731143258,0.0020503383867044,43.18733215332031,110.72106170654295,60.44359970092773
2012-09-03,3.21,,-0.503,-0.68,92.1677,-0.11,2.2951570495009843,0.0020503383867044,43.18733215332031,110.72106170654295,60.44359970092773
2012-09-04,3.18,,-0.503,-0.68,92.1582,-0.11,2.2951570495009843,0.0020488509946776,43.1864013671875,110.61907196044922,60.38152694702149
2012-09-05,3.18,,-0.503,-0.69,92.1262,-0.11,2.2951570495009843,0.0020889519534245,43.19112014770508,110.52499389648438,60.31945037841797
2012-09-06,3.19,,-0.503,-0.63,91.8973,-0.11,2.2951570495009843,0.0020694819782639,43.445068359375,112.76825714111328,61.65853118896485
2012-09-07,3.2,,-0.52,-0.68,91.3469,-0.11,2.2951570495009843,0.0021041726036895,43.52033996582031,113.20748901367188,61.56982421875
2012-09-10,3.2,,-0.52,-0.68,91.3102,-0.11,2.2951570495009843,0.0021403367572119,43.449798583984375,112.56428527832033,60.780609130859375
2012-09-11,3.18,,-0.52,-0.68,91.0575,-0.11,2.2951570495009843,0.00214487807234,43.7461166381836,112.87808227539062,60.68303298950195
2012-09-12,3.18,,-0.52,-0.61,91.0477,-0.11,2.2951570495009843,0.0021437652204351,43.8778190612793,113.25453186035156,60.86040878295898
2012-09-13,3.21,,-0.52,-0.72,90.9632,-0.11,2.2951570495009843,0.0021067209595422,44.16001129150391,114.98014068603516,61.68513488769531
2012-09-14,3.15,,-0.538,-0.76,90.1436,-0.11,2.2951570495009843,0.0021762345621374,44.15530776977539,115.48998260498048,62.23492050170898
2012-09-17,3.12,,-0.538,-0.74,90.2837,-0.11,2.2951570495009843,0.0021553431283707,44.11769485473633,115.09779357910156,62.26154327392578
2012-09-18,3.09,,-0.538,-0.73,90.5029,-0.11,2.2951570495009843,0.0021502487881929,44.13648986816406,115.00372314453124,62.31473922729492
2012-09-19,3.07,,-0.538,-0.75,90.4646,-0.11,2.2951570495009843,0.002164499715198,44.08002853393555,115.06642150878906,62.43000411987305
2012-09-20,3.04,,-0.538,-0.7,90.7631,-0.11,2.2951570495009843,0.0021341291748331,43.87310409545898,115.0743179321289,62.36796188354492
2012-09-21,3.06,,-0.553,-0.71,90.5342,-0.11,2.2951570495009843,0.0021422134255463,43.81193923950195,115.02622985839844,62.38571166992188
2012-09-24,3.02,,-0.553,-0.73,90.8263,-0.11,2.2951570495009843,0.0021255888653494,43.75551223754883,114.85270690917967,62.021114349365234
2012-09-25,3.03,,-0.553,-0.74,90.6074,-0.11,2.2951570495009843,0.002139414820957,43.36515808105469,113.6304702758789,61.14960479736328
2012-09-26,3.03,,-0.553,-0.77,91.0028,-0.11,2.2951570495009843,0.0021215583448214,43.14879989624024,112.99172973632812,60.65154266357422
2012-09-27,3.05,,-0.553,-0.78,90.7538,-0.11,2.2951570495009843,0.0021084608224662,43.619102478027344,114.0562973022461,61.48750686645508
2012-09-28,3.07,,-0.565,-0.77,90.8342,-0.11,2.2951570495009843,0.00213031452426,43.41217422485352,113.5279541015625,60.98061752319336
2012-10-01,3.06,,-0.565,-0.78,90.7011,-0.26,1.9430024786973863,0.0021303004677528,43.33889389038086,113.82759857177734,60.89168167114258
2012-10-02,3.04,,-0.565,-0.83,90.644,-0.26,1.9430024786973863,0.0021475715161395,43.44765090942383,113.94586944580078,61.06954193115234
2012-10-03,3.03,,-0.565,-0.83,90.8726,-0.26,1.9430024786973863,0.0021346985911896,43.55639266967773,114.4111328125,61.46084976196289
2012-10-04,2.99,,-0.565,-0.86,90.4932,-0.26,1.9430024786973863,0.0021147093038198,43.74077606201172,115.23123168945312,61.674278259277344
2012-10-05,2.98,,-0.575,-0.82,90.2851,-0.26,1.9430024786973863,0.0021286405404926,43.71712875366211,115.2391128540039,61.3452262878418
2012-10-08,2.98,,-0.575,-0.82,90.2851,-0.26,1.9430024786973863,0.0021014942193925,43.65567779541016,114.8448257446289,60.78493881225586
2012-10-09,2.93,,-0.575,-0.81,90.8703,-0.26,1.9430024786973863,0.0021151446917485,43.5327262878418,113.70928955078124,59.81559371948242
2012-10-10,2.9,,-0.575,-0.8,90.883,-0.26,1.9430024786973863,0.0021149048291853,43.42870330810547,112.98381805419922,59.51322555541992
2012-10-11,2.87,,-0.575,-0.77,90.7437,-0.26,1.9430024786973863,0.0021251695834319,43.66512680053711,113.0468978881836,59.32647705078125
2012-10-12,2.85,,-0.582,-0.78,90.6833,-0.26,1.9430024786973863,0.0021129123722462,43.74077606201172,112.67632293701172,59.299800872802734
2012-10-15,2.83,,-0.582,-0.78,90.6409,-0.26,1.9430024786973863,0.002137960788841,43.93935775756836,113.61466217041016,59.73554229736328
2012-10-16,2.8,,-0.582,-0.71,90.5583,-0.26,1.9430024786973863,0.002125293774552,44.1001205444336,114.76597595214844,60.58042526245117
2012-10-17,2.77,,-0.582,-0.65,90.2309,-0.26,1.9430024786973863,0.0021424493618158,44.199405670166016,115.28643035888672,60.54483795166016
2012-10-18,2.72,,-0.582,-0.66,90.3804,-0.26,1.9430024786973863,0.0021493718086785,44.17578506469727,114.98677825927734,59.8422737121582
2012-10-19,2.71,,-0.585,-0.71,90.8107,-0.26,1.9430024786973863,0.0021177733122015,43.95355987548828,113.070556640625,58.41045379638672
2012-10-22,2.68,,-0.585,-0.7,90.7911,-0.26,1.9430024786973863,0.0021016173062833,43.963016510009766,113.08634185791016,58.71285629272461
2012-10-23,2.73,,-0.585,-0.71,91.0945,-0.26,1.9430024786973863,0.0020933090633917,43.79751586914063,111.51715087890624,58.15257263183594
2012-10-24,2.74,,-0.585,-0.69,91.1275,-0.26,1.9430024786973863,0.0021029108939749,43.75971221923828,111.2017059326172,57.948036193847656
2012-10-25,2.73,,-0.585,-0.63,91.02,-0.26,1.9430024786973863,0.0020820678116005,43.83063507080078,111.52497863769533,57.948036193847656
2012-10-26,2.76,,-0.584,-0.69,91.1411,-0.26,1.9430024786973863,0.0020828218345143,43.72657775878906,111.46198272705078,58.11698913574219
2012-10-29,2.75,,-0.584,-0.73,91.1411,-0.26,1.9430024786973863,0.0020828218345143,43.72657775878906,111.46198272705078,58.11698913574219
2012-10-30,2.75,,-0.584,-0.73,91.1411,-0.26,1.9430024786973863,0.0020828218345143,43.72657775878906,111.46198272705078,58.11698913574219
2012-10-31,2.73,,-0.584,-0.78,91.1609,-0.26,1.9430024786973863,0.0020535662011114,43.77858352661133,111.46198272705078,57.76125717163086
2012-11-01,2.75,,-0.584,-0.77,91.1217,0.28,2.3257536633332743,0.0020739747490761,43.75497817993164,112.62899017333984,58.57944107055664
2012-11-02,2.77,,-0.582,-0.73,91.281,0.28,2.3257536633332743,0.002080520931156,43.69350051879883,111.62754821777344,57.95690536499024
2012-11-05,2.74,,-0.582,-0.75,91.4778,0.28,2.3257536633332743,0.0020630722227479,43.6225814819336,111.8562240600586,58.33932876586914
2012-11-06,2.74,,-0.582,-0.72,91.2908,0.28,2.3257536633332743,0.0020453883040067,43.68876266479492,112.73149871826172,58.44606399536133
2012-11-07,2.78,,-0.582,-0.8,91.4514,0.28,2.3257536633332743,0.0020096895729224,43.42870330810547,110.17658996582033,57.06761169433594
2012-11-08,2.8,,-0.582,-0.85,91.5375,0.28,2.3257536633332743,0.0020114176094028,43.2868766784668,108.85181427001952,56.169395446777344
2012-11-09,2.82,,-0.579,-0.83,91.6871,0.28,2.3257536633332743,0.0019935849197135,43.211212158203125,108.9464340209961,56.40950012207031
2012-11-12,2.82,,-0.579,-0.83,91.6871,0.28,2.3257536633332743,0.0020071663593509,43.22539520263672,109.03321075439452,56.40059661865234
2012-11-13,2.85,,-0.579,-0.84,91.7356,0.28,2.3257536633332743,0.0020142675721749,43.1261100769043,108.65470886230467,56.00931167602539
2012-11-14,2.87,,-0.579,-0.81,91.7942,0.28,2.3257536633332743,0.0019979762286593,42.88970947265625,107.18795776367188,55.351219177246094
2012-11-15,2.9,,-0.579,-0.8,91.8837,0.28,2.3257536633332743,0.0020221209663646,42.87077713012695,107.00659942626952,55.16444778442383
2012-11-16,2.9,,-0.578,-0.81,92.0095,0.28,2.3257536633332743,0.0020145248404943,42.99371719360352,107.53496551513672,55.404579162597656
2012-11-19,2.91,,-0.578,-0.78,91.5653,0.28,2.3257536633332743,0.0020343136759915,43.5374641418457,109.71138763427734,56.720741271972656
2012-11-20,2.9,,-0.578,-0.74,91.556,0.28,2.3257536633332743,0.0020398097751301,43.54219436645508,109.75863647460938,56.73855972290039
2012-11-21,2.89,,-0.578,-0.71,91.6645,0.28,2.3257536633332743,0.0020232652364733,43.52803802490234,109.9637222290039,56.85416030883789
2012-11-22,2.89,,-0.578,-0.71,91.6645,0.28,2.3257536633332743,0.0020232652364733,43.52803802490234,109.9637222290039,56.85416030883789
2012-11-23,2.89,,-0.581,-0.72,91.2616,0.28,2.3257536633332743,0.0020142179043104,43.6745719909668,111.46198272705078,57.7168083190918
2012-11-26,2.9,,-0.581,-0.73,91.2789,0.28,2.3257536633332743,0.0020211489073171,43.684043884277344,111.22542572021484,57.965797424316406
2012-11-27,2.91,,-0.581,-0.74,91.2608,0.28,2.3257536633332743,0.0020299047619264,43.72657775878906,110.6575927734375,57.77016830444336
2012-11-28,2.91,,-0.581,-0.75,91.33,0.28,2.3257536633332743,0.0020518497374812,43.73603439331055,111.54869079589844,58.268184661865234
2012-11-29,2.95,,-0.581,-0.78,91.2104,0.28,2.3257536633332743,0.0020776401831492,43.92991638183594,112.0691146850586,58.615013122558594
2012-11-30,2.95,,-0.585,-0.79,91.1038,0.28,2.3257536633332743,0.0021213980130165,43.9961166381836,112.09275817871094,58.51718521118164
2012-12-03,2.95,,-0.585,-0.81,91.0084,0.14,2.0268355938483085,0.0021167714332304,44.21902084350586,111.540771484375,58.40158081054688
2012-12-04,2.94,,-0.585,-0.83,90.9748,0.14,2.0268355938483085,0.0021444169303754,44.21902084350586,111.3830795288086,58.36600112915039
2012-12-05,2.97,,-0.585,-0.85,90.9423,0.14,2.0268355938483085,0.0021667454516745,44.29032897949219,111.5802001953125,57.7168083190918
2012-12-06,2.96,,-0.585,-0.87,91.0629,0.14,2.0268355938483085,0.002133152966713,44.37114715576172,111.95870208740234,58.09030532836914
2012-12-07,2.96,,-0.593,-0.86,91.0437,0.14,2.0268355938483085,0.0021405516655792,44.30459213256836,112.2978286743164,57.74347686767578
2012-12-10,2.95,,-0.593,-0.87,90.9631,0.14,2.0268355938483085,0.0021544074845188,44.34262847900391,112.34513092041016,57.912445068359375
2012-12-11,2.95,,-0.593,-0.84,90.8403,0.14,2.0268355938483085,0.0021490458428454,44.38536834716797,113.1099853515625,58.66837692260742
2012-12-12,2.94,,-0.593,-0.79,90.7708,0.14,2.0268355938483085,0.0021554235700258,44.51846694946289,113.1651840209961,58.54387283325195
2012-12-13,2.92,,-0.593,-0.73,90.776,0.14,2.0268355938483085,0.0021493866888661,44.36163711547852,112.47128295898438,58.0814094543457
2012-12-14,2.9,,-0.603,-0.74,90.7156,0.14,2.0268355938483085,0.0021612217574741,44.328346252441406,112.0533447265625,57.530052185058594
2012-12-17,2.9,,-0.603,-0.7,90.6193,0.14,2.0268355938483085,0.0021502651322499,44.49946212768555,113.37020111083984,58.29485321044922
2012-12-18,2.92,,-0.603,-0.67,90.5161,0.14,2.0268355938483085,0.0021781969941565,44.523250579833984,114.63192749023438,59.18419647216797
2012-12-19,2.89,,-0.603,-0.66,90.4896,0.14,2.0268355938483085,0.00215721573874,44.47569274902344,113.78028106689452,58.92626953125
2012-12-20,2.89,,-0.603,-0.69,90.6002,0.14,2.0268355938483085,0.0021429874418192,44.63254928588867,114.43480682373048,58.92626953125
2012-12-21,2.86,,-0.615,-0.71,90.9597,0.14,2.0268355938483085,0.002143029403193,44.504241943359375,113.39605712890624,58.30654144287109
2012-12-24,2.86,,-0.615,-0.69,91.0354,0.14,2.0268355938483085,0.0021307126322866,44.34262847900391,113.04662322998048,58.19029998779297
2012-12-25,2.86,,-0.615,-0.69,91.0354,0.14,2.0268355938483085,0.0021307126322866,44.34262847900391,113.04662322998048,58.19029998779297
2012-12-26,2.87,,-0.615,-0.71,91.0606,0.14,2.0268355938483085,0.0021586937217025,44.45014190673828,112.57012939453124,57.680545806884766
2012-12-27,2.84,,-0.615,-0.73,91.1037,0.14,2.0268355938483085,0.0021592685955045,44.54094696044922,112.41928100585938,57.59113693237305
2012-12-28,2.85,,-0.626,-0.73,91.0419,0.14,2.0268355938483085,0.0021617620715008,44.42147064208984,111.2042236328125,57.03666687011719
2012-12-31,2.85,,-0.626,-0.67,91.0834,0.14,2.0268355938483085,0.0021739908802681,44.61265563964844,113.0942840576172,58.24394226074219
2013-01-01,2.85,,-0.626,-0.67,91.0834,-0.33,1.446790423782485,0.0021739908802681,44.61265563964844,113.0942840576172,58.24394226074219
2013-01-02,2.85,,-0.626,-0.62,90.6941,-0.33,1.446790423782485,0.0022065880010666,45.033203125,115.9928970336914,60.09505844116211
2013-01-03,2.84,,-0.626,-0.54,90.8097,-0.33,1.446790423782485,0.0022115672145256,44.89459228515625,115.73078155517578,59.78208541870117
2013-01-04,2.81,,-0.64,-0.55,91.1025,-0.33,1.446790423782485,0.0022319640747216,44.92325592041016,116.23907470703124,59.58534240722656
2013-01-07,2.8,,-0.64,-0.6,90.9852,-0.33,1.446790423782485,0.0022260711679194,44.96150207519531,115.9214096069336,59.60323715209961
2013-01-08,2.81,,-0.64,-0.6,91.057,-0.33,1.446790423782485,0.0022010232108635,44.928035736083984,115.58787536621094,59.48698425292969
2013-01-09,2.81,,-0.64,-0.64,91.0088,-0.33,1.446790423782485,0.0022096325798871,45.014068603515625,115.88172149658205,59.71055603027344
2013-01-10,2.8,,-0.64,-0.62,90.6425,-0.33,1.446790423782485,0.002202647029113,45.090553283691406,116.80292510986328,60.06825256347656
2013-01-11,2.8,,-0.653,-0.63,90.5352,-0.33,1.446790423782485,0.0021924698209188,45.17176818847656,116.79497528076172,60.14874267578125
2013-01-14,2.8,,-0.653,-0.66,90.4935,-0.33,1.446790423782485,0.0021687937377012,45.10964584350586,116.71554565429688,59.88044738769531
2013-01-15,2.81,,-0.653,-0.66,90.5191,-0.33,1.446790423782485,0.0021521919056648,45.11921310424805,116.79497528076172,59.58534240722656
2013-01-16,2.84,,-0.653,-0.65,90.596,-0.33,1.446790423782485,0.0021340703537833,45.042762756347656,116.7791519165039,59.82680130004883
2013-01-17,2.84,,-0.653,-0.64,90.5401,-0.33,1.446790423782485,0.0021574775329589,45.20520782470703,117.5335693359375,60.11299896240234
2013-01-18,2.82,,-0.662,-0.66,90.8697,-0.33,1.446790423782485,0.0021721215010092,45.26737594604492,117.7956085205078,59.97882080078125
2013-01-21,2.82,,-0.662,-0.66,90.8697,-0.33,1.446790423782485,0.0021721215010092,45.26737594604492,117.7956085205078,59.97882080078125
2013-01-22,2.82,,-0.662,-0.68,90.7892,-0.33,1.446790423782485,0.002180411081212,45.29604721069336,118.43090057373048,60.07720184326172
2013-01-23,2.83,,-0.662,-0.66,90.8376,-0.33,1.446790423782485,0.0021769554038534,45.24347305297852,118.62145233154295,60.44385528564453
2013-01-24,2.82,,-0.662,-0.62,90.9112,-0.33,1.446790423782485,0.0021949685523166,45.34383010864258,118.65328216552734,59.61217498779297
2013-01-25,2.82,,-0.669,-0.56,91.0868,-0.33,1.446790423782485,0.002197234876287,45.3294677734375,119.32036590576172,59.91623306274414
2013-01-28,2.82,,-0.669,-0.55,91.2354,-0.33,1.446790423782485,0.0022083029989799,45.30559539794922,119.17742919921876,60.05036926269531
2013-01-29,2.81,,-0.669,-0.53,90.9406,-0.33,1.446790423782485,0.002214427721842,45.22915649414063,119.64592742919922,60.0593376159668
2013-01-30,2.84,,-0.669,-0.54,90.8836,-0.33,1.446790423782485,0.0022263229687381,44.90414047241211,119.17742919921876,59.9341049194336
2013-01-31,2.82,,-0.669,-0.57,90.798,-0.33,1.446790423782485,0.0022422618740781,44.765567779541016,118.8836441040039,59.79999542236328
2013-02-01,2.84,,-0.672,-0.55,90.6923,0.23,1.594553877637073,0.0022615909931191,44.91400909423828,120.10660552978516,60.5064697265625
2013-02-04,2.85,,-0.672,-0.59,90.9774,0.23,1.594553877637073,0.0022434787737344,44.72663116455078,118.75651550292967,59.451210021972656
2013-02-05,2.85,,-0.672,-0.55,90.881,0.23,1.594553877637073,0.0022491627761499,44.82756042480469,119.95572662353516,60.32758712768555
2013-02-06,2.86,,-0.672,-0.58,91.0176,0.23,1.594553877637073,0.0022253681304614,44.76029586791992,120.0430679321289,60.13087463378906
2013-02-07,2.85,,-0.672,-0.58,91.2912,0.23,1.594553877637073,0.0022270114788313,44.673789978027344,119.88420104980467,60.18451690673828
2013-02-08,2.86,,-0.674,-0.57,91.3056,0.23,1.594553877637073,0.0022530011913212,44.68339157104492,120.5512924194336,60.80154800415039
2013-02-11,2.84,,-0.674,-0.58,91.4451,0.23,1.594553877637073,0.0022557942272153,44.678592681884766,120.52742004394533,60.81944274902344
2013-02-12,2.85,,-0.674,-0.57,91.2779,0.23,1.594553877637073,0.0022663311308644,44.83234786987305,120.72600555419922,60.56905364990234
2013-02-13,2.84,,-0.674,-0.54,91.2709,0.23,1.594553877637073,0.0022710133064495,44.89961624145508,120.82926177978516,60.783687591552734
2013-02-14,2.85,,-0.674,-0.56,91.366,0.23,1.594553877637073,0.0022817643179101,44.88040542602539,120.94039916992188,60.76578140258789
2013-02-15,2.85,,-0.675,-0.53,91.4551,0.23,1.594553877637073,0.0023191197372923,44.88520431518555,120.79750061035156,60.58692169189453
2013-02-18,2.85,,-0.675,-0.53,91.4551,0.23,1.594553877637073,0.0023191197372923,44.88520431518555,120.79750061035156,60.58692169189453
2013-02-19,2.86,,-0.675,-0.52,91.5073,0.23,1.594553877637073,0.0022726989727188,44.92844009399414,121.70281219482422,61.0251350402832
2013-02-20,2.87,,-0.675,-0.52,91.6689,0.23,1.594553877637073,0.0022854335944666,44.88520431518555,120.18596649169922,60.08615493774414
2013-02-21,2.87,,-0.675,-0.54,92.0394,0.23,1.594553877637073,0.0022497148814637,44.933250427246094,119.45536041259766,59.44227600097656
2013-02-22,2.87,,-0.676,-0.57,92.1197,0.23,1.594553877637073,0.0022449757800691,45.043758392333984,120.62279510498048,60.04143142700195
2013-02-25,2.89,,-0.676,-0.62,92.1975,0.23,1.594553877637073,0.0022323792701908,44.9044075012207,118.32765197753906,59.2991943359375
2013-02-26,2.9,,-0.676,-0.62,92.4247,0.23,1.594553877637073,0.0022080857208508,45.12541580200195,119.13774871826172,59.52275848388672
2013-02-27,2.9,,-0.676,-0.61,92.234,0.23,1.594553877637073,0.0022222919914771,45.20228958129883,120.63866424560548,60.13087463378906
2013-02-28,2.89,,-0.676,-0.64,92.295,0.23,1.594553877637073,0.0022358496693551,45.18308639526367,120.40042114257812,60.00565719604492
2013-03-01,2.9,,-0.677,-0.67,92.6177,-0.26,2.534732272069462,0.0022148354579053,45.27294158935547,120.79750061035156,60.25605773925781
2013-03-04,2.9,,-0.677,-0.65,92.6316,-0.26,2.534732272069462,0.0022155079792277,45.277774810791016,121.44071197509766,60.52433395385742
2013-03-05,2.9,,-0.677,-0.65,92.4965,-0.26,2.534732272069462,0.0022205639968701,45.36954498291016,122.5286865234375,61.41862869262695
2013-03-06,2.89,,-0.677,-0.61,92.4965,-0.26,2.534732272069462,0.0022062746290968,45.34057235717773,122.69546508789062,61.2665901184082
2013-03-07,2.89,,-0.677,-0.56,92.5462,-0.26,2.534732272069462,0.0022234568089369,45.40818405151367,122.91777801513672,61.42755126953125
2013-03-08,2.88,,-0.68,-0.5,92.6252,-0.26,2.534732272069462,0.0022145756405458,45.46131896972656,123.44197082519533,61.49909591674805
2013-03-11,2.87,,-0.68,-0.5,92.5351,-0.26,2.534732272069462,0.0022182785471451,45.43234634399414,123.9105987548828,61.67794418334961
2013-03-12,2.87,,-0.68,-0.52,92.3853,-0.26,2.534732272069462,0.0022230600733971,45.41302108764648,123.63250732421876,61.454402923583984
2013-03-13,2.85,,-0.68,-0.52,92.4709,-0.26,2.534732272069462,0.0022095951135254,45.42269134521485,123.80733489990234,61.3739013671875
2013-03-14,2.88,,-0.68,-0.53,92.4695,-0.26,2.534732272069462,0.002215201823054,45.59658050537109,124.46642303466795,61.57957458496094
2013-03-15,2.89,,-0.683,-0.55,92.128,-0.26,2.534732272069462,0.0022028256810067,45.59175491333008,124.30207824707033,61.40837478637695
2013-03-18,2.91,,-0.683,-0.6,92.3377,-0.26,2.534732272069462,0.0021295027466676,45.60142517089844,123.6161117553711,61.27392578125
2013-03-19,2.9,,-0.683,-0.61,92.526,-0.26,2.534732272069462,0.0021073045626457,45.52416229248047,123.32892608642578,61.157413482666016
2013-03-20,2.9,,-0.683,-0.57,92.4141,-0.26,2.534732272069462,0.0021371694597448,45.67390441894531,124.19043731689452,61.58766174316406
2013-03-21,2.9,,-0.683,-0.57,92.3322,-0.26,2.534732272069462,0.0021210806752425,45.59175491333008,123.1295166015625,60.88850402832031
2013-03-22,2.9,,-0.687,-0.6,92.2051,-0.26,2.534732272069462,0.0021504171966044,45.55793762207031,124.11861419677734,61.48007583618164
2013-03-25,2.91,,-0.687,-0.6,92.3081,-0.26,2.534732272069462,0.0021407204256781,45.49031066894531,123.60009765625,61.255985260009766
2013-03-26,2.91,,-0.687,-0.61,92.232,-0.26,2.534732272069462,0.0021509586292341,45.57244110107422,124.58930206298828,61.58766174316406
2013-03-27,2.93,,-0.687,-0.64,92.446,-0.26,2.534732272069462,0.0021385880009978,45.49515151977539,124.58930206298828,61.66834259033203
2013-03-28,2.96,,-0.687,-0.64,92.2544,-0.26,2.534732272069462,0.0021287935019949,45.577266693115234,124.9721908569336,61.8206901550293
2013-03-29,2.96,,-0.693,-0.64,92.302,-0.26,2.534732272069462,0.0021287935019949,45.577266693115234,124.9721908569336,61.8206901550293
2013-04-01,2.91,,-0.693,-0.65,92.1687,-0.29,1.7145631127746477,0.0021046875417232,45.658836364746094,124.47760009765624,61.39942169189453
2013-04-02,2.91,,-0.693,-0.63,92.1432,-0.29,1.7145631127746477,0.0021408164759603,45.62486267089844,125.09183502197266,61.88344192504883
2013-04-03,2.91,,-0.693,-0.65,92.104,-0.29,1.7145631127746477,0.0021416150868579,45.62486267089844,123.82356262207033,61.31876373291016
2013-04-04,2.88,,-0.693,-0.7,92.3896,-0.29,1.7145631127746477,0.0021558834173881,45.61029815673828,124.32603454589844,61.33666610717773
2013-04-05,2.82,,-0.701,-0.74,92.1043,-0.29,1.7145631127746477,0.0021200963960956,45.65399932861328,123.76764678955078,60.82576751708984
2013-04-08,2.82,,-0.701,-0.69,92.2317,-0.29,1.7145631127746477,0.00214249365809,45.70256042480469,124.60519409179688,61.1484489440918
2013-04-09,2.82,,-0.701,-0.67,91.9669,-0.29,1.7145631127746477,0.0021674442501529,45.84822845458984,125.03596496582033,61.56077194213867
2013-04-10,2.83,,-0.701,-0.6,91.9598,-0.29,1.7145631127746477,0.002190848955501,45.99388122558594,126.56746673583984,62.7618408203125
2013-04-11,2.84,,-0.701,-0.65,91.6972,-0.29,1.7145631127746477,0.0021913954268972,45.99388122558594,126.98226928710938,62.73493957519531
2013-04-12,2.82,,-0.711,-0.68,91.7967,-0.29,1.7145631127746477,0.0022311791986088,46.00844192504883,126.67122650146484,62.69011688232422
2013-04-15,2.82,,-0.711,-0.69,91.9457,-0.29,1.7145631127746477,0.0024107011834813,45.71708679199219,123.7357406616211,61.45319747924805
2013-04-16,2.81,,-0.711,-0.65,91.8451,-0.29,1.7145631127746477,0.0023842658217616,46.03273010253906,125.56243133544922,62.26885223388672
2013-04-17,2.81,,-0.711,-0.64,92.1372,-0.29,1.7145631127746477,0.0023064680049058,45.95990753173828,123.72786712646484,61.04980850219727
2013-04-18,2.8,,-0.711,-0.55,92.176,-0.29,1.7145631127746477,0.0023020833045586,45.88706588745117,122.95401763916016,60.20726013183594
2013-04-19,2.81,,-0.722,-0.59,92.2166,-0.29,1.7145631127746477,0.002258653964282,45.86277770996094,124.02288818359376,61.03190231323242
2013-04-22,2.82,,-0.722,-0.63,92.3591,-0.29,1.7145631127746477,0.0022040816111769,45.96961975097656,124.57329559326172,61.65933609008789
2013-04-23,2.8,,-0.722,-0.64,92.3836,-0.29,1.7145631127746477,0.002196507280076,46.14927673339844,125.85755920410156,62.25093460083008
2013-04-24,2.8,,-0.722,-0.65,92.4581,-0.29,1.7145631127746477,0.0022186314024201,46.231842041015625,125.93731689453124,62.22406005859375
2013-04-25,2.81,,-0.722,-0.66,92.0394,-0.29,1.7145631127746477,0.0022150771705558,46.35807418823242,126.44786834716795,62.55571365356445
2013-04-26,2.81,,-0.733,-0.68,91.9012,-0.29,1.7145631127746477,0.002191111720056,46.30954360961914,126.22444152832033,62.35846710205078
2013-04-29,2.82,,-0.733,-0.67,91.6539,-0.29,1.7145631127746477,0.0021981055289265,46.39692306518555,127.07003021240234,62.93218231201172
2013-04-30,2.83,,-0.733,-0.64,91.3741,-0.29,1.7145631127746477,0.0021651270925955,46.54256820678711,127.37312316894533,63.38927459716797
2013-05-01,2.82,,-0.733,-0.64,91.4331,0.14,1.5594777439077443,0.0021313004749077,46.45378494262695,126.25643920898438,63.09351348876953
2013-05-02,2.81,,-0.733,-0.62,91.6174,0.14,1.5594777439077443,0.0021152143889044,46.7514533996582,127.4290008544922,63.891231536865234
2013-05-03,2.82,,-0.742,-0.53,91.5087,0.14,1.5594777439077443,0.0022628558471827,46.82463836669922,128.72120666503906,64.64412689208984
2013-05-06,2.83,,-0.742,-0.51,91.6387,0.14,1.5594777439077443,0.0022546148067732,46.85390090942383,129.04830932617188,64.8951416015625
2013-05-07,2.82,,-0.742,-0.5,91.5201,0.14,1.5594777439077443,0.0022777777198596,46.81977081298828,129.70240783691406,64.85930633544922
2013-05-08,2.8,,-0.742,-0.48,91.1848,0.14,1.5594777439077443,0.0022871293816814,46.98566818237305,130.29266357421875,65.17298889160156
2013-05-09,2.82,,-0.742,-0.5,91.3036,0.14,1.5594777439077443,0.0022749863376808,46.84902572631836,129.9257354736328,65.08338165283203
2013-05-10,2.82,,-0.746,-0.45,92.2527,0.14,1.5594777439077443,0.0023357459859021,46.60505676269531,130.3484649658203,65.4777603149414
2013-05-13,2.81,,-0.746,-0.41,92.2711,0.14,1.5594777439077443,0.0023436737459434,46.41474151611328,130.4521942138672,65.5584487915039
2013-05-14,2.81,,-0.746,-0.37,92.3697,0.14,1.5594777439077443,0.0023096090674438,46.46353912353516,131.80027770996094,65.89906311035156
2013-05-15,2.82,,-0.746,-0.36,92.7691,0.14,1.5594777439077443,0.0023394199498357,46.46842193603516,132.51023864746094,66.03351593017578
2013-05-16,2.81,,-0.746,-0.4,92.6602,0.14,1.5594777439077443,0.0023732968879352,46.58065414428711,131.88804626464844,65.9617919921875
2013-05-17,2.81,,-0.742,-0.31,93.1617,0.14,1.5594777439077443,0.0024331453145132,46.58065414428711,133.16429138183594,66.59817504882812
2013-05-20,2.8,,-0.742,-0.31,93.0359,0.14,1.5594777439077443,0.0024250523687949,46.62945556640625,133.1562957763672,66.49958038330078
2013-05-21,2.81,,-0.742,-0.34,92.9662,0.14,1.5594777439077443,0.0024234285588017,46.71729278564453,133.3477783203125,66.57127380371094
2013-05-22,2.78,,-0.742,-0.24,93.3104,0.14,1.5594777439077443,0.0024696549557727,46.42938995361328,132.35865783691406,65.9886474609375
2013-05-23,2.77,,-0.742,-0.24,93.2113,0.14,1.5594777439077443,0.0023703304515487,46.30252456665039,131.9757537841797,65.83629608154297
2013-05-24,2.75,,-0.732,-0.26,93.2768,0.14,1.5594777439077443,0.0023734496507511,46.21468353271485,131.8640594482422,65.80046844482422
2013-05-27,2.75,,-0.732,-0.26,93.2768,0.14,1.5594777439077443,0.0023734496507511,46.21468353271485,131.8640594482422,65.80046844482422
2013-05-28,2.73,,-0.732,-0.14,93.5853,0.14,1.5594777439077443,0.0024012037786254,46.043922424316406,132.6537628173828,66.2307357788086
2013-05-29,2.75,,-0.732,-0.1,93.531,0.14,1.5594777439077443,0.0023654134793898,45.858497619628906,131.7923126220703,65.91700744628906
2013-05-30,2.77,,-0.732,-0.05,93.4219,0.14,1.5594777439077443,0.0023453771920226,45.951202392578125,132.2788848876953,66.26657104492188
2013-05-31,2.79,,-0.715,-0.05,93.6076,0.14,1.5594777439077443,0.0023617694183488,45.34123992919922,130.3804168701172,65.6570053100586
2013-06-03,2.82,,-0.715,-0.07,93.163,-0.14,1.7645800035426706,0.0023567330295389,45.301517486572266,131.0983123779297,65.77356719970703
2013-06-04,2.86,,-0.715,-0.05,93.3067,-0.14,1.7645800035426706,0.0024085606387083,45.301517486572266,130.46817016601562,65.43295288085938
2013-06-05,2.89,,-0.715,-0.06,93.275,-0.14,1.7645800035426706,0.0024077517478645,44.90910339355469,128.6414794921875,64.58143615722656
2013-06-06,2.88,,-0.715,-0.05,92.809,-0.14,1.7645800035426706,0.0023423042304948,45.262245178222656,129.8061065673828,64.8951416015625
2013-06-07,2.89,,-0.696,0.03,92.6056,-0.14,1.7645800035426706,0.0023615329229392,45.29169464111328,131.45724487304688,65.78255462646484
2013-06-10,2.89,,-0.696,0.11,92.973,-0.14,1.7645800035426706,0.0023366038061664,45.19852828979492,131.45724487304688,65.80938720703125
2013-06-11,2.91,,-0.696,0.13,92.7996,-0.14,1.7645800035426706,0.0023188090618745,44.91892623901367,130.1011962890625,65.15506744384766
2013-06-12,2.91,,-0.696,0.21,92.4775,-0.14,1.7645800035426706,0.0023171431178982,44.95322036743164,129.02432250976562,64.40217590332031
2013-06-13,2.92,,-0.696,0.15,92.3449,-0.14,1.7645800035426706,0.0023119918693558,45.4682731628418,130.98663330078125,65.21782684326172
2013-06-14,2.93,,-0.678,0.09,92.1886,-0.14,1.7645800035426706,0.0023098823954144,45.522220611572266,130.1649932861328,64.78758239746094
2013-06-17,2.93,,-0.678,0.15,92.3332,-0.14,1.7645800035426706,0.0023155914012577,45.517333984375,131.17007446289062,65.41503143310547
2013-06-18,2.92,,-0.678,0.14,92.5432,-0.14,1.7645800035426706,0.002310112777147,45.63014602661133,132.20709228515625,65.95282745361328
2013-06-19,2.87,,-0.678,0.29,92.4755,-0.14,1.7645800035426706,0.0022885120453678,44.9483528137207,130.3804168701172,65.21782684326172
2013-06-20,2.93,,-0.678,0.46,94.125,-0.14,1.7645800035426706,0.0023808227812066,44.50690841674805,127.14984893798828,63.66712188720703
2013-06-21,2.87,,-0.663,0.59,94.4243,-0.14,1.7645800035426706,0.002397414043374,44.2175407409668,127.55794525146484,63.3290901184082
2013-06-24,2.86,,-0.663,0.64,94.5714,-0.14,1.7645800035426706,0.0023699873959634,43.673072814941406,125.94619750976562,62.69963836669922
2013-06-25,2.88,,-0.663,0.64,94.3285,-0.14,1.7645800035426706,0.002409005319701,44.29600143432617,127.15697479248048,63.15821838378906
2013-06-26,2.89,,-0.663,0.6,94.3807,-0.14,1.7645800035426706,0.0024731619630397,44.66386413574219,128.41595458984375,63.72470474243164
2013-06-27,2.92,,-0.663,0.5,94.2429,-0.14,1.7645800035426706,0.0025198117451031,44.87969970703125,129.1698455810547,63.99448013305664
2013-06-28,2.83,,-0.656,0.53,94.3047,-0.14,1.7645800035426706,0.0024926456891366,44.57558822631836,128.64053344726562,64.08438110351562
2013-07-01,2.83,,-0.656,0.48,94.0998,-0.52,1.2364196654177428,0.0025121426149041,44.81718826293945,129.3944091796875,64.47999572753906
2013-07-02,2.81,,-0.656,0.44,94.4051,-0.52,1.2364196654177428,0.0025265358810137,44.67912292480469,129.27403259277344,64.5069808959961
2013-07-03,2.8,,-0.656,0.48,94.4767,-0.52,1.2364196654177428,0.002534941367849,44.78269577026367,129.33018493652344,64.76775360107422
2013-07-04,2.8,,-0.656,0.48,94.4767,-0.52,1.2364196654177428,0.002534941367849,44.78269577026367,129.33018493652344,64.76775360107422
2013-07-05,2.77,,-0.657,0.66,95.0639,-0.52,1.2364196654177428,0.0025393683417509,44.304386138916016,130.7255096435547,65.26229858398438
2013-07-08,2.79,,-0.657,0.58,94.9954,-0.52,1.2364196654177428,0.002519637187854,44.91582489013672,131.4712371826172,65.32526397705078
2013-07-09,2.78,,-0.657,0.59,94.9467,-0.52,1.2364196654177428,0.002468897917111,44.94047546386719,132.41748046875,65.72087860107422
2013-07-10,2.75,,-0.657,0.64,94.7595,-0.52,1.2364196654177428,0.002485970827224,45.11799621582031,132.465576171875,66.09852600097656
2013-07-11,2.77,,-0.657,0.56,93.949,-0.52,1.2364196654177428,0.0024869151724194,45.685035705566406,134.26986694335938,67.41133880615234
2013-07-12,2.77,,-0.664,0.55,94.0029,-0.52,1.2364196654177428,0.0024812176544851,45.6406364440918,134.32601928710938,67.70806884765625
2013-07-15,2.76,,-0.664,0.47,93.9729,-0.52,1.2364196654177428,0.0024622214465849,45.83298110961914,134.8392333984375,67.86093139648438
2013-07-16,2.74,,-0.664,0.41,93.5232,-0.52,1.2364196654177428,0.0024786953539613,45.71957015991211,134.3340606689453,67.77099609375
2013-07-17,2.74,,-0.664,0.38,93.5498,-0.52,1.2364196654177428,0.0024575475457123,46.05489349365234,134.6788330078125,67.9418716430664
2013-07-18,2.75,,-0.664,0.38,93.681,-0.52,1.2364196654177428,0.0024462867689785,46.33100509643555,135.4165802001953,67.77099609375
2013-07-19,2.74,,-0.675,0.29,93.4759,-0.52,1.2364196654177428,0.0024356297660559,46.30140686035156,135.65719604492188,67.06963348388672
2013-07-22,2.71,,-0.675,0.28,93.2253,-0.52,1.2364196654177428,0.0023866357641369,46.33592224121094,135.92172241210938,67.26744842529297
2013-07-23,2.7,,-0.675,0.33,93.1631,-0.52,1.2364196654177428,0.0023953262023093,46.22251129150391,135.63311767578125,66.77291870117188
2013-07-24,2.67,,-0.675,0.44,93.3124,-0.52,1.2364196654177428,0.0024107752335773,45.83298110961914,135.1359405517578,66.98870849609375
2013-07-25,2.69,,-0.675,0.44,93.2862,-0.52,1.2364196654177428,0.0023991722554708,45.72942352294922,135.4646759033203,67.41133880615234
2013-07-26,2.67,,-0.686,0.43,93.1695,-0.52,1.2364196654177428,0.0023522736494152,45.74913787841797,135.6090545654297,67.77099609375
2013-07-29,2.69,,-0.686,0.45,93.1663,-0.52,1.2364196654177428,0.0023460552872185,45.65049743652344,135.19203186035156,67.64510345458984
2013-07-30,2.68,,-0.686,0.46,93.3976,-0.52,1.2364196654177428,0.0022968277110073,45.714630126953125,135.19203186035156,68.00480651855469
2013-07-31,2.68,,-0.686,0.38,93.5703,-0.52,1.2364196654177428,0.0023761809938019,45.8477783203125,135.2882537841797,68.13066864013672
2013-08-01,2.66,,-0.686,0.48,93.7972,0.3,2.2593571227008,0.0024134248927019,45.4131965637207,136.85195922851562,68.82302856445312
2013-08-02,2.68,,-0.694,0.42,93.5789,0.3,2.2593571227008,0.0024183581348813,45.690696716308594,137.0845184326172,69.2096939086914
2013-08-05,2.7,,-0.694,0.42,93.507,0.3,2.2593571227008,0.0024312913516588,45.45779037475586,136.8839874267578,69.2546615600586
2013-08-06,2.69,,-0.694,0.39,93.3199,0.3,2.2593571227008,0.0024719451777087,45.4131965637207,136.106201171875,68.84101867675781
2013-08-07,2.72,,-0.694,0.35,93.2652,0.3,2.2593571227008,0.0024706477488961,45.269493103027344,135.66519165039062,68.71514129638672
2013-08-08,2.73,,-0.694,0.34,92.8483,0.3,2.2593571227008,0.0024952316064121,45.36862564086914,136.16233825683594,69.05683135986328
2013-08-09,2.74,,-0.697,0.33,92.8394,0.3,2.2593571227008,0.0025199938989832,45.37356185913086,135.7694549560547,68.77809143066406
2013-08-12,2.72,,-0.697,0.37,92.9178,0.3,2.2593571227008,0.0024773357900666,45.33391952514648,135.6090545654297,68.93993377685547
2013-08-13,2.72,,-0.697,0.48,93.476,0.3,2.2593571227008,0.0025117318835943,45.33391952514648,136.00999450683594,69.32656860351562
2013-08-14,2.72,,-0.697,0.5,93.382,0.3,2.2593571227008,0.0025041230257483,45.24472427368164,135.31227111816406,69.0658187866211
2013-08-15,2.7,,-0.697,0.6,93.5059,0.3,2.2593571227008,0.0024515277019532,45.011810302734375,133.41986083984375,67.89688873291016
2013-08-16,2.7,,-0.696,0.68,93.4255,0.3,2.2593571227008,0.0024527959215147,44.858211517333984,132.97879028320312,67.86990356445312
2013-08-19,2.7,,-0.696,0.75,93.6623,0.3,2.2593571227008,0.0024421754125859,44.56095123291016,132.1288299560547,67.75302124023438
2013-08-20,2.72,,-0.696,0.67,93.5536,0.3,2.2593571227008,0.0024320879832394,44.97222900390625,132.7783203125,68.04975128173828
2013-08-21,2.71,,-0.696,0.73,94.0362,0.3,2.2593571227008,0.0024160952367327,44.80870056152344,131.9604034423828,67.81596374511719
2013-08-22,2.68,,-0.696,0.79,94.2804,0.3,2.2593571227008,0.0024307176658213,45.05150985717773,133.1632843017578,68.48135375976562
2013-08-23,2.67,,-0.691,0.69,93.9466,0.3,2.2593571227008,0.0024016623309889,45.23979568481445,133.6123046875,68.93993377685547
2013-08-26,2.67,,-0.691,0.64,94.1853,0.3,2.2593571227008,0.0023847810672669,45.24472427368164,133.1151123046875,68.97590637207031
2013-08-27,2.66,,-0.691,0.57,94.3934,0.3,2.2593571227008,0.0023458398128945,44.95237731933594,130.9740753173828,67.56417846679688
2013-08-28,2.65,,-0.691,0.63,94.4127,0.3,2.2593571227008,0.0023305143916833,45.12088394165039,131.4391326904297,67.82493591308594
2013-08-29,2.62,,-0.691,0.65,94.6398,0.3,2.2593571227008,0.0022959869077669,45.3041877746582,131.64764404296875,68.3015365600586
2013-08-30,2.56,,-0.687,0.68,94.7541,0.3,2.2593571227008,0.0023100064186155,45.264556884765625,131.23065185546875,67.86093139648438
2013-09-02,2.56,,-0.687,0.68,94.7541,0.1,2.854766330187619,0.0023100064186155,45.264556884765625,131.23065185546875,67.86093139648438
2013-09-03,2.58,,-0.687,0.76,94.9574,0.1,2.854766330187619,0.0023346317050814,45.02547836303711,131.8240966796875,68.24757385253906
2013-09-04,2.55,,-0.687,0.83,94.5739,0.1,2.854766330187619,0.0023285847672101,45.19482803344727,132.91464233398438,68.97590637207031
2013-09-05,2.55,,-0.687,0.92,94.8891,0.1,2.854766330187619,0.0023603524832009,44.96567535400391,133.0830535888672,69.09278869628906
2013-09-06,2.59,,-0.685,0.87,94.2487,0.1,2.854766330187619,0.0023494627617531,45.11513519287109,133.14723205566406,69.1737289428711
2013-09-09,2.6,,-0.685,0.84,94.0009,0.1,2.854766330187619,0.0023619122755985,45.22967529296875,134.4222412109375,69.98299407958984
2013-09-10,2.61,,-0.685,0.86,93.938,0.1,2.854766330187619,0.0023909536984951,45.389068603515625,135.4165802001953,70.32463836669922
2013-09-11,2.61,,-0.685,0.8,93.7112,0.1,2.854766330187619,0.0023876383513674,45.4488639831543,135.84158325195312,70.18980407714844
2013-09-12,2.61,,-0.685,0.81,93.5903,0.1,2.854766330187619,0.0024146873394581,45.394073486328125,135.4807586669922,70.1448745727539
2013-09-13,2.64,,-0.687,0.8,93.6666,0.1,2.854766330187619,0.0024510852624007,45.35921859741211,135.7854766845703,70.18980407714844
2013-09-16,2.68,,-0.687,0.76,93.2875,0.1,2.854766330187619,0.0024485924108904,45.60827255249024,136.57131958007812,70.0009765625
2013-09-17,2.67,,-0.687,0.7,93.2231,0.1,2.854766330187619,0.0024650629443401,45.75771713256836,137.1807861328125,70.46856689453125
2013-09-18,2.75,,-0.687,0.49,93.2569,0.1,2.854766330187619,0.0025107048734806,46.19603729248047,138.76853942871094,71.31375122070312
2013-09-19,2.72,,-0.687,0.55,92.4082,0.1,2.854766330187619,0.0024463267452225,46.06152725219727,138.53598022460938,71.4845962524414
2013-09-20,2.68,,-0.692,0.52,92.6049,0.1,2.854766330187619,0.0024971858198155,46.00677108764648,137.56739807128906,71.23929595947266
2013-09-23,2.7,,-0.692,0.46,92.613,0.1,2.854766330187619,0.0024930288845226,46.00177383422852,136.93080139160156,71.09500122070312
2013-09-24,2.68,,-0.692,0.48,92.7691,0.1,2.854766330187619,0.0024813830309001,45.902156829833984,136.60850524902344,71.09500122070312
2013-09-25,2.7,,-0.692,0.45,92.7675,0.1,2.854766330187619,0.0024556477844133,45.822452545166016,136.21363830566406,70.85149383544922
2013-09-26,2.72,,-0.692,0.47,93.0096,0.1,2.854766330187619,0.0024962223948026,45.79754638671875,136.7374267578125,71.40164947509766
2013-09-27,2.73,,-0.7,0.46,92.9747,0.1,2.854766330187619,0.0024846831670523,45.74776077270508,136.1089324951172,71.31145477294922
2013-09-30,2.75,,-0.7,0.45,92.9207,0.1,2.854766330187619,0.0025035809266356,45.61821746826172,135.3836669921875,71.14009094238281
2013-10-01,2.76,,-0.7,0.46,92.9515,0.01,2.4178437626957816,0.0025443235415136,45.81597137451172,136.45538330078125,71.86160278320312
2013-10-02,2.77,,-0.7,0.43,92.772,0.01,2.4178437626957816,0.0025075724168554,45.8359603881836,136.3264617919922,71.83453369140625
2013-10-03,2.78,,-0.7,0.43,92.7461,0.01,2.4178437626957816,0.0024760892845543,45.865997314453125,135.06944274902344,70.99580383300781
2013-10-04,2.76,,-0.71,0.46,92.6469,0.01,2.4178437626957816,0.0025146980754235,45.94610595703125,136.09275817871094,71.60906982421875
2013-10-07,2.74,,-0.71,0.45,92.6725,0.01,2.4178437626957816,0.0024830162113916,45.82595443725586,134.91624450683594,71.01384735107422
2013-10-08,2.71,,-0.71,0.48,92.7558,0.01,2.4178437626957816,0.0024784777117272,45.805938720703125,133.34490966796875,69.64297485351562
2013-10-09,2.71,,-0.71,0.47,93.0829,0.01,2.4178437626957816,0.0024649933887144,45.845977783203125,133.44168090820312,69.42655944824219
2013-10-10,2.68,,-0.71,0.5,92.8579,0.01,2.4178437626957816,0.0024996143745821,46.05620956420898,136.3184051513672,70.8966064453125
2013-10-11,2.68,,-0.722,0.5,92.854,0.01,2.4178437626957816,0.0025749212183786,46.14128875732422,137.19668579101562,71.45575714111328
2013-10-14,2.68,,-0.722,0.5,92.854,0.01,2.4178437626957816,0.0025853963406426,46.21139526367188,137.7446746826172,71.9607925415039
2013-10-15,2.66,,-0.722,0.54,92.7642,0.01,2.4178437626957816,0.0025954437555521,46.196388244628906,136.7454833984375,71.68121337890625
2013-10-16,2.66,,-0.722,0.5,92.6819,0.01,2.4178437626957816,0.0025744929142563,46.44166564941406,138.65525817871094,72.49291229248047
2013-10-17,2.66,,-0.722,0.45,92.0246,0.01,2.4178437626957816,0.0024865805970721,46.66689682006836,139.5819091796875,72.90775299072266
2013-10-18,2.66,,-0.736,0.42,91.9989,0.01,2.4178437626957816,0.002505325564264,46.76198959350586,140.5247039794922,74.08924102783203
2013-10-21,2.65,,-0.736,0.44,92.2498,0.01,2.4178437626957816,0.0025051304447332,46.65687942504883,140.53274536132812,74.2515869140625
2013-10-22,2.66,,-0.736,0.37,91.9563,0.01,2.4178437626957816,0.0024793296330911,46.797019958496094,141.34666442871094,74.35978698730469
2013-10-23,2.67,,-0.736,0.36,92.0947,0.01,2.4178437626957816,0.0024488341977654,46.83708572387695,140.66976928710938,73.90884399414062
2013-10-24,2.68,,-0.736,0.36,92.1867,0.01,2.4178437626957816,0.0024151977750804,46.8520736694336,141.1371307373047,74.23352813720703
2013-10-25,2.66,,-0.749,0.34,92.1623,0.01,2.4178437626957816,0.002414596280475,46.86712646484375,141.78170776367188,74.76566314697266
2013-10-28,2.66,,-0.749,0.35,92.1872,0.01,2.4178437626957816,0.0024119821878579,46.85708618164063,142.00738525390625,74.78366088867188
2013-10-29,2.69,,-0.749,0.35,92.301,0.01,2.4178437626957816,0.0024349540425379,46.93217849731445,142.7648468017578,74.90992736816406
2013-10-30,2.68,,-0.749,0.37,92.3057,0.01,2.4178437626957816,0.0024614528517443,46.741947174072266,142.05569458007812,74.83778381347656
2013-10-31,2.65,,-0.749,0.4,92.731,0.01,2.4178437626957816,0.0024890451596413,46.7669792175293,141.65286254882812,74.66641998291016
2013-11-01,2.64,,-0.761,0.5,93.155,0.3,2.281966236973343,0.002508186739646,46.68651580810547,141.9912872314453,74.68446350097656
2013-11-04,2.66,,-0.761,0.5,92.9359,0.3,2.281966236973343,0.0024703331835466,46.76697540283203,142.4908447265625,74.79270935058594
2013-11-05,2.66,,-0.761,0.55,93.2112,0.3,2.281966236973343,0.0024866208388535,46.64125442504883,142.03961181640625,74.87384033203125
2013-11-06,2.7,,-0.761,0.48,93.0943,0.3,2.281966236973343,0.0024550353001218,46.77706909179688,142.7648468017578,74.85581970214844
2013-11-07,2.7,,-0.761,0.46,93.4003,0.3,2.281966236973343,0.0024831855792224,46.807228088378906,140.95985412597656,73.44890594482422
2013-11-08,2.69,,-0.771,0.59,93.6619,0.3,2.281966236973343,0.0025325029357577,46.72675323486328,142.8615264892578,74.44096374511719
2013-11-11,2.69,,-0.771,0.59,93.6619,0.3,2.281966236973343,0.0025464481529456,46.550689697265625,142.88572692871094,74.32372283935547
2013-11-12,2.67,,-0.771,0.62,93.7651,0.3,2.281966236973343,0.0025462198780262,46.48530578613281,142.5956573486328,74.44096374511719
2013-11-13,2.69,,-0.771,0.58,93.4848,0.3,2.281966236973343,0.0024946778463469,46.66134643554688,143.73983764648438,75.34285736083984
2013-11-14,2.72,,-0.771,0.51,93.4328,0.3,2.281966236973343,0.0024576272223237,46.79718017578125,144.4570770263672,75.57732391357422
2013-11-15,2.7,,-0.779,0.53,93.2854,0.3,2.281966236973343,0.0024648488906399,46.86759567260742,145.08551025390625,75.7216567993164
2013-11-18,2.66,,-0.779,0.48,92.9824,0.3,2.281966236973343,0.0024787770799738,46.7318000793457,144.5779266357422,74.9820785522461
2013-11-19,2.66,,-0.779,0.53,93.0649,0.3,2.281966236973343,0.0024831159731814,46.71166610717773,144.2636260986328,74.76566314697266
2013-11-20,2.67,,-0.779,0.64,93.2501,0.3,2.281966236973343,0.0025133157768913,46.66643142700195,143.81240844726562,74.58528900146484
2013-11-21,2.65,,-0.779,0.6,93.5638,0.3,2.281966236973343,0.002571371122206,46.82733917236328,144.9727325439453,75.34285736083984
2013-11-22,2.65,,-0.785,0.56,93.4198,0.3,2.281966236973343,0.0025936495452831,46.8625602722168,145.69798278808594,75.74866485595703
2013-11-25,2.65,,-0.785,0.56,93.5539,0.3,2.281966236973343,0.0026097817627357,46.93296813964844,145.55296325683594,75.9290771484375
2013-11-26,2.63,,-0.785,0.54,93.5226,0.3,2.281966236973343,0.0026010955598915,46.96816253662109,145.59320068359375,76.32588958740234
2013-11-27,2.63,,-0.785,0.58,93.6864,0.3,2.281966236973343,0.0025856357127099,46.9380111694336,145.94778442382812,76.85801696777344
2013-11-28,2.63,,-0.785,0.58,93.6864,0.3,2.281966236973343,0.0025856357127099,46.9380111694336,145.94778442382812,76.85801696777344
2013-11-29,2.61,,-0.79,0.6,93.6291,0.3,2.281966236973343,0.0025831601198619,46.98830795288086,145.85104370117188,77.31794738769531
2013-12-02,2.6,,-0.79,0.66,93.8856,-0.15,2.245344069429267,0.0026323323593699,47.00349044799805,145.47238159179688,77.09248352050781
2013-12-03,2.6,,-0.79,0.64,93.8251,-0.15,2.245344069429267,0.0026201195900302,46.957984924316406,144.84381103515625,77.02932739257812
2013-12-04,2.62,,-0.79,0.73,93.8997,-0.15,2.245344069429267,0.0026209743940101,46.8366813659668,144.8277130126953,77.10148620605469
2013-12-05,2.59,,-0.79,0.76,93.4954,-0.15,2.245344069429267,0.0026447453867031,46.80131912231445,144.1911163330078,77.0022964477539
2013-12-06,2.58,,-0.793,0.77,93.4045,-0.15,2.245344069429267,0.0026574818234628,46.93268585205078,145.80274963378906,77.56146240234375
2013-12-09,2.57,,-0.793,0.74,93.1444,-0.15,2.245344069429267,0.0026677729375795,47.10454559326172,146.17337036132812,77.87714385986328
2013-12-10,2.56,,-0.793,0.69,93.1444,-0.15,2.245344069429267,0.0026152566683831,47.10454559326172,145.64964294433594,77.822998046875
2013-12-11,2.55,,-0.793,0.71,93.0842,-0.15,2.245344069429267,0.0026471990889199,46.963035583496094,144.01388549804688,76.82190704345703
2013-12-12,2.53,,-0.793,0.75,93.4292,-0.15,2.245344069429267,0.0027177814169381,46.87712478637695,143.53836059570312,76.6235122680664
2013-12-13,2.5,,-0.795,0.72,93.3568,-0.15,2.245344069429267,0.0027126326216277,46.95292282104492,143.5222930908203,76.5242691040039
2013-12-16,2.5,,-0.795,0.71,93.2175,-0.15,2.245344069429267,0.0027105579506389,46.993350982666016,144.41676330566406,76.94817352294922
2013-12-17,2.5,,-0.795,0.67,93.302,-0.15,2.245344069429267,0.0027347305364917,46.9984016418457,143.9574737548828,76.79485321044922
2013-12-18,2.5,,-0.795,0.72,93.4207,-0.15,2.245344069429267,0.0027190357798057,47.07930755615234,146.41514587402344,77.687744140625
2013-12-19,2.42,,-0.795,0.79,93.7368,-0.15,2.245344069429267,0.0027953975869023,47.028751373291016,146.2459716796875,77.47129821777344
2013-12-20,2.38,,-0.797,0.73,93.7211,-0.15,2.245344069429267,0.0027781927785395,47.059078216552734,147.09661865234375,78.26020812988281
2013-12-23,2.35,,-0.797,0.76,93.572,-0.15,2.245344069429267,0.0027958111136134,47.094459533691406,147.8824920654297,79.08354187011719
2013-12-24,2.36,,-0.797,0.8,93.6734,-0.15,2.245344069429267,0.0028358643169101,47.06915664672852,148.20657348632812,79.11971282958984
2013-12-25,2.36,,-0.797,0.8,93.6734,-0.15,2.245344069429267,0.0028358643169101,47.06915664672852,148.20657348632812,79.11971282958984
2013-12-26,2.37,,-0.797,0.8,93.766,-0.15,2.245344069429267,0.0028411993684939,47.113380432128906,148.96005249023438,79.38207244873047
2013-12-27,2.37,,-0.797,0.8,93.7018,-0.15,2.245344069429267,0.0028533838485921,47.108306884765625,148.95196533203125,79.18302154541016
2013-12-30,2.35,,-0.797,0.76,93.4866,-0.15,2.245344069429267,0.002843072154821,47.14891052246094,148.92762756347656,79.0654296875
2013-12-31,2.33,,-0.797,0.8,93.5576,-0.15,2.245344069429267,0.002863382875942,47.17941284179688,149.6324920654297,79.58112335205078
2014-01-01,2.33,,-0.797,0.8,93.5576,-0.7,1.856627704298197,0.002863382875942,47.17941284179688,149.6324920654297,79.58112335205078
2014-01-02,2.34,,-0.797,0.74,93.8192,-0.7,1.856627704298197,0.0028012244555414,47.26065444946289,148.19847106933594,78.95685577392578
2014-01-03,2.34,,-0.795,0.75,93.853,-0.7,1.856627704298197,0.0027503228615665,47.24542236328125,148.17416381835938,78.38687896728516
2014-01-06,2.32,,-0.795,0.72,93.9109,-0.7,1.856627704298197,0.0027565033173996,47.34702301025391,147.74478149414062,78.09734344482422
2014-01-07,2.32,,-0.795,0.7,94.0398,-0.7,1.856627704298197,0.0027745241138881,47.34702301025391,148.6522216796875,78.82115936279297
2014-01-08,2.31,,-0.795,0.72,94.2181,-0.7,1.856627704298197,0.0027695257932054,47.31657409667969,148.68455505371094,78.99308013916016
2014-01-09,2.31,,-0.795,0.66,94.3299,-0.7,1.856627704298197,0.0027283819721231,47.38765335083008,148.7818145751953,78.73067474365234
2014-01-10,2.32,,-0.792,0.59,94.0045,-0.7,1.856627704298197,0.0027167724525372,47.529876708984375,149.18690490722656,78.9840087890625
2014-01-13,2.34,,-0.792,0.57,93.899,-0.7,1.856627704298197,0.0027180430322239,47.47909164428711,147.20196533203125,77.81690979003906
2014-01-14,2.34,,-0.792,0.62,94.0303,-0.7,1.856627704298197,0.0027208481724205,47.55019760131836,148.8061065673828,79.3006591796875
2014-01-15,2.32,,-0.792,0.62,94.341,-0.7,1.856627704298197,0.0027513933997755,47.64669799804688,149.6082000732422,79.95208740234375
2014-01-16,2.32,,-0.792,0.61,94.5507,-0.7,1.856627704298197,0.0027346774455039,47.62639999389648,149.41371154785156,79.96113586425781
2014-01-17,2.33,,-0.788,0.58,94.5846,-0.7,1.856627704298197,0.0026991292774104,47.63655853271485,148.7818145751953,79.50875091552734
2014-01-20,2.33,,-0.788,0.58,94.5846,-0.7,1.856627704298197,0.0026991292774104,47.63655853271485,148.7818145751953,79.50875091552734
2014-01-21,2.3,,-0.788,0.59,94.679,-0.7,1.856627704298197,0.0027300167937565,47.6975212097168,149.21926879882812,80.11493682861328
2014-01-22,2.3,,-0.788,0.62,94.8479,-0.7,1.856627704298197,0.0027239709443099,47.62639999389648,149.31651306152344,80.32304382324219
2014-01-23,2.32,,-0.788,0.66,94.8415,-0.7,1.856627704298197,0.0026314747780043,47.5654411315918,148.09315490722656,80.05162811279297
2014-01-24,2.35,,-0.784,0.61,94.8555,-0.7,1.856627704298197,0.0026128903921058,47.25050354003906,144.93348693847656,78.47735595703125
2014-01-27,2.36,,-0.784,0.64,94.9059,-0.7,1.856627704298197,0.0026068375862599,47.23525619506836,144.22042846679688,77.7173843383789
2014-01-28,2.35,,-0.784,0.62,94.88,-0.7,1.856627704298197,0.0026262990004724,47.44355773925781,145.07933044433594,77.67210388183594
2014-01-29,2.38,,-0.784,0.55,94.8621,-0.7,1.856627704298197,0.0025891301013221,47.301300048828125,143.6857147216797,76.83977508544922
2014-01-30,2.36,,-0.784,0.57,95.1294,-0.7,1.856627704298197,0.0026066656282041,47.382591247558594,145.20889282226562,78.26020812988281
2014-01-31,2.4,,-0.782,0.53,95.1774,-0.7,1.856627704298197,0.0025969680314274,47.367332458496094,144.35818481445312,78.05210876464844
2014-02-03,2.39,,-0.782,0.47,95.2469,0.44,2.148610089064018,0.0025384798650815,47.22542572021485,141.10939025878906,76.26074981689453
2014-02-04,2.41,,-0.782,0.51,95.0438,0.44,2.148610089064018,0.0025701047640191,47.28157424926758,142.09783935546875,76.82167053222656
2014-02-05,2.42,,-0.782,0.56,95.0285,0.44,2.148610089064018,0.0025566689139995,47.28157424926758,141.91958618164062,76.62262725830078
2014-02-06,2.4,,-0.782,0.57,94.7177,0.44,2.148610089064018,0.0025914441207142,47.45005035400391,143.79107666015625,77.5997543334961
2014-02-07,2.42,,-0.783,0.53,94.7457,0.44,2.148610089064018,0.0025892502034505,47.689971923828125,145.57345581054688,78.9840087890625
2014-02-10,2.42,,-0.783,0.51,94.7189,0.44,2.148610089064018,0.0025666770858648,47.72062301635742,145.84080505371094,79.4363784790039
2014-02-11,2.39,,-0.783,0.56,94.6377,0.44,2.148610089064018,0.0025346872667301,47.80227279663086,147.4368896484375,80.34113311767578
2014-02-12,2.36,,-0.783,0.59,94.6209,0.44,2.148610089064018,0.0025596386134474,47.72571563720703,147.5098114013672,80.49491882324219
2014-02-13,2.39,,-0.783,0.56,94.6209,0.44,2.148610089064018,0.0025430635648355,47.863525390625,148.27142333984375,81.09205627441406
2014-02-14,2.38,,-0.786,0.59,94.2711,0.44,2.148610089064018,0.0025174373745285,47.94013595581055,149.0896453857422,81.25487518310547
2014-02-17,2.38,,-0.786,0.59,94.2711,0.44,2.148610089064018,0.0025174373745285,47.94013595581055,149.0896453857422,81.25487518310547
2014-02-18,2.4,,-0.786,0.57,94.1934,0.44,2.148610089064018,0.0025217032078797,48.00648880004883,149.26791381835938,81.65296936035156
2014-02-19,2.41,,-0.786,0.6,94.38,0.44,2.148610089064018,0.002525745921226,47.883934020996094,148.27951049804688,81.09205627441406
2014-02-20,2.39,,-0.786,0.63,94.6571,0.44,2.148610089064018,0.0025237263255324,48.032012939453125,149.15452575683594,81.4720458984375
2014-02-21,2.38,,-0.79,0.61,94.6571,0.44,2.148610089064018,0.0025198277091536,48.07283401489258,148.9843292236328,81.36344909667969
2014-02-24,2.38,,-0.79,0.59,94.4042,0.44,2.148610089064018,0.0025099005043871,48.1800651550293,149.81069946289062,81.79776763916016
2014-02-25,2.38,,-0.79,0.55,94.4735,0.44,2.148610089064018,0.0024854803120832,48.23618316650391,149.75399780273438,81.70728302001953
2014-02-26,2.38,,-0.79,0.51,94.7754,0.44,2.148610089064018,0.0024616022717674,48.317848205566406,149.7621307373047,81.63490295410156
2014-02-27,2.36,,-0.79,0.49,94.6722,0.44,2.148610089064018,0.0024305347582868,48.409767150878906,150.54803466796875,82.16455841064453
2014-02-28,2.35,,-0.794,0.49,94.3879,0.44,2.148610089064018,0.0024508097914495,48.46079254150391,150.92874145507812,82.07365417480469
2014-03-03,2.37,,-0.794,0.44,94.3879,0.48,2.724108069090181,0.0023853788983093,48.41620635986328,149.86746215820312,81.46501159667969
2014-03-04,2.35,,-0.794,0.52,94.6568,0.48,2.724108069090181,0.0024379576638537,48.59062576293945,151.9739227294922,82.5007095336914
2014-03-05,2.36,,-0.794,0.52,94.4679,0.48,2.724108069090181,0.0024272497683173,48.50338363647461,152.11163330078125,82.7278060913086
2014-03-06,2.37,,-0.794,0.53,93.9858,0.48,2.724108069090181,0.0024232449341202,48.43159866333008,152.46005249023438,82.65516662597656
2014-03-07,2.34,,-0.797,0.57,94.2532,0.48,2.724108069090181,0.002358941901712,48.24690246582031,152.52484130859375,82.24632263183594
2014-03-10,2.36,,-0.797,0.57,94.3731,0.48,2.724108069090181,0.0023188460121234,48.25200653076172,152.4438018798828,82.31897735595703
2014-03-11,2.37,,-0.797,0.57,94.387,0.48,2.724108069090181,0.0022510210909101,48.20072937011719,151.6903533935547,81.96466827392578
2014-03-12,2.38,,-0.797,0.54,94.462,0.48,2.724108069090181,0.0022082754981115,48.28281021118164,151.7308349609375,82.2735824584961
2014-03-13,2.39,,-0.797,0.49,94.1872,0.48,2.724108069090181,0.0021793470920496,48.1545524597168,150.02947998046875,81.11070251464844
2014-03-14,2.4,,-0.797,0.48,94.243,0.48,2.724108069090181,0.0021849166145352,48.11862182617188,149.6082000732422,80.55652618408203
2014-03-17,2.4,,-0.797,0.52,94.243,0.48,2.724108069090181,0.0021866123097647,48.18536376953125,150.96119689941406,81.26512908935547
2014-03-18,2.42,,-0.797,0.5,94.2631,0.48,2.724108069090181,0.0022034583677694,48.32895278930664,152.03871154785156,82.24632263183594
2014-03-19,2.37,,-0.797,0.62,94.3752,0.48,2.724108069090181,0.0022573431200517,48.08274459838867,151.2285614013672,81.80116271972656
2014-03-20,2.34,,-0.797,0.66,94.9986,0.48,2.724108069090181,0.0022367531533798,48.24690246582031,152.11163330078125,82.02825164794922
2014-03-21,2.32,,-0.796,0.61,94.8547,0.48,2.724108069090181,0.0022410179326634,48.21610641479492,151.5216827392578,81.04120635986328
2014-03-24,2.29,,-0.796,0.59,94.759,0.48,2.724108069090181,0.0022799726640506,48.23153305053711,150.89512634277344,80.33094024658203
2014-03-25,2.28,,-0.796,0.61,94.6379,0.48,2.724108069090181,0.0023223272711277,48.32895278930664,151.6112060546875,80.59503936767578
2014-03-26,2.28,,-0.796,0.57,94.5281,0.48,2.724108069090181,0.0023097283242548,48.33925247192383,150.52072143554688,79.5570068359375
2014-03-27,2.26,,-0.796,0.56,94.3315,0.48,2.724108069090181,0.0023453310354753,48.26742935180664,150.2034454345703,79.11079406738281
2014-03-28,2.25,,-0.793,0.6,94.3683,0.48,2.724108069090181,0.0023643529910433,48.349491119384766,150.9439697265625,79.26559448242188
2014-03-31,2.26,,-0.793,0.6,94.2432,0.48,2.724108069090181,0.0023737727206028,48.42132186889648,152.1808319091797,79.83015441894531
2014-04-01,2.26,,-0.793,0.63,94.1244,0.05,2.9123215934373725,0.0023874649304821,48.511505126953125,153.18988037109375,81.23243713378906
2014-04-02,2.25,,-0.793,0.68,94.3103,0.05,2.9123215934373725,0.0023750484751805,48.46000289916992,153.7025604248047,81.44187927246094
2014-04-03,2.24,,-0.793,0.66,94.512,0.05,2.9123215934373725,0.0023723138223432,48.480587005615234,153.49911499023438,80.79535675048828
2014-04-04,2.25,,-0.79,0.61,94.2191,0.05,2.9123215934373725,0.0023350215598899,48.59396362304688,151.6844482421875,78.64641571044922
2014-04-07,2.24,,-0.79,0.59,94.0881,0.05,2.9123215934373725,0.0023601694356862,48.49087142944336,150.00811767578125,77.89974975585938
2014-04-08,2.26,,-0.79,0.58,93.6579,0.05,2.9123215934373725,0.0023508061845727,48.60430145263672,150.62652587890625,78.61907958984375
2014-04-09,2.25,,-0.79,0.57,93.6716,0.05,2.9123215934373725,0.0023485254574808,48.681602478027344,152.24588012695312,79.96672058105469
2014-04-10,2.24,,-0.79,0.51,93.5123,0.05,2.9123215934373725,0.0023240664608296,48.54243469238281,149.04782104492188,77.4899673461914
2014-04-11,2.23,,-0.787,0.5,93.6395,0.05,2.9123215934373725,0.0023250171367767,48.33626174926758,147.70518493652344,76.58851623535156
2014-04-14,2.22,,-0.787,0.52,93.8046,0.05,2.9123215934373725,0.0023108800671322,48.49087142944336,148.8688201904297,77.18949890136719
2014-04-15,2.2,,-0.787,0.5,93.9486,0.05,2.9123215934373725,0.0023203846124502,48.54243469238281,149.89418029785156,77.4444351196289
2014-04-16,2.19,,-0.787,0.48,93.9461,0.05,2.9123215934373725,0.0023409561608693,48.56821060180664,151.46469116210938,78.47340393066406
2014-04-17,2.16,,-0.787,0.52,93.8936,0.05,2.9123215934373725,0.0023732023438556,48.511505126953125,151.67633056640625,78.49160766601562
2014-04-18,2.16,,-0.785,0.52,93.9629,0.05,2.9123215934373725,0.0023732023438556,48.511505126953125,151.67633056640625,78.49160766601562
2014-04-21,2.18,,-0.785,0.53,94.0337,0.05,2.9123215934373725,0.002381987638355,48.511505126953125,152.20523071289062,79.07435607910156
2014-04-22,2.15,,-0.785,0.52,94.0802,0.05,2.9123215934373725,0.0024039513439912,48.56303024291992,152.89691162109375,79.7026596069336
2014-04-23,2.15,,-0.785,0.49,94.149,0.05,2.9123215934373725,0.0023999378090255,48.57849884033203,152.53884887695312,79.00152587890625
2014-04-24,2.14,,-0.785,0.49,94.1294,0.05,2.9123215934373725,0.002430453221034,48.58881378173828,152.84812927246094,79.75730895996094
2014-04-25,2.13,,-0.784,0.48,94.1623,0.05,2.9123215934373725,0.0024040902674308,48.57335662841797,151.5948486328125,78.48251342773438
2014-04-28,2.13,,-0.784,0.52,94.1374,0.05,2.9123215934373725,0.0023931788015917,48.56303024291992,152.07504272460938,78.73746490478516
2014-04-29,2.15,,-0.784,0.53,94.0295,0.05,2.9123215934373725,0.0023707561654809,48.63523864746094,152.7830047607422,79.36577606201172
2014-04-30,2.16,,-0.784,0.49,93.8896,0.05,2.9123215934373725,0.0023382989076233,48.62490463256836,153.2386932373047,79.57518768310547
2014-05-01,2.14,,-0.784,0.43,93.8707,0.12,3.226027611336124,0.0023606890355412,48.5746955871582,153.25497436523438,79.8119125366211
2014-05-02,2.14,,-0.785,0.41,93.8182,0.12,3.226027611336124,0.0023656533941048,48.6885986328125,153.03526306152344,79.6662368774414
2014-05-05,2.15,,-0.785,0.45,93.7334,0.12,3.226027611336124,0.0023460657747762,48.66788482666016,153.32823181152344,80.08511352539062
2014-05-06,2.15,,-0.785,0.45,93.4324,0.12,3.226027611336124,0.0023503783023153,48.67826843261719,151.99366760253906,79.04705810546875
2014-05-07,2.16,,-0.785,0.42,93.4337,0.12,3.226027611336124,0.0023672978223436,48.75069808959961,152.88877868652344,78.81941223144531
2014-05-08,2.18,,-0.785,0.42,93.3686,0.12,3.226027611336124,0.0023943606668249,48.740379333496094,152.72605895996094,78.74656677246094
2014-05-09,2.21,,-0.788,0.44,93.6614,0.12,3.226027611336124,0.0024085294719238,48.78696060180664,152.9539031982422,79.03794860839844
2014-05-12,2.2,,-0.788,0.48,93.6537,0.12,3.226027611336124,0.0024440414875129,48.8387451171875,154.44308471679688,80.340087890625
2014-05-13,2.21,,-0.788,0.45,93.6755,0.12,3.226027611336124,0.0024327977387478,48.916385650634766,154.5814208984375,80.39468383789062
2014-05-14,2.2,,-0.788,0.37,93.5968,0.12,3.226027611336124,0.0024308800976417,48.9422607421875,153.8490447998047,79.9758529663086
2014-05-15,2.22,,-0.788,0.31,93.7065,0.12,3.226027611336124,0.0024445302983163,48.89568710327149,152.49818420410156,79.34750366210938
2014-05-16,2.2,,-0.792,0.34,93.6073,0.12,3.226027611336124,0.0024441350761686,48.99406433105469,153.02716064453125,79.86653900146484
2014-05-19,2.22,,-0.792,0.37,93.502,0.12,3.226027611336124,0.0024576796962206,49.0665283203125,153.58859252929688,80.42202758789062
2014-05-20,2.23,,-0.792,0.35,93.6699,0.12,3.226027611336124,0.0024380068743997,49.00440216064453,152.62020874023438,80.130615234375
2014-05-21,2.26,,-0.792,0.36,93.7629,0.12,3.226027611336124,0.0024305124830755,48.99923706054688,153.90597534179688,80.89551544189453
2014-05-22,2.25,,-0.792,0.35,93.6944,0.12,3.226027611336124,0.0024341647161796,49.03547668457031,154.28028869628906,81.25064849853516
2014-05-23,2.24,,-0.798,0.32,93.7042,0.12,3.226027611336124,0.0024620626562915,49.05102157592773,154.8988037109375,81.84251403808594
2014-05-26,2.24,,-0.798,0.32,93.7042,0.12,3.226027611336124,0.0024620626562915,49.05102157592773,154.8988037109375,81.84251403808594
2014-05-27,2.23,,-0.798,0.31,93.8418,0.12,3.226027611336124,0.0025237079029142,49.09760284423828,155.8508758544922,82.86236572265625
2014-05-28,2.23,,-0.798,0.22,93.8793,0.12,3.226027611336124,0.0025319620454933,49.1131591796875,155.73695373535156,82.60740661621094
2014-05-29,2.24,,-0.798,0.22,93.6973,0.12,3.226027611336124,0.0025101488160015,49.15972900390625,156.54257202148438,83.13557434082031
2014-05-30,2.22,,-0.804,0.26,93.7606,0.12,3.226027611336124,0.0025176621543435,49.21150207519531,156.7947540283203,83.14464569091797
2014-06-02,2.22,,-0.804,0.32,94.0006,0.14,3.365841732090935,0.0025560826771943,49.05496597290039,156.973876953125,83.06269073486328
2014-06-03,2.22,,-0.804,0.41,94.0536,0.14,3.365841732090935,0.0025279272050574,49.0601692199707,156.8924560546875,83.02629089355469
2014-06-04,2.23,,-0.804,0.44,94.1239,0.14,3.365841732090935,0.0024867362531435,49.0601692199707,157.20986938476562,83.33589935302734
2014-06-05,2.24,,-0.804,0.41,93.9732,0.14,3.365841732090935,0.0024668795531593,49.17979049682617,158.2351531982422,84.03700256347656
2014-06-06,2.23,,-0.807,0.4,93.9069,0.14,3.365841732090935,0.0024383036760849,49.32018280029297,158.99200439453125,84.51962280273438
2014-06-09,2.22,,-0.807,0.41,93.9628,0.14,3.365841732090935,0.0024295971599954,49.37741470336914,159.15469360351562,84.45587158203125
2014-06-10,2.21,,-0.807,0.43,94.0638,0.14,3.365841732090935,0.0024249880523492,49.35144805908203,159.17098999023438,84.60155487060547
2014-06-11,2.2,,-0.807,0.43,93.9744,0.14,3.365841732090935,0.0024127537575371,49.35662841796875,158.61767578125,84.58332824707031
2014-06-12,2.21,,-0.807,0.39,93.8155,0.14,3.365841732090935,0.0023688756421007,49.32543563842773,157.49462890625,83.81846618652344
2014-06-13,2.19,,-0.807,0.41,93.9168,0.14,3.365841732090935,0.0023792887268009,49.38262176513672,157.9747772216797,84.06428527832031
2014-06-16,2.17,,-0.807,0.41,93.8639,0.14,3.365841732090935,0.0023899912722457,49.35662841796875,158.10494995117188,84.13716888427734
2014-06-17,2.17,,-0.807,0.43,94.0829,0.14,3.365841732090935,0.0024042620138041,49.32018280029297,158.54440307617188,84.18269348144531
2014-06-18,2.19,,-0.807,0.38,94.0525,0.14,3.365841732090935,0.0024013674724068,49.54386138916016,159.7080535888672,84.65620422363281
2014-06-19,2.19,,-0.807,0.39,93.752,0.14,3.365841732090935,0.0023407171819871,49.533447265625,159.8870849609375,84.60155487060547
2014-06-20,2.2,,-0.803,0.35,93.7591,0.14,3.365841732090935,0.0023685611475532,49.58026123046875,160.21173095703125,84.70109558105469
2014-06-23,2.19,,-0.803,0.35,93.628,0.14,3.365841732090935,0.0023865705194892,49.57505416870117,160.1626739501953,84.71934509277344
2014-06-24,2.18,,-0.803,0.31,93.7093,0.14,3.365841732090935,0.002382088010046,49.533447265625,159.19781494140625,84.63716888427734
2014-06-25,2.18,,-0.803,0.29,93.5851,0.14,3.365841732090935,0.0023903344171128,49.60626983642578,159.91732788085938,85.17586517333984
2014-06-26,2.18,,-0.803,0.26,93.5471,0.14,3.365841732090935,0.0024017932315089,49.55424880981445,159.80287170410156,85.22148895263672
2014-06-27,2.2,,-0.796,0.27,93.3983,0.14,3.365841732090935,0.0023874146546081,49.55424880981445,160.1136016845703,85.59585571289062
2014-06-30,2.18,,-0.796,0.27,93.2058,0.14,3.365841732090935,0.0024118624950776,49.51266098022461,160.0318603515625,85.74193572998047
2014-07-01,2.19,,-0.796,0.32,93.1365,0.3,3.9177888079901857,0.0024057598959641,49.52568435668945,161.10296630859375,86.6823501586914
2014-07-02,2.2,,-0.796,0.38,93.2478,0.3,3.9177888079901857,0.0024442024322283,49.55702590942383,161.2665252685547,86.82843780517578
2014-07-03,2.21,,-0.796,0.37,93.3149,0.3,3.9177888079901857,0.0024727355684146,49.4839096069336,162.05967712402344,87.37623596191406
2014-07-04,2.21,,-0.787,0.37,93.3149,0.3,3.9177888079901857,0.0024727355684146,49.4839096069336,162.05967712402344,87.37623596191406
2014-07-07,2.18,,-0.787,0.36,93.3803,0.3,3.9177888079901857,0.0024675276177127,49.44732284545898,161.4954071044922,87.11145782470703
2014-07-08,2.18,,-0.787,0.31,93.323,0.3,3.9177888079901857,0.0024642857374753,49.45780944824219,160.4569854736328,86.06149291992188
2014-07-09,2.17,,-0.787,0.28,93.228,0.3,3.9177888079901857,0.0024448556469389,49.421234130859375,161.17654418945312,86.70061492919922
2014-07-10,2.2,,-0.787,0.27,93.3152,0.3,3.9177888079901857,0.002432210473386,49.269718170166016,160.5387725830078,86.42668914794922
2014-07-11,2.2,,-0.775,0.25,93.4171,0.3,3.9177888079901857,0.0024371728490517,49.35332107543945,160.7595672607422,86.983642578125
2014-07-14,2.21,,-0.775,0.28,93.4101,0.3,3.9177888079901857,0.0024791395523263,49.33763885498047,161.5690155029297,87.50404357910156
2014-07-15,2.2,,-0.775,0.31,93.5796,0.3,3.9177888079901857,0.0024971085336502,49.25928497314453,161.2665252685547,87.2027587890625
2014-07-16,2.19,,-0.775,0.32,93.5991,0.3,3.9177888079901857,0.0024661434163701,49.18095016479492,161.86337280273438,87.54971313476562
2014-07-17,2.22,,-0.775,0.24,93.6586,0.3,3.9177888079901857,0.0024371536641815,48.83616638183594,160.02366638183594,86.39019775390625
2014-07-18,2.2,,-0.763,0.26,93.6608,0.3,3.9177888079901857,0.0024243814109177,49.03990936279297,161.65895080566406,87.75971984863281
2014-07-21,2.19,,-0.763,0.25,93.6069,0.3,3.9177888079901857,0.0024255919851688,48.956329345703125,161.3564453125,87.65016174316406
2014-07-22,2.19,,-0.763,0.25,93.6306,0.3,3.9177888079901857,0.0024465967052557,49.02423095703125,162.05967712402344,88.20708465576172
2014-07-23,2.2,,-0.763,0.25,93.5951,0.3,3.9177888079901857,0.0024492142071619,49.11825942993164,162.4193572998047,88.77314758300781
2014-07-24,2.2,,-0.763,0.25,93.6836,0.3,3.9177888079901857,0.0025213079265899,49.20703887939453,162.4275360107422,88.67271423339844
2014-07-25,2.19,,-0.753,0.2,93.8294,0.3,3.9177888079901857,0.0024764024699191,49.12350845336914,161.66709899902344,88.32579040527344
2014-07-28,2.19,,-0.753,0.22,93.83,0.3,3.9177888079901857,0.0024790914030114,48.97721481323242,161.73251342773438,88.3531494140625
2014-07-29,2.18,,-0.753,0.2,94.0443,0.3,3.9177888079901857,0.0024720788366938,48.90930938720703,161.03750610351562,88.1979751586914
2014-07-30,2.17,,-0.753,0.29,94.3473,0.3,3.9177888079901857,0.0024963317749234,48.70558166503906,161.0620574951172,88.54489135742188
2014-07-31,2.17,,-0.753,0.29,94.4467,0.3,3.9177888079901857,0.0025154139754687,48.30857467651367,157.88134765625,86.75538635253906
2014-08-01,2.23,,-0.745,0.25,94.4754,-0.23,3.1253041765382905,0.0024787415846644,48.30387878417969,157.39895629882812,86.43583679199219
2014-08-04,2.24,,-0.745,0.26,94.448,-0.23,3.1253041765382905,0.0025133960918847,48.59774017333984,158.5355682373047,87.02932739257812
2014-08-05,2.25,,-0.745,0.25,94.6754,-0.23,3.1253041765382905,0.0024914329297074,48.50329208374024,156.99830627441406,86.36276245117188
2014-08-06,2.26,,-0.745,0.24,94.6092,-0.23,3.1253041765382905,0.0024202188894216,48.61874008178711,157.04734802246094,86.29886627197266
2014-08-07,2.28,,-0.745,0.19,94.6364,-0.23,3.1253041765382905,0.0024187518476893,48.65023040771485,156.19700622558594,86.02496337890625
2014-08-08,2.27,,-0.74,0.19,94.6027,-0.23,3.1253041765382905,0.0024188248378947,48.802433013916016,158.0039825439453,86.64580535888672
2014-08-11,2.28,,-0.74,0.19,94.4767,-0.23,3.1253041765382905,0.00242032866283,49.03336334228516,158.46194458007812,87.15711212158203
2014-08-12,2.29,,-0.74,0.22,94.5211,-0.23,3.1253041765382905,0.0024060206387122,49.02284622192383,158.24118041992188,87.12060546875
2014-08-13,2.31,,-0.74,0.2,94.4681,-0.23,3.1253041765382905,0.0023659352765615,49.16453552246094,159.31227111816406,88.04276275634766
2014-08-14,2.29,,-0.74,0.19,94.3508,-0.23,3.1253041765382905,0.0023483521916238,49.2590217590332,160.06451416015625,88.49927520751953
2014-08-15,2.29,,-0.739,0.16,94.2941,-0.23,3.1253041765382905,0.0023740896003462,49.35874938964844,160.0318603515625,88.92837524414062
2014-08-18,2.31,,-0.739,0.21,94.2519,-0.23,3.1253041765382905,0.0023911536120589,49.50041580200195,161.37278747558594,89.61314392089844
2014-08-19,2.33,,-0.739,0.23,94.4356,-0.23,3.1253041765382905,0.0023824415566924,49.48468780517578,162.2149658203125,90.1152801513672
2014-08-20,2.3,,-0.739,0.26,94.5937,-0.23,3.1253041765382905,0.0024539971894877,49.521446228027344,162.6483154296875,90.1152801513672
2014-08-21,2.28,,-0.739,0.24,94.673,-0.23,3.1253041765382905,0.0024903823921929,49.521446228027344,163.12254333496094,90.29792022705078
2014-08-22,2.26,,-0.738,0.26,94.8012,-0.23,3.1253041765382905,0.0025019552188544,49.400691986083984,162.8690948486328,90.43488311767578
2014-08-25,2.25,,-0.738,0.24,94.9159,-0.23,3.1253041765382905,0.0025158536757564,49.50569915771485,163.6949462890625,90.75443267822266
2014-08-26,2.26,,-0.738,0.25,94.8617,-0.23,3.1253041765382905,0.0024785790627623,49.54240798950195,163.80123901367188,90.8457489013672
2014-08-27,2.24,,-0.738,0.23,94.6863,-0.23,3.1253041765382905,0.0024764021593703,49.49517822265625,163.73582458496094,90.86397552490234
2014-08-28,2.23,,-0.738,0.21,94.6947,-0.23,3.1253041765382905,0.0024260883136047,49.42170715332031,163.6458282470703,90.7635498046875
2014-08-29,2.23,,-0.735,0.23,94.7251,-0.23,3.1253041765382905,0.0024381706886078,49.458438873291016,164.11192321777344,91.1013412475586
2014-09-01,2.23,,-0.735,0.23,94.7251,0.01,2.89843352202952,0.0024381706886078,49.458438873291016,164.11192321777344,91.1013412475586
2014-09-02,2.25,,-0.735,0.27,95.063,0.01,2.89843352202952,0.0024804147723485,49.51643753051758,164.03018188476562,91.36614990234376
2014-09-03,2.24,,-0.735,0.24,94.8709,0.01,2.89843352202952,0.0024521238591923,49.38990783691406,163.94020080566406,90.82746887207033
2014-09-04,2.25,,-0.735,0.28,95.2641,0.01,2.89843352202952,0.0024808315830935,49.22648239135742,163.70314025878906,90.74527740478516
2014-09-05,2.29,,-0.729,0.31,95.2203,0.01,2.89843352202952,0.0024948648053018,49.168495178222656,164.4390106201172,91.2018051147461
2014-09-08,2.26,,-0.729,0.35,95.4167,0.01,2.89843352202952,0.00252055572099,49.12102508544922,164.01380920410156,91.37528228759766
2014-09-09,2.25,,-0.729,0.39,95.8811,0.01,2.89843352202952,0.0024819537565453,48.894344329833984,162.97544860839844,90.61746978759766
2014-09-10,2.26,,-0.729,0.44,95.8641,0.01,2.89843352202952,0.0024965822720652,48.91542053222656,163.58865356445312,91.36614990234376
2014-09-11,2.25,,-0.729,0.42,95.9184,0.01,2.89843352202952,0.0024947469147256,48.91542053222656,163.7766876220703,91.2931137084961
2014-09-12,2.27,,-0.718,0.49,96.0748,0.01,2.89843352202952,0.0025221562212509,48.85743713378906,162.82003784179688,90.82746887207033
2014-09-15,2.28,,-0.718,0.47,96.1195,0.01,2.89843352202952,0.002497568215484,48.76778793334961,162.6973876953125,89.95098876953125
2014-09-16,2.3,,-0.718,0.48,95.8483,0.01,2.89843352202952,0.0025582903260582,48.86796569824219,163.92385864257812,90.73615264892578
2014-09-17,2.29,,-0.718,0.56,95.9106,0.01,2.89843352202952,0.0025449610612868,49.026123046875,164.1446533203125,90.87311553955078
2014-09-18,2.28,,-0.718,0.61,96.1284,0.01,2.89843352202952,0.0025230481313416,49.04194641113281,165.01954650878906,91.55789184570312
2014-09-19,2.26,,-0.702,0.56,96.3417,0.01,2.89843352202952,0.0025413477320817,49.115753173828125,164.87088012695312,91.50114440917967
2014-09-22,2.27,,-0.702,0.58,96.4625,0.01,2.89843352202952,0.0024967126766121,49.026123046875,163.59756469726562,90.6500244140625
2014-09-23,2.26,,-0.702,0.52,96.5112,0.01,2.89843352202952,0.0024852578899686,48.778350830078125,162.6610870361328,90.40290832519533
2014-09-24,2.27,,-0.702,0.54,96.6574,0.01,2.89843352202952,0.0025106680127316,48.63071441650391,163.9343719482422,91.37299346923828
2014-09-25,2.27,,-0.702,0.5,96.8988,0.01,2.89843352202952,0.002505732120152,48.29856872558594,161.28924560546875,89.45108032226562
2014-09-26,2.27,,-0.685,0.57,97.208,0.01,2.89843352202952,0.0024948522401601,48.26694488525391,162.5707244873047,90.40290832519533
2014-09-29,2.27,,-0.685,0.55,97.3523,0.01,2.89843352202952,0.0025075975140017,48.16678237915039,162.27500915527344,90.28392028808594
2014-09-30,2.29,,-0.685,0.55,97.5261,0.01,2.89843352202952,0.0024828583876094,48.47782516479492,161.8477783203125,90.4120635986328
2014-10-01,2.31,,-0.685,0.46,97.5387,0.04,2.9919466037849007,0.0024975300651291,48.53131866455078,159.65444946289062,88.96604919433594
2014-10-02,2.32,,-0.685,0.49,97.3062,0.04,2.9919466037849007,0.0024678801974639,48.62661743164063,159.6790771484375,88.96604919433594
2014-10-03,2.29,,-0.669,0.52,97.9846,0.04,2.9919466037849007,0.0025117430334192,48.79076766967773,161.4370574951172,89.84461212158203
2014-10-06,2.3,,-0.669,0.5,97.5513,0.04,2.9919466037849007,0.0025113947607332,48.84366989135742,161.24810791015625,89.65242767333984
2014-10-07,2.3,,-0.669,0.44,97.4459,0.04,2.9919466037849007,0.0025043327605295,48.65836334228516,158.759033203125,88.38031768798828
2014-10-08,2.32,,-0.669,0.39,97.4945,0.04,2.9919466037849007,0.0024890067854197,48.891334533691406,161.53565979003906,90.10088348388672
2014-10-09,2.34,,-0.669,0.37,97.1711,0.04,2.9919466037849007,0.0024726442729998,48.37247467041016,158.33189392089844,88.64573669433594
2014-10-10,2.36,,-0.657,0.35,97.4144,0.04,2.9919466037849007,0.0024832105363225,47.98064804077149,156.52464294433594,86.43094635009766
2014-10-13,2.36,,-0.657,0.35,97.4144,0.04,2.9919466037849007,0.0024701048210373,47.742374420166016,153.9534149169922,85.07647705078125
2014-10-14,2.39,,-0.657,0.29,97.3943,0.04,2.9919466037849007,0.0025008107159548,47.90121841430664,154.191650390625,85.08561706542969
2014-10-15,2.44,,-0.657,0.29,97.3532,0.04,2.9919466037849007,0.0024149987711774,47.91181564331055,153.14834594726562,84.5364990234375
2014-10-16,2.47,,-0.657,0.28,97.2869,0.04,2.9919466037849007,0.0024010478753516,48.18185043334961,153.0168914794922,84.00570678710938
2014-10-17,2.44,,-0.649,0.3,97.3067,0.04,2.9919466037849007,0.002423483654354,48.58953475952149,154.82412719726562,85.11307525634766
2014-10-20,2.45,,-0.649,0.29,97.2874,0.04,2.9919466037849007,0.002403938885287,48.93898391723633,156.32748413085938,86.38520812988281
2014-10-21,2.43,,-0.649,0.33,97.2488,0.04,2.9919466037849007,0.0024228616298245,49.3360710144043,159.42440795898438,88.65486145019531
2014-10-22,2.42,,-0.649,0.34,97.459,0.04,2.9919466037849007,0.002428100835144,49.01311874389648,158.29075622558594,88.19728088378906
2014-10-23,2.42,,-0.649,0.38,97.6047,0.04,2.9919466037849007,0.0024827024438878,48.99193572998047,160.13088989257812,89.52430725097656
2014-10-24,2.43,,-0.65,0.39,97.4772,0.04,2.9919466037849007,0.0024780703697653,49.12961959838867,161.3631134033203,90.25647735595705
2014-10-27,2.44,,-0.65,0.38,97.5423,0.04,2.9919466037849007,0.0025042715237197,48.92839431762695,161.14132690429688,90.32054138183594
2014-10-28,2.43,,-0.65,0.39,97.2173,0.04,2.9919466037849007,0.0025288806762896,49.00781631469727,162.98965454101562,91.6841812133789
2014-10-29,2.36,,-0.65,0.42,97.0145,0.04,2.9919466037849007,0.002541860544345,48.97076797485352,162.74319458007812,91.34554290771484
2014-10-30,2.39,,-0.65,0.42,97.456,0.04,2.9919466037849007,0.002564059835825,48.94959259033203,163.78651428222656,91.5377426147461
2014-10-31,2.39,,-0.655,0.43,98.1163,0.04,2.9919466037849007,0.002613782061764,48.99193572998047,165.65951538085938,92.80072784423828
2014-11-03,2.39,,-0.655,0.43,98.5336,0.27,3.38610667511996,0.0026334016552536,49.09513092041016,165.74981689453125,93.07527160644533
2014-11-04,2.39,,-0.655,0.43,98.5576,0.27,3.38610667511996,0.0025985094163875,48.94088363647461,165.17481994628906,92.7641143798828
2014-11-05,2.39,,-0.655,0.43,98.8086,0.27,3.38610667511996,0.00263881611116,48.93024444580078,166.2180633544922,92.77327728271484
2014-11-06,2.4,,-0.655,0.45,99.1325,0.27,3.38610667511996,0.0026529806579795,49.05789566040039,166.88352966308594,93.06613159179688
2014-11-07,2.43,,-0.662,0.38,99.0236,0.27,3.38610667511996,0.0026098666836988,49.105743408203125,167.0395050048828,92.9837646484375
2014-11-10,2.41,,-0.662,0.44,98.9305,0.27,3.38610667511996,0.0026108140547687,49.12701416015625,167.56532287597656,93.313232421875
2014-11-11,2.41,,-0.662,0.44,98.9305,0.27,3.38610667511996,0.0026156690435453,49.238677978515625,167.72958374023438,93.60609436035156
2014-11-12,2.43,,-0.662,0.46,98.8897,0.27,3.38610667511996,0.002618431115476,49.07915496826172,167.54884338378906,93.77079010009766
2014-11-13,2.47,,-0.662,0.47,99.1045,0.27,3.38610667511996,0.0025833262417613,48.87705993652344,167.7378387451172,94.17350769042967
2014-11-14,2.48,,-0.666,0.43,99.0917,0.27,3.38610667511996,0.0025805907913401,48.63243865966797,167.7789306640625,94.46637725830078
2014-11-17,2.49,,-0.666,0.48,99.2188,0.27,3.38610667511996,0.0025777683757869,48.62712478637695,167.88568115234375,94.18264770507812
2014-11-18,2.52,,-0.666,0.48,99.0185,0.27,3.38610667511996,0.0025160859370266,48.53138732910156,168.85498046875,94.8873519897461
2014-11-19,2.51,,-0.666,0.53,99.2424,0.27,3.38610667511996,0.0025527814960281,48.520751953125,168.5839385986328,94.45723724365234
2014-11-20,2.52,,-0.666,0.49,99.2554,0.27,3.38610667511996,0.0025426220192498,48.52607727050781,168.87969970703125,94.87818908691406
2014-11-21,2.49,,-0.666,0.45,99.2894,0.27,3.38610667511996,0.0025344468357667,48.79198455810547,169.78323364257812,95.0612564086914
2014-11-24,2.5,,-0.666,0.44,99.4227,0.27,3.38610667511996,0.00251275612589,48.78666687011719,170.259765625,95.80252838134766
2014-11-25,2.46,,-0.666,0.42,99.2837,0.27,3.38610667511996,0.0024734775925614,48.86643600463867,170.13648986816406,95.94898986816406
2014-11-26,2.47,,-0.666,0.42,99.1893,0.27,3.38610667511996,0.0024736754960215,48.93024444580078,170.57186889648438,96.57131958007812
2014-11-27,2.47,,-0.666,0.42,99.1893,0.27,3.38610667511996,0.0024736754960215,48.93024444580078,170.57186889648438,96.57131958007812
2014-11-28,2.52,,-0.659,0.39,100.0719,0.27,3.38610667511996,0.0024336283304334,48.46227645874024,170.21041870117188,97.01973724365234
2014-12-01,2.54,,-0.659,0.43,99.8964,0.06,3.170492700276073,0.0024059934569109,47.97451019287109,169.0275421142578,95.92152404785156
2014-12-02,2.54,,-0.659,0.51,100.4478,0.06,3.170492700276073,0.0024295365153449,48.2363166809082,170.1201171875,96.3059310913086
2014-12-03,2.52,,-0.659,0.5,100.5696,0.06,3.170492700276073,0.0023938766135427,48.31644821166992,170.77731323242188,96.47982025146484
2014-12-04,2.53,,-0.659,0.48,100.3931,0.06,3.170492700276073,0.0024285713337963,48.28439331054688,170.58837890625,96.4340362548828
2014-12-05,2.48,,-0.646,0.56,101.0989,0.06,3.170492700276073,0.0024581967700959,48.24697494506836,170.8675994873047,96.44317626953124
2014-12-08,2.48,,-0.646,0.55,101.31,0.06,3.170492700276073,0.0024361765870469,48.00123596191406,169.7257843017578,95.75678253173828
2014-12-09,2.51,,-0.646,0.49,100.8095,0.06,3.170492700276073,0.0023926106885444,47.97451019287109,169.6107940673828,96.05880737304688
2014-12-10,2.53,,-0.646,0.47,101.0212,0.06,3.170492700276073,0.0023712262807722,47.42424392700195,166.89169311523438,94.54874420166016
2014-12-11,2.53,,-0.646,0.49,101.4448,0.06,3.170492700276073,0.0024006203929067,47.25325393676758,167.7378387451172,94.9971694946289
2014-12-12,2.58,,-0.626,0.46,101.3735,0.06,3.170492700276073,0.002411211180804,46.6121940612793,165.0269317626953,93.9629898071289
2014-12-15,2.56,,-0.626,0.5,101.674,0.06,3.170492700276073,0.002400596520149,46.58549118041992,163.89328002929688,92.99291229248048
2014-12-16,2.6,,-0.626,0.42,101.526,0.06,3.170492700276073,0.0024101683544505,46.419883728027344,162.57891845703125,91.50114440917967
2014-12-17,2.6,,-0.626,0.49,101.5527,0.06,3.170492700276073,0.0024177341787074,47.36549758911133,165.76625061035156,93.16680908203124
2014-12-18,2.56,,-0.626,0.57,101.7531,0.06,3.170492700276073,0.0024043693481044,47.74480819702149,169.86546325683594,95.40899658203124
2014-12-19,2.56,,-0.603,0.49,102.0483,0.06,3.170492700276073,0.002431641385571,48.20424270629883,170.5882110595703,95.82882690429688
2014-12-22,2.53,,-0.603,0.47,101.9942,0.06,3.170492700276073,0.0024612191237478,48.08672332763672,171.37295532226562,96.0676727294922
2014-12-23,2.53,,-0.603,0.56,102.348,0.06,3.170492700276073,0.0024637065033193,48.25766372680664,171.60426330566406,95.72777557373048
2014-12-24,2.5,,-0.603,0.59,102.3028,0.06,3.170492700276073,0.0024495100436639,48.42185974121094,171.62075805664062,95.81044006347656
2014-12-25,2.5,,-0.603,0.59,102.3028,0.06,3.170492700276073,0.0024495100436639,48.42185974121094,171.62075805664062,95.81044006347656
2014-12-26,2.5,,-0.581,0.58,102.3028,0.06,3.170492700276073,0.0023722077186287,48.27162170410156,172.17416381835938,96.49022674560548
2014-12-29,2.49,,-0.581,0.57,102.3767,0.06,3.170492700276073,0.0024016249271343,48.29844284057617,172.4054412841797,96.47186279296876
2014-12-30,2.49,,-0.581,0.56,102.1019,0.06,3.170492700276073,0.0023904349898006,48.20185852050781,171.4803009033203,95.82882690429688
2014-12-31,2.51,,-0.581,0.49,102.2843,0.06,3.170492700276073,0.0023975842253175,48.07310104370117,169.77867126464844,94.84589385986328
2015-01-01,2.51,,-0.581,0.49,102.2843,-0.26,2.7262407410550527,0.0023975842253175,48.07310104370117,169.77867126464844,94.84589385986328
2015-01-02,2.51,,-0.559,0.41,102.9027,-0.26,2.7262407410550527,0.0023933389737674,48.07310104370117,169.68785095214844,94.56117248535156
2015-01-05,2.52,,-0.559,0.4,103.4976,-0.26,2.7262407410550527,0.0023199600682732,47.62776947021485,166.6233673095703,93.17405700683594
2015-01-06,2.52,,-0.559,0.41,103.2938,-0.26,2.7262407410550527,0.0022996799709085,47.44536972045898,165.053955078125,91.92474365234376
2015-01-07,2.53,,-0.559,0.39,103.6316,-0.26,2.7262407410550527,0.0023095985959039,47.74044418334961,167.11065673828125,93.10974884033205
2015-01-08,2.54,,-0.559,0.41,103.2799,-0.26,2.7262407410550527,0.0023229062107639,48.09990310668945,170.0761260986328,94.89183807373048
2015-01-09,2.55,,-0.541,0.36,103.1213,-0.26,2.7262407410550527,0.0022948190177741,48.34135818481445,168.713134765625,94.26717376708984
2015-01-12,2.55,,-0.541,0.35,103.2372,-0.26,2.7262407410550527,0.0022414213684501,48.28232955932617,167.3915252685547,93.28429412841795
2015-01-13,2.55,,-0.541,0.37,103.27,-0.26,2.7262407410550527,0.0021704608238178,48.28232955932617,166.9207000732422,93.2567367553711
2015-01-14,2.58,,-0.541,0.29,103.0903,-0.26,2.7262407410550527,0.0020682112141961,48.169654846191406,165.91299438476562,92.7423095703125
2015-01-15,2.65,,-0.541,0.19,103.0829,-0.26,2.7262407410550527,0.0020645213582998,47.87459182739258,164.39317321777344,91.53893280029295
2015-01-16,2.62,,-0.526,0.23,103.2189,-0.26,2.7262407410550527,0.0020784712922899,48.05701446533203,166.54901123046875,92.61371612548828
2015-01-19,2.62,,-0.526,0.23,103.2189,-0.26,2.7262407410550527,0.0020784712922899,48.05701446533203,166.54901123046875,92.61371612548828
2015-01-20,2.61,,-0.526,0.23,103.5233,-0.26,2.7262407410550527,0.0020209396321865,47.97116470336914,166.90423583984375,93.34860229492188
2015-01-21,2.59,,-0.526,0.26,103.7858,-0.26,2.7262407410550527,0.0020213342415047,48.22867202758789,167.74668884277344,93.82628631591795
2015-01-22,2.59,,-0.526,0.29,103.9271,-0.26,2.7262407410550527,0.0019993082220604,48.29307556152344,170.2413330078125,95.56240844726562
2015-01-23,2.6,,-0.517,0.21,104.3676,-0.26,2.7262407410550527,0.0019630975959769,48.29307556152344,169.307861328125,95.773681640625
2015-01-26,2.58,,-0.517,0.22,104.4818,-0.26,2.7262407410550527,0.0020114896583362,48.51307678222656,169.704345703125,95.66343688964844
2015-01-27,2.59,,-0.517,0.17,104.1646,-0.26,2.7262407410550527,0.0019458853218381,48.475494384765625,167.46588134765625,93.18324279785156
2015-01-28,2.59,,-0.517,0.12,104.4737,-0.26,2.7262407410550527,0.0019608834767502,48.373573303222656,165.31820678710938,92.70555877685548
2015-01-29,2.58,,-0.517,0.15,105.2763,-0.26,2.7262407410550527,0.0019691535473024,48.54523468017578,166.84640502929688,93.59662628173828
2015-01-30,2.61,,-0.514,0.03,105.5884,-0.26,2.7262407410550527,0.0019773172595606,48.41111373901367,164.74827575683594,92.87093353271484
2015-02-02,2.61,,-0.514,0.03,105.2058,-0.48,1.30473816054415,0.0019675599545966,48.59698486328125,166.78857421875,93.67928314208984
2015-02-03,2.61,,-0.514,0.09,104.6063,-0.48,1.30473816054415,0.0020639834924291,48.87171936035156,169.20053100585938,94.57952117919922
2015-02-04,2.6,,-0.514,0.1,104.785,-0.48,1.30473816054415,0.0020667826298771,48.66699600219727,168.5562286376953,94.49684143066406
2015-02-05,2.6,,-0.514,0.13,104.4915,-0.48,1.30473816054415,0.0020697305773026,48.95249557495117,170.25782775878906,95.31442260742188
2015-02-06,2.55,,-0.515,0.24,105.1283,-0.48,1.30473816054415,0.0021095711760354,48.99018859863281,169.7869415283203,94.73567962646484
2015-02-09,2.53,,-0.515,0.25,104.9889,-0.48,1.30473816054415,0.0020946162756573,48.87171936035156,169.02703857421875,94.4325714111328
2015-02-10,2.53,,-0.515,0.31,105.2897,-0.48,1.30473816054415,0.0020806268681362,49.03870391845703,170.8277130126953,95.9023208618164
2015-02-11,2.53,,-0.515,0.32,105.7901,-0.48,1.30473816054415,0.0020939294581925,49.02254104614258,170.92681884765625,96.25138854980467
2015-02-12,2.54,,-0.515,0.33,104.9385,-0.48,1.30473816054415,0.0021383493318423,49.01715469360352,172.57066345214844,97.37207794189452
2015-02-13,2.55,,-0.519,0.34,104.8452,-0.48,1.30473816054415,0.002130860267636,49.087181091308594,173.28099060058594,98.2080307006836
2015-02-16,2.55,,-0.519,0.34,104.8452,-0.48,1.30473816054415,0.002130860267636,49.087181091308594,173.28099060058594,98.2080307006836
2015-02-17,2.53,,-0.519,0.43,104.8452,-0.48,1.30473816054415,0.0021475872173505,49.05486679077149,173.55360412597656,98.2998504638672
2015-02-18,2.53,,-0.519,0.36,105.2514,-0.48,1.30473816054415,0.0022001333751384,49.221900939941406,173.57012939453125,98.43768310546876
2015-02-19,2.53,,-0.519,0.37,105.1407,-0.48,1.30473816054415,0.0021883025843846,49.10874557495117,173.4461669921875,98.9245147705078
2015-02-20,2.5,,-0.525,0.38,105.3387,-0.48,1.30473816054415,0.0021674693161391,49.24342727661133,174.48695373535156,99.5859146118164
2015-02-23,2.48,,-0.525,0.34,105.5359,-0.48,1.30473816054415,0.002199033404441,49.28114318847656,174.46221923828125,99.6869659423828
2015-02-24,2.49,,-0.525,0.27,105.5472,-0.48,1.30473816054415,0.0022654356037426,49.32959747314453,174.95782470703125,99.76043701171876
2015-02-25,2.49,,-0.525,0.24,105.0503,-0.48,1.30473816054415,0.0022543713413209,49.49121475219727,174.80911254882812,99.51242065429688
2015-02-26,2.44,,-0.525,0.24,105.5021,-0.48,1.30473816054415,0.0022437169654652,49.480445861816406,174.60264587402344,100.01764678955078
2015-02-27,2.46,,-0.532,0.17,105.5981,-0.48,1.30473816054415,0.0022398153841263,49.49121475219727,174.00791931152344,99.57673645019533
2015-03-02,2.48,,-0.532,0.25,105.8151,0.01,-0.002747948362114,0.002244762834541,49.48203659057617,175.10653686523438,100.47696685791016
2015-03-03,2.46,,-0.532,0.26,105.5562,0.01,-0.002747948362114,0.0022205150008597,49.34135818481445,174.38787841796875,100.00847625732422
2015-03-04,2.46,,-0.532,0.25,106.1333,0.01,-0.002747948362114,0.0022297185575652,49.24939727783203,173.65277099609375,99.62266540527344
2015-03-05,2.47,,-0.532,0.27,106.1333,0.01,-0.002747948362114,0.0022343004237704,49.34135818481445,173.84268188476562,99.79719543457033
2015-03-06,2.45,,-0.537,0.41,107.4337,0.01,-0.002747948362114,0.0022583970480527,49.02759552001953,171.397705078125,98.66731262207033
2015-03-09,2.46,,-0.537,0.44,107.5199,0.01,-0.002747948362114,0.0023036693930021,48.92477798461914,172.10804748535156,98.95204162597656
2015-03-10,2.45,,-0.537,0.41,108.1165,0.01,-0.002747948362114,0.0022713559571729,48.73539733886719,169.3161163330078,97.11486053466795
2015-03-11,2.45,,-0.537,0.39,108.5235,0.01,-0.002747948362114,0.0022790475832633,48.87068176269531,168.919677734375,96.55452728271484
2015-03-12,2.46,,-0.537,0.39,108.1741,0.01,-0.002747948362114,0.0023214131110416,48.968040466308594,171.0672607421875,97.18836975097656
2015-03-13,2.47,,-0.541,0.44,108.9174,0.01,-0.002747948362114,0.0023238764478507,48.80032730102539,170.01824951171875,96.76581573486328
2015-03-16,2.48,,-0.541,0.45,108.6422,0.01,-0.002747948362114,0.0023215988001191,48.75162506103516,172.2897491455078,98.01508331298828
2015-03-17,2.49,,-0.541,0.42,108.5805,0.01,-0.002747948362114,0.0023003569484134,48.50819778442383,171.7776641845703,98.17127227783205
2015-03-18,2.55,,-0.541,0.23,108.408,0.01,-0.002747948362114,0.0022468298057445,48.94099044799805,173.84268188476562,99.13578033447266
2015-03-19,2.5,,-0.541,0.19,108.1826,0.01,-0.002747948362114,0.0022876572101675,48.55145263671875,173.0497283935547,99.28276824951172
2015-03-20,2.51,,-0.544,0.17,107.1671,0.01,-0.002747948362114,0.0023421674383894,48.93017578125,174.57717895507812,99.9254379272461
2015-03-23,2.54,,-0.544,0.17,106.5022,0.01,-0.002747948362114,0.0023636364374899,48.968040466308594,174.2369842529297,99.73206329345705
2015-03-24,2.53,,-0.544,0.11,106.4401,0.01,-0.002747948362114,0.0023621718323075,49.043792724609375,173.2580108642578,99.37300872802734
2015-03-25,2.53,,-0.544,0.12,106.2636,0.01,-0.002747948362114,0.0023427711954932,48.91398620605469,170.71908569335938,97.0988540649414
2015-03-26,2.55,,-0.544,0.21,106.5582,0.01,-0.002747948362114,0.0023412995768841,48.908538818359375,170.3125457763672,96.7673568725586
2015-03-27,2.53,,-0.546,0.19,106.8916,0.01,-0.002747948362114,0.0023128854662723,48.9464225769043,170.70248413085938,97.15406036376952
2015-03-30,2.55,,-0.546,0.23,107.3941,0.01,-0.002747948362114,0.0023527175808185,49.08163070678711,172.78501892089844,98.26817321777344
2015-03-31,2.55,,-0.546,0.18,107.4396,0.01,-0.002747948362114,0.002321866313672,49.02214431762695,171.27499389648438,97.22772979736328
2015-04-01,2.55,,-0.546,0.07,107.06,0.0,-0.6444572558062966,0.0022816820308146,49.12325286865234,170.66934204101562,96.72135925292967
2015-04-02,2.55,,-0.546,0.11,106.6738,0.0,-0.6444572558062966,0.0022882836628142,49.161251068115234,171.2833251953125,96.78577423095705
2015-04-03,2.58,,-0.548,0.02,105.8861,0.0,-0.6444572558062966,0.0022882836628142,49.161251068115234,171.2833251953125,96.78577423095705
2015-04-06,2.58,,-0.548,0.07,105.7876,0.0,-0.6444572558062966,0.0022419170911438,49.28628921508789,172.43661499023438,97.57762145996094
2015-04-07,2.56,,-0.548,0.04,106.4488,0.0,-0.6444572558062966,0.0022939038546278,49.54715347290039,171.98025512695312,97.411865234375
2015-04-08,2.51,,-0.548,0.08,106.4231,0.0,-0.6444572558062966,0.0022845151396335,49.536277770996094,172.56103515625,98.1852798461914
2015-04-09,2.53,,-0.548,0.13,107.0335,0.0,-0.6444572558062966,0.0022997653667105,49.487342834472656,173.32431030273438,98.80216979980467
2015-04-10,2.53,,-0.55,0.14,107.4526,0.0,-0.6444572558062966,0.0022833305823557,49.60145950317383,174.27024841308594,99.20726776123048
2015-04-13,2.54,,-0.55,0.14,107.7508,0.0,-0.6444572558062966,0.0022821644935563,49.50910568237305,173.4820098876953,98.95870971679688
2015-04-14,2.54,,-0.55,0.1,107.0547,0.0,-0.6444572558062966,0.0022799295385019,49.53081512451172,173.81387329101562,98.67324829101562
2015-04-15,2.54,,-0.55,0.07,107.1855,0.0,-0.6444572558062966,0.0022717436998028,49.72648620605469,174.59381103515625,99.29014587402344
2015-04-16,2.55,,-0.55,0.05,106.2761,0.0,-0.6444572558062966,0.002325125250076,49.62321853637695,174.54400634765625,99.15203857421876
2015-04-17,2.53,,-0.551,-0.02,106.329,0.0,-0.6444572558062966,0.0023139911045282,49.4710807800293,172.53611755371094,97.60523223876952
2015-04-20,2.55,,-0.551,0.01,106.4902,0.0,-0.6444572558062966,0.0022919984057601,49.57973861694336,174.11257934570312,99.06916046142578
2015-04-21,2.54,,-0.551,0.06,106.5582,0.0,-0.6444572558062966,0.0022487321213778,49.61236572265625,173.90512084960938,99.49269104003906
2015-04-22,2.53,,-0.551,0.12,106.5815,0.0,-0.6444572558062966,0.002249136454312,49.56342697143555,174.759765625,100.03594207763672
2015-04-23,2.54,,-0.551,0.07,106.1658,0.0,-0.6444572558062966,0.0022588746643296,49.54715347290039,175.19947814941406,100.41339874267578
2015-04-24,2.56,,-0.553,0.04,105.905,0.0,-0.6444572558062966,0.0023417292442157,49.6286506652832,175.6060333251953,101.77605438232422
2015-04-27,2.54,,-0.553,0.03,105.6891,0.0,-0.6444572558062966,0.0023053268651735,49.64495849609375,174.8759002685547,101.51828002929688
2015-04-28,2.55,,-0.553,0.11,105.1234,0.0,-0.6444572558062966,0.0022899505530393,49.568878173828125,175.43182373046875,101.31571197509766
2015-04-29,2.58,,-0.553,0.14,104.5634,0.0,-0.6444572558062966,0.0023102991928305,49.47651672363281,174.7099609375,100.68041229248048
2015-04-30,2.6,,-0.553,0.11,105.312,0.0,-0.6444572558062966,0.0024412210945063,49.44928741455078,172.95925903320312,99.09679412841795
2015-05-01,2.61,,-0.554,0.18,105.6382,-0.34,-1.460487812501221,0.0024959556901135,49.5595932006836,174.8343505859375,100.40419006347656
2015-05-04,2.61,,-0.554,0.24,105.6679,-0.34,-1.460487812501221,0.0024637680354687,49.54864883422852,175.3321990966797,100.56995391845705
2015-05-05,2.62,,-0.554,0.25,105.2396,-0.34,-1.460487812501221,0.0024639626026911,49.483158111572266,173.32431030273438,98.93106842041016
2015-05-06,2.64,,-0.554,0.34,104.6935,-0.34,-1.460487812501221,0.0024636644251558,49.33576965332031,172.61080932617188,98.24974060058594
2015-05-07,2.64,,-0.554,0.3,105.1941,-0.34,-1.460487812501221,0.0024746279244248,49.330299377441406,173.29946899414062,98.8389892578125
2015-05-08,2.65,,-0.553,0.28,104.8424,-0.34,-1.460487812501221,0.0024648894579563,49.71788024902344,175.58116149902344,100.07274627685548
2015-05-11,2.66,,-0.553,0.4,105.3075,-0.34,-1.460487812501221,0.0024657709089523,49.40674591064453,174.7431640625,99.68602752685548
2015-05-12,2.65,,-0.553,0.4,104.8924,-0.34,-1.460487812501221,0.0024740064328732,49.40124130249024,174.22039794921875,99.2348861694336
2015-05-13,2.71,,-0.553,0.41,104.3608,-0.34,-1.460487812501221,0.0024212081324459,49.330299377441406,174.25363159179688,99.43746185302734
2015-05-14,2.74,,-0.553,0.36,104.2359,-0.34,-1.460487812501221,0.0024041129757531,49.57051849365234,176.0706329345703,100.8921890258789
2015-05-15,2.72,,-0.554,0.31,104.0202,-0.34,-1.460487812501221,0.0024063646525861,49.67964553833008,176.26148986816406,100.8921890258789
2015-05-18,2.73,,-0.554,0.37,104.6068,-0.34,-1.460487812501221,0.0023863821063973,49.59780502319336,176.80906677246094,101.33412170410156
2015-05-19,2.71,,-0.554,0.42,105.3448,-0.34,-1.460487812501221,0.0023709503412967,49.52134323120117,176.7510223388672,101.22364807128906
2015-05-20,2.73,,-0.554,0.38,105.5605,-0.34,-1.460487812501221,0.0023587558745516,49.46129989624024,176.6265411376953,101.28809356689452
2015-05-21,2.75,,-0.554,0.35,105.3808,-0.34,-1.460487812501221,0.0023837595427608,49.53229141235352,177.14097595214844,101.81291198730467
2015-05-22,2.74,,-0.554,0.34,105.8487,-0.34,-1.460487812501221,0.0023528188936008,49.57051849365234,176.71783447265625,101.71159362792967
2015-05-25,2.74,,-0.554,0.34,105.8487,-0.34,-1.460487812501221,0.0023528188936008,49.57051849365234,176.71783447265625,101.71159362792967
2015-05-26,2.73,,-0.554,0.32,106.7294,-0.34,-1.460487812501221,0.0024035545878831,49.46680450439453,174.8177947998047,100.54228973388672
2015-05-27,2.71,,-0.554,0.34,106.908,-0.34,-1.460487812501221,0.0023745677770202,49.575965881347656,176.47723388671875,102.16278839111328
2015-05-28,2.75,,-0.554,0.33,106.92,-0.34,-1.460487812501221,0.0023508122550515,49.55410385131836,176.27809143066406,101.93260955810548
2015-05-29,2.72,,-0.554,0.32,106.7388,-0.34,-1.460487812501221,0.0023200773247522,49.62508392333984,175.18283081054688,101.32494354248048
2015-06-01,2.75,,-0.554,0.39,107.2238,-0.14,-2.106390227283794,0.0023066564204559,49.70845031738281,175.5396728515625,101.66560363769533
2015-06-02,2.75,,-0.554,0.44,106.4507,-0.14,-2.106390227283794,0.0023096892667214,49.61521911621094,175.3654022216797,101.34334564208984
2015-06-03,2.72,,-0.554,0.55,106.1443,-0.14,-2.106390227283794,0.0023216848798209,49.34656524658203,175.83006286621094,101.6471710205078
2015-06-04,2.72,,-0.554,0.5,106.4725,-0.14,-2.106390227283794,0.0023112605838122,49.18755340576172,174.3448944091797,100.8738021850586
2015-06-05,2.69,,-0.553,0.55,107.1336,-0.14,-2.106390227283794,0.0023308783780093,49.03948593139648,174.0462188720703,100.6343994140625
2015-06-08,2.7,,-0.553,0.54,106.7693,-0.14,-2.106390227283794,0.0023150359641557,49.03948593139648,172.97589111328125,99.61241149902344
2015-06-09,2.73,,-0.553,0.56,106.2238,-0.14,-2.106390227283794,0.0023277837931162,48.95724487304688,172.950927734375,99.44667053222656
2015-06-10,2.7,,-0.553,0.63,105.8037,-0.14,-2.106390227283794,0.0023366496650141,49.023067474365234,175.0251922607422,100.80933380126952
2015-06-11,2.71,,-0.553,0.56,106.0934,-0.14,-2.106390227283794,0.0022823968323406,49.12175369262695,175.5894012451172,100.95663452148438
2015-06-12,2.7,,-0.552,0.55,105.9015,-0.14,-2.106390227283794,0.0022900406957116,48.9408073425293,174.24533081054688,100.12799072265624
2015-06-15,2.73,,-0.552,0.51,105.9989,-0.14,-2.106390227283794,0.0022433137689652,48.71052551269531,173.49862670898438,99.6308135986328
2015-06-16,2.74,,-0.552,0.44,106.0473,-0.14,-2.106390227283794,0.002224904609302,48.98470687866211,174.4445037841797,100.1740493774414
2015-06-17,2.76,,-0.552,0.42,106.058,-0.14,-2.106390227283794,0.0022296836553079,48.9408073425293,174.72653198242188,100.45022583007812
2015-06-18,2.82,,-0.552,0.46,105.102,-0.14,-2.106390227283794,0.0021876820513867,49.12175369262695,176.54356384277344,101.91417694091795
2015-06-19,2.82,,-0.549,0.4,105.4496,-0.14,-2.106390227283794,0.0021573033771364,49.14915466308594,175.75985717773438,101.41031646728516
2015-06-22,2.81,,-0.549,0.47,105.3846,-0.14,-2.106390227283794,0.0021863649285155,49.24784469604492,176.66030883789062,102.15782165527344
2015-06-23,2.82,,-0.549,0.5,105.9678,-0.14,-2.106390227283794,0.0022394152119443,49.21494674682617,176.78533935546875,102.24087524414062
2015-06-24,2.81,,-0.549,0.48,106.2522,-0.14,-2.106390227283794,0.0022569505080398,49.0833740234375,175.5013885498047,101.71485900878906
2015-06-25,2.8,,-0.549,0.49,106.1515,-0.14,-2.106390227283794,0.0022582159152256,48.93532943725586,174.96778869628906,101.51183319091795
2015-06-26,2.81,,-0.547,0.57,106.4116,-0.14,-2.106390227283794,0.0022550941477282,48.79278564453125,174.93450927734375,100.83814239501952
2015-06-29,2.84,,-0.547,0.46,106.3785,-0.14,-2.106390227283794,0.0022388629403516,48.45828628540039,171.2660675048828,98.4572525024414
2015-06-30,2.83,,-0.547,0.48,106.5191,-0.14,-2.106390227283794,0.0022394367125214,48.68861770629883,171.62454223632812,98.80793762207033
2015-07-01,2.83,,-0.547,0.54,107.0101,0.35,-1.6903126553953207,0.0022544909788055,48.69681930541992,173.00025939941406,99.59233856201172
2015-07-02,2.86,,-0.547,0.49,106.9106,0.35,-1.6903126553953207,0.0022652622757548,48.87860107421875,172.84182739257812,99.62000274658205
2015-07-03,2.86,,-0.542,0.49,106.9106,0.35,-1.6903126553953207,0.0022652622757548,48.87860107421875,172.84182739257812,99.62000274658205
2015-07-06,2.84,,-0.542,0.43,107.1343,0.35,-1.6903126553953207,0.0021681302156202,48.71888732910156,172.34988403320312,99.38929748535156
2015-07-07,2.84,,-0.542,0.4,107.785,0.35,-1.6903126553953207,0.0021268656050668,48.75743103027344,173.43377685546875,99.6384735107422
2015-07-08,2.87,,-0.542,0.39,107.4734,0.35,-1.6903126553953207,0.0021524970716059,48.515098571777344,170.5240478515625,97.90353393554688
2015-07-09,2.88,,-0.542,0.47,107.5595,0.35,-1.6903126553953207,0.0022070751404124,48.62522506713867,170.83248901367188,97.84818267822266
2015-07-10,2.9,,-0.537,0.55,107.213,0.35,-1.6903126553953207,0.0021987562817789,48.906158447265625,172.9835205078125,99.34317779541016
2015-07-13,2.88,,-0.537,0.58,107.5849,0.35,-1.6903126553953207,0.0022121711725534,48.95018005371094,174.89279174804688,101.08734893798828
2015-07-14,2.91,,-0.537,0.56,107.4843,0.35,-1.6903126553953207,0.0022062776422484,48.90062713623047,175.65150451660156,101.75173950195312
2015-07-15,2.91,,-0.537,0.52,108.0149,0.35,-1.6903126553953207,0.0022058054766871,48.90062713623047,175.5931396484375,101.86248779296876
2015-07-16,2.88,,-0.537,0.52,108.1726,0.35,-1.6903126553953207,0.0022132365737203,48.97773742675781,177.00216674804688,103.30215454101562
2015-07-17,2.87,,-0.531,0.51,108.5374,0.35,-1.6903126553953207,0.0022128466197321,48.84553909301758,177.15220642089844,104.82481384277344
2015-07-20,2.86,,-0.531,0.56,108.6944,0.35,-1.6903126553953207,0.0022445107772389,48.61977005004883,177.2439422607422,105.18470764160156
2015-07-21,2.87,,-0.531,0.53,108.3893,0.35,-1.6903126553953207,0.0022453325240487,48.5316047668457,176.5435791015625,105.12010192871094
2015-07-22,2.85,,-0.531,0.53,108.7817,0.35,-1.6903126553953207,0.0022278723691102,48.21770095825195,176.22679138183594,103.9296646118164
2015-07-23,2.85,,-0.531,0.49,108.7565,0.35,-1.6903126553953207,0.0021805301226907,48.19015884399414,175.23458862304688,103.54203033447266
2015-07-24,2.87,,-0.521,0.51,109.0174,0.35,-1.6903126553953207,0.0021937178143695,48.05247116088867,173.41709899902344,102.52696990966795
2015-07-27,2.9,,-0.521,0.5,108.6924,0.35,-1.6903126553953207,0.0021436389483005,47.84870147705078,172.40826416015625,101.67792510986328
2015-07-28,2.91,,-0.521,0.51,108.6881,0.35,-1.6903126553953207,0.0021919182790486,48.10757064819336,174.52589416503906,102.55462646484376
2015-07-29,2.9,,-0.521,0.52,108.604,0.35,-1.6903126553953207,0.0022037156584368,48.38844680786133,175.7265167236328,102.94222259521484
2015-07-30,2.88,,-0.521,0.51,109.4328,0.35,-1.6903126553953207,0.0021880741935889,48.5316047668457,175.7682342529297,103.43134307861328
2015-07-31,2.94,,-0.506,0.46,108.7819,0.35,-1.6903126553953207,0.0021622979395074,48.44904327392578,175.5013885498047,103.3113784790039
2015-08-03,2.92,,-0.506,0.46,109.214,-0.28,-1.6854337113987985,0.0021548559144684,48.3582763671875,174.9094696044922,102.98836517333984
2015-08-04,2.88,,-0.506,0.52,109.2244,-0.28,-1.6854337113987985,0.0021683323694988,48.38595199584961,174.567626953125,102.7945785522461
2015-08-05,2.9,,-0.506,0.58,109.842,-0.28,-1.6854337113987985,0.0021672653877101,48.31954574584961,175.14292907714844,103.58820343017578
2015-08-06,2.92,,-0.506,0.56,109.722,-0.28,-1.6854337113987985,0.0021537334019022,48.120391845703125,173.7088623046875,101.9271011352539
2015-08-07,2.91,,-0.487,0.52,109.4376,-0.28,-1.6854337113987985,0.0021401152509989,47.97101211547852,173.37535095214844,101.79790496826172
2015-08-10,2.93,,-0.487,0.55,109.1931,-0.28,-1.6854337113987985,0.0021803116600894,48.109336853027344,175.55975341796875,102.96070861816406
2015-08-11,2.94,,-0.487,0.49,109.9464,-0.28,-1.6854337113987985,0.002113579028268,47.88800811767578,173.9757080078125,101.64103698730467
2015-08-12,2.97,,-0.487,0.52,109.4655,-0.28,-1.6854337113987985,0.0021015849358005,47.82167053222656,174.18409729003906,101.99169158935548
2015-08-13,2.98,,-0.487,0.57,109.9025,-0.28,-1.6854337113987985,0.0021201936692858,47.760780334472656,173.96731567382812,101.82559204101562
2015-08-14,2.97,,-0.466,0.58,109.9174,-0.28,-1.6854337113987985,0.002124180097184,47.788455963134766,174.60101318359375,101.98247528076172
2015-08-17,2.97,,-0.466,0.58,110.1435,-0.28,-1.6854337113987985,0.0020851958088991,47.788455963134766,175.57638549804688,102.83147430419922
2015-08-18,3.01,,-0.466,0.62,110.2504,-0.28,-1.6854337113987985,0.0020562169738931,47.72760772705078,175.06785583496094,102.30548095703124
2015-08-19,3.06,,-0.466,0.55,110.4333,-0.28,-1.6854337113987985,0.0020237567961871,47.6833610534668,173.6838836669922,101.63179779052734
2015-08-20,3.04,,-0.466,0.53,110.1077,-0.28,-1.6854337113987985,0.0020147441060048,47.45097351074219,170.05714416503906,98.81715393066406
2015-08-21,3.1,,-0.443,0.52,110.1443,-0.28,-1.6854337113987985,0.0019894791051827,47.27950286865234,164.93800354003906,94.49830627441406
2015-08-24,3.14,,-0.443,0.52,109.9306,-0.28,-1.6854337113987985,0.0019672273325626,46.8922119140625,157.99295043945312,90.86229705810548
2015-08-25,3.17,,-0.443,0.59,110.3394,-0.28,-1.6854337113987985,0.0020409418853268,46.98625946044922,156.13375854492188,90.5208511352539
2015-08-26,3.2,,-0.443,0.65,110.5807,-0.28,-1.6854337113987985,0.0020016005480952,47.37908554077149,162.1282958984375,95.07966613769533
2015-08-27,3.15,,-0.443,0.6,110.4834,-0.28,-1.6854337113987985,0.0020794726121327,47.733131408691406,166.13858032226562,97.48827362060548
2015-08-28,3.13,,-0.423,0.58,110.6714,-0.28,-1.6854337113987985,0.0020708675054714,47.77739334106445,166.1468963623047,97.4698257446289
2015-08-31,3.15,,-0.423,0.58,110.5621,-0.28,-1.6854337113987985,0.0020661011926208,47.71099853515625,164.8046112060547,96.26090240478516
2015-09-01,3.18,,-0.423,0.6,110.4506,-0.12,-2.2407414414912674,0.0020220427753309,47.557071685791016,159.8855438232422,93.25247955322266
2015-09-02,3.17,,-0.423,0.64,110.7979,-0.12,-2.2407414414912674,0.0020600441012687,47.75156021118164,162.9203338623047,95.88253784179688
2015-09-03,3.17,,-0.423,0.64,110.8566,-0.12,-2.2407414414912674,0.0021269023838718,47.81825256347656,163.03707885742188,95.41189575195312
2015-09-04,3.15,,-0.41,0.62,111.1018,-0.12,-2.2407414414912674,0.0020698733000325,47.76826477050781,160.5692138671875,94.27681732177734
2015-09-07,3.15,,-0.41,0.62,111.1018,-0.12,-2.2407414414912674,0.0020698733000325,47.76826477050781,160.5692138671875,94.27681732177734
2015-09-08,3.16,,-0.41,0.67,110.7942,-0.12,-2.2407414414912674,0.0021764547254414,48.029415130615234,164.60447692871094,96.9345932006836
2015-09-09,3.1,,-0.41,0.65,110.9225,-0.12,-2.2407414414912674,0.0022160227024543,47.96828842163086,162.4034423828125,95.84562683105467
2015-09-10,3.12,,-0.41,0.64,110.6331,-0.12,-2.2407414414912674,0.0022122577376707,48.08500289916992,163.2871551513672,96.88843536376952
2015-09-11,3.11,,-0.405,0.61,110.6109,-0.12,-2.2407414414912674,0.0022310828211948,48.06831741333008,164.02926635742188,97.42367553710938
2015-09-14,3.13,,-0.405,0.62,110.5005,-0.12,-2.2407414414912674,0.002179290548653,47.984989166259766,163.42056274414062,97.12836456298828
2015-09-15,3.16,,-0.405,0.72,110.6394,-0.12,-2.2407414414912674,0.002208922742892,47.973854064941406,165.46324157714844,98.2726821899414
2015-09-16,3.15,,-0.405,0.73,110.1021,-0.12,-2.2407414414912674,0.0021993388463346,47.801551818847656,166.89724731445312,98.82638549804688
2015-09-17,3.18,,-0.405,0.63,110.1212,-0.12,-2.2407414414912674,0.0022030786913594,47.84048461914063,166.5220947265625,98.86329650878906
2015-09-18,3.15,,-0.405,0.58,109.8165,-0.12,-2.2407414414912674,0.0021061419258466,47.70711135864258,163.80088806152344,97.45719909667967
2015-09-21,3.19,,-0.405,0.66,110.6414,-0.12,-2.2407414414912674,0.0021167593481126,47.618202209472656,164.64732360839844,97.76248168945312
2015-09-22,3.15,,-0.405,0.63,111.1967,-0.12,-2.2407414414912674,0.0020506665971544,47.27367401123047,162.51022338867188,96.30084228515624
2015-09-23,3.15,,-0.405,0.64,111.6287,-0.12,-2.2407414414912674,0.0020373807708185,47.19032669067383,162.2504119873047,96.3748016357422
2015-09-24,3.16,,-0.405,0.64,111.4454,-0.12,-2.2407414414912674,0.0020038134324815,46.95692443847656,161.66372680664062,96.02330017089844
2015-09-25,3.19,,-0.411,0.71,111.3725,-0.12,-2.2407414414912674,0.0019995637797144,46.71797180175781,161.6219024658203,95.209228515625
2015-09-28,3.21,,-0.411,0.71,111.3914,-0.12,-2.2407414414912674,0.0019929328992594,46.0010871887207,157.5656280517578,92.4987335205078
2015-09-29,3.26,,-0.411,0.66,111.5219,-0.12,-2.2407414414912674,0.0019993789668655,45.99554443359375,157.65780639648438,92.01768493652344
2015-09-30,3.29,,-0.411,0.65,111.3311,-0.12,-2.2407414414912674,0.0021026445471722,46.28451156616211,160.59942626953125,94.1361312866211
2015-10-01,3.31,,-0.411,0.59,111.0439,-0.26,-2.72506606749946,0.0020709926285063,45.98747253417969,161.0184783935547,94.56168365478516
2015-10-02,3.34,,-0.42,0.51,110.7006,-0.26,-2.72506606749946,0.002048632494909,46.03213119506836,163.4237518310547,96.21755981445312
2015-10-05,3.33,,-0.42,0.56,110.4445,-0.26,-2.72506606749946,0.0020736314433895,46.58491897583008,166.3318634033203,97.595947265625
2015-10-06,3.32,,-0.42,0.53,110.1371,-0.26,-2.72506606749946,0.0020570281366709,46.84175491333008,165.76193237304688,97.13339233398438
2015-10-07,3.27,,-0.42,0.53,109.8162,-0.26,-2.72506606749946,0.0020639686816873,47.32197189331055,167.11961364746094,97.71621704101562
2015-10-08,3.28,,-0.42,0.54,109.6452,-0.26,-2.72506606749946,0.0020503188466541,47.51741027832031,168.62811279296875,98.10472869873048
2015-10-09,3.26,,-0.436,0.58,109.0782,-0.26,-2.72506606749946,0.0020902879471143,47.5229606628418,168.72874450683594,98.54879760742188
2015-10-12,3.26,,-0.436,0.58,109.0782,-0.26,-2.72506606749946,0.0020770023708691,47.43362045288086,168.8879852294922,98.78929138183594
2015-10-13,3.28,,-0.436,0.54,109.4119,-0.26,-2.72506606749946,0.0020513809367131,47.32197189331055,167.82359313964844,98.1509780883789
2015-10-14,3.31,,-0.436,0.5,109.1244,-0.26,-2.72506606749946,0.0020506737787977,47.2884407043457,167.01901245117188,97.99372100830078
2015-10-15,3.29,,-0.436,0.54,108.6671,-0.26,-2.72506606749946,0.0020422595070256,47.4001350402832,169.5835723876953,99.6033706665039
2015-10-16,3.28,,-0.45,0.56,108.9956,-0.26,-2.72506606749946,0.0020336263218139,47.617923736572266,170.3545684814453,100.01963806152344
2015-10-19,3.3,,-0.45,0.59,109.3858,-0.26,-2.72506606749946,0.002021222122702,47.74630737304688,170.43836975097656,100.59317779541016
2015-10-20,3.29,,-0.45,0.6,109.3368,-0.26,-2.72506606749946,0.0020114600354827,47.79096984863281,170.22052001953125,100.0751495361328
2015-10-21,3.28,,-0.45,0.59,109.7746,-0.26,-2.72506606749946,0.0020246660940787,47.74074172973633,169.16452026367188,99.46460723876952
2015-10-22,3.26,,-0.45,0.57,110.0342,-0.26,-2.72506606749946,0.0020439740070329,47.75750350952149,172.02232360839844,101.49051666259766
2015-10-23,3.23,,-0.462,0.58,110.4329,-0.26,-2.72506606749946,0.0020201150227749,47.92498779296875,173.90792846679688,104.33051300048828
2015-10-26,3.22,,-0.462,0.59,110.2089,-0.26,-2.72506606749946,0.0020192801288385,47.8747673034668,173.48062133789062,104.3952865600586
2015-10-27,3.25,,-0.462,0.57,110.4875,-0.26,-2.72506606749946,0.0020209118455407,47.71840286254883,173.1454315185547,104.60806274414062
2015-10-28,3.2,,-0.462,0.63,110.2334,-0.26,-2.72506606749946,0.0020002549521259,47.84685134887695,175.11485290527344,105.47761535644533
2015-10-29,3.21,,-0.462,0.67,110.8083,-0.26,-2.72506606749946,0.0020183927122865,47.72396087646485,175.0142822265625,105.31111145019533
2015-10-30,3.19,,-0.471,0.63,110.2079,-0.26,-2.72506606749946,0.0020267191655897,47.77985000610352,174.25997924804688,104.8393096923828
2015-11-02,3.18,,-0.471,0.65,110.2188,-0.37,-4.033068306068888,0.0020386511018113,47.92793273925781,176.3216552734375,106.02342224121094
2015-11-03,3.19,,-0.471,0.65,110.244,-0.37,-4.033068306068888,0.0020884939909374,47.97838592529297,176.83287048339844,106.39344024658205
2015-11-04,3.16,,-0.471,0.68,110.7139,-0.37,-4.033068306068888,0.0020962494075756,47.83818054199219,176.29649353027344,106.40269470214844
2015-11-05,3.18,,-0.471,0.71,110.8302,-0.37,-4.033068306068888,0.0020404744068498,47.65300369262695,176.1204833984375,106.1159210205078
2015-11-06,3.17,,-0.474,0.75,111.7603,-0.37,-4.033068306068888,0.0020609598668023,47.42304611206055,176.0283203125,106.18994903564452
2015-11-09,3.15,,-0.474,0.76,111.9112,-0.37,-4.033068306068888,0.0020498207271155,47.226749420166016,174.38572692871094,105.06131744384766
2015-11-10,3.18,,-0.474,0.77,111.9919,-0.37,-4.033068306068888,0.0020368499754866,47.12014389038086,174.7880096435547,104.79305267333984
2015-11-11,3.18,,-0.474,0.77,111.9919,-0.37,-4.033068306068888,0.0020434222768004,47.0079460144043,174.10073852539062,104.66357421875
2015-11-12,3.19,,-0.474,0.78,111.7965,-0.37,-4.033068306068888,0.0020105477415835,46.69381332397461,171.67034912109375,103.6459503173828
2015-11-13,3.2,,-0.47,0.76,112.0264,-0.37,-4.033068306068888,0.0020077720006089,46.55918502807617,169.7427978515625,101.61078643798828
2015-11-16,3.24,,-0.47,0.76,112.2199,-0.37,-4.033068306068888,0.0019544155448445,46.77797317504883,172.3240509033203,103.0723876953125
2015-11-17,3.23,,-0.47,0.72,112.3141,-0.37,-4.033068306068888,0.0019701507242749,46.811614990234375,172.19833374023438,103.13716888427734
2015-11-18,3.21,,-0.47,0.71,112.3663,-0.37,-4.033068306068888,0.0019442365023681,46.90135955810547,174.930419921875,105.11682891845705
2015-11-19,3.2,,-0.47,0.68,111.5749,-0.37,-4.033068306068888,0.0019262522624905,46.48067092895508,174.7795867919922,105.19083404541016
2015-11-20,3.2,,-0.461,0.66,111.7799,-0.37,-4.033068306068888,0.0019082124249634,46.46944808959961,175.41647338867188,105.9031753540039
2015-11-23,3.19,,-0.461,0.64,112.1125,-0.37,-4.033068306068888,0.0018930445488679,46.4301643371582,175.21539306640625,105.5978775024414
2015-11-24,3.2,,-0.461,0.62,111.7638,-0.37,-4.033068306068888,0.001911477095526,46.49188232421875,175.45005798339844,105.50536346435548
2015-11-25,3.21,,-0.461,0.62,111.8936,-0.37,-4.033068306068888,0.0019098553129692,46.54233932495117,175.42495727539062,105.5978775024414
2015-11-26,3.21,,-0.461,0.62,111.8936,-0.37,-4.033068306068888,0.0019098553129692,46.54233932495117,175.42495727539062,105.5978775024414
2015-11-27,3.22,,-0.446,0.62,112.2824,-0.37,-4.033068306068888,0.001941393685733,46.61529541015625,175.62603759765625,105.74591064453124
2015-11-30,3.2,,-0.446,0.62,112.34,-0.37,-4.033068306068888,0.0019182773680499,46.58723068237305,174.89697265625,105.47761535644533
2015-12-01,3.21,,-0.446,0.58,112.1134,-0.3,-4.496144811599123,0.0019425642542299,46.9186897277832,176.56466674804688,106.53223419189452
2015-12-02,3.17,,-0.446,0.62,112.3715,-0.3,-4.496144811599123,0.0019246823542474,46.82283782958984,174.76280212402344,105.8753890991211
2015-12-03,3.18,,-0.446,0.72,111.6407,-0.3,-4.496144811599123,0.0019365169905194,46.6988639831543,172.31565856933594,104.08074188232422
2015-12-04,3.15,,-0.427,0.68,111.5463,-0.3,-4.496144811599123,0.001912401919543,46.59175491333008,175.67633056640625,106.5136947631836
2015-12-07,3.15,,-0.427,0.67,112.3056,-0.3,-4.496144811599123,0.0018993869065048,46.26484298706055,174.61196899414062,106.03266143798828
2015-12-08,3.19,,-0.427,0.68,112.5485,-0.3,-4.496144811599123,0.0019028152042775,45.68991470336914,173.43865966796875,106.04190063476562
2015-12-09,3.18,,-0.427,0.69,112.1918,-0.3,-4.496144811599123,0.0019116555210196,45.92663192749024,172.08944702148438,104.43228149414062
2015-12-10,3.19,,-0.427,0.73,112.2672,-0.3,-4.496144811599123,0.0019243314734891,45.7349967956543,172.53355407714844,104.90408325195312
2015-12-11,3.24,,-0.405,0.67,112.7147,-0.3,-4.496144811599123,0.0019574705100422,44.821868896484375,169.1896514892578,102.48961639404295
2015-12-14,3.23,,-0.405,0.78,112.7521,-0.3,-4.496144811599123,0.001976143691222,44.43292617797852,170.0444793701172,103.26667785644533
2015-12-15,3.21,,-0.405,0.8,112.8609,-0.3,-4.496144811599123,0.0019296265604907,45.16006851196289,171.82955932617188,103.89573669433594
2015-12-16,3.21,,-0.405,0.84,112.9864,-0.3,-4.496144811599123,0.0019118739412976,45.50390625,174.3437957763672,105.44060516357422
2015-12-17,3.21,,-0.405,0.77,113.8177,-0.3,-4.496144811599123,0.0019361436896778,44.996620178222656,171.68710327148438,103.90499114990234
2015-12-18,3.25,,-0.383,0.73,113.2837,-0.3,-4.496144811599123,0.0019724254566903,44.82750701904297,168.62850952148438,101.91184997558594
2015-12-21,3.27,,-0.383,0.75,113.4144,-0.3,-4.496144811599123,0.0019678342734622,44.68658447265625,170.01953125,103.04387664794922
2015-12-22,3.26,,-0.383,0.78,113.211,-0.3,-4.496144811599123,0.0019510604655611,45.22769546508789,171.56231689453125,103.72127532958984
2015-12-23,3.26,,-0.383,0.76,113.1847,-0.3,-4.496144811599123,0.0019744716444648,45.51517105102539,173.68682861328125,104.49141693115234
2015-12-24,3.22,,-0.383,0.73,113.0496,-0.3,-4.496144811599123,0.001960174638421,45.60810089111328,173.4002227783203,104.47283172607422
2015-12-25,3.22,,-0.363,0.73,113.0496,-0.3,-4.496144811599123,0.001960174638421,45.60810089111328,173.4002227783203,104.47283172607422
2015-12-28,3.21,,-0.363,0.74,113.0461,-0.3,-4.496144811599123,0.001930406304065,45.33610153198242,173.00401306152344,104.41716766357422
2015-12-29,3.22,,-0.363,0.79,113.1664,-0.3,-4.496144811599123,0.0019721577726218,45.596778869628906,174.8502655029297,106.05960083007812
2015-12-30,3.23,,-0.363,0.77,113.4707,-0.3,-4.496144811599123,0.0020158476871411,45.6307487487793,173.61099243164062,105.10385131835938
2015-12-31,3.23,,-0.363,0.73,113.3429,-0.3,-4.496144811599123,0.0020046212070909,45.65909194946289,171.87428283691406,103.79549407958984
2016-01-01,3.23,,-0.346,0.73,113.3429,0.09,-3.236256019749162,0.0020046212070909,45.65909194946289,171.87428283691406,103.79549407958984
2016-01-04,3.24,,-0.346,0.69,114.1595,0.09,-3.236256019749162,0.0019258673091074,45.3870964050293,169.47152709960938,101.6056137084961
2016-01-05,3.25,,-0.346,0.69,114.2649,0.09,-3.236256019749162,0.0019366654076468,45.47208404541016,169.7581787109375,101.42930603027344
2016-01-06,3.26,,-0.346,0.65,114.6177,0.09,-3.236256019749162,0.0019053941212089,45.47208404541016,167.61680603027344,100.45502471923828
2016-01-07,3.28,,-0.346,0.66,114.6516,0.09,-3.236256019749162,0.0018195361176393,45.17744445800781,163.59542846679688,97.3094482421875
2016-01-08,3.31,,-0.331,0.65,115.0095,0.09,-3.236256019749162,0.0018368554440654,45.05846405029297,161.79971313476562,96.51141357421876
2016-01-11,3.3,,-0.331,0.72,115.0139,0.09,-3.236256019749162,0.0017943456191425,44.9904899597168,161.9599151611328,96.80836486816406
2016-01-12,3.29,,-0.331,0.69,115.3128,0.09,-3.236256019749162,0.0017990051523362,45.03578186035156,163.2666778564453,97.93111419677734
2016-01-13,3.28,,-0.331,0.65,115.1425,0.09,-3.236256019749162,0.0017935632289141,44.537139892578125,159.19467163085938,94.55355834960938
2016-01-14,3.36,,-0.331,0.67,115.3846,0.09,-3.236256019749162,0.001835366338879,44.73548889160156,161.80816650390625,96.56710052490234
2016-01-15,3.38,,-0.318,0.67,115.7404,0.09,-3.236256019749162,0.0017769124821354,44.14619064331055,158.33477783203125,93.56997680664062
2016-01-18,3.38,,-0.318,0.67,115.7404,0.09,-3.236256019749162,0.0017769124821354,44.14619064331055,158.33477783203125,93.56997680664062
2016-01-19,3.35,,-0.318,0.68,115.8155,0.09,-3.236256019749162,0.0018107165511923,43.9931755065918,158.5454864501953,93.77413177490234
2016-01-20,3.4,,-0.318,0.69,116.3498,0.09,-3.236256019749162,0.001766778081086,43.69856262207031,156.51370239257812,93.48646545410156
2016-01-21,3.45,,-0.318,0.74,115.9833,0.09,-3.236256019749162,0.00181330186042,43.9931755065918,157.39056396484375,93.57923889160156
2016-01-22,3.42,,-0.309,0.72,115.9833,0.09,-3.236256019749162,0.0018214546832371,44.66746139526367,160.61944580078125,96.28872680664062
2016-01-25,3.44,,-0.309,0.69,115.9833,0.09,-3.236256019749162,0.001803923392344,44.22552490234375,158.19143676757812,94.85978698730467
2016-01-26,3.46,,-0.309,0.65,115.9833,0.09,-3.236256019749162,0.0018133190767873,44.62214279174805,160.34959411621094,95.71346282958984
2016-01-27,3.46,,-0.309,0.62,115.5087,0.09,-3.236256019749162,0.0018484006889054,44.55416870117188,158.60450744628906,93.32872772216795
2016-01-28,3.48,,-0.309,0.58,115.2224,0.09,-3.236256019749162,0.0018366798759737,44.78081512451172,159.43072509765625,94.64633178710938
2016-01-29,3.48,,-0.304,0.53,115.5731,0.09,-3.236256019749162,0.0018487995755503,44.92812728881836,163.3172607421875,96.62278747558594
2016-02-01,3.49,,-0.304,0.57,115.3331,-0.23,-3.11932976959608,0.0018188669541715,44.661075592041016,163.2581787109375,96.8826141357422
2016-02-02,3.49,,-0.304,0.51,115.553,-0.23,-3.11932976959608,0.0018202785034113,44.34218597412109,160.3159942626953,94.7855224609375
2016-02-03,3.52,,-0.304,0.5,114.6144,-0.23,-3.11932976959608,0.0018329973873018,44.55857849121094,161.2770538330078,94.33087158203124
2016-02-04,3.53,,-0.304,0.51,113.6012,-0.23,-3.11932976959608,0.0018382861660857,44.41620635986328,161.52996826171875,94.32158660888672
2016-02-05,3.52,,-0.302,0.53,114.2935,-0.23,-3.11932976959608,0.0018142166334658,44.07454299926758,158.4527587890625,91.04608917236328
2016-02-08,3.53,,-0.302,0.52,114.4351,-0.23,-3.11932976959608,0.001743467718777,43.56207275390625,156.31983947753906,89.65422058105469
2016-02-09,3.54,,-0.302,0.53,114.127,-0.23,-3.11932976959608,0.00170059243648,43.39691925048828,156.3282928466797,89.37582397460938
2016-02-10,3.56,,-0.302,0.5,114.2877,-0.23,-3.11932976959608,0.0016949863381019,43.334285736083984,156.19337463378906,89.71918487548828
2016-02-11,3.63,,-0.302,0.45,114.1845,-0.23,-3.11932976959608,0.0016058978358002,43.043853759765625,154.16159057617188,89.58926391601562
2016-02-12,3.6,,-0.304,0.49,114.2992,-0.23,-3.11932976959608,0.0016358647327471,43.68732070922852,157.3399658203125,90.95330047607422
2016-02-15,3.6,,-0.304,0.49,114.2992,-0.23,-3.11932976959608,0.0016358647327471,43.68732070922852,157.3399658203125,90.95330047607422
2016-02-16,3.59,,-0.304,0.53,114.4905,-0.23,-3.11932976959608,0.0016963324640956,43.72718811035156,159.99557495117188,93.00395965576172
2016-02-17,3.62,,-0.304,0.53,113.8634,-0.23,-3.11932976959608,0.0017124927120413,44.0859375,162.60910034179688,95.1103057861328
2016-02-18,3.62,,-0.304,0.51,113.8897,-0.23,-3.11932976959608,0.0016895033881332,44.12580108642578,161.9430389404297,94.02465057373048
2016-02-19,3.56,,-0.313,0.5,113.9558,-0.23,-3.11932976959608,0.0016868497807714,44.21121597290039,161.86715698242188,94.30300903320312
2016-02-22,3.57,,-0.313,0.46,113.8232,-0.23,-3.11932976959608,0.0017470028243709,44.59274291992188,164.2108612060547,95.83406829833984
2016-02-23,3.58,,-0.313,0.42,114.177,-0.23,-3.11932976959608,0.0017217540466686,44.50162887573242,162.13694763183594,94.2566375732422
2016-02-24,3.56,,-0.313,0.39,114.1716,-0.23,-3.11932976959608,0.0016912893446296,44.57565307617188,162.87884521484375,95.15670013427734
2016-02-25,3.56,,-0.313,0.32,113.9222,-0.23,-3.11932976959608,0.0016677436106067,44.81482696533203,164.8515625,96.0938491821289
2016-02-26,3.56,,-0.326,0.35,114.3708,-0.23,-3.11932976959608,0.0017363501768608,45.11661911010742,164.47219848632812,95.97323608398438
2016-02-29,3.55,,-0.326,0.32,114.2418,-0.23,-3.11932976959608,0.0017250181883673,45.60065078735352,163.18238830566406,95.1103057861328
2016-03-01,3.54,,-0.326,0.35,113.9265,-0.34,-3.515311400177057,0.0017406322939067,46.32136535644531,167.0182342529297,98.16310119628906
2016-03-02,3.5,,-0.326,0.33,113.7965,-0.34,-3.515311400177057,0.0017544920251156,46.00649642944336,167.76858520507812,98.20023345947266
2016-03-03,3.47,,-0.326,0.3,113.2482,-0.34,-3.515311400177057,0.0017532208661861,46.16103744506836,168.4261932373047,98.01465606689452
2016-03-04,3.43,,-0.341,0.37,112.6387,-0.34,-3.515311400177057,0.0017883296832718,46.292724609375,168.97413635253906,98.0517578125
2016-03-07,3.39,,-0.341,0.43,112.6219,-0.34,-3.515311400177057,0.0018053356739244,46.3499641418457,169.10902404785156,97.44861602783205
2016-03-08,3.38,,-0.341,0.37,112.8465,-0.34,-3.515311400177057,0.0017577845985462,46.02364349365234,167.2627716064453,96.6413345336914
2016-03-09,3.36,,-0.341,0.39,112.4268,-0.34,-3.515311400177057,0.001774630003501,46.13817596435547,168.08895874023438,97.26300811767578
2016-03-10,3.3,,-0.341,0.45,112.4191,-0.34,-3.515311400177057,0.0017433175875705,46.45872497558594,168.2238311767578,97.11456298828124
2016-03-11,3.26,,-0.356,0.44,111.741,-0.34,-3.515311400177057,0.001778422344556,47.01972961425781,170.93844604492188,98.81265258789062
2016-03-14,3.22,,-0.356,0.45,112.1688,-0.34,-3.515311400177057,0.0017976534431596,46.88804626464844,170.7192840576172,98.97966003417967
2016-03-15,3.19,,-0.356,0.47,112.5545,-0.34,-3.515311400177057,0.0018132313900568,46.45298767089844,170.44107055664062,98.94255065917967
2016-03-16,3.22,,-0.356,0.36,112.7759,-0.34,-3.515311400177057,0.0018152605724549,46.76211166381836,171.42745971679688,99.82405853271484
2016-03-17,3.2,,-0.356,0.34,110.445,-0.34,-3.515311400177057,0.0018102016878863,47.05976486206055,172.51498413085938,99.76837921142578
2016-03-18,3.17,,-0.37,0.27,110.4002,-0.34,-3.515311400177057,0.0018180729931857,47.16852569580078,173.1929168701172,99.92472076416016
2016-03-21,3.15,,-0.37,0.28,110.737,-0.34,-3.515311400177057,0.0018407299471082,47.11702728271485,173.438720703125,100.31559753417967
2016-03-22,3.1,,-0.37,0.31,110.7877,-0.34,-3.515311400177057,0.0018302355175602,46.99109649658203,173.345458984375,100.62273406982422
2016-03-23,3.07,,-0.37,0.3,111.5473,-0.34,-3.515311400177057,0.0018227507328882,46.77357864379883,172.20144653320312,99.79443359375
2016-03-24,3.06,,-0.37,0.34,111.816,-0.34,-3.515311400177057,0.0018212705881837,46.56749725341797,172.12515258789062,99.82234191894533
2016-03-25,3.06,,-0.379,0.34,111.7698,-0.34,-3.515311400177057,0.0018212705881837,46.56749725341797,172.12515258789062,99.82234191894533
2016-03-28,3.05,,-0.379,0.33,111.3578,-0.34,-3.515311400177057,0.0018374455741932,46.35566711425781,172.22691345214844,99.68276977539062
2016-03-29,3.09,,-0.379,0.2,111.3736,-0.34,-3.515311400177057,0.0017873907025612,46.53313827514648,173.81996154785156,101.28348541259766
2016-03-30,3.11,,-0.379,0.18,110.2301,-0.34,-3.515311400177057,0.0017825413584811,46.69913482666016,174.5826416015625,101.77672576904295
2016-03-31,3.12,,-0.379,0.16,109.9191,-0.34,-3.515311400177057,0.0017675417633641,46.76211166381836,174.15896606445312,101.62781524658205
2016-04-01,3.1,,-0.386,0.17,110.2977,-0.1,-2.657903696138076,0.0017681231383452,46.79605865478516,175.3453369140625,102.7073974609375
2016-04-04,3.1,,-0.386,0.14,110.3987,-0.1,-2.657903696138076,0.0017553366268013,46.68104553222656,174.77755737304688,102.3165283203125
2016-04-05,3.08,,-0.386,0.14,110.9478,-0.1,-2.657903696138076,0.0017380331716304,46.50849914550781,173.03192138671875,101.33002471923828
2016-04-06,3.08,,-0.386,0.17,110.5347,-0.1,-2.657903696138076,0.001750920301566,46.8995475769043,174.92160034179688,102.9958953857422
2016-04-07,3.06,,-0.386,0.12,110.8876,-0.1,-2.657903696138076,0.0016781266509166,46.66950607299805,172.82852172851562,101.51612854003906
2016-04-08,3.07,,-0.389,0.14,110.4213,-0.1,-2.657903696138076,0.0016792755971252,46.882301330566406,173.29461669921875,101.44168853759766
2016-04-11,3.05,,-0.389,0.17,109.9758,-0.1,-2.657903696138076,0.0016618923402842,46.945579528808594,172.88783264160156,101.06944274902344
2016-04-12,3.03,,-0.389,0.22,109.816,-0.1,-2.657903696138076,0.0017031919480265,47.22163009643555,174.49790954589844,101.91635131835938
2016-04-13,3.01,,-0.389,0.21,110.1436,-0.1,-2.657903696138076,0.0017384503803242,47.53217315673828,176.26052856445312,103.21925354003906
2016-04-14,2.99,,-0.389,0.24,110.1691,-0.1,-2.657903696138076,0.0017722449010732,47.514923095703125,176.26898193359375,103.22857666015624
2016-04-15,2.99,,-0.392,0.2,110.1933,-0.1,-2.657903696138076,0.0017451950312352,47.44015884399414,176.07412719726562,102.9679946899414
2016-04-18,2.99,,-0.392,0.21,109.9892,-0.1,-2.657903696138076,0.0017542153673474,47.71046829223633,177.3113555908203,103.51707458496094
2016-04-19,2.96,,-0.392,0.19,109.2782,-0.1,-2.657903696138076,0.0017741420986361,47.91172790527344,177.87057495117188,102.88421630859376
2016-04-20,2.93,,-0.392,0.23,109.3926,-0.1,-2.657903696138076,0.0017890202604144,48.00377655029297,178.04006958007812,102.9679946899414
2016-04-21,2.91,,-0.392,0.24,109.8533,-0.1,-2.657903696138076,0.001803042508775,47.85422134399414,177.08248901367188,102.97727966308594
2016-04-22,2.89,,-0.393,0.25,110.2331,-0.1,-2.657903696138076,0.0018466673260967,47.963497161865234,177.08248901367188,101.42311096191406
2016-04-25,2.88,,-0.393,0.26,110.1865,-0.1,-2.657903696138076,0.0018229881787679,47.77947616577149,176.77743530273438,101.42311096191406
2016-04-26,2.85,,-0.393,0.27,109.7496,-0.1,-2.657903696138076,0.0018100951514268,47.94049072265625,177.04014587402344,100.9298324584961
2016-04-27,2.86,,-0.393,0.19,109.8483,-0.1,-2.657903696138076,0.0017775376874515,48.22229766845703,177.4044952392578,100.12014770507812
2016-04-28,2.89,,-0.393,0.12,109.2148,-0.1,-2.657903696138076,0.0017578031931032,48.141822814941406,175.7944793701172,98.91029357910156
2016-04-29,2.86,,-0.392,0.12,108.8274,-0.1,-2.657903696138076,0.0017677630547514,48.22229766845703,174.84539794921875,98.38916015625
2016-05-02,2.86,,-0.392,0.2,108.671,-0.35,-2.448153056399993,0.0017467366702975,48.24079132080078,176.23513793945312,99.31978607177734
2016-05-03,2.85,,-0.392,0.17,109.3613,-0.35,-2.448153056399993,0.0017157356738088,47.92882537841797,174.7012939453125,98.39846801757812
2016-05-04,2.85,,-0.392,0.16,109.9952,-0.35,-2.448153056399993,0.0017144427896214,47.74970626831055,173.7267608642578,97.76559448242188
2016-05-05,2.86,,-0.392,0.13,110.2417,-0.35,-2.448153056399993,0.0016918357571052,47.70925521850586,173.69287109375,97.7376937866211
2016-05-06,2.87,,-0.391,0.18,110.3801,-0.35,-2.448153056399993,0.0016637017420299,47.68037414550781,174.3284454345703,98.25887298583984
2016-05-09,2.89,,-0.391,0.18,110.9466,-0.35,-2.448153056399993,0.001662452696065,47.59373092651367,174.47251892089844,98.53805541992188
2016-05-10,2.89,,-0.391,0.15,110.8225,-0.35,-2.448153056399993,0.0016536117365281,47.9981575012207,176.64186096191406,99.88750457763672
2016-05-11,2.9,,-0.391,0.14,110.2806,-0.35,-2.448153056399993,0.0016483603568296,47.96349334716797,174.98939514160156,98.98475646972656
2016-05-12,2.91,,-0.391,0.15,110.6935,-0.35,-2.448153056399993,0.0016318978780926,48.03858947753906,175.0402069091797,98.5473403930664
2016-05-13,2.9,,-0.389,0.13,111.2521,-0.35,-2.448153056399993,0.001631417570449,47.82479476928711,173.51490783691406,98.18441009521484
2016-05-16,2.9,,-0.389,0.15,111.1217,-0.35,-2.448153056399993,0.0016420606565252,48.09057235717773,175.22669982910156,99.41285705566406
2016-05-17,2.89,,-0.389,0.15,111.0867,-0.35,-2.448153056399993,0.0016392415668942,47.99236679077149,173.59117126464844,98.1657943725586
2016-05-18,2.87,,-0.389,0.26,111.4995,-0.35,-2.448153056399993,0.0016342153829013,47.9981575012207,173.6420440673828,98.51944732666016
2016-05-19,2.85,,-0.389,0.29,112.2331,-0.35,-2.448153056399993,0.0016448732611038,47.865264892578125,173.04037475585938,98.007568359375
2016-05-20,2.86,,-0.386,0.29,112.1822,-0.35,-2.448153056399993,0.0016436442122088,48.032806396484375,174.13357543945312,99.08712005615234
2016-05-23,2.86,,-0.386,0.3,112.284,-0.35,-2.448153056399993,0.0016445527341613,48.04437255859375,173.8963165283203,98.9568328857422
2016-05-24,2.85,,-0.386,0.31,112.2912,-0.35,-2.448153056399993,0.0016840263067527,48.3332405090332,176.15040588378906,100.93914794921876
2016-05-25,2.87,,-0.386,0.29,112.2001,-0.35,-2.448153056399993,0.0017204740654462,48.408329010009766,177.34519958496094,101.66505432128906
2016-05-26,2.86,,-0.386,0.25,111.8979,-0.35,-2.448153056399993,0.0017264977891201,48.269676208496094,177.3960723876953,101.96288299560548
2016-05-27,2.85,,-0.381,0.27,112.0822,-0.35,-2.448153056399993,0.0017416378291111,48.35056686401367,178.15872192382812,102.49333953857422
2016-05-30,2.85,,-0.381,0.27,112.0822,-0.35,-2.448153056399993,0.0017416378291111,48.35056686401367,178.15872192382812,102.49333953857422
2016-05-31,2.84,,-0.381,0.3,112.4276,-0.35,-2.448153056399993,0.0017266216673715,48.30433654785156,177.81973266601562,102.6887664794922
2016-06-01,2.82,,-0.381,0.31,112.462,0.13,-1.678117946525337,0.0017101245554189,48.38097381591797,178.18414306640625,102.69808197021484
2016-06-02,2.83,,-0.381,0.27,112.4564,0.13,-1.678117946525337,0.0017106132302499,48.39258575439453,178.7264862060547,102.91214752197266
2016-06-03,2.86,,-0.375,0.19,111.4451,0.13,-1.678117946525337,0.0017030884849086,48.47965240478516,178.19264221191406,102.42819213867188
2016-06-06,2.86,,-0.375,0.19,111.2295,0.13,-1.678117946525337,0.0017009482118944,48.694435119628906,179.09934997558594,102.80046844482422
2016-06-07,2.86,,-0.375,0.15,110.8378,0.13,-1.678117946525337,0.0016481839264036,48.90925979614258,179.3789520263672,102.53987884521484
2016-06-08,2.85,,-0.375,0.12,110.1916,0.13,-1.678117946525337,0.0016371645658519,49.09501647949219,179.9636993408203,102.71668243408205
2016-06-09,2.85,,-0.375,0.12,110.6168,0.13,-1.678117946525337,0.0016060463236287,48.9034309387207,179.7179718017578,102.54916381835938
2016-06-10,2.86,,-0.369,0.12,111.1027,0.13,-1.678117946525337,0.0015953353715571,48.66542053222656,178.01463317871094,101.38587951660156
2016-06-13,2.86,,-0.369,0.15,111.5036,0.13,-1.678117946525337,0.0016019151716364,48.340328216552734,176.64186096191406,100.5389633178711
2016-06-14,2.88,,-0.369,0.17,111.9826,0.13,-1.678117946525337,0.0015903081451146,48.1777572631836,176.29434204101562,100.5389633178711
2016-06-15,2.9,,-0.369,0.13,111.7671,0.13,-1.678117946525337,0.0016281690927127,48.20101165771485,176.0486602783203,100.25047302246094
2016-06-16,2.9,,-0.369,0.15,112.2347,0.13,-1.678117946525337,0.0015816680741696,48.23005294799805,176.5740509033203,100.54827880859376
2016-06-17,2.89,,-0.362,0.2,111.5332,0.13,-1.678117946525337,0.0015880077443224,48.25907516479492,175.9164581298828,99.3697280883789
2016-06-20,2.87,,-0.362,0.24,110.8693,0.13,-1.678117946525337,0.0016228681386903,48.54351043701172,177.04937744140625,99.9949188232422
2016-06-21,2.86,,-0.362,0.28,111.0077,0.13,-1.678117946525337,0.001665879496905,48.729270935058594,177.55194091796875,100.3121566772461
2016-06-22,2.86,,-0.362,0.25,110.7681,0.13,-1.678117946525337,0.0016841482288829,48.7757453918457,177.26231384277344,100.069580078125
2016-06-23,2.86,,-0.362,0.24,110.262,0.13,-1.678117946525337,0.001715429871815,49.13563919067383,179.57078552246094,101.49727630615234
2016-06-24,2.98,,-0.357,0.15,112.1355,0.13,-1.678117946525337,0.0015999999913302,48.328712463378906,173.12257385253906,97.31682586669922
2016-06-27,2.96,,-0.357,0.12,113.1301,0.13,-1.678117946525337,0.0016079394262995,47.63209915161133,170.0219268798828,95.38522338867188
2016-06-28,2.95,,-0.357,0.09,112.7545,0.13,-1.678117946525337,0.0016498137274664,48.23005294799805,173.08843994140625,97.4754409790039
2016-06-29,2.9,,-0.357,0.1,111.8597,0.13,-1.678117946525337,0.0016492937617889,48.83956909179688,176.03578186035156,99.2017593383789
2016-06-30,2.92,,-0.357,0.09,112.1618,0.13,-1.678117946525337,0.0016645175431164,49.17047882080078,178.43783569335938,100.34954071044922
2016-07-01,2.86,,-0.354,0.03,111.6509,0.05,-2.196738284260069,0.0016570659049006,49.26788330078125,178.81260681152344,100.8533935546875
2016-07-04,2.86,,-0.354,0.03,111.6509,0.05,-2.196738284260069,0.0016570659049006,49.26788330078125,178.81260681152344,100.8533935546875
2016-07-05,2.83,,-0.354,-0.03,112.4231,0.05,-2.196738284260069,0.0016083013261376,48.9879035949707,177.52642822265625,100.23754119873048
2016-07-06,2.83,,-0.354,-0.05,112.5438,0.05,-2.196738284260069,0.0015763059185028,49.20372772216797,178.59117126464844,101.05870819091795
2016-07-07,2.79,,-0.354,-0.03,112.5775,0.05,-2.196738284260069,0.0015605470045429,49.26788330078125,178.48040771484375,101.35731506347656
2016-07-08,2.78,,-0.356,-0.06,112.3963,0.05,-2.196738284260069,0.0015616246737458,49.92112350463867,181.13807678222656,102.92494201660156
2016-07-11,2.75,,-0.356,0.01,112.5254,0.05,-2.196738284260069,0.0015845018999163,49.95028305053711,181.7769470214844,103.5128173828125
2016-07-12,2.7,,-0.356,0.07,112.1102,0.05,-2.196738284260069,0.001657297058788,50.09029006958008,183.0972442626953,104.03540802001952
2016-07-13,2.69,,-0.356,0.03,112.0266,0.05,-2.196738284260069,0.0016671631967926,49.94447708129883,183.0717163085937,103.7834701538086
2016-07-14,2.7,,-0.356,0.08,111.7692,0.05,-2.196738284260069,0.0016833169494961,50.04365158081055,184.0938262939453,104.49264526367188
2016-07-15,2.66,,-0.359,0.11,112.2833,0.05,-2.196738284260069,0.0016814926368894,49.94447708129883,183.84683227539065,104.32469177246094
2016-07-18,2.67,,-0.359,0.1,112.2463,0.05,-2.196738284260069,0.0016817223174626,50.11361312866211,184.3408966064453,105.01520538330078
2016-07-19,2.67,,-0.359,0.12,112.638,0.05,-2.196738284260069,0.0016984602942128,49.979434967041016,184.1535186767578,104.6326141357422
2016-07-20,2.66,,-0.359,0.13,112.6743,0.05,-2.196738284260069,0.001707612989142,50.1077766418457,184.92010498046875,105.85499572753906
2016-07-21,2.68,,-0.359,0.05,112.6239,0.05,-2.196738284260069,0.0016956031882462,50.03777313232422,184.2216796875,105.61238861083984
2016-07-22,2.66,,-0.363,0.06,112.989,0.05,-2.196738284260069,0.001688458928877,50.25943756103516,185.0478973388672,106.05097198486328
2016-07-25,2.65,,-0.363,0.08,113.1784,0.05,-2.196738284260069,0.0016796786160032,50.020294189453125,184.5453338623047,106.0602798461914
2016-07-26,2.65,,-0.363,0.07,113.0593,0.05,-2.196738284260069,0.0016847126424577,49.82781600952149,184.63052368164065,106.18158721923828
2016-07-27,2.67,,-0.363,0.03,113.217,0.05,-2.196738284260069,0.0016470676790224,49.979434967041016,184.43458557128903,106.91877746582033
2016-07-28,2.68,,-0.363,0.0,112.7393,0.05,-2.196738284260069,0.0016557832386073,49.76951599121094,184.6475524902344,107.29207611083984
2016-07-29,2.71,,-0.367,-0.03,111.874,0.05,-2.196738284260069,0.0016460340936772,49.8161506652832,184.94569396972656,107.52532958984376
2016-08-01,2.73,,-0.367,0.05,111.9757,-0.22,-2.164263084601936,0.001625351504559,49.53669357299805,184.79237365722656,108.09455108642578
2016-08-02,2.75,,-0.367,0.11,111.7124,-0.22,-2.164263084601936,0.0016171943813569,49.46635437011719,183.6083374023437,107.2733917236328
2016-08-03,2.76,,-0.367,0.09,111.9419,-0.22,-2.164263084601936,0.0016193497077774,49.688995361328125,184.14498901367188,107.62796783447266
2016-08-04,2.76,,-0.367,0.04,111.9149,-0.22,-2.164263084601936,0.0015999410852762,50.00538635253906,184.3408966064453,107.93590545654295
2016-08-05,2.73,,-0.368,0.09,112.3589,-0.22,-2.164263084601936,0.0016110446550554,50.11670684814453,185.8486175537109,108.97168731689452
2016-08-08,2.71,,-0.368,0.08,112.1456,-0.22,-2.164263084601936,0.0016229188500901,50.32175827026367,185.73789978027344,108.85037994384766
2016-08-09,2.7,,-0.368,0.06,111.722,-0.22,-2.164263084601936,0.0016053023847561,50.4975471496582,185.8486175537109,109.1023178100586
2016-08-10,2.71,,-0.368,0.06,111.3238,-0.22,-2.164263084601936,0.0016145949276327,50.40376281738281,185.3886566162109,108.82239532470705
2016-08-11,2.7,,-0.368,0.1,111.1954,-0.22,-2.164263084601936,0.0016312849588234,50.52684783935547,186.2489776611328,109.28897094726562
2016-08-12,2.71,,-0.368,0.07,111.1787,-0.22,-2.164263084601936,0.0016024105333297,50.56781768798828,186.08712768554688,109.36359405517578
2016-08-15,2.7,,-0.368,0.1,110.9212,-0.22,-2.164263084601936,0.0016052375649241,50.720176696777344,186.6237335205078,109.8301773071289
2016-08-16,2.7,,-0.368,0.13,110.4295,-0.22,-2.164263084601936,0.0016082931738877,50.614707946777344,185.6611785888672,109.22361755371094
2016-08-17,2.69,,-0.368,0.09,110.9459,-0.22,-2.164263084601936,0.0016027407676083,50.6850471496582,186.010482788086,109.41960906982422
2016-08-18,2.7,,-0.368,0.06,110.3134,-0.22,-2.164263084601936,0.0016037597199686,50.88425064086914,186.4278259277344,109.4476089477539
2016-08-19,2.67,,-0.365,0.1,110.8163,-0.22,-2.164263084601936,0.0016163086034706,50.73188781738281,186.1552734375,109.41960906982422
2016-08-22,2.65,,-0.365,0.08,110.9997,-0.22,-2.164263084601936,0.0015997609202493,50.64985656738281,186.1467742919922,109.50357818603516
2016-08-23,2.64,,-0.365,0.07,110.9414,-0.22,-2.164263084601936,0.0015776518335473,50.81976318359375,186.5215606689453,109.69953918457033
2016-08-24,2.64,,-0.365,0.08,111.2958,-0.22,-2.164263084601936,0.0015675022175591,50.67916488647461,185.5675201416016,108.99034118652344
2016-08-25,2.63,,-0.365,0.09,111.1726,-0.22,-2.164263084601936,0.0015722294143084,50.77288436889648,185.4397430419922,108.81305694580078
2016-08-26,2.63,,-0.36,0.15,111.2035,-0.22,-2.164263084601936,0.001570185431467,50.714332580566406,185.0905303955078,108.97168731689452
2016-08-29,2.59,,-0.36,0.11,111.8775,-0.22,-2.164263084601936,0.0015666338742273,50.96623992919922,186.00192260742188,109.12098693847656
2016-08-30,2.62,,-0.36,0.11,112.2928,-0.22,-2.164263084601936,0.0015773424431964,50.99550247192383,185.6952514648437,108.76641082763672
2016-08-31,2.61,,-0.36,0.11,112.4036,-0.22,-2.164263084601936,0.0015835181963595,50.79633712768555,185.16720581054688,108.65443420410156
2016-09-01,2.62,,-0.36,0.12,112.1733,-0.09,-1.9939516469206888,0.001576360401564,50.89697647094727,185.1756896972656,108.9343490600586
2016-09-02,2.63,,-0.353,0.13,112.0009,-0.09,-1.9939516469206888,0.0015668255814197,51.1323127746582,186.010482788086,109.28897094726562
2016-09-05,2.63,,-0.353,0.13,112.0009,-0.09,-1.9939516469206888,0.0015668255814197,51.1323127746582,186.010482788086,109.28897094726562
2016-09-06,2.64,,-0.353,0.06,110.9613,-0.09,-1.9939516469206888,0.0015443901533432,51.1911506652832,186.5726928710937,109.97013854980467
2016-09-07,2.65,,-0.353,0.03,110.9717,-0.09,-1.9939516469206888,0.0015569440297013,51.04995346069336,186.5555725097656,110.03545379638672
2016-09-08,2.67,,-0.353,0.09,111.2609,-0.09,-1.9939516469206888,0.0015679233090755,50.95578384399414,186.129638671875,109.39161682128906
2016-09-09,2.67,,-0.347,0.17,111.9879,-0.09,-1.9939516469206888,0.0015701827390592,50.467403411865234,181.6747131347656,106.63886260986328
2016-09-12,2.68,,-0.347,0.17,112.1516,-0.09,-1.9939516469206888,0.0015866767268213,50.6439323425293,184.28128051757807,108.55176544189452
2016-09-13,2.7,,-0.347,0.24,112.5207,-0.09,-1.9939516469206888,0.0015887035575213,50.255592346191406,181.63214111328125,107.58131408691406
2016-09-14,2.7,,-0.347,0.21,112.4678,-0.09,-1.9939516469206888,0.0016254256541107,50.24385452270508,181.5640106201172,108.09455108642578
2016-09-15,2.72,,-0.347,0.22,112.4753,-0.09,-1.9939516469206888,0.0016383707273764,50.53801345825195,183.3783416748047,109.77420043945312
2016-09-16,2.71,,-0.343,0.19,113.1765,-0.09,-1.9939516469206888,0.001647648878999,50.54979705810547,182.6694793701172,109.72181701660156
2016-09-19,2.7,,-0.343,0.2,112.903,-0.09,-1.9939516469206888,0.0016360867372882,50.57918930053711,182.7037353515625,109.24468994140624
2016-09-20,2.7,,-0.343,0.2,113.1848,-0.09,-1.9939516469206888,0.0016407855791022,50.52038192749024,182.71226501464844,109.45050811767578
2016-09-21,2.7,,-0.343,0.15,112.9842,-0.09,-1.9939516469206888,0.001616549808923,50.93814849853516,184.76695251464844,110.52631378173828
2016-09-22,2.69,,-0.343,0.08,112.2592,-0.09,-1.9939516469206888,0.0016319754999678,51.10879898071289,185.9312744140625,111.40564727783205
2016-09-23,2.68,,-0.342,0.05,112.7166,-0.09,-1.9939516469206888,0.0016396202471586,51.04995346069336,184.9124755859375,110.6947021484375
2016-09-26,2.7,,-0.342,0.05,112.7112,-0.09,-1.9939516469206888,0.0016346944368437,50.82632827758789,183.4143218994141,109.7685775756836
2016-09-27,2.69,,-0.342,0.04,112.5515,-0.09,-1.9939516469206888,0.0016302133926477,50.97346878051758,184.5529937744141,110.85372924804688
2016-09-28,2.69,,-0.342,0.01,112.6283,-0.09,-1.9939516469206888,0.0016518872689613,51.31473159790039,185.46902465820312,111.04084014892578
2016-09-29,2.67,,-0.342,0.02,112.2879,-0.09,-1.9939516469206888,0.0016501475938954,51.12053680419922,183.791015625,110.23629760742188
2016-09-30,2.69,,-0.346,0.0,112.2795,-0.09,-1.9939516469206888,0.0016766921654271,51.34412384033203,185.17791748046875,111.0595245361328
2016-10-03,2.66,,-0.346,0.0,112.5077,-0.07,-1.5023811304759715,0.0016680672662325,51.31221771240234,184.73277282714844,110.90052795410156
2016-10-04,2.66,,-0.346,0.07,112.6579,-0.07,-1.5023811304759715,0.0017045722758429,51.22356796264648,183.791015625,110.73212432861328
2016-10-05,2.64,,-0.346,0.1,112.7946,-0.07,-1.5023811304759715,0.0017040783924418,51.3595085144043,184.60435485839844,111.1250228881836
2016-10-06,2.61,,-0.346,0.11,113.0066,-0.07,-1.5023811304759715,0.0017186749223777,51.38905715942383,184.73277282714844,111.0688934326172
2016-10-07,2.63,,-0.353,0.1,113.2915,-0.07,-1.5023811304759715,0.0017267195603597,51.50726318359375,184.09918212890625,110.82565307617188
2016-10-10,2.63,,-0.353,0.1,113.2915,-0.07,-1.5023811304759715,0.0017267195603597,51.65499496459961,185.0580596923828,111.52729034423828
2016-10-11,2.6,,-0.353,0.13,113.4461,-0.07,-1.5023811304759715,0.0017386272442597,51.36538314819336,182.72080993652344,109.93694305419922
2016-10-12,2.6,,-0.353,0.15,113.7442,-0.07,-1.5023811304759715,0.0017340741386534,51.34767150878906,182.9605865478516,109.84342956542967
2016-10-13,2.59,,-0.353,0.12,113.6238,-0.07,-1.5023811304759715,0.0016852589717424,51.21764755249024,182.3613128662109,109.45050811767578
2016-10-14,2.63,,-0.363,0.13,113.7119,-0.07,-1.5023811304759715,0.0016786369247116,51.33586883544922,182.4554901123047,109.58148956298828
2016-10-17,2.62,,-0.363,0.09,113.5488,-0.07,-1.5023811304759715,0.001673708466207,51.264949798583984,181.8219146728516,109.28211212158205
2016-10-18,2.62,,-0.363,0.09,113.1393,-0.07,-1.5023811304759715,0.0016640228175285,51.471805572509766,182.9605865478516,110.25504302978516
2016-10-19,2.62,,-0.363,0.08,113.0547,-0.07,-1.5023811304759715,0.0016539158003572,51.61952590942383,183.44851684570312,110.2456512451172
2016-10-20,2.59,,-0.363,0.08,113.4033,-0.07,-1.5023811304759715,0.0016517858380808,51.625450134277344,183.1061553955078,110.1147003173828
2016-10-21,2.6,,-0.374,0.07,113.9015,-0.07,-1.5023811304759715,0.0016458644981949,51.63727951049805,183.19174194335932,110.52631378173828
2016-10-24,2.59,,-0.374,0.11,113.8571,-0.07,-1.5023811304759715,0.0016541205193085,51.66681289672852,183.97076416015625,111.85466003417967
2016-10-25,2.58,,-0.374,0.07,113.6801,-0.07,-1.5023811304759715,0.0016766254362053,51.63727951049805,183.3544006347656,111.49917602539062
2016-10-26,2.6,,-0.374,0.08,113.8131,-0.07,-1.5023811304759715,0.0016915716477932,51.430419921875,182.9862823486328,110.74144744873048
2016-10-27,2.59,,-0.374,0.13,114.1998,-0.07,-1.5023811304759715,0.0017079421751838,51.24129867553711,182.4982452392578,110.23629760742188
2016-10-28,2.6,,-0.387,0.13,114.0931,-0.07,-1.5023811304759715,0.0017157976695576,50.99304962158203,181.9589080810547,109.54408264160156
2016-10-31,2.61,,-0.387,0.11,114.0188,-0.07,-1.5023811304759715,0.0017306331194998,50.83940887451172,181.9674835205078,109.441162109375
2016-11-01,2.61,,-0.387,0.11,113.9915,-0.22,-1.1862778785850958,0.0017292443242026,50.64112854003906,180.6490173339844,108.61792755126952
2016-11-02,2.63,,-0.387,0.11,113.9206,-0.22,-1.1862778785850958,0.0017033976028452,50.41554641723633,179.56173706054688,107.74794006347656
2016-11-03,2.67,,-0.387,0.14,113.7664,-0.22,-1.1862778785850958,0.0017237539082117,50.42738723754883,178.7399444580078,106.69086456298828
2016-11-04,2.67,,-0.399,0.11,113.5828,-0.22,-1.1862778785850958,0.0017348268497473,50.45114135742188,178.54302978515625,106.31666564941406
2016-11-07,2.66,,-0.399,0.12,113.5443,-0.22,-1.1862778785850958,0.001804349424967,51.15763473510742,182.48114013671875,108.84244537353516
2016-11-08,2.62,,-0.399,0.15,113.3017,-0.22,-1.1862778785850958,0.0018682267181487,51.04481506347656,183.30300903320312,109.55339813232422
2016-11-09,2.66,,-0.399,0.25,114.6956,-0.22,-1.1862778785850958,0.0019322647790355,50.6886100769043,185.2463531494141,110.05860137939452
2016-11-10,2.6,,-0.399,0.27,115.9375,-0.22,-1.1862778785850958,0.0020146187187324,50.02370071411133,185.7086639404297,108.28118896484376
2016-11-11,2.6,,-0.412,0.27,115.9375,-0.22,-1.1862778785850958,0.0020146187187324,49.554664611816406,185.2805938720703,108.32794952392578
2016-11-14,2.6,,-0.412,0.4,117.2245,-0.22,-1.1862778785850958,0.0020623159108617,49.92275238037109,185.4262084960937,107.2334442138672
2016-11-15,2.59,,-0.412,0.41,116.7724,-0.22,-1.1862778785850958,0.0020441177234151,50.58173751831055,186.8729858398437,108.7208480834961
2016-11-16,2.55,,-0.412,0.39,116.8062,-0.22,-1.1862778785850958,0.0020148764631175,50.37992477416992,186.52203369140625,109.3663101196289
2016-11-17,2.54,,-0.412,0.42,116.8952,-0.22,-1.1862778785850958,0.0020448006184268,50.24334716796875,187.48085021972656,110.1614990234375
2016-11-18,2.52,,-0.425,0.44,117.5936,-0.22,-1.1862778785850958,0.0020388911763744,50.24334716796875,187.06134033203125,109.74988555908205
2016-11-21,2.52,,-0.425,0.42,117.4762,-0.22,-1.1862778785850958,0.0020771330178529,50.64707946777344,188.4739990234375,110.8911590576172
2016-11-22,2.53,,-0.425,0.41,117.4508,-0.22,-1.1862778785850958,0.0020995045574512,51.02108001708984,188.8420867919922,111.22789764404295
2016-11-23,2.49,,-0.425,0.44,118.0356,-0.22,-1.1862778785850958,0.0021915734590021,50.83111572265625,188.9447784423828,110.77891540527344
2016-11-24,2.49,,-0.425,0.44,118.0356,-0.22,-1.1862778785850958,0.0021915734590021,50.83111572265625,188.9447784423828,110.77891540527344
2016-11-25,2.48,,-0.436,0.47,118.02,-0.22,-1.1862778785850958,0.0022636226157202,50.89640808105469,189.6468505859375,111.13436126708984
2016-11-28,2.47,,-0.436,0.47,117.7278,-0.22,-1.1862778785850958,0.0022308079568063,50.89045715332031,188.75645446777344,110.88179779052734
2016-11-29,2.46,,-0.436,0.44,117.644,-0.22,-1.1862778785850958,0.0021845272963019,50.82515335083008,189.1246337890625,111.26531982421876
2016-11-30,2.45,,-0.436,0.43,117.7636,-0.22,-1.1862778785850958,0.0022390672240599,50.84892654418945,188.6708526611328,109.9182586669922
2016-12-01,2.42,,-0.436,0.48,117.6642,0.38,-0.0204964171657051,0.0022551203622121,50.61096954345703,187.97740173339844,108.01923370361328
2016-12-02,2.42,,-0.446,0.49,117.3116,0.38,-0.0204964171657051,0.0022253425783902,50.91511917114258,188.0715484619141,108.2343978881836
2016-12-05,2.42,,-0.446,0.45,117.1008,0.38,-0.0204964171657051,0.0022904598733229,51.04627990722656,189.2017059326172,109.07632446289062
2016-12-06,2.44,,-0.446,0.44,116.9225,0.38,-0.0204964171657051,0.0022884549393678,51.30271911621094,189.8009185791016,109.33824157714844
2016-12-07,2.44,,-0.446,0.42,116.672,0.38,-0.0204964171657051,0.002244255390573,51.55913925170898,192.28366088867188,110.72276306152344
2016-12-08,2.43,,-0.446,0.45,117.0327,0.38,-0.0204964171657051,0.0022396989025464,51.55317306518555,192.7545166015625,110.91921997070312
2016-12-09,2.43,,-0.454,0.51,117.2834,0.38,-0.0204964171657051,0.0022787647958528,51.57702255249024,193.91880798339844,111.7891845703125
2016-12-12,2.41,,-0.454,0.51,116.9161,0.38,-0.0204964171657051,0.0022458099837358,51.50547790527344,193.6962738037109,111.2840347290039
2016-12-13,2.39,,-0.454,0.53,116.8029,0.38,-0.0204964171657051,0.0022417221791382,51.63068771362305,194.988998413086,112.68724060058594
2016-12-14,2.32,,-0.454,0.6,116.7332,0.38,-0.0204964171657051,0.0022388700553799,51.24308395385742,193.3794860839844,112.4533920288086
2016-12-15,2.24,,-0.454,0.7,118.8072,0.38,-0.0204964171657051,0.0023018264264382,51.26694107055664,194.17567443847656,112.63113403320312
2016-12-16,2.28,,-0.461,0.74,118.3584,0.38,-0.0204964171657051,0.0022557914195127,51.31465148925781,193.79591369628903,112.21360778808594
2016-12-19,2.28,,-0.461,0.68,118.3875,0.38,-0.0204964171657051,0.0021889522273202,51.44585037231445,194.2178649902344,112.67335510253906
2016-12-20,2.28,,-0.461,0.67,118.63,0.38,-0.0204964171657051,0.0022090146144406,51.517425537109375,194.96707153320312,113.10494995117188
2016-12-21,2.26,,-0.461,0.64,118.581,0.38,-0.0204964171657051,0.0022027229728541,51.60686111450195,194.4245758056641,113.02047729492188
2016-12-22,2.27,,-0.461,0.6,118.8209,0.38,-0.0204964171657051,0.0022098687224441,51.71813201904297,194.0886993408203,112.70149993896484
2016-12-23,2.25,,-0.466,0.58,118.7856,0.38,-0.0204964171657051,0.0021843802743184,51.81385803222656,194.37286376953125,112.7765655517578
2016-12-26,2.25,,-0.466,0.58,118.7856,0.38,-0.0204964171657051,0.0021843802743184,51.81385803222656,194.37286376953125,112.7765655517578
2016-12-27,2.25,,-0.466,0.58,118.9506,0.38,-0.0204964171657051,0.0022052227110931,51.7659912109375,194.8551483154297,113.35829162597656
2016-12-28,2.26,,-0.466,0.56,119.2305,0.38,-0.0204964171657051,0.0021897488433372,51.69419860839844,193.24478149414065,112.47631072998048
2016-12-29,2.27,,-0.466,0.55,118.6637,0.38,-0.0204964171657051,0.0021437219294498,51.7659912109375,193.2017364501953,112.31683349609376
2016-12-30,2.28,,-0.473,0.5,118.3466,0.38,-0.0204964171657051,0.0021717390806778,51.783935546875,192.4955444335937,111.16278076171876
2017-01-02,2.28,,-0.473,0.5,118.3466,-0.11,-0.8031281419274894,0.0021717390806778,51.783935546875,192.4955444335937,111.16278076171876
2017-01-03,2.27,,-0.473,0.47,119.0903,-0.11,-0.8031281419274894,0.0021380557518059,51.99930191040039,193.96812438964844,112.15731048583984
2017-01-04,2.25,,-0.473,0.47,118.8803,-0.11,-0.8031281419274894,0.0021893796102178,52.280540466308594,195.12213134765625,112.76717376708984
2017-01-05,2.25,,-0.473,0.42,117.9999,-0.11,-0.8031281419274894,0.00214418929586,52.2027587890625,194.96707153320312,113.40520477294922
2017-01-06,2.24,,-0.478,0.46,118.3495,-0.11,-0.8031281419274894,0.0021657138441314,52.19078826904297,195.6646423339844,114.39971160888672
2017-01-09,2.24,,-0.478,0.43,118.4111,-0.11,-0.8031281419274894,0.0021377270565186,52.17882537841797,195.0187530517578,114.77501678466795
2017-01-10,2.24,,-0.478,0.43,118.5386,-0.11,-0.8031281419274894,0.0021985306508393,52.1848258972168,195.0187530517578,115.02831268310548
2017-01-11,2.22,,-0.478,0.39,119.0219,-0.11,-0.8031281419274894,0.0021754768515257,52.214725494384766,195.56988525390625,115.33795928955078
2017-01-12,2.25,,-0.478,0.38,117.8001,-0.11,-0.8031281419274894,0.0022191175205716,52.22670364379883,195.07907104492188,115.15970611572266
2017-01-13,2.23,,-0.484,0.41,117.9884,-0.11,-0.8031281419274894,0.0022425331891733,52.24467468261719,195.52685546875,115.55376434326172
2017-01-16,2.23,,-0.484,0.41,117.9884,-0.11,-0.8031281419274894,0.0022425331891733,52.24467468261719,195.52685546875,115.55376434326172
2017-01-17,2.26,,-0.484,0.36,117.2656,-0.11,-0.8031281419274894,0.0021588283010048,52.19078826904297,194.8379364013672,115.2065887451172
2017-01-18,2.22,,-0.484,0.42,117.7242,-0.11,-0.8031281419274894,0.0021530586435437,52.23867034912109,195.2685394287109,115.44116973876952
2017-01-19,2.21,,-0.484,0.43,118.3182,-0.11,-0.8031281419274894,0.0021662919322543,52.07114028930664,194.545150756836,115.38489532470705
2017-01-20,2.21,,-0.488,0.44,118.3182,-0.11,-0.8031281419274894,0.0021730465804957,52.1728401184082,195.2598876953125,115.63819885253906
2017-01-23,2.21,,-0.488,0.39,117.2479,-0.11,-0.8031281419274894,0.0021724279034775,52.1728401184082,194.75181579589844,115.73201751708984
2017-01-24,2.22,,-0.488,0.41,117.0516,-0.11,-0.8031281419274894,0.0022312648950637,52.20872497558594,196.00050354003903,116.51075744628906
2017-01-25,2.21,,-0.488,0.45,116.9355,-0.11,-0.8031281419274894,0.0022571619432817,52.39424896240234,197.697006225586,117.68356323242188
2017-01-26,2.2,,-0.488,0.43,117.2766,-0.11,-0.8031281419274894,0.0022412777548329,52.37029647827149,197.49029541015625,117.80552673339844
2017-01-27,2.19,,-0.492,0.41,117.0735,-0.11,-0.8031281419274894,0.0022557024844946,52.41814804077149,197.1802673339844,118.03072357177734
2017-01-30,2.21,,-0.492,0.42,116.7325,-0.11,-0.8031281419274894,0.0022188234549848,52.31047058105469,195.9574737548828,117.11122131347656
2017-01-31,2.23,,-0.492,0.4,116.2241,-0.11,-0.8031281419274894,0.0022517788969604,52.25661849975586,195.94024658203125,116.87664031982422
2017-02-01,2.23,,-0.492,0.43,116.3914,-0.09,-0.6864591168616152,0.0022432813658869,52.45013046264648,196.0177001953125,117.68356323242188
2017-02-02,2.23,,-0.492,0.43,115.903,-0.09,-0.6864591168616152,0.0022010356544502,52.480167388916016,196.1468963623047,117.580322265625
2017-02-03,2.24,,-0.494,0.44,115.6259,-0.09,-0.6864591168616152,0.0021415674446741,52.57029724121094,197.4989471435547,117.91810607910156
2017-02-06,2.25,,-0.494,0.4,116.0504,-0.09,-0.6864591168616152,0.00215081296316,52.53425216674805,197.14584350585932,118.05884552001952
2017-02-07,2.24,,-0.494,0.4,116.4082,-0.09,-0.6864591168616152,0.002127694078279,52.45613861083984,197.1544189453125,118.49044036865234
2017-02-08,2.25,,-0.494,0.38,116.1382,-0.09,-0.6864591168616152,0.0021497253572031,52.49219512939453,197.4127960205078,118.68746948242188
2017-02-09,2.24,,-0.494,0.41,116.306,-0.09,-0.6864591168616152,0.0021439559989069,52.56430435180664,198.5839385986328,119.11907196044922
2017-02-10,2.23,,-0.495,0.4,116.148,-0.09,-0.6864591168616152,0.0022375243270384,52.600364685058594,199.36764526367188,119.51313018798828
2017-02-13,2.23,,-0.495,0.43,116.3427,-0.09,-0.6864591168616152,0.0022676412375745,52.67850112915039,200.4527130126953,120.18866729736328
2017-02-14,2.21,,-0.495,0.46,116.3949,-0.09,-0.6864591168616152,0.0022313913654031,52.71454620361328,201.2535400390625,120.59210968017578
2017-02-15,2.19,,-0.495,0.45,116.2162,-0.09,-0.6864591168616152,0.0022213202642673,52.73258209228516,202.3041839599609,121.30513763427734
2017-02-16,2.2,,-0.495,0.43,116.0067,-0.09,-0.6864591168616152,0.0021903226452489,52.69049835205078,202.1319732666016,121.26763916015624
2017-02-17,2.21,,-0.495,0.41,116.4035,-0.09,-0.6864591168616152,0.0021860859250465,52.744590759277344,202.45057678222656,121.79304504394533
2017-02-20,2.21,,-0.495,0.41,116.4035,-0.09,-0.6864591168616152,0.0021860859250465,52.744590759277344,202.45057678222656,121.79304504394533
2017-02-21,2.2,,-0.495,0.4,116.5921,-0.09,-0.6864591168616152,0.0022185859294852,52.91884613037109,203.6562347412109,122.3935089111328
2017-02-22,2.21,,-0.495,0.38,116.2136,-0.09,-0.6864591168616152,0.0022179383736152,52.9428939819336,203.47540283203125,122.4404525756836
2017-02-23,2.23,,-0.495,0.35,115.6527,-0.09,-0.6864591168616152,0.002113661835636,52.990966796875,203.6131591796875,121.9806900024414
2017-02-24,2.23,,-0.493,0.31,115.8143,-0.09,-0.6864591168616152,0.0021322301015998,53.033016204833984,203.8715057373047,122.21526336669922
2017-02-27,2.21,,-0.493,0.35,115.6764,-0.09,-0.6864591168616152,0.0021373468648152,53.099151611328125,204.1901397705078,122.36537170410156
2017-02-28,2.19,,-0.493,0.34,116.0032,-0.09,-0.6864591168616152,0.0021587099224718,53.05707931518555,203.6389923095703,121.99009704589844
2017-03-01,2.18,,-0.493,0.43,116.438,0.02,0.7162067590550603,0.0021831211314223,53.25261688232422,206.4894561767578,123.32244110107422
2017-03-02,2.16,,-0.493,0.48,116.8429,0.02,0.7162067590550603,0.0021750954216201,53.08363342285156,205.1891021728516,122.70314025878906
2017-03-03,2.16,,-0.491,0.45,116.6438,0.02,0.7162067590550603,0.0021925744889756,53.10775375366211,205.3182983398437,122.92831420898438
2017-03-06,2.17,,-0.491,0.48,116.4313,0.02,0.7162067590550603,0.0021584319211649,52.938758850097656,204.70684814453125,122.6562271118164
2017-03-07,2.15,,-0.491,0.49,116.4303,0.02,0.7162067590550603,0.0021475598582553,52.594703674316406,204.09542846679688,122.4498291015625
2017-03-08,2.15,,-0.491,0.56,116.875,0.02,0.7162067590550603,0.0021448076190561,52.24469375610352,203.71649169921875,122.66561126708984
2017-03-09,2.17,,-0.491,0.6,116.9959,0.02,0.7162067590550603,0.0021373917839823,52.10585021972656,203.97479248046875,122.75941467285156
2017-03-10,2.18,,-0.488,0.57,116.616,0.02,0.7162067590550603,0.0021541601021168,52.08775329589844,204.6896514892578,123.27547454833984
2017-03-13,2.17,,-0.488,0.61,116.4004,0.02,0.7162067590550603,0.0021760644109209,52.12999725341797,204.79296875,123.4818878173828
2017-03-14,2.18,,-0.488,0.61,116.5646,0.02,0.7162067590550603,0.002183209933587,51.97307205200195,204.00927734375,123.18164825439452
2017-03-15,2.2,,-0.488,0.5,116.3584,0.02,0.7162067590550603,0.0022043996321183,52.69129180908203,205.7746124267578,123.9416275024414
2017-03-16,2.21,,-0.488,0.51,115.4456,0.02,0.7162067590550603,0.002173257175388,52.5404052734375,205.36993408203125,123.857177734375
2017-03-17,2.22,,-0.486,0.49,115.2783,0.02,0.7162067590550603,0.0021788095597736,52.55851364135742,205.00924682617188,123.81395721435548
2017-03-20,2.23,,-0.486,0.47,115.0426,0.02,0.7162067590550603,0.0021526426618878,52.455902099609375,204.784408569336,123.92676544189452
2017-03-21,2.23,,-0.486,0.45,114.8119,0.02,0.7162067590550603,0.0020945349058919,52.08171081542969,202.1550750732422,122.04635620117188
2017-03-22,2.23,,-0.486,0.43,114.7937,0.02,0.7162067590550603,0.0020987752153525,52.208457946777344,202.63075256347656,122.87370300292967
2017-03-23,2.24,,-0.486,0.46,114.7899,0.02,0.7162067590550603,0.0021144436844351,52.22657012939453,202.4145050048828,122.5634765625
2017-03-24,2.22,,-0.485,0.42,114.6372,0.02,0.7162067590550603,0.0021018267996692,52.40765380859375,202.2674865722656,122.81734466552734
2017-03-27,2.23,,-0.485,0.41,114.2347,0.02,0.7162067590550603,0.0020909669817994,52.35333251953125,202.05992126464844,123.01478576660156
2017-03-28,2.22,,-0.485,0.45,114.419,0.02,0.7162067590550603,0.002126184821586,52.64303588867188,203.5302581787109,123.76691436767578
2017-03-29,2.23,,-0.485,0.41,114.7167,0.02,0.7162067590550603,0.0021302058594917,52.75168228149414,203.7205047607422,124.34041595458984
2017-03-30,2.23,,-0.485,0.46,114.5245,0.02,0.7162067590550603,0.0021405622183558,52.99910736083984,204.3692626953125,124.54729461669922
2017-03-31,2.24,,-0.486,0.43,114.7938,0.02,0.7162067590550603,0.0021217830570219,52.98103332519531,203.8935394287109,124.4626922607422
2017-04-03,2.26,,-0.486,0.39,114.8734,0.34,1.3993011097695571,0.0020766709181569,52.95254135131836,203.5389862060547,124.38744354248048
2017-04-04,2.26,,-0.486,0.4,115.0038,0.34,1.3993011097695571,0.0020764939813499,52.97072219848633,203.66864013671875,124.58487701416016
2017-04-05,2.29,,-0.486,0.37,114.9494,0.34,1.3993011097695571,0.0021483056557152,52.92830657958984,203.0632476806641,124.0771713256836
2017-04-06,2.27,,-0.486,0.39,115.0181,0.34,1.3993011097695571,0.002123890131524,52.99497985839844,203.634033203125,124.14298248291016
2017-04-07,2.24,,-0.489,0.44,115.0547,0.34,1.3993011097695571,0.0021087458167586,52.97072219848633,203.42645263671875,124.0771713256836
2017-04-10,2.24,,-0.489,0.44,115.11,0.34,1.3993011097695571,0.0020797698416339,53.043495178222656,203.547592163086,124.12420654296876
2017-04-11,2.24,,-0.489,0.41,115.009,0.34,1.3993011097695571,0.0020500315030628,52.940406799316406,203.30538940429688,123.58830261230467
2017-04-12,2.28,,-0.489,0.38,114.9162,0.34,1.3993011097695571,0.0019948246004477,52.97677230834961,202.4145050048828,123.09001922607422
2017-04-13,2.28,,-0.489,0.32,114.5059,0.34,1.3993011097695571,0.0019982113077984,52.8676986694336,201.0998687744141,122.60105895996094
2017-04-14,2.28,,-0.495,0.32,114.5368,0.34,1.3993011097695571,0.0019982113077984,52.8676986694336,201.0998687744141,122.60105895996094
2017-04-17,2.29,,-0.495,0.38,114.3283,0.34,1.3993011097695571,0.00201256396733,53.02526092529297,202.881576538086,123.6165008544922
2017-04-18,2.29,,-0.495,0.33,114.2575,0.34,1.3993011097695571,0.0019578850657806,53.013145446777344,202.27618408203125,123.42848205566406
2017-04-19,2.29,,-0.495,0.36,114.7923,0.34,1.3993011097695571,0.0019771343123623,52.96467208862305,201.9042510986328,123.62588500976562
2017-04-20,2.28,,-0.495,0.39,114.6205,0.34,1.3993011097695571,0.00198221377719,53.140438079833984,203.547592163086,124.66012573242188
2017-04-21,2.29,,-0.503,0.4,114.8128,0.34,1.3993011097695571,0.0019702500613717,53.09798812866211,202.89889526367188,124.63192749023438
2017-04-24,2.28,,-0.503,0.41,114.3659,0.34,1.3993011097695571,0.0020014891357019,53.3465461730957,205.13037109375,126.13623046875
2017-04-25,2.26,,-0.503,0.44,114.5111,0.34,1.3993011097695571,0.0020401391173942,53.44353866577149,206.32394409179688,127.04821014404295
2017-04-26,2.27,,-0.503,0.42,114.9479,0.34,1.3993011097695571,0.0020529277634331,53.39502716064453,206.1941680908203,126.86956024169922
2017-04-27,2.28,,-0.503,0.39,114.9946,0.34,1.3993011097695571,0.0020416238216307,53.43137741088867,206.3671417236328,127.631103515625
2017-04-28,2.28,,-0.512,0.37,114.7877,0.34,1.3993011097695571,0.0020507858541658,53.41316986083984,205.9173889160156,127.8567886352539
2017-05-01,2.29,,-0.512,0.41,114.5921,0.02,1.7500792534729248,0.0021144179303633,53.44058609008789,206.43637084960932,128.9944305419922
2017-05-02,2.3,,-0.512,0.41,114.6792,0.02,1.7500792534729248,0.0020914668560761,53.45885848999024,206.51422119140625,129.21067810058594
2017-05-03,2.23,,-0.512,0.46,114.6637,0.02,1.7500792534729248,0.0020322528423901,53.50754928588867,206.2633819580078,128.79693603515625
2017-05-04,2.25,,-0.512,0.5,114.9076,0.02,1.7500792534729248,0.0020399511565104,53.221458435058594,206.5055084228516,128.84396362304688
2017-05-05,2.24,,-0.522,0.5,114.7725,0.02,1.7500792534729248,0.0020570704741372,53.31277847290039,207.318588256836,129.31405639648438
2017-05-08,2.23,,-0.522,0.53,115.0895,0.02,1.7500792534729248,0.0020284828190873,53.37364196777344,207.2840576171875,129.59609985351562
2017-05-09,2.22,,-0.522,0.56,115.3933,0.02,1.7500792534729248,0.002050564036409,53.33713912963867,207.09371948242188,130.04742431640625
2017-05-10,2.22,,-0.522,0.56,115.1145,0.02,1.7500792534729248,0.0020430459942477,53.56840515136719,207.46560668945312,130.1226806640625
2017-05-11,2.24,,-0.522,0.51,115.0669,0.02,1.7500792534729248,0.002045473155637,53.57453918457031,207.04183959960932,130.01918029785156
2017-05-12,2.25,,-0.532,0.49,114.7479,0.02,1.7500792534729248,0.0020534986036004,53.556251525878906,206.69580078125,130.3106689453125
2017-05-15,2.25,,-0.532,0.52,114.3504,0.02,1.7500792534729248,0.0020616962743813,53.67800521850586,207.83750915527344,130.72434997558594
2017-05-16,2.24,,-0.532,0.51,113.9923,0.02,1.7500792534729248,0.0020603239777599,53.75715255737305,207.64727783203125,131.26966857910156
2017-05-17,2.26,,-0.532,0.44,113.7506,0.02,1.7500792534729248,0.0020218688024441,53.51972961425781,203.9626922607422,127.93202209472656
2017-05-18,2.26,,-0.532,0.43,114.2683,0.02,1.7500792534729248,0.0020184549694063,53.58061599731445,204.784408569336,129.0508270263672
2017-05-19,2.26,,-0.541,0.41,113.7001,0.02,1.7500792534729248,0.0020547617003868,53.67800521850586,206.11631774902344,129.59609985351562
2017-05-22,2.24,,-0.541,0.43,113.5442,0.02,1.7500792534729248,0.0020536210731522,53.84238052368164,207.1628875732422,130.68675231933594
2017-05-23,2.22,,-0.541,0.46,113.6862,0.02,1.7500792534729248,0.0020644724382721,53.83626556396485,207.62127685546875,130.81837463378906
2017-05-24,2.25,,-0.541,0.45,113.675,0.02,1.7500792534729248,0.0020584477949612,53.9276008605957,208.10562133789065,131.42013549804688
2017-05-25,2.24,,-0.541,0.45,113.3719,0.02,1.7500792534729248,0.0020640228594099,53.88497161865234,209.10031127929688,132.53895568847656
2017-05-26,2.24,,-0.549,0.44,113.4839,0.02,1.7500792534729248,0.0020191701075381,53.91540145874024,209.05702209472656,132.7739715576172
2017-05-29,2.24,,-0.549,0.44,113.4839,0.02,1.7500792534729248,0.0020191701075381,53.91540145874024,209.05702209472656,132.7739715576172
2017-05-30,2.25,,-0.549,0.4,113.5552,0.02,1.7500792534729248,0.0020291578783447,53.9702033996582,208.87538146972656,132.88681030273438
2017-05-31,2.23,,-0.549,0.4,113.2956,0.02,1.7500792534729248,0.0020259433197525,53.96410751342773,208.8235015869141,132.83978271484375
2017-06-01,2.24,,-0.549,0.4,113.3017,0.16,1.480330854653911,0.0020398579908339,54.1212158203125,210.4841461181641,133.35687255859375
2017-06-02,2.24,,-0.556,0.36,113.1908,0.16,1.480330854653911,0.0020140193958346,54.15181350708008,211.1846923828125,134.8800048828125
2017-06-05,2.24,,-0.556,0.39,112.9755,0.16,1.480330854653911,0.0019967951266294,54.10289764404297,211.02902221679688,134.85177612304688
2017-06-06,2.25,,-0.556,0.37,112.7095,0.16,1.480330854653911,0.001965775698811,54.01729583740234,210.3544158935547,134.3158416748047
2017-06-07,2.23,,-0.556,0.4,112.8191,0.16,1.480330854653911,0.0019758158848408,53.90726852416992,210.7436065673828,134.84239196777344
2017-06-08,2.23,,-0.556,0.41,112.8351,0.16,1.480330854653911,0.0020426232177357,53.95002365112305,210.84738159179688,134.9833984375
2017-06-09,2.21,,-0.561,0.43,112.9562,0.16,1.480330854653911,0.0020859281895524,53.99282836914063,210.5273895263672,131.6081085205078
2017-06-12,2.22,,-0.561,0.46,112.9837,0.16,1.480330854653911,0.0020634231124657,54.08453750610352,210.4841461181641,130.9029541015625
2017-06-13,2.21,,-0.561,0.46,112.6271,0.16,1.480330854653911,0.0020485067428704,54.18234252929688,211.51336669921875,131.9654083251953
2017-06-14,2.19,,-0.561,0.44,112.0734,0.16,1.480330854653911,0.0020195630094215,54.18845748901367,211.2452850341797,131.39190673828125
2017-06-15,2.18,,-0.561,0.49,112.8708,0.16,1.480330854653911,0.0020475962236554,53.98061752319336,210.8387451171875,130.8089599609375
2017-06-16,2.19,,-0.565,0.49,112.6155,0.16,1.480330854653911,0.0020434609250398,53.88890075683594,210.8848419189453,130.24139404296875
2017-06-19,2.17,,-0.565,0.52,112.7576,0.16,1.480330854653911,0.0020812570744517,54.0539665222168,212.64047241210932,132.4192352294922
2017-06-20,2.16,,-0.565,0.5,113.2698,0.16,1.480330854653911,0.0020588235832048,53.86446380615234,211.2063751220703,131.38217163085938
2017-06-21,2.15,,-0.565,0.5,113.3327,0.16,1.480330854653911,0.0020926491450881,53.55265808105469,211.1542510986328,132.68312072753906
2017-06-22,2.16,,-0.565,0.46,113.1654,0.16,1.480330854653911,0.0020823982850519,53.69939041137695,211.05859375,132.64540100097656
2017-06-23,2.15,,-0.568,0.45,112.8665,0.16,1.480330854653911,0.0020880433119687,53.91947937011719,211.3106384277344,133.1545867919922
2017-06-26,2.15,,-0.568,0.43,112.7633,0.16,1.480330854653911,0.0021062343714647,53.99282836914063,211.44972229003903,132.5323028564453
2017-06-27,2.12,,-0.568,0.5,112.55,0.16,1.480330854653911,0.0021233151947909,53.8216552734375,209.7462921142578,130.12828063964844
2017-06-28,2.14,,-0.568,0.49,112.0747,0.16,1.480330854653911,0.0021330127731347,54.04175567626953,211.62356567382807,132.00439453125
2017-06-29,2.11,,-0.568,0.55,111.998,0.16,1.480330854653911,0.0021564058776975,53.90726852416992,209.76364135742188,129.71347045898438
2017-06-30,2.09,,-0.571,0.58,111.9896,0.16,1.480330854653911,0.0021753848536828,54.03561782836914,210.15478515625,129.76063537597656
2017-07-03,2.07,,-0.571,0.6,112.4268,-0.16,1.1187969195710634,0.0022013301096432,54.00923156738281,210.51107788085932,128.3936309814453
2017-07-04,2.07,,-0.571,0.6,112.4268,-0.16,1.1187969195710634,0.0022013301096432,54.00923156738281,210.51107788085932,128.3936309814453
2017-07-05,2.08,,-0.571,0.58,112.6534,-0.16,1.1187969195710634,0.0021705997020935,53.96623992919922,210.997802734375,129.6569366455078
2017-07-06,2.07,,-0.571,0.61,112.4199,-0.16,1.1187969195710634,0.0021694486111754,53.83120727539063,209.068359375,128.4879150390625
2017-07-07,2.08,,-0.574,0.66,112.3137,-0.16,1.1187969195710634,0.002182277098264,53.78205490112305,210.4241943359375,129.873779296875
2017-07-10,2.08,,-0.574,0.66,112.1587,-0.16,1.1187969195710634,0.0021776255720566,53.84346771240234,210.65017700195312,130.7222900390625
2017-07-11,2.08,,-0.574,0.62,112.1434,-0.16,1.1187969195710634,0.0021955339911787,53.806617736816406,210.4937286376953,131.0899200439453
2017-07-12,2.09,,-0.574,0.57,111.5904,-0.16,1.1187969195710634,0.0021976850007641,54.15657043457031,212.0755157470703,132.64540100097656
2017-07-13,2.09,,-0.574,0.58,111.5365,-0.16,1.1187969195710634,0.0021824384617816,54.199554443359375,212.431869506836,132.9376983642578
2017-07-14,2.09,,-0.577,0.57,110.9075,-0.16,1.1187969195710634,0.0021881624561232,54.35303497314453,213.4226837158203,133.9841766357422
2017-07-17,2.09,,-0.577,0.54,110.9304,-0.16,1.1187969195710634,0.0022039259409602,54.37145614624024,213.3966217041016,134.05015563964844
2017-07-18,2.08,,-0.577,0.51,110.4356,-0.16,1.1187969195710634,0.0021944243549482,54.3960189819336,213.50958251953125,134.94580078125
2017-07-19,2.07,,-0.577,0.51,110.4339,-0.16,1.1187969195710634,0.0021777313688358,54.48811340332031,214.66555786132807,135.73768615722656
2017-07-20,2.05,,-0.577,0.5,110.2512,-0.16,1.1187969195710634,0.002175851383519,54.51881790161133,214.7611541748047,135.91673278808594
2017-07-21,2.05,,-0.579,0.48,110.191,-0.16,1.1187969195710634,0.0021645537817732,54.47584533691406,214.5699005126953,135.8601837158203
2017-07-24,2.06,,-0.579,0.48,110.2004,-0.16,1.1187969195710634,0.0021764096326802,54.51881790161133,214.5177764892578,136.48245239257812
2017-07-25,2.05,,-0.579,0.52,110.2835,-0.16,1.1187969195710634,0.0022693139147995,54.54335403442383,215.0392303466797,136.1336212158203
2017-07-26,2.07,,-0.579,0.49,110.3811,-0.16,1.1187969195710634,0.0022970375965078,54.623191833496094,215.04791259765625,136.57675170898438
2017-07-27,2.07,,-0.579,0.49,110.216,-0.16,1.1187969195710634,0.0022816768245349,54.5802116394043,214.84803771972656,135.71881103515625
2017-07-28,2.05,,-0.579,0.47,109.92,-0.16,1.1187969195710634,0.0022630873797594,54.58636093139648,214.5959625244141,135.605712890625
2017-07-31,2.06,,-0.579,0.48,109.8177,-0.16,1.1187969195710634,0.0022801200593013,54.58636093139648,214.4742889404297,135.03060913085938
2017-08-01,2.06,,-0.579,0.47,109.8495,0.01,0.8523014668689877,0.0022622976612709,54.640586853027344,214.95233154296875,135.34170532226562
2017-08-02,2.05,,-0.579,0.48,109.7503,0.01,0.8523014668689877,0.0022664725763289,54.65293502807617,215.056640625,135.70938110351562
2017-08-03,2.05,,-0.579,0.46,109.8332,0.01,0.8523014668689877,0.0022692853625612,54.548118591308594,214.6394500732422,135.18145751953125
2017-08-04,2.05,,-0.576,0.47,110.2808,0.01,0.8523014668689877,0.0022927758710254,54.56047058105469,215.03062438964844,135.426513671875
2017-08-07,2.06,,-0.576,0.46,110.373,0.01,0.8523014668689877,0.0023112383605341,54.53580093383789,215.43032836914065,136.2845001220703
2017-08-08,2.07,,-0.576,0.46,110.396,0.01,0.8523014668689877,0.0023420089599355,54.301517486572266,214.90017700195312,136.048828125
2017-08-09,2.09,,-0.576,0.42,110.3671,0.01,0.8523014668689877,0.0023016496989451,54.091922760009766,214.89149475097656,135.8696746826172
2017-08-10,2.11,,-0.576,0.4,110.1886,0.01,0.8523014668689877,0.0022637688006902,53.74666595458984,211.8582000732422,132.95654296875
2017-08-11,2.12,,-0.571,0.4,110.0422,0.01,0.8523014668689877,0.0022629495572166,53.83916473388672,212.1710968017578,133.9652557373047
2017-08-14,2.11,,-0.571,0.45,110.095,0.01,0.8523014668689877,0.0022632769129427,54.12272644042969,214.2744140625,135.6905517578125
2017-08-15,2.09,,-0.571,0.49,110.4846,0.01,0.8523014668689877,0.0022646621161043,54.14125442504883,214.2483367919922,135.78477478027344
2017-08-16,2.09,,-0.571,0.45,110.4394,0.01,0.8523014668689877,0.0023138068004199,54.14738845825195,214.62208557128903,136.0205078125
2017-08-17,2.11,,-0.571,0.42,110.1673,0.01,0.8523014668689877,0.0022838929633094,53.8453254699707,211.2758636474609,133.23939514160156
2017-08-18,2.12,,-0.565,0.43,110.041,0.01,0.8523014668689877,0.0022870810707433,53.925479888916016,210.9456787109375,133.14511108398438
2017-08-21,2.12,,-0.565,0.43,109.7349,0.01,0.8523014668689877,0.0023094203856752,53.980934143066406,211.1107788085937,132.97547912597656
2017-08-22,2.1,,-0.565,0.45,109.8386,0.01,0.8523014668689877,0.0023239437254162,54.20289611816406,213.318359375,135.00234985351562
2017-08-23,2.12,,-0.565,0.42,109.8095,0.01,0.8523014668689877,0.0023124369046302,54.20902633666992,212.5535125732422,134.5215606689453
2017-08-24,2.12,,-0.565,0.44,109.7524,0.01,0.8523014668689877,0.0023579478866156,54.289180755615234,212.05813598632807,134.12559509277344
2017-08-25,2.12,,-0.562,0.42,109.3415,0.01,0.8523014668689877,0.0023466150811377,54.38785171508789,212.5535125732422,133.8427734375
2017-08-28,2.13,,-0.562,0.41,109.1815,0.01,0.8523014668689877,0.0023402307180953,54.393985748291016,212.56219482421875,134.257568359375
2017-08-29,2.15,,-0.562,0.39,109.0946,0.01,0.8523014668689877,0.0023463560634601,54.32615661621094,212.8055877685547,134.7855224609375
2017-08-30,2.14,,-0.562,0.39,109.4052,0.01,0.8523014668689877,0.0023427109170974,54.4741325378418,213.81378173828125,136.36935424804688
2017-08-31,2.14,,-0.562,0.36,109.3686,0.01,0.8523014668689877,0.0023393102191228,54.62210464477539,215.10011291503903,137.83058166503906
2017-09-01,2.15,,-0.559,0.37,109.0504,0.18,1.0630336308315114,0.0023389958849309,54.67781066894531,215.404296875,137.6420135498047
2017-09-04,2.15,,-0.559,0.37,109.0504,0.18,1.0630336308315114,0.0023389958849309,54.67781066894531,215.404296875,137.6420135498047
2017-09-05,2.16,,-0.559,0.3,108.8664,0.18,1.0630336308315114,0.0023204153148114,54.55397415161133,213.85726928710932,136.4070587158203
2017-09-06,2.17,,-0.559,0.32,108.4897,0.18,1.0630336308315114,0.0023476272197368,54.516845703125,214.58724975585932,136.8218536376953
2017-09-07,2.17,,-0.559,0.26,107.9224,0.18,1.0630336308315114,0.0023217604365649,54.523040771484375,214.5612030029297,137.14234924316406
2017-09-08,2.17,,-0.559,0.25,107.808,0.18,1.0630336308315114,0.0022447994878352,54.34967422485352,214.3091583251953,135.95452880859375
2017-09-11,2.15,,-0.559,0.31,108.153,0.18,1.0630336308315114,0.0022885048864122,54.523040771484375,216.5950164794922,137.51950073242188
2017-09-12,2.16,,-0.559,0.33,108.3239,0.18,1.0630336308315114,0.0022707078830305,54.59114837646485,217.32498168945312,137.8494873046875
2017-09-13,2.13,,-0.559,0.35,108.6628,0.18,1.0630336308315114,0.0022374187026169,54.60970687866211,217.4292755126953,138.03805541992188
2017-09-14,2.11,,-0.559,0.35,108.618,0.18,1.0630336308315114,0.0022167284522668,54.68402862548828,217.35983276367188,137.22720336914062
2017-09-15,2.1,,-0.562,0.35,108.3147,0.18,1.0630336308315114,0.0022175097842765,54.73353576660156,217.6523895263672,137.69857788085938
2017-09-18,2.1,,-0.562,0.36,108.6401,0.18,1.0630336308315114,0.002257521068295,54.70876693725586,218.1153259277344,137.51817321777344
2017-09-19,2.09,,-0.562,0.37,108.6142,0.18,1.0630336308315114,0.0022580770128471,54.76449966430664,218.333724975586,137.7543487548828
2017-09-20,2.06,,-0.562,0.43,108.4329,0.18,1.0630336308315114,0.002248094576161,54.7582893371582,218.41232299804688,137.32919311523438
2017-09-21,2.05,,-0.562,0.44,108.9267,0.18,1.0630336308315114,0.0022578646284332,54.69021224975586,217.82711791992188,136.48829650878906
2017-09-22,2.05,,-0.566,0.42,108.7542,0.18,1.0630336308315114,0.0022612695261287,54.74592590332031,217.8707427978516,136.3560333251953
2017-09-25,2.06,,-0.566,0.38,109.3302,0.18,1.0630336308315114,0.0022325527319116,54.77690124511719,217.42532348632807,134.91989135742188
2017-09-26,2.04,,-0.566,0.4,109.7769,0.18,1.0630336308315114,0.0022340015714317,54.84495162963867,217.55633544921875,135.2694854736328
2017-09-27,2.06,,-0.566,0.44,110.0722,0.18,1.0630336308315114,0.0022681938273146,54.86972427368164,218.4035186767578,136.48829650878906
2017-09-28,2.05,,-0.566,0.44,110.2415,0.18,1.0630336308315114,0.0023045508326467,54.86972427368164,218.66558837890625,136.4410400390625
2017-09-29,2.0,,-0.572,0.49,110.0867,0.18,1.0630336308315114,0.0022922356613343,54.95021438598633,219.4342041015625,137.4236602783203
2017-10-02,1.99,,-0.572,0.51,110.3686,0.54,2.2919955326540453,0.0023096567975456,54.92222595214844,220.38626098632807,137.5465087890625
2017-10-03,2.0,,-0.572,0.49,110.3281,0.54,2.2919955326540453,0.0023189146032119,55.021671295166016,220.8578948974609,137.83938598632812
2017-10-04,2.01,,-0.572,0.48,110.2425,0.54,2.2919955326540453,0.0023117689270328,54.96577072143555,221.1199493408203,137.97164916992188
2017-10-05,2.0,,-0.572,0.49,110.5823,0.54,2.2919955326540453,0.0023871958759022,55.03413391113281,222.4301300048828,139.3227996826172
2017-10-06,1.98,,-0.578,0.5,110.7841,0.54,2.2919955326540453,0.0023706353889604,54.95333480834961,222.17681884765625,139.51173400878906
2017-10-09,1.98,,-0.578,0.5,110.7841,0.54,2.2919955326540453,0.0023537212084708,54.95954895019531,221.8099975585937,139.3511199951172
2017-10-10,1.97,,-0.578,0.47,110.3034,0.54,2.2919955326540453,0.0023597552283167,55.00308227539063,222.3951568603516,139.45501708984375
2017-10-11,1.97,,-0.578,0.46,110.3037,0.54,2.2919955326540453,0.0023953957121973,54.94709396362305,222.7446136474609,139.87071228027344
2017-10-12,1.97,,-0.578,0.44,110.3152,0.54,2.2919955326540453,0.0024000618374408,54.88492584228516,222.41262817382807,139.61566162109375
2017-10-13,1.97,,-0.585,0.43,110.2669,0.54,2.2919955326540453,0.0023960814400906,54.90982055664063,222.68341064453125,140.15419006347656
2017-10-16,1.97,,-0.585,0.46,110.5432,0.54,2.2919955326540453,0.0024801907197171,54.94089126586914,222.9804077148437,140.63607788085938
2017-10-17,1.95,,-0.585,0.48,110.9141,0.54,2.2919955326540453,0.0024789555966621,55.021671295166016,223.1376342773437,140.8155517578125
2017-10-18,1.95,,-0.585,0.5,110.7214,0.54,2.2919955326540453,0.0024716774827941,55.077674865722656,223.35601806640625,140.64549255371094
2017-10-19,1.94,,-0.585,0.49,110.4577,0.54,2.2919955326540453,0.0024500738647385,55.08385467529297,223.41709899902344,140.1258544921875
2017-10-20,1.94,,-0.592,0.52,111.0375,0.54,2.2919955326540453,0.0024671206563457,55.13357162475586,224.570068359375,140.50376892089844
2017-10-23,1.94,,-0.592,0.52,111.2134,0.54,2.2919955326540453,0.0024841513235438,55.07141876220703,223.6965789794922,139.5873260498047
2017-10-24,1.92,,-0.592,0.55,111.4027,0.54,2.2919955326540453,0.0024992157431209,55.07141876220703,224.0896759033203,139.823486328125
2017-10-25,1.93,,-0.592,0.56,111.3904,0.54,2.2919955326540453,0.0024866707753374,54.91604995727539,222.9804077148437,139.29440307617188
2017-10-26,1.91,,-0.592,0.57,111.6418,0.54,2.2919955326540453,0.0025013818976038,54.84764862060547,223.2686462402344,138.85035705566406
2017-10-27,1.93,,-0.597,0.54,112.1495,0.54,2.2919955326540453,0.0024387070547185,54.99681091308594,225.0941619873047,142.89418029785156
2017-10-30,1.92,,-0.597,0.5,111.901,0.54,2.2919955326540453,0.0024346598049859,54.98440170288086,224.255615234375,143.21539306640625
2017-10-31,1.91,,-0.597,0.5,111.8052,0.54,2.2919955326540453,0.0024404104243325,54.99681091308594,224.6049652099609,143.7539520263672
2017-11-01,1.92,,-0.597,0.49,111.7942,0.23,2.9662701539719283,0.0024589906263536,54.94439315795898,224.9019470214844,143.7067108154297
2017-11-02,1.91,,-0.597,0.48,111.5474,0.23,2.9662701539719283,0.0024594084980621,54.913177490234375,224.98928833007807,143.4327392578125
2017-11-03,1.91,,-0.601,0.48,111.9383,0.23,2.9662701539719283,0.0024559811269441,54.91944885253906,225.7404937744141,144.8121337890625
2017-11-06,1.92,,-0.601,0.46,111.7197,0.23,2.9662701539719283,0.0024624824128565,54.92568588256836,226.08981323242188,145.30345153808594
2017-11-07,1.9,,-0.601,0.44,111.9446,0.23,2.9662701539719283,0.00242011470448,54.769630432128906,225.93263244628903,145.3884735107422
2017-11-08,1.92,,-0.601,0.45,111.6935,0.23,2.9662701539719283,0.0024133895084822,54.52618789672852,226.31690979003903,145.97422790527344
2017-11-09,1.93,,-0.601,0.46,111.5626,0.23,2.9662701539719283,0.0023957684989082,54.25776290893555,225.4959259033203,145.20899963378906
2017-11-10,1.93,,-0.603,0.52,111.5626,0.23,2.9662701539719283,0.0024123702535261,54.37635040283203,225.42599487304688,145.1995086669922
2017-11-13,1.93,,-0.603,0.52,111.7833,0.23,2.9662701539719283,0.002435997734166,54.338897705078125,225.6356506347656,145.37901306152344
2017-11-14,1.93,,-0.603,0.51,111.5097,0.23,2.9662701539719283,0.002387826720858,54.107948303222656,225.111572265625,144.84994506835938
2017-11-15,1.95,,-0.603,0.48,111.4809,0.23,2.9662701539719283,0.0023885624949436,54.107948303222656,223.9848480224609,144.16966247558594
2017-11-16,1.92,,-0.603,0.53,111.2568,0.23,2.9662701539719283,0.0023825738910489,54.63852691650391,225.8889617919922,146.0120849609375
2017-11-17,1.93,,-0.604,0.49,111.0016,0.23,2.9662701539719283,0.0023634047573694,54.60106658935547,225.22515869140625,145.45460510253906
2017-11-20,1.91,,-0.604,0.52,111.2599,0.23,2.9662701539719283,0.0024246823909811,54.61359024047852,225.60943603515625,145.34124755859375
2017-11-21,1.88,,-0.604,0.52,110.9828,0.23,2.9662701539719283,0.0024397002757968,54.72592544555664,227.0856170654297,146.9191131591797
2017-11-22,1.91,,-0.604,0.48,110.5632,0.23,2.9662701539719283,0.0024268349999626,54.81330871582031,226.8846740722656,147.09861755371094
2017-11-23,1.91,,-0.604,0.48,110.5632,0.23,2.9662701539719283,0.0024268349999626,54.81330871582031,226.8846740722656,147.09861755371094
2017-11-24,1.9,,-0.604,0.5,110.0253,0.23,2.9662701539719283,0.002460558024029,54.850772857666016,227.40870666503903,147.63711547851562
2017-11-27,1.93,,-0.604,0.49,110.1136,0.23,2.9662701539719283,0.0024211623241783,54.68222427368164,227.29519653320312,147.5709991455078
2017-11-28,1.91,,-0.604,0.5,110.3018,0.23,2.9662701539719283,0.0023715918844547,54.850772857666016,229.60104370117188,147.94891357421875
2017-11-29,1.92,,-0.604,0.53,110.3265,0.23,2.9662701539719283,0.0023711099132216,54.7821159362793,229.4613342285156,145.36962890625
2017-11-30,1.88,,-0.604,0.56,110.4648,0.23,2.9662701539719283,0.0023853283516676,54.7945671081543,231.4701995849609,146.58836364746094
2017-12-01,1.87,,-0.605,0.51,110.1413,0.2,2.467143465957866,0.0023971691460209,54.77701187133789,230.9897918701172,145.96482849121094
2017-12-04,1.87,,-0.605,0.5,110.397,0.2,2.467143465957866,0.0024036724840253,54.75823974609375,230.71029663085932,144.28302001953125
2017-12-05,1.84,,-0.605,0.5,110.4905,0.2,2.467143465957866,0.0023149176415431,54.72687149047852,229.88058471679688,144.37750244140625
2017-12-06,1.86,,-0.605,0.47,110.8711,0.2,2.467143465957866,0.0023253879940884,54.6767578125,229.9242706298828,145.02940368652344
2017-12-07,1.88,,-0.605,0.5,111.0178,0.2,2.467143465957866,0.0023527763690983,54.701805114746094,230.64920043945312,145.52072143554688
2017-12-08,1.87,,-0.606,0.5,111.2273,0.2,2.467143465957866,0.002373112784758,54.75823974609375,231.9069976806641,146.1632537841797
2017-12-11,1.85,,-0.606,0.51,111.0827,0.2,2.467143465957866,0.0024025086704081,54.77082061767578,232.6057281494141,147.2969970703125
2017-12-12,1.84,,-0.606,0.51,111.5214,0.2,2.467143465957866,0.0024218813372948,54.74569320678711,233.01617431640625,147.09861755371094
2017-12-13,1.83,,-0.606,0.48,111.2759,0.2,2.467143465957866,0.0024325517490291,54.77701187133789,232.989990234375,147.38211059570312
2017-12-14,1.82,,-0.606,0.48,111.0893,0.2,2.467143465957866,0.002431408472096,54.66420364379883,232.03793334960932,147.27806091308594
2017-12-15,1.8,,-0.608,0.47,111.1286,0.2,2.467143465957866,0.0024794704409056,54.670448303222656,233.9702606201172,148.95042419433594
2017-12-18,1.81,,-0.608,0.5,110.9086,0.2,2.467143465957866,0.0024734591188349,54.72687149047852,235.4539031982422,150.1992645263672
2017-12-19,1.81,,-0.608,0.55,111.1255,0.2,2.467143465957866,0.0024807647960272,54.614036560058594,234.5496826171875,149.30931091308594
2017-12-20,1.82,,-0.608,0.57,110.8361,0.2,2.467143465957866,0.0025049364416165,54.65790557861328,234.4267120361328,149.14833068847656
2017-12-21,1.79,,-0.608,0.55,110.8786,0.2,2.467143465957866,0.0025207132063447,54.71523284912109,234.9095458984375,149.1672821044922
2017-12-22,1.79,,-0.612,0.54,111.0997,0.2,2.467143465957866,0.002520385674201,54.76558303833008,234.84814453125,148.99685668945312
2017-12-25,1.79,,-0.612,0.54,111.0997,0.2,2.467143465957866,0.002520385674201,54.76558303833008,234.84814453125,148.99685668945312
2017-12-26,1.78,,-0.612,0.53,110.9758,0.2,2.467143465957866,0.0025356281472367,54.847389221191406,234.56719970703125,148.19204711914062
2017-12-27,1.76,,-0.612,0.48,110.8553,0.2,2.467143465957866,0.0025306915069793,54.87258529663086,234.6813201904297,148.21102905273438
2017-12-28,1.76,,-0.612,0.47,110.5154,0.2,2.467143465957866,0.0025392165020817,54.847389221191406,235.16416931152344,148.3909149169922
2017-12-29,1.77,,-0.615,0.44,110.0783,0.2,2.467143465957866,0.0025105258248833,54.92926025390625,234.2774200439453,147.47251892089844
2018-01-01,1.77,,-0.615,0.44,110.0783,-0.23,2.735287476546944,0.0025105258248833,54.92926025390625,234.2774200439453,147.47251892089844
2018-01-02,1.78,,-0.615,0.46,109.6445,-0.23,2.735287476546944,0.0024784959754753,54.979583740234375,235.9542694091797,150.05723571777344
2018-01-03,1.77,,-0.615,0.46,109.6751,-0.23,2.735287476546944,0.002459352764505,55.24396133422852,237.44677734375,151.51528930664062
2018-01-04,1.75,,-0.615,0.45,109.4777,-0.23,2.735287476546944,0.0024575564701821,55.33839416503906,238.447509765625,151.78038024902344
2018-01-05,1.76,,-0.619,0.46,109.3496,-0.23,2.735287476546944,0.0024289933337597,55.37617492675781,240.0365753173828,153.3047332763672
2018-01-08,1.74,,-0.619,0.47,109.5681,-0.23,2.735287476546944,0.0024275747265823,55.33209609985352,240.4755096435547,153.9012451171875
2018-01-09,1.74,,-0.619,0.52,109.9025,-0.23,2.735287476546944,0.0024353892569931,55.16217803955078,241.0198211669922,153.91065979003906
2018-01-10,1.73,,-0.619,0.52,109.628,-0.23,2.735287476546944,0.0024404128241907,55.04255676269531,240.65106201171875,153.5509033203125
2018-01-11,1.69,,-0.619,0.54,109.4888,-0.23,2.735287476546944,0.0024333636849132,55.22510528564453,242.4068603515625,154.60182189941406
2018-01-12,1.68,,-0.619,0.54,108.901,-0.23,2.735287476546944,0.0023998799978197,55.13067626953125,243.98712158203125,155.738037109375
2018-01-15,1.68,,-0.619,0.54,108.901,-0.23,2.735287476546944,0.0023998799978197,55.13067626953125,243.98712158203125,155.738037109375
2018-01-16,1.66,,-0.619,0.51,108.3218,-0.23,2.735287476546944,0.0023955367854272,55.09921646118164,243.15318298339844,155.29299926757812
2018-01-17,1.66,,-0.619,0.53,108.1526,-0.23,2.735287476546944,0.0023665919966761,55.10551071166992,245.4708251953125,156.96885681152344
2018-01-18,1.64,,-0.619,0.57,108.0655,-0.23,2.735287476546944,0.0023959276363321,55.0488395690918,245.05812072753903,156.99720764160156
2018-01-19,1.64,,-0.614,0.58,107.9455,-0.23,2.735287476546944,0.0023778061395459,55.10551071166992,246.1731414794922,157.48953247070312
2018-01-22,1.64,,-0.614,0.6,108.107,-0.23,2.735287476546944,0.0023874821183023,55.15585708618164,248.1747283935547,159.17483520507812
2018-01-23,1.64,,-0.614,0.57,107.9979,-0.23,2.735287476546944,0.0023130194380095,55.31952667236328,248.7015380859375,160.49087524414062
2018-01-24,1.65,,-0.614,0.58,107.0802,-0.23,2.735287476546944,0.0023663248400882,55.23768615722656,248.6049194335937,159.4494171142578
2018-01-25,1.61,,-0.614,0.56,106.5052,-0.23,2.735287476546944,0.0023480621142239,55.199928283691406,248.710189819336,159.39263916015625
2018-01-26,1.6,,-0.606,0.57,106.6911,-0.23,2.735287476546944,0.0023546167083788,55.24396133422852,251.5897674560547,161.83531188964844
2018-01-29,1.59,,-0.606,0.61,107.1142,-0.23,2.735287476546944,0.0023546167083788,55.0488395690918,249.9217834472656,161.04954528808594
2018-01-30,1.59,,-0.606,0.63,107.1064,-0.23,2.735287476546944,0.0023790624439821,54.8599739074707,247.3583221435547,159.7239990234375
2018-01-31,1.56,,-0.606,0.61,106.7696,-0.23,2.735287476546944,0.0023778939621051,54.95442581176758,247.4810943603516,160.38673400878906
2018-02-01,1.56,,-0.606,0.67,106.4877,0.47,3.3994953469032696,0.0023781893257311,54.85074996948242,247.20025634765625,159.02337646484375
2018-02-02,1.58,,-0.592,0.7,107.1151,0.47,3.3994953469032696,0.0023817201756848,54.503047943115234,241.8186798095703,155.8516387939453
2018-02-05,1.63,,-0.592,0.67,107.33,0.47,3.3994953469032696,0.0024084771207106,54.19964599609375,231.70518493652344,149.70684814453125
2018-02-06,1.61,,-0.592,0.69,107.5204,0.47,3.3994953469032696,0.0023961240238563,54.5283432006836,236.27037048339844,153.67396545410156
2018-02-07,1.62,,-0.592,0.74,107.7175,0.47,3.3994953469032696,0.0023456084143265,54.32606506347656,234.9886474609375,151.68576049804688
2018-02-08,1.63,,-0.592,0.76,108.3025,0.47,3.3994953469032696,0.0023327511350527,53.85197448730469,226.1744384765625,145.28543090820312
2018-02-09,1.67,,-0.575,0.78,108.2582,0.47,3.3994953469032696,0.002303327963919,53.70026779174805,229.57188415527344,147.79440307617188
2018-02-12,1.64,,-0.575,0.79,108.0332,0.47,3.3994953469032696,0.0023240448711546,54.06686782836914,232.9431304931641,150.41696166992188
2018-02-13,1.69,,-0.575,0.78,107.7574,0.47,3.3994953469032696,0.0023751977001864,53.89621353149414,233.52252197265625,151.19342041015625
2018-02-14,1.66,,-0.575,0.82,107.4691,0.47,3.3994953469032696,0.002381777860106,53.99101638793945,236.6741485595703,154.02430725097656
2018-02-15,1.63,,-0.575,0.79,106.9867,0.47,3.3994953469032696,0.0023955329787003,54.427242279052734,239.6941680908203,156.88360595703125
2018-02-16,1.66,,-0.559,0.78,107.0359,0.47,3.3994953469032696,0.0023965416402129,54.64844131469727,239.764404296875,156.1829833984375
2018-02-19,1.66,,-0.559,0.78,107.0359,0.47,3.3994953469032696,0.0023965416402129,54.64844131469727,239.764404296875,156.1829833984375
2018-02-20,1.67,,-0.559,0.78,107.6249,0.47,3.3994953469032696,0.0023976520105704,54.45882797241211,238.2631683349609,156.49539184570312
2018-02-21,1.67,,-0.559,0.82,107.8679,0.47,3.3994953469032696,0.0024146616010737,54.2122802734375,237.0779571533203,156.0504913330078
2018-02-22,1.68,,-0.559,0.81,107.8668,0.47,3.3994953469032696,0.0024331128902137,54.250247955322266,237.3852386474609,156.031494140625
2018-02-23,1.68,,-0.544,0.76,107.6804,0.47,3.3994953469032696,0.0024156753699745,54.61052322387695,241.1689910888672,159.2222137451172
2018-02-26,1.7,,-0.544,0.73,107.7347,0.47,3.3994953469032696,0.0024017436059628,54.70534133911133,243.969467163086,161.3335723876953
2018-02-27,1.69,,-0.544,0.77,108.1731,0.47,3.3994953469032696,0.0024002280719195,54.5599250793457,240.9232635498047,159.3358154296875
2018-02-28,1.68,,-0.544,0.75,108.3903,0.47,3.3994953469032696,0.0023622197463275,54.47779846191406,238.482666015625,158.31326293945312
2018-03-01,1.72,,-0.544,0.71,108.5358,0.11,3.224806264183644,0.0023789238489469,54.11666870117188,235.0149688720703,155.72850036621094
2018-03-02,1.72,,-0.53,0.74,108.5358,0.11,3.224806264183644,0.0023472864490793,54.421295166015625,236.2264709472656,157.15818786621094
2018-03-05,1.72,,-0.53,0.75,108.3614,0.11,3.224806264183644,0.0023560428194783,54.421295166015625,238.95675659179688,158.90028381347656
2018-03-06,1.75,,-0.53,0.76,107.7969,0.11,3.224806264183644,0.002352279650084,54.49747085571289,239.5625457763672,159.57249450683594
2018-03-07,1.77,,-0.53,0.76,108.0911,0.11,3.224806264183644,0.0023484163514449,54.36418151855469,239.47463989257807,159.94175720214844
2018-03-08,1.78,,-0.53,0.75,108.2671,0.11,3.224806264183644,0.0023172209977465,54.42763137817383,240.63357543945312,160.82229614257812
2018-03-09,1.77,,-0.516,0.78,107.923,0.11,3.224806264183644,0.002356321747981,54.624393463134766,244.8211669921875,163.94671630859375
2018-03-12,1.79,,-0.516,0.77,107.9438,0.11,3.224806264183644,0.0023525845339674,54.53556442260742,244.51382446289065,164.8177490234375
2018-03-13,1.8,,-0.516,0.75,107.7384,0.11,3.224806264183644,0.0023523643567445,54.36418151855469,242.93362426757807,162.5738525390625
2018-03-14,1.8,,-0.516,0.74,107.8623,0.11,3.224806264183644,0.0023708849645282,54.30071640014648,241.68701171875,162.5454559326172
2018-03-15,1.81,,-0.516,0.74,108.2032,0.11,3.224806264183644,0.0023625455237518,54.33880233764648,241.4236297607422,162.40341186523438
2018-03-16,1.79,,-0.506,0.77,108.4332,0.11,3.224806264183644,0.002358727842582,54.45304107666016,241.68536376953125,161.92056274414062
2018-03-19,1.8,,-0.506,0.77,108.3145,0.11,3.224806264183644,0.002331029659525,54.23088836669922,238.41537475585932,158.46580505371094
2018-03-20,1.79,,-0.506,0.81,108.4953,0.11,3.224806264183644,0.0023076043897992,54.33880233764648,238.82083129882807,158.98733520507812
2018-03-21,1.82,,-0.506,0.8,108.4953,0.11,3.224806264183644,0.0023082457588721,54.35783386230469,238.36245727539065,158.29513549804688
2018-03-22,1.84,,-0.506,0.75,107.9935,0.11,3.224806264183644,0.0022704659576018,54.03415298461914,232.4040985107422,154.38800048828125
2018-03-23,1.87,,-0.499,0.75,107.7495,0.11,3.224806264183644,0.0022118875145135,53.8945541381836,227.45046997070312,150.31971740722656
2018-03-26,1.84,,-0.499,0.77,107.1819,0.11,3.224806264183644,0.0021858387097918,54.24357986450195,233.67337036132807,155.90530395507812
2018-03-27,1.86,,-0.499,0.71,107.3359,0.11,3.224806264183644,0.0022302988085562,54.19282150268555,229.69813537597656,150.86019897460938
2018-03-28,1.86,,-0.499,0.72,107.5733,0.11,3.224806264183644,0.002260987817881,54.16743087768555,229.0193634033203,149.124755859375
2018-03-29,1.85,,-0.499,0.69,107.665,0.11,3.224806264183644,0.0022822799682237,54.35149765014648,231.9456787109375,151.85594177246094
2018-03-30,1.85,,-0.497,0.69,107.4784,0.11,3.224806264183644,0.0022822799682237,54.35149765014648,231.9456787109375,151.85594177246094
2018-04-02,1.86,,-0.497,0.68,107.7033,0.4,3.309758614070435,0.0022654794582541,54.14055633544922,226.93923950195312,147.47471618652344
2018-04-03,1.84,,-0.497,0.71,107.5624,0.4,3.309758614070435,0.0022944177488789,54.29348373413086,229.84796142578125,149.13424682617188
2018-04-04,1.85,,-0.497,0.71,107.6361,0.4,3.309758614070435,0.0022510853867091,54.414581298828125,232.30712890625,151.48611450195312
2018-04-05,1.84,,-0.497,0.75,107.7281,0.4,3.309758614070435,0.0023178281781372,54.45916748046875,234.14047241210932,152.3490753173828
2018-04-06,1.84,,-0.501,0.7,107.7886,0.4,3.309758614070435,0.0022929648208103,54.33808898925781,228.9224395751953,148.5368194580078
2018-04-09,1.83,,-0.501,0.71,107.5316,0.4,3.309758614070435,0.002298510776555,54.542030334472656,230.0506591796875,149.57992553710938
2018-04-10,1.8,,-0.501,0.72,107.3659,0.4,3.309758614070435,0.002333084979107,54.73957061767578,233.70855712890625,152.88014221191406
2018-04-11,1.8,,-0.501,0.68,107.1224,0.4,3.309758614070435,0.0022941393207194,54.75871276855469,232.48342895507807,151.9981689453125
2018-04-12,1.79,,-0.501,0.7,107.2905,0.4,3.309758614070435,0.0022863119298874,54.95622253417969,234.39610290527344,153.82846069335938
2018-04-13,1.79,,-0.512,0.69,107.2368,0.4,3.309758614070435,0.002281008330654,54.98809814453125,233.70855712890625,153.03189086914062
2018-04-16,1.77,,-0.512,0.71,107.0595,0.4,3.309758614070435,0.0022942486410901,55.07094192504883,235.63006591796875,154.19834899902344
2018-04-17,1.76,,-0.512,0.68,107.0344,0.4,3.309758614070435,0.0022825119946069,55.09645462036133,238.15093994140625,157.5175018310547
2018-04-18,1.76,,-0.512,0.71,107.1096,0.4,3.309758614070435,0.0023338515349809,55.03908920288086,238.3271942138672,157.83990478515625
2018-04-19,1.77,,-0.512,0.75,107.5197,0.4,3.309758614070435,0.002322542253917,54.86703109741211,237.0050811767578,156.388916015625
2018-04-20,1.78,,-0.526,0.79,108.1787,0.4,3.309758614070435,0.0023427097479705,54.73320388793945,234.99545288085932,153.913818359375
2018-04-23,1.76,,-0.526,0.8,108.9332,0.4,3.309758614070435,0.0023500945482452,54.58662033081055,234.96017456054688,153.5249481201172
2018-04-24,1.77,,-0.526,0.83,108.7906,0.4,3.309758614070435,0.002357293013109,54.47830581665039,231.7958831787109,150.27223205566406
2018-04-25,1.8,,-0.526,0.86,109.3447,0.4,3.309758614070435,0.0023705722715962,54.48469543457031,232.36875915527344,150.45240783691406
2018-04-26,1.8,,-0.526,0.82,109.3646,0.4,3.309758614070435,0.0023649622431056,54.67584609985352,234.73097229003903,153.61984252929688
2018-04-27,1.8,,-0.539,0.79,109.1735,0.4,3.309758614070435,0.0023070513452743,54.65036392211914,234.9514312744141,153.71466064453125
2018-04-30,1.79,,-0.539,0.78,109.3363,0.4,3.309758614070435,0.0023191765102399,54.61212539672852,233.14450073242188,152.6240692138672
2018-05-01,1.82,,-0.539,0.81,109.7445,-0.14,2.258420144436624,0.0023124712317767,54.65242004394531,233.55874633789065,154.3690185546875
2018-05-02,1.83,,-0.539,0.8,110.1625,-0.14,2.258420144436624,0.0023395516292137,54.63322067260742,231.98980712890625,153.4586181640625
2018-05-03,1.86,,-0.539,0.78,110.1803,-0.14,2.258420144436624,0.002333867497686,54.626834869384766,231.4785614013672,153.43963623046875
2018-05-04,1.86,,-0.552,0.79,110.25,-0.14,2.258420144436624,0.0023352633008359,54.66524505615234,234.4754180908203,156.35098266601562
2018-05-07,1.87,,-0.552,0.78,110.5721,-0.14,2.258420144436624,0.0023315806225162,54.7164421081543,235.2686767578125,157.6502685546875
2018-05-08,1.87,,-0.552,0.81,111.063,-0.14,2.258420144436624,0.0023174542115955,54.63322067260742,235.2686767578125,157.48902893066406
2018-05-09,1.86,,-0.552,0.82,110.8818,-0.14,2.258420144436624,0.0023179286852074,54.72286605834961,237.542724609375,159.2054901123047
2018-05-10,1.84,,-0.552,0.8,110.405,-0.14,2.258420144436624,0.0023413839014721,54.8828239440918,239.76394653320312,160.85560607910156
2018-05-11,1.82,,-0.561,0.82,110.2847,-0.14,2.258420144436624,0.002346474623662,54.8636589050293,240.4955291748047,160.7039031982422
2018-05-14,1.81,,-0.561,0.85,110.408,-0.14,2.258420144436624,0.0023383972901062,54.87640380859375,240.610107421875,160.9788818359375
2018-05-15,1.81,,-0.561,0.9,111.2292,-0.14,2.258420144436624,0.0023605399654303,54.60765075683594,238.9530334472656,159.19601440429688
2018-05-16,1.8,,-0.561,0.92,111.3068,-0.14,2.258420144436624,0.0023705628330867,54.67804718017578,239.95782470703125,160.24864196777344
2018-05-17,1.82,,-0.561,0.95,111.3547,-0.14,2.258420144436624,0.0023886042690236,54.71004486083984,239.7550811767578,159.63223266601562
2018-05-18,1.83,,-0.566,0.91,111.7171,-0.14,2.258420144436624,0.0023647498323685,54.65242004394531,239.15582275390625,158.80718994140625
2018-05-21,1.83,,-0.566,0.9,111.6394,-0.14,2.258420144436624,0.0023914897835058,54.7292366027832,240.9538726806641,159.6986541748047
2018-05-22,1.83,,-0.566,0.91,111.1945,-0.14,2.258420144436624,0.0024146474227305,54.76765441894531,240.28399658203125,159.48997497558594
2018-05-23,1.84,,-0.566,0.87,111.6933,-0.14,2.258420144436624,0.0023737685493161,54.81243133544922,240.94503784179688,160.8366241455078
2018-05-24,1.84,,-0.566,0.86,111.4885,-0.14,2.258420144436624,0.002366725563757,54.844425201416016,240.451400756836,160.78919982910156
2018-05-25,1.85,,-0.567,0.84,111.5843,-0.14,2.258420144436624,0.0023532569610656,54.75483322143555,239.8784637451172,160.95042419433594
2018-05-28,1.85,,-0.567,0.84,111.5843,-0.14,2.258420144436624,0.0023532569610656,54.75483322143555,239.8784637451172,160.95042419433594
2018-05-29,1.96,,-0.567,0.73,112.2127,-0.14,2.258420144436624,0.0023500424736463,54.52444076538086,237.11968994140625,160.23922729492188
2018-05-30,1.91,,-0.567,0.78,111.6731,-0.14,2.258420144436624,0.0023507491194922,54.69082260131836,240.28399658203125,161.38665771484375
2018-05-31,1.89,,-0.567,0.76,111.9894,-0.14,2.258420144436624,0.0023521268711353,54.63961410522461,238.8119659423828,161.2823028564453
2018-06-01,1.9,,-0.562,0.8,111.8265,0.22,2.8410387544831828,0.0023876273766494,54.76435089111328,241.1565399169922,163.81436157226562
2018-06-04,1.88,,-0.562,0.82,111.8247,0.22,2.8410387544831828,0.0024178330757948,54.88005065917969,242.30235290527344,165.29376220703125
2018-06-05,1.9,,-0.562,0.79,112.264,0.22,2.8410387544831828,0.0024593448822668,54.9443244934082,242.4787139892578,165.80584716796875
2018-06-06,1.91,,-0.562,0.83,111.7525,0.22,2.8410387544831828,0.0025090586489231,55.07935333251953,244.5059967041016,166.77316284179688
2018-06-07,1.89,,-0.562,0.8,112.0725,0.22,2.8410387544831828,0.002516362524321,55.09864044189453,244.4794921875,165.4170379638672
2018-06-08,1.9,,-0.557,0.82,112.1066,0.22,2.8410387544831828,0.0025367845657245,55.06646728515625,245.20236206054688,165.42654418945312
2018-06-11,1.89,,-0.557,0.83,112.1106,0.22,2.8410387544831828,0.0025025020422389,55.16933441162109,245.52847290039065,165.8722381591797
2018-06-12,1.88,,-0.557,0.83,112.2138,0.22,2.8410387544831828,0.002503667769193,55.214351654052734,245.84576416015625,166.74472045898438
2018-06-13,1.87,,-0.557,0.86,112.2577,0.22,2.8410387544831828,0.0025044335302617,55.23363876342773,245.061279296875,166.73526000976562
2018-06-14,1.88,,-0.557,0.82,112.8593,0.22,2.8410387544831828,0.0024666411379363,55.39436721801758,245.6783447265625,168.42327880859375
2018-06-15,1.87,,-0.551,0.81,113.3379,0.22,2.8410387544831828,0.002464302598924,55.3621940612793,245.36485290527344,167.8352813720703
2018-06-18,1.9,,-0.551,0.8,113.4899,0.22,2.8410387544831828,0.0024318288733078,55.35577774047852,244.86019897460932,167.73837280273438
2018-06-19,1.91,,-0.551,0.77,113.639,0.22,2.8410387544831828,0.002388287884825,55.278621673583984,243.9216766357422,167.26315307617188
2018-06-20,1.92,,-0.551,0.81,113.4784,0.22,2.8410387544831828,0.0023965545032995,55.33650588989258,244.33773803710932,168.45111083984375
2018-06-21,1.95,,-0.551,0.79,113.6109,0.22,2.8410387544831828,0.0023871529450186,55.22078323364258,242.8060760498047,166.9875946044922
2018-06-22,1.97,,-0.545,0.78,113.3047,0.22,2.8410387544831828,0.0023926936801284,55.22720718383789,243.2487945556641,166.616943359375
2018-06-25,1.99,,-0.545,0.77,113.286,0.22,2.8410387544831828,0.0023640962078966,55.09864044189453,239.9374847412109,162.863037109375
2018-06-26,1.99,,-0.545,0.76,113.3016,0.22,2.8410387544831828,0.0023850071918246,55.09220123291016,240.4687042236328,163.52828979492188
2018-06-27,1.98,,-0.545,0.72,113.8971,0.22,2.8410387544831828,0.0023862547328065,54.97649765014648,238.4766540527344,161.30441284179688
2018-06-28,2.0,,-0.545,0.74,113.8405,0.22,2.8410387544831828,0.0023669657932765,54.82221221923828,239.84002685546875,162.6919403076172
2018-06-29,1.99,,-0.543,0.74,113.2586,0.22,2.8410387544831828,0.0023583472069454,54.693626403808594,240.18533325195312,163.1291046142578
2018-07-02,1.97,,-0.543,0.73,114.1673,0.05,3.2543243815604805,0.0023644941463014,54.74594497680664,240.69888305664065,164.22203063964844
2018-07-03,1.99,,-0.543,0.71,113.3222,0.05,3.2543243815604805,0.0023218280246051,54.75238800048828,239.84890747070312,162.3213348388672
2018-07-04,1.99,,-0.543,0.71,113.3222,0.05,3.2543243815604805,0.0023218280246051,54.75238800048828,239.84890747070312,162.3213348388672
2018-07-05,1.95,,-0.543,0.71,112.9759,0.05,3.2543243815604805,0.002238129151354,54.95903015136719,241.8056488037109,164.3360595703125
2018-07-06,1.96,,-0.544,0.7,112.6428,0.05,3.2543243815604805,0.0022426850468422,55.10111618041992,243.85089111328125,166.89254760742188
2018-07-09,1.93,,-0.544,0.73,112.6425,0.05,3.2543243815604805,0.0022565774117643,55.18502426147461,246.04649353027344,168.39405822753906
2018-07-10,1.91,,-0.544,0.74,112.5794,0.05,3.2543243815604805,0.0022559418745186,55.19147872924805,246.9319000244141,168.5176544189453
2018-07-11,1.91,,-0.544,0.74,112.8582,0.05,3.2543243815604805,0.0021994688577556,55.107540130615234,245.12576293945312,167.66236877441406
2018-07-12,1.9,,-0.544,0.75,112.779,0.05,3.2543243815604805,0.0022232930823023,55.28190231323242,247.3480224609375,170.55140686035156
2018-07-13,1.9,,-0.549,0.72,113.0705,0.05,3.2543243815604805,0.0022345918324314,55.28190231323242,247.5429077148437,170.69400024414062
2018-07-16,1.91,,-0.549,0.75,112.8437,0.05,3.2543243815604805,0.0022267991469571,55.24317169189453,247.32150268554688,170.2853240966797
2018-07-17,1.9,,-0.549,0.77,113.1504,0.05,3.2543243815604805,0.0022350494859342,55.26255035400391,248.322006225586,171.3211669921875
2018-07-18,1.89,,-0.549,0.79,113.3348,0.05,3.2543243815604805,0.0022441490531537,55.28837203979492,248.84434509277344,170.9980926513672
2018-07-19,1.9,,-0.549,0.75,113.9463,0.05,3.2543243815604805,0.0021973167989802,55.26255035400391,247.90586853027344,170.14276123046875
2018-07-20,1.91,,-0.557,0.78,113.3213,0.05,3.2543243815604805,0.0022334282647404,55.28837203979492,247.6224822998047,170.10479736328125
2018-07-23,1.91,,-0.557,0.85,113.4246,0.05,3.2543243815604805,0.0022361111017613,55.26901626586914,248.0829467773437,170.64642333984375
2018-07-24,1.88,,-0.557,0.84,113.2045,0.05,3.2543243815604805,0.0022877685239501,55.385231018066406,249.33126831054688,171.34971618652344
2018-07-25,1.87,,-0.557,0.81,112.9221,0.05,3.2543243815604805,0.0022787071127541,55.48856735229492,251.45626831054688,173.74456787109375
2018-07-26,1.85,,-0.557,0.87,112.9179,0.05,3.2543243815604805,0.0022884189905155,55.49499130249024,250.863021850586,171.11215209960938
2018-07-27,1.84,,-0.566,0.84,112.8125,0.05,3.2543243815604805,0.0022799770655128,55.47563552856445,249.16323852539065,168.80271911621094
2018-07-30,1.84,,-0.566,0.85,112.6044,0.05,3.2543243815604805,0.0022754441437512,55.49499130249024,247.861557006836,166.41738891601562
2018-07-31,1.83,,-0.566,0.84,112.7299,0.05,3.2543243815604805,0.0023036692965644,55.61122894287109,249.0834197998047,167.6907958984375
2018-08-01,1.83,,-0.566,0.87,112.8899,0.3,4.353587280888749,0.0022456686429673,55.66115951538086,248.66729736328125,168.3275909423828
2018-08-02,1.84,,-0.566,0.86,113.1679,0.3,4.353587280888749,0.0022526020593819,55.69359588623047,250.0218963623047,170.61795043945312
2018-08-03,1.84,,-0.575,0.83,113.012,0.3,4.353587280888749,0.0022677483902743,55.73897933959961,251.0932159423828,171.14060974121094
2018-08-06,1.82,,-0.575,0.83,113.229,0.3,4.353587280888749,0.0022513652251331,55.842769622802734,252.0140686035156,172.14801025390625
2018-08-07,1.82,,-0.575,0.85,112.9759,0.3,4.353587280888749,0.0022660383534893,55.86870956420898,252.8463287353516,172.77520751953125
2018-08-08,1.84,,-0.575,0.85,113.1411,0.3,4.353587280888749,0.0022600198156633,55.83625030517578,252.7400360107422,172.984375
2018-08-09,1.85,,-0.575,0.82,113.3806,0.3,4.353587280888749,0.0022737024694207,55.797359466552734,252.39480590820312,172.8798065185547
2018-08-10,1.87,,-0.584,0.78,114.3005,0.3,4.353587280888749,0.0022562134682332,55.70008087158203,250.7036590576172,171.5587921142578
2018-08-13,1.91,,-0.584,0.78,114.851,0.3,4.353587280888749,0.0022848986586791,55.66115951538086,249.76516723632807,171.36874389648438
2018-08-14,1.9,,-0.584,0.8,114.658,0.3,4.353587280888749,0.0022426654786895,55.758419036865234,251.3588104248047,172.44259643554688
2018-08-15,1.9,,-0.584,0.78,115.1526,0.3,4.353587280888749,0.0021715498274298,55.66115951538086,249.4818420410156,170.3328857421875
2018-08-16,1.89,,-0.584,0.79,114.6416,0.3,4.353587280888749,0.0022219862495757,55.73249435424805,251.50048828125,170.89353942871094
2018-08-17,1.89,,-0.591,0.79,114.5339,0.3,4.353587280888749,0.0022307692615721,55.797359466552734,252.38584899902344,170.9315185546875
2018-08-20,1.89,,-0.591,0.75,114.3504,0.3,4.353587280888749,0.0022442702738358,55.82332611083984,252.9259185791016,170.77951049804688
2018-08-21,1.88,,-0.591,0.77,113.8604,0.3,4.353587280888749,0.0022551569248009,55.9076042175293,253.5191192626953,171.40673828125
2018-08-22,1.91,,-0.591,0.74,113.663,0.3,4.353587280888749,0.0022306276332666,55.927032470703125,253.3685913085937,172.07200622558594
2018-08-23,1.9,,-0.591,0.73,114.0932,0.3,4.353587280888749,0.0022346250329985,55.92058181762695,253.0322723388672,171.82493591308594
2018-08-24,1.9,,-0.596,0.73,113.5985,0.3,4.353587280888749,0.0022374200219641,56.01786422729492,254.5550079345703,173.42149353027344
2018-08-27,1.89,,-0.596,0.74,113.2721,0.3,4.353587280888749,0.0022373862065393,56.03730392456055,256.5648803710937,175.1891326904297
2018-08-28,1.9,,-0.596,0.77,113.3444,0.3,4.353587280888749,0.002264369647418,56.0113410949707,256.6888427734375,175.44573974609375
2018-08-29,1.88,,-0.596,0.77,113.6461,0.3,4.353587280888749,0.0022490660943347,55.97891616821289,258.070068359375,177.47003173828125
2018-08-30,1.9,,-0.596,0.76,114.0899,0.3,4.353587280888749,0.0022463890211804,55.933555603027344,257.02520751953125,177.1563720703125
2018-08-31,1.92,,-0.6,0.78,114.2755,0.3,4.353587280888749,0.0022069481143605,56.00487518310547,257.0341186523437,177.3844757080078
2018-09-03,1.92,,-0.6,0.78,114.2755,0.02,4.313826088176409,0.0022069481143605,56.00487518310547,257.0341186523437,177.3844757080078
2018-09-04,1.94,,-0.6,0.8,114.8584,0.02,4.313826088176409,0.0021660937488166,55.88829803466797,256.5914611816406,176.62423706054688
2018-09-05,1.95,,-0.6,0.81,114.7477,0.02,4.313826088176409,0.0021696375583062,55.82967376708984,255.90090942382807,174.34332275390625
2018-09-06,1.93,,-0.6,0.8,114.6479,0.02,4.313826088176409,0.0021859086241848,55.875267028808594,255.1305694580078,172.78477478027344
2018-09-07,1.93,,-0.602,0.84,114.5816,0.02,4.313826088176409,0.0021812164398677,55.816650390625,254.6347503662109,172.11956787109375
2018-09-10,1.92,,-0.602,0.84,114.6802,0.02,4.313826088176409,0.0021881811376988,55.9273796081543,255.07742309570312,172.69921875
2018-09-11,1.9,,-0.602,0.86,114.7051,0.02,4.313826088176409,0.0021783503750797,55.94039535522461,255.91856384277344,174.0297393798828
2018-09-12,1.89,,-0.602,0.85,114.2192,0.02,4.313826088176409,0.0022067735236022,56.07065200805664,255.98046875,173.5165252685547
2018-09-13,1.87,,-0.602,0.87,113.9268,0.02,4.313826088176409,0.0022167221281968,56.17486572265625,257.4945068359375,175.36972045898438
2018-09-14,1.88,,-0.603,0.89,114.0657,0.02,4.313826088176409,0.0021987448177577,56.22696304321289,257.5388488769531,174.85653686523438
2018-09-17,1.88,,-0.603,0.89,113.9158,0.02,4.313826088176409,0.0021951322883773,56.18790435791016,256.1752624511719,172.33810424804688
2018-09-18,1.88,,-0.603,0.92,113.7739,0.02,4.313826088176409,0.002266042599049,56.181396484375,257.5652770996094,173.7635955810547
2018-09-19,1.88,,-0.603,0.93,113.6532,0.02,4.313826088176409,0.0022542007554611,56.07715606689453,257.8397827148437,173.63058471679688
2018-09-20,1.85,,-0.603,0.92,113.4989,0.02,4.313826088176409,0.0022558448568062,56.155303955078125,259.9293212890625,175.55029296875
2018-09-21,1.83,,-0.6,0.92,113.5099,0.02,4.313826088176409,0.002371259024588,56.16834259033203,259.6918334960937,174.5904541015625
2018-09-24,1.84,,-0.6,0.92,113.5301,0.02,4.313826088176409,0.0023480362462194,56.14229965209961,258.82916259765625,175.07598876953125
2018-09-25,1.83,,-0.6,0.94,113.7202,0.02,4.313826088176409,0.0023362499475479,56.096710205078125,258.58892822265625,175.31405639648438
2018-09-26,1.84,,-0.6,0.92,113.6739,0.02,4.313826088176409,0.0023509212075366,56.155303955078125,257.81524658203125,175.43777465820312
2018-09-27,1.83,,-0.6,0.91,113.9784,0.02,4.313826088176409,0.0023382388467845,56.25954818725586,258.5356140136719,176.9230194091797
2018-09-28,1.84,,-0.596,0.91,113.8077,0.02,4.313826088176409,0.0023390683515503,56.298614501953125,258.5622863769531,176.88491821289062
2018-10-01,1.83,,-0.596,0.95,113.8235,-0.21,2.930867401734427,0.0023367871169055,56.461524963378906,259.4606018066406,177.24668884277344
2018-10-02,1.84,,-0.596,0.93,113.8954,-0.21,2.930867401734427,0.0023245176476572,56.41573715209961,259.3094787597656,176.8468017578125
2018-10-03,1.83,,-0.596,0.99,114.1569,-0.21,2.930867401734427,0.0023554200746495,56.265254974365234,259.4517517089844,177.03724670410156
2018-10-04,1.84,,-0.596,1.03,114.6867,-0.21,2.930867401734427,0.0023095558116233,56.05587768554688,257.423828125,173.6383819580078
2018-10-05,1.85,,-0.589,1.07,114.561,-0.21,2.930867401734427,0.0022902098229665,55.80726623535156,255.9830780029297,171.5152130126953
2018-10-08,1.85,,-0.589,1.07,114.561,-0.21,2.930867401734427,0.0023260723215569,55.68296432495117,255.9830780029297,170.4679718017578
2018-10-09,1.84,,-0.589,1.04,114.6583,-0.21,2.930867401734427,0.0023542791368337,55.76800155639648,255.60955810546875,171.02015686035156
2018-10-10,1.86,,-0.589,1.06,114.6072,-0.21,2.930867401734427,0.002328260270513,55.368927001953125,247.51612854003903,163.49880981445312
2018-10-11,1.88,,-0.589,1.02,114.4074,-0.21,2.930867401734427,0.0022860645127384,55.41471481323242,242.0642242431641,161.470947265625
2018-10-12,1.88,,-0.58,1.03,114.3691,-0.21,2.930867401734427,0.0022929152276604,55.70914077758789,245.42605590820312,165.96470642089844
2018-10-15,1.89,,-0.58,1.03,114.045,-0.21,2.930867401734427,0.0022672047291246,55.669883728027344,244.0475006103516,163.95582580566406
2018-10-16,1.88,,-0.58,1.03,113.8963,-0.21,2.930867401734427,0.0022573941452477,55.8596076965332,249.3838806152344,168.7257537841797
2018-10-17,1.88,,-0.58,1.06,114.1755,-0.21,2.930867401734427,0.0022611751821154,55.74839401245117,249.4282989501953,168.7923126220703
2018-10-18,1.92,,-0.58,1.07,114.8164,-0.21,2.930867401734427,0.0022319608253699,55.51286315917969,245.8263092041016,164.87933349609375
2018-10-19,1.92,,-0.569,1.09,114.8567,-0.21,2.930867401734427,0.0022590384209269,55.54558944702149,245.69293212890625,164.7270050048828
2018-10-22,1.92,,-0.569,1.09,115.1782,-0.21,2.930867401734427,0.0022715362269431,55.57175064086914,244.5901031494141,165.57437133789062
2018-10-23,1.96,,-0.569,1.08,115.1651,-0.21,2.930867401734427,0.0022271768482606,55.5193977355957,243.34494018554688,164.96502685546875
2018-10-24,1.99,,-0.569,1.03,115.3755,-0.21,2.930867401734427,0.0022369277618779,55.24460983276367,235.9719390869141,157.4151153564453
2018-10-25,1.98,,-0.569,1.09,115.4831,-0.21,2.930867401734427,0.0022361892143139,55.35586929321289,240.20535278320312,162.86093139648438
2018-10-26,2.02,,-0.555,1.02,115.473,-0.21,2.930867401734427,0.002226369134311,55.10724639892578,235.9807891845703,158.67181396484375
2018-10-29,2.02,,-0.555,1.02,115.8936,-0.21,2.930867401734427,0.0022364231263826,55.05488967895508,234.6733856201172,155.40623474121094
2018-10-30,2.03,,-0.555,1.07,116.2357,-0.21,2.930867401734427,0.002178145067879,55.18572235107422,238.15089416503903,157.96730041503906
2018-10-31,2.03,,-0.555,1.1,116.5281,-0.21,2.930867401734427,0.0021970634028651,55.18572235107422,240.6945343017578,161.6803436279297
2018-11-01,2.04,,-0.555,1.12,115.8657,0.01,2.7666629800210174,0.0022018607766111,55.43886947631836,243.2559814453125,163.81297302246094
2018-11-02,2.02,,-0.54,1.16,115.643,0.01,2.7666629800210174,0.0022771954811126,55.40600204467773,241.815170288086,161.26148986816406
2018-11-05,2.02,,-0.54,1.14,115.703,0.01,2.7666629800210174,0.0022406082036075,55.45202255249024,243.14926147460932,160.86160278320312
2018-11-06,1.98,,-0.54,1.15,115.5622,0.01,2.7666629800210174,0.0022311651200279,55.59669494628906,244.6879119873047,162.0802001953125
2018-11-07,1.96,,-0.54,1.15,115.2519,0.01,2.7666629800210174,0.0022447399827327,55.91886520385742,249.92642211914065,167.1642608642578
2018-11-08,1.96,,-0.54,1.17,115.6478,0.01,2.7666629800210174,0.0022381224416667,55.78075408935547,249.4727935791016,166.0979766845703
2018-11-09,1.98,,-0.525,1.15,116.4778,0.01,2.7666629800210174,0.0022268733571885,55.46516799926758,247.0359344482422,163.29888916015625
2018-11-12,1.98,,-0.525,1.15,116.4778,0.01,2.7666629800210174,0.0022292515312136,55.123294830322266,242.419921875,158.357666015625
2018-11-13,2.04,,-0.525,1.12,116.6694,0.01,2.7666629800210174,0.0022406605617468,55.03125762939453,241.96636962890625,158.49098205566406
2018-11-14,2.09,,-0.525,1.12,116.498,0.01,2.7666629800210174,0.0022431492835683,54.92602157592773,240.3121490478516,157.28182983398438
2018-11-15,2.13,,-0.525,1.11,116.3861,0.01,2.7666629800210174,0.002266655641328,54.912872314453125,242.8201446533203,160.03329467773438
2018-11-16,2.13,,-0.506,1.06,115.9258,0.01,2.7666629800210174,0.0022968543485147,54.74850845336914,243.45162963867188,159.47157287597656
2018-11-19,2.16,,-0.506,1.07,115.9859,0.01,2.7666629800210174,0.0022929442882649,54.57758331298828,239.33384704589844,154.2923126220703
2018-11-20,2.17,,-0.506,1.09,116.2367,0.01,2.7666629800210174,0.0022694831798074,54.40660858154297,234.90460205078125,151.5312957763672
2018-11-21,2.17,,-0.506,1.09,116.092,0.01,2.7666629800210174,0.0022797356838133,54.68276977539063,235.705078125,152.68328857421875
2018-11-22,2.17,,-0.506,1.09,116.092,0.01,2.7666629800210174,0.0022797356838133,54.68276977539063,235.705078125,152.68328857421875
2018-11-23,2.18,,-0.485,1.09,116.4713,0.01,2.7666629800210174,0.0022690417237402,54.38032913208008,234.13088989257807,151.5789337158203
2018-11-26,2.16,,-0.485,1.11,116.6208,0.01,2.7666629800210174,0.0022606951397866,54.636756896972656,237.9107360839844,155.08251953125
2018-11-27,2.2,,-0.485,1.15,116.9001,0.01,2.7666629800210174,0.0022378633678814,54.610450744628906,238.7112274169922,155.60617065429688
2018-11-28,2.22,,-0.485,1.12,116.8343,0.01,2.7666629800210174,0.0022891763123682,55.064109802246094,244.20767211914065,160.61404418945312
2018-11-29,2.26,,-0.485,1.05,116.1961,0.01,2.7666629800210174,0.0022694225731182,55.0772819519043,243.674057006836,160.09039306640625
2018-11-30,2.27,,-0.466,1.04,116.413,0.01,2.7666629800210174,0.0022762662066178,54.9654655456543,245.15921020507807,161.251953125
2018-12-03,2.26,,-0.466,1.02,115.9057,-0.13,2.5912536810940523,0.0022688223787703,55.34589385986328,248.40554809570312,164.070068359375
2018-12-04,2.25,,-0.466,0.97,116.0028,-0.13,2.5912536810940523,0.0022145678533441,55.00246047973633,240.35659790039065,157.77688598632812
2018-12-05,2.25,,-0.466,0.97,116.0028,-0.13,2.5912536810940523,0.0022145678533441,55.00246047973633,240.35659790039065,157.77688598632812
2018-12-06,2.29,,-0.466,0.97,116.3991,-0.13,2.5912536810940523,0.0022134722779557,54.81094741821289,239.991943359375,158.8907928466797
2018-12-07,2.31,,-0.447,0.96,116.0847,-0.13,2.5912536810940523,0.0022116617141895,54.70525741577149,234.4154815673828,153.6449432373047
2018-12-10,2.31,,-0.447,0.99,116.6746,-0.13,2.5912536810940523,0.0021858165197715,54.74489974975586,234.86019897460932,155.2539520263672
2018-12-11,2.26,,-0.447,1.06,116.7564,-0.13,2.5912536810940523,0.0022272324487069,54.843971252441406,234.9135131835937,155.76797485351562
2018-12-12,2.24,,-0.447,1.08,116.2214,-0.13,2.5912536810940523,0.0022247669843537,55.02228164672852,236.096435546875,157.13897705078125
2018-12-13,2.25,,-0.447,1.08,116.3974,-0.13,2.5912536810940523,0.0022229823418586,55.15437316894531,236.016357421875,157.18658447265625
2018-12-14,2.25,,-0.435,1.07,116.79,-0.13,2.5912536810940523,0.0022316086937943,54.9232177734375,231.6583709716797,153.35931396484375
2018-12-17,2.25,,-0.435,1.05,116.4532,-0.13,2.5912536810940523,0.0022069905139483,54.56657409667969,227.11361694335932,149.88426208496094
2018-12-18,2.26,,-0.435,1.01,116.4127,-0.13,2.5912536810940523,0.0021381685144231,54.46771240234375,226.8646240234375,150.82675170898438
2018-12-19,2.27,,-0.435,0.97,116.0676,-0.13,2.5912536810940523,0.0021735484170246,53.97663497924805,223.4671173095703,147.1232452392578
2018-12-20,2.28,,-0.435,1.03,116.0183,-0.13,2.5912536810940523,0.0021383348804452,53.50546646118164,219.8295288085937,144.99063110351562
2018-12-21,2.31,,-0.429,1.02,116.2227,-0.13,2.5912536810940523,0.0021363054974842,53.24003601074219,215.32537841796875,140.49685668945312
2018-12-24,2.35,,-0.429,0.99,116.2182,-0.13,2.5912536810940523,0.0021053254016522,52.84190368652344,209.63584899902344,137.01278686523438
2018-12-25,2.35,,-0.429,0.99,116.2182,-0.13,2.5912536810940523,0.0021053254016522,52.84190368652344,209.63584899902344,137.01278686523438
2018-12-26,2.33,,-0.429,1.04,116.1162,-0.13,2.5912536810940523,0.0021340214407875,53.731082916259766,220.2276153564453,145.56776428222656
2018-12-27,2.36,,-0.429,1.03,115.9927,-0.13,2.5912536810940523,0.0020883895068514,53.69793701171875,221.9183959960937,146.13107299804688
2018-12-28,2.44,,-0.433,0.99,115.7232,-0.13,2.5912536810940523,0.0020931321585405,53.77754211425781,221.6321563720703,146.05470275878906
2018-12-31,2.45,,-0.433,0.98,115.5674,-0.13,2.5912536810940523,0.002055855370881,53.8173828125,223.5733337402344,147.28634643554688
2019-01-01,2.45,,-0.433,0.98,115.5674,-0.36,1.9116422323518512,0.002055855370881,53.8173828125,223.5733337402344,147.28634643554688
2019-01-02,2.45,,-0.433,0.96,115.7689,-0.36,1.9116422323518512,0.0020491803278688,53.74436950683594,223.8059539794922,147.87835693359375
2019-01-03,2.48,,-0.433,0.88,115.4622,-0.36,1.9116422323518512,0.0019898589563725,53.77094650268555,218.4653167724609,143.04710388183594
2019-01-04,2.45,,-0.446,0.91,114.9821,-0.36,1.9116422323518512,0.0020671241035178,54.67342758178711,225.78298950195312,149.16729736328125
2019-01-07,2.42,,-0.446,0.92,114.5628,-0.36,1.9116422323518512,0.0020523779392377,55.20427703857422,227.563217163086,150.94320678710938
2019-01-08,2.39,,-0.446,0.91,114.7281,-0.36,1.9116422323518512,0.0020733324118048,55.56262969970703,229.7012176513672,152.30857849121094
2019-01-09,2.39,,-0.446,0.91,114.1406,-0.36,1.9116422323518512,0.0020646861398103,55.62901306152344,230.7747344970703,153.54978942871094
2019-01-10,2.42,,-0.446,0.93,114.0496,-0.36,1.9116422323518512,0.002057678983512,55.847991943359375,231.5887908935547,153.98899841308594
2019-01-11,2.42,,-0.466,0.88,114.0404,-0.36,1.9116422323518512,0.0020740425477191,55.66878128051758,231.6782684326172,153.42568969726562
2019-01-14,2.46,,-0.466,0.9,114.0404,-0.36,1.9116422323518512,0.0020522069620584,55.4896240234375,230.2648162841797,152.0699005126953
2019-01-15,2.46,,-0.466,0.91,114.3402,-0.36,1.9116422323518512,0.0020607216294114,55.67543029785156,232.90383911132807,155.0393524169922
2019-01-16,2.45,,-0.466,0.91,114.137,-0.36,1.9116422323518512,0.0020853980279302,55.76167678833008,233.4673614501953,155.01068115234375
2019-01-17,2.43,,-0.466,0.96,114.4115,-0.36,1.9116422323518512,0.0020914020508781,55.91431427001953,235.2386474609375,156.23280334472656
2019-01-18,2.38,,-0.489,0.96,114.558,-0.36,1.9116422323518512,0.0021392334602378,56.0735969543457,238.36973571777344,157.779541015625
2019-01-21,2.38,,-0.489,0.96,114.558,-0.36,1.9116422323518512,0.0021392334602378,56.0735969543457,238.36973571777344,157.779541015625
2019-01-22,2.38,,-0.489,0.95,114.7541,-0.36,1.9116422323518512,0.002096686075073,55.70198059082031,235.1491851806641,154.61915588378906
2019-01-23,2.37,,-0.489,0.96,114.5759,-0.36,1.9116422323518512,0.0020996025695439,55.81476593017578,235.64122009277344,154.81967163085938
2019-01-24,2.37,,-0.489,0.95,114.617,-0.36,1.9116422323518512,0.0020901415933578,55.87449264526367,235.7664794921875,155.82220458984375
2019-01-25,2.34,,-0.513,0.97,114.0197,-0.36,1.9116422323518512,0.0021103744909463,56.01387786865234,237.76138305664065,157.68402099609375
2019-01-28,2.36,,-0.513,0.97,114.0522,-0.36,1.9116422323518512,0.0020634981185669,55.92760848999024,235.9544219970703,155.7362518310547
2019-01-29,2.36,,-0.513,0.94,114.026,-0.36,1.9116422323518512,0.0020883658572883,55.89443206787109,235.64122009277344,154.26588439941406
2019-01-30,2.37,,-0.513,0.86,114.0731,-0.36,1.9116422323518512,0.0021169554547857,56.33902740478516,239.37161254882807,158.1901092529297
2019-01-31,2.38,,-0.513,0.78,113.5504,-0.36,1.9116422323518512,0.0021133592009726,56.47837066650391,241.47393798828125,160.55799865722656
2019-02-01,2.31,,-0.536,0.82,113.7548,-0.41,1.1096417703535089,0.0021072215384019,56.45104217529297,241.59017944335932,159.8800811767578
2019-02-04,2.3,,-0.536,0.86,113.8766,-0.41,1.1096417703535089,0.0021266072985282,56.58435821533203,243.2899169921875,161.8660430908203
2019-02-05,2.27,,-0.536,0.84,114.0431,-0.41,1.1096417703535089,0.0021435093721849,56.78433990478516,244.30967712402344,163.29820251464844
2019-02-06,2.28,,-0.536,0.84,114.2305,-0.41,1.1096417703535089,0.0021653302801888,56.7310676574707,243.9877014160156,162.81130981445312
2019-02-07,2.31,,-0.536,0.81,114.4339,-0.41,1.1096417703535089,0.0021601496713661,56.5377082824707,241.66177368164065,160.6248321533203
2019-02-08,2.3,,-0.556,0.81,114.5003,-0.41,1.1096417703535089,0.0021389967627485,56.524375915527344,241.95700073242188,160.93994140625
2019-02-11,2.3,,-0.556,0.83,115.031,-0.41,1.1096417703535089,0.0021358072620908,56.55104446411133,242.09109497070312,160.78713989257812
2019-02-12,2.3,,-0.556,0.85,114.7297,-0.41,1.1096417703535089,0.0021192331169161,56.82436752319336,245.20431518554688,163.1645965576172
2019-02-13,2.27,,-0.556,0.85,114.9407,-0.41,1.1096417703535089,0.0021162647437403,56.74437713623047,246.0004730224609,163.27915954589844
2019-02-14,2.3,,-0.556,0.81,115.1007,-0.41,1.1096417703535089,0.0021194074816013,56.75102233886719,245.4547271728516,163.47962951660156
2019-02-15,2.28,,-0.573,0.8,114.9923,-0.41,1.1096417703535089,0.0021261664983272,56.931034088134766,248.1295318603516,164.1671142578125
2019-02-18,2.28,,-0.573,0.8,114.9923,-0.41,1.1096417703535089,0.0021261664983272,56.931034088134766,248.1295318603516,164.1671142578125
2019-02-19,2.28,,-0.573,0.78,114.57,-0.41,1.1096417703535089,0.0021502127141388,56.95104598999024,248.5589904785156,164.49172973632812
2019-02-20,2.23,,-0.573,0.76,114.57,-0.41,1.1096417703535089,0.0021811955335766,56.99770736694336,249.0599670410156,164.46307373046875
2019-02-21,2.23,,-0.573,0.78,114.5091,-0.41,1.1096417703535089,0.002193048669565,56.94435119628906,248.1743927001953,163.8616180419922
2019-02-22,2.25,,-0.586,0.74,114.2716,-0.41,1.1096417703535089,0.0022276557887751,57.05768585205078,249.71292114257807,165.07412719726562
2019-02-25,2.23,,-0.586,0.75,114.1457,-0.41,1.1096417703535089,0.0022249038338975,57.10435104370117,250.0529022216797,165.67567443847656
2019-02-26,2.24,,-0.586,0.72,114.0687,-0.41,1.1096417703535089,0.0022217191607903,57.17766189575195,249.8740081787109,165.8475341796875
2019-02-27,2.25,,-0.586,0.76,114.0363,-0.41,1.1096417703535089,0.0022455795858493,57.19767761230469,249.76666259765625,165.74252319335938
2019-02-28,2.22,,-0.586,0.78,114.1991,-0.41,1.1096417703535089,0.0022471053762658,57.16435241699219,249.30145263671875,165.360595703125
2019-03-01,2.22,,-0.594,0.8,114.537,-0.1,0.6545559146318158,0.0022628046870211,57.326393127441406,250.85806274414065,166.50631713867188
2019-03-04,2.22,,-0.594,0.78,114.6925,-0.1,0.6545559146318158,0.0022657222156915,57.2393684387207,249.9456024169922,166.5349884033203
2019-03-05,2.22,,-0.594,0.79,114.804,-0.1,0.6545559146318158,0.0022901716916683,57.21255111694336,249.60565185546875,166.6591033935547
2019-03-06,2.25,,-0.594,0.78,114.9714,-0.1,0.6545559146318158,0.0022713829022807,57.11881256103516,248.09376525878903,165.7138671875
2019-03-07,2.25,,-0.594,0.74,115.4919,-0.1,0.6545559146318158,0.0022678765122103,57.078643798828125,246.01837158203125,163.68016052246094
2019-03-08,2.27,,-0.599,0.72,115.3599,-0.1,0.6545559146318158,0.0022313030481154,56.984901428222656,245.5263671875,163.43190002441406
2019-03-11,2.27,,-0.599,0.73,115.2967,-0.1,0.6545559146318158,0.0022501551718626,57.17238998413086,249.0868377685547,166.83099365234375
2019-03-12,2.25,,-0.599,0.71,114.939,-0.1,0.6545559146318158,0.0022583506127175,57.27285385131836,250.02603149414065,167.74757385253906
2019-03-13,2.26,,-0.599,0.69,114.7372,-0.1,0.6545559146318158,0.0022435946856584,57.42686080932617,251.6811065673828,169.0078887939453
2019-03-14,2.27,,-0.599,0.69,114.79,-0.1,0.6545559146318158,0.0022332611107789,57.386661529541016,251.5200653076172,168.72145080566406
2019-03-15,2.28,,-0.603,0.65,114.5815,-0.1,0.6545559146318158,0.002230373307116,57.44023132324219,252.7626495361328,170.2873077392578
2019-03-18,2.27,,-0.603,0.64,114.4375,-0.1,0.6545559146318158,0.0022329462209321,57.42013168334961,253.6791839599609,170.6929168701172
2019-03-19,2.27,,-0.603,0.66,114.2324,-0.1,0.6545559146318158,0.0022371648371904,57.4536247253418,253.74203491210932,171.266845703125
2019-03-20,2.29,,-0.603,0.58,114.1509,-0.1,0.6545559146318158,0.002241830008161,57.70139694213867,252.97836303710932,171.94595336914062
2019-03-21,2.28,,-0.603,0.58,114.1684,-0.1,0.6545559146318158,0.0022203507767974,57.68799209594727,255.83566284179688,174.63380432128906
2019-03-22,2.3,,-0.607,0.54,114.6856,-0.1,0.6545559146318158,0.0021622446008363,57.48038101196289,250.9117889404297,170.79811096191406
2019-03-25,2.28,,-0.607,0.55,114.4171,-0.1,0.6545559146318158,0.0021556092656365,57.460296630859375,250.7230224609375,170.47288513183594
2019-03-26,2.3,,-0.607,0.55,114.6414,-0.1,0.6545559146318158,0.0021688351220508,57.6009407043457,252.59197998046875,171.266845703125
2019-03-27,2.28,,-0.607,0.55,115.1243,-0.1,0.6545559146318158,0.002181845932351,57.641109466552734,251.27117919921875,170.16685485839844
2019-03-28,2.27,,-0.607,0.56,115.2581,-0.1,0.6545559146318158,0.0022239881265969,57.75495910644531,252.2235870361328,170.55897521972656
2019-03-29,2.26,,-0.61,0.53,115.1371,-0.1,0.6545559146318158,0.002270688405815,57.902286529541016,253.8140106201172,171.85028076171875
2019-04-01,2.24,,-0.61,0.59,114.9362,-0.51,-1.0247462328067725,0.0022667649679551,57.88809967041016,256.823974609375,174.1268310546875
2019-04-02,2.24,,-0.61,0.58,115.1173,-0.51,-1.0247462328067725,0.0022511628247046,57.9150505065918,256.94976806640625,174.78683471679688
2019-04-03,2.23,,-0.61,0.61,114.7211,-0.51,-1.0247462328067725,0.0022842856090966,57.93521499633789,257.3541564941406,175.7912139892578
2019-04-04,2.22,,-0.61,0.61,114.9697,-0.51,-1.0247462328067725,0.0022564002762847,58.02265167236328,258.0369567871094,175.7242431640625
2019-04-05,2.22,,-0.614,0.6,114.9726,-0.51,-1.0247462328067725,0.0022415529052856,58.130279541015625,259.285888671875,176.6329803466797
2019-04-08,2.21,,-0.614,0.61,114.6893,-0.51,-1.0247462328067725,0.0022584998520823,58.09666442871094,259.4836120605469,177.08255004882812
2019-04-09,2.19,,-0.614,0.6,114.5321,-0.51,-1.0247462328067725,0.0022489451154877,58.05628967285156,258.1538391113281,176.46075439453125
2019-04-10,2.21,,-0.614,0.54,114.4269,-0.51,-1.0247462328067725,0.0022324497361538,58.3118782043457,259.0343933105469,177.40774536132812
2019-04-11,2.2,,-0.614,0.57,114.6303,-0.51,-1.0247462328067725,0.0022396398980775,58.39931488037109,258.9625549316406,176.9868621826172
2019-04-12,2.15,,-0.617,0.61,114.3531,-0.51,-1.0247462328067725,0.0022826593482962,58.48677062988281,260.71466064453125,177.75209045410156
2019-04-15,2.15,,-0.617,0.61,114.495,-0.51,-1.0247462328067725,0.0022800745290076,58.44637298583984,260.5438537597656,177.78082275390625
2019-04-16,2.12,,-0.617,0.64,114.6756,-0.51,-1.0247462328067725,0.0023027660590424,58.412742614746094,260.71466064453125,178.3929901123047
2019-04-17,2.13,,-0.617,0.65,114.5141,-0.51,-1.0247462328067725,0.0023388619879058,58.2715072631836,260.07666015625,179.0146942138672
2019-04-18,2.12,,-0.617,0.62,114.7073,-0.51,-1.0247462328067725,0.002301674623275,58.29843521118164,260.5887451171875,179.2442626953125
2019-04-19,2.12,,-0.619,0.62,114.6977,-0.51,-1.0247462328067725,0.002301674623275,58.29843521118164,260.5887451171875,179.2442626953125
2019-04-22,2.14,,-0.619,0.64,114.7694,-0.51,-1.0247462328067725,0.0022822929729795,58.19755172729492,260.8134155273437,179.75125122070312
2019-04-23,2.14,,-0.619,0.62,115.1578,-0.51,-1.0247462328067725,0.0022835419949315,58.39931488037109,263.15850830078125,182.03732299804688
2019-04-24,2.14,,-0.619,0.57,115.4187,-0.51,-1.0247462328067725,0.0022873383136601,58.31857681274414,262.5745544433594,181.4634552001953
2019-04-25,2.14,,-0.619,0.56,115.7709,-0.51,-1.0247462328067725,0.0022554475208427,58.345516204833984,262.41278076171875,182.1999664306641
2019-04-26,2.13,,-0.618,0.54,115.4767,-0.51,-1.0247462328067725,0.0023114639055008,58.49345779418945,263.6347961425781,182.3625946044922
2019-04-29,2.13,,-0.618,0.58,115.5227,-0.51,-1.0247462328067725,0.0022641952418306,58.46656036376953,264.048095703125,182.71649169921875
2019-04-30,2.14,,-0.618,0.56,115.3281,-0.51,-1.0247462328067725,0.0022618489836347,58.473262786865234,264.1828308105469,181.3008575439453
2019-05-01,2.11,,-0.618,0.59,115.0022,0.02,-0.0101560119684762,0.0021874511627068,58.28145217895508,262.1971740722656,180.71730041503903
2019-05-02,2.12,,-0.618,0.66,115.5617,0.02,-0.0101560119684762,0.002192643952866,58.32199478149414,261.631103515625,179.93295288085938
2019-05-03,2.11,,-0.615,0.63,115.2646,0.02,-0.0101560119684762,0.002208411628765,58.47057342529297,264.19189453125,182.80258178710932
2019-05-06,2.14,,-0.615,0.6,115.3811,0.02,-0.0101560119684762,0.0022134664908074,58.49762725830078,263.1046447753906,181.6834259033203
2019-05-07,2.17,,-0.615,0.58,115.6116,0.02,-0.0101560119684762,0.0021768600781882,58.14638137817383,258.7108764648437,178.144287109375
2019-05-08,2.17,,-0.615,0.62,115.5171,0.02,-0.0101560119684762,0.0021771924311684,58.1666259765625,258.3514709472656,177.69471740722656
2019-05-09,2.21,,-0.615,0.6,115.8421,0.02,-0.0101560119684762,0.0021686793581075,58.0788688659668,257.5697937011719,176.7381591796875
2019-05-10,2.2,,-0.608,0.59,115.5334,0.02,-0.0101560119684762,0.0021661353283028,58.2409553527832,258.8636474609375,176.95819091796875
2019-05-13,2.25,,-0.608,0.55,115.915,0.02,-0.0101560119684762,0.0020994539701325,57.70734786987305,252.35836791992188,170.81724548339844
2019-05-14,2.24,,-0.608,0.56,115.9425,0.02,-0.0101560119684762,0.0021120723213593,57.8357048034668,254.640625,172.6920623779297
2019-05-15,2.26,,-0.608,0.54,115.8565,0.02,-0.0101560119684762,0.0021241224107261,57.88972091674805,256.1321716308594,175.13121032714844
2019-05-16,2.24,,-0.608,0.56,116.0346,0.02,-0.0101560119684762,0.0021466926841884,58.06532669067383,258.5042724609375,176.89120483398438
2019-05-17,2.24,,-0.599,0.58,116.448,0.02,-0.0101560119684762,0.002156139589282,58.0450553894043,256.8329772949219,175.08335876464844
2019-05-20,2.24,,-0.599,0.6,116.3119,0.02,-0.0101560119684762,0.0021440326881746,57.99105072021485,255.13482666015625,172.12771606445312
2019-05-21,2.23,,-0.599,0.6,116.2844,0.02,-0.0101560119684762,0.0021411163626976,58.17342376708984,257.43505859375,173.9259490966797
2019-05-22,2.26,,-0.599,0.6,116.2412,0.02,-0.0101560119684762,0.0021089825378515,58.220680236816406,256.644287109375,173.15121459960938
2019-05-23,2.28,,-0.599,0.58,116.2368,0.02,-0.0101560119684762,0.0020909869009809,57.93027114868164,253.5083465576172,170.50157165527344
2019-05-24,2.31,,-0.591,0.56,116.0806,0.02,-0.0101560119684762,0.0021095090049927,57.84920501708984,254.0835876464844,170.41549682617188
2019-05-27,2.31,,-0.591,0.56,116.0806,0.02,-0.0101560119684762,0.0021095090049927,57.84920501708984,254.0835876464844,170.41549682617188
2019-05-28,2.32,,-0.591,0.53,116.3174,0.02,-0.0101560119684762,0.0021179005346062,57.795143127441406,251.72036743164065,169.77467346191406
2019-05-29,2.33,,-0.591,0.5,116.5535,0.02,-0.0101560119684762,0.0020869123426876,57.63982391357422,250.0312042236328,168.3781280517578
2019-05-30,2.33,,-0.591,0.48,116.3989,0.02,-0.0101560119684762,0.0020670500350059,57.76141357421875,250.7140045166016,169.08592224121094
2019-05-31,2.37,,-0.583,0.4,116.7273,0.02,-0.0101560119684762,0.0020263438577919,57.3426399230957,247.3355865478516,166.3885040283203
2019-06-03,2.42,,-0.583,0.34,116.4764,0.04,-0.7369328862962377,0.0020076359213572,57.43493270874024,246.70672607421875,162.72500610351562
2019-06-04,2.42,,-0.583,0.38,116.091,0.04,-0.7369328862962377,0.0020201753148817,58.01166534423828,252.06187438964844,167.3067626953125
2019-06-05,2.45,,-0.583,0.37,116.03,0.04,-0.7369328862962377,0.0019777158750974,58.14735412597656,254.2452087402344,168.55027770996094
2019-06-06,2.44,,-0.583,0.39,115.9771,0.04,-0.7369328862962377,0.0019841507867151,58.26948547363281,255.8985137939453,169.889404296875
2019-06-07,2.42,,-0.578,0.35,115.7368,0.04,-0.7369328862962377,0.0019613034401789,58.41874313354492,258.4592590332031,173.1703338623047
2019-06-10,2.39,,-0.578,0.42,115.5001,0.04,-0.7369328862962377,0.0020110214633703,58.5069580078125,259.6453857421875,175.18856811523438
2019-06-11,2.38,,-0.578,0.43,115.3794,0.04,-0.7369328862962377,0.0020171138923633,58.58837890625,259.5824279785156,175.4276885986328
2019-06-12,2.41,,-0.578,0.42,115.438,0.04,-0.7369328862962377,0.0019963960290946,58.45265579223633,259.1242370605469,174.41380310058594
2019-06-13,2.42,,-0.578,0.42,115.6275,0.04,-0.7369328862962377,0.0019870072508761,58.58837890625,260.19342041015625,175.44683837890625
2019-06-14,2.42,,-0.576,0.46,115.9057,0.04,-0.7369328862962377,0.0019658981230493,58.54767227172852,259.90594482421875,174.70074462890625
2019-06-17,2.41,,-0.576,0.48,115.9684,0.04,-0.7369328862962377,0.0019802794648401,58.45944213867188,260.0047607421875,175.75296020507812
2019-06-18,2.4,,-0.576,0.42,115.8797,0.04,-0.7369328862962377,0.0020102480812746,58.86655044555664,262.7272644042969,178.306884765625
2019-06-19,2.41,,-0.576,0.36,115.7889,0.04,-0.7369328862962377,0.0019965045573121,59.14473342895508,263.3204345703125,178.9764862060547
2019-06-20,2.38,,-0.576,0.27,114.8046,0.04,-0.7369328862962377,0.0019495298074178,59.44329833984375,265.8360900878906,180.640869140625
2019-06-21,2.35,,-0.576,0.34,114.8377,0.04,-0.7369328862962377,0.0019381178801604,59.25331115722656,265.4497375488281,180.3730010986328
2019-06-24,2.33,,-0.576,0.31,114.6559,0.04,-0.7369328862962377,0.0019129603295341,59.24651336669922,265.1247253417969,180.37872314453125
2019-06-25,2.34,,-0.576,0.33,114.6363,0.04,-0.7369328862962377,0.0019333522157564,58.9954833984375,262.5243835449219,177.28231811523438
2019-06-26,2.32,,-0.576,0.35,114.5608,0.04,-0.7369328862962377,0.0019205157357291,58.96830749511719,262.2624816894531,178.10675048828125
2019-06-27,2.31,,-0.576,0.33,114.665,0.04,-0.7369328862962377,0.0019259443683238,59.13117599487305,263.1925354003906,178.78741455078125
2019-06-28,2.31,,-0.578,0.31,114.5821,0.04,-0.7369328862962377,0.001919202653882,59.15152359008789,264.5468139648437,179.01747131347656
2019-07-01,2.29,,-0.578,0.34,114.7239,-0.36,-1.3774541767684445,0.001933819392472,59.16924285888672,266.948486328125,181.4332427978516
2019-07-02,2.29,,-0.578,0.33,114.8258,-0.36,-1.3774541767684445,0.001891997775026,59.2987174987793,267.64373779296875,182.1522674560547
2019-07-03,2.26,,-0.578,0.31,114.8135,-0.36,-1.3774541767684445,0.0018900332900356,59.52362823486328,269.7835388183594,183.52310180664065
2019-07-04,2.26,,-0.578,0.31,114.8135,-0.36,-1.3774541767684445,0.0018900332900356,59.52362823486328,269.7835388183594,183.52310180664065
2019-07-05,2.26,,-0.582,0.35,115.1132,-0.36,-1.3774541767684445,0.0019034152280884,59.28508758544922,269.4765319824219,183.14920043945312
2019-07-08,2.23,,-0.582,0.35,115.0254,-0.36,-1.3774541767684445,0.001901216820981,59.16924285888672,267.9959716796875,181.86463928222656
2019-07-09,2.22,,-0.582,0.36,115.1017,-0.36,-1.3774541767684445,0.0018779964481142,59.1010971069336,268.32989501953125,182.77536010742188
2019-07-10,2.25,,-0.582,0.33,115.0879,-0.36,-1.3774541767684445,0.0019097937201809,59.26466751098633,269.6119384765625,184.5968017578125
2019-07-11,2.25,,-0.582,0.36,114.8361,-0.36,-1.3774541767684445,0.0019102042243732,59.14881896972656,270.244140625,184.4625396728516
2019-07-12,2.25,,-0.584,0.35,114.7685,-0.36,-1.3774541767684445,0.0019090005687602,59.24422454833984,271.4538879394531,185.52664184570312
2019-07-15,2.25,,-0.584,0.32,114.6819,-0.36,-1.3774541767684445,0.0019183080162199,59.28508758544922,271.544189453125,186.1210479736328
2019-07-16,2.23,,-0.584,0.33,115.0111,-0.36,-1.3774541767684445,0.001911368248148,59.16241836547852,270.6683959960937,185.16238403320312
2019-07-17,2.24,,-0.584,0.31,114.8819,-0.36,-1.3774541767684445,0.0019067050904426,59.08742141723633,268.82647705078125,184.25164794921875
2019-07-18,2.27,,-0.584,0.25,114.8744,-0.36,-1.3774541767684445,0.0018960802485634,59.11473083496094,269.81060791015625,184.4625396728516
2019-07-19,2.26,,-0.584,0.25,114.8695,-0.36,-1.3774541767684445,0.0019258297444502,59.012489318847656,268.3118896484375,183.11085510253903
2019-07-22,2.24,,-0.584,0.26,115.0018,-0.36,-1.3774541767684445,0.0019045112309094,59.21014022827149,268.9710693359375,184.56802368164065
2019-07-23,2.23,,-0.584,0.27,115.2995,-0.36,-1.3774541767684445,0.001897049540199,59.31237411499024,270.8941955566406,185.77593994140625
2019-07-24,2.15,,-0.584,0.26,115.2436,-0.36,-1.3774541767684445,0.0019004778629382,59.360084533691406,272.1672668457031,187.0796661376953
2019-07-25,2.14,,-0.584,0.28,115.2982,-0.36,-1.3774541767684445,0.0019064289203334,59.27827835083008,270.86700439453125,185.30615234375
2019-07-26,2.13,,-0.581,0.3,115.5449,-0.36,-1.3774541767684445,0.0018868523665956,59.40777969360352,272.6819152832031,187.2138671875
2019-07-29,2.13,,-0.581,0.29,115.5885,-0.36,-1.3774541767684445,0.0019086363207834,59.31921005249024,272.18524169921875,186.5716094970703
2019-07-30,2.14,,-0.581,0.28,115.6211,-0.36,-1.3774541767684445,0.0018678744710492,59.346435546875,271.5172119140625,185.766342163086
2019-07-31,2.13,,-0.581,0.26,115.4946,-0.36,-1.3774541767684445,0.0018638244427979,59.24422454833984,268.5466613769531,183.1971740722656
2019-08-01,2.17,,-0.581,0.2,116.0499,0.17,-1.3396749291328724,0.001872052952443,59.21477127075195,266.20806884765625,182.28643798828125
2019-08-02,2.18,,-0.573,0.2,116.1864,0.17,-1.3396749291328724,0.0017743498205171,59.12580490112305,264.2037048339844,179.60226440429688
2019-08-05,2.24,,-0.573,0.15,116.5851,0.17,-1.3396749291328724,0.0017322135621757,58.509864807128906,256.2583312988281,173.25599670410156
2019-08-06,2.25,,-0.573,0.11,116.6904,0.17,-1.3396749291328724,0.0017325455555264,58.886268615722656,259.8517761230469,175.68133544921875
2019-08-07,2.23,,-0.573,0.09,116.7987,0.17,-1.3396749291328724,0.0017017182870886,58.8794174194336,260.00537109375,176.6304473876953
2019-08-08,2.25,,-0.573,0.07,116.474,0.17,-1.3396749291328724,0.0017373306289131,59.11211013793945,265.10662841796875,180.474609375
2019-08-09,2.23,,-0.561,0.08,116.4419,0.17,-1.3396749291328724,0.0017265803506475,59.02998352050781,263.30078125,178.77781677246094
2019-08-12,2.23,,-0.561,0.04,116.7548,0.17,-1.3396749291328724,0.0017139439580265,58.82467651367188,260.0956115722656,176.72628784179688
2019-08-13,2.22,,-0.561,0.05,116.7267,0.17,-1.3396749291328724,0.0017471043280172,59.08473205566406,264.1405334472656,180.5992431640625
2019-08-14,2.23,,-0.561,0.02,117.0913,0.17,-1.3396749291328724,0.0017062470398916,58.55775833129883,256.3305053710937,175.20204162597656
2019-08-15,2.27,,-0.561,-0.02,117.2239,0.17,-1.3396749291328724,0.0017040668544433,58.72884368896485,257.0077209472656,175.0007781982422
2019-08-16,2.26,,-0.55,0.01,117.0786,0.17,-1.3396749291328724,0.0017123966374673,58.92731094360352,260.7998046875,177.80960083007812
2019-08-19,2.29,,-0.55,0.04,117.3886,0.17,-1.3396749291328724,0.0017308716618195,59.09843444824219,263.9418640136719,180.63755798339844
2019-08-20,2.3,,-0.55,0.02,117.3726,0.17,-1.3396749291328724,0.0017107536378511,59.14634323120117,261.91943359375,179.2379608154297
2019-08-21,2.25,,-0.55,0.05,117.1764,0.17,-1.3396749291328724,0.0017157384655681,59.39957809448242,264.0503234863281,180.829345703125
2019-08-22,2.25,,-0.55,0.07,117.3558,0.17,-1.3396749291328724,0.0017054029611873,59.50907516479492,263.9689636230469,180.2445526123047
2019-08-23,2.27,,-0.539,-0.02,117.3009,0.17,-1.3396749291328724,0.0016546574500753,59.23529815673828,257.1883239746094,174.54058837890625
2019-08-26,2.27,,-0.539,0.0,117.6658,0.17,-1.3396749291328724,0.0016641550682011,59.52962112426758,260.0323791503906,177.17686462402344
2019-08-27,2.26,,-0.539,-0.06,117.75,0.17,-1.3396749291328724,0.0016505515552201,59.50224304199219,259.0120849609375,176.802978515625
2019-08-28,2.26,,-0.539,-0.08,117.8767,0.17,-1.3396749291328724,0.0016588633354509,59.64592361450195,260.8359680175781,177.43565368652344
2019-08-29,2.27,,-0.539,-0.09,118.0625,0.17,-1.3396749291328724,0.0016767114176345,59.70756149291992,264.1675720214844,180.148681640625
2019-08-30,2.26,,-0.529,-0.05,118.1575,0.17,-1.3396749291328724,0.001667434687038,59.65279006958008,264.0503234863281,179.71728515625
2019-09-02,2.26,,-0.529,-0.05,118.1575,-0.43,-1.7374573008364869,0.001667434687038,59.65279006958008,264.0503234863281,179.71728515625
2019-09-03,2.28,,-0.529,-0.03,118.3113,-0.43,-1.7374573008364869,0.0016252668400312,59.48165512084961,262.50634765625,177.9725341796875
2019-09-04,2.29,,-0.529,-0.04,117.6729,-0.43,-1.7374573008364869,0.0016635489356623,59.6053581237793,265.4858093261719,180.5417022705078
2019-09-05,2.28,,-0.529,0.01,117.4776,-0.43,-1.7374573008364869,0.0017318859667132,59.839088439941406,268.8988342285156,183.8490447998047
2019-09-06,2.26,,-0.522,0.01,117.1292,-0.43,-1.7374573008364869,0.001736489216629,59.8940315246582,269.1064758300781,183.6669006347656
2019-09-09,2.23,,-0.522,0.06,117.0601,-0.43,-1.7374573008364869,0.0017377847038527,59.95590972900391,269.24188232421875,183.2834625244141
2019-09-10,2.22,,-0.522,0.12,117.0887,-0.43,-1.7374573008364869,0.001751660747329,59.99026870727539,269.1786804199219,182.75613403320312
2019-09-11,2.22,,-0.522,0.15,117.3125,-0.43,-1.7374573008364869,0.0017381558106231,59.983394622802734,271.09283447265625,184.4721527099609
2019-09-12,2.22,,-0.522,0.16,116.8375,-0.43,-1.7374573008364869,0.0017505172444073,60.01774978637695,272.03173828125,185.2390899658203
2019-09-13,2.21,,-0.517,0.23,116.7677,-0.43,-1.7374573008364869,0.0017982426389265,59.907806396484375,271.8513488769531,184.5775909423828
2019-09-16,2.2,,-0.517,0.17,117.0251,-0.43,-1.7374573008364869,0.0017437296880247,60.12089538574219,271.0115051269531,183.75314331054688
2019-09-17,2.21,,-0.517,0.15,116.9826,-0.43,-1.7374573008364869,0.0017337718249045,60.155235290527344,271.69775390625,184.63514709472656
2019-09-18,2.18,,-0.517,0.21,116.9766,-0.43,-1.7374573008364869,0.0017217247047234,60.12089538574219,271.8603210449219,184.55845642089844
2019-09-19,2.17,,-0.517,0.18,117.0861,-0.43,-1.7374573008364869,0.0017291778149308,60.05215072631836,271.8421630859375,184.8651885986328
2019-09-20,2.19,,-0.513,0.13,117.1819,-0.43,-1.7374573008364869,0.0017183041400303,60.12773132324219,270.5577697753906,182.9096069335937
2019-09-23,2.17,,-0.513,0.11,117.2986,-0.43,-1.7374573008364869,0.0017027631082185,60.10027694702149,270.4942932128906,182.99024963378903
2019-09-24,2.2,,-0.513,0.06,117.2227,-0.43,-1.7374573008364869,0.0016901638219911,60.01774978637695,268.3717041015625,180.5599975585937
2019-09-25,2.2,,-0.513,0.13,117.6527,-0.43,-1.7374573008364869,0.0017247109336152,59.95590972900391,269.9590759277344,182.5867919921875
2019-09-26,2.18,,-0.513,0.13,117.7267,-0.43,-1.7374573008364869,0.0016981757497708,59.91464614868164,269.3967590332031,181.91441345214844
2019-09-27,2.19,,-0.513,0.16,117.7218,-0.43,-1.7374573008364869,0.0017230338114556,59.8459358215332,267.9454650878906,179.65704345703125
2019-09-30,2.2,,-0.513,0.15,117.9461,-0.43,-1.7374573008364869,0.0017496760448205,59.91464614868164,269.1880798339844,181.3668975830078
2019-10-01,2.22,,-0.513,0.13,117.9595,-0.78,-2.4594751580988228,0.0017219973318329,59.77665710449219,265.9862060546875,179.88758850097656
2019-10-02,2.26,,-0.513,0.1,117.9671,-0.78,-2.4594751580988228,0.0017065290289668,59.42471694946289,261.2876281738281,176.79452514648438
2019-10-03,2.29,,-0.513,0.06,117.6608,-0.78,-2.4594751580988228,0.0016890054284983,59.45919799804688,263.4283142089844,178.73486328125
2019-10-04,2.29,,-0.518,0.02,117.5288,-0.78,-2.4594751580988228,0.0016966539060961,59.64554214477539,266.9930419921875,181.3668975830078
2019-10-07,2.28,,-0.518,0.05,117.5533,-0.78,-2.4594751580988228,0.0017172999336018,59.59722518920898,265.8410339355469,180.81936645507807
2019-10-08,2.3,,-0.518,0.06,117.7407,-0.78,-2.4594751580988228,0.0017121961068154,59.37638473510742,261.7139892578125,178.1105194091797
2019-10-09,2.29,,-0.518,0.1,117.6835,-0.78,-2.4594751580988228,0.0017010823170904,59.55579376220703,264.1993103027344,179.84915161132812
2019-10-10,2.27,,-0.518,0.15,117.2801,-0.78,-2.4594751580988228,0.001742708010423,59.6317253112793,265.9862060546875,181.24200439453125
2019-10-11,2.22,,-0.527,0.2,116.8239,-0.78,-2.4594751580988228,0.0017660349905645,59.880165100097656,268.74365234375,183.57620239257807
2019-10-14,2.22,,-0.527,0.2,116.8239,-0.78,-2.4594751580988228,0.0017587317789062,59.92156600952149,268.4443664550781,183.55697631835932
2019-10-15,2.21,,-0.527,0.21,116.8111,-0.78,-2.4594751580988228,0.0017623173623294,60.05268859863281,271.1020812988281,185.8911895751953
2019-10-16,2.22,,-0.527,0.18,116.6425,-0.78,-2.4594751580988228,0.0017335349193183,60.00436401367188,270.66668701171875,185.4300994873047
2019-10-17,2.21,,-0.527,0.17,116.2615,-0.78,-2.4594751580988228,0.0017335655086388,60.087181091308594,271.4648132324219,185.9199981689453
2019-10-18,2.21,,-0.539,0.16,116.1344,-0.78,-2.4594751580988228,0.0017638758810151,60.100982666015625,270.276611328125,184.1333465576172
2019-10-21,2.19,,-0.539,0.19,116.0436,-0.78,-2.4594751580988228,0.0017775229000719,60.1217041015625,272.10888671875,185.766342163086
2019-10-22,2.17,,-0.539,0.17,115.9851,-0.78,-2.4594751580988228,0.0017695890297799,60.13549041748047,271.219970703125,184.2870483398437
2019-10-23,2.18,,-0.539,0.16,116.0586,-0.78,-2.4594751580988228,0.0017870325934652,60.19075012207031,272.00909423828125,184.6424560546875
2019-10-24,2.17,,-0.539,0.15,116.1278,-0.78,-2.4594751580988228,0.0017739674938832,60.25970077514648,272.4535827636719,186.438705444336
2019-10-25,2.16,,-0.554,0.15,116.0774,-0.78,-2.4594751580988228,0.0017782594808621,60.308013916015625,273.5691833496094,187.9276580810547
2019-10-28,2.16,,-0.554,0.21,116.0222,-0.78,-2.4594751580988228,0.0017936240906683,60.30113220214844,275.1112365722656,189.78158569335932
2019-10-29,2.15,,-0.554,0.23,115.9797,-0.78,-2.4594751580988228,0.0018039676432811,60.19075012207031,275.0296325683594,188.31187438964844
2019-10-30,2.17,,-0.554,0.21,116.1636,-0.78,-2.4594751580988228,0.0017951380378856,60.11479949951172,275.8731689453125,189.22442626953125
2019-10-31,2.18,,-0.554,0.15,115.9125,-0.78,-2.4594751580988228,0.0017420933270289,59.907752990722656,275.138427734375,189.31088256835932
2019-11-01,2.16,,-0.566,0.14,115.7312,0.2,-2.047601522464615,0.0017579575748595,60.16485595703125,277.6872863769531,191.03030395507807
2019-11-04,2.16,,-0.566,0.15,115.8624,0.2,-2.047601522464615,0.001768567675937,60.28958511352539,278.80303955078125,192.21177673339844
2019-11-05,2.15,,-0.566,0.18,116.1138,0.2,-2.047601522464615,0.0018199620775104,60.22724151611328,278.4945068359375,192.3174591064453
2019-11-06,2.14,,-0.566,0.15,116.1004,0.2,-2.047601522464615,0.0017856664209785,60.15792083740234,278.5580749511719,191.8852081298828
2019-11-07,2.13,,-0.566,0.23,116.1172,0.2,-2.047601522464615,0.0018604016308917,60.13020706176758,279.5376281738281,192.52882385253903
2019-11-08,2.11,,-0.575,0.23,116.3436,0.2,-2.047601522464615,0.0018326147155368,60.18567657470703,280.22705078125,193.2972412109375
2019-11-11,2.11,,-0.575,0.23,116.3436,0.2,-2.047601522464615,0.0018275507288427,60.15099334716797,279.6919250488281,193.0379180908203
2019-11-12,2.1,,-0.575,0.22,116.5837,0.2,-2.047601522464615,0.0018194339262898,60.16485595703125,280.2814636230469,193.59503173828125
2019-11-13,2.11,,-0.575,0.22,116.8397,0.2,-2.047601522464615,0.0018037216732686,60.10249328613281,280.3721923828125,193.6430511474609
2019-11-14,2.13,,-0.575,0.2,116.8022,0.2,-2.047601522464615,0.0017791139471444,60.06784057617188,280.7803039550781,193.4893798828125
2019-11-15,2.13,,-0.58,0.21,116.4401,0.2,-2.047601522464615,0.0017958153770714,60.24805068969727,282.81219482421875,194.91102600097656
2019-11-18,2.14,,-0.58,0.18,116.3625,0.2,-2.047601522464615,0.0017795227570275,60.17179489135742,283.0208435058594,195.0647125244141
2019-11-19,2.13,,-0.58,0.16,116.5391,0.2,-2.047601522464615,0.0018010588421681,59.95700073242188,282.9391174316406,195.35289001464844
2019-11-20,2.16,,-0.58,0.13,116.828,0.2,-2.047601522464615,0.0017963076243235,59.8322639465332,281.886962890625,194.1809844970703
2019-11-21,2.15,,-0.58,0.14,116.7435,0.2,-2.047601522464615,0.0017914018831479,59.84610748291016,281.4334411621094,193.74871826171875
2019-11-22,2.14,,-0.579,0.15,116.9137,0.2,-2.047601522464615,0.001809514101787,60.07478713989258,282.05938720703125,193.8736114501953
2019-11-25,2.13,,-0.579,0.14,117.0098,0.2,-2.047601522464615,0.0018175889623243,60.234161376953125,284.2453918457031,196.1693725585937
2019-11-26,2.11,,-0.579,0.12,117.0513,0.2,-2.047601522464615,0.0018321002185901,60.303443908691406,284.88934326171875,196.5440216064453
2019-11-27,2.09,,-0.579,0.14,117.1273,0.2,-2.047601522464615,0.0018401678434222,60.37968444824219,286.1592712402344,197.9176177978516
2019-11-28,2.09,,-0.579,0.14,117.1273,0.2,-2.047601522464615,0.0018401678434222,60.37968444824219,286.1592712402344,197.9176177978516
2019-11-29,2.08,,-0.574,0.17,117.1204,0.2,-2.047601522464615,0.0018026746751885,60.24805068969727,285.09796142578125,197.01470947265625
2019-12-02,2.11,,-0.574,0.18,116.9647,-0.35,-2.2991807373363926,0.001800246081748,60.20698165893555,282.6761474609375,194.9974975585937
2019-12-03,2.11,,-0.574,0.09,116.8898,-0.35,-2.2991807373363926,0.0017643080274673,60.12345886230469,280.7803039550781,193.47010803222656
2019-12-04,2.11,,-0.574,0.11,116.692,-0.35,-2.2991807373363926,0.0017937585165575,60.30435943603516,282.51275634765625,194.44992065429688
2019-12-05,2.09,,-0.574,0.13,116.3838,-0.35,-2.2991807373363926,0.0017932831754935,60.394832611083984,283.0208435058594,194.834213256836
2019-12-06,2.07,,-0.565,0.15,116.5381,-0.35,-2.2991807373363926,0.0018579946617976,60.47832107543945,285.6059265136719,196.9186553955078
2019-12-09,2.05,,-0.565,0.14,116.3283,-0.35,-2.2991807373363926,0.0018820666918118,60.47832107543945,284.7078552246094,196.0253448486328
2019-12-10,2.01,,-0.565,0.14,116.2542,-0.35,-2.2991807373363926,0.0018839738302999,60.62438583374024,284.3905334472656,195.86199951171875
2019-12-11,2.04,,-0.565,0.1,116.1478,-0.35,-2.2991807373363926,0.0018936300410909,60.749637603759766,285.1976623535156,196.89942932128903
2019-12-12,2.02,,-0.565,0.18,115.8741,-0.35,-2.2991807373363926,0.0019018886554566,60.888771057128906,287.65582275390625,198.3690643310547
2019-12-13,2.02,,-0.557,0.12,115.6967,-0.35,-2.2991807373363926,0.0018843182306546,60.9514045715332,287.8281555175781,199.0222930908203
2019-12-16,2.0,,-0.557,0.16,115.555,-0.35,-2.2991807373363926,0.0019122033200021,61.069637298583984,289.8055725097656,201.0203094482422
2019-12-17,1.99,,-0.557,0.14,115.5553,-0.35,-2.2991807373363926,0.0019120439550815,61.25749206542969,289.8690795898437,201.13558959960932
2019-12-18,1.98,,-0.557,0.16,115.6618,-0.35,-2.2991807373363926,0.0019129430659817,61.36881256103516,289.88726806640625,201.289306640625
2019-12-19,1.96,,-0.557,0.15,115.5988,-0.35,-2.2991807373363926,0.0019155054437398,61.3366813659668,291.0755920410156,202.5476531982422
2019-12-20,1.96,,-0.554,0.15,115.7598,-0.35,-2.2991807373363926,0.0019061505403082,61.24593734741211,292.3515625,203.3641357421875
2019-12-23,1.96,,-0.554,0.18,115.8059,-0.35,-2.2991807373363926,0.0019001685748815,61.27388000488281,292.7982177734375,203.9013214111328
2019-12-24,1.97,,-0.554,0.15,115.8059,-0.35,-2.2991807373363926,0.0018934694610869,61.322731018066406,292.807373046875,204.00717163085932
2019-12-25,1.97,,-0.554,0.15,115.8059,-0.35,-2.2991807373363926,0.0018934694610869,61.322731018066406,292.807373046875,204.00717163085932
2019-12-26,1.97,,-0.554,0.16,115.634,-0.35,-2.2991807373363926,0.0018978996575269,61.41352462768555,294.3661193847656,205.807357788086
2019-12-27,1.96,,-0.559,0.15,115.22,-0.35,-2.2991807373363926,0.0018737612881066,61.38557052612305,294.29302978515625,205.6340789794922
2019-12-30,1.97,,-0.559,0.15,114.9631,-0.35,-2.2991807373363926,0.0018669528589661,61.34370040893555,292.6705322265625,204.28640747070312
2019-12-31,1.98,,-0.559,0.15,114.669,-0.35,-2.2991807373363926,0.0018387626919082,61.39955520629883,293.3816833496094,204.6713714599609
2020-01-01,1.98,,-0.559,0.15,114.669,-0.25,-2.290379015513233,0.0018387626919082,61.39955520629883,293.3816833496094,204.6713714599609
2020-01-02,1.98,,-0.559,0.08,114.9745,-0.25,-2.290379015513233,0.0018583141650947,61.65788650512695,296.1252746582031,208.0888214111328
2020-01-03,1.99,,-0.573,0.03,114.9867,-0.25,-2.290379015513233,0.0018064163111535,61.59503555297852,293.88299560546875,206.18276977539065
2020-01-06,2.02,,-0.573,0.06,114.9557,-0.25,-2.290379015513233,0.0017880858149569,61.53220748901367,295.004150390625,207.51129150390625
2020-01-07,2.03,,-0.573,0.09,115.1477,-0.25,-2.290379015513233,0.0017839418588314,61.4763298034668,294.1746520996094,207.4824066162109
2020-01-08,2.05,,-0.573,0.12,115.1328,-0.25,-2.290379015513233,0.001810068037454,61.53220748901367,295.74249267578125,209.04188537597656
2020-01-09,2.03,,-0.573,0.11,115.2331,-0.25,-2.290379015513233,0.0018112392827088,61.69278717041016,297.7477722167969,210.813232421875
2020-01-10,1.99,,-0.593,0.07,115.0677,-0.25,-2.290379015513233,0.0018096308455612,61.71371841430664,296.8910827636719,210.27410888671875
2020-01-13,1.99,,-0.593,0.08,115.0342,-0.25,-2.290379015513233,0.0018480366699027,61.71371841430664,298.9327697753906,212.70001220703125
2020-01-14,1.99,,-0.593,0.05,115.0239,-0.25,-2.290379015513233,0.0018646264795109,61.70675659179688,298.4769897460937,211.8625030517578
2020-01-15,2.01,,-0.593,0.04,114.9528,-0.25,-2.290379015513233,0.0018491076159418,61.7207260131836,299.1515197753906,211.9491729736328
2020-01-16,2.0,,-0.593,0.07,115.0006,-0.25,-2.290379015513233,0.0018411878619061,61.741661071777344,301.6399841308594,213.9803771972656
2020-01-17,1.98,,-0.615,0.09,115.0656,-0.25,-2.290379015513233,0.0018280086294675,61.69278717041016,302.5788879394531,215.03927612304688
2020-01-20,1.98,,-0.615,0.09,115.0656,-0.25,-2.290379015513233,0.0018280086294675,61.69278717041016,302.5788879394531,215.03927612304688
2020-01-21,1.97,,-0.615,0.04,115.1876,-0.25,-2.290379015513233,0.0017980596357859,61.560150146484375,301.986328125,214.9430084228516
2020-01-22,1.97,,-0.615,0.05,115.2273,-0.25,-2.290379015513233,0.0017790779097773,61.6718635559082,302.0228271484375,215.5110015869141
2020-01-23,1.98,,-0.615,0.04,115.5545,-0.25,-2.290379015513233,0.0017422984233085,61.48333358764648,302.36920166015625,216.20411682128903
2020-01-24,1.98,,-0.629,0.02,115.5556,-0.25,-2.290379015513233,0.0017093119141182,61.22498321533203,299.68017578125,214.3846435546875
2020-01-27,2.04,,-0.629,-0.02,115.8004,-0.25,-2.290379015513233,0.0016466893959199,60.81306076049805,294.8764953613281,209.9564666748047
2020-01-28,2.04,,-0.629,0.0,115.7239,-0.25,-2.290379015513233,0.0016438312772182,61.3366813659668,297.9665222167969,213.1813507080078
2020-01-29,2.05,,-0.629,-0.04,115.7003,-0.25,-2.290379015513233,0.0016266402456565,61.30179214477539,297.72052001953125,213.52789306640625
2020-01-30,2.08,,-0.629,-0.07,115.8077,-0.25,-2.290379015513233,0.0015936217023477,61.36462020874024,298.6866760253906,214.2884063720703
2020-01-31,2.13,,-0.626,-0.14,115.7345,-0.25,-2.290379015513233,0.0015920146200385,61.11328125,293.2631530761719,210.8902282714844
2020-02-03,2.1,,-0.626,-0.09,116.1172,0.07,-1.4232217750208775,0.0015933300083967,61.10345458984375,295.44158935546875,214.0766143798828
2020-02-04,2.09,,-0.626,-0.03,115.9291,0.07,-1.4232217750208775,0.0016431242614683,61.46803283691406,299.944580078125,218.9766082763672
2020-02-05,2.07,,-0.626,0.0,116.009,0.07,-1.4232217750208775,0.0016555398095701,61.72046661376953,303.4082946777344,219.69857788085932
2020-02-06,2.05,,-0.626,-0.02,116.1518,0.07,-1.4232217750208775,0.0016602773330046,61.7695541381836,304.4292297363281,221.594970703125
2020-02-07,2.05,,-0.599,-0.07,116.5086,0.07,-1.4232217750208775,0.0016313910844623,61.67839813232422,302.8067321777344,220.64198303222656
2020-02-10,2.06,,-0.599,-0.1,116.5711,0.07,-1.4232217750208775,0.0016241188574723,61.762542724609375,305.0673217773437,223.3085327148437
2020-02-11,2.05,,-0.599,-0.06,116.3585,0.07,-1.4232217750208775,0.0016533597746892,61.80460357666016,305.59600830078125,223.3471069335937
2020-02-12,2.06,,-0.599,-0.04,116.2794,0.07,-1.4232217750208775,0.0016626259448786,61.96586227416992,307.5649719238281,225.5226593017578
2020-02-13,2.05,,-0.599,-0.06,116.3999,0.07,-1.4232217750208775,0.0016630689876204,61.98687744140625,307.2366943359375,225.23385620117188
2020-02-14,2.04,,-0.537,-0.07,116.4223,0.07,-1.4232217750208775,0.0016462374822875,61.979888916015625,307.72900390625,225.8788452148437
2020-02-17,2.04,,-0.537,-0.07,116.4223,0.07,-1.4232217750208775,0.0016462374822875,61.979888916015625,307.72900390625,225.8788452148437
2020-02-18,2.05,,-0.537,-0.1,116.6039,0.07,-1.4232217750208775,0.0016312499344348,61.85367202758789,306.9359436035156,225.9654693603516
2020-02-19,2.05,,-0.537,-0.09,116.7829,0.07,-1.4232217750208775,0.0016251943715808,61.88171005249024,308.4034729003906,228.1314392089844
2020-02-20,2.05,,-0.537,-0.11,117.2454,0.07,-1.4232217750208775,0.0016052208757888,61.98687744140625,307.13641357421875,226.0136108398437
2020-02-21,2.09,,-0.434,-0.15,117.0473,0.07,-1.4232217750208775,0.0015918764863077,61.93082427978516,303.9735107421875,221.6720428466797
2020-02-24,2.13,,-0.434,-0.21,117.4018,0.07,-1.4232217750208775,0.0015501673843242,61.264739990234375,293.8920593261719,213.12359619140625
2020-02-25,2.19,,-0.434,-0.2,117.2425,0.07,-1.4232217750208775,0.0015765983856944,60.83700180053711,284.9865417480469,207.328369140625
2020-02-26,2.2,,-0.434,-0.21,117.405,0.07,-1.4232217750208775,0.0015710365481492,60.90015411376953,283.938232421875,208.3969268798828
2020-02-27,2.27,,-0.434,-0.23,117.3678,0.07,-1.4232217750208775,0.0015679878432576,60.07981491088867,271.1860656738281,197.9616851806641
2020-02-28,2.38,,-0.293,-0.28,117.6568,0.07,-1.4232217750208775,0.0016277731881307,60.32521438598633,270.0467224121094,198.1156616210937
2020-03-02,2.44,,-0.293,-0.31,116.8144,-4.38,-5.315054964389065,0.0016334861463366,60.78296661376953,281.7415771484375,208.3391876220703
2020-03-03,2.48,,-0.293,-0.43,116.4958,-4.38,-5.315054964389065,0.0015708543927267,60.522369384765625,273.674560546875,201.6582794189453
2020-03-04,2.47,,-0.293,-0.44,116.7802,-4.38,-5.315054964389065,0.0015800377635276,61.35338973999024,285.17791748046875,210.07199096679688
2020-03-05,2.52,,-0.293,-0.48,116.7901,-4.38,-5.315054964389065,0.0015497479255226,60.5787353515625,275.6982116699219,203.68948364257807
2020-03-06,2.55,,-0.13,-0.57,116.7106,-4.38,-5.315054964389065,0.0015399807750953,59.8956184387207,271.14044189453125,200.2528533935547
2020-03-09,2.93,,-0.13,-0.45,117.1871,-4.38,-5.315054964389065,0.0015073155744569,57.31810760498047,249.9658966064453,186.34239196777344
2020-03-10,2.93,,-0.13,-0.24,117.9027,-4.38,-5.315054964389065,0.0015273340709901,58.19839859008789,262.9003601074219,196.4888153076172
2020-03-11,2.99,,-0.13,-0.14,118.2505,-4.38,-5.315054964389065,0.0015304009056659,56.930789947509766,250.0844268798828,187.93072509765625
2020-03-12,3.2,,-0.13,-0.04,120.4883,-4.38,-5.315054964389065,0.0015610645380798,54.65608215332031,226.15704345703125,170.69911193847656
2020-03-13,3.3,,0.038,0.04,120.4388,-4.38,-5.315054964389065,0.0016322491632984,56.374420166015625,245.4903717041016,185.15826416015625
2020-03-16,3.38,,0.038,0.0,120.9352,-4.38,-5.315054964389065,0.0016141731787194,53.27576446533203,218.6279296875,162.97854614257812
2020-03-17,3.49,,0.038,0.39,122.4816,-4.38,-5.315054964389065,0.0015184602163479,53.77575302124024,230.4320831298828,175.3391876220703
2020-03-18,3.81,,0.038,0.55,124.1623,-4.38,-5.315054964389065,0.0014624652935636,51.402488708496094,218.7646484375,170.0059814453125
2020-03-19,4.01,,0.038,0.62,125.0587,-4.38,-5.315054964389065,0.0014878940105567,50.24750900268555,219.2294921875,171.02642822265625
2020-03-20,4.23,,0.183,0.17,124.9362,-4.38,-5.315054964389065,0.0014760781812539,49.12074661254883,209.7819976806641,164.32630920410156
2020-03-23,4.31,,0.183,-0.04,126.1262,-4.38,-5.315054964389065,0.0013525845065722,48.33200073242188,204.41824340820312,164.44496154785156
2020-03-24,4.19,,0.183,-0.13,125.5001,-4.38,-5.315054964389065,0.0013236357397264,50.32500457763672,222.939208984375,177.1791229248047
2020-03-25,4.13,,0.183,-0.19,124.7916,-4.38,-5.315054964389065,0.0013686209034784,51.74053955078125,226.2766265869141,175.86717224121094
2020-03-26,4.04,,0.183,-0.24,122.4308,-4.38,-5.315054964389065,0.0013381007074452,54.10677719116211,239.48887634277344,185.1283416748047
2020-03-27,3.98,,0.276,-0.22,122.4007,-4.38,-5.315054964389065,0.0013529158160432,54.24760437011719,232.35557556152344,178.76126098632812
2020-03-30,3.89,,0.276,-0.25,123.2883,-4.38,-5.315054964389065,0.0013329222816721,54.71242904663086,239.9014892578125,185.26345825195312
2020-03-31,3.93,,0.276,-0.17,122.5301,-4.38,-5.315054964389065,0.0014146772609566,54.27576446533203,236.3256683349609,183.6813201904297
2020-04-01,3.97,,0.276,-0.29,123.7933,-18.34,-17.318282261376304,0.0013889240781146,52.78591537475586,225.68983459472656,175.8768310546875
2020-04-02,3.92,,0.276,-0.4,123.5916,-18.34,-17.318282261376304,0.001373562223733,53.1964225769043,230.89773559570312,179.4462432861328
2020-04-03,3.92,,0.313,-0.46,124.4152,-18.34,-17.318282261376304,0.0013527576080061,52.056915283203125,227.56024169921875,176.89938354492188
2020-04-06,3.91,,0.313,-0.47,124.16,-18.34,-17.318282261376304,0.0013327369678567,53.32380676269531,242.8447265625,189.5467529296875
2020-04-07,3.79,,0.313,-0.42,123.0956,-18.34,-17.318282261376304,0.0013746395984207,53.32380676269531,243.0922241210937,189.46957397460932
2020-04-08,3.75,,0.313,-0.42,123.2216,-18.34,-17.318282261376304,0.0013678396078742,54.71107864379883,251.25245666503903,193.4924468994141
2020-04-09,3.61,,0.313,-0.5,122.476,-18.34,-17.318282261376304,0.0013117728246865,58.29243087768555,255.0758514404297,193.7722320556641
2020-04-10,3.61,,0.299,-0.5,122.1592,-18.34,-17.318282261376304,0.0013117728246865,58.29243087768555,255.0758514404297,193.7722320556641
2020-04-13,3.41,,0.299,-0.5,122.5203,-18.34,-17.318282261376304,0.0013299517606969,57.45726013183594,252.7469787597656,195.8656311035156
2020-04-14,3.36,,0.299,-0.53,122.1121,-18.34,-17.318282261376304,0.0013360277502632,57.6978759765625,260.2012023925781,204.38406372070312
2020-04-15,3.33,,0.299,-0.56,123.0752,-18.34,-17.318282261376304,0.0013388722008885,57.159969329833984,254.67242431640625,202.039794921875
2020-04-16,3.28,,0.299,-0.42,123.4615,-18.34,-17.318282261376304,0.0013395141073551,57.10334014892578,255.90103149414065,205.7250061035156
2020-04-17,3.27,,0.242,-0.36,122.871,-18.34,-17.318282261376304,0.0013932630578997,57.39352798461914,262.8142395019531,207.69302368164065
2020-04-20,3.28,,0.242,-0.31,123.1033,-18.34,-17.318282261376304,0.0013719441160562,56.530059814453125,258.1840515136719,205.2330017089844
2020-04-21,3.29,,0.242,-0.38,123.9116,-18.34,-17.318282261376304,0.0013508521188804,55.4967041015625,250.34478759765625,197.66001892089844
2020-04-22,3.3,,0.242,-0.43,123.9256,-18.34,-17.318282261376304,0.0013406028691502,55.98504257202149,255.90103149414065,203.52545166015625
2020-04-23,3.26,,0.242,-0.44,123.7542,-18.34,-17.318282261376304,0.001340794909292,55.956764221191406,255.88270568847656,203.0913543701172
2020-04-24,3.25,,0.162,-0.51,124.1615,-18.34,-17.318282261376304,0.0013623440960783,55.43297958374024,259.4493103027344,206.29415893554688
2020-04-27,3.24,,0.162,-0.5,123.8843,-18.34,-17.318282261376304,0.0013914363780079,55.65950393676758,263.1902770996094,207.95347595214844
2020-04-28,3.25,,0.162,-0.52,123.3693,-18.34,-17.318282261376304,0.001390821367145,55.8293571472168,261.9799499511719,204.03672790527344
2020-04-29,3.24,,0.162,-0.51,122.7782,-18.34,-17.318282261376304,0.0013939767536732,56.81313705444336,268.83819580078125,211.27207946777344
2020-04-30,3.23,,0.162,-0.43,122.327,-18.34,-17.318282261376304,0.001397696330483,56.92639923095703,266.3351135253906,211.185302734375
2020-05-01,3.25,,0.064,-0.42,123.1492,4.76,-16.047738104539413,0.0013682502460676,55.9444580078125,259.2843017578125,205.2330017089844
2020-05-04,3.28,,0.064,-0.43,123.2117,4.76,-16.047738104539413,0.0013615325142092,55.86625671386719,259.9994812011719,207.62550354003903
2020-05-05,3.28,,0.064,-0.44,122.803,4.76,-16.047738104539413,0.0013735038996572,56.34977722167969,262.4017028808594,209.97938537597656
2020-05-06,3.31,,0.064,-0.38,123.609,4.76,-16.047738104539413,0.0013968056228811,56.0298080444336,260.6229553222656,211.27207946777344
2020-05-07,3.34,,0.064,-0.45,123.1249,4.76,-16.047738104539413,0.0013854686296746,56.172019958496094,263.7678527832031,213.99256896972656
2020-05-08,3.37,,-0.036,-0.43,122.5379,4.76,-16.047738104539413,0.0014085618584374,56.70527267456055,268.1322021484375,216.9253387451172
2020-05-11,3.41,,-0.036,-0.4,123.2333,4.76,-16.047738104539413,0.0014050609926714,56.44929122924805,268.1872253417969,218.8643341064453
2020-05-12,3.4,,-0.036,-0.4,123.0592,4.76,-16.047738104539413,0.0013849448858616,56.378211975097656,262.841796875,214.281982421875
2020-05-13,3.43,,-0.036,-0.43,123.5408,4.76,-16.047738104539413,0.0013705583427568,56.07955551147461,258.19317626953125,211.6000823974609
2020-05-14,3.41,,-0.036,-0.43,123.6429,4.76,-16.047738104539413,0.0013526264907629,55.88760757446289,261.2831115722656,214.00222778320312
2020-05-15,3.41,,-0.127,-0.45,123.5991,4.76,-16.047738104539413,0.0013308428629839,55.965782165527344,262.48419189453125,215.3914031982422
2020-05-18,3.38,,-0.127,-0.44,122.7968,4.76,-16.047738104539413,0.001388728434912,56.95412826538086,270.4794006347656,219.40460205078125
2020-05-19,3.3,,-0.127,-0.45,122.5655,4.76,-16.047738104539413,0.001389175647922,57.02522659301758,267.70123291015625,218.854721069336
2020-05-20,3.24,,-0.127,-0.48,122.1007,4.76,-16.047738104539413,0.0014095167404328,57.62962341308594,272.2489624023437,223.2248992919922
2020-05-21,3.18,,-0.127,-0.46,122.0914,4.76,-16.047738104539413,0.0014251670460477,57.615379333496094,270.369384765625,220.7937774658203
2020-05-22,3.18,,-0.207,-0.46,122.3211,4.76,-16.047738104539413,0.0013887927786218,57.75763320922852,270.88287353515625,221.5559234619141
2020-05-25,3.18,,-0.207,-0.46,122.3211,4.76,-16.047738104539413,0.0013887927786218,57.75763320922852,270.88287353515625,221.5559234619141
2020-05-26,3.14,,-0.207,-0.44,121.3864,4.76,-16.047738104539413,0.0014303729808061,58.19133377075195,274.2203369140625,220.9578094482422
2020-05-27,3.11,,-0.207,-0.46,121.5677,4.76,-16.047738104539413,0.0014047242270825,58.31221771240234,278.30035400390625,222.16372680664065
2020-05-28,3.1,,-0.207,-0.48,121.0138,4.76,-16.047738104539413,0.0014083931816041,58.36909484863281,277.78692626953125,221.87432861328125
2020-05-29,3.08,,-0.27,-0.5,120.9458,4.76,-16.047738104539413,0.001397029217519,58.60373306274414,279.0246887207031,225.1253662109375
2020-06-01,3.1,,-0.27,-0.52,120.2686,6.33,-10.586064673581452,0.0014239267299715,59.04700469970703,280.1524963378906,225.8006591796875
2020-06-02,3.08,,-0.27,-0.5,119.6854,6.33,-10.586064673581452,0.0014459193092976,59.63236618041992,282.47222900390625,227.3152618408203
2020-06-03,3.02,,-0.27,-0.44,119.2556,6.33,-10.586064673581452,0.0014704322908825,59.910736083984375,286.2314758300781,228.33786010742188
2020-06-04,2.99,,-0.27,-0.4,119.3014,6.33,-10.586064673581452,0.001450346148763,59.72513961791992,285.4795837402344,226.73643493652344
2020-06-05,2.86,,-0.317,-0.36,118.8138,6.33,-10.586064673581452,0.0015254742848614,60.28907012939453,292.7962341308594,231.2320251464844
2020-06-08,2.81,,-0.317,-0.4,118.6621,6.33,-10.586064673581452,0.0015132779010494,60.36042785644531,296.3354187011719,233.0264129638672
2020-06-09,2.8,,-0.317,-0.42,118.5893,6.33,-10.586064673581452,0.001516591929121,59.88932800292969,294.125732421875,234.7146453857422
2020-06-10,2.86,,-0.317,-0.52,118.5231,6.33,-10.586064673581452,0.0015508083751396,59.80369186401367,292.4844665527344,237.53155517578125
2020-06-11,2.91,,-0.317,-0.55,119.2347,6.33,-10.586064673581452,0.0014933602363903,58.26894760131836,275.62310791015625,225.7620849609375
2020-06-12,2.91,,-0.346,-0.5,119.6645,6.33,-10.586064673581452,0.0015043659057866,58.84715270996094,278.92388916015625,227.55645751953125
2020-06-15,2.93,,-0.346,-0.52,119.9539,6.33,-10.586064673581452,0.0014930535191877,59.41820907592773,281.5278015136719,230.32521057128903
2020-06-16,2.89,,-0.346,-0.52,119.567,6.33,-10.586064673581452,0.0014835800306206,59.660892486572266,286.94659423828125,234.280517578125
2020-06-17,2.87,,-0.346,-0.52,119.9105,6.33,-10.586064673581452,0.0014989591029497,59.382545471191406,285.75457763671875,235.0233154296875
2020-06-18,2.86,,-0.346,-0.57,120.2173,6.33,-10.586064673581452,0.0015022031579075,59.361122131347656,285.8646850585937,235.66001892089844
2020-06-19,2.87,,-0.368,-0.6,120.2186,6.33,-10.586064673581452,0.0014977948181278,59.16124725341797,284.23095703125,235.6214599609375
2020-06-22,2.86,,-0.368,-0.63,119.7532,6.33,-10.586064673581452,0.0015116411504302,59.118408203125,286.0542907714844,238.4472198486328
2020-06-23,2.87,,-0.368,-0.66,119.3285,6.33,-10.586064673581452,0.0015010440282587,59.2040901184082,287.3712463378906,240.47657775878903
2020-06-24,2.89,,-0.368,-0.64,119.9744,6.33,-10.586064673581452,0.0015010193599704,58.597312927246094,280.0408020019531,235.51901245117188
2020-06-25,2.92,,-0.368,-0.65,120.2997,6.33,-10.586064673581452,0.0015109811824083,58.61875915527344,283.0429382324219,237.760986328125
2020-06-26,2.92,,-0.386,-0.68,120.533,6.33,-10.586064673581452,0.0015074752786095,58.06195068359375,276.3203125,232.1462860107422
2020-06-29,2.94,,-0.386,-0.7,120.6658,6.33,-10.586064673581452,0.0015097475936886,57.73360824584961,280.3815002441406,234.67825317382807
2020-06-30,2.93,,-0.386,-0.68,120.4649,6.33,-10.586064673581452,0.0015133854003838,58.26181411743164,283.9731140136719,239.2782592773437
2020-07-01,2.89,,-0.386,-0.68,120.0808,2.64,-6.783544959427434,0.0015322581110121,58.44318771362305,285.9622497558594,242.07115173339844
2020-07-02,2.87,,-0.386,-0.73,119.8555,2.64,-6.783544959427434,0.0015322309438423,58.87327194213867,287.5370178222656,243.71401977539065
2020-07-03,2.87,,-0.403,-0.73,119.8555,2.64,-6.783544959427434,0.0015322309438423,58.87327194213867,287.5370178222656,243.71401977539065
2020-07-06,2.83,,-0.403,-0.76,119.2852,2.64,-6.783544959427434,0.0015465474042073,59.29619598388672,291.9757385253906,249.7056121826172
2020-07-07,2.81,,-0.403,-0.78,119.5717,2.64,-6.783544959427434,0.0015450060858398,58.90195083618164,288.96441650390625,247.9854431152344
2020-07-08,2.77,,-0.403,-0.75,119.5525,2.64,-6.783544959427434,0.0015502616873919,59.059661865234375,291.1746520996094,251.2518310546875
2020-07-09,2.73,,-0.403,-0.77,119.5129,2.64,-6.783544959427434,0.0015718097740179,58.930641174316406,289.5170593261719,253.3682403564453
2020-07-10,2.74,,-0.421,-0.76,119.3509,2.64,-6.783544959427434,0.0016054944735383,59.13134002685547,292.47314453125,255.0980682373047
2020-07-13,2.74,,-0.421,-0.78,119.1891,2.64,-6.783544959427434,0.0016245167930767,58.80876159667969,289.9405822753906,249.85061645507807
2020-07-14,2.71,,-0.421,-0.78,119.3901,2.64,-6.783544959427434,0.001610515811716,59.3105583190918,293.6979064941406,251.6190643310547
2020-07-15,2.71,,-0.421,-0.77,119.0331,2.64,-6.783544959427434,0.0015846859054043,59.647457122802734,296.3962097167969,252.1313018798828
2020-07-16,2.69,,-0.421,-0.79,118.9275,2.64,-6.783544959427434,0.001604492131166,59.70481872558594,295.4200744628906,250.41110229492188
2020-07-17,2.68,,-0.44,-0.82,119.124,2.64,-6.783544959427434,0.0015968036109687,59.86968612670898,296.276611328125,250.7010040283203
2020-07-20,2.66,,-0.44,-0.84,119.0483,2.64,-6.783544959427434,0.0015961781632791,60.22809982299805,298.6708374023437,257.8135681152344
2020-07-21,2.63,,-0.44,-0.87,118.4042,2.64,-6.783544959427434,0.0015962874217158,60.50764083862305,299.3063049316406,255.1270751953125
2020-07-22,2.61,,-0.44,-0.88,118.1337,2.64,-6.783544959427434,0.0015602703686623,60.62948226928711,301.0099792480469,256.0257873535156
2020-07-23,2.58,,-0.44,-0.9,118.0613,2.64,-6.783544959427434,0.0015480916978196,60.58650588989258,297.4183959960937,249.33839416503903
2020-07-24,2.58,,-0.46,-0.92,118.1329,2.64,-6.783544959427434,0.001519000630007,60.64383316040039,295.5029602050781,246.9707489013672
2020-07-27,2.56,,-0.46,-0.9,117.3869,2.64,-6.783544959427434,0.0014955981416075,60.78724670410156,297.65789794921875,251.3774871826172
2020-07-28,2.57,,-0.46,-0.92,117.3189,2.64,-6.783544959427434,0.0014938036943124,60.62948226928711,295.77001953125,248.1787567138672
2020-07-29,2.61,,-0.46,-0.95,117.2126,2.64,-6.783544959427434,0.0014873303993601,60.9664306640625,299.4075622558594,251.03924560546875
2020-07-30,2.6,,-0.46,-0.97,117.4008,2.64,-6.783544959427434,0.0014953920272935,61.09545516967773,298.3392944335937,252.3535003662109
2020-07-31,2.6,,-0.477,-1.0,117.2082,2.64,-6.783544959427434,0.0014565925700287,61.21016693115234,300.6968994140625,256.8569030761719
2020-08-03,2.63,,-0.477,-1.02,117.8074,1.26,-6.512241935326724,0.001479145469161,61.22525787353516,302.7873840332031,260.32623291015625
2020-08-04,2.62,,-0.477,-1.05,117.7833,1.26,-6.512241935326724,0.0014438836564198,61.20366668701172,303.9569091796875,261.29266357421875
2020-08-05,2.59,,-0.477,-1.06,116.8736,1.26,-6.512241935326724,0.001433459707601,61.311641693115234,305.8447570800781,261.9401550292969
2020-08-06,2.57,,-0.477,-1.08,117.0422,1.26,-6.512241935326724,0.0014162807385572,61.4483528137207,307.8892517089844,265.4095153808594
2020-08-07,2.57,,-0.492,-1.04,117.6239,1.26,-6.512241935326724,0.0013882393709297,61.29722213745117,308.1102905273437,262.34600830078125
2020-08-10,2.56,,-0.492,-1.02,117.5821,1.26,-6.512241935326724,0.0014120233004057,61.32599258422852,309.0311584472656,261.2249755859375
2020-08-11,2.59,,-0.492,-0.99,117.3781,1.26,-6.512241935326724,0.0014860809351652,60.77184677124024,306.4801330566406,256.2770080566406
2020-08-12,2.55,,-0.492,-0.98,117.2559,1.26,-6.512241935326724,0.0014920667980236,60.78623580932617,310.7532653808594,262.722900390625
2020-08-13,2.59,,-0.492,-0.96,117.1193,1.26,-6.512241935326724,0.001433024976128,60.62067031860352,310.1915588378906,263.32208251953125
2020-08-14,2.61,,-0.502,-0.94,116.9395,1.26,-6.512241935326724,0.0014744449904977,60.51275634765625,310.20074462890625,263.0128173828125
2020-08-17,2.64,,-0.502,-0.97,116.749,1.26,-6.512241935326724,0.0014599496231271,60.87258529663086,311.1861267089844,266.0665283203125
2020-08-18,2.64,,-0.502,-1.01,116.5593,1.26,-6.512241935326724,0.0014859457436495,60.96618270874024,311.8584289550781,268.6275634765625
2020-08-19,2.65,,-0.502,-0.99,116.567,1.26,-6.512241935326724,0.0015413284978128,60.79343795776367,310.559814453125,266.8203430175781
2020-08-20,2.65,,-0.502,-0.97,116.8126,1.26,-6.512241935326724,0.0015358361534896,60.99494934082031,311.5267333984375,270.52166748046875
2020-08-21,2.64,,-0.509,-1.0,117.0572,1.26,-6.512241935326724,0.0015059961270233,60.98776626586914,312.6320495605469,272.3964233398437
2020-08-24,2.63,,-0.509,-1.02,116.912,1.26,-6.512241935326724,0.0015160553867935,61.26841735839844,315.7998962402344,274.0972595214844
2020-08-25,2.63,,-0.509,-1.01,116.8206,1.26,-6.512241935326724,0.001533110115817,61.33324813842773,316.9048767089844,276.2523498535156
2020-08-26,2.66,,-0.509,-1.03,116.6243,1.26,-6.512241935326724,0.0015249652954334,61.32599258422852,320.0821533203125,282.1473083496094
2020-08-27,2.71,,-0.509,-0.99,116.649,1.26,-6.512241935326724,0.001542984987427,61.23247146606445,320.781982421875,281.2679443359375
2020-08-28,2.71,,-0.511,-1.03,115.9374,1.26,-6.512241935326724,0.0015244833160836,61.282859802246094,322.85400390625,282.6982421875
2020-08-31,2.67,,-0.511,-1.08,115.7586,1.26,-6.512241935326724,0.00154553767387,61.19650268554688,321.6845092773437,284.9691772460937
2020-09-01,2.67,,-0.511,-1.08,115.5687,0.5,-6.183101854793705,0.0015290621386871,61.52960968017578,324.71435546875,289.83984375
2020-09-02,2.64,,-0.511,-1.07,116.0304,0.5,-6.183101854793705,0.0015524193460917,61.60185241699219,329.4109802246094,292.5843200683594
2020-09-03,2.64,,-0.511,-1.02,116.0685,0.5,-6.183101854793705,0.0015345507274079,61.21889114379883,318.07452392578125,277.75030517578125
2020-09-04,2.68,,-0.509,-0.98,116.0347,0.5,-6.183101854793705,0.001583502224084,61.05265045166016,315.4774780273437,274.0489807128906
2020-09-07,2.68,,-0.509,-0.98,116.0347,0.5,-6.183101854793705,0.001583502224084,61.05265045166016,315.4774780273437,274.0489807128906
2020-09-08,2.67,,-0.509,-0.99,116.4618,0.5,-6.183101854793705,0.001558458379557,60.71306610107422,306.8577575683594,260.8770751953125
2020-09-09,2.69,,-0.509,-1.0,116.1291,0.5,-6.183101854793705,0.0015632231388812,61.18996810913086,312.9173889160156,268.5405578613281
2020-09-10,2.69,,-0.509,-1.01,115.8806,0.5,-6.183101854793705,0.0015285027444426,60.90092468261719,307.4840087890625,263.1867980957031
2020-09-11,2.69,,-0.505,-0.98,116.0866,0.5,-6.183101854793705,0.0015656929731868,61.02376174926758,307.640625,261.3603210449219
2020-09-14,2.66,,-0.505,-0.97,115.6428,0.5,-6.183101854793705,0.0015700680901302,60.958744049072266,311.6925964355469,265.9119567871094
2020-09-15,2.68,,-0.505,-0.99,115.5908,0.5,-6.183101854793705,0.0015657107229513,61.12491989135742,313.26739501953125,269.680908203125
2020-09-16,2.67,,-0.505,-0.99,115.3537,0.5,-6.183101854793705,0.0015600449769983,61.12491989135742,312.0241394042969,265.38043212890625
2020-09-17,2.65,,-0.505,-0.97,115.4392,0.5,-6.183101854793705,0.0015806700765472,61.05990219116211,309.2798156738281,261.2346496582031
2020-09-18,2.66,,-0.501,-0.97,115.2395,0.5,-6.183101854793705,0.0015949491097765,60.908164978027344,305.7191467285156,257.9006652832031
2020-09-21,2.66,,-0.501,-0.94,116.378,0.5,-6.183101854793705,0.0015934673287583,60.41681289672852,302.316650390625,258.5190734863281
2020-09-22,2.66,,-0.501,-0.94,116.5438,0.5,-6.183101854793705,0.0016111872193165,60.6263427734375,305.3955383300781,263.32208251953125
2020-09-23,2.68,,-0.501,-0.92,117.2526,0.5,-6.183101854793705,0.0016094951099433,60.01212310791016,298.3131103515625,255.2816772460937
2020-09-24,2.7,,-0.501,-0.91,117.5473,0.5,-6.183101854793705,0.0015891452248003,60.04825210571289,299.1082763671875,256.47039794921875
2020-09-25,2.74,,-0.495,-0.92,117.8679,0.5,-6.183101854793705,0.0016003661127921,59.93986892700195,303.94390869140625,262.4329833984375
2020-09-28,2.76,,-0.495,-0.94,117.6178,0.5,-6.183101854793705,0.0015962729430976,60.33005905151367,308.9922790527344,267.88348388671875
2020-09-29,2.74,,-0.495,-0.98,117.526,0.5,-6.183101854793705,0.0015749880836778,60.380653381347656,307.3094787597656,266.67547607421875
2020-09-30,2.75,,-0.495,-0.94,116.946,0.5,-6.183101854793705,0.0016045033536999,60.6263427734375,309.63946533203125,268.501953125
2020-10-01,2.75,,-0.495,-0.95,116.7227,1.01,-4.622683457542831,0.0015004716420158,60.83462524414063,311.6273803710937,272.7636413574219
2020-10-02,2.76,,-0.492,-0.94,116.7321,1.01,-4.622683457542831,0.0015674665645249,60.83462524414063,308.66864013671875,265.0905456542969
2020-10-05,2.74,,-0.492,-0.9,116.1767,1.01,-4.622683457542831,0.0015503267525068,61.29178237915039,314.1423034667969,270.743896484375
2020-10-06,2.7,,-0.492,-0.9,116.2681,1.01,-4.622683457542831,0.0015598864628012,61.153926849365234,309.67645263671875,265.9119567871094
2020-10-07,2.69,,-0.492,-0.9,116.3447,1.01,-4.622683457542831,0.0016110107894367,61.37162399291992,315.0669250488281,270.5119934082031
2020-10-08,2.68,,-0.492,-0.94,116.1657,1.01,-4.622683457542831,0.0016107169832877,61.509498596191406,317.8591003417969,271.951904296875
2020-10-09,2.67,,-0.492,-0.94,115.2757,1.01,-4.622683457542831,0.0016043240218523,61.64738464355469,320.69775390625,276.1073913574219
2020-10-12,2.67,,-0.492,-0.94,115.2757,1.01,-4.622683457542831,0.0015921977158485,61.959449768066406,325.8569641113281,284.6309509277344
2020-10-13,2.65,,-0.492,-0.96,115.9107,1.01,-4.622683457542831,0.0016110669944789,61.683685302734375,323.7303771972656,284.621337890625
2020-10-14,2.64,,-0.492,-0.96,115.6872,1.01,-4.622683457542831,0.0016028505847744,61.53128433227539,321.6961975097656,282.24395751953125
2020-10-15,2.65,,-0.492,-0.95,116.0964,1.01,-4.622683457542831,0.0016199033332196,61.48774719238281,321.2986755371094,280.34991455078125
2020-10-16,2.64,,-0.495,-0.95,115.7679,1.01,-4.622683457542831,0.0016124789449106,61.41513442993164,321.1044616699219,278.8132629394531
2020-10-19,2.61,,-0.495,-0.93,115.4031,1.01,-4.622683457542831,0.0016161351501201,61.19746398925781,316.22265625,274.26153564453125
2020-10-20,2.64,,-0.495,-0.91,115.2485,1.01,-4.622683457542831,0.0016454669438195,61.41513442993164,317.4892883300781,274.85113525390625
2020-10-21,2.63,,-0.495,-0.91,114.9108,1.01,-4.622683457542831,0.0016598254234674,61.407901763916016,316.8882751464844,274.6384582519531
2020-10-22,2.61,,-0.495,-0.89,115.1158,1.01,-4.622683457542831,0.0016569355298616,61.51673126220703,318.6265563964844,274.62890625
2020-10-23,2.6,,-0.501,-0.9,115.0126,1.01,-4.622683457542831,0.0016432702227972,61.58935546875,319.7083740234375,275.1700439453125
2020-10-26,2.6,,-0.501,-0.91,115.2797,1.01,-4.622683457542831,0.0016232196889404,61.045066833496094,313.8002624511719,271.0434875488281
2020-10-27,2.6,,-0.501,-0.92,115.0131,1.01,-4.622683457542831,0.00161881801924,61.0740966796875,312.71832275390625,273.15985107421875
2020-10-28,2.62,,-0.501,-0.91,115.8023,1.01,-4.622683457542831,0.001629357212108,60.56609344482422,302.0300598144531,262.5103454589844
2020-10-29,2.61,,-0.501,-0.86,116.3069,1.01,-4.622683457542831,0.0016359348658427,60.74026870727539,305.09967041015625,267.1007385253906
2020-10-30,2.61,,-0.51,-0.82,116.1354,1.01,-4.622683457542831,0.001621124910523,60.87089157104492,301.9190979003906,260.32623291015625
2020-11-02,2.6,,-0.51,-0.84,116.2361,0.28,-4.763324870606622,0.0016258463173352,61.01594161987305,305.3031311035156,260.9060974121094
2020-11-03,2.58,,-0.51,-0.82,115.4802,0.28,-4.763324870606622,0.0016175005989984,61.54068374633789,310.69354248046875,265.4190979003906
2020-11-04,2.58,,-0.51,-0.86,115.1677,0.28,-4.763324870606622,0.0016367571574642,62.11641693115234,317.63726806640625,277.2670593261719
2020-11-05,2.52,,-0.51,-0.87,114.4556,0.28,-4.763324870606622,0.0015958977933421,62.335086822509766,323.8321533203125,284.4956970214844
2020-11-06,2.51,,-0.524,-0.82,113.9919,0.28,-4.763324870606622,0.0016146233146639,62.11641693115234,323.7581481933594,284.708251953125
2020-11-09,2.47,,-0.524,-0.77,114.0895,0.28,-4.763324870606622,0.001700572021198,62.59012985229492,327.8263854980469,278.890625
2020-11-10,2.44,,-0.524,-0.78,114.0757,0.28,-4.763324870606622,0.0016799082958912,62.502708435058594,327.3454895019531,273.89434814453125
2020-11-11,2.44,,-0.524,-0.78,114.0757,0.28,-4.763324870606622,0.0016816252112711,62.48083114624024,329.7772521972656,280.02130126953125
2020-11-12,2.45,,-0.524,-0.83,114.2843,0.28,-4.763324870606622,0.0016784149997027,62.05815505981445,326.5781555175781,278.7069702148437
2020-11-13,2.44,,-0.541,-0.83,114.2397,0.28,-4.763324870606622,0.0016839900293274,62.26946640014648,331.0994567871094,281.1519775390625
2020-11-16,2.42,,-0.541,-0.81,113.8312,0.28,-4.763324870606622,0.0017061410190762,62.61932373046875,335.232421875,283.345703125
2020-11-17,2.42,,-0.541,-0.83,113.682,0.28,-4.763324870606622,0.0016962059235566,62.641151428222656,333.429443359375,282.44696044921875
2020-11-18,2.39,,-0.541,-0.82,113.46,0.28,-4.763324870606622,0.0017069655480243,62.52454376220703,329.4166259765625,280.3594665527344
2020-11-19,2.35,,-0.541,-0.84,113.694,0.28,-4.763324870606622,0.0017212938984733,62.73591613769531,330.80352783203125,282.55322265625
2020-11-20,2.35,,-0.557,-0.86,113.489,0.28,-4.763324870606622,0.0017587845720032,62.61932373046875,328.5382995605469,280.62042236328125
2020-11-23,2.33,,-0.557,-0.85,113.7548,0.28,-4.763324870606622,0.0017735879530427,62.71406173706055,330.5077514648437,280.630126953125
2020-11-24,2.31,,-0.557,-0.86,113.4316,0.28,-4.763324870606622,0.0018284573709198,62.90353012084961,335.8333740234375,284.5730285644531
2020-11-25,2.32,,-0.557,-0.87,113.1823,0.28,-4.763324870606622,0.0018341917958685,62.87441253662109,335.31561279296875,286.3221435546875
2020-11-26,2.32,,-0.557,-0.87,113.1823,0.28,-4.763324870606622,0.0018341917958685,62.87441253662109,335.31561279296875,286.3221435546875
2020-11-27,2.32,,-0.572,-0.91,113.1823,0.28,-4.763324870606622,0.0019077949641458,62.97643280029297,336.24951171875,288.9603576660156
2020-11-30,2.29,,-0.572,-0.93,113.2256,0.28,-4.763324870606622,0.001926282668306,62.91085433959961,334.7608947753906,289.5498352050781
2020-12-01,2.28,,-0.572,-0.89,112.8063,0.68,-3.28150457766595,0.0019116917379539,63.07252883911133,338.4222412109375,293.2608337402344
2020-12-02,2.24,,-0.572,-0.9,112.6115,0.68,-3.28150457766595,0.0019033795243309,63.24817657470703,339.1343078613281,293.63775634765625
2020-12-03,2.23,,-0.572,-0.94,112.0236,0.68,-3.28150457766595,0.0018940548775422,63.284759521484375,339.04180908203125,294.05328369140625
2020-12-04,2.23,,-0.585,-0.92,111.7778,0.68,-3.28150457766595,0.0019140475473801,63.54816436767578,341.96356201171875,295.25164794921875
2020-12-07,2.22,,-0.585,-0.94,111.8385,0.68,-3.28150457766595,0.0018844666490316,63.51885986328125,341.2608337402344,296.92340087890625
2020-12-08,2.22,,-0.585,-0.97,111.8639,0.68,-3.28150457766595,0.0018676501319459,63.46764373779297,342.2593688964844,297.92852783203125
2020-12-09,2.24,,-0.585,-0.96,112.0305,0.68,-3.28150457766595,0.0019121334043857,63.3725471496582,339.1897277832031,291.18310546875
2020-12-10,2.22,,-0.585,-0.96,111.9788,0.68,-3.28150457766595,0.0019472621861604,63.4896125793457,339.0787658691406,292.35235595703125
2020-12-11,2.23,,-0.595,-0.97,112.1417,0.68,-3.28150457766595,0.0019154255005443,63.42374420166016,338.68115234375,291.7049560546875
2020-12-14,2.24,,-0.595,-0.98,112.1708,0.68,-3.28150457766595,0.0019259584231571,63.438419342041016,337.1647644042969,293.82135009765625
2020-12-15,2.26,,-0.595,-0.99,111.8601,0.68,-3.28150457766595,0.0019100577733342,63.63594818115234,341.7230834960937,296.9621887207031
2020-12-16,2.25,,-0.595,-1.0,111.7157,0.68,-3.28150457766595,0.0019147674950515,63.54081344604492,342.2593688964844,298.5953063964844
2020-12-17,2.23,,-0.595,-1.0,111.2226,0.68,-3.28150457766595,0.0019059982920294,63.635623931884766,344.1732788085937,300.5473937988281
2020-12-18,2.24,,-0.602,-1.0,111.6071,0.68,-3.28150457766595,0.0019242191646058,63.68703842163086,342.7990417480469,299.63897705078125
2020-12-21,2.23,,-0.602,-1.0,111.9415,0.68,-3.28150457766595,0.0019013410212125,63.45927810668945,341.5733947753906,299.0784606933594
2020-12-22,2.22,,-0.602,-1.01,112.1947,0.68,-3.28150457766595,0.0018847101325832,63.54009628295898,340.9976806640625,299.8917541503906
2020-12-23,2.24,,-0.602,-1.01,111.9807,0.68,-3.28150457766595,0.0018947032262714,63.82662582397461,341.30419921875,298.38134765625
2020-12-24,2.23,,-0.602,-1.03,111.9807,0.68,-3.28150457766595,0.0018937176959126,63.95888519287109,342.6319580078125,299.6981201171875
2020-12-25,2.23,,-0.608,-1.03,111.9807,0.68,-3.28150457766595,0.0018937176959126,63.95888519287109,342.6319580078125,299.6981201171875
2020-12-28,2.22,,-0.608,-1.03,111.9752,0.68,-3.28150457766595,0.0019017686054243,64.03971862792969,345.5754699707031,302.7186584472656
2020-12-29,2.22,,-0.608,-1.02,111.5172,0.68,-3.28150457766595,0.0018901952788167,63.95888519287109,344.91607666015625,302.98974609375
2020-12-30,2.2,,-0.608,-1.03,111.3084,0.68,-3.28150457766595,0.0018736118365065,64.09112548828125,345.408203125,302.99951171875
2020-12-31,2.18,,-0.608,-1.06,111.3169,0.68,-3.28150457766595,0.0018562146660411,64.14258575439453,347.1632080078125,303.7448425292969
2021-01-01,2.18,,-0.614,-1.06,111.3169,0.86,-2.12958435691818,0.0018562146660411,64.14258575439453,347.1632080078125,303.7448425292969
2021-01-04,2.19,,-0.614,-1.08,111.2075,0.86,-2.12958435691818,0.0018270170527623,64.01033782958984,342.4368591308594,299.4560241699219
2021-01-05,2.23,,-0.614,-1.07,110.9574,0.86,-2.12958435691818,0.0018643417625323,64.0323486328125,344.7953796386719,301.9247741699219
2021-01-06,2.27,,-0.614,-1.02,110.8502,0.86,-2.12958435691818,0.0019141014466602,63.91481018066406,346.85675048828125,297.742431640625
2021-01-07,2.23,,-0.614,-1.01,111.3042,0.86,-2.12958435691818,0.0019324895689187,64.09850311279297,352.0101318359375,304.9454040527344
2021-01-08,2.19,,-0.618,-0.93,111.2847,0.86,-2.12958435691818,0.0020028897606094,64.1939926147461,354.015869140625,308.8663024902344
2021-01-11,2.15,,-0.618,-0.91,111.8257,0.86,-2.12958435691818,0.0019269030808416,63.848670959472656,351.6294860839844,304.4032897949219
2021-01-12,2.16,,-0.618,-0.93,111.5501,0.86,-2.12958435691818,0.0019561560428215,63.92949676513672,351.7038269042969,303.919189453125
2021-01-13,2.13,,-0.618,-0.96,111.3622,0.86,-2.12958435691818,0.0019513380182547,64.12056732177734,352.65093994140625,305.9716186523437
2021-01-14,2.12,,-0.618,-0.94,111.1567,0.86,-2.12958435691818,0.0019823811738841,64.10584259033203,351.4158935546875,304.3354187011719
2021-01-15,2.13,,-0.621,-0.99,111.5106,0.86,-2.12958435691818,0.0019696057669279,64.00299835205078,348.8531188964844,301.9247741699219
2021-01-18,2.13,,-0.621,-0.99,111.5106,0.86,-2.12958435691818,0.0019696057669279,64.00299835205078,348.8531188964844,301.9247741699219
2021-01-19,2.11,,-0.621,-1.0,111.4527,0.86,-2.12958435691818,0.0019766240380451,64.18667602539062,351.5923767089844,306.32989501953125
2021-01-20,2.11,,-0.621,-1.02,111.4527,0.86,-2.12958435691818,0.0019548207248093,64.30423736572266,356.4578552246094,313.4554138183594
2021-01-21,2.12,,-0.621,-0.98,111.1973,0.86,-2.12958435691818,0.0019597382938185,64.2674789428711,356.7829284667969,315.9627990722656
2021-01-22,2.14,,-0.623,-0.99,111.5516,0.86,-2.12958435691818,0.0019590990191748,64.14258575439453,355.52020263671875,315.0527648925781
2021-01-25,2.15,,-0.623,-1.03,111.8676,0.86,-2.12958435691818,0.0019626395065763,64.15729522705078,356.92218017578125,317.6570129394531
2021-01-26,2.16,,-0.623,-1.03,111.6572,0.86,-2.12958435691818,0.0019603393941214,64.06175231933594,356.3650817871094,318.121826171875
2021-01-27,2.16,,-0.623,-1.04,112.0782,0.86,-2.12958435691818,0.0019358772918206,63.87806701660156,347.6553649902344,309.2536315917969
2021-01-28,2.17,,-0.623,-1.06,112.0059,0.86,-2.12958435691818,0.001949507534192,64.06909942626953,350.6451721191406,311.08349609375
2021-01-29,2.17,,-0.623,-1.02,111.9511,0.86,-2.12958435691818,0.00193444476995,63.90012741088867,343.6253967285156,304.5387268066406
2021-02-01,2.19,,-0.623,-1.02,112.4189,-1.85,-5.680577271180343,0.0019142304077661,64.1051025390625,349.34527587890625,312.1484069824219
2021-02-02,2.18,,-0.623,-1.03,112.2862,-1.85,-5.680577271180343,0.0019333515620498,64.26000213623047,354.2850952148437,317.24072265625
2021-02-03,2.17,,-0.623,-1.04,112.2567,-1.85,-5.680577271180343,0.0019531165417486,64.31160736083984,354.56365966796875,315.9822692871094
2021-02-04,2.19,,-0.623,-1.02,112.7469,-1.85,-5.680577271180343,0.0019934037319437,64.44436645507812,358.5935363769531,319.71923828125
2021-02-05,2.18,,-0.625,-1.02,112.2379,-1.85,-5.680577271180343,0.0020094979788529,64.54023742675781,360.0049133300781,320.80352783203125
2021-02-08,2.14,,-0.625,-1.03,112.0428,-1.85,-5.680577271180343,0.0020082973152394,64.73194885253906,362.6048889160156,322.95281982421875
2021-02-09,2.15,,-0.625,-1.04,111.7675,-1.85,-5.680577271180343,0.0020342722740069,64.61393737792969,362.3634033203125,322.8851013183594
2021-02-10,2.16,,-0.625,-1.06,111.5834,-1.85,-5.680577271180343,0.0020566663586888,64.59919738769531,362.2054748535156,322.1493530273437
2021-02-11,2.18,,-0.625,-1.04,111.5272,-1.85,-5.680577271180343,0.0020754561093551,64.62869262695312,362.7905578613281,323.9210205078125
2021-02-12,2.19,,-0.627,-1.01,111.4889,-1.85,-5.680577271180343,0.0020871761620184,64.73194885253906,364.5826721191406,325.7313842773437
2021-02-15,2.19,,-0.627,-1.01,111.4889,-1.85,-5.680577271180343,0.0020871761620184,64.73194885253906,364.5826721191406,325.7313842773437
2021-02-16,2.15,,-0.627,-0.94,111.7879,-1.85,-5.680577271180343,0.0021411084765954,64.62869262695312,364.2669372558594,324.8504638671875
2021-02-17,2.13,,-0.627,-0.92,112.0204,-1.85,-5.680577271180343,0.0021658856182856,64.60657501220703,364.3504638671875,323.2917175292969
2021-02-18,2.13,,-0.627,-0.87,112.1603,-1.85,-5.680577271180343,0.0022084696276277,64.51808166503906,362.79986572265625,321.8781433105469
2021-02-19,2.14,,-0.629,-0.8,111.7058,-1.85,-5.680577271180343,0.0023031873184635,64.52545166015625,362.1592102050781,320.4743957519531
2021-02-22,2.16,,-0.629,-0.79,111.918,-1.85,-5.680577271180343,0.0022983894751834,64.32633972167969,359.3734741210937,312.167724609375
2021-02-23,2.2,,-0.629,-0.79,111.8981,-1.85,-5.680577271180343,0.0023207159960883,64.4812240600586,359.8099670410156,311.23834228515625
2021-02-24,2.22,,-0.629,-0.79,111.7212,-1.85,-5.680577271180343,0.0023942329435552,64.547607421875,363.7748107910156,313.8039245605469
2021-02-25,2.12,,-0.629,-0.6,111.9253,-1.85,-5.680577271180343,0.0024041928174651,63.93552780151367,355.0094299316406,302.8639221191406
2021-02-26,2.12,,-0.631,-0.71,112.8306,-1.85,-5.680577271180343,0.0023693652697735,63.74378204345703,353.18017578125,304.1321716308594
2021-03-01,2.13,,-0.631,-0.71,112.5263,2.4,1.0038210492383517,0.0023915820959171,64.45942687988281,361.7413330078125,313.2810974121094
2021-03-02,2.15,,-0.631,-0.78,112.5342,2.4,1.0038210492383517,0.0024415787942888,64.36322784423828,358.9185485839844,308.2564697265625
2021-03-03,2.14,,-0.631,-0.74,112.7617,2.4,1.0038210492383517,0.002421150679012,64.15599822998047,354.1643981933594,299.3108215332031
2021-03-04,2.13,,-0.631,-0.66,112.7037,2.4,1.0038210492383517,0.002347370927935,63.91179275512695,349.7817687988281,294.4120178222656
2021-03-05,2.13,,-0.635,-0.66,113.7487,2.4,1.0038210492383517,0.0024069492892747,64.1042251586914,356.2164611816406,298.8460998535156
2021-03-08,2.14,,-0.635,-0.62,114.2678,2.4,1.0038210492383517,0.0024459080937014,63.63797378540039,354.4430236816406,290.38458251953125
2021-03-09,2.16,,-0.635,-0.66,113.928,2.4,1.0038210492383517,0.0023415471489655,63.72676086425781,359.5035705566406,301.8376770019531
2021-03-10,2.17,,-0.635,-0.73,113.5881,2.4,1.0038210492383517,0.0023479522607577,63.92657470703125,361.7413330078125,300.9759216308594
2021-03-11,2.18,,-0.635,-0.74,112.9214,2.4,1.0038210492383517,0.002405504272443,64.16339874267578,365.4089965820313,307.9079284667969
2021-03-12,2.19,,-0.64,-0.62,113.0269,2.4,1.0038210492383517,0.002410875360922,63.98577880859375,365.9011840820313,305.4100952148437
2021-03-15,2.18,,-0.64,-0.65,113.1928,2.4,1.0038210492383517,0.0023983457991051,63.99317169189453,368.083251953125,308.6727600097656
2021-03-16,2.19,,-0.64,-0.68,112.9839,2.4,1.0038210492383517,0.0023569860474568,63.84518814086914,367.6190490722656,310.36700439453125
2021-03-17,2.23,,-0.64,-0.67,113.1589,2.4,1.0038210492383517,0.0023905487988396,63.93400192260742,368.87249755859375,311.6448974609375
2021-03-18,2.17,,-0.64,-0.56,112.7744,2.4,1.0038210492383517,0.0023767464605986,63.44551467895508,363.5055541992188,302.0990905761719
2021-03-19,2.1,,-0.645,-0.57,112.9756,2.4,1.0038210492383517,0.0023679222536405,63.68974685668945,362.8328857421875,303.1640014648437
2021-03-22,2.08,,-0.645,-0.64,113.0023,2.4,1.0038210492383517,0.002387501468103,63.91915130615234,365.7301635742188,308.84930419921875
2021-03-23,2.11,,-0.645,-0.66,113.2916,2.4,1.0038210492383517,0.0023702672560126,63.98577880859375,362.85150146484375,307.501953125
2021-03-24,2.1,,-0.645,-0.69,113.6565,2.4,1.0038210492383517,0.0023495295557518,64.02279663085938,361.0069885253906,302.3157653808594
2021-03-25,2.11,,-0.645,-0.69,114.0016,2.4,1.0038210492383517,0.0023102787632283,64.1337890625,363.0379638671875,301.79229736328125
2021-03-26,2.09,,-0.652,-0.67,113.7406,2.4,1.0038210492383517,0.0023545202106992,64.32621002197266,368.8882141113281,306.3192443847656
2021-03-29,2.08,,-0.652,-0.63,113.9314,2.4,1.0038210492383517,0.0023614276496142,64.36322784423828,368.7019348144531,306.2320556640625
2021-03-30,2.04,,-0.652,-0.62,114.203,2.4,1.0038210492383517,0.0023653423494902,64.2077865600586,367.7237243652344,304.6907043457031
2021-03-31,2.03,,-0.652,-0.63,113.8234,2.4,1.0038210492383517,0.0023357449343635,64.51859283447266,369.21429443359375,309.3533630371094
2021-04-01,1.98,,-0.652,-0.66,113.7389,0.12,16.55213518144698,0.0023188531623175,64.6552505493164,373.2014770507813,314.6267395019531
2021-04-02,1.98,,-0.659,-0.64,113.7315,0.12,16.55213518144698,0.0023188531623175,64.6552505493164,373.2014770507813,314.6267395019531
2021-04-05,1.93,,-0.659,-0.62,113.394,0.12,16.55213518144698,0.0024024320601312,64.6849594116211,378.5580749511719,320.9082336425781
2021-04-06,1.95,,-0.659,-0.65,113.1464,0.12,16.55213518144698,0.0023695091184035,64.79637145996094,378.3345031738281,320.6852722167969
2021-04-07,1.96,,-0.659,-0.66,113.2436,0.12,16.55213518144698,0.0023354980671907,64.77410888671875,378.7723388671875,321.46075439453125
2021-04-08,1.98,,-0.659,-0.69,113.0917,0.12,16.55213518144698,0.0023357808375011,64.79637145996094,380.5702819824219,324.81475830078125
2021-04-09,1.96,,-0.668,-0.64,113.2028,0.12,16.55213518144698,0.0023234668746779,64.75180053710938,383.3370666503906,326.7825622558594
2021-04-12,1.95,,-0.668,-0.64,113.1815,0.12,16.55213518144698,0.0023278652515443,64.6849594116211,383.4768371582031,326.3561096191406
2021-04-13,1.97,,-0.668,-0.69,113.0391,0.12,16.55213518144698,0.0023153134430791,64.72950744628906,384.6133728027344,330.16571044921875
2021-04-14,1.98,,-0.668,-0.69,112.7849,0.12,16.55213518144698,0.0023863045756102,64.69981384277344,383.2998046875,326.200927734375
2021-04-15,1.95,,-0.668,-0.77,112.6181,0.12,16.55213518144698,0.002396340864817,64.95970153808594,387.41748046875,331.1446838378906
2021-04-16,1.97,,-0.675,-0.77,112.4814,0.12,16.55213518144698,0.0023496345297013,64.82606506347656,388.7123107910156,331.5324401855469
2021-04-19,1.99,,-0.675,-0.73,112.1835,0.12,16.55213518144698,0.0024019441287209,64.72208404541016,386.8025207519531,328.4983825683594
2021-04-20,2.0,,-0.675,-0.74,112.2354,0.12,16.55213518144698,0.0023766386434845,64.61070251464844,383.9705810546875,326.1040344238281
2021-04-21,2.01,,-0.675,-0.76,112.1771,0.12,16.55213518144698,0.0023916196285965,64.82606506347656,387.6037292480469,328.89581298828125
2021-04-22,1.99,,-0.675,-0.76,112.2297,0.12,16.55213518144698,0.0024031552057555,64.70723724365234,384.0637512207031,324.9310913085937
2021-04-23,1.99,,-0.681,-0.76,112.0889,0.12,16.55213518144698,0.0024440067164604,64.8780288696289,388.2278442382813,329.0218811035156
2021-04-26,1.98,,-0.681,-0.78,111.8109,0.12,16.55213518144698,0.002500000042881,64.84832763671875,389.038330078125,331.1640930175781
2021-04-27,1.97,,-0.681,-0.76,111.9097,0.12,16.55213518144698,0.0026676040666578,64.75923919677734,388.9545593261719,329.7294616699219
2021-04-28,1.98,,-0.681,-0.78,111.7909,0.12,16.55213518144698,0.0025586511979612,64.88546752929688,388.8428039550781,328.6147766113281
2021-04-29,1.97,,-0.681,-0.77,111.7464,0.12,16.55213518144698,0.002541145915139,64.95970153808594,391.3206481933594,329.79736328125
2021-04-30,1.96,,-0.686,-0.76,112.0839,0.12,16.55213518144698,0.0025343744513121,64.9300308227539,388.7496032714844,327.6356811523437
2021-05-03,1.96,,-0.686,-0.79,112.005,0.23,15.673379835366053,0.0025360054478833,64.95536041259766,389.5880126953125,325.8908386230469
2021-05-04,1.97,,-0.686,-0.81,112.2896,0.23,15.673379835366053,0.0025543415081704,64.91808319091797,387.1846008300781,320.026123046875
2021-05-05,1.98,,-0.686,-0.88,112.1514,0.23,15.673379835366053,0.0025441399565299,65.04476165771484,387.3056640625,318.9500732421875
2021-05-06,1.96,,-0.686,-0.87,111.8401,0.23,15.673379835366053,0.0025442026758679,65.02241516113281,390.3984680175781,321.3541564941406
2021-05-07,1.97,,-0.691,-0.89,111.0249,0.23,15.673379835366053,0.002602806978074,65.06707763671875,393.2398681640625,323.9617919921875
2021-05-10,1.98,,-0.691,-0.91,110.7905,0.23,15.673379835366053,0.0025760544238447,64.91808319091797,389.34576416015625,315.7803039550781
2021-05-11,2.01,,-0.691,-0.89,110.8921,0.23,15.673379835366053,0.0026028106196216,64.85104370117188,385.8709716796875,315.3440856933594
2021-05-12,2.02,,-0.691,-0.85,111.5636,0.23,15.673379835366053,0.0026075387473285,64.53810119628906,377.6730651855469,307.1819763183594
2021-05-13,2.04,,-0.691,-0.85,111.5955,0.23,15.673379835366053,0.0025800526372989,64.76908874511719,382.2098693847656,309.5569763183594
2021-05-14,2.03,,-0.694,-0.88,111.1353,0.23,15.673379835366053,0.0025376788575968,64.97769927978516,388.0788269042969,316.3910217285156
2021-05-17,2.02,,-0.694,-0.9,111.079,0.23,15.673379835366053,0.0025282462757115,64.8584976196289,387.0913391113281,314.4716796875
2021-05-18,2.03,,-0.694,-0.88,110.8317,0.23,15.673379835366053,0.0025353355472001,64.70201110839844,383.7563171386719,312.3487243652344
2021-05-19,2.02,,-0.694,-0.8,110.8807,0.23,15.673379835366053,0.0024395364010476,64.5306625366211,382.7501831054688,312.7074279785156
2021-05-20,2.02,,-0.694,-0.78,110.8605,0.23,15.673379835366053,0.0024349025719289,64.80632781982422,386.8677978515625,318.7562561035156
2021-05-21,2.01,,-0.696,-0.8,111.0576,0.23,15.673379835366053,0.0023956945329872,64.90318298339844,386.5510559082031,316.9920349121094
2021-05-24,2.0,,-0.696,-0.83,110.9118,0.23,15.673379835366053,0.0024097952617985,64.97769927978516,390.4916687011719,322.3235168457031
2021-05-25,2.01,,-0.696,-0.86,110.842,0.23,15.673379835366053,0.0023823823266064,64.98514556884766,389.6252136230469,322.7694091796875
2021-05-26,1.98,,-0.696,-0.82,110.8677,0.23,15.673379835366053,0.0023841581423008,65.00749969482422,390.3984680175781,323.8938293457031
2021-05-27,1.98,,-0.696,-0.81,110.8688,0.23,15.673379835366053,0.0024616237863318,64.97769927978516,390.6034240722656,322.6822204589844
2021-05-28,1.99,,-0.698,-0.84,110.7576,0.23,15.673379835366053,0.002461235156667,64.95536041259766,391.3020324707031,323.7001037597656
2021-05-31,1.99,,-0.698,-0.84,110.7576,0.23,15.673379835366053,0.002461235156667,64.95536041259766,391.3020324707031,323.7001037597656
2021-06-01,1.97,,-0.698,-0.84,110.5046,0.33,8.958396565691418,0.0024499448838497,65.15045928955078,390.95751953125,322.6240234375
2021-06-02,1.98,,-0.698,-0.85,110.5799,0.33,8.958396565691418,0.0024115333707117,65.23269653320312,391.572265625,323.2541809082031
2021-06-03,1.96,,-0.698,-0.79,111.1782,0.33,8.958396565691418,0.0023896430293785,65.09813690185547,390.1190185546875,319.89044189453125
2021-06-04,1.98,,-0.699,-0.84,110.7521,0.33,8.958396565691418,0.0024010476174166,65.24018859863281,393.68701171875,325.3188171386719
2021-06-07,1.98,,-0.699,-0.82,110.5155,0.33,8.958396565691418,0.002390868689725,65.26261901855469,393.3049621582031,326.2882385253906
2021-06-08,1.98,,-0.699,-0.83,110.649,0.33,8.958396565691418,0.0024114788711166,65.30741882324219,393.3887939453125,326.4432983398437
2021-06-09,1.96,,-0.699,-0.82,110.5707,0.33,8.958396565691418,0.0023962075291116,65.35979461669922,392.8019409179688,326.5208740234375
2021-06-10,2.0,,-0.699,-0.9,110.5456,0.33,8.958396565691418,0.0023703937740787,65.47937774658203,394.62786865234375,329.9233093261719
2021-06-11,1.97,,-0.698,-0.85,111.0933,0.33,8.958396565691418,0.0024190369833249,65.50181579589844,395.2799072265625,330.7861328125
2021-06-14,1.96,,-0.698,-0.85,110.9659,0.33,8.958396565691418,0.0024313305068936,65.44203186035156,396.1649169921875,333.9559631347656
2021-06-15,1.96,,-0.698,-0.87,111.3507,0.33,8.958396565691418,0.002340253519864,65.43450927734375,395.4382934570313,331.7747802734375
2021-06-16,1.91,,-0.698,-0.75,111.1165,0.33,8.958396565691418,0.0023621940971799,65.34484100341797,393.23052978515625,330.5631103515625
2021-06-17,1.84,,-0.698,-0.75,112.5772,0.33,8.958396565691418,0.002359059703602,65.38967895507812,393.10009765625,334.7604064941406
2021-06-18,1.85,,-0.695,-0.79,113.0408,0.33,8.958396565691418,0.0023544882895808,65.35979461669922,387.7969665527344,332.13348388671875
2021-06-21,1.88,,-0.695,-0.75,112.8391,0.33,8.958396565691418,0.0023501514677553,65.48684692382812,393.3486633300781,334.1976318359375
2021-06-22,1.9,,-0.695,-0.83,112.9174,0.33,8.958396565691418,0.0023838877525951,65.53169250488281,395.45159912109375,337.3129272460937
2021-06-23,1.89,,-0.695,-0.84,112.3819,0.33,8.958396565691418,0.0024300060217551,65.46442413330078,394.9749450683594,337.4778747558594
2021-06-24,1.88,,-0.695,-0.81,112.326,0.33,8.958396565691418,0.0024281933609829,65.666259765625,397.3115539550781,339.5645446777344
2021-06-25,1.9,,-0.691,-0.8,111.9655,0.33,8.958396565691418,0.0024197905242901,65.7335433959961,398.7228393554688,339.14715576171875
2021-06-28,1.88,,-0.691,-0.84,112.0248,0.33,8.958396565691418,0.0024039109556186,65.72608184814453,399.526611328125,343.2717590332031
2021-06-29,1.87,,-0.691,-0.83,112.2613,0.33,8.958396565691418,0.00242597010813,65.80831909179688,399.7416076660156,344.5138854980469
2021-06-30,1.87,,-0.691,-0.87,112.5533,0.33,8.958396565691418,0.0024263045445684,65.81576538085938,400.0780334472656,343.9704895019531
2021-07-01,1.86,,-0.691,-0.87,112.74,0.75,5.4998863464161385,0.0023886480346191,65.9448013305664,402.2930908203125,344.1064453125
2021-07-02,1.87,,-0.686,-0.89,112.5425,0.75,5.4998863464161385,0.0024021093478599,66.04978942871094,405.3680419921875,348.0562438964844
2021-07-05,1.87,,-0.686,-0.89,112.5425,0.75,5.4998863464161385,0.0024021093478599,66.04978942871094,405.3680419921875,348.0562438964844
2021-07-06,1.9,,-0.686,-0.94,112.9516,0.75,5.4998863464161385,0.0023741287410109,66.0123291015625,404.6296691894531,349.56060791015625
2021-07-07,1.89,,-0.686,-0.95,113.1048,0.75,5.4998863464161385,0.002402997499964,66.03483581542969,406.05963134765625,350.2981262207031
2021-07-08,1.91,,-0.686,-0.92,113.0776,0.75,5.4998863464161385,0.0023735831121221,65.89228820800781,402.7510681152344,348.1824645996094
2021-07-09,1.91,,-0.679,-0.91,112.8375,0.75,5.4998863464161385,0.002404696111521,66.00482940673828,407.0504150390625,350.3563537597656
2021-07-12,1.91,,-0.679,-0.95,112.7611,0.75,5.4998863464161385,0.002394350570049,65.9822998046875,408.5084228515625,351.7247314453125
2021-07-13,1.91,,-0.679,-0.94,113.0063,0.75,5.4998863464161385,0.0023844919845398,65.78729248046875,407.1158142089844,351.7247314453125
2021-07-14,1.91,,-0.679,-0.97,112.8801,0.75,5.4998863464161385,0.002344460799174,65.89228820800781,407.7233276367188,352.3556213378906
2021-07-15,1.92,,-0.679,-1.01,113.0041,0.75,5.4998863464161385,0.002369831615209,65.84727478027344,406.3307189941406,349.8807373046875
2021-07-16,1.93,,-0.672,-1.02,113.0428,0.75,5.4998863464161385,0.002387710102467,65.75729370117188,403.1435546875,347.0469970703125
2021-07-19,1.97,,-0.672,-1.05,113.5472,0.75,5.4998863464161385,0.002327915009209,65.31478118896484,397.1900024414063,344.2033996582031
2021-07-20,1.98,,-0.672,-1.03,113.7502,0.75,5.4998863464161385,0.002359876253826,65.644775390625,402.8818359375,348.201904296875
2021-07-21,1.96,,-0.672,-0.98,113.3926,0.75,5.4998863464161385,0.0023753395818958,65.8022689819336,406.1437683105469,350.8901062011719
2021-07-22,1.95,,-0.672,-1.01,113.4695,0.75,5.4998863464161385,0.0024088642934022,65.83981323242188,406.9942932128906,353.2095947265625
2021-07-23,1.93,,-0.665,-1.05,113.4398,0.75,5.4998863464161385,0.0024461528827303,65.96729278564453,411.1814270019531,357.3341979980469
2021-07-26,1.94,,-0.665,-1.11,113.2238,0.75,5.4998863464161385,0.0025512872350262,65.86981201171875,412.1907958984375,357.6155700683594
2021-07-27,1.95,,-0.665,-1.13,113.2227,0.75,5.4998863464161385,0.0025262572958125,65.77980041503906,410.3123168945313,353.6754150390625
2021-07-28,1.96,,-0.665,-1.15,113.1807,0.75,5.4998863464161385,0.0024890247799681,65.83229064941406,410.14398193359375,355.0341186523437
2021-07-29,1.94,,-0.665,-1.15,112.4834,0.75,5.4998863464161385,0.0024683268356543,65.97480773925781,411.8450927734375,355.6649780273437
2021-07-30,1.95,,-0.66,-1.16,112.6714,0.75,5.4998863464161385,0.0024718637766747,65.88477325439453,409.844970703125,353.8113098144531
2021-08-02,1.95,,-0.66,-1.17,112.6691,-0.04,4.261168528131454,0.0024377098177942,65.72147369384766,408.9850463867188,353.8404235839844
2021-08-03,1.97,,-0.66,-1.19,112.8228,-0.04,4.261168528131454,0.0024214131573502,65.7967758178711,412.3123779296875,355.985107421875
2021-08-04,1.96,,-0.66,-1.16,112.8953,-0.04,4.261168528131454,0.0023916044869958,65.67634582519531,410.2842102050781,356.49957275390625
2021-08-05,1.95,,-0.66,-1.1,112.7674,-0.04,4.261168528131454,0.0024073458817482,65.82682800292969,412.882568359375,358.7607727050781
2021-08-06,1.94,,-0.655,-1.06,113.3088,-0.04,4.261168528131454,0.0024690340865742,65.75157928466797,413.564697265625,357.1885681152344
2021-08-09,1.95,,-0.655,-1.04,113.4521,-0.04,4.261168528131454,0.002487524729349,65.60113525390625,413.228271484375,357.8485107421875
2021-08-10,1.95,,-0.655,-1.04,113.4973,-0.04,4.261168528131454,0.0025170638080916,65.45063018798828,413.7423095703125,356.0142822265625
2021-08-11,1.99,,-0.655,-1.07,113.282,-0.04,4.261168528131454,0.0024931443000055,65.55594635009766,414.7704162597656,355.4029235839844
2021-08-12,1.99,,-0.655,-1.05,113.2691,-0.04,4.261168528131454,0.0024905660072008,65.6688232421875,416.0134887695313,356.6839599609375
2021-08-13,1.98,,-0.652,-1.08,113.0615,-0.04,4.261168528131454,0.0024712709579714,65.81180572509766,416.7705993652344,357.9358825683594
2021-08-16,1.97,,-0.652,-1.1,113.1698,-0.04,4.261168528131454,0.0024187139558185,65.83438873291016,417.7518615722656,358.0911865234375
2021-08-17,1.98,,-0.652,-1.07,113.6174,-0.04,4.261168528131454,0.0023529410696163,65.68390655517578,415.0133666992188,354.9371337890625
2021-08-18,1.97,,-0.652,-1.05,113.6959,-0.04,4.261168528131454,0.002310283021935,65.53338623046875,410.47113037109375,351.5209655761719
2021-08-19,1.98,,-0.652,-1.04,114.1106,-0.04,4.261168528131454,0.0022685652976761,65.52589416503906,411.1067199707031,353.2192687988281
2021-08-20,1.96,,-0.651,-1.01,114.5009,-0.04,4.261168528131454,0.0023214486393615,65.68390655517578,414.3778381347656,356.8780517578125
2021-08-23,1.97,,-0.651,-1.02,113.9418,-0.04,4.261168528131454,0.0023483252251551,65.8870620727539,418.02294921875,362.2157287597656
2021-08-24,1.95,,-0.651,-1.01,113.6795,-0.04,4.261168528131454,0.002356557472294,65.97733306884766,418.6865234375,363.3220825195313
2021-08-25,1.93,,-0.651,-1.0,113.6322,-0.04,4.261168528131454,0.0023850799591458,66.04507446289062,419.5651245117188,363.7393493652344
2021-08-26,1.92,,-0.651,-0.99,113.7883,-0.04,4.261168528131454,0.0023691551884618,66.00746154785156,417.0883483886719,361.4296569824219
2021-08-27,1.92,,-0.652,-1.08,113.3404,-0.04,4.261168528131454,0.0023761423785816,66.18804931640625,420.8175048828125,364.9427490234375
2021-08-30,1.92,,-0.652,-1.08,113.246,-0.04,4.261168528131454,0.0024107241907325,66.27079772949219,422.6681518554688,369.0382995605469
2021-08-31,1.94,,-0.652,-1.03,113.1076,-0.04,4.261168528131454,0.0024022039303109,66.28584289550781,422.0418701171875,368.7374267578125
2021-09-01,1.92,,-0.652,-1.03,112.8732,-0.13,3.012497017200721,0.0023512217025243,66.34249114990234,422.26611328125,369.3487548828125
2021-09-02,1.92,,-0.652,-1.03,112.7863,-0.13,3.012497017200721,0.0023718693413318,66.42549896240234,423.5653076171875,369.1741943359375
2021-09-03,1.91,,-0.653,-1.01,112.5476,-0.13,3.012497017200721,0.0023624992920235,66.43307495117188,423.4625549316406,370.3095703125
2021-09-06,1.91,,-0.653,-1.01,112.5476,-0.13,3.012497017200721,0.0023624992920235,66.43307495117188,423.4625549316406,370.3095703125
2021-09-07,1.91,,-0.653,-0.98,112.9795,-0.13,3.012497017200721,0.0023818141847753,66.25944519042969,421.9483642578125,370.8336486816406
2021-09-08,1.91,,-0.653,-1.03,113.2319,-0.13,3.012497017200721,0.0023633216002186,66.3349609375,421.434326171875,369.5429992675781
2021-09-09,1.9,,-0.653,-1.08,113.043,-0.13,3.012497017200721,0.002383164646916,66.39530181884766,419.6304321289063,368.2715148925781
2021-09-10,1.88,,-0.655,-1.05,112.9425,-0.13,3.012497017200721,0.0024854716220966,66.29718780517578,416.3218994140625,365.4765319824219
2021-09-13,1.87,,-0.655,-1.04,113.0341,-0.13,3.012497017200721,0.0024349889052765,66.4632568359375,417.3873596191406,365.2242431640625
2021-09-14,1.87,,-0.655,-1.05,113.0061,-0.13,3.012497017200721,0.0023926414122075,66.43307495117188,415.1349792480469,364.1858215332031
2021-09-15,1.85,,-0.655,-1.04,112.9773,-0.13,3.012497017200721,0.0024567618947383,66.53120422363281,418.6025085449219,366.89349365234375
2021-09-16,1.84,,-0.655,-1.01,113.3036,-0.13,3.012497017200721,0.0024384475889895,66.508544921875,417.9388427734375,367.1458129882813
2021-09-17,1.83,,-0.657,-0.96,113.5989,-0.13,3.012497017200721,0.0024268320729902,66.42549896240234,413.8676452636719,362.7979431152344
2021-09-20,1.84,,-0.657,-0.98,113.9422,-0.13,3.012497017200721,0.0023368146151064,66.19152069091797,406.9667663574219,355.3013916015625
2021-09-21,1.83,,-0.657,-0.96,113.8179,-0.13,3.012497017200721,0.0023243242018931,66.30474853515625,406.5823059082031,355.7386779785156
2021-09-22,1.83,,-0.657,-0.96,113.6223,-0.13,3.012497017200721,0.0023934823966284,66.42549896240234,410.5484619140625,359.0614013671875
2021-09-23,1.81,,-0.657,-0.9,113.513,-0.13,3.012497017200721,0.002420896071867,66.4556884765625,415.5367126464844,362.37451171875
2021-09-24,1.8,,-0.658,-0.87,113.7597,-0.13,3.012497017200721,0.0024504200858901,66.35757446289062,416.2210693359375,362.7144470214844
2021-09-27,1.78,,-0.658,-0.87,113.7432,-0.13,3.012497017200721,0.0024534285409109,66.29718780517578,415.0303649902344,359.8191833496094
2021-09-28,1.8,,-0.658,-0.84,114.2469,-0.13,3.012497017200721,0.0024455581093138,65.9952621459961,406.6666564941406,349.6371765136719
2021-09-29,1.81,,-0.658,-0.82,114.7092,-0.13,3.012497017200721,0.0024397326803747,66.11602783203125,407.3511352539063,349.06402587890625
2021-09-30,1.85,,-0.658,-0.85,114.6403,-0.13,3.012497017200721,0.0023300860472934,66.0405502319336,402.3724365234375,347.7815246582031
2021-10-01,1.85,,-0.659,-0.9,114.3798,0.93,3.5628709708763973,0.0023867387831312,66.19882202148438,407.154296875,349.9384155273437
2021-10-04,1.85,,-0.659,-0.89,114.2739,0.93,3.5628709708763973,0.0024043144222947,65.96406555175781,401.9036254882813,342.5933532714844
2021-10-05,1.84,,-0.659,-0.91,114.3654,0.93,3.5628709708763973,0.0023880428503328,65.93376159667969,406.08538818359375,347.218017578125
2021-10-06,1.84,,-0.659,-0.9,114.7185,0.93,3.5628709708763973,0.0023612610422322,65.89588928222656,407.7731323242188,349.4428405761719
2021-10-07,1.85,,-0.659,-0.88,114.5044,0.93,3.5628709708763973,0.0024182262179202,65.90345764160156,411.298583984375,352.6490173339844
2021-10-08,1.84,,-0.657,-0.89,114.5986,0.93,3.5628709708763973,0.0024386493613254,65.70655822753906,410.5484619140625,350.8905639648437
2021-10-11,1.84,,-0.657,-0.89,114.5986,0.93,3.5628709708763973,0.0024931607538408,65.50206756591797,407.5762023925781,348.1993408203125
2021-10-12,1.82,,-0.657,-0.9,114.7542,0.93,3.5628709708763973,0.0024620371244774,65.62326049804688,406.5729064941406,346.9848327636719
2021-10-13,1.79,,-0.657,-0.96,114.4705,0.93,3.5628709708763973,0.0025202097932556,65.79743957519531,408.0356750488281,349.7635192871094
2021-10-14,1.81,,-0.657,-1.0,114.2053,0.93,3.5628709708763973,0.002577781428826,66.16853332519531,414.8990478515625,356.2050476074219
2021-10-15,1.76,,-0.651,-0.97,114.0905,0.93,3.5628709708763973,0.0026788141335418,66.05496215820312,418.0587768554688,358.44927978515625
2021-10-18,1.72,,-0.651,-0.95,113.9899,0.93,3.5628709708763973,0.0026804737592758,66.02465057373047,419.2965087890625,362.0538024902344
2021-10-19,1.72,,-0.651,-0.89,113.647,0.93,3.5628709708763973,0.0026637285162072,66.07009887695312,422.53131103515625,364.7936401367188
2021-10-20,1.75,,-0.651,-0.92,113.5083,0.93,3.5628709708763973,0.0026657699159486,66.09278869628906,424.19085693359375,364.3175048828125
2021-10-21,1.74,,-0.651,-0.96,113.6188,0.93,3.5628709708763973,0.0025749496370854,65.92618560791016,425.29736328125,366.5424499511719
2021-10-22,1.72,,-0.64,-0.98,113.67,0.93,3.5628709708763973,0.0025207463229675,65.76714324951172,424.8567199707031,363.4626770019531
2021-10-25,1.73,,-0.64,-1.02,113.605,0.93,3.5628709708763973,0.0025202103231436,65.88072204589844,427.1350708007813,367.18359375
2021-10-26,1.71,,-0.64,-1.06,113.674,0.93,3.5628709708763973,0.0025026495836317,65.89588928222656,427.51953125,368.3398132324219
2021-10-27,1.69,,-0.64,-1.11,113.6218,0.93,3.5628709708763973,0.0024400689828974,65.84288787841797,425.62548828125,369.1947937011719
2021-10-28,1.69,,-0.64,-1.0,113.4389,0.93,3.5628709708763973,0.002463088399275,66.00950622558594,429.7322998046875,373.2948303222656
2021-10-29,1.69,,-0.626,-0.96,114.1349,0.93,3.5628709708763973,0.0024540102087374,65.8353271484375,430.6042785644531,375.1310119628906
2021-11-01,1.69,,-0.626,-0.92,114.2067,0.66,3.897545981936834,0.0024522310792033,65.7646713256836,431.344970703125,376.4135437011719
2021-11-02,1.71,,-0.626,-0.95,114.2847,0.66,3.897545981936834,0.0024453514797792,65.92418670654297,433.0890502929688,377.9874877929688
2021-11-03,1.7,,-0.626,-0.93,114.3593,0.66,3.897545981936834,0.002452937329048,66.05333709716797,435.7330627441406,381.9999694824219
2021-11-04,1.73,,-0.626,-1.03,114.3558,0.66,3.897545981936834,0.0024127162373803,66.22811889648438,437.7865295410156,386.8967590332031
2021-11-05,1.73,,-0.608,-1.09,114.0732,0.66,3.897545981936834,0.0023942963656999,66.47882080078125,439.3054809570313,387.2659301757813
2021-11-08,1.67,,-0.608,-1.11,113.8256,0.66,3.897545981936834,0.0024105287025049,66.39523315429688,439.680419921875,386.7412414550781
2021-11-09,1.67,,-0.608,-1.17,113.762,0.66,3.897545981936834,0.0023931811994839,66.44843292236328,438.2271423339844,384.0791320800781
2021-11-10,1.66,,-0.608,-1.14,114.1484,0.66,3.897545981936834,0.0023424984443897,66.07614135742188,434.7017211914063,378.4343566894531
2021-11-11,1.66,,-0.608,-1.14,114.1484,0.66,3.897545981936834,0.0023639438187292,65.96219635009766,434.8423461914063,379.4836730957031
2021-11-12,1.69,,-0.588,-1.15,114.5144,0.66,3.897545981936834,0.0023852990350929,65.9849624633789,438.12396240234375,383.4768676757813
2021-11-15,1.7,,-0.588,-1.13,114.5876,0.66,3.897545981936834,0.0023616098400441,65.90897369384766,438.2740478515625,383.3893737792969
2021-11-16,1.72,,-0.588,-1.1,115.136,0.66,3.897545981936834,0.0023513703394589,65.93937683105469,440.0086059570313,386.1194763183594
2021-11-17,1.74,,-0.588,-1.1,115.0263,0.66,3.897545981936834,0.0022853933118041,65.87100982666016,438.9397583007813,386.3235778808594
2021-11-18,1.73,,-0.588,-1.14,115.0678,0.66,3.897545981936834,0.0023159591309938,65.81782531738281,440.43060302734375,390.326416015625
2021-11-19,1.73,,-0.57,-1.11,115.2187,0.66,3.897545981936834,0.0023814284306559,65.7646713256836,439.6430358886719,392.5026245117188
2021-11-22,1.71,,-0.57,-0.98,115.6481,0.66,3.897545981936834,0.002433831773591,65.51393127441406,438.4053039550781,387.9459838867188
2021-11-23,1.73,,-0.57,-0.95,116.0118,0.66,3.897545981936834,0.0024802355262322,65.42273712158203,438.986572265625,386.1777038574219
2021-11-24,1.72,,-0.57,-0.97,116.2711,0.66,3.897545981936834,0.0024987389967545,65.40753936767578,440.15863037109375,387.42138671875
2021-11-25,1.72,,-0.57,-0.97,116.2711,0.66,3.897545981936834,0.0024987389967545,65.40753936767578,440.15863037109375,387.42138671875
2021-11-26,1.82,,-0.554,-1.07,116.5103,0.66,3.897545981936834,0.0023981962390474,64.93650817871094,430.3417053222656,380.0763244628906
2021-11-29,1.81,,-0.554,-1.02,116.581,0.66,3.897545981936834,0.0024333724818332,65.33915710449219,435.6204833984375,388.324951171875
2021-11-30,1.81,,-0.554,-1.07,116.2071,0.66,3.897545981936834,0.0024120432661352,65.0656967163086,427.1444091796875,382.6217956542969
2021-12-01,1.81,,-0.554,-1.01,115.889,0.17,2.246373128107116,0.0023840929507099,65.07482147216797,422.4000854492188,376.1123352050781
2021-12-02,1.8,,-0.554,-1.03,116.018,0.17,2.246373128107116,0.0024416424749234,65.55502319335938,428.8697204589844,378.822998046875
2021-12-03,1.81,,-0.543,-1.08,116.2377,0.17,2.246373128107116,0.0023942199754126,65.55502319335938,425.1379699707031,372.23583984375
2021-12-06,1.79,,-0.543,-1.01,116.1538,0.17,2.246373128107116,0.0024399436811186,65.8447265625,430.1730041503906,375.2184753417969
2021-12-07,1.75,,-0.543,-0.99,115.8555,0.17,2.246373128107116,0.0024335239987217,66.19535827636719,439.0710754394531,386.517822265625
2021-12-08,1.79,,-0.543,-1.0,115.4418,0.17,2.246373128107116,0.002462150798416,66.18011474609375,440.2336730957031,388.2472229003906
2021-12-09,1.81,,-0.543,-0.98,115.7784,0.17,2.246373128107116,0.0024399864664014,65.88282775878906,437.2615051269531,382.5344543457031
2021-12-10,1.83,,-0.541,-0.96,115.5732,0.17,2.246373128107116,0.002402265933996,66.03526306152344,441.3776245117188,386.6927185058594
2021-12-13,1.82,,-0.541,-0.98,115.842,0.17,2.246373128107116,0.0023960141593324,66.03526306152344,437.46771240234375,381.1061096191406
2021-12-14,1.82,,-0.541,-0.93,116.2397,0.17,2.246373128107116,0.0024028468867244,65.92092895507812,434.4578857421875,377.1616821289063
2021-12-15,1.83,,-0.541,-0.92,116.4219,0.17,2.246373128107116,0.0023712130721024,66.17250061035156,441.2462768554688,385.760009765625
2021-12-16,1.87,,-0.541,-0.98,115.7146,0.17,2.246373128107116,0.0023936880632952,66.12353515625,437.3551940917969,375.84027099609375
2021-12-17,1.87,,-0.544,-0.97,115.791,0.17,2.246373128107116,0.0023788667109536,66.06234741210938,432.7003784179688,373.9651489257813
2021-12-20,1.89,,-0.544,-0.96,116.0092,0.17,2.246373128107116,0.0023905894093435,65.94761657714844,428.0993957519531,370.3375549316406
2021-12-21,1.88,,-0.544,-0.96,116.1089,0.17,2.246373128107116,0.0024263100629079,66.29943084716797,435.7019958496094,378.6258544921875
2021-12-22,1.86,,-0.544,-1.01,115.7485,0.17,2.246373128107116,0.0024364454932434,66.47537231445312,440.0584716796875,383.2369689941406
2021-12-23,1.86,,-0.544,-0.97,115.5337,0.17,2.246373128107116,0.0024221511717051,66.66658782958984,442.7964782714844,386.1262817382813
2021-12-24,1.86,,-0.551,-0.97,115.5337,0.17,2.246373128107116,0.0024221511717051,66.66658782958984,442.7964782714844,386.1262817382813
2021-12-27,1.86,,-0.551,-1.02,115.4684,0.17,2.246373128107116,0.0024694431795127,66.73543548583984,449.0630187988281,392.50787353515625
2021-12-28,1.86,,-0.551,-1.01,115.4192,0.17,2.246373128107116,0.0024417192550649,66.70484161376953,448.6961059570313,390.6886596679688
2021-12-29,1.85,,-0.551,-0.98,115.3678,0.17,2.246373128107116,0.0024386460639001,66.59778594970703,449.2700805664063,390.63031005859375
2021-12-30,1.85,,-0.551,-1.06,115.283,0.17,2.246373128107116,0.0024187676641511,66.56715393066406,448.0280456542969,389.46295166015625
2021-12-31,1.85,,-0.559,-1.04,115.283,0.17,2.246373128107116,0.0024377564562003,66.5518798828125,446.89892578125,387.0309143066406
2022-01-03,1.82,,-0.559,-0.97,115.4101,-0.04,1.3181341030033655,0.0024533178707434,66.52127075195312,449.4864196777344,390.75677490234375
2022-01-04,1.84,,-0.559,-0.91,115.3103,-0.04,1.3181341030033655,0.002461962557943,66.35298919677734,449.3358459472656,385.68853759765625
2022-01-05,1.8,,-0.559,-0.82,115.137,-0.04,1.3181341030033655,0.0024139537797675,65.84053802490234,440.7076416015625,373.8396911621094
2022-01-06,1.78,,-0.559,-0.73,115.4046,-0.04,1.3181341030033655,0.0024308157702707,65.84814453125,440.2936401367188,373.5769958496094
2022-01-07,1.78,,-0.565,-0.72,115.0451,-0.04,1.3181341030033655,0.0024501947011294,65.67989349365234,438.5530395507813,369.5301818847656
2022-01-10,1.76,,-0.565,-0.7,115.2216,-0.04,1.3181341030033655,0.002415758455222,65.73345947265625,438.00726318359375,369.77337646484375
2022-01-11,1.76,,-0.565,-0.79,114.8332,-0.04,1.3181341030033655,0.0024307158588911,66.03936767578125,441.9967346191406,375.3281555175781
2022-01-12,1.77,,-0.565,-0.74,114.355,-0.04,1.3181341030033655,0.0024978109958751,66.14646911621094,443.1915893554688,376.81646728515625
2022-01-13,1.8,,-0.565,-0.73,114.177,-0.04,1.3181341030033655,0.0024895673410126,65.90935516357422,437.085205078125,367.3900451660156
2022-01-14,1.79,,-0.564,-0.66,114.3825,-0.04,1.3181341030033655,0.0024285714159712,65.84814453125,437.263916015625,369.6761169433594
2022-01-17,1.79,,-0.564,-0.66,114.3825,-0.04,1.3181341030033655,0.0024285714159712,65.84814453125,437.263916015625,369.6761169433594
2022-01-18,1.78,,-0.564,-0.59,114.7373,-0.04,1.3181341030033655,0.0024146111624012,65.52694702148438,429.5201721191406,360.4733276367188
2022-01-19,1.77,,-0.564,-0.57,114.6109,-0.04,1.3181341030033655,0.0024211926398342,65.46571350097656,425.0602416992188,356.5140075683594
2022-01-20,1.79,,-0.564,-0.5,114.4642,-0.04,1.3181341030033655,0.0024838534268465,65.34333801269531,420.3555908203125,351.88348388671875
2022-01-21,1.84,,-0.557,-0.59,114.6125,-0.04,1.3181341030033655,0.0024634237847913,65.35099029541016,412.103759765625,342.1262512207031
2022-01-24,1.89,,-0.557,-0.63,115.2034,-0.04,1.3181341030033655,0.002390725956814,65.28218078613281,413.8538513183594,343.69244384765625
2022-01-25,1.91,,-0.557,-0.63,115.1654,-0.04,1.3181341030033655,0.0023981216370046,65.09095001220703,408.8011474609375,335.72509765625
2022-01-26,1.84,,-0.557,-0.53,115.0922,-0.04,1.3181341030033655,0.0024616098432504,64.86909484863281,407.7755432128906,335.19989013671875
2022-01-27,1.86,,-0.557,-0.59,115.978,-0.04,1.3181341030033655,0.0024608264019706,64.58611297607422,405.7618713378906,331.8241577148437
2022-01-28,1.91,,-0.543,-0.66,116.0393,-0.04,1.3181341030033655,0.0024107792674324,64.76972198486328,415.8392333984375,342.2331848144531
2022-01-31,1.93,,-0.543,-0.65,115.566,-0.04,1.3181341030033655,0.0024055709413831,64.78498840332031,423.3288879394531,353.1772766113281
2022-02-01,1.92,,-0.543,-0.62,115.3685,0.4,5.429593086433182,0.0024601454094837,65.04216766357422,426.1893310546875,355.5801086425781
2022-02-02,1.91,,-0.543,-0.63,115.1538,0.4,5.429593086433182,0.0024823127883499,65.14192199707031,430.3293151855469,358.46929931640625
2022-02-03,1.92,,-0.543,-0.56,114.9065,0.4,5.429593086433182,0.0024772600141156,64.55857849121094,420.2144775390625,343.9356689453125
2022-02-04,1.92,,-0.523,-0.48,115.1362,0.4,5.429593086433182,0.0024817336789571,64.30525207519531,422.19049072265625,348.2743835449219
2022-02-07,1.93,,-0.523,-0.48,115.0098,0.4,5.429593086433182,0.0024505658726106,64.25916290283203,420.8354797363281,345.4726257324219
2022-02-08,1.91,,-0.523,-0.46,115.0892,0.4,5.429593086433182,0.0024414211625824,64.19009399414062,424.298095703125,349.3541259765625
2022-02-09,1.92,,-0.523,-0.48,114.8232,0.4,5.429593086433182,0.0025068113716294,64.52783966064453,430.5081176757813,356.7572631835937
2022-02-10,1.91,,-0.523,-0.42,114.5527,0.4,5.429593086433182,0.0025364883531443,63.67575454711914,422.7738037109375,348.68292236328125
2022-02-11,2.0,,-0.497,-0.51,114.8413,0.4,5.429593086433182,0.0024473055165925,63.4531364440918,414.437255859375,337.6220703125
2022-02-14,2.0,,-0.497,-0.5,115.1946,0.4,5.429593086433182,0.0024130086572063,63.345664978027344,413.0822448730469,338.0404663085937
2022-02-15,1.99,,-0.497,-0.43,114.93,0.4,5.429593086433182,0.0024431204137254,63.4531364440918,419.7440185546875,346.44549560546875
2022-02-16,2.05,,-0.497,-0.43,114.6886,0.4,5.429593086433182,0.0024278153580246,63.806243896484375,420.2144775390625,346.3579406738281
2022-02-17,2.12,,-0.497,-0.46,114.6755,0.4,5.429593086433182,0.0023807019580221,63.537559509277344,411.238037109375,336.0559387207031
2022-02-18,2.13,,-0.467,-0.49,114.7982,0.4,5.429593086433182,0.0023804381317095,63.62971496582031,408.5754089355469,332.2229919433594
2022-02-21,2.13,,-0.467,-0.49,114.7982,0.4,5.429593086433182,0.0023804381317095,63.62971496582031,408.5754089355469,332.2229919433594
2022-02-22,2.13,,-0.467,-0.51,114.7002,0.4,5.429593086433182,0.0023660879736885,63.48385238647461,404.190673828125,328.88629150390625
2022-02-23,2.1,,-0.467,-0.54,114.6668,0.4,5.429593086433182,0.0023473183864384,63.36870193481445,397.0208435058594,320.4618225097656
2022-02-24,2.24,,-0.467,-0.59,115.9419,0.4,5.429593086433182,0.0023136460717213,63.82163238525391,402.9956970214844,331.230712890625
2022-02-25,2.2,,-0.437,-0.57,115.2577,0.4,5.429593086433182,0.0023705274964592,64.18242645263672,411.8872985839844,336.3672180175781
2022-02-28,2.34,,-0.437,-0.79,115.2224,0.4,5.429593086433182,0.0023399494115798,64.22846984863281,410.83349609375,337.369140625
2022-03-01,2.25,,-0.437,-0.9,115.7962,0.43,3.054410401522168,0.0023612541753495,64.0489273071289,404.576416015625,332.2035217285156
2022-03-02,2.24,,-0.437,-0.85,115.7623,0.43,3.054410401522168,0.0024236034546203,64.20304870605469,412.01904296875,337.7777404785156
2022-03-03,2.24,,-0.437,-0.83,115.9495,0.43,3.054410401522168,0.0024666563536006,64.01042938232422,409.96783447265625,332.9525756835937
2022-03-04,2.31,,-0.41,-0.93,116.6503,0.43,3.054410401522168,0.0025082692799628,63.59439086914063,406.6370239257813,328.1275329589844
2022-03-07,2.32,,-0.41,-0.99,117.3278,0.43,3.054410401522168,0.0023682231126196,63.03963088989258,394.6496276855469,316.0257263183594
2022-03-08,2.35,,-0.41,-1.04,117.6176,0.43,3.054410401522168,0.0023040537560391,62.816184997558594,391.6576232910156,314.5568542480469
2022-03-09,2.32,,-0.41,-0.9,116.5961,0.43,3.054410401522168,0.002298202363458,63.34011459350586,402.1581726074219,325.8803100585937
2022-03-10,2.38,,-0.41,-0.88,116.7401,0.43,3.054410401522168,0.0023239577138101,62.808475494384766,400.3422546386719,322.2615051269531
2022-03-11,2.35,,-0.389,-0.94,117.0192,0.43,3.054410401522168,0.002328138542974,62.35393524169922,395.25189208984375,315.5783386230469
2022-03-14,2.33,,-0.389,-0.79,117.1506,0.43,3.054410401522168,0.0023027658019417,61.614253997802734,392.36328125,309.51776123046875
2022-03-15,2.36,,-0.389,-0.69,117.246,0.43,3.054410401522168,0.0023341976301268,62.0765380859375,400.9914855957031,319.22637939453125
2022-03-16,2.23,,-0.389,-0.61,116.8073,0.43,3.054410401522168,0.0024046120653612,62.94717788696289,409.8832092285156,331.0653686523437
2022-03-17,2.17,,-0.389,-0.71,116.0467,0.43,3.054410401522168,0.0024151690652007,63.378639221191406,415.01116943359375,335.0733337402344
2022-03-18,2.14,,-0.376,-0.72,116.1378,0.43,3.054410401522168,0.0024533245208192,63.58666229248047,419.5566101074219,341.93170166015625
2022-03-21,2.07,,-0.376,-0.58,115.9398,0.43,3.054410401522168,0.0024377786987871,62.85468673706055,419.43402099609375,340.9810791015625
2022-03-22,2.05,,-0.376,-0.53,116.0824,0.43,3.054410401522168,0.0024412975732304,63.17833709716797,424.3419494628906,347.6821594238281
2022-03-23,2.03,,-0.376,-0.62,116.005,0.43,3.054410401522168,0.0024592067898917,62.97800064086914,418.8771362304688,342.68560791015625
2022-03-24,2.01,,-0.376,-0.58,115.9599,0.43,3.054410401522168,0.0024107871892382,63.10899353027344,425.1914367675781,350.30224609375
2022-03-25,1.96,,-0.37,-0.47,115.7921,0.43,3.054410401522168,0.0023984029855618,62.65439987182617,427.2679138183594,350.0101013183594
2022-03-28,1.94,,-0.37,-0.49,116.1911,0.43,3.054410401522168,0.00243039816684,63.04734802246094,430.30712890625,355.42559814453125
2022-03-29,1.91,,-0.37,-0.45,115.5679,0.43,3.054410401522168,0.002466788601177,63.82551956176758,435.63031005859375,361.54241943359375
2022-03-30,1.93,,-0.37,-0.51,115.0818,0.43,3.054410401522168,0.0024512542258993,63.63286972045898,432.9404296875,357.54888916015625
2022-03-31,1.93,,-0.37,-0.52,115.2218,0.43,3.054410401522168,0.0024333060482922,63.40176010131836,426.2768859863281,353.1172180175781
2022-04-01,1.81,,-0.368,-0.41,115.4814,0.0,2.923435475508507,0.0024399457793382,63.397117614746094,427.4850158691406,352.445068359375
2022-04-04,1.81,,-0.368,-0.38,115.4112,0.0,2.923435475508507,0.0024758969240931,63.876739501953125,431.1470947265625,359.70147705078125
2022-04-05,1.77,,-0.368,-0.3,115.73,0.0,2.923435475508507,0.0024915491333636,63.04896545410156,425.7010803222656,351.7145690917969
2022-04-06,1.77,,-0.368,-0.22,115.9995,0.0,2.923435475508507,0.0024674207378935,62.55387878417969,421.4443664550781,344.0783996582031
2022-04-07,1.78,,-0.368,-0.16,116.3512,0.0,2.923435475508507,0.0024278622676147,62.45331954956055,423.5679321289063,344.89654541015625
2022-04-08,1.78,,-0.365,-0.15,116.4176,0.0,2.923435475508507,0.0024309846773495,62.07424545288086,422.4354248046875,340.0752258300781
2022-04-11,1.82,,-0.365,-0.12,116.5401,0.0,2.923435475508507,0.0023805482016682,61.64876556396485,415.2149963378906,332.0299072265625
2022-04-12,1.92,,-0.365,-0.14,116.3866,0.0,2.923435475508507,0.0023852746079912,62.12066268920898,413.6765747070313,330.6272888183594
2022-04-13,1.94,,-0.365,-0.1,116.2796,0.0,2.923435475508507,0.002376072578873,62.49198532104492,418.4147033691406,337.34796142578125
2022-04-14,1.93,,-0.365,-0.06,116.7558,0.0,2.923435475508507,0.0023933228216544,62.07424545288086,413.2046203613281,329.6337890625
2022-04-15,1.93,,-0.358,-0.06,116.7017,0.0,2.923435475508507,0.0023933228216544,62.07424545288086,413.2046203613281,329.6337890625
2022-04-18,1.94,,-0.358,-0.07,116.8441,0.0,2.923435475508507,0.0024186796836778,61.97367477416992,413.3745422363281,329.8870544433594
2022-04-19,1.91,,-0.358,0.0,117.1324,0.0,2.923435475508507,0.0024103903169003,61.91952133178711,420.0474853515625,337.26031494140625
2022-04-20,1.91,,-0.358,-0.07,116.7306,0.0,2.923435475508507,0.0023815498524314,62.1129264831543,419.7360534667969,332.34161376953125
2022-04-21,1.93,,-0.358,-0.12,117.1432,0.0,2.923435475508507,0.0024183761298596,61.68743896484375,413.4595642089844,325.4650573730469
2022-04-22,1.96,,-0.347,-0.08,118.0186,0.0,2.923435475508507,0.002373122724457,61.31611251831055,402.1145629882813,316.9424743652344
2022-04-25,2.03,,-0.347,-0.1,118.6271,0.0,2.923435475508507,0.0023499894340217,61.83442687988281,404.4457702636719,321.01385498046875
2022-04-26,2.06,,-0.347,-0.08,118.9624,0.0,2.923435475508507,0.0023351214895396,61.470829010009766,392.7327270507813,308.8971862792969
2022-04-27,2.05,,-0.347,-0.06,119.4708,0.0,2.923435475508507,0.0023620023016587,61.16910552978516,393.83697509765625,308.5270690917969
2022-04-28,2.06,,-0.347,-0.12,120.0675,0.0,2.923435475508507,0.0023367924743233,61.50951766967773,403.7851257324219,319.484619140625
2022-04-29,2.05,,-0.332,0.01,119.4933,0.0,2.923435475508507,0.0023018906764413,60.75136566162109,388.8629455566406,305.1083374023437
2022-05-02,2.08,,-0.332,0.18,119.8825,-0.41,1.911029805910092,0.002285691120516,60.75527191162109,391.2037353515625,310.2024230957031
2022-05-03,2.05,,-0.332,0.14,119.7043,-0.41,1.911029805910092,0.002285423692666,61.073673248291016,392.9969787597656,310.5335693359375
2022-05-04,2.08,,-0.332,0.07,119.5592,-0.41,1.911029805910092,0.0023184251708657,61.694969177246094,404.9649353027344,321.0333251953125
2022-05-05,2.1,,-0.332,0.18,120.0068,-0.41,1.911029805910092,0.0022865527467513,60.59992980957031,390.5713806152344,304.8647766113281
2022-05-06,2.09,,-0.314,0.26,119.8577,-0.41,1.911029805910092,0.0022653093729296,60.25822830200195,388.2400817871094,301.2122497558594
2022-05-09,2.17,,-0.314,0.3,120.4972,-0.41,1.911029805910092,0.0022578212777477,59.621395111083984,375.8096923828125,289.4267272949219
2022-05-10,2.16,,-0.314,0.34,120.7742,-0.41,1.911029805910092,0.0022580031265299,59.96310806274414,376.6779479980469,292.94287109375
2022-05-11,2.17,,-0.314,0.21,120.3925,-0.41,1.911029805910092,0.0022738314535684,59.60585021972656,370.6940307617188,284.2547302246094
2022-05-12,2.2,,-0.314,0.25,121.2796,-0.41,1.911029805910092,0.0022507949935143,59.582550048828125,370.3070373535156,283.5827331542969
2022-05-13,2.24,,-0.295,0.24,120.8442,-0.41,1.911029805910092,0.0023129910224898,59.65245056152344,379.1603088378906,294.0922241210937
2022-05-16,2.29,,-0.295,0.2,120.6881,-0.41,1.911029805910092,0.0023140335398532,59.56703567504883,377.621826171875,290.6831970214844
2022-05-17,2.27,,-0.295,0.27,119.8871,-0.41,1.911029805910092,0.0023317017707782,59.51263427734375,385.38958740234375,298.2123413085937
2022-05-18,2.31,,-0.295,0.17,120.0274,-0.41,1.911029805910092,0.0023029903100346,59.02340698242188,369.8539733886719,283.5729675292969
2022-05-19,2.37,,-0.295,0.25,119.4278,-0.41,1.911029805910092,0.0023272865310933,59.419471740722656,367.5887756347656,282.053466796875
2022-05-20,2.36,,-0.275,0.23,119.3677,-0.41,1.911029805910092,0.0023243566206076,59.3806266784668,367.7492370605469,281.1768493652344
2022-05-23,2.33,,-0.275,0.26,118.7169,-0.41,1.911029805910092,0.0023527977771021,59.61363983154297,374.6298522949219,285.8521728515625
2022-05-24,2.34,,-0.275,0.21,118.6245,-0.41,1.911029805910092,0.0023191786328157,59.97087478637695,371.7700500488281,279.7742919921875
2022-05-25,2.29,,-0.275,0.19,118.9598,-0.41,1.911029805910092,0.0023166504514823,60.8795280456543,375.0545349121094,283.68994140625
2022-05-26,2.25,,-0.275,0.13,118.7687,-0.41,1.911029805910092,0.0023032370132129,61.72604370117188,382.5486755371094,291.55010986328125
2022-05-27,2.26,,-0.253,0.11,118.2834,-0.41,1.911029805910092,0.0023248526912438,62.27742767333984,391.9399108886719,301.0660705566406
2022-05-30,2.26,,-0.253,0.11,118.2834,-0.41,1.911029805910092,0.0023248526912438,62.27742767333984,391.9399108886719,301.0660705566406
2022-05-31,2.18,,-0.253,0.21,118.0704,-0.41,1.911029805910092,0.0023308190102043,61.74158477783203,389.74072265625,300.26739501953125
2022-06-01,2.08,,-0.253,0.29,118.6954,-0.25,1.2217594016755706,0.002349047799602,61.51314926147461,386.5882568359375,298.04669189453125
2022-06-02,2.1,,-0.253,0.26,118.0658,-0.25,1.2217594016755706,0.0024398606487103,61.77043533325195,393.95025634765625,306.2088623046875
2022-06-03,2.09,,-0.229,0.22,118.2153,-0.25,1.2217594016755706,0.0024263031877192,61.310428619384766,387.4849548339844,298.24151611328125
2022-06-06,2.08,,-0.229,0.28,118.3081,-0.25,1.2217594016755706,0.0024138212118877,60.85044479370117,388.6647644042969,299.2349853515625
2022-06-07,2.07,,-0.229,0.25,118.4414,-0.25,1.2217594016755706,0.0024029769174784,60.99079513549805,392.39300537109375,301.816162109375
2022-06-08,2.07,,-0.229,0.28,118.3951,-0.25,1.2217594016755706,0.0024075273231112,60.46843338012695,388.1267700195313,299.6440734863281
2022-06-09,2.07,,-0.229,0.29,118.9226,-0.25,1.2217594016755706,0.0023739722106491,59.98506164550781,378.8960571289063,291.61822509765625
2022-06-10,2.04,,-0.203,0.39,119.9981,-0.25,1.2217594016755706,0.0022981566220975,58.96372222900391,367.9096374511719,281.332763671875
2022-06-13,1.98,,-0.203,0.69,121.1523,-0.25,1.2217594016755706,0.0023066191495899,56.99127197265625,353.9408264160156,268.2518005371094
2022-06-14,1.99,,-0.203,0.89,121.6669,-0.25,1.2217594016755706,0.0022998065637534,57.36549377441406,352.874267578125,268.7388000488281
2022-06-15,2.1,,-0.203,0.63,121.6403,-0.25,1.2217594016755706,0.0022957637343555,58.48034286499024,357.90496826171875,275.4496765136719
2022-06-16,2.13,,-0.203,0.66,120.6714,-0.25,1.2217594016755706,0.0022278810734892,57.55257415771485,346.0597229003906,264.3363342285156
2022-06-17,2.13,,-0.179,0.67,121.2369,-0.25,1.2217594016755706,0.0021886576471671,57.73189926147461,346.80572509765625,267.5505065917969
2022-06-20,2.13,,-0.179,0.67,121.2369,-0.25,1.2217594016755706,0.0021886576471671,57.73189926147461,346.80572509765625,267.5505065917969
2022-06-21,2.13,,-0.179,0.7,120.6427,-0.25,1.2217594016755706,0.0022037502861958,57.69291305541992,355.5361022949219,274.3006591796875
2022-06-22,2.17,,-0.179,0.62,120.5197,-0.25,1.2217594016755706,0.0021542276801929,57.67736053466797,354.8915100097656,273.90057373046875
2022-06-23,2.2,,-0.179,0.59,120.7622,-0.25,1.2217594016755706,0.0020586625402326,58.09054183959961,358.3703308105469,277.9797668457031
2022-06-24,2.22,,-0.163,0.57,120.4853,-0.25,1.2217594016755706,0.0020585819821862,58.50373840332031,369.7643432617188,287.5043334960937
2022-06-27,2.19,,-0.163,0.65,120.1736,-0.25,1.2217594016755706,0.0020753473519695,58.14511489868164,368.3519592285156,285.396484375
2022-06-28,2.22,,-0.163,0.72,120.62,-0.25,1.2217594016755706,0.0020819806987022,57.50582504272461,360.8254699707031,276.7013854980469
2022-06-29,2.24,,-0.163,0.74,120.9616,-0.25,1.2217594016755706,0.0020835861198691,57.42005157470703,360.5316467285156,276.9550170898437
2022-06-30,2.31,,-0.163,0.65,120.9652,-0.25,1.2217594016755706,0.0020589213461978,57.38887023925781,357.6025695800781,273.5199890136719
2022-07-01,2.42,,-0.157,0.54,121.5058,0.2,0.968659945597028,0.0020117849290802,57.936302185058594,361.3847351074219,275.32537841796875
2022-07-04,2.42,,-0.157,0.54,121.5058,0.2,0.968659945597028,0.0020117849290802,57.936302185058594,361.3847351074219,275.32537841796875
2022-07-05,2.41,,-0.157,0.52,122.6203,0.2,0.968659945597028,0.0019440344292159,57.881465911865234,362.0672607421875,280.0388488769531
2022-07-06,2.39,,-0.157,0.64,123.0073,0.2,0.968659945597028,0.0019701423336991,57.66219329833984,363.2900390625,281.8345031738281
2022-07-07,2.33,,-0.157,0.68,122.7257,0.2,0.968659945597028,0.0020611082149986,58.60194396972656,368.7311096191406,287.8654479980469
2022-07-08,2.31,,-0.16,0.72,122.4662,0.2,0.968659945597028,0.002029185404108,58.64893341064453,368.427734375,288.2265014648437
2022-07-11,2.32,,-0.16,0.67,123.2974,0.2,0.968659945597028,0.0019869942196531,58.32002639770508,364.2190246582031,282.06866455078125
2022-07-12,2.31,,-0.16,0.64,123.4524,0.2,0.968659945597028,0.0019128995962233,58.554954528808594,360.9960632324219,279.3362121582031
2022-07-13,2.32,,-0.16,0.6,123.2834,0.2,0.968659945597028,0.0019175989534522,58.49229431152344,359.1002197265625,278.76043701171875
2022-07-14,2.31,,-0.16,0.62,124.0622,0.2,0.968659945597028,0.0018835435622806,58.38265609741211,358.2281799316406,279.7557983398437
2022-07-15,2.3,,-0.174,0.57,123.4765,0.2,0.968659945597028,0.0018999646880577,59.12664794921875,365.0721740722656,284.8304138183594
2022-07-18,2.28,,-0.174,0.59,122.7727,0.2,0.968659945597028,0.0019588112246876,58.554954528808594,362.0577392578125,282.41998291015625
2022-07-19,2.26,,-0.174,0.62,122.4819,0.2,0.968659945597028,0.0019248538547092,59.33025741577149,371.8403015136719,291.1053161621094
2022-07-20,2.2,,-0.174,0.66,122.5997,0.2,0.968659945597028,0.0019591055957314,59.58869934082031,374.2101135253906,295.72125244140625
2022-07-21,2.23,,-0.174,0.58,122.9032,0.2,0.968659945597028,0.0019279501021279,60.29352569580078,378.0207214355469,299.96630859375
2022-07-22,2.28,,-0.194,0.43,122.451,0.2,0.968659945597028,0.0019387991782093,60.2152214050293,374.513427734375,294.706298828125
2022-07-25,2.31,,-0.194,0.45,122.4594,0.2,0.968659945597028,0.0019493892208097,60.19953918457031,374.9684448242188,293.0278625488281
2022-07-26,2.29,,-0.194,0.45,122.7581,0.2,0.968659945597028,0.0019692030211301,59.776649475097656,370.53216552734375,287.2701416015625
2022-07-27,2.3,,-0.194,0.36,122.8169,0.2,0.968659945597028,0.0019949393006232,60.43447494506836,380.1535339355469,299.4100646972656
2022-07-28,2.42,,-0.194,0.2,122.1161,0.2,0.968659945597028,0.0019853738260243,61.05316162109375,384.9216003417969,302.3377685546875
2022-07-29,2.36,,-0.212,0.14,121.7678,0.2,0.968659945597028,0.0020330138187033,61.23326110839844,390.533203125,307.8514099121094
2022-08-01,2.38,,-0.212,0.09,121.4109,0.04,1.0521402147261716,0.0020079141016259,61.25215530395508,389.3768310546875,307.6660461425781
2022-08-02,2.29,,-0.212,0.27,121.9486,0.04,1.0521402147261716,0.001990006177953,60.96910858154297,386.8079528808594,306.7487487792969
2022-08-03,2.29,,-0.212,0.23,122.3888,0.04,1.0521402147261716,0.001973549524943,61.50372695922852,392.8651428222656,315.1023254394531
2022-08-04,2.32,,-0.212,0.22,121.8333,0.04,1.0521402147261716,0.0019474420128903,61.668827056884766,392.5997314453125,316.5758361816406
2022-08-05,2.29,,-0.226,0.37,122.321,0.04,1.0521402147261716,0.0020040611001014,61.35436630249024,391.9362487792969,313.9897155761719
2022-08-08,2.26,,-0.226,0.29,121.8783,0.04,1.0521402147261716,0.0020077792687101,61.40938186645508,391.4811706542969,312.974853515625
2022-08-09,2.26,,-0.226,0.33,121.8614,0.04,1.0521402147261716,0.0020025083452562,60.95337677001953,389.9265441894531,309.432373046875
2022-08-10,2.29,,-0.226,0.35,120.7543,0.04,1.0521402147261716,0.0020358097487483,61.86538696289063,398.11663818359375,318.0689392089844
2022-08-11,2.29,,-0.226,0.4,120.7163,0.04,1.0521402147261716,0.002073252558049,61.5115852355957,398.11663818359375,316.2635192871094
2022-08-12,2.27,,-0.234,0.37,121.018,0.04,1.0521402147261716,0.0020438119471552,62.061920166015625,404.8562622070313,322.4213562011719
2022-08-15,2.27,,-0.234,0.35,121.4315,0.04,1.0521402147261716,0.0020371617260391,61.95185852050781,406.5247192382813,325.0269470214844
2022-08-16,2.27,,-0.234,0.38,121.6807,0.04,1.0521402147261716,0.0020508120809168,61.66096496582031,407.3209228515625,324.2658386230469
2022-08-17,2.24,,-0.234,0.43,122.0711,0.04,1.0521402147261716,0.002043969749354,61.02417755126953,404.4298095703125,320.5671081542969
2022-08-18,2.24,,-0.234,0.36,122.3627,0.04,1.0521402147261716,0.002077422668028,61.11849594116211,405.6051940917969,321.338134765625
2022-08-19,2.25,,-0.232,0.43,123.0501,0.04,1.0521402147261716,0.0021077478272814,60.49740219116211,400.15472412109375,315.072998046875
2022-08-22,2.24,,-0.232,0.46,123.605,0.04,1.0521402147261716,0.0021167820300197,59.81342697143555,391.8224182128906,306.77801513671875
2022-08-23,2.24,,-0.232,0.47,123.0547,0.04,1.0521402147261716,0.0021207349761816,59.96280288696289,390.8745422363281,306.5242614746094
2022-08-24,2.23,,-0.232,0.49,123.109,0.04,1.0521402147261716,0.0020943471491749,60.033538818359375,392.1258544921875,307.4123229980469
2022-08-25,2.21,,-0.232,0.43,123.0586,0.04,1.0521402147261716,0.0021109973857787,60.59959411621094,397.6615905761719,312.84796142578125
2022-08-26,2.19,,-0.219,0.47,123.0656,0.04,1.0521402147261716,0.002137837671575,59.60115051269531,384.2011413574219,300.0248718261719
2022-08-29,2.19,,-0.219,0.54,123.4686,0.04,1.0521402147261716,0.0020882759082485,59.373138427734375,381.6607666015625,297.0679931640625
2022-08-30,2.17,,-0.219,0.56,123.6848,0.04,1.0521402147261716,0.0020572192297725,58.91715621948242,377.4709167480469,293.7597045898437
2022-08-31,2.18,,-0.219,0.67,123.535,0.04,1.0521402147261716,0.0020542386672937,58.59482192993164,374.59869384765625,292.0519714355469
2022-09-01,2.22,,-0.219,0.81,124.4006,0.0,2.462018715752601,0.0020125545486427,58.74967575073242,375.7742004394531,292.1788330078125
2022-09-02,2.24,,-0.198,0.73,123.7743,0.0,2.462018715752601,0.0020011111649693,58.71017456054688,371.8117980957031,288.05084228515625
2022-09-05,2.24,,-0.198,0.73,123.7743,0.0,2.462018715752601,0.0020011111649693,58.71017456054688,371.8117980957031,288.05084228515625
2022-09-06,2.27,,-0.198,0.85,124.767,0.0,2.462018715752601,0.0020401082399918,58.55216217041016,370.4089965820313,285.9819641113281
2022-09-07,2.24,,-0.198,0.82,124.8408,0.0,2.462018715752601,0.0020043140359665,59.39754867553711,377.0632934570313,291.7592163085937
2022-09-08,2.25,,-0.198,0.88,124.578,0.0,2.462018715752601,0.0020702576190582,59.65825271606445,379.5279541015625,293.2718505859375
2022-09-09,2.2,,-0.171,0.91,123.7874,0.0,2.462018715752601,0.0020865867565141,59.8952751159668,385.4239807128906,299.68328857421875
2022-09-12,2.2,,-0.171,0.95,123.3332,0.0,2.462018715752601,0.002097968876211,60.07698059082031,389.56640625,303.2452697753906
2022-09-13,2.18,,-0.171,0.98,124.4242,0.0,2.462018715752601,0.0021002933077099,58.71017456054688,372.6270751953125,286.6163635253906
2022-09-14,2.15,,-0.171,0.95,124.4509,0.0,2.462018715752601,0.0020898909755698,58.79706954956055,374.0489501953125,288.8900756835937
2022-09-15,2.12,,-0.171,1.02,124.8843,0.0,2.462018715752601,0.0021157078864024,58.42575454711914,369.8022766113281,284.0790710449219
2022-09-16,2.18,,-0.142,1.07,124.8794,0.0,2.462018715752601,0.0021301670232284,58.62324142456055,366.9810485839844,282.3418884277344
2022-09-19,2.15,,-0.142,1.15,125.0104,0.0,2.462018715752601,0.0021350978212771,58.8444709777832,369.8269958496094,284.54071044921875
2022-09-20,2.13,,-0.142,1.17,125.1248,0.0,2.462018715752601,0.0021377358568755,58.2440071105957,365.5819396972656,282.2724914550781
2022-09-21,2.12,,-0.142,1.13,125.7399,0.0,2.462018715752601,0.0021098162534137,58.070220947265625,359.20477294921875,277.21807861328125
2022-09-22,2.08,,-0.142,1.29,126.1667,0.0,2.462018715752601,0.002093907114243,57.72258377075195,356.1875305175781,273.8061828613281
2022-09-23,2.09,,-0.116,1.32,127.2853,0.0,2.462018715752601,0.0020491703125275,56.98780822753906,350.2196350097656,269.34820556640625
2022-09-26,2.01,,-0.116,1.56,128.4539,0.0,2.462018715752601,0.0020412122391746,56.31624603271485,346.7550048828125,268.2336730957031
2022-09-27,2.08,,-0.116,1.64,128.4386,0.0,2.462018715752601,0.0020427860416604,56.19774627685547,345.8699035644531,268.3411560058594
2022-09-28,2.25,,-0.116,1.39,128.0884,0.0,2.462018715752601,0.0020368585399629,57.20115661621094,352.6753845214844,273.6791076660156
2022-09-29,2.27,,-0.116,1.57,127.5437,0.0,2.462018715752601,0.0020741634351645,56.66387176513672,345.30828857421875,265.7895812988281
2022-09-30,2.24,,-0.096,1.68,127.5148,0.0,2.462018715752601,0.0020705003980465,56.40315246582031,339.9685974121094,261.2826232910156
2022-10-03,2.29,,-0.096,1.43,127.0813,0.04,1.0648183730078251,0.0020426486471838,57.14235305786133,348.9442138671875,267.4125061035156
2022-10-04,2.27,,-0.096,1.38,126.1819,0.04,1.0648183730078251,0.0020440415649118,58.37300491333008,359.7568054199219,275.8201599121094
2022-10-05,2.22,,-0.096,1.54,126.8616,0.04,1.0648183730078251,0.0020640995548773,58.14277267456055,358.91925048828125,275.6734619140625
2022-10-06,2.16,,-0.096,1.61,127.2493,0.04,1.0648183730078251,0.0020301454716134,57.96809768676758,355.2167358398437,273.503173828125
2022-10-07,2.17,,-0.089,1.62,127.3111,0.04,1.0648183730078251,0.0020067626607659,57.261451721191406,345.30828857421875,263.0815734863281
2022-10-10,2.17,,-0.089,1.62,127.3111,0.04,1.0648183730078251,0.0020713128598852,56.56274032592773,342.6717224121094,260.45172119140625
2022-10-11,2.23,,-0.089,1.62,127.6641,0.04,1.0648183730078251,0.0020718413217236,56.737430572509766,340.5016174316406,256.8735656738281
2022-10-12,2.27,,-0.089,1.62,128.1481,0.04,1.0648183730078251,0.0020622043158647,56.83268737792969,339.3785095214844,256.7856140136719
2022-10-13,2.28,,-0.089,1.63,127.7286,0.04,1.0648183730078251,0.0020763472882573,56.9597282409668,348.3350830078125,262.80780029296875
2022-10-14,2.28,,-0.09,1.59,128.3325,0.04,1.0648183730078251,0.0021017848048183,56.77712631225586,340.3969421386719,254.908432006836
2022-10-17,2.28,,-0.09,1.57,127.6448,0.04,1.0648183730078251,0.0020853952247836,57.475807189941406,349.1441345214844,263.32598876953125
2022-10-18,2.28,,-0.09,1.6,127.9153,0.04,1.0648183730078251,0.0020657975143053,57.8807487487793,353.2464599609375,265.4083557128906
2022-10-19,2.25,,-0.09,1.72,128.3968,0.04,1.0648183730078251,0.0020648234084637,57.324981689453125,350.7431640625,264.4404296875
2022-10-20,2.24,,-0.09,1.73,128.0052,0.04,1.0648183730078251,0.0021161392395617,57.007362365722656,347.8020935058594,263.0913391113281
2022-10-21,2.36,,-0.101,1.69,127.6735,0.04,1.0648183730078251,0.0021338582688718,57.55522918701172,356.2541198730469,269.2601623535156
2022-10-24,2.34,,-0.101,1.66,128.0304,0.04,1.0648183730078251,0.0021104507541471,57.59491729736328,360.6133728027344,272.22247314453125
2022-10-25,2.37,,-0.101,1.59,127.3771,0.04,1.0648183730078251,0.0020876693547356,58.150691986083984,366.3719787597656,277.8535461425781
2022-10-26,2.33,,-0.101,1.6,126.4723,0.04,1.0648183730078251,0.0021811898511189,58.30952072143555,363.6116943359375,271.7140808105469
2022-10-27,2.34,,-0.101,1.51,126.7028,0.04,1.0648183730078251,0.0021831155960485,58.738258361816406,361.6699523925781,266.7671813964844
2022-10-28,2.3,,-0.117,1.51,127.2135,0.04,1.0648183730078251,0.0021139303072202,59.1907958984375,370.2743225097656,274.93048095703125
2022-10-31,2.28,,-0.117,1.58,127.6219,0.04,1.0648183730078251,0.0020866189984895,58.30154800415039,367.5997619628906,271.733642578125
2022-11-01,2.22,,-0.117,1.56,127.3987,-0.6,0.0890295383749073,0.0021334346666886,58.652225494384766,365.9912109375,268.95709228515625
2022-11-02,2.18,,-0.117,1.57,127.3115,-0.6,0.0890295383749073,0.0021300967261408,58.11824417114258,356.8061828613281,259.7380676269531
2022-11-03,2.19,,-0.117,1.74,128.1743,-0.6,0.0890295383749073,0.0021240705153883,57.70380783081055,353.1322021484375,254.6641082763672
2022-11-04,2.22,,-0.135,1.69,127.1468,-0.6,0.0890295383749073,0.0022209267267019,58.102298736572266,358.21490478515625,258.7604064941406
2022-11-07,2.22,,-0.135,1.69,126.3062,-0.6,0.0890295383749073,0.0021649268787724,58.09431838989258,361.6414489746094,261.60528564453125
2022-11-08,2.23,,-0.135,1.64,125.633,-0.6,0.0890295383749073,0.0021643011157676,58.03853988647461,363.5926818847656,263.5117492675781
2022-11-09,2.33,,-0.135,1.7,125.9861,-0.6,0.0890295383749073,0.0021878837227255,57.34512710571289,356.10186767578125,257.4308776855469
2022-11-10,2.36,,-0.135,1.43,124.7044,-0.6,0.0890295383749073,0.0021687710094941,59.13043975830078,375.671142578125,276.4262390136719
2022-11-11,2.36,,-0.153,1.43,124.7044,-0.6,0.0890295383749073,0.0022372593291078,59.337669372558594,379.30706787109375,281.5196838378906
2022-11-14,2.27,,-0.153,1.51,123.4277,-0.6,0.0890295383749073,0.0021735453722026,58.899295806884766,376.0804443359375,279.0560302734375
2022-11-15,2.23,,-0.153,1.45,123.039,-0.6,0.0890295383749073,0.0021645618698373,59.4173583984375,379.2880554199219,282.9177551269531
2022-11-16,2.24,,-0.153,1.38,123.2817,-0.6,0.0890295383749073,0.0021364918820143,59.28985977172852,376.39447021484375,279.0560302734375
2022-11-17,2.18,,-0.153,1.49,123.977,-0.6,0.0890295383749073,0.0020953543793433,59.034793853759766,375.2427978515625,278.4402160644531
2022-11-18,2.13,,-0.167,1.57,123.8524,-0.6,0.0890295383749073,0.0020731776464796,59.16231536865234,376.946533203125,278.449951171875
2022-11-21,2.08,,-0.167,1.52,124.7009,-0.6,0.0890295383749073,0.0020556578869319,59.138404846191406,375.575927734375,275.58551025390625
2022-11-22,2.07,,-0.167,1.44,124.2365,-0.6,0.0890295383749073,0.002079330348183,59.56879806518555,380.6300354003906,279.5547180175781
2022-11-23,2.02,,-0.167,1.39,123.7574,-0.6,0.0890295383749073,0.0020731847189766,59.90357971191406,383.0286560058594,282.360595703125
2022-11-24,2.02,,-0.167,1.39,123.7574,-0.6,0.0890295383749073,0.0020731847189766,59.90357971191406,383.0286560058594,282.360595703125
2022-11-25,2.06,,-0.175,1.36,123.3386,-0.6,0.0890295383749073,0.0020683852109084,59.783992767333984,382.9429626464844,280.5030212402344
2022-11-28,2.05,,-0.175,1.43,123.6032,-0.6,0.0890295383749073,0.0020748808389926,59.15438079833984,376.8323669433594,276.3871459960937
2022-11-29,2.06,,-0.175,1.5,123.6615,-0.6,0.0890295383749073,0.0020761839760654,59.40940475463867,376.18505859375,274.29498291015625
2022-11-30,2.15,,-0.175,1.34,123.5175,-0.6,0.0890295383749073,0.002136025232138,60.30206680297852,388.0352478027344,286.7989501953125
2022-12-01,2.09,,-0.175,1.17,122.0045,-0.46,-0.8016099812473643,0.0021175947715175,60.52537155151367,387.7496643066406,287.1509094238281
2022-12-02,2.03,,-0.181,1.08,122.0102,-0.46,-0.8016099812473643,0.0021426582756724,60.47734451293945,387.3023681640625,286.0071716308594
2022-12-05,1.99,,-0.181,1.21,122.6384,-0.46,-0.8016099812473643,0.0021441099613818,59.901065826416016,380.3350524902344,281.2069396972656
2022-12-06,1.97,,-0.181,1.2,123.0191,-0.46,-0.8016099812473643,0.002154241772052,59.68495941162109,374.8525085449219,275.3802185058594
2022-12-07,1.95,,-0.181,1.16,122.7608,-0.46,-0.8016099812473643,0.0021593391110802,60.01309967041016,374.21484375,274.2559509277344
2022-12-08,1.91,,-0.181,1.2,122.4152,-0.46,-0.8016099812473643,0.0021694527780687,60.06114959716797,377.14642333984375,277.5016784667969
2022-12-09,1.9,,-0.184,1.31,122.4201,-0.46,-0.8016099812473643,0.0021556086870295,60.06114959716797,374.3291015625,275.7321472167969
2022-12-12,1.88,,-0.184,1.33,122.7714,-0.46,-0.8016099812473643,0.0021333895316119,60.29326248168945,379.7258605957031,279.19293212890625
2022-12-13,1.91,,-0.184,1.27,121.8493,-0.46,-0.8016099812473643,0.0021167097958715,60.91756439208984,382.6003723144531,282.1943359375
2022-12-14,1.95,,-0.184,1.3,121.8226,-0.46,-0.8016099812473643,0.0021438450899031,60.57339477539063,380.1542053222656,280.1022033691406
2022-12-15,1.97,,-0.184,1.28,122.5519,-0.46,-0.8016099812473643,0.002117375711699,60.34489822387695,370.8550109863281,270.69732666015625
2022-12-16,1.98,,-0.19,1.35,122.6505,-0.46,-0.8016099812473643,0.0021013965819801,60.02303695678711,366.4765625,268.1163635253906
2022-12-19,1.98,,-0.19,1.42,122.5275,-0.46,-0.8016099812473643,0.0021161269204548,59.71729278564453,363.3689880371094,264.3483581542969
2022-12-20,1.99,,-0.19,1.45,122.1357,-0.46,-0.8016099812473643,0.0020912494322594,59.56443786621094,363.86627197265625,264.1426086425781
2022-12-21,2.01,,-0.19,1.41,122.2828,-0.46,-0.8016099812473643,0.0020959303613127,60.071319580078125,369.306884765625,267.97430419921875
2022-12-22,1.99,,-0.19,1.48,122.2419,-0.46,-0.8016099812473643,0.0020993284226531,59.70121765136719,364.038330078125,261.4181823730469
2022-12-23,2.0,,-0.201,1.55,121.9743,-0.46,-0.8016099812473643,0.0021176011590833,59.85408401489258,366.1324462890625,262.0062255859375
2022-12-26,2.0,,-0.201,1.55,121.9743,-0.46,-0.8016099812473643,0.0021176011590833,59.85408401489258,366.1324462890625,262.0062255859375
2022-12-27,2.02,,-0.201,1.58,121.7539,-0.46,-0.8016099812473643,0.002112353871118,59.23455047607422,364.6885681152344,258.3018798828125
2022-12-28,2.01,,-0.201,1.6,122.0075,-0.46,-0.8016099812473643,0.0021195862411739,58.43799591064453,360.1561584472656,254.8915863037109
2022-12-29,2.01,,-0.201,1.56,121.6577,-0.46,-0.8016099812473643,0.0021000275345875,59.19430923461914,366.63916015625,261.10467529296875
2022-12-30,1.99,,-0.218,1.58,121.4256,-0.46,-0.8016099812473643,0.0020912788551029,59.24258804321289,365.6734313964844,260.9478454589844
2023-01-02,1.99,,-0.218,1.58,121.4256,0.57,0.3188082918103907,0.0020912788551029,59.24258804321289,365.6734313964844,260.9478454589844
2023-01-03,2.03,,-0.218,1.53,122.0905,0.57,0.3188082918103907,0.0020470729642766,59.3552360534668,364.1339416503906,259.1839599609375
2023-01-04,2.07,,-0.218,1.47,121.5008,0.57,0.3188082918103907,0.0020182966036413,60.03913116455078,366.9451904296875,260.4186096191406
2023-01-05,2.03,,-0.218,1.49,122.1017,0.57,0.3188082918103907,0.0020808807371897,59.91844940185547,362.7570495605469,256.3419494628906
2023-01-06,2.07,,-0.241,1.34,121.0852,0.57,0.3188082918103907,0.0020966098371979,60.77128982543945,371.0758361816406,263.4173583984375
2023-01-09,2.02,,-0.241,1.31,120.1508,0.57,0.3188082918103907,0.0021458321973641,60.98857116699219,370.865478515625,265.12255859375
2023-01-10,2.02,,-0.241,1.37,120.2483,0.57,0.3188082918103907,0.0021730070342561,60.91615295410156,373.4662780761719,267.3666687011719
2023-01-11,1.99,,-0.241,1.31,120.1614,0.57,0.3188082918103907,0.002216206156906,61.31846618652344,378.1898193359375,271.9921569824219
2023-01-12,1.97,,-0.241,1.22,119.4218,0.57,0.3188082918103907,0.0022083882196255,61.66442108154297,379.5667724609375,273.46221923828125
2023-01-13,1.95,,-0.266,1.31,119.1673,0.57,0.3188082918103907,0.0021932339071,61.66442108154297,381.0392761230469,275.3436889648437
2023-01-16,1.95,,-0.266,1.31,119.1673,0.57,0.3188082918103907,0.0021932339071,61.66442108154297,381.0392761230469,275.3436889648437
2023-01-17,1.91,,-0.266,1.36,119.2121,0.57,0.3188082918103907,0.0022100462775274,61.45523452758789,380.3412780761719,275.9022827148437
2023-01-18,1.96,,-0.266,1.25,119.0755,0.57,0.3188082918103907,0.0022203842864761,61.52763748168945,374.3364562988281,272.3155517578125
2023-01-19,1.99,,-0.266,1.19,119.6107,0.57,0.3188082918103907,0.0021988970854878,61.165557861328125,371.611328125,269.64019775390625
2023-01-20,1.98,,-0.287,1.25,119.3486,0.57,0.3188082918103907,0.0022054089578785,61.286251068115234,378.53411865234375,277.0194702148437
2023-01-23,1.96,,-0.287,1.24,119.1434,0.57,0.3188082918103907,0.0022074621144794,61.27820587158203,383.0759887695313,283.1736755371094
2023-01-24,1.94,,-0.287,1.19,119.0958,0.57,0.3188082918103907,0.0021953048421023,61.31846618652344,382.664794921875,282.595458984375
2023-01-25,1.96,,-0.287,1.17,118.9686,0.57,0.3188082918103907,0.002184215885931,61.31038665771485,382.8082580566406,281.9683532714844
2023-01-26,1.91,,-0.287,1.16,119.021,0.57,0.3188082918103907,0.0022119124215261,61.46326446533203,387.0154724121094,287.4659423828125
2023-01-27,1.88,,-0.304,1.19,118.9223,0.57,0.3188082918103907,0.002190189790824,61.27820587158203,387.90472412109375,290.3275756835937
2023-01-30,1.87,,-0.304,1.26,118.8953,0.57,0.3188082918103907,0.0021860209790611,60.94026565551758,383.0377502441406,284.4573974609375
2023-01-31,1.9,,-0.304,1.28,118.9802,0.57,0.3188082918103907,0.0021915003313675,61.41501235961914,388.6697387695313,288.7203674316406
2023-02-01,1.91,,-0.304,1.14,118.6259,-0.43,-0.1634816837026265,0.0021324826003268,62.060176849365234,392.8003845214844,294.89422607421875
2023-02-02,1.88,,-0.304,1.18,118.3421,-0.43,-0.1634816837026265,0.0021364085781736,62.41590881347656,398.5183715820313,305.4779357910156
2023-02-03,1.83,,-0.312,1.31,119.5095,-0.43,-0.1634816837026265,0.0021810081855878,61.76103973388672,394.2824096679688,300.048828125
2023-02-06,1.77,,-0.312,1.38,120.541,-0.43,-0.1634816837026265,0.0021667024179564,61.36488342285156,391.8728332519531,297.51080322265625
2023-02-07,1.78,,-0.312,1.36,120.3475,-0.43,-0.1634816837026265,0.0021843779075424,61.58317184448242,396.9980163574219,303.6748046875
2023-02-08,1.83,,-0.312,1.29,120.1436,-0.43,-0.1634816837026265,0.0021537764429593,61.32443237304688,392.6569519042969,298.27508544921875
2023-02-09,1.84,,-0.312,1.34,119.9781,-0.43,-0.1634816837026265,0.0021999251573629,60.92827987670898,389.2529602050781,295.63897705078125
2023-02-10,1.85,,-0.308,1.41,120.1419,-0.43,-0.1634816837026265,0.0021620678800827,60.459354400634766,390.1613159179688,293.6986389160156
2023-02-13,1.84,,-0.308,1.41,119.9828,-0.43,-0.1634816837026265,0.0022069225332407,60.61298751831055,394.7413940429688,298.40252685546875
2023-02-14,1.81,,-0.308,1.46,119.9229,-0.43,-0.1634816837026265,0.0022168285509786,60.629127502441406,394.5597229003906,300.607421875
2023-02-15,1.82,,-0.308,1.46,120.4557,-0.43,-0.1634816837026265,0.0022091375824034,60.53212356567383,395.8410339355469,302.9103698730469
2023-02-16,1.84,,-0.308,1.49,120.4651,-0.43,-0.1634816837026265,0.0022614007405168,60.04702758789063,390.3907775878906,297.2265014648437
2023-02-17,1.89,,-0.293,1.46,120.5526,-0.43,-0.1634816837026265,0.0022353834976215,60.28148651123047,389.41552734375,295.1293640136719
2023-02-20,1.89,,-0.293,1.46,120.5526,-0.43,-0.1634816837026265,0.0022353834976215,60.28148651123047,389.41552734375,295.1293640136719
2023-02-21,1.87,,-0.293,1.53,120.6256,-0.43,-0.1634816837026265,0.0023101472620487,59.35172271728516,381.6034240722656,288.1422119140625
2023-02-22,1.85,,-0.293,1.52,120.8389,-0.43,-0.1634816837026265,0.0022939409751558,59.73979949951172,381.0774841308594,288.3578186035156
2023-02-23,1.86,,-0.293,1.49,121.0896,-0.43,-0.1634816837026265,0.0022403740122242,60.33000183105469,383.1046142578125,290.87628173828125
2023-02-24,1.86,,-0.267,1.57,121.5681,-0.43,-0.1634816837026265,0.0021865324065357,59.96615982055664,379.01220703125,286.005859375
2023-02-27,1.87,,-0.267,1.56,121.3941,-0.43,-0.1634816837026265,0.0022063840531226,60.37043762207031,380.3030090332031,288.05401611328125
2023-02-28,1.9,,-0.267,1.49,121.3341,-0.43,-0.1634816837026265,0.0022404176240988,60.257232666015625,378.8974914550781,287.6815795898437
2023-03-01,1.84,,-0.267,1.57,120.6347,-0.41,-0.3651222449396196,0.0022680526375345,60.0864372253418,377.4440307617188,285.36883544921875
2023-03-02,1.82,,-0.267,1.6,121.1302,-0.41,-0.3651222449396196,0.0022274339299843,60.15962219238281,380.3795166015625,287.7305603027344
2023-03-03,1.79,,-0.235,1.45,120.7742,-0.41,-0.3651222449396196,0.0022070683424969,60.777809143066406,386.47998046875,293.6790466308594
2023-03-06,1.79,,-0.235,1.49,120.485,-0.41,-0.3651222449396196,0.0022190053859173,60.777809143066406,386.7477722167969,294.0121765136719
2023-03-07,1.79,,-0.235,1.59,121.4623,-0.41,-0.3651222449396196,0.0021977506869946,60.34671401977539,380.8193664550781,290.4058837890625
2023-03-08,1.79,,-0.235,1.66,121.4511,-0.41,-0.3651222449396196,0.0022295471950225,60.062007904052734,381.4408874511719,291.8562927246094
2023-03-09,1.85,,-0.235,1.63,121.4458,-0.41,-0.3651222449396196,0.0022164215791685,59.72852325439453,374.4033203125,286.7995910644531
2023-03-10,1.96,,-0.202,1.44,121.2421,-0.41,-0.3651222449396196,0.0021726636958301,59.73664855957031,369.00091552734375,282.7719116210937
2023-03-13,2.14,,-0.202,1.31,120.8897,-0.41,-0.3651222449396196,0.002128733626314,59.411277770996094,368.4750061035156,284.8690185546875
2023-03-14,2.11,,-0.202,1.33,121.0141,-0.41,-0.3651222449396196,0.0021039240672302,59.842403411865234,374.5659484863281,291.4152526855469
2023-03-15,2.22,,-0.202,1.22,122.1079,-0.41,-0.3651222449396196,0.0020017128408722,59.64719772338867,372.2232360839844,292.9440612792969
2023-03-16,2.16,,-0.202,1.34,121.7221,-0.41,-0.3651222449396196,0.0020247524513932,60.03760147094727,378.75396728515625,300.66619873046875
2023-03-17,2.21,,-0.17,1.29,121.5643,-0.41,-0.3651222449396196,0.0019867499104287,59.6796989440918,374.3253173828125,299.2452392578125
2023-03-20,2.19,,-0.17,1.33,121.0141,-0.41,-0.3651222449396196,0.0020086399580081,59.51704025268555,377.92474365234375,300.3072814941406
2023-03-21,2.11,,-0.17,1.36,120.8958,-0.41,-0.3651222449396196,0.0020735293349983,60.16775131225586,382.8871154785156,304.596435546875
2023-03-22,2.16,,-0.17,1.2,120.6217,-0.41,-0.3651222449396196,0.0020898397061427,60.22468185424805,376.3601684570313,300.4544982910156
2023-03-23,2.26,,-0.17,1.19,119.7587,-0.41,-0.3651222449396196,0.0020794461866344,59.98881912231445,377.3775939941406,304.0173034667969
2023-03-24,2.24,,-0.151,1.16,120.4598,-0.41,-0.3651222449396196,0.0020692700090063,59.866790771484375,379.85400390625,305.13623046875
2023-03-27,2.19,,-0.151,1.29,120.2541,-0.41,-0.3651222449396196,0.0021022842478842,59.72038269042969,380.564208984375,303.04559326171875
2023-03-28,2.19,,-0.151,1.24,119.7138,-0.41,-0.3651222449396196,0.0020847697919581,59.68782806396485,379.7099914550781,301.4360046386719
2023-03-29,2.15,,-0.151,1.24,119.7258,-0.41,-0.3651222449396196,0.002092975851796,60.43619918823242,385.22900390625,306.9324035644531
2023-03-30,2.11,,-0.151,1.21,119.4078,-0.41,-0.3651222449396196,0.0020655960092261,60.79408264160156,387.4847106933594,309.8375244140625
2023-03-31,2.11,,-0.146,1.16,119.3602,-0.41,-0.3651222449396196,0.0020845605977117,61.45295715332031,392.9460754394531,314.9903869628906
2023-04-03,2.11,,-0.146,1.14,119.3204,0.04,-0.1843454258675048,0.002046222172227,61.40554428100586,394.44342041015625,314.2247619628906
2023-04-04,2.1,,-0.146,1.1,119.142,0.04,-0.1843454258675048,0.001969884333894,61.22579574584961,392.2550354003906,313.1648254394531
2023-04-05,2.14,,-0.146,1.07,119.2953,0.04,-0.1843454258675048,0.0019783264180518,60.88264083862305,391.2279968261719,310.0730895996094
2023-04-06,2.11,,-0.146,1.06,119.3072,0.04,-0.1843454258675048,0.0020010934808058,61.15226745605469,392.754150390625,312.1636962890625
2023-04-07,2.11,,-0.15,1.14,119.3547,0.04,-0.1843454258675048,0.0020010934808058,61.15226745605469,392.754150390625,312.1636962890625
2023-04-10,2.09,,-0.15,1.14,119.7948,0.04,-0.1843454258675048,0.0020041727785056,61.09503555297852,393.1572570800781,311.98699951171875
2023-04-11,2.05,,-0.15,1.14,119.5248,0.04,-0.1843454258675048,0.0020074320606391,61.22579574584961,393.2628173828125,309.9847717285156
2023-04-12,2.08,,-0.15,1.14,119.003,0.04,-0.1843454258675048,0.0020311799623942,61.209449768066406,391.6598815917969,307.2464294433594
2023-04-13,2.07,,-0.15,1.16,118.3915,0.04,-0.1843454258675048,0.0020202811805382,61.62617111206055,396.86224365234375,313.26300048828125
2023-04-14,2.05,,-0.161,1.22,118.8567,0.04,-0.1843454258675048,0.0020514934454422,61.51177597045898,395.8928527832031,312.6741027832031
2023-04-17,2.02,,-0.161,1.28,119.2787,0.04,-0.1843454258675048,0.0020389128895283,61.34838104248047,397.3133850097656,312.9390563964844
2023-04-18,2.01,,-0.161,1.3,119.1049,0.04,-0.1843454258675048,0.0020372122649558,61.38919448852539,397.5724792480469,312.95867919921875
2023-04-19,2.01,,-0.161,1.32,119.303,0.04,-0.1843454258675048,0.0020408982189034,61.14405822753906,397.50537109375,312.8114929199219
2023-04-20,2.05,,-0.161,1.28,119.1199,0.04,-0.1843454258675048,0.0020033870715674,61.086891174316406,395.3360595703125,310.4264221191406
2023-04-21,2.04,,-0.175,1.29,119.3117,0.04,-0.1843454258675048,0.0020106087492162,61.27481460571289,395.6432189941406,310.7503662109375
2023-04-24,2.04,,-0.175,1.24,119.2039,0.04,-0.1843454258675048,0.0019873310126104,61.44640350341797,396.0559997558594,310.10260009765625
2023-04-25,2.09,,-0.175,1.15,119.613,0.04,-0.1843454258675048,0.0019287863370767,61.34838104248047,389.7690734863281,304.2528686523437
2023-04-26,2.11,,-0.175,1.18,119.3228,0.04,-0.1843454258675048,0.0019388628691663,61.11139678955078,388.1181640625,306.0980529785156
2023-04-27,2.07,,-0.175,1.26,119.4298,0.04,-0.1843454258675048,0.0019420573889958,61.315677642822266,395.8448791503906,314.4211730957031
2023-04-28,2.08,,-0.187,1.26,119.2248,0.04,-0.1843454258675048,0.0019446258645471,61.57712936401367,399.2234191894531,316.5902099609375
2023-05-01,2.06,,-0.187,1.36,119.4435,-0.18,-0.3995717112307395,0.001974891603861,61.29483795166016,398.8203125,316.2270812988281
2023-05-02,2.16,,-0.187,1.24,119.6105,-0.18,-0.3995717112307395,0.0019103410397223,61.23740005493164,394.337890625,313.4691162109375
2023-05-03,2.2,,-0.187,1.18,119.1233,-0.18,-0.3995717112307395,0.0018887410527051,61.20458221435547,391.6311340332031,311.417724609375
2023-05-04,2.24,,-0.187,1.18,119.0465,-0.18,-0.3995717112307395,0.0018798827659338,61.02400588989258,388.857177734375,310.3184509277344
2023-05-05,2.2,,-0.196,1.23,118.5548,-0.18,-0.3995717112307395,0.0019190542125542,61.35229110717773,396.0559997558594,316.9141540527344
2023-05-08,2.2,,-0.196,1.29,118.5759,-0.18,-0.3995717112307395,0.0019335734532996,61.1799430847168,396.1615905761719,317.6993408203125
2023-05-09,2.21,,-0.196,1.3,118.8239,-0.18,-0.3995717112307395,0.0019099302780783,61.02400588989258,394.42425537109375,315.687255859375
2023-05-10,2.26,,-0.196,1.26,118.5864,-0.18,-0.3995717112307395,0.0018852499722553,61.393314361572266,396.2671203613281,319.1225280761719
2023-05-11,2.25,,-0.196,1.23,119.0303,-0.18,-0.3995717112307395,0.001835260872624,61.29483795166016,395.5760803222656,320.16290283203125
2023-05-12,2.21,,-0.204,1.28,119.3671,-0.18,-0.3995717112307395,0.0018448746805008,61.07326889038086,395.0577697753906,319.0144958496094
2023-05-15,2.27,,-0.204,1.31,119.1608,-0.18,-0.3995717112307395,0.0018520812449535,61.05683517456055,396.4207153320313,320.7419738769531
2023-05-16,2.28,,-0.204,1.35,119.1743,-0.18,-0.3995717112307395,0.0018379098585589,60.630126953125,393.77154541015625,321.1051025390625
2023-05-17,2.26,,-0.204,1.35,119.607,-0.18,-0.3995717112307395,0.0018897360139293,60.79425430297852,398.5515441894531,324.9917907714844
2023-05-18,2.2,,-0.204,1.42,120.0886,-0.18,-0.3995717112307395,0.0018816764416244,60.82707214355469,402.3908996582031,331.0279541015625
2023-05-19,2.18,,-0.209,1.46,119.7751,-0.18,-0.3995717112307395,0.001881285782428,60.892696380615234,401.8053894042969,330.2820739746094
2023-05-22,2.19,,-0.209,1.48,120.0875,-0.18,-0.3995717112307395,0.001860441530258,61.16352844238281,401.9685668945313,331.3911437988281
2023-05-23,2.19,,-0.209,1.44,120.3204,-0.18,-0.3995717112307395,0.0018462279208636,60.84347534179688,397.4573669433594,327.1903381347656
2023-05-24,2.18,,-0.209,1.48,120.4752,-0.18,-0.3995717112307395,0.0018104238071417,60.41672897338867,394.5778198242188,325.51202392578125
2023-05-25,2.1,,-0.209,1.58,120.8413,-0.18,-0.3995717112307395,0.0018426740427428,60.37569808959961,397.994873046875,333.4326171875
2023-05-26,2.1,,-0.211,1.57,120.6304,-0.18,-0.3995717112307395,0.0018895633491934,60.74499130249024,403.1492004394531,341.95196533203125
2023-05-29,2.1,,-0.211,1.57,120.6304,-0.18,-0.3995717112307395,0.0018895633491934,60.74499130249024,403.1492004394531,341.95196533203125
2023-05-30,2.14,,-0.211,1.47,120.5546,-0.18,-0.3995717112307395,0.0018682328868082,61.007606506347656,403.3027038574219,343.5027770996094
2023-05-31,2.16,,-0.211,1.46,120.9662,-0.18,-0.3995717112307395,0.0018488721405484,60.81885528564453,401.0663757324219,341.54962158203125
2023-06-01,2.15,,-0.211,1.45,120.0491,-0.41,-0.8893464531073647,0.0018738625143608,61.18414688110352,404.8768615722656,345.4952392578125
2023-06-02,2.11,,-0.214,1.51,120.0049,-0.41,-0.8893464531073647,0.0019066277603371,61.49748611450195,410.7318420410156,348.0863037109375
2023-06-05,2.1,,-0.214,1.5,120.0048,-0.41,-0.8893464531073647,0.0019216037015749,61.44801712036133,409.9447937011719,348.3316650390625
2023-06-06,2.08,,-0.214,1.5,119.9718,-0.41,-0.8893464531073647,0.0019165606512061,61.54695129394531,410.8373718261719,348.27276611328125
2023-06-07,2.06,,-0.214,1.58,119.859,-0.41,-0.8893464531073647,0.0019326195535224,61.20890426635742,409.4168395996094,342.3642272949219
2023-06-08,2.07,,-0.214,1.53,119.5712,-0.41,-0.8893464531073647,0.001933438589722,61.59642791748047,411.8932495117188,346.6141052246094
2023-06-09,2.05,,-0.215,1.55,119.4322,-0.41,-0.8893464531073647,0.0019309958865656,61.61293411254883,412.6322937011719,347.9391174316406
2023-06-12,2.1,,-0.215,1.56,119.6376,-0.41,-0.8893464531073647,0.0019181199151547,61.54695129394531,416.3756408691406,353.8182067871094
2023-06-13,2.0,,-0.215,1.64,119.1899,-0.41,-0.8893464531073647,0.0019687853957065,61.62120056152344,419.1207275390625,356.5369873046875
2023-06-14,1.94,,-0.215,1.62,118.776,-0.41,-0.8893464531073647,0.0019771901194266,61.64591217041016,419.619873046875,359.12811279296875
2023-06-15,2.02,,-0.215,1.51,118.5521,-0.41,-0.8893464531073647,0.0019902441584668,61.94277572631836,424.8221435546875,363.4074096679688
2023-06-16,1.96,,-0.217,1.55,118.4184,-0.41,-0.8893464531073647,0.0019835069333524,61.78611373901367,423.3751525878906,361.1205749511719
2023-06-19,1.96,,-0.217,1.55,118.4184,-0.41,-0.8893464531073647,0.0019835069333524,61.78611373901367,423.3751525878906,361.1205749511719
2023-06-20,1.95,,-0.217,1.52,118.938,-0.41,-0.8893464531073647,0.0020038749598249,61.62120056152344,421.1785888671875,360.6036071777344
2023-06-21,1.96,,-0.217,1.51,118.727,-0.41,-0.8893464531073647,0.0020229658690186,61.46451568603516,419.02056884765625,355.6893615722656
2023-06-22,1.94,,-0.217,1.56,118.7552,-0.41,-0.8893464531073647,0.0020329900530514,61.2830924987793,420.5330810546875,359.8861083984375
2023-06-23,1.96,,-0.221,1.53,119.152,-0.41,-0.8893464531073647,0.0019832213238999,61.1759147644043,417.3538818359375,356.31842041015625
2023-06-26,1.98,,-0.221,1.54,119.0761,-0.41,-0.8893464531073647,0.0019683422951719,61.20890426635742,415.6487731933594,351.5417785644531
2023-06-27,1.94,,-0.221,1.57,118.8949,-0.41,-0.8893464531073647,0.0019757053819694,61.41503143310547,420.2055969238281,357.5862731933594
2023-06-28,1.96,,-0.221,1.53,119.3382,-0.41,-0.8893464531073647,0.0019455628810188,61.76961517333984,420.4175109863281,358.2840881347656
2023-06-29,1.92,,-0.221,1.65,119.527,-0.41,-0.8893464531073647,0.0019261995095272,61.60469436645508,422.0745544433594,357.5666198730469
2023-06-30,1.88,,-0.227,1.59,119.3606,-0.41,-0.8893464531073647,0.001947321838842,61.90153503417969,427.0553283691406,363.0803527832031
2023-07-03,1.85,,-0.227,1.61,119.2119,0.13,-0.3124783892988758,0.0019664880782062,61.8045539855957,427.5466918945313,363.9354553222656
2023-07-04,1.85,,-0.227,1.61,119.2119,0.13,-0.3124783892988758,0.0019664880782062,61.8045539855957,427.5466918945313,363.9354553222656
2023-07-05,1.83,,-0.227,1.69,119.3483,0.13,-0.3124783892988758,0.0019553552992703,61.61385726928711,426.9108276367188,363.925537109375
2023-07-06,1.8,,-0.227,1.78,119.8193,0.13,-0.3124783892988758,0.0019489705683317,61.16617202758789,423.56781005859375,361.1539916992188
2023-07-07,1.81,,-0.236,1.79,119.0761,0.13,-0.3124783892988758,0.0019556640304418,61.22422409057617,422.4983825683594,359.9548645019531
2023-07-10,1.86,,-0.236,1.76,118.9548,0.13,-0.3124783892988758,0.0019592208366889,61.53097534179688,423.56781005859375,360.07281494140625
2023-07-11,1.84,,-0.236,1.75,118.7344,0.13,-0.3124783892988758,0.0019435094961131,61.862579345703125,426.265380859375,361.8517761230469
2023-07-12,1.88,,-0.236,1.6,117.6385,0.13,-0.3124783892988758,0.0019640119126512,62.343406677246094,429.6950378417969,366.4219665527344
2023-07-13,1.91,,-0.236,1.52,117.1831,0.13,-0.3124783892988758,0.0020056656803438,62.71647644042969,433.10546875,372.6432800292969
2023-07-14,1.87,,-0.249,1.59,117.0463,0.13,-0.3124783892988758,0.0020009183103851,62.260501861572266,432.8357543945313,372.5647277832031
2023-07-17,1.9,,-0.249,1.56,117.1267,0.13,-0.3124783892988758,0.0019627125431511,62.3765869140625,434.3386535644531,376.0439453125
2023-07-18,1.89,,-0.249,1.57,117.0264,0.13,-0.3124783892988758,0.001930002063008,62.55067443847656,437.5659790039063,379.1202697753906
2023-07-19,1.87,,-0.249,1.53,117.3462,0.13,-0.3124783892988758,0.0019213653545162,62.60042190551758,438.5390319824219,379.0317993164063
2023-07-20,1.85,,-0.249,1.5,117.5947,0.13,-0.3124783892988758,0.001939490941289,62.32683563232422,435.6295166015625,370.29437255859375
2023-07-21,1.85,,-0.264,1.49,117.9418,0.13,-0.3124783892988758,0.001936058585126,62.48435974121094,435.6295166015625,369.1837768554688
2023-07-24,1.84,,-0.264,1.48,117.8124,0.13,-0.3124783892988758,0.0019591389178631,62.3765869140625,437.57562255859375,369.7735290527344
2023-07-25,1.81,,-0.264,1.52,117.8565,0.13,-0.3124783892988758,0.0019886855914381,62.335105895996094,438.7702331542969,372.2796630859375
2023-07-26,1.83,,-0.264,1.5,117.76,0.13,-0.3124783892988758,0.0019759764439143,62.58383560180664,438.8377075195313,371.0413208007813
2023-07-27,1.78,,-0.264,1.64,117.8938,0.13,-0.3124783892988758,0.0019859669321322,62.086402893066406,435.92822265625,370.1567687988281
2023-07-28,1.8,,-0.28,1.58,117.788,0.13,-0.3124783892988758,0.0019980616234096,62.44291687011719,440.1961059570313,376.8990478515625
2023-07-31,1.77,,-0.28,1.6,117.8241,0.13,-0.3124783892988758,0.0020271504297379,62.59211349487305,441.0343017578125,377.0955810546875
2023-08-01,1.77,,-0.28,1.68,118.5738,-0.17,-0.2542130621991156,0.0020062349603782,62.28223419189453,439.7721557617188,376.2209167480469
2023-08-02,1.82,,-0.28,1.72,119.1268,-0.17,-0.2542130621991156,0.0019755858659399,62.01570510864258,433.6545715332031,367.9650268554688
2023-08-03,1.84,,-0.28,1.83,119.3963,-0.17,-0.2542130621991156,0.002006211142609,61.81577301025391,432.4118041992188,367.3753662109375
2023-08-04,1.9,,-0.297,1.67,118.821,-0.17,-0.2542130621991156,0.0019823675381562,62.18230438232422,430.45611572265625,365.6553955078125
2023-08-07,1.9,,-0.297,1.68,119.0809,-0.17,-0.2542130621991156,0.0019720713544144,62.298927307128906,434.21337890625,368.7513122558594
2023-08-08,1.93,,-0.297,1.66,119.6407,-0.17,-0.2542130621991156,0.0019479236807321,62.43218231201172,432.3251037597656,365.6160278320313
2023-08-09,1.92,,-0.297,1.66,119.476,-0.17,-0.2542130621991156,0.0019669520077711,62.440521240234375,429.4349670410156,361.5962219238281
2023-08-10,1.89,,-0.297,1.76,119.1581,-0.17,-0.2542130621991156,0.0019593605723384,62.42385482788086,429.5890502929688,362.2645568847656
2023-08-11,1.87,,-0.312,1.8,119.6268,-0.17,-0.2542130621991156,0.0019418160400446,62.33221054077149,429.3385620117188,359.9548645019531
2023-08-14,1.84,,-0.312,1.83,120.0725,-0.17,-0.2542130621991156,0.0019493876208859,62.32390594482422,431.7085266113281,363.994384765625
2023-08-15,1.86,,-0.312,1.89,120.2127,-0.17,-0.2542130621991156,0.0019245729183242,62.12398147583008,426.67962646484375,360.1318359375
2023-08-16,1.84,,-0.312,1.96,120.3551,-0.17,-0.2542130621991156,0.0019257950707584,61.932395935058594,423.548583984375,356.31842041015625
2023-08-17,1.87,,-0.312,1.97,120.5242,-0.17,-0.2542130621991156,0.0019561063395236,61.67419052124024,420.3211975097656,352.4263610839844
2023-08-18,1.89,,-0.325,1.94,120.4321,-0.17,-0.2542130621991156,0.0019611897193282,61.7158432006836,420.5234680175781,351.9841003417969
2023-08-21,1.88,,-0.325,2.0,120.4627,-0.17,-0.2542130621991156,0.001960597790871,61.699180603027344,423.2595520019531,357.655029296875
2023-08-22,1.82,,-0.325,1.99,120.3554,-0.17,-0.2542130621991156,0.0019776945346323,61.73248291015625,422.1130981445313,357.14404296875
2023-08-23,1.83,,-0.325,1.84,120.0307,-0.17,-0.2542130621991156,0.0019825384086825,62.23227691650391,426.81451416015625,362.7756652832031
2023-08-24,1.8,,-0.325,1.91,120.2354,-0.17,-0.2542130621991156,0.001964080919408,61.89076232910156,420.8992614746094,355.0210266113281
2023-08-25,1.76,,-0.333,1.92,120.5137,-0.17,-0.2542130621991156,0.0019674533192908,62.14897537231445,423.8664855957031,357.7729797363281
2023-08-28,1.82,,-0.333,1.9,120.3155,-0.17,-0.2542130621991156,0.0019573491322356,62.38220977783203,426.5544128417969,360.4660339355469
2023-08-29,1.84,,-0.333,1.83,120.2669,-0.17,-0.2542130621991156,0.0019586883464156,62.77371597290039,432.7201232910156,368.3384704589844
2023-08-30,1.82,,-0.333,1.86,119.7937,-0.17,-0.2542130621991156,0.001946716037019,62.74873352050781,434.5023498535156,370.39263916015625
2023-08-31,1.83,,-0.333,1.85,120.225,-0.17,-0.2542130621991156,0.0019463936297522,62.70706558227539,433.8666076660156,371.5032348632813
2023-09-01,1.82,,-0.338,1.92,120.759,-0.03,-0.2672476942852109,0.0019654087555587,62.82505798339844,434.67578125,371.1101379394531
2023-09-04,1.82,,-0.338,1.92,120.759,-0.03,-0.2672476942852109,0.0019654087555587,62.82505798339844,434.67578125,371.1101379394531
2023-09-05,1.84,,-0.338,1.98,121.4345,-0.03,-0.2672476942852109,0.0019785070113828,62.41499710083008,432.7972106933594,371.5818786621094
2023-09-06,1.79,,-0.338,2.0,121.8671,-0.03,-0.2672476942852109,0.0019542777521665,62.26435089111328,429.8877258300781,368.3089904785156
2023-09-07,1.81,,-0.338,1.95,121.9528,-0.03,-0.2672476942852109,0.0019431551867389,62.473594665527344,428.56787109375,365.6751098632813
2023-09-08,1.79,,-0.337,1.93,121.9475,-0.03,-0.2672476942852109,0.0019185258463712,62.44845581054688,429.21337890625,366.1860656738281
2023-09-11,1.8,3.82,-0.337,1.94,121.3386,-0.03,-0.2672476942852109,0.0019601725602947,62.55729293823242,432.0361022949219,370.5007629394531
2023-09-12,1.79,3.84,-0.337,1.93,121.2913,-0.03,-0.2672476942852109,0.0019630617891526,62.45686340332031,429.6661071777344,366.39251708984375
2023-09-13,1.81,3.85,-0.337,1.9,121.0549,-0.03,-0.2672476942852109,0.0019674192499053,62.62420272827149,430.1671447753906,367.7881164550781
2023-09-14,1.8,3.78,-0.337,1.95,121.2395,-0.03,-0.2672476942852109,0.0019803665071257,62.69956207275391,433.8761901855469,370.7956237792969
2023-09-15,1.78,3.79,-0.332,1.98,121.199,-0.03,-0.2672476942852109,0.0019563861676618,62.46518325805664,428.6487121582031,364.4464721679688
2023-09-18,1.77,3.82,-0.332,1.96,121.1938,-0.03,-0.2672476942852109,0.0019370954702655,62.50707244873047,428.9000549316406,364.826416015625
2023-09-19,1.75,3.82,-0.332,2.0,121.1645,-0.03,-0.2672476942852109,0.0019223602415365,62.3145751953125,428.0105895996094,364.0487976074219
2023-09-20,1.73,3.77,-0.332,2.0,120.9648,-0.03,-0.2672476942852109,0.0019256270879272,62.26435089111328,424.0757751464844,358.802734375
2023-09-21,1.66,3.89,-0.332,2.11,121.5528,-0.03,-0.2672476942852109,0.001910431526071,61.8208122253418,417.0664978027344,352.22784423828125
2023-09-22,1.73,3.93,-0.323,2.07,121.5306,-0.03,-0.2672476942852109,0.0019037601948347,61.92959976196289,416.1287536621094,352.277099609375
2023-09-25,1.75,3.97,-0.323,2.18,122.1143,-0.03,-0.2672476942852109,0.0019041531564627,61.84592056274414,417.8786315917969,353.9502868652344
2023-09-26,1.77,4.04,-0.323,2.23,122.4742,-0.03,-0.2672476942852109,0.0019074931348296,61.57809829711914,411.7394409179688,348.63531494140625
2023-09-27,1.77,4.03,-0.323,2.27,122.9895,-0.03,-0.2672476942852109,0.001937914159421,61.494422912597656,411.90374755859375,349.4522705078125
2023-09-28,1.8,4.09,-0.323,2.2,122.5342,-0.03,-0.2672476942852109,0.0019858632127496,61.787330627441406,414.2917785644531,352.3754577636719
2023-09-29,1.78,4.03,-0.31,2.24,122.3077,-0.03,-0.2672476942852109,0.0020161247333984,61.695289611816406,413.2863159179688,352.6313781738281
2023-10-02,1.78,4.11,-0.31,2.34,123.0545,-0.51,-0.7742988102069082,0.0019846994368756,61.3209114074707,413.1219482421875,355.5743408203125
2023-10-03,1.82,4.26,-0.31,2.45,123.7848,-0.51,-0.7742988102069082,0.0019815302102785,60.6983757019043,407.5918273925781,349.3341369628906
2023-10-04,1.83,4.37,-0.31,2.4,123.5946,-0.51,-0.7742988102069082,0.0019708551611912,61.0096321105957,410.5599365234375,354.0881042480469
2023-10-05,1.85,4.38,-0.31,2.41,123.8993,-0.51,-0.7742988102069082,0.0019525487058268,61.06851959228516,410.4053039550781,353.0447692871094
2023-10-06,1.84,4.33,-0.299,2.47,123.3563,-0.51,-0.7742988102069082,0.0019803847300503,61.15266418457031,415.2779235839844,358.9602355957031
2023-10-09,1.84,4.34,-0.299,2.47,123.3563,-0.51,-0.7742988102069082,0.0019694511617767,61.60695266723633,417.9366455078125,360.7908935546875
2023-10-10,1.83,4.26,-0.299,2.34,122.9282,-0.51,-0.7742988102069082,0.0019516388874166,61.590110778808594,420.1119079589844,362.7889709472656
2023-10-11,1.82,4.25,-0.299,2.26,122.7697,-0.51,-0.7742988102069082,0.0019297308777183,61.58171081542969,421.8328247070313,365.3775634765625
2023-10-12,1.83,4.25,-0.299,2.36,123.2101,-0.51,-0.7742988102069082,0.0019226448441717,61.25362014770508,419.2611083984375,364.10791015625
2023-10-13,1.82,4.3,-0.289,2.29,123.5954,-0.51,-0.7742988102069082,0.0018574244465906,61.20312881469727,417.1728515625,359.5310363769531
2023-10-16,1.83,4.27,-0.289,2.33,123.3185,-0.51,-0.7742988102069082,0.0018671594080336,61.1862907409668,421.5621337890625,363.5960693359375
2023-10-17,1.8,4.25,-0.289,2.42,123.1202,-0.51,-0.7742988102069082,0.0018596245395777,60.90026473999024,421.542724609375,362.4050903320313
2023-10-18,1.78,4.32,-0.289,2.47,123.8148,-0.51,-0.7742988102069082,0.001831943910252,60.60582733154297,415.9256591796875,357.65106201171875
2023-10-19,1.82,4.37,-0.289,2.49,123.798,-0.51,-0.7742988102069082,0.0018245783373926,60.38708114624024,412.2711791992188,354.3046569824219
2023-10-20,1.88,4.52,-0.283,2.46,123.612,-0.51,-0.7742988102069082,0.0017866330669927,60.51329803466797,407.2051696777344,349.01910400390625
2023-10-23,1.85,4.51,-0.283,2.45,123.2846,-0.51,-0.7742988102069082,0.0018079238303628,60.75725555419922,406.4993591308594,350.07232666015625
2023-10-24,1.84,4.41,-0.283,2.43,123.6416,-0.51,-0.7742988102069082,0.0018278480481497,61.06851959228516,409.5641174316406,353.47784423828125
2023-10-25,1.83,4.37,-0.283,2.52,123.7871,-0.51,-0.7742988102069082,0.0018003125198608,60.74044418334961,403.6860046386719,344.82623291015625
2023-10-26,1.82,4.5,-0.283,2.44,124.0064,-0.51,-0.7742988102069082,0.0017957428188629,60.950721740722656,398.85205078125,338.2513122558594
2023-10-27,1.88,4.53,-0.283,2.42,123.62,-0.51,-0.7742988102069082,0.0018274163268415,60.87503433227539,397.0440979003906,339.8753967285156
2023-10-30,1.86,4.5,-0.283,2.44,123.4076,-0.51,-0.7742988102069082,0.0018282236160991,60.891845703125,401.79107666015625,343.7041931152344
2023-10-31,1.85,4.42,-0.283,2.46,123.8364,-0.51,-0.7742988102069082,0.0018343240407777,61.05170440673828,404.314453125,345.3478698730469
2023-11-01,1.91,4.47,-0.283,2.36,123.7922,0.14,-0.0904361538583531,0.0018420254148897,61.63360595703125,408.6263732910156,351.342041015625
2023-11-02,1.84,4.15,-0.283,2.27,122.8818,0.14,-0.0904361538583531,0.0018467969885177,62.3271598815918,416.4574279785156,357.72003173828125
2023-11-03,1.86,4.04,-0.288,2.18,121.7564,0.14,-0.0904361538583531,0.0018450916337212,62.93616485595703,420.25689697265625,361.9228210449219
2023-11-06,1.84,4.0,-0.288,2.25,121.6484,0.14,-0.0904361538583531,0.0018719722043243,62.682403564453125,421.22369384765625,363.3992309570313
2023-11-07,1.83,4.08,-0.288,2.19,122.0777,0.14,-0.0904361538583531,0.0018659751805887,62.69086456298828,422.4224853515625,366.8343200683594
2023-11-08,1.84,4.08,-0.288,2.15,122.0926,0.14,-0.0904361538583531,0.0018590827676048,62.72469711303711,422.73193359375,367.0704956054688
2023-11-09,1.83,4.04,-0.288,2.29,122.1281,0.14,-0.0904361538583531,0.0018506262502931,62.33562469482422,419.4351196289063,364.2456970214844
2023-11-10,1.8,4.03,-0.297,2.29,122.1281,0.14,-0.0904361538583531,0.0018542377903946,62.64011764526367,425.9803466796875,372.4347229003906
2023-11-13,1.79,4.03,-0.297,2.32,122.4264,0.14,-0.0904361538583531,0.0018825494241236,62.58090591430664,425.5743408203125,371.2732543945313
2023-11-14,1.83,3.92,-0.297,2.16,121.35,0.14,-0.0904361538583531,0.0018771025557669,63.21526336669922,433.8307189941406,379.2655334472656
2023-11-15,1.8,3.89,-0.297,2.22,121.0749,0.14,-0.0904361538583531,0.0018965869178578,63.01225662231445,434.7492065429688,379.5509338378906
2023-11-16,1.81,4.02,-0.297,2.18,121.1754,0.14,-0.0904361538583531,0.0018672815738483,63.09685516357422,435.2809143066406,379.8757934570313
2023-11-17,1.78,3.99,-0.308,2.16,120.8477,0.14,-0.0904361538583531,0.0018861021388593,63.24061965942383,435.8222961425781,379.9643249511719
2023-11-20,1.76,3.92,-0.308,2.12,120.2533,0.14,-0.0904361538583531,0.0019277443970916,63.30828857421875,439.1771240234375,384.59033203125
2023-11-21,1.77,3.95,-0.308,2.16,120.2241,0.14,-0.0904361538583531,0.0019079177713699,63.39287185668945,438.2200012207031,382.3561096191406
2023-11-22,1.71,3.9,-0.308,2.16,120.6802,0.14,-0.0904361538583531,0.0018913829215672,63.5028190612793,439.9118957519531,383.9210815429688
2023-11-23,1.71,3.9,-0.308,2.16,120.6802,0.14,-0.0904361538583531,0.0018913829215672,63.5028190612793,439.9118957519531,383.9210815429688
2023-11-24,1.72,3.85,-0.32,2.21,120.2105,0.14,-0.0904361538583531,0.0018961642494062,63.43517303466797,440.1825256347656,383.3797912597656
2023-11-27,1.71,3.89,-0.32,2.18,120.173,0.14,-0.0904361538583531,0.0018702157055197,63.52821731567383,439.3898315429688,383.0450744628906
2023-11-28,1.75,3.9,-0.32,2.12,119.5904,0.14,-0.0904361538583531,0.001863509442196,63.80732345581055,439.8248901367188,384.0490112304688
2023-11-29,1.72,3.8,-0.32,2.06,119.8159,0.14,-0.0904361538583531,0.0018494455857085,64.15409088134766,439.5155029296875,383.6749877929688
2023-11-30,1.67,3.84,-0.32,2.14,120.2434,0.14,-0.0904361538583531,0.0018787105843934,64.0356674194336,441.24609375,382.7104187011719
2023-12-01,1.71,3.87,-0.331,2.0,119.9424,-0.12,0.8386591076755323,0.0018874939255873,64.56585693359375,443.85650634765625,383.8028869628906
2023-12-04,1.67,3.8,-0.331,2.07,120.4727,-0.12,0.8386591076755323,0.001887505529907,64.40446472167969,441.5264587402344,380.2399597167969
2023-12-05,1.65,3.8,-0.331,2.01,120.7913,-0.12,0.8386591076755323,0.0018689621194684,64.46394348144531,441.4394226074219,381.1946716308594
2023-12-06,1.63,3.79,-0.331,1.98,120.5334,-0.12,0.8386591076755323,0.0018303373769362,64.47241973876953,439.6605529785156,378.9899291992188
2023-12-07,1.63,3.77,-0.331,1.97,120.6013,-0.12,0.8386591076755323,0.001864377475804,64.5828857421875,443.0153198242188,384.2852478027344
2023-12-08,1.61,3.75,-0.34,2.02,120.7607,-0.12,0.8386591076755323,0.0019116248010317,64.45543670654297,444.919921875,385.9978942871094
2023-12-11,1.61,3.79,-0.34,2.04,120.9279,-0.12,0.8386591076755323,0.001911021219105,64.41295623779297,446.65045166015625,389.2951354980469
2023-12-12,1.6,3.76,-0.34,2.04,120.6817,-0.12,0.8386591076755323,0.0019142481140066,64.5573959350586,448.69049072265625,392.3955993652344
2023-12-13,1.61,3.79,-0.34,1.88,121.1571,-0.12,0.8386591076755323,0.0019099025980398,65.54298400878906,454.87786865234375,397.3857421875
2023-12-14,1.57,3.47,-0.34,1.7,119.5683,-0.12,0.8386591076755323,0.0019153285729122,65.83246612548828,456.3377990722656,397.0413513183594
2023-12-15,1.57,3.51,-0.349,1.69,119.7382,-0.12,0.8386591076755323,0.0019222205914563,65.68730926513672,455.5864562988281,398.9605712890625
2023-12-18,1.58,3.51,-0.349,1.74,119.9102,-0.12,0.8386591076755323,0.0018990277633445,65.72998046875,458.1491394042969,401.4735412597656
2023-12-19,1.57,3.46,-0.349,1.74,119.4632,-0.12,0.8386591076755323,0.0019113029149257,65.91780853271484,460.9350891113281,403.5248718261719
2023-12-20,1.63,3.43,-0.349,1.67,119.5435,-0.12,0.8386591076755323,0.0019176701826731,65.92639923095703,454.54779052734375,397.5286254882813
2023-12-21,1.64,3.41,-0.349,1.7,119.3168,-0.12,0.8386591076755323,0.0019167770109005,66.22522735595703,458.8577270507813,402.1539611816406
2023-12-22,1.65,3.39,-0.358,1.71,119.0625,-0.12,0.8386591076755323,0.0018936851683227,66.14836883544922,459.7799072265625,402.7556457519531
2023-12-25,1.65,3.39,-0.358,1.71,119.0625,-0.12,0.8386591076755323,0.0018936851683227,66.14836883544922,459.7799072265625,402.7556457519531
2023-12-26,1.64,3.37,-0.358,1.71,118.8875,-0.12,0.8386591076755323,0.0018926732276273,66.27647399902344,461.7213439941406,405.2211608886719
2023-12-27,1.64,3.34,-0.358,1.64,118.4729,-0.12,0.8386591076755323,0.0018941833070466,66.54972076416016,462.5561828613281,406.0460815429688
2023-12-28,1.62,3.32,-0.358,1.68,118.4104,-0.12,0.8386591076755323,0.0018867834953795,66.33625793457031,462.73095703125,405.8487243652344
2023-12-29,1.61,3.34,-0.367,1.72,118.4208,-0.12,0.8386591076755323,0.0018815458989264,66.08007049560547,461.3912963867188,404.0923461914063
2024-01-01,1.61,3.39,-0.367,1.72,118.4208,-0.98,-1.2762549126908995,0.0018815458989264,66.08007049560547,461.3912963867188,404.0923461914063
2024-01-02,1.62,3.54,-0.367,1.74,119.2686,-0.98,-1.2762549126908995,0.0018741523643969,65.85808563232422,458.8092041015625,397.2541809082031
2024-01-03,1.66,3.71,-0.367,1.71,119.6958,-0.98,-1.2762549126908995,0.0018914070288981,65.67874145507812,455.0622863769531,393.0506896972656
2024-01-04,1.65,3.69,-0.367,1.77,119.6208,-0.98,-1.2762549126908995,0.0018758262733449,65.422607421875,453.5964050292969,391.0278015136719
2024-01-05,1.65,3.68,-0.375,1.83,119.388,-0.98,-1.2762549126908995,0.0018578633309711,65.47381591796875,454.2177429199219,391.4916076660156
2024-01-08,1.65,3.63,-0.375,1.79,119.2506,-0.98,-1.2762549126908995,0.001874814977957,65.84098052978516,460.7021179199219,399.58294677734375
2024-01-09,1.63,3.59,-0.375,1.8,119.6666,-0.98,-1.2762549126908995,0.0018498322461295,65.94346618652344,460.0032043457031,400.3722839355469
2024-01-10,1.59,3.5,-0.375,1.82,119.7614,-0.98,-1.2762549126908995,0.0018702082357566,66.06300354003906,462.604736328125,403.0859069824219
2024-01-11,1.63,3.55,-0.375,1.76,119.8916,-0.98,-1.2762549126908995,0.0018748448071803,66.27647399902344,462.40087890625,403.9245910644531
2024-01-12,1.64,3.56,-0.383,1.69,119.534,-0.98,-1.2762549126908995,0.0018273318506678,66.34476470947266,462.7212524414063,404.1318054199219
2024-01-15,1.64,3.54,-0.383,1.69,119.534,-0.98,-1.2762549126908995,0.0018273318506678,66.34476470947266,462.7212524414063,404.1318054199219
2024-01-16,1.65,3.58,-0.383,1.77,120.5759,-0.98,-1.2762549126908995,0.0018590819329641,65.92639923095703,461.0224609375,404.0923461914063
2024-01-17,1.63,3.62,-0.383,1.8,121.0402,-0.98,-1.2762549126908995,0.0018638270856873,65.64458465576172,458.4597778320313,401.81292724609375
2024-01-18,1.62,3.58,-0.383,1.8,120.8895,-0.98,-1.2762549126908995,0.0018552461759898,65.7812271118164,462.5367736816406,407.5163879394531
2024-01-19,1.59,3.54,-0.39,1.81,120.6442,-0.98,-1.2762549126908995,0.0018687391763494,65.89219665527344,468.3027648925781,415.5978088378906
2024-01-22,1.59,3.49,-0.39,1.8,120.6178,-0.98,-1.2762549126908995,0.0018635507713492,65.94346618652344,469.29302978515625,416.1405029296875
2024-01-23,1.62,3.51,-0.39,1.85,121.1001,-0.98,-1.2762549126908995,0.0018730543149039,65.86660766601562,470.66162109375,417.8673400878906
2024-01-24,1.61,3.44,-0.39,1.88,120.4916,-0.98,-1.2762549126908995,0.0019278513760246,65.83246612548828,471.1761779785156,420.1861572265625
2024-01-25,1.6,3.45,-0.39,1.85,120.8311,-0.98,-1.2762549126908995,0.0019165550728872,66.33625793457031,473.7388305664063,420.69927978515625
2024-01-26,1.58,3.39,-0.396,1.85,120.6173,-0.98,-1.2762549126908995,0.0019092126207795,66.28498077392578,473.1369934082031,418.1929626464844
2024-01-29,1.6,3.41,-0.396,1.78,120.8538,-0.98,-1.2762549126908995,0.0019124037131735,66.43016052246094,476.8839416503906,422.4754333496094
2024-01-30,1.58,3.42,-0.396,1.8,120.6025,-0.98,-1.2762549126908995,0.0019229633773514,66.34476470947266,476.5151062011719,419.6632690429688
2024-01-31,1.61,3.59,-0.396,1.73,120.4331,-0.98,-1.2762549126908995,0.0019051455283239,66.15692901611328,468.7396240234375,411.4436340332031
2024-02-01,1.63,3.56,-0.396,1.68,120.3335,0.26,-0.3543266402759926,0.0018765221441076,66.53789520263672,474.8745727539063,416.28851318359375
2024-02-02,1.59,3.47,-0.403,1.82,120.902,0.26,-0.3543266402759926,0.0018768725056552,66.23760223388672,479.873779296875,423.3240966796875
2024-02-05,1.56,3.5,-0.403,1.9,121.349,0.26,-0.3543266402759926,0.0018620724516503,65.92864990234375,478.12646484375,422.771484375
2024-02-06,1.58,3.52,-0.403,1.85,120.9588,0.26,-0.3543266402759926,0.0018591791735611,66.16893768310547,479.5146484375,421.9228210449219
2024-02-07,1.6,3.43,-0.403,1.86,120.9049,0.26,-0.3543266402759926,0.001836428872831,66.28047943115234,483.5139465332031,426.2645568847656
2024-02-08,1.6,3.38,-0.403,1.91,121.0798,0.26,-0.3543266402759926,0.0018233933552304,66.24613189697266,483.7275390625,427.053955078125
2024-02-09,1.59,3.33,-0.41,1.92,121.039,0.26,-0.3543266402759926,0.0018217763158033,66.38346099853516,486.5231628417969,431.2574157714844
2024-02-12,1.58,3.35,-0.41,1.93,120.9378,0.26,-0.3543266402759926,0.0018474383012489,66.23760223388672,486.3096008300781,429.5701293945313
2024-02-13,1.54,3.36,-0.41,2.02,121.5202,0.26,-0.3543266402759926,0.0018636158066888,65.70553588867188,479.6116638183594,422.8701171875
2024-02-14,1.56,3.38,-0.41,1.97,121.4002,0.26,-0.3543266402759926,0.0018592674072549,65.96299743652344,483.9702453613281,427.4782409667969
2024-02-15,1.57,3.35,-0.41,1.94,121.2121,0.26,-0.3543266402759926,0.0018762799318364,66.19466400146484,487.3094482421875,428.751220703125
2024-02-16,1.53,3.34,-0.419,1.97,121.1505,0.26,-0.3543266402759926,0.0019080288635982,65.99732208251953,484.8827209472656,424.8633117675781
2024-02-19,1.53,3.34,-0.419,1.97,121.1505,0.26,-0.3543266402759926,0.0019080288635982,65.99732208251953,484.8827209472656,424.8633117675781
2024-02-20,1.56,3.37,-0.419,1.95,121.0199,0.26,-0.3543266402759926,0.0019070283111308,66.13460540771484,482.2132263183594,421.6564636230469
2024-02-21,1.54,3.34,-0.419,1.98,121.0379,0.26,-0.3543266402759926,0.0019158878221284,66.01448059082031,482.6500244140625,419.9690856933594
2024-02-22,1.49,3.22,-0.419,2.02,121.102,0.26,-0.3543266402759926,0.0019297421064379,66.33197784423828,492.6387023925781,432.2639770507813
2024-02-23,1.49,3.23,-0.427,1.96,121.0369,0.26,-0.3543266402759926,0.0019042480211776,66.3749008178711,492.9784240722656,430.9910583496094
2024-02-26,1.53,3.23,-0.427,1.97,121.0592,0.26,-0.3543266402759926,0.0018851367422944,66.16034698486328,491.1728820800781,430.7640686035156
2024-02-27,1.53,3.26,-0.427,1.99,120.9647,0.26,-0.3543266402759926,0.0018834808700321,66.24613189697266,492.0853576660156,431.8002014160156
2024-02-28,1.55,3.31,-0.427,1.94,121.128,0.26,-0.3543266402759926,0.0018826857377787,66.23760223388672,491.43505859375,429.50103759765625
2024-02-29,1.55,3.29,-0.427,1.92,121.1824,0.26,-0.3543266402759926,0.001874419595205,66.35771179199219,493.20166015625,433.1816101074219
2024-03-01,1.57,3.32,-0.434,1.87,121.0111,-0.13,-0.557312624665296,0.0018472376249306,66.60624694824219,497.83203125,439.7039794921875
2024-03-04,1.57,3.26,-0.434,1.88,120.872,-0.13,-0.557312624665296,0.001818954567176,66.5890121459961,497.2981262207031,438.1350708007813
2024-03-05,1.59,3.31,-0.434,1.81,120.8846,-0.13,-0.557312624665296,0.0018017342868945,66.53723907470703,492.328125,430.2707214355469
2024-03-06,1.57,3.27,-0.434,1.81,120.4649,-0.13,-0.557312624665296,0.0017999813978739,66.70118713378906,494.8227844238281,432.9744262695313
2024-03-07,1.59,3.27,-0.434,1.81,120.1909,-0.13,-0.557312624665296,0.0018162651123881,66.77887725830078,499.734619140625,439.546142578125
2024-03-08,1.59,3.26,-0.438,1.81,119.975,-0.13,-0.557312624665296,0.0017832552172575,66.79611206054688,496.7351379394531,433.2013244628906
2024-03-11,1.59,3.26,-0.438,1.83,120.0394,-0.13,-0.557312624665296,0.0017972508110404,66.78749084472656,496.3079833984375,431.593017578125
2024-03-12,1.55,3.2,-0.438,1.86,120.1668,-0.13,-0.557312624665296,0.0018167932464994,66.8479232788086,501.64697265625,437.7799072265625
2024-03-13,1.55,3.15,-0.438,1.89,119.9642,-0.13,-0.557312624665296,0.0018628757713706,66.87378692626953,500.8606872558594,434.4150695800781
2024-03-14,1.53,3.15,-0.438,1.99,120.241,-0.13,-0.557312624665296,0.0018663893570461,66.55447387695312,499.87054443359375,433.31982421875
2024-03-15,1.49,3.16,-0.439,1.99,120.4003,-0.13,-0.557312624665296,0.0019063181280549,66.51132202148438,496.4381408691406,428.16900634765625
2024-03-18,1.49,3.13,-0.439,2.03,120.5752,-0.13,-0.557312624665296,0.0019042440592201,66.66667938232422,499.3885192871094,432.2525939941406
2024-03-19,1.5,3.1,-0.439,2.0,120.9332,-0.13,-0.557312624665296,0.0018821591249721,66.93421173095703,502.1636352539063,433.3295593261719
2024-03-20,1.56,3.14,-0.439,1.96,120.9289,-0.13,-0.557312624665296,0.0018714954422895,67.15858459472656,506.8083801269531,438.4674072265625
2024-03-21,1.53,3.05,-0.439,1.93,120.8086,-0.13,-0.557312624665296,0.0018541515703185,67.12405395507812,508.4832458496094,440.5423278808594
2024-03-22,1.53,3.08,-0.437,1.87,121.1842,-0.13,-0.557312624665296,0.0018516286875841,67.05501556396484,507.5192565917969,441.0462951660156
2024-03-25,1.53,3.11,-0.437,1.92,121.0295,-0.13,-0.557312624665296,0.0018424682175455,66.95144653320312,506.1170654296875,439.4456176757813
2024-03-26,1.53,3.15,-0.437,1.92,121.0742,-0.13,-0.557312624665296,0.0018367346351028,66.87378692626953,505.1822509765625,438.0227966308594
2024-03-27,1.54,3.15,-0.437,1.88,121.0089,-0.13,-0.557312624665296,0.0018225599784409,67.22761535644531,509.4277648925781,439.5148010253906
2024-03-28,1.5,3.12,-0.437,1.88,121.0635,-0.13,-0.557312624665296,0.0018054929922697,67.0809326171875,509.330322265625,438.7045593261719
2024-03-29,1.5,3.12,-0.433,1.88,121.0191,-0.13,-0.557312624665296,0.0018054929922697,67.0809326171875,509.330322265625,438.7045593261719
2024-04-01,1.49,3.12,-0.433,1.98,121.5151,-0.38,-0.997106258579994,0.0018090766840217,66.80768585205078,508.4442443847656,439.6333312988281
2024-04-02,1.51,3.23,-0.433,2.0,121.3035,-0.38,-0.997106258579994,0.0018000885323579,66.69490051269531,505.2115173339844,435.8392028808594
2024-04-03,1.49,3.23,-0.433,2.0,121.0198,-0.38,-0.997106258579994,0.0018274930344529,66.74696350097656,505.7664794921875,436.8173828125
2024-04-04,1.51,3.24,-0.433,1.97,120.7613,-0.38,-0.997106258579994,0.0018553390093787,66.69490051269531,499.5930480957031,430.1381530761719
2024-04-05,1.49,3.18,-0.427,2.02,120.9646,-0.38,-0.997106258579994,0.0018228920904608,66.63420104980469,504.8122253417969,435.2068786621094
2024-04-08,1.46,3.15,-0.427,2.04,120.7359,-0.38,-0.997106258579994,0.0018342840159426,66.79032135009766,505.0945129394531,435.3352661132813
2024-04-09,1.44,3.14,-0.427,2.0,120.7048,-0.38,-0.997106258579994,0.0018288883187253,66.92913055419922,505.6789245605469,436.94580078125
2024-04-10,1.4,3.1,-0.427,2.15,121.5727,-0.38,-0.997106258579994,0.0018380837419941,66.33929443359375,500.6153869628906,433.1319580078125
2024-04-11,1.41,3.16,-0.427,2.16,121.6081,-0.38,-0.997106258579994,0.0018056734189204,66.27857208251953,504.3935241699219,440.04833984375
2024-04-12,1.45,3.25,-0.421,2.11,122.2885,-0.38,-0.997106258579994,0.0018069350054709,66.24385833740234,497.4313659667969,433.033203125
2024-04-15,1.46,3.28,-0.421,2.2,122.425,-0.38,-0.997106258579994,0.0018509595471051,65.86221313476562,491.1995239257813,425.9092712402344
2024-04-16,1.46,3.36,-0.421,2.24,123.1234,-0.38,-0.997106258579994,0.0018008616122573,65.64534759521484,490.3036193847656,425.9488220214844
2024-04-17,1.48,3.42,-0.421,2.2,123.0207,-0.38,-0.997106258579994,0.0018309652566559,65.73209381103516,487.40185546875,420.7516479492188
2024-04-18,1.47,3.39,-0.421,2.24,123.0017,-0.38,-0.997106258579994,0.0018639548719929,65.78411865234375,486.39892578125,418.3507080078125
2024-04-19,1.46,3.37,-0.416,2.21,123.1075,-0.38,-0.997106258579994,0.0018770847391388,65.90557861328125,482.1535339355469,409.69537353515625
2024-04-22,1.46,3.29,-0.416,2.21,123.0609,-0.38,-0.997106258579994,0.0019297231354102,66.26988983154297,486.5937194824219,413.8155517578125
2024-04-23,1.46,3.2,-0.416,2.2,122.7227,-0.38,-0.997106258579994,0.0019291575664794,66.5387954711914,492.367919921875,419.9908447265625
2024-04-24,1.48,3.19,-0.416,2.24,122.89,-0.38,-0.997106258579994,0.0019217035954525,66.39132690429688,492.1341857910156,421.4136657714844
2024-04-25,1.47,3.24,-0.416,2.28,122.8384,-0.38,-0.997106258579994,0.0019617562886145,66.25253295898438,490.2646789550781,419.3783264160156
2024-04-26,1.45,3.16,-0.414,2.24,122.9471,-0.38,-0.997106258579994,0.0019569126570803,66.46070098876953,494.9093933105469,425.8500061035156
2024-04-29,1.45,3.12,-0.414,2.22,122.5449,-0.38,-0.997106258579994,0.0019864415937067,66.66021728515625,496.66204833984375,427.5790710449219
2024-04-30,1.44,3.18,-0.414,2.28,122.9853,-0.38,-0.997106258579994,0.0019920136377647,66.17448425292969,488.7943420410156,419.5165710449219
2024-05-01,1.43,3.21,-0.414,2.25,123.0168,0.16,-0.0649964430300298,0.0019794338729606,66.52326965332031,487.2071533203125,416.4833068847656
2024-05-02,1.47,3.16,-0.414,2.21,122.4384,0.16,-0.0649964430300298,0.001954592925138,66.93309020996094,491.7642211914063,421.7990112304688
2024-05-03,1.49,3.08,-0.413,2.15,122.1375,0.16,-0.0649964430300298,0.0019893432607231,67.21214294433594,497.85980224609375,430.2764892578125
2024-05-06,1.47,3.03,-0.413,2.14,121.8913,0.16,-0.0649964430300298,0.0019962525119556,67.29060363769531,503.0010986328125,434.989501953125
2024-05-07,1.45,3.06,-0.413,2.15,122.093,0.16,-0.0649964430300298,0.0019978836816395,67.29931640625,503.55615234375,435.05865478515625
2024-05-08,1.47,3.1,-0.413,2.17,122.1926,0.16,-0.0649964430300298,0.0019718186398948,67.14234924316406,503.6047668457031,434.8017578125
2024-05-09,1.48,3.14,-0.413,2.13,122.1634,0.16,-0.0649964430300298,0.0019756870989047,67.1598129272461,506.5065002441406,435.7502746582031
2024-05-10,1.48,3.12,-0.414,2.16,122.014,0.16,-0.0649964430300298,0.0019826384256972,67.05516815185547,507.1588745117188,436.7778625488281
2024-05-13,1.48,3.14,-0.414,2.15,122.0261,0.16,-0.0649964430300298,0.0020566328077367,67.03772735595703,507.2271118164063,437.78564453125
2024-05-14,1.48,3.14,-0.414,2.12,121.9256,0.16,-0.0649964430300298,0.0021048270585348,67.14234924316406,509.5542907714844,440.6015930175781
2024-05-15,1.49,3.13,-0.414,2.05,121.3543,0.16,-0.0649964430300298,0.0020804203819788,67.53475189208984,515.8640747070312,447.48834228515625
2024-05-16,1.47,3.08,-0.414,2.07,121.2236,0.16,-0.0649964430300298,0.0020554622682202,67.37777709960938,514.802734375,446.5793151855469
2024-05-17,1.48,3.09,-0.414,2.1,121.2354,0.16,-0.0649964430300298,0.0020964266074877,67.38652801513672,515.542724609375,446.3619689941406
2024-05-20,1.47,3.07,-0.414,2.11,121.2289,0.16,-0.0649964430300298,0.0020902667732836,67.42137908935547,516.13671875,449.4743347167969
2024-05-21,1.48,3.07,-0.414,2.09,121.3793,0.16,-0.0649964430300298,0.0021138043776072,67.36908721923828,517.402587890625,450.3536682128906
2024-05-22,1.46,3.11,-0.414,2.1,121.5462,0.16,-0.0649964430300298,0.0020372927874668,67.22083282470703,515.9127807617188,450.2647399902344
2024-05-23,1.45,3.1,-0.414,2.17,121.7477,0.16,-0.0649964430300298,0.002062740979409,66.98541259765625,512.14453125,448.2392272949219
2024-05-24,1.46,3.11,-0.413,2.14,121.6172,0.16,-0.0649964430300298,0.002048660270143,67.22083282470703,515.5330810546875,452.47796630859375
2024-05-27,1.46,3.12,-0.413,2.14,121.6172,0.16,-0.0649964430300298,0.002048660270143,67.22083282470703,515.5330810546875,452.47796630859375
2024-05-28,1.45,3.09,-0.413,2.2,121.43,0.16,-0.0649964430300298,0.0020701003325654,66.95052337646484,515.893310546875,454.1872863769531
2024-05-29,1.47,3.15,-0.413,2.25,122.1641,0.16,-0.0649964430300298,0.002053369196366,66.74998474121094,512.28076171875,450.986083984375
2024-05-30,1.46,3.19,-0.413,2.19,121.9601,0.16,-0.0649964430300298,0.0019941099176545,67.02029418945312,508.8824157714844,446.1544494628906
2024-05-31,1.46,3.2,-0.409,2.16,122.098,0.16,-0.0649964430300298,0.0019845883711403,67.25572967529297,513.517333984375,445.3244934082031
2024-06-03,1.47,3.17,-0.409,2.08,122.3509,-0.22,0.7734749239909133,0.0019930963313466,67.46421813964844,513.93603515625,447.715576171875
2024-06-04,1.49,3.22,-0.409,2.02,122.7256,-0.22,0.7734749239909133,0.0019557083891017,67.4291763305664,514.5106811523438,448.9407348632813
2024-06-05,1.53,3.2,-0.409,1.99,122.5339,-0.22,0.7734749239909133,0.0019623210435344,67.648193359375,520.625732421875,457.9913330078125
2024-06-06,1.5,3.2,-0.409,2.0,122.3713,-0.22,0.7734749239909133,0.0019790743315642,67.53429412841797,520.6159057617188,457.8332214355469
2024-06-07,1.46,3.15,-0.403,2.13,123.549,-0.22,0.7734749239909133,0.0019497224776238,67.35908508300781,519.9830322265625,457.4281005859375
2024-06-10,1.46,3.15,-0.403,2.16,123.9125,-0.22,0.7734749239909133,0.0019744767753383,67.42041015625,521.5897216796875,459.2757873535156
2024-06-11,1.48,3.19,-0.403,2.12,124.0349,-0.22,0.7734749239909133,0.0019601299083374,67.50802612304688,522.8457641601562,462.42767333984375
2024-06-12,1.48,3.09,-0.403,2.09,123.8295,-0.22,0.7734749239909133,0.0019612585845058,67.77960968017578,527.1400146484375,468.4844055175781
2024-06-13,1.51,3.2,-0.403,2.03,124.0235,-0.22,0.7734749239909133,0.0019596123238612,67.77084350585938,528.2012939453125,471.0237121582031
2024-06-14,1.53,3.29,-0.396,2.03,124.1694,-0.22,0.7734749239909133,0.0019520461134447,67.50802612304688,528.522705078125,473.4641723632813
2024-06-17,1.52,3.26,-0.396,2.06,124.239,-0.22,0.7734749239909133,0.0019553279283758,67.55181121826172,532.729248046875,479.2640380859375
2024-06-18,1.52,3.24,-0.396,2.01,123.9776,-0.22,0.7734749239909133,0.0019576038401104,67.7620620727539,534.0825805664062,479.4122314453125
2024-06-19,1.52,3.24,-0.396,2.01,123.9776,-0.22,0.7734749239909133,0.0019576038401104,67.7620620727539,534.0825805664062,479.4122314453125
2024-06-20,1.54,3.23,-0.396,2.0,124.192,-0.22,0.7734749239909133,0.0019619338663947,67.71826934814453,532.6317138671875,475.7169799804688
2024-06-21,1.55,3.21,-0.387,2.02,124.1086,-0.22,0.7734749239909133,0.0019400794972799,67.79712677001953,531.9176635742188,474.4423522949219
2024-06-24,1.53,3.19,-0.387,2.03,123.7125,-0.22,0.7734749239909133,0.0019429184336519,67.72705078125,530.1885986328125,469.041015625
2024-06-25,1.55,3.19,-0.387,2.01,123.9417,-0.22,0.7734749239909133,0.0018911334961929,67.81464385986328,532.230224609375,474.4047546386719
2024-06-26,1.55,3.18,-0.387,2.06,124.26,-0.22,0.7734749239909133,0.0018995737304676,67.66571807861328,532.8946533203125,475.3844909667969
2024-06-27,1.55,3.21,-0.387,2.03,124.3379,-0.22,0.7734749239909133,0.0018621207975936,67.74455261230469,533.734619140625,476.6115417480469
2024-06-28,1.55,3.18,-0.38,2.08,124.2103,-0.22,0.7734749239909133,0.0018861967438948,67.57811737060547,531.6343994140625,474.1375427246094
2024-07-01,1.55,3.21,-0.38,2.16,124.4667,-0.39,-0.9226344732312096,0.0019017441389758,67.56488800048828,532.728515625,476.91839599609375
2024-07-02,1.56,3.23,-0.38,2.13,124.2917,-0.39,-0.9226344732312096,0.001906801594058,67.74983978271484,536.3135986328125,481.9258728027344
2024-07-03,1.53,3.25,-0.38,2.09,123.7768,-0.39,-0.9226344732312096,0.001924315533271,67.98760986328125,538.70703125,485.9437561035156
2024-07-04,1.53,3.25,-0.38,2.09,123.7768,-0.39,-0.9226344732312096,0.001924315533271,67.98760986328125,538.70703125,485.9437561035156
2024-07-05,1.56,3.27,-0.375,2.0,123.4762,-0.39,-0.9226344732312096,0.0019503873537992,68.1901626586914,541.8134765625,491.0105895996094
2024-07-08,1.54,3.2,-0.375,2.01,123.3576,-0.39,-0.9226344732312096,0.001962466165617,68.17256164550781,542.4385986328125,492.1783447265625
2024-07-09,1.56,3.21,-0.375,2.04,123.4071,-0.39,-0.9226344732312096,0.0019397482645803,68.09329986572266,542.9661254882812,492.6038818359375
2024-07-10,1.56,3.17,-0.375,2.01,123.1895,-0.39,-0.9226344732312096,0.0019422899296569,68.25183868408203,548.3389282226562,497.7400512695313
2024-07-11,1.58,3.18,-0.375,1.95,122.769,-0.39,-0.9226344732312096,0.0018668737470733,68.49839782714844,543.6109008789062,486.8244934082031
2024-07-12,1.58,3.19,-0.369,1.94,122.4404,-0.39,-0.9226344732312096,0.0019049294842306,68.67454528808594,547.039794921875,489.6844787597656
2024-07-15,1.58,3.13,-0.369,1.96,122.6347,-0.39,-0.9226344732312096,0.001869247590901,68.683349609375,548.544189453125,491.000732421875
2024-07-16,1.56,3.08,-0.369,1.91,122.7264,-0.39,-0.9226344732312096,0.0018047433169054,68.94754791259766,551.7969970703125,491.1887512207031
2024-07-17,1.56,3.09,-0.369,1.9,122.518,-0.39,-0.9226344732312096,0.0017919993809461,68.86827850341797,544.0602416992188,476.76995849609375
2024-07-18,1.57,3.09,-0.369,1.89,122.7909,-0.39,-0.9226344732312096,0.0017399460433347,68.72738647460938,539.8792114257812,474.51361083984375
2024-07-19,1.57,3.09,-0.364,1.93,123.147,-0.39,-0.9226344732312096,0.001761218894874,68.67454528808594,536.2940673828125,470.3077087402344
2024-07-22,1.58,3.05,-0.364,1.96,123.2172,-0.39,-0.9226344732312096,0.0017477006816545,68.92992401123047,541.8231811523438,477.3142700195313
2024-07-23,1.59,3.02,-0.364,1.96,123.3843,-0.39,-0.9226344732312096,0.0017241951842588,68.93875122070312,540.9733276367188,475.6319274902344
2024-07-24,1.65,3.1,-0.364,2.0,123.5575,-0.39,-0.9226344732312096,0.0016985040791352,68.71857452392578,528.7134399414062,458.5708618164063
2024-07-25,1.62,3.08,-0.364,1.99,123.5286,-0.39,-0.9226344732312096,0.0017485864031188,68.72738647460938,525.958740234375,453.5138244628906
2024-07-26,1.65,3.1,-0.36,1.93,123.672,-0.39,-0.9226344732312096,0.0017245797549977,68.94754791259766,531.8493041992188,458.1650390625
2024-07-29,1.66,3.13,-0.36,1.92,124.1392,-0.39,-0.9226344732312096,0.0017086609659657,68.88589477539062,532.1620483398438,459.0854187011719
2024-07-30,1.65,3.2,-0.36,1.9,124.2855,-0.39,-0.9226344732312096,0.0016893971734631,68.92112731933594,529.4658203125,452.7815246582031
2024-07-31,1.68,3.25,-0.36,1.85,123.6373,-0.39,-0.9226344732312096,0.0017144033988922,69.16771697998047,538.0719604492188,466.1810302734375
2024-08-01,1.71,3.35,-0.36,1.79,123.8693,-0.08,-0.4050008280501727,0.0016700206106448,69.01631927490234,530.452392578125,454.889404296875
2024-08-02,1.8,3.72,-0.359,1.76,123.4681,-0.08,-0.4050008280501727,0.0016836377923218,68.78617095947266,520.5762939453125,444.0926513671875
2024-08-05,1.85,3.93,-0.359,1.71,123.5787,-0.08,-0.4050008280501727,0.0016588250191832,68.36123657226562,505.4151611328125,430.85150146484375
2024-08-06,1.78,3.67,-0.359,1.78,123.6532,-0.08,-0.4050008280501727,0.0016790840558249,68.61795043945312,510.0748291015625,434.9683532714844
2024-08-07,1.8,3.57,-0.359,1.85,123.5698,-0.08,-0.4050008280501727,0.0016471449487554,68.7507553100586,506.6654357910156,430.2577209472656
2024-08-08,1.78,3.48,-0.359,1.87,123.4466,-0.08,-0.4050008280501727,0.0016286846721032,69.03404235839844,518.3782348632812,443.4197387695313
2024-08-09,1.77,3.49,-0.36,1.84,122.9276,-0.08,-0.4050008280501727,0.0016364458119585,69.02519989013672,520.6640014648438,445.7354736328125
2024-08-12,1.78,3.52,-0.36,1.79,123.2204,-0.08,-0.4050008280501727,0.0016467673770125,69.06944274902344,520.9376831054688,446.69537353515625
2024-08-13,1.8,3.54,-0.36,1.76,123.0146,-0.08,-0.4050008280501727,0.0016361940466311,69.38813018798828,529.5048828125,457.779052734375
2024-08-14,1.74,3.46,-0.36,1.77,122.4297,-0.08,-0.4050008280501727,0.00164999600578,69.51209259033203,531.17529296875,457.9275817871094
2024-08-15,1.68,3.31,-0.36,1.8,122.5844,-0.08,-0.4050008280501727,0.0016872527716742,69.57405853271484,540.2797241210938,469.4962158203125
2024-08-16,1.69,3.29,-0.368,1.81,122.3972,-0.08,-0.4050008280501727,0.0016519250363802,69.79537963867188,541.4910278320312,470.0998840332031
2024-08-19,1.68,3.21,-0.368,1.79,121.8788,-0.08,-0.4050008280501727,0.0016654009154346,69.91047668457031,546.6685180664062,476.2750854492188
2024-08-20,1.69,3.25,-0.368,1.75,121.7728,-0.08,-0.4050008280501727,0.0016523313871334,69.8484878540039,545.7794799804688,475.275634765625
2024-08-21,1.69,3.27,-0.368,1.72,121.8535,-0.08,-0.4050008280501727,0.0016669989319212,70.0078353881836,547.6551513671875,477.4923706054688
2024-08-22,1.7,3.21,-0.368,1.76,122.3626,-0.08,-0.4050008280501727,0.0016704989943688,69.91932678222656,543.3568115234375,469.9217834472656
2024-08-23,1.7,3.19,-0.379,1.68,121.4597,-0.08,-0.4050008280501727,0.0016721815231946,70.29113006591797,549.1302490234375,475.0183410644531
2024-08-26,1.7,3.15,-0.379,1.67,121.6943,-0.08,-0.4050008280501727,0.0016727569803885,70.14946746826172,547.8212280273438,470.4067077636719
2024-08-27,1.71,3.17,-0.379,1.68,121.8672,-0.08,-0.4050008280501727,0.001681438879671,70.19375610351562,548.5733642578125,471.8119201660156
2024-08-28,1.71,3.19,-0.379,1.69,121.8943,-0.08,-0.4050008280501727,0.0016573370575475,70.1583480834961,545.3887939453125,466.4580993652344
2024-08-29,1.69,3.15,-0.379,1.71,122.2333,-0.08,-0.4050008280501727,0.00164211906336,70.22916412353516,545.4376220703125,465.7752380371094
2024-08-30,1.69,3.13,-0.391,1.76,122.3262,-0.08,-0.4050008280501727,0.0016621220225231,70.23799133300781,550.6443481445312,471.3269958496094
2024-09-02,1.69,3.17,-0.391,1.76,122.3262,-0.29,-1.2004422838397089,0.0016621220225231,70.23799133300781,550.6443481445312,471.3269958496094
2024-09-03,1.73,3.31,-0.391,1.73,122.7811,-0.29,-1.2004422838397089,0.001619342231812,69.98896026611328,539.3126220703125,457.0171203613281
2024-09-04,1.73,3.35,-0.391,1.7,122.5144,-0.29,-1.2004422838397089,0.0016120558017866,70.2469253540039,538.2088012695312,455.8295593261719
2024-09-05,1.73,3.29,-0.391,1.7,122.4533,-0.29,-1.2004422838397089,0.0016235964103846,70.48706817626953,536.8997192382812,456.2551574707031
2024-09-06,1.73,3.39,-0.402,1.69,122.4991,-0.29,-1.2004422838397089,0.0016099860201098,70.39811706542969,527.8635864257812,444.0332946777344
2024-09-09,1.73,3.36,-0.402,1.66,122.7156,-0.29,-1.2004422838397089,0.0016326244129227,70.56714630126953,533.773681640625,449.7433776855469
2024-09-10,1.74,3.46,-0.402,1.63,123.0071,-0.29,-1.2004422838397089,0.0016082872608774,70.43372344970703,536.0987548828125,453.89984130859375
2024-09-11,1.75,3.44,-0.402,1.61,122.7754,-0.29,-1.2004422838397089,0.0016253333961154,70.54046630859375,541.5985107421875,463.7564086914063
2024-09-12,1.74,3.39,-0.402,1.63,122.4423,-0.29,-1.2004422838397089,0.0016200219410888,70.63829803466797,546.1604614257812,468.3086853027344
2024-09-13,1.72,3.37,-0.412,1.58,121.6551,-0.29,-1.2004422838397089,0.0016174021275172,70.83401489257812,549.0130004882812,470.4067077636719
2024-09-16,1.7,3.32,-0.412,1.54,121.4976,-0.29,-1.2004422838397089,0.0016326925981056,71.01191711425781,549.8239135742188,468.3284606933594
2024-09-17,1.68,3.25,-0.412,1.53,121.6031,-0.29,-1.2004422838397089,0.001643138455975,71.02970123291016,550.0484008789062,468.5758972167969
2024-09-18,1.67,3.21,-0.412,1.58,121.5618,-0.29,-1.2004422838397089,0.0016485782069372,71.09197235107422,548.4171142578125,466.5471801757813
2024-09-19,1.67,3.1,-0.412,1.56,121.3059,-0.29,-1.2004422838397089,0.001656105013498,71.30548095703125,557.7755737304688,478.3434143066406
2024-09-20,1.67,3.15,-0.42,1.58,121.4052,-0.29,-1.2004422838397089,0.0016342226887526,71.39444732666016,556.8114013671875,477.4330139160156
2024-09-23,1.65,3.15,-0.42,1.58,121.4303,-0.29,-1.2004422838397089,0.0016329716483275,71.26097106933594,558.2028198242188,478.6985168457031
2024-09-24,1.66,3.21,-0.42,1.55,121.1291,-0.29,-1.2004422838397089,0.0016707529362464,71.26985931396484,559.7998657226562,481.0075378417969
2024-09-25,1.65,3.19,-0.42,1.61,121.4447,-0.29,-1.2004422838397089,0.0016651624754075,71.18982696533203,558.5652465820312,481.4534912109375
2024-09-26,1.65,3.14,-0.42,1.63,121.0785,-0.29,-1.2004422838397089,0.0017157946060844,71.30548095703125,560.77978515625,485.07073974609375
2024-09-27,1.66,3.14,-0.427,1.6,121.1111,-0.29,-1.2004422838397089,0.0017172786013395,71.48336791992188,559.966552734375,482.3751831054688
2024-09-30,1.63,3.03,-0.427,1.63,121.2864,-0.29,-1.2004422838397089,0.0017055497312401,71.43001556396484,562.2103881835938,483.6832885742188
2024-10-01,1.65,3.07,-0.427,1.55,121.6881,-0.56,-0.9947356843759692,0.0017004086404091,71.39424896240234,557.1738891601562,476.9444274902344
2024-10-02,1.64,3.06,-0.427,1.58,121.5724,-0.56,-0.9947356843759692,0.0017362396679365,71.40320587158203,557.4090576171875,477.6183471679688
2024-10-03,1.62,3.04,-0.427,1.64,122.1197,-0.56,-0.9947356843759692,0.0016943282863195,71.23333740234375,556.3900756835938,477.2615661621094
2024-10-04,1.57,2.89,-0.432,1.75,122.2197,-0.56,-0.9947356843759692,0.0017093128561056,71.15288543701172,561.446044921875,482.9400329589844
2024-10-07,1.54,2.95,-0.432,1.76,122.4241,-0.56,-0.9947356843759692,0.0017086358023201,70.8489761352539,556.3704223632812,477.7669677734375
2024-10-08,1.55,2.99,-0.432,1.77,122.6625,-0.56,-0.9947356843759692,0.0016871893611054,71.01881408691406,561.6322631835938,484.9022521972656
2024-10-09,1.54,2.94,-0.432,1.77,122.8821,-0.56,-0.9947356843759692,0.0016711435222845,70.97411346435547,565.5223999023438,488.7176208496094
2024-10-10,1.54,2.99,-0.432,1.76,123.0951,-0.56,-0.9947356843759692,0.0016732809530166,70.93836212158203,564.5327758789062,488.1626586914063
2024-10-11,1.54,2.98,-0.435,1.75,122.9805,-0.56,-0.9947356843759692,0.0016750074410708,71.1260757446289,567.913330078125,488.9257507324219
2024-10-14,1.54,2.97,-0.435,1.75,122.9805,-0.56,-0.9947356843759692,0.0016479719154725,71.16184997558594,572.5579223632812,493.0285339355469
2024-10-15,1.53,2.93,-0.435,1.75,123.5124,-0.56,-0.9947356843759692,0.0016158788885088,71.14392852783203,568.1093139648438,486.4383544921875
2024-10-16,1.51,2.9,-0.435,1.75,123.9235,-0.56,-0.9947356843759692,0.0016198579107725,71.26911163330078,570.5785522460938,486.497802734375
2024-10-17,1.53,2.89,-0.435,1.79,124.1122,-0.56,-0.9947356843759692,0.0015929022583098,71.16184997558594,570.6275024414062,486.834716796875
2024-10-18,1.53,2.88,-0.44,1.77,123.9185,-0.56,-0.9947356843759692,0.0016015035828381,71.3316650390625,572.8225708007812,490.0257568359375
2024-10-21,1.54,2.88,-0.44,1.88,124.4757,-0.56,-0.9947356843759692,0.0015875288455038,71.04562377929688,571.8817749023438,490.9672546386719
2024-10-22,1.55,2.92,-0.44,1.87,124.4107,-0.56,-0.9947356843759692,0.0015844326677924,70.94731903076172,571.5780029296875,491.50238037109375
2024-10-23,1.54,2.95,-0.44,1.93,124.6931,-0.56,-0.9947356843759692,0.0015858017454539,70.73274993896484,566.3551635742188,483.970703125
2024-10-24,1.52,2.93,-0.44,1.91,124.5127,-0.56,-0.9947356843759692,0.001579399657655,70.93836212158203,567.580078125,487.8951110839844
2024-10-25,1.51,2.89,-0.445,1.96,124.6105,-0.56,-0.9947356843759692,0.0015832391203699,70.8668441772461,567.3842163085938,490.86810302734375
2024-10-28,1.51,2.82,-0.445,1.99,124.8076,-0.56,-0.9947356843759692,0.0015793502982175,71.04562377929688,569.13818359375,490.9474182128906
2024-10-29,1.49,2.85,-0.445,1.98,124.8612,-0.56,-0.9947356843759692,0.0015649834322196,71.06352233886719,570.0592041015625,495.6646728515625
2024-10-30,1.44,2.8,-0.445,1.95,124.8153,-0.56,-0.9947356843759692,0.0015519095809523,70.93836212158203,568.3346557617188,491.9186096191406
2024-10-31,1.46,2.88,-0.445,1.95,124.7988,-0.56,-0.9947356843759692,0.0015752473617223,70.74169921875,557.1934814453125,479.5012512207031
2024-11-01,1.46,2.83,-0.452,2.04,124.8076,-0.05,-1.5579409481489392,0.0015874898460468,70.7462158203125,559.5452270507812,483.049072265625
2024-11-04,1.46,2.87,-0.452,2.03,124.5903,-0.05,-1.5579409481489392,0.0016106867101188,70.94384002685547,558.3399047851562,481.6418151855469
2024-11-05,1.45,2.86,-0.452,1.99,124.5532,-0.05,-1.5579409481489392,0.0016240922279103,71.1415023803711,565.0912475585938,487.7861022949219
2024-11-06,1.4,2.74,-0.452,2.04,125.7035,-0.05,-1.5579409481489392,0.0015828833756311,71.26727294921875,579.1424560546875,501.0359191894531
2024-11-07,1.44,2.73,-0.452,1.98,124.775,-0.05,-1.5579409481489392,0.0016343018110776,71.57270050048828,583.62060546875,508.9243774414063
2024-11-08,1.38,2.63,-0.46,1.95,125.5811,-0.05,-1.5579409481489392,0.0015949767356695,71.6894760131836,586.148681640625,509.5190124511719
2024-11-11,1.38,2.63,-0.46,1.95,125.5811,-0.05,-1.5579409481489392,0.0016126685219099,71.6086196899414,586.7071533203125,509.2217102050781
2024-11-12,1.36,2.61,-0.46,2.08,126.7762,-0.05,-1.5579409481489392,0.0015844231385451,71.32115936279297,584.8846435546875,508.2999877929688
2024-11-13,1.41,2.64,-0.46,2.09,126.9572,-0.05,-1.5579409481489392,0.0015754804354515,71.33911895751953,585.1688842773438,507.6460266113281
2024-11-14,1.39,2.6,-0.46,2.1,127.0015,-0.05,-1.5579409481489392,0.0015859356871201,71.18641662597656,581.4061279296875,504.1180114746094
2024-11-15,1.41,2.72,-0.468,2.1,126.8848,-0.05,-1.5579409481489392,0.0015789064174886,71.17743682861328,573.9590454101562,492.10693359375
2024-11-18,1.42,2.72,-0.468,2.08,126.6045,-0.05,-1.5579409481489392,0.001573584481715,71.31217193603516,576.310791015625,495.5259094238281
2024-11-19,1.42,2.69,-0.468,2.05,126.3994,-0.05,-1.5579409481489392,0.0015720756579185,71.41999053955078,578.41748046875,498.9349365234375
2024-11-20,1.43,2.67,-0.468,2.06,126.88,-0.05,-1.5579409481489392,0.0015646476578904,71.40199279785156,578.613525390625,498.6476135253906
2024-11-21,1.43,2.61,-0.468,2.09,127.1047,-0.05,-1.5579409481489392,0.0015392387132818,71.42897033691406,581.7196044921875,500.4413757324219
2024-11-22,1.43,2.61,-0.473,2.07,127.4712,-0.05,-1.5579409481489392,0.0015033765188968,71.41100311279297,583.522705078125,501.2440490722656
2024-11-25,1.42,2.64,-0.473,1.98,126.9948,-0.05,-1.5579409481489392,0.0015635507983434,71.68050384521484,585.501953125,502.0368347167969
2024-11-26,1.43,2.68,-0.473,2.02,127.4301,-0.05,-1.5579409481489392,0.0015414265385899,71.54574584960938,588.5591430664062,504.73236083984375
2024-11-27,1.43,2.69,-0.473,1.99,126.8205,-0.05,-1.5579409481489392,0.001540588682416,71.76136779785156,586.7757568359375,500.7584228515625
2024-11-28,1.43,2.69,-0.473,1.99,126.8205,-0.05,-1.5579409481489392,0.001540588682416,71.76136779785156,586.7757568359375,500.7584228515625
2024-11-29,1.44,2.72,-0.477,1.92,126.5798,-0.05,-1.5579409481489392,0.0015357546578415,71.90510559082031,590.4208984375,505.1585388183594
2024-12-02,1.41,2.68,-0.477,1.93,127.1272,0.33,-0.2741466217243804,0.0015467380782924,71.87892150878906,591.4791870117188,510.6585998535156
2024-12-03,1.4,2.66,-0.477,1.95,126.9565,0.33,-0.2741466217243804,0.0015676636234708,71.87892150878906,591.7534790039062,512.2244873046875
2024-12-04,1.39,2.66,-0.477,1.9,126.7574,0.33,-0.2741466217243804,0.0015607808132316,72.05038452148438,595.427978515625,518.5570068359375
2024-12-05,1.4,2.66,-0.477,1.92,126.4286,0.33,-0.2741466217243804,0.0015742785635969,71.98721313476562,594.4481201171875,517.1200561523438
2024-12-06,1.42,2.67,-0.479,1.91,126.688,0.33,-0.2741466217243804,0.0015684454106172,72.10454559326172,595.5750122070312,521.7481079101562
2024-12-09,1.42,2.67,-0.479,1.93,126.5981,0.33,-0.2741466217243804,0.001584862445009,72.01429748535156,592.5079345703125,517.6849365234375
2024-12-10,1.41,2.67,-0.479,1.93,126.957,0.33,-0.2741466217243804,0.0015656508088809,72.05038452148438,590.6658325195312,515.9209594726562
2024-12-11,1.42,2.64,-0.479,1.96,126.8483,0.33,-0.2741466217243804,0.0015414441984787,72.06842803955078,595.2320556640625,525.1571655273438
2024-12-12,1.44,2.66,-0.479,2.0,126.9556,0.33,-0.2741466217243804,0.0015609302964321,71.86990356445312,592.1651000976562,521.7678833007812
2024-12-13,1.42,2.68,-0.481,2.07,127.3096,0.33,-0.2741466217243804,0.0015621235571711,71.6623306274414,592.0475463867188,525.76171875
2024-12-16,1.42,2.69,-0.481,2.07,127.2687,0.33,-0.2741466217243804,0.0015627592984234,71.79771423339844,594.5755615234375,533.3330078125
2024-12-17,1.39,2.75,-0.481,2.09,127.5043,0.33,-0.2741466217243804,0.0015472318698182,71.64429473876953,592.1258544921875,530.9843139648438
2024-12-18,1.37,2.73,-0.481,2.18,127.6418,0.33,-0.2741466217243804,0.0015550919418291,70.90863037109375,574.4784545898438,511.8279724121094
2024-12-19,1.4,2.91,-0.481,2.28,128.6366,0.33,-0.2741466217243804,0.0015509992511526,70.83605194091797,574.3020629882812,509.5487365722656
2024-12-20,1.43,2.86,-0.482,2.23,127.893,0.33,-0.2741466217243804,0.0015372617508408,71.28054809570312,581.2000122070312,513.9984130859375
2024-12-23,1.42,2.85,-0.482,2.27,128.3021,0.33,-0.2741466217243804,0.0015400220833336,71.0900650024414,584.6803588867188,519.006103515625
2024-12-24,1.39,2.86,-0.482,2.24,128.3377,0.33,-0.2741466217243804,0.0015456106826549,71.31682586669922,591.1790161132812,526.043701171875
2024-12-25,1.39,2.86,-0.482,2.24,128.3377,0.33,-0.2741466217243804,0.0015456106826549,71.31682586669922,591.1790161132812,526.043701171875
2024-12-26,1.4,2.86,-0.482,2.23,128.3329,0.33,-0.2741466217243804,0.0015431256447456,71.49824523925781,591.2183837890625,525.6864013671875
2024-12-27,1.4,2.84,-0.485,2.28,128.45,0.33,-0.2741466217243804,0.001552231421287,71.2533187866211,584.9949340820312,518.6984252929688
2024-12-30,1.43,2.94,-0.485,2.24,128.8205,0.33,-0.2741466217243804,0.001552319423676,71.3531265258789,578.3193359375,511.7997741699219
2024-12-31,1.42,2.92,-0.485,2.24,129.2775,0.33,-0.2741466217243804,0.0015160505610303,71.34403991699219,576.21533203125,507.4521179199219
2025-01-01,1.42,2.92,-0.485,2.24,129.2775,-0.5,0.849002693950851,0.0015160505610303,71.34403991699219,576.21533203125,507.4521179199219
2025-01-02,1.45,2.88,-0.485,2.23,129.4598,-0.5,0.849002693950851,0.0015000565138762,71.51638793945312,574.7994995117188,506.45947265625
2025-01-03,1.44,2.81,-0.49,2.26,129.4535,-0.5,0.849002693950851,0.0015272212614409,71.625244140625,581.9864501953125,514.747802734375
2025-01-06,1.44,2.76,-0.49,2.28,128.538,-0.5,0.849002693950851,0.0015642055820936,71.75224304199219,585.3390502929688,520.6636962890625
2025-01-07,1.47,2.79,-0.49,2.29,128.613,-0.5,0.849002693950851,0.0015660406241042,71.51638793945312,578.7222900390625,511.3728332519531
2025-01-08,1.48,2.84,-0.49,2.27,129.0785,-0.5,0.849002693950851,0.0015866015994944,71.60710144042969,579.56787109375,511.4622497558594
2025-01-09,1.46,2.82,-0.49,2.29,129.2827,-0.5,0.849002693950851,0.0015945673782583,71.60710144042969,579.56787109375,511.4622497558594
2025-01-10,1.42,2.81,-0.496,2.34,129.8664,-0.5,0.849002693950851,0.001578179764884,71.23519134521484,570.7192993164062,503.4419250488281
2025-01-13,1.44,2.85,-0.496,2.34,130.0413,-0.5,0.849002693950851,0.0016066952689866,71.21703338623047,571.6043090820312,501.8240051269531
2025-01-14,1.44,2.8,-0.496,2.34,129.3812,-0.5,0.849002693950851,0.0016098973463897,71.30775451660156,572.3908081054688,501.3475341796875
2025-01-15,1.44,2.72,-0.496,2.24,129.2092,-0.5,0.849002693950851,0.001607188914778,71.93367004394531,582.8025512695312,512.8816528320312
2025-01-16,1.46,2.73,-0.496,2.19,129.436,-0.5,0.849002693950851,0.0016059205528762,72.01530456542969,581.6817016601562,509.2884826660156
2025-01-17,1.46,2.64,-0.501,2.2,129.4859,-0.5,0.849002693950851,0.0015805487804511,72.07878112792969,587.521728515625,517.884521484375
2025-01-20,1.46,2.64,-0.501,2.2,129.4859,-0.5,0.849002693950851,0.0015805487804511,72.07878112792969,587.521728515625,517.884521484375
2025-01-21,1.46,2.61,-0.501,2.19,128.4151,-0.5,0.849002693950851,0.0015647912414883,72.26927947998047,592.8995971679688,520.9217529296875
2025-01-22,1.43,2.59,-0.501,2.2,128.3402,-0.5,0.849002693950851,0.0015433949847897,72.16951751708984,596.2326049804688,527.5822143554688
2025-01-23,1.43,2.61,-0.501,2.23,128.2162,-0.5,0.849002693950851,0.0015560420674599,72.2602310180664,599.48681640625,528.703857421875
2025-01-24,1.43,2.6,-0.506,2.2,127.4611,-0.5,0.849002693950851,0.0015446656416051,72.34187316894531,597.7367553710938,525.7161254882812
2025-01-27,1.45,2.66,-0.506,2.13,128.0912,-0.5,0.849002693950851,0.0015355250389064,72.39627838134766,589.2815551757812,510.41009521484375
2025-01-28,1.45,2.66,-0.506,2.13,128.2817,-0.5,0.849002693950851,0.0015254083843746,72.36908721923828,594.3449096679688,517.9539184570312
2025-01-29,1.45,2.68,-0.506,2.15,128.3418,-0.5,0.849002693950851,0.0015375031676409,72.32372283935547,591.6806030273438,516.981201171875
2025-01-30,1.45,2.67,-0.506,2.14,128.1004,-0.5,0.849002693950851,0.0015189515079034,72.45978546142578,594.8560791015625,519.1847534179688
2025-01-31,1.45,2.68,-0.509,2.16,128.4828,-0.5,0.849002693950851,0.0015153778076171,72.31461334228516,591.6903076171875,518.4303588867188
2025-02-03,1.46,2.73,-0.509,2.09,129.109,0.39,0.8119858403550007,0.0015152264712038,72.22352600097656,587.70849609375,514.2813110351562
2025-02-04,1.46,2.71,-0.509,2.08,128.1083,0.39,0.8119858403550007,0.0015219220325573,72.45132446289062,591.6510620117188,520.5941772460938
2025-02-05,1.45,2.69,-0.509,2.01,127.9751,0.39,0.8119858403550007,0.0015442610623453,72.64268493652344,594.0499877929688,522.9567260742188
2025-02-06,1.44,2.66,-0.509,2.03,128.2017,0.39,0.8119858403550007,0.0015593486673691,72.53333282470703,596.1146240234375,525.6864013671875
2025-02-07,1.45,2.67,-0.508,2.07,128.4292,0.39,0.8119858403550007,0.0015978446536414,72.30552673339844,590.6580200195312,519.0557250976562
2025-02-10,1.45,2.66,-0.508,2.07,128.6382,0.39,0.8119858403550007,0.0016129087371543,72.45132446289062,594.6693115234375,525.3389282226562
2025-02-11,1.46,2.66,-0.508,2.08,128.4322,0.39,0.8119858403550007,0.0015775107518797,72.42399597167969,595.12158203125,524.0882568359375
2025-02-12,1.45,2.65,-0.508,2.16,128.3288,0.39,0.8119858403550007,0.0016149879526378,72.26908111572266,593.2044067382812,524.39599609375
2025-02-13,1.44,2.65,-0.508,2.08,127.8931,0.39,0.8119858403550007,0.0016299259074398,72.59712219238281,599.4671630859375,531.9398193359375
2025-02-14,1.46,2.62,-0.503,2.04,127.1491,0.39,0.8119858403550007,0.0016148216482776,72.67913818359375,599.437744140625,534.1731567382812
2025-02-17,1.46,2.62,-0.503,2.04,127.1491,0.39,0.8119858403550007,0.0016148216482776,72.67913818359375,599.437744140625,534.1731567382812
2025-02-18,1.44,2.62,-0.503,2.1,127.2906,0.39,0.8119858403550007,0.0015639923200345,72.61534118652344,601.1976318359375,535.3841552734375
2025-02-19,1.46,2.68,-0.503,2.08,127.7317,0.39,0.8119858403550007,0.0015609372859671,72.67003631591797,602.6133422851562,535.5330200195312
2025-02-20,1.47,2.66,-0.503,2.05,127.1126,0.39,0.8119858403550007,0.0015673468713046,72.71559143066406,600.106201171875,533.2599487304688
2025-02-21,1.49,2.78,-0.494,2.0,127.1408,0.39,0.8119858403550007,0.0015522875106171,72.57890319824219,589.8421020507812,522.1923828125
2025-02-24,1.48,2.78,-0.494,1.98,127.1921,0.39,0.8119858403550007,0.0015322773323385,72.67003631591797,587.1580200195312,516.0282592773438
2025-02-25,1.5,2.84,-0.494,1.92,127.3752,0.39,0.8119858403550007,0.0015444999349406,72.85225677490234,584.2378540039062,509.5267028808594
2025-02-26,1.51,2.81,-0.494,1.89,127.2822,0.39,0.8119858403550007,0.0015571858683694,72.95249938964844,584.5328979492188,510.7574157714844
2025-02-27,1.52,2.81,-0.494,1.92,127.9704,0.39,0.8119858403550007,0.0015885127640365,72.81582641601562,575.2025146484375,496.5730895996094
2025-02-28,1.57,2.87,-0.48,1.86,128.2805,0.39,0.8119858403550007,0.0015914058317253,73.01629638671875,584.1788940429688,504.4147033691406
2025-03-03,1.61,2.94,-0.48,1.8,127.75,0.16,0.5802453773984029,0.0015834544378527,72.86428833007812,573.9442138671875,493.37689208984375
2025-03-04,1.61,2.99,-0.48,1.87,127.9966,0.16,0.5802453773984029,0.0015560558154486,72.85517883300781,567.1504516601562,491.8880004882813
2025-03-05,1.57,2.88,-0.48,1.94,126.504,0.16,0.5802453773984029,0.00163499465453,72.89177703857422,573.2460327148438,498.3002014160156
2025-03-06,1.59,2.99,-0.48,1.95,126.1099,0.16,0.5802453773984029,0.0016385516167577,72.61714172363281,563.0702514648438,484.59228515625
2025-03-07,1.61,2.97,-0.463,1.99,125.9814,0.16,0.5802453773984029,0.0016122147438494,72.73614501953125,566.2261962890625,488.1557922363281
2025-03-10,1.64,3.16,-0.463,1.91,126.268,0.16,0.5802453773984029,0.0016048080737266,72.46149444580078,551.14453125,469.2366027832031
2025-03-11,1.68,3.22,-0.463,1.97,126.0457,0.16,0.5802453773984029,0.0016272443029382,72.20515441894531,546.56298828125,468.1149597167969
2025-03-12,1.65,3.2,-0.463,1.99,125.8664,0.16,0.5802453773984029,0.0016402980296678,72.28755187988281,549.4632568359375,473.3956909179688
2025-03-13,1.7,3.4,-0.463,1.98,126.0031,0.16,0.5802453773984029,0.0016414234110243,71.88472747802734,542.1386108398438,464.8790588378906
2025-03-14,1.65,3.25,-0.444,2.01,125.6942,0.16,0.5802453773984029,0.0016261479913899,72.21430969238281,553.3369750976562,476.1153869628906
2025-03-17,1.63,3.18,-0.444,2.02,125.3688,0.16,0.5802453773984029,0.0016444999376932,72.38825225830078,557.6038208007812,479.2024230957031
2025-03-18,1.63,3.23,-0.444,1.99,125.488,0.16,0.5802453773984029,0.0016450857862556,72.26008605957031,551.5770874023438,471.03326416015625
2025-03-19,1.64,3.19,-0.444,1.94,125.8006,0.16,0.5802453773984029,0.0016719919552368,72.73614501953125,557.5841674804688,477.33636474609375
2025-03-20,1.64,3.17,-0.444,1.93,125.985,0.16,0.5802453773984029,0.0016726973809693,72.63542175292969,555.9718627929688,475.7183837890625
2025-03-21,1.68,3.21,-0.426,1.92,126.2679,0.16,0.5802453773984029,0.0016856073744856,72.52558135986328,556.1552734375,477.2867126464844
2025-03-24,1.64,3.05,-0.426,1.98,126.1956,0.16,0.5802453773984029,0.0016806611017134,72.73614501953125,566.1151123046875,487.7604370117188
2025-03-25,1.66,3.09,-0.426,1.96,126.0535,0.16,0.5802453773984029,0.0017141251352434,72.69953155517578,567.47607421875,490.5438537597656
2025-03-26,1.66,3.19,-0.426,1.98,126.2364,0.16,0.5802453773984029,0.0017266378392947,72.40656280517578,560.7012939453125,481.5175476074219
2025-03-27,1.68,3.27,-0.426,1.99,126.3626,0.16,0.5802453773984029,0.001665740777971,72.26924133300781,559.212158203125,478.7738342285156
2025-03-28,1.73,3.47,-0.408,1.9,126.4187,0.16,0.5802453773984029,0.0016564069952162,72.14108276367188,547.95068359375,466.1687927246094
2025-03-31,1.76,3.55,-0.408,1.85,126.7075,0.16,0.5802453773984029,0.0016075316710752,72.22348022460938,551.6289672851562,466.1488952636719
2025-04-01,1.73,3.5,-0.408,1.84,126.4338,-0.36,0.8823523543694645,0.0016092212672917,72.39089965820312,553.18701171875,469.9065551757813
2025-04-02,1.73,3.42,-0.408,1.88,126.3811,-0.36,0.8823523543694645,0.0015998917551218,72.53807067871094,556.687744140625,473.3361511230469
2025-04-03,1.89,4.01,-0.408,1.78,124.7316,-0.36,0.8823523543694645,0.0015534387698741,71.63655853271484,529.2537841796875,447.9967956542969
2025-04-04,1.94,4.45,-0.393,1.83,125.8129,-0.36,0.8823523543694645,0.0014556772997021,70.61538696289062,498.2697143554688,420.1721801757813
2025-04-07,2.02,4.61,-0.393,1.96,126.8282,-0.36,0.8823523543694645,0.0014125978652792,70.00822448730469,497.3821716308594,421.1861877441406
2025-04-08,2.0,4.57,-0.393,2.04,126.8668,-0.36,0.8823523543694645,0.0013904797847357,69.68624114990234,489.591796875,413.6012573242188
2025-04-09,2.02,4.37,-0.393,2.07,126.628,-0.36,0.8823523543694645,0.0013661049946267,71.55374145507812,541.0084228515625,463.24615478515625
2025-04-10,1.97,4.42,-0.393,2.21,125.089,-0.36,0.8823523543694645,0.0013694853467455,70.3853988647461,517.3019409179688,443.5432434082031
2025-04-11,1.9,4.26,-0.382,2.28,124.0163,-0.36,0.8823523543694645,0.0013988890323277,70.59698486328125,526.5321044921875,451.7146606445313
2025-04-14,1.9,4.14,-0.382,2.15,123.6598,-0.36,0.8823523543694645,0.0014386232490673,70.94656372070312,531.6401977539062,454.7764892578125
2025-04-15,1.9,4.09,-0.382,2.16,123.776,-0.36,0.8823523543694645,0.0014325659834668,71.13976287841797,530.151123046875,455.2835083007813
2025-04-16,1.92,4.16,-0.382,2.12,123.2724,-0.36,0.8823523543694645,0.0014050380716546,71.13055419921875,518.366943359375,441.55511474609375
2025-04-17,1.92,4.02,-0.382,2.11,123.1298,-0.36,0.8823523543694645,0.0014300178978445,71.5445327758789,519.1065063476562,441.4755859375
2025-04-18,1.92,4.02,-0.382,2.11,122.9865,-0.36,0.8823523543694645,0.0014300178978445,71.5445327758789,519.1065063476562,441.4755859375
2025-04-21,1.96,4.16,-0.382,2.2,122.3145,-0.36,0.8823523543694645,0.0013860020733443,71.12136840820312,506.7503662109375,430.5504760742188
2025-04-22,1.93,3.99,-0.382,2.14,122.4175,-0.36,0.8823523543694645,0.0014321630257022,71.39735412597656,519.9349365234375,441.8533630371094
2025-04-23,1.86,3.75,-0.382,2.11,123.0252,-0.36,0.8823523543694645,0.0014759026009288,71.75611877441406,527.991455078125,451.8737487792969
2025-04-24,1.86,3.73,-0.382,2.02,122.9251,-0.36,0.8823523543694645,0.0014555822042714,72.40010070800781,539.1051635742188,464.5881958007813
2025-04-25,1.84,3.67,-0.389,2.02,122.8858,-0.36,0.8823523543694645,0.0014731598547867,72.4645004272461,543.0003662109375,469.7673950195313
2025-04-28,1.87,3.73,-0.389,1.98,122.7176,-0.36,0.8823523543694645,0.0014517628869345,72.50129699707031,543.2074584960938,469.6182556152344
2025-04-29,1.88,3.74,-0.389,1.96,122.5944,-0.36,0.8823523543694645,0.0014532360742632,72.69447326660156,546.6293334960938,472.7198486328125
2025-04-30,1.96,3.94,-0.389,1.94,122.5921,-0.36,0.8823523543694645,0.0013797276680119,72.30809020996094,546.8462524414062,472.6601867675781
2025-05-01,1.95,3.78,-0.389,2.0,123.1405,-0.31,0.101622993565531,0.0014271027573915,72.4015121459961,550.7216796875,478.8334655761719
2025-05-02,1.9,3.6,-0.403,2.06,122.4962,-0.31,0.101622993565531,0.0014318203524387,72.62342071533203,558.896728515625,485.9411926269531
2025-05-05,1.91,3.6,-0.403,2.08,122.2613,-0.31,0.101622993565531,0.0014057923296488,72.5956802368164,555.6917724609375,483.058349609375
2025-05-06,1.95,3.66,-0.403,2.04,122.0417,-0.31,0.101622993565531,0.001387993278144,72.5401840209961,551.0471801757812,478.5650939941406
2025-05-07,1.95,3.67,-0.403,2.01,122.117,-0.31,0.101622993565531,0.001365262918952,72.60491943359375,553.3645629882812,480.4438781738281
2025-05-08,1.89,3.51,-0.403,2.08,122.7568,-0.31,0.101622993565531,0.001383546604134,72.58642578125,557.2203369140625,485.4044189453125
2025-05-09,1.89,3.53,-0.42,2.08,122.5191,-0.31,0.101622993565531,0.0013824429441864,72.63265228271484,556.5103149414062,485.0863037109375
2025-05-12,1.82,3.15,-0.42,2.16,123.4863,-0.31,0.101622993565531,0.0014218943459647,73.3539047241211,574.9015502929688,504.8488159179688
2025-05-13,1.82,3.09,-0.42,2.17,122.9583,-0.31,0.101622993565531,0.0014447735973498,73.48336029052734,578.6980590820312,512.5430908203125
2025-05-14,1.8,3.1,-0.42,2.16,122.6746,-0.31,0.101622993565531,0.0014493619798121,73.21520233154297,579.4376831054688,515.6148681640625
2025-05-15,1.83,3.2,-0.42,2.11,122.8174,-0.31,0.101622993565531,0.0014420777623378,73.3539047241211,582.267822265625,516.181396484375
2025-05-16,1.82,3.16,-0.438,2.09,123.0737,-0.31,0.101622993565531,0.0014316467726328,73.43711853027344,585.9559936523438,518.4281005859375
2025-05-19,1.84,3.21,-0.438,2.1,122.4186,-0.31,0.101622993565531,0.0014350089006533,73.4001235961914,586.5969848632812,518.9251708984375
2025-05-20,1.82,3.2,-0.438,2.13,122.3199,-0.31,0.101622993565531,0.0014082553703791,73.36314392089844,584.6246948242188,517.1954345703125
2025-05-21,1.85,3.25,-0.438,2.23,121.7496,-0.31,0.101622993565531,0.0014015048327474,72.87308502197266,574.7733154296875,510.0081787109375
2025-05-22,1.87,3.32,-0.438,2.2,122.0429,-0.31,0.101622993565531,0.0014119308376289,73.02102661132812,575.0001220703125,510.9625549316406
2025-05-23,1.88,3.4,-0.454,2.18,121.3837,-0.31,0.101622993565531,0.0014289748538738,73.00253295898438,571.0753784179688,506.2306213378906
2025-05-26,1.88,3.4,-0.454,2.18,121.3837,-0.31,0.101622993565531,0.0014289748538738,73.00253295898438,571.0753784179688,506.2306213378906
2025-05-27,1.84,3.24,-0.454,2.11,121.6099,-0.31,0.101622993565531,0.0014276620589636,73.44636535644531,582.9483642578125,518.1397705078125
2025-05-28,1.83,3.23,-0.454,2.15,121.9888,-0.31,0.101622993565531,0.0014100072612672,73.4001235961914,579.57568359375,515.8434448242188
2025-05-29,1.81,3.22,-0.454,2.11,121.5617,-0.31,0.101622993565531,0.0014028820183619,73.51109313964844,581.863525390625,516.857421875
2025-05-30,1.84,3.31,-0.466,2.07,121.7674,-0.31,0.101622993565531,0.001414606795808,73.57584381103516,581.2128295898438,516.0422973632812
2025-06-02,1.84,3.27,-0.466,2.13,121.1881,-0.09,0.5793208714095943,0.001434314275173,73.56280517578125,584.4866943359375,520.1181030273438
2025-06-03,1.81,3.19,-0.466,2.14,121.4592,-0.09,0.5793208714095943,0.0014355860209941,73.70217895507812,587.8197631835938,524.183837890625
2025-06-04,1.8,3.23,-0.466,2.06,121.0539,-0.09,0.5793208714095943,0.0014419742243297,73.84153747558594,587.6619873046875,525.645263671875
2025-06-05,1.77,3.18,-0.466,2.11,120.9596,-0.09,0.5793208714095943,0.001466409975156,73.68359375,584.8218994140625,521.688720703125
2025-06-06,1.73,3.09,-0.475,2.2,121.161,-0.09,0.5793208714095943,0.0014536371007567,73.6742935180664,590.8274536132812,526.788330078125
2025-06-09,1.72,3.12,-0.475,2.18,120.9103,-0.09,0.5793208714095943,0.0014733951496605,73.71145629882812,591.3599243164062,527.5638427734375
2025-06-10,1.71,3.12,-0.475,2.18,121.0485,-0.09,0.5793208714095943,0.0014706856479103,73.88798522949219,594.712890625,531.0531005859375
2025-06-11,1.74,3.12,-0.475,2.14,120.587,-0.09,0.5793208714095943,0.0014455183354932,73.86941528320312,593.0166625976562,529.263671875
2025-06-12,1.73,3.17,-0.475,2.11,120.1723,-0.09,0.5793208714095943,0.0014260995485792,73.95301055908203,595.3734741210938,530.5062866210938
2025-06-13,1.75,3.18,-0.483,2.13,120.3245,-0.09,0.5793208714095943,0.0013998018307434,73.73004150390625,588.7171020507812,523.8458862304688
2025-06-16,1.74,3.1,-0.483,2.16,120.1565,-0.09,0.5793208714095943,0.0014210635018668,73.8786849975586,594.318359375,531.1325073242188
2025-06-17,1.74,3.17,-0.483,2.08,120.5048,-0.09,0.5793208714095943,0.0014174983102961,73.7950668334961,589.2398071289062,525.9534301757812
2025-06-18,1.77,3.16,-0.483,2.07,120.7305,-0.09,0.5793208714095943,0.0014292877811086,73.90656280517578,589.1510009765625,525.8638305664062
2025-06-19,1.77,3.16,-0.483,2.07,120.7305,-0.09,0.5793208714095943,0.0014292877811086,73.90656280517578,589.1510009765625,525.8638305664062
2025-06-20,1.76,3.13,-0.49,2.05,121.0408,-0.09,0.5793208714095943,0.0014328553409031,74.13883209228516,587.7673950195312,523.7166748046875
2025-06-23,1.77,3.12,-0.49,2.04,121.1694,-0.09,0.5793208714095943,0.0014338159117626,74.27818298339844,593.5730590820312,529.1017456054688
2025-06-24,1.78,3.06,-0.49,2.01,120.3645,-0.09,0.5793208714095943,0.0014671128734157,74.48258972167969,600.13037109375,537.1928100585938
2025-06-25,1.79,3.04,-0.49,2.01,120.3336,-0.09,0.5793208714095943,0.0014766613454979,74.46399688720703,600.4666748046875,538.5660400390625
2025-06-26,1.8,3.04,-0.49,1.98,119.6451,-0.09,0.5793208714095943,0.0015195739560708,74.67768859863281,605.1646118164062,543.6018676757812
2025-06-27,1.79,3.02,-0.496,2.0,119.659,-0.09,0.5793208714095943,0.0015482481954851,74.64051055908203,608.1712646484375,545.4629516601562
2025-06-30,1.75,2.96,-0.496,1.95,119.4088,-0.09,0.5793208714095943,0.0015268335232252,74.92852783203125,611.0791015625,548.9959106445312
2025-07-01,1.72,2.91,-0.496,1.97,119.3436,0.02,1.9187662602012208,0.0015128719791191,74.8342514038086,610.8812866210938,544.3682250976562
2025-07-02,1.7,2.88,-0.496,2.0,119.3037,0.02,1.9187662602012208,0.0015379331445181,74.97427368164062,613.6505737304688,548.159912109375
2025-07-03,1.67,2.8,-0.496,2.02,119.2382,0.02,1.9187662602012208,0.0015298955374794,75.02095031738281,618.4869995117188,553.553955078125
2025-07-04,1.67,2.8,-0.503,2.02,119.2382,0.02,1.9187662602012208,0.0015059264369772,75.02095031738281,618.4869995117188,553.553955078125
2025-07-07,1.71,2.86,-0.503,2.05,119.6201,0.02,1.9187662602012208,0.0014958585932343,74.76891326904297,613.8780517578125,549.3840942382812
2025-07-08,1.71,2.92,-0.503,2.07,119.8371,0.02,1.9187662602012208,0.0017069851771776,74.66622161865234,613.5418090820312,549.6925659179688
2025-07-09,1.73,2.94,-0.503,2.01,119.7311,0.02,1.9187662602012208,0.0016437673274059,74.87159729003906,617.2210083007812,553.5838012695312
2025-07-10,1.7,2.92,-0.503,2.01,119.8343,0.02,1.9187662602012208,0.0016723940502127,74.7968978881836,618.9617309570312,552.7877197265625
2025-07-11,1.72,2.97,-0.51,2.06,119.9214,0.02,1.9187662602012208,0.0016573300947023,74.70355987548828,616.7858276367188,551.5436401367188
2025-07-14,1.73,2.95,-0.51,2.04,120.2209,0.02,1.9187662602012208,0.0016455318115726,74.75958251953125,617.9627075195312,553.5440673828125
2025-07-15,1.7,2.95,-0.51,2.09,120.5105,0.02,1.9187662602012208,0.0016655654761511,74.5355224609375,615.3220825195312,554.051513671875
2025-07-16,1.73,3.0,-0.51,2.05,120.4175,0.02,1.9187662602012208,0.0016395227487721,74.73155975341797,617.3792114257812,554.6188354492188
2025-07-17,1.71,2.91,-0.51,2.04,120.6384,0.02,1.9187662602012208,0.0016424657646891,74.80624389648438,621.1574096679688,559.1072387695312
2025-07-18,1.73,2.93,-0.514,2.03,120.356,0.02,1.9187662602012208,0.0016635848698671,74.908935546875,620.7024536132812,558.56982421875
2025-07-21,1.73,2.89,-0.514,1.98,119.9961,0.02,1.9187662602012208,0.0016492254386999,75.0115966796875,621.87939453125,561.4658813476562
2025-07-22,1.73,2.9,-0.514,1.96,119.681,0.02,1.9187662602012208,0.00165648991265,75.14228820800781,621.9683837890625,558.559814453125
2025-07-23,1.71,2.83,-0.514,2.03,119.5697,0.02,1.9187662602012208,0.0017073745350927,75.17962646484375,627.2598266601562,561.1075439453125
2025-07-24,1.68,2.82,-0.514,1.98,119.5664,0.02,1.9187662602012208,0.0017137347820851,75.0862808227539,627.4674682617188,562.3018188476562
2025-07-25,1.69,2.84,-0.519,1.96,119.9857,0.02,1.9187662602012208,0.0017287043232222,75.1329574584961,630.1181030273438,563.6552734375
2025-07-28,1.69,2.82,-0.519,1.98,120.6149,0.02,1.9187662602012208,0.0016907919449624,75.0956039428711,629.9598999023438,565.4169311523438
2025-07-29,1.7,2.86,-0.519,1.91,120.9674,0.02,1.9187662602012208,0.0016860745182733,75.14228820800781,628.2982177734375,564.541015625
2025-07-30,1.69,2.89,-0.519,1.96,121.4042,0.02,1.9187662602012208,0.0016900297618606,74.98360443115234,627.507080078125,565.2974243164062
2025-07-31,1.67,2.86,-0.519,1.98,121.721,0.02,1.9187662602012208,0.0013149824456738,75.03028106689453,625.1531982421875,562.3018188476562
2025-08-01,1.75,3.13,-0.521,1.9,121.2122,-0.35,1.1886779865559305,0.0013180691128211,75.0340347290039,614.9065551757812,551.2252197265625
2025-08-04,1.74,3.02,-0.521,1.85,120.9859,-0.35,1.1886779865559305,0.0013083807757303,75.28732299804688,624.2530517578125,561.3961181640625
2025-08-05,1.72,2.98,-0.521,1.86,120.9082,-0.35,1.1886779865559305,0.0012903988792137,75.24980926513672,621.0880737304688,557.5845947265625
2025-08-06,1.75,2.98,-0.521,1.88,120.5082,-0.35,1.1886779865559305,0.0012991123650906,75.32485961914062,625.845458984375,564.6007690429688
2025-08-07,1.74,2.95,-0.521,1.88,120.5043,-0.35,1.1886779865559305,0.001287680475801,75.24980926513672,625.3212280273438,566.5115356445312
2025-08-08,1.74,2.94,-0.523,1.88,120.3329,-0.35,1.1886779865559305,0.0012955424382446,75.25919342041016,630.1972045898438,571.7960815429688
2025-08-11,1.72,2.94,-0.523,1.87,120.6892,-0.35,1.1886779865559305,0.0013192269637661,75.25919342041016,628.9510498046875,570.104248046875
2025-08-12,1.73,2.93,-0.523,1.91,120.2736,-0.35,1.1886779865559305,0.0013462630208883,75.42806243896484,635.6469116210938,577.2697143554688
2025-08-13,1.71,2.9,-0.523,1.87,120.13,-0.35,1.1886779865559305,0.0013344448564246,75.62506866455078,637.82275390625,577.5584106445312
2025-08-14,1.71,2.89,-0.523,1.9,120.6446,-0.35,1.1886779865559305,0.0013386003885135,75.42806243896484,637.882080078125,577.1105346679688
2025-08-15,1.69,2.88,-0.526,1.95,120.3377,-0.35,1.1886779865559305,0.0013423261882589,75.48433685302734,636.388671875,574.57275390625
2025-08-18,1.7,2.88,-0.526,1.96,120.5622,-0.35,1.1886779865559305,0.0013377554533924,75.42806243896484,636.2501220703125,574.3438720703125
2025-08-19,1.71,2.9,-0.526,1.95,120.7224,-0.35,1.1886779865559305,0.0013306573458798,75.40928649902344,632.7984008789062,566.5513916015625
2025-08-20,1.73,2.94,-0.526,1.94,120.7757,-0.35,1.1886779865559305,0.0013238021916411,75.38111877441406,631.1170043945312,563.1876220703125
2025-08-21,1.72,2.95,-0.526,1.94,121.0843,-0.35,1.1886779865559305,0.0013280290352508,75.24042510986328,628.5850830078125,560.5802001953125
2025-08-22,1.73,2.88,-0.527,1.85,120.2774,-0.35,1.1886779865559305,0.001318012197011,75.8502197265625,638.2382202148438,569.2284545898438
2025-08-25,1.7,2.8,-0.527,1.87,120.4214,-0.35,1.1886779865559305,0.0013238780428027,75.70011901855469,635.42919921875,567.5864868164062
2025-08-26,1.75,2.78,-0.527,1.84,120.5274,-0.35,1.1886779865559305,0.0013133742203815,75.8689956665039,638.0897827148438,569.8653564453125
2025-08-27,1.77,2.78,-0.527,1.81,120.7274,-0.35,1.1886779865559305,0.0012966281236818,75.96280670166016,639.5436401367188,570.7412109375
2025-08-28,1.75,2.75,-0.527,1.81,120.2595,-0.35,1.1886779865559305,0.001300629395472,76.00033569335938,641.8085327148438,574.3140258789062
2025-08-29,1.8,2.82,-0.528,1.82,120.2082,-0.35,1.1886779865559305,0.0013007743658753,75.85960388183594,637.98095703125,567.666015625
2025-09-01,1.8,2.84,-0.528,1.82,120.2082,-0.32,1.8631698334008016,0.0013007743658753,75.85960388183594,637.98095703125,567.666015625
2025-09-02,1.81,2.92,-0.528,1.87,120.6837,-0.32,1.8631698334008016,0.001287400714263,75.777587890625,633.2533569335938,562.908935546875
2025-09-03,1.78,2.88,-0.528,1.82,120.5052,-0.32,1.8631698334008016,0.0012686462971795,75.98497772216797,636.685302734375,567.3375854492188
2025-09-04,1.8,2.84,-0.528,1.79,120.7629,-0.32,1.8631698334008016,0.0012586235500085,76.19234466552734,642.00634765625,572.4728393554688
2025-09-05,1.78,2.83,-0.528,1.73,120.1282,-0.32,1.8631698334008016,0.0012405900965541,76.23006439208984,640.14697265625,573.298828125
2025-09-08,1.76,2.84,-0.528,1.7,120.0971,-0.32,1.8631698334008016,0.0012342980821748,76.23006439208984,641.7195434570312,576.0953979492188
2025-09-09,1.75,2.87,-0.528,1.72,120.1569,-0.32,1.8631698334008016,0.0012354184028758,76.1452407836914,643.203125,577.7275390625
2025-09-10,1.75,2.84,-0.528,1.69,120.1223,-0.32,1.8631698334008016,0.0012487649766124,76.20177459716797,645.0625610351562,577.9166870117188
2025-09-11,1.74,2.78,-0.528,1.67,119.9534,-0.32,1.8631698334008016,0.0012622013256321,76.39029693603516,650.4231567382812,581.2804565429688
2025-09-12,1.7,2.79,-0.528,1.7,120.0611,-0.32,1.8631698334008016,0.0012573300119675,76.31490325927734,650.2055053710938,583.8480224609375
2025-09-15,1.68,2.75,-0.528,1.68,119.5644,-0.32,1.8631698334008016,0.0012643256740222,76.53170776367188,653.6671142578125,588.843994140625
2025-09-16,1.69,2.79,-0.528,1.67,119.1348,-0.32,1.8631698334008016,0.0012559299573457,76.47512817382812,652.7671508789062,588.3463745117188
2025-09-17,1.7,2.79,-0.528,1.68,119.1582,-0.32,1.8631698334008016,0.0012415123142379,76.39973449707031,651.9561767578125,587.1720581054688
2025-09-18,1.68,2.71,-0.528,1.73,119.6616,-0.32,1.8631698334008016,0.0012462606554398,76.56941223144531,655.0023803710938,592.466552734375
2025-09-19,1.68,2.72,-0.527,1.75,119.7858,-0.32,1.8631698334008016,0.0012444504336928,76.5976791381836,658.2465209960938,596.4772338867188
2025-09-22,1.67,2.69,-0.527,1.78,119.8152,-0.32,1.8631698334008016,0.0012224984665746,76.65424346923828,661.3607177734375,600.0083618164062
2025-09-23,1.69,2.71,-0.527,1.75,119.6202,-0.32,1.8631698334008016,0.0012126381308644,76.5976791381836,657.7606201171875,596.0228881835938
2025-09-24,1.68,2.7,-0.527,1.78,120.1707,-0.32,1.8631698334008016,0.0012734117341078,76.49398803710938,655.6678466796875,593.9305419921875
2025-09-25,1.67,2.76,-0.527,1.8,120.5419,-0.32,1.8631698334008016,0.0012577269747892,76.27719116210938,652.6429443359375,591.3699951171875
2025-09-26,1.65,2.75,-0.527,1.82,120.4349,-0.32,1.8631698334008016,0.0012490397629172,76.42801666259766,656.3820190429688,593.8009643554688
2025-09-29,1.64,2.74,-0.527,1.8,120.115,-0.32,1.8631698334008016,0.0012669790373569,76.55997467041016,658.2266845703125,596.5509643554688
2025-09-30,1.67,2.8,-0.527,1.8,120.1368,-0.32,1.8631698334008016,0.0012510413890993,76.53170776367188,660.7061157226562,598.18505859375
2025-10-01,1.69,2.81,-0.527,1.77,120.1502,-0.5,1.7593332629600056,0.0012489980933122,76.67471313476562,662.95751953125,601.0545043945312
2025-10-02,1.68,2.81,-0.527,1.76,120.4296,-0.5,1.7593332629600056,0.0012756204458095,76.64629364013672,663.7210693359375,603.5254516601562
2025-10-03,1.66,2.8,-0.526,1.8,120.0881,-0.5,1.7593332629600056,0.0013033395238348,76.56105041503906,663.7112426757812,600.9848022460938
2025-10-06,1.65,2.76,-0.526,1.84,120.2722,-0.5,1.7593332629600056,0.0012630112672042,76.58000183105469,666.0914916992188,605.498291015625
2025-10-07,1.67,2.82,-0.526,1.79,120.4884,-0.5,1.7593332629600056,0.0012694260762683,76.49476623535156,663.6219482421875,602.3099365234375
2025-10-08,1.68,2.84,-0.526,1.78,120.7766,-0.5,1.7593332629600056,0.0012479904886794,76.38111114501953,667.5791625976562,609.2147216796875
2025-10-09,1.69,2.95,-0.526,1.8,121.0902,-0.5,1.7593332629600056,0.0012861414359385,76.16328430175781,665.6452026367188,608.4774780273438
2025-10-10,1.72,3.18,-0.524,1.75,121.1163,-0.5,1.7593332629600056,0.0012194722940773,75.71817016601562,647.6542358398438,587.3545532226562
2025-10-13,1.72,3.18,-0.524,1.75,121.1163,-0.5,1.7593332629600056,0.0012414204316747,76.19169616699219,657.5919189453125,599.8190307617188
2025-10-14,1.71,3.11,-0.524,1.73,121.1822,-0.5,1.7593332629600056,0.0012033971986889,76.27693176269531,656.78857421875,595.8236694335938
2025-10-15,1.68,2.95,-0.524,1.76,120.8642,-0.5,1.7593332629600056,0.0011903565415298,76.52317810058594,659.7044677734375,600.0283203125
2025-10-16,1.71,3.04,-0.524,1.71,120.6698,-0.5,1.7593332629600056,0.0011583570760394,76.24852752685547,655.211669921875,597.8064575195312
2025-10-17,1.7,3.04,-0.521,1.75,120.7028,-0.5,1.7593332629600056,0.001176997081787,76.4474105834961,658.9308471679688,601.7320556640625
2025-10-20,1.68,2.99,-0.521,1.74,120.6209,-0.5,1.7593332629600056,0.001152569010588,76.59894561767578,665.7840576171875,609.3143310546875
2025-10-21,1.67,2.97,-0.521,1.7,120.8895,-0.5,1.7593332629600056,0.00120605716839,76.48529815673828,665.7740478515625,609.1549682617188
2025-10-22,1.69,3.01,-0.521,1.68,120.8958,-0.5,1.7593332629600056,0.0012266343797488,76.4095230102539,662.3128051757812,603.286376953125
2025-10-23,1.66,2.96,-0.521,1.71,120.9531,-0.5,1.7593332629600056,0.001231850631135,76.58000183105469,666.2402954101562,608.3578491210938
2025-10-24,1.65,2.88,-0.518,1.73,120.9345,-0.5,1.7593332629600056,0.0012367667681883,76.7883529663086,671.6851806640625,614.8540649414062
2025-10-27,1.63,2.8,-0.518,1.73,120.7988,-0.5,1.7593332629600056,0.0012845149039469,76.97776794433594,679.6094970703125,625.80419921875
2025-10-28,1.65,2.82,-0.518,1.71,120.6361,-0.5,1.7593332629600056,0.0012960768826457,76.9020004272461,681.41455078125,630.6165161132812
2025-10-29,1.61,2.76,-0.518,1.78,120.5312,-0.5,1.7593332629600056,0.0013137284604668,76.66521453857422,681.7418212890625,633.4561767578125
2025-10-30,1.64,2.85,-0.518,1.82,121.2832,-0.5,1.7593332629600056,0.0012690875482211,76.52317810058594,674.2439575195312,623.7715454101562
2025-10-31,1.69,2.94,-0.515,1.81,121.3859,-0.5,1.7593332629600056,0.0012720355192289,76.52317810058594,676.4556274414062,626.7805786132812
2025-11-03,1.71,3.04,-0.515,1.82,121.4512,-0.31,1.7543117556713783,0.001261655343282,76.28519439697266,677.7251586914062,629.7796020507812
2025-11-04,1.72,3.13,-0.515,1.81,121.8271,-0.31,1.7543117556713783,0.001247815228914,76.29470825195312,669.6917114257812,616.996337890625
2025-11-05,1.7,3.05,-0.515,1.87,121.8482,-0.31,1.7543117556713783,0.0012468908775282,76.37088012695312,672.012451171875,621.0116577148438
2025-11-06,1.72,3.13,-0.515,1.83,121.6948,-0.31,1.7543117556713783,0.0012426191658968,76.39942932128906,664.8021850585938,609.4439086914062
2025-11-07,1.75,3.15,-0.511,1.83,121.388,-0.31,1.7543117556713783,0.0012346852834809,76.46605682373047,665.4567260742188,607.5208740234375
2025-11-10,1.73,3.02,-0.511,1.84,121.2984,-0.31,1.7543117556713783,0.0012371711014211,76.72306823730469,675.8407592773438,620.9617919921875
2025-11-11,1.73,3.02,-0.511,1.84,121.2984,-0.31,1.7543117556713783,0.0012293026933703,76.80874633789062,677.3878784179688,619.307861328125
2025-11-12,1.75,3.02,-0.511,1.81,121.0458,-0.31,1.7543117556713783,0.0012105175693615,76.65644073486328,677.7647705078125,618.8196411132812
2025-11-13,1.77,3.09,-0.511,1.83,120.7725,-0.31,1.7543117556713783,0.0012150995280588,76.34231567382812,666.5179443359375,606.185791015625
2025-11-14,1.77,3.07,-0.509,1.86,120.9666,-0.31,1.7543117556713783,0.0012353214277128,76.3613510131836,666.408935546875,606.6441040039062
2025-11-17,1.77,3.13,-0.509,1.85,121.1146,-0.31,1.7543117556713783,0.0012290145613621,76.23760986328125,660.2003173828125,601.4630737304688
2025-11-18,1.79,3.2,-0.509,1.85,121.2127,-0.31,1.7543117556713783,0.0012218994006117,76.25664520263672,654.6563110351562,594.1397705078125
2025-11-19,1.79,3.17,-0.509,1.86,121.4978,-0.31,1.7543117556713783,0.0012281433055328,76.29470825195312,657.1853637695312,597.6868286132812
2025-11-20,1.8,3.17,-0.509,1.86,121.6889,-0.31,1.7543117556713783,0.0012226056541274,76.24712371826172,647.1683349609375,583.5385131835938
2025-11-21,1.82,3.19,-0.509,1.82,121.8653,-0.31,1.7543117556713783,0.0012285672625336,76.504150390625,653.6149291992188,587.9224853515625
2025-11-24,1.8,3.15,-0.509,1.81,121.9171,-0.31,1.7543117556713783,0.0012126396079108,76.71355438232422,663.235107421875,602.9575805664062
2025-11-25,1.79,3.1,-0.509,1.79,121.6335,-0.31,1.7543117556713783,0.0012078419892526,76.98008728027344,669.4734497070312,606.674072265625
2025-11-26,1.78,3.0,-0.509,1.77,121.2437,-0.31,1.7543117556713783,0.0012255112785789,77.05622100830078,674.09521484375,612.034423828125
2025-11-27,1.78,3.0,-0.509,1.77,121.2437,-0.31,1.7543117556713783,0.0012255112785789,77.05622100830078,674.09521484375,612.034423828125
2025-11-28,1.78,2.95,-0.51,1.79,121.0527,-0.31,1.7543117556713783,0.0012292867707497,77.09431457519531,677.7747192382812,616.996337890625
2025-12-01,1.78,2.94,-0.51,1.85,120.9862,-0.06,1.1629935222018384,0.0012310994982945,76.95564270019531,674.6803588867188,614.923828125
2025-12-02,1.76,2.92,-0.51,1.85,121.1467,-0.06,1.1629935222018384,0.0012327424770811,77.0990982055664,675.9300537109375,619.7362670898438
2025-12-03,1.77,2.89,-0.51,1.82,120.7336,-0.06,1.1629935222018384,0.0012640202735258,77.1660385131836,678.2706298828125,621.2507934570312
2025-12-04,1.76,2.88,-0.51,1.85,120.6766,-0.06,1.1629935222018384,0.0012563512837584,77.2234115600586,678.7664794921875,620.6728515625
2025-12-05,1.74,2.85,-0.514,1.88,120.6863,-0.06,1.1629935222018384,0.0012775048290343,77.2234115600586,680.0557861328125,623.2036743164062
2025-12-08,1.73,2.89,-0.514,1.91,120.776,-0.06,1.1629935222018384,0.0012811663630943,77.03215026855469,678.0127563476562,622.0079956054688
2025-12-09,1.73,2.89,-0.514,1.92,120.6832,-0.06,1.1629935222018384,0.0012457507618766,76.9460678100586,677.427490234375,622.775146484375
2025-12-10,1.76,2.91,-0.514,1.88,120.6752,-0.06,1.1629935222018384,0.0012571489713749,77.20428466796875,681.92041015625,625.3258666992188
2025-12-11,1.73,2.88,-0.514,1.89,119.98,-0.06,1.1629935222018384,0.0012663633288475,77.19473266601562,683.5072021484375,623.3033447265625
2025-12-12,1.76,2.91,-0.519,1.93,120.1442,-0.06,1.1629935222018384,0.0012286923733308,77.05127716064453,676.1580810546875,611.3867797851562
2025-12-15,1.77,2.91,-0.519,1.93,119.9561,-0.06,1.1629935222018384,0.0012395801381063,77.08952331542969,675.1365356445312,608.3179931640625
2025-12-16,1.78,2.98,-0.519,1.92,119.8902,-0.06,1.1629935222018384,0.0012282495479825,77.1373519897461,673.2918701171875,609.5235595703125
2025-12-17,1.78,2.99,-0.519,1.92,120.155,-0.06,1.1629935222018384,0.0012336975545153,77.0417251586914,665.8832397460938,598.224853515625
2025-12-18,1.78,2.95,-0.519,1.88,120.0528,-0.06,1.1629935222018384,0.0012366631871915,77.25211334228516,670.9114990234375,606.8931884765625
2025-12-19,1.76,2.9,-0.528,1.92,120.1652,-0.06,1.1629935222018384,0.0012471912635478,77.21463775634766,676.9923095703125,614.8043212890625
2025-12-22,1.76,2.88,-0.528,1.94,119.9912,-0.06,1.1629935222018384,0.0012233946543058,77.28189849853516,681.2098999023438,617.7513427734375
2025-12-23,1.74,2.83,-0.528,1.94,119.7057,-0.06,1.1629935222018384,0.0012215579706297,77.33954620361328,684.3233032226562,620.6444702148438
2025-12-24,1.73,2.84,-0.528,1.91,119.4372,-0.06,1.1629935222018384,0.0012271793399229,77.48367309570312,686.7305297851562,622.4602661132812
2025-12-25,1.73,2.84,-0.528,1.91,119.4372,-0.06,1.1629935222018384,0.0012271793399229,77.48367309570312,686.7305297851562,622.4602661132812
2025-12-26,1.75,2.86,-0.54,1.91,119.4723,-0.06,1.1629935222018384,0.0012732109849304,77.44524383544922,686.660888671875,622.4202880859375
2025-12-29,1.76,2.87,-0.54,1.9,119.5899,-0.06,1.1629935222018384,0.0012694503824945,77.47406005859375,684.2138671875,619.4074096679688
2025-12-30,1.75,2.84,-0.54,1.9,119.4939,-0.06,1.1629935222018384,0.0013106107031563,77.55093383789062,683.3783569335938,617.9707641601562
2025-12-31,1.72,2.81,-0.54,1.93,119.7456,-0.06,1.1629935222018384,0.0013015535387775,77.47406005859375,678.3152465820312,612.8628540039062
2026-01-01,1.72,2.81,-0.54,1.93,119.7456,-0.07,0.9734701648033584,0.0013015535387775,77.47406005859375,678.3152465820312,612.8628540039062
2026-01-02,1.74,2.83,-0.551,1.94,119.6059,-0.07,0.9734701648033584,0.0013072501377124,77.51248931884766,679.55859375,611.6757202148438
2026-01-05,1.75,2.81,-0.551,1.91,119.6192,-0.07,0.9734701648033584,0.0013352791631441,77.71427917480469,684.0845336914062,616.5341796875
2026-01-06,1.74,2.79,-0.551,1.91,119.7807,-0.07,0.9734701648033584,0.0013409708831188,77.73348999023438,688.1529541015625,621.951416015625
2026-01-07,1.73,2.79,-0.551,1.88,119.8719,-0.07,0.9734701648033584,0.0013055986942347,77.71427917480469,685.9347534179688,622.550048828125
2026-01-08,1.73,2.76,-0.551,1.92,120.0904,-0.07,0.9734701648033584,0.0012914353244095,77.77192687988281,685.8651123046875,619.0083618164062
2026-01-09,1.7,2.74,-0.563,1.9,120.2215,-0.07,0.9734701648033584,0.001304033244092,77.82957458496094,690.4010009765625,625.173828125
2026-01-12,1.7,2.74,-0.563,1.9,119.9958,-0.07,0.9734701648033584,0.0012998719430522,77.8680191040039,691.4852294921875,625.6925659179688
2026-01-13,1.69,2.75,-0.563,1.88,120.1401,-0.07,0.9734701648033584,0.0013008802266437,77.8680191040039,690.1026000976562,624.7647705078125
2026-01-14,1.68,2.76,-0.563,1.86,119.9537,-0.07,0.9734701648033584,0.0012988781700735,77.8680191040039,686.7106323242188,618.0905151367188
2026-01-15,1.65,2.71,-0.563,1.88,119.9951,-0.07,0.9734701648033584,0.0012884778298376,77.8680191040039,688.5806884765625,620.3153076171875
2026-01-16,1.63,2.65,-0.569,1.91,120.0838,-0.07,0.9734701648033584,0.001261550857674,77.91605377197266,688.0037231445312,619.7965087890625
2026-01-19,1.63,2.65,-0.569,1.91,120.0838,-0.07,0.9734701648033584,0.001261550857674,77.91605377197266,688.0037231445312,619.7965087890625
2026-01-20,1.65,2.73,-0.569,1.97,119.4455,-0.07,0.9734701648033584,0.0012129169772753,77.71427917480469,673.9981689453125,606.6276245117188
2026-01-21,1.62,2.69,-0.569,1.92,119.3431,-0.07,0.9734701648033584,0.001185789984787,77.94489288330078,681.77685546875,614.8282470703125
2026-01-22,1.59,2.64,-0.569,1.95,119.1962,-0.07,0.9734701648033584,0.0011698378538181,78.00253295898438,685.3379516601562,619.2976684570312
2026-01-23,1.61,2.68,-0.571,1.92,118.8976,-0.07,0.9734701648033584,0.0011878540940738,77.96410369873047,685.5865478515625,621.2530517578125
2026-01-26,1.61,2.69,-0.571,1.9,118.0525,-0.07,0.9734701648033584,0.0011780223194108,78.00253295898438,689.0680541992188,623.9866333007812
2026-01-27,1.61,2.71,-0.571,1.9,117.4523,-0.07,0.9734701648033584,0.0011473650871185,77.99292755126953,691.8134765625,629.6432495117188
2026-01-28,1.62,2.72,-0.571,1.9,117.5117,-0.07,0.9734701648033584,0.0011114568838021,77.8680191040039,691.7438354492188,631.7283325195312
2026-01-29,1.63,2.77,-0.571,1.89,117.4396,-0.07,0.9734701648033584,0.001161157496516,77.85840606689453,690.3711547851562,627.947265625
2026-01-30,1.62,2.8,-0.567,1.9,117.8996,-0.07,0.9734701648033584,0.0012509811319998,77.94489288330078,688.3120727539062,620.4050903320312
2026-02-02,1.61,2.81,-0.567,1.94,118.3609,0.22,0.7972359848188892,0.0012550567536176,77.99220275878906,691.7339477539062,624.6650390625
2026-02-03,1.63,2.85,-0.567,1.92,117.9764,0.22,0.7972359848188892,0.0012363113074888,77.94392395019531,685.885009765625,615.0676879882812
2026-02-04,1.64,2.86,-0.567,1.94,118.2602,0.22,0.7972359848188892,0.0011840501441453,77.84736633300781,682.5626831054688,604.3230590820312
2026-02-05,1.67,2.97,-0.567,1.89,118.5034,0.22,0.7972359848188892,0.0011928662325395,77.76045227050781,674.0379638671875,595.6236572265625
2026-02-06,1.65,2.87,-0.559,1.88,118.2407,0.22,0.7972359848188892,0.0011842583387775,78.03082275390625,686.96923828125,608.2138671875
2026-02-09,1.64,2.84,-0.559,1.87,117.6392,0.22,0.7972359848188892,0.001177018013939,78.13703918457031,690.2816772460938,612.8728637695312
2026-02-10,1.66,2.86,-0.559,1.84,117.5216,0.22,0.7972359848188892,0.0011783045162845,78.05978393554688,688.4613037109375,610.029541015625
2026-02-11,1.67,2.84,-0.559,1.86,117.4601,0.22,0.7972359848188892,0.0011730025568249,78.0501480102539,688.3021850585938,611.6657104492188
2026-02-12,1.68,2.92,-0.559,1.8,117.5376,0.22,0.7972359848188892,0.001172085967773,78.01152038574219,677.668701171875,599.22509765625
2026-02-13,1.72,2.95,-0.545,1.77,117.5258,0.22,0.7972359848188892,0.0011534249341046,78.06945037841797,678.1461181640625,600.5020751953125
2026-02-16,1.72,2.94,-0.545,1.77,117.5258,0.22,0.7972359848188892,0.0011534249341046,78.06945037841797,678.1461181640625,600.5020751953125
2026-02-17,1.7,2.94,-0.545,1.79,117.7375,0.22,0.7972359848188892,0.0011536177291488,78.03082275390625,679.2402954101562,599.8834838867188
2026-02-18,1.67,2.86,-0.545,1.8,117.8426,0.22,0.7972359848188892,0.0011618369490813,78.12739562988281,682.662109375,604.3629150390625
2026-02-19,1.68,2.88,-0.545,1.79,118.2354,0.22,0.7972359848188892,0.0011515504997145,78.1563491821289,680.8616333007812,602.0484008789062
2026-02-20,1.69,2.86,-0.528,1.8,117.9917,0.22,0.7972359848188892,0.0011525309976341,78.21427917480469,685.7855834960938,607.3758544921875
2026-02-23,1.73,2.95,-0.528,1.77,117.9395,0.22,0.7972359848188892,0.0011091896837185,78.0887680053711,678.7827758789062,599.9932250976562
2026-02-24,1.73,2.97,-0.528,1.78,117.9463,0.22,0.7972359848188892,0.0011488033056425,78.03082275390625,683.7164916992188,606.4380493164062
2026-02-25,1.73,2.94,-0.528,1.77,117.769,0.22,0.7972359848188892,0.0011484903059795,78.13703918457031,689.4859008789062,615.227294921875
2026-02-26,1.75,2.98,-0.528,1.74,117.9042,0.22,0.7972359848188892,0.0011488457503531,78.06945037841797,685.6561889648438,607.8048095703125
2026-02-27,1.8,3.1,-0.509,1.72,117.8223,0.22,0.7972359848188892,0.0011479781879862,77.94392395019531,682.3637084960938,605.859375
2026-03-02,1.78,3.03,-0.509,1.76,118.667,-0.11,0.706549063542905,0.0011133461558387,77.89928436279297,682.751708984375,606.6575317382812
2026-03-03,1.78,3.08,-0.509,1.77,119.4341,-0.11,0.706549063542905,0.0011304186231859,77.7440414428711,676.7337036132812,600.1629028320312
2026-03-04,1.74,2.97,-0.509,1.8,119.0705,-0.11,0.706549063542905,0.0011435099792452,78.0157241821289,681.5082397460938,609.311279296875
2026-03-05,1.76,3.0,-0.509,1.82,119.5683,-0.11,0.706549063542905,0.0011357668853556,77.7052230834961,677.70849609375,607.4755249023438
2026-03-06,1.75,3.13,-0.49,1.8,119.491,-0.11,0.706549063542905,0.0011187112299087,77.3267822265625,668.82568359375,598.337158203125
2026-03-09,1.78,3.19,-0.49,1.78,119.5151,-0.11,0.706549063542905,0.0011392516775167,77.79254150390625,674.6845703125,606.3283081054688
2026-03-10,1.77,3.06,-0.49,1.82,118.7255,-0.11,0.706549063542905,0.0011289365709228,77.66641235351562,673.6002807617188,606.3383178710938
2026-03-11,1.84,3.09,-0.49,1.85,119.2885,-0.11,0.706549063542905,0.0011312265554905,77.49174499511719,672.7548217773438,606.2584838867188
2026-03-12,1.84,3.17,-0.49,1.89,119.8227,-0.11,0.706549063542905,0.0011385316678315,76.99686431884766,662.5390625,595.8530883789062
2026-03-13,1.83,3.28,-0.474,1.92,120.5518,-0.11,0.706549063542905,0.0011310242356079,76.85131072998047,658.7890014648438,592.3213500976562
2026-03-16,1.85,3.27,-0.474,1.87,120.097,-0.11,0.706549063542905,0.0011594914225134,77.0938949584961,665.493408203125,598.9656982421875
2026-03-17,1.85,3.22,-0.474,1.83,119.8328,-0.11,0.706549063542905,0.0011450709926679,77.44322204589844,667.2440185546875,601.8887939453125
2026-03-18,1.81,3.2,-0.474,1.86,119.9276,-0.11,0.706549063542905,0.0011358105506731,77.0453872680664,657.9335327148438,593.4986572265625
2026-03-19,1.81,3.27,-0.474,1.88,120.1802,-0.11,0.706549063542905,0.0011809072221818,77.29767608642578,656.3121948242188,591.623046875
2026-03-20,1.79,3.24,-0.464,2.01,120.2757,-0.11,0.706549063542905,0.0011689349562318,76.57960510253906,646.9034423828125,580.6888427734375
2026-03-23,1.79,3.19,-0.464,2.01,119.9371,-0.11,0.706549063542905,0.0012350990518894,77.08419799804688,653.6959228515625,587.3545532226562
2026-03-24,1.75,3.19,-0.464,2.06,120.1295,-0.11,0.706549063542905,0.0012325825413709,76.82219696044922,651.5015869140625,583.3389282226562
2026-03-25,1.76,3.17,-0.464,2.02,120.1282,-0.11,0.706549063542905,0.0012152182607582,77.06478881835938,655.1322021484375,587.1747436523438
2026-03-26,1.73,3.21,-0.464,2.08,120.389,-0.11,0.706549063542905,0.0012447719859499,76.57960510253906,643.432373046875,573.1600952148438
2026-03-27,1.78,3.42,-0.46,2.13,120.8851,-0.11,0.706549063542905,0.0012170525395434,76.38553619384766,632.4606323242188,561.9624633789062
2026-03-30,1.79,3.46,-0.46,2.04,121.2851,-0.11,0.706549063542905,0.0012098983279172,76.4728775024414,630.3460693359375,557.6671752929688
2026-03-31,1.79,3.28,-0.46,2.0,121.035,-0.11,0.706549063542905,0.0012022334060508,77.20063781738281,648.6688842773438,576.54638671875
2026-04-01,1.75,3.16,-0.46,2.02,120.1198,0.1,1.3763758567121531,0.0011757818704704,77.3897933959961,653.5562744140625,583.6685791015625
2026-04-02,1.74,3.17,-0.46,1.97,120.503,0.1,1.3763758567121531,0.001195958336489,77.5750503540039,654.144775390625,584.3378295898438
2026-04-03,1.74,3.13,-0.465,1.99,120.6565,0.1,1.3763758567121531,0.001195958336489,77.5750503540039,654.144775390625,584.3378295898438
2026-04-06,1.7,3.05,-0.465,1.98,120.4302,0.1,1.3763758567121531,0.0011989993434604,77.71156311035156,657.23681640625,587.85400390625
2026-04-07,1.75,3.12,-0.465,1.96,120.32,0.1,1.3763758567121531,0.0011905477137812,77.73107147216797,657.5260009765625,587.9439086914062
2026-04-08,1.73,2.94,-0.465,1.96,119.0596,0.1,1.3763758567121531,0.0012126539691973,78.18933868408203,674.27294921875,605.4246826171875
2026-04-09,1.73,2.9,-0.465,1.95,118.8998,0.1,1.3763758567121531,0.0011994490861589,78.27709197998047,678.162841796875,609.5202026367188
2026-04-10,1.72,2.94,-0.475,1.95,118.8552,0.1,1.3763758567121531,0.0012328062765134,77.96508026123047,677.7140502929688,610.3992309570312
2026-04-13,1.72,2.95,-0.475,1.92,118.9916,0.1,1.3763758567121531,0.0012601214480457,78.2575912475586,684.3369750976562,616.7122802734375
2026-04-14,1.7,2.84,-0.475,1.89,118.3581,0.1,1.3763758567121531,0.0012581346936794,78.49160766601562,692.675537109375,627.909912109375
2026-04-15,1.69,2.85,-0.475,1.9,118.3623,0.1,1.3763758567121531,0.0012650000055631,78.45260620117188,698.1414184570312,636.7003173828125
2026-04-16,1.71,2.86,-0.475,1.93,118.3616,0.1,1.3763758567121531,0.0012677101832072,78.34534454345703,699.8569946289062,639.7669067382812
2026-04-17,1.72,2.83,-0.487,1.9,118.0795,0.1,1.3763758567121531,0.0012564846357604,78.63786315917969,708.3152465820312,648.1376953125
2026-04-20,1.72,2.87,-0.487,1.91,118.2374,0.1,1.3763758567121531,0.0012557732393581,78.56961059570312,706.8988037109375,646.0799560546875
2026-04-21,1.7,2.85,-0.487,1.92,118.4331,0.1,1.3763758567121531,0.0012773497902351,78.3648452758789,702.2708129882812,643.6226806640625
2026-04-22,1.69,2.84,-0.487,1.92,118.6004,0.1,1.3763758567121531,0.0012931853957863,78.49160766601562,709.3825073242188,654.390869140625
2026-04-23,1.68,2.86,-0.487,1.92,118.7155,0.1,1.3763758567121531,0.0012912583973442,78.3648452758789,706.6295776367188,650.7048950195312
2026-04-24,1.7,2.86,-0.497,1.89,118.7294,0.1,1.3763758567121531,0.001275543742413,78.47211456298828,712.10546875,663.1512451171875
2026-04-27,1.7,2.84,-0.497,1.91,118.5458,0.1,1.3763758567121531,0.0012871626495239,78.5013656616211,713.332275390625,663.5008544921875
2026-04-28,1.7,2.85,-0.497,1.92,118.7717,0.1,1.3763758567121531,0.0012881411818602,78.39410400390625,709.8612060546875,656.8281860351562
2026-04-29,1.69,2.82,-0.497,1.96,119.0975,0.1,1.3763758567121531,0.0012933423682423,78.13082885742188,709.7515258789062,660.84375
2026-04-30,1.7,2.83,-0.497,1.94,118.671,0.1,1.3763758567121531,0.0012841571212524,78.37459564208984,716.8132934570312,667.0069580078125
2026-05-01,1.69,2.77,-0.505,1.91,118.3926,-0.12,1.529631408748533,0.0012812372373783,78.47163391113281,718.7982177734375,673.4099731445312
2026-05-04,1.69,2.78,-0.505,1.95,118.8264,-0.12,1.529631408748533,0.0012822215015585,78.216796875,716.1649780273438,672.141357421875
2026-05-05,1.65,2.77,-0.505,1.96,118.6207,-0.12,1.529631408748533,0.0013044909992901,78.33441162109375,721.9102172851562,680.8617553710938
2026-05-06,1.66,2.75,-0.505,1.94,118.0982,-0.12,1.529631408748533,0.0013106858347553,78.56964874267578,731.9443359375,695.0062255859375
2026-05-07,1.65,2.79,-0.505,1.96,118.0116,-0.12,1.529631408748533,0.0013037789505648,78.27560424804688,729.7001342773438,694.1771240234375
2026-05-08,1.65,2.81,-0.509,1.93,118.0392,-0.12,1.529631408748533,0.0013238285318531,78.550048828125,735.724609375,710.44921875
2026-05-11,1.65,2.79,-0.509,1.95,118.0562,-0.12,1.529631408748533,0.0013591666278193,78.39321899414062,737.4002685546875,712.5069580078125
2026-05-12,1.66,2.82,-0.509,1.99,118.5238,-0.12,1.529631408748533,0.0013863947319403,78.28540802001953,736.2831420898438,706.463623046875
2026-05-13,1.66,2.82,-0.509,1.99,118.4737,-0.12,1.529631408748533,0.0014124996654415,78.3246078491211,740.4025268554688,713.9254760742188
2026-05-14,1.62,2.76,-0.509,2.0,118.6696,-0.12,1.529631408748533,0.0014038819130294,78.26580047607422,746.2474975585938,718.9998168945312
2026-05-15,1.62,2.8,-0.511,2.1,119.2825,-0.12,1.529631408748533,0.0013722069444902,77.88353729248047,737.2706298828125,708.1517944335938
2026-05-18,1.59,2.83,-0.511,2.13,119.0574,-0.12,1.529631408748533,0.001377704521904,77.96194458007812,736.751953125,705.1051025390625
2026-05-19,1.57,2.86,-0.511,2.18,119.451,-0.12,1.529631408748533,0.0013680847322763,77.77571868896484,731.8446044921875,700.7599487304688
2026-05-20,1.59,2.8,-0.511,2.13,119.1624,-0.12,1.529631408748533,0.0013882330534661,78.27560424804688,739.3452758789062,712.3671875
2026-05-21,1.59,2.78,-0.511,2.18,119.369,-0.12,1.529631408748533,0.0013782546012319,78.31481170654297,740.8114624023438,713.7256469726562
2026-05-22,1.57,2.74,-0.51,2.16,119.2868,-0.12,1.529631408748533,0.0014027869957154,78.3246078491211,743.7239990234375,716.7523193359375
2026-05-25,1.57,2.74,-0.51,2.16,119.2868,-0.12,1.529631408748533,0.0014027869957154,78.3246078491211,743.7239990234375,716.7523193359375
2026-05-26,1.56,2.72,-0.51,2.1,119.1696,-0.12,1.529631408748533,0.0014134299615735,78.58924865722656,748.6613159179688,729.4783935546875
2026-05-27,1.57,2.71,-0.51,2.09,119.1829,-0.12,1.529631408748533,0.0014176503267765,78.54025268554688,748.5316162109375,728.6492919921875
2026-05-28,1.57,2.72,-0.51,2.06,119.0318,-0.12,1.529631408748533,0.0014215545053885,78.63826751708984,752.6609497070312,734.79248046875
2026-05-29,1.57,2.72,-0.509,2.07,118.8783,-0.12,1.529631408748533,0.0013944742750434,78.71666717529297,754.5361328125,737.49951171875
2026-06-01,1.54,2.72,-0.509,2.07,119.1653,0.06,1.2892386071926554,0.0014578119152479,78.65657043457031,756.5908203125,741.9246826171875
2026-06-02,1.54,2.71,-0.509,2.07,119.0359,0.06,1.2892386071926554,0.0014812545384452,78.71569061279297,757.6182250976562,745.3408813476562
2026-06-03,1.54,2.75,-0.509,2.11,119.3848,0.06,1.2892386071926554,0.0014607703160654,78.49894714355469,752.3018798828125,743.39306640625
2026-06-04,1.54,2.74,-0.509,2.11,119.3615,0.06,1.2892386071926554,0.001454712105216,78.646728515625,755.1445922851562,739.7969970703125
2026-06-05,1.51,2.76,-0.508,2.19,120.0831,0.06,1.2892386071926554,0.0014441677786057,78.25265502929688,735.65478515625,704.2860107421875
2026-06-08,1.52,2.75,-0.508,2.21,120.034,0.06,1.2892386071926554,0.0014597892804081,78.36101531982422,737.3204345703125,715.283935546875
2026-06-09,1.53,2.78,-0.508,2.2,119.9617,0.06,1.2892386071926554,0.0014794600401685,78.4398422241211,735.1560668945312,707.052978515625
2026-06-10,1.53,2.8,-0.508,2.21,119.9134,0.06,1.2892386071926554,0.0015211040785231,78.29206848144531,723.56591796875,692.9285278320312
2026-06-11,1.55,2.78,-0.508,2.16,120.1174,0.06,1.2892386071926554,0.0015302055472231,78.75509643554688,735.8642578125,716.332763671875
2026-06-12,1.53,2.71,-0.508,2.17,119.5073,0.06,1.2892386071926554,0.0015256227830409,78.75509643554688,739.843994140625,720.5481567382812
2026-06-15,1.53,2.66,-0.508,2.15,119.3158,0.06,1.2892386071926554,0.0014978050083858,78.85360717773438,752.890380859375,743.1832885742188
2026-06-16,1.55,2.71,-0.508,2.14,119.256,0.06,1.2892386071926554,0.0014983028908347,78.84375762939453,748.4019775390625,729.0587768554688
2026-06-17,1.5,2.63,-0.508,2.23,119.3871,0.06,1.2892386071926554,0.001486957786135,78.5482177734375,739.0560302734375,721.7168579101562
2026-06-18,1.51,2.66,-0.508,2.21,120.3958,0.06,1.2892386071926554,0.0015090787742832,78.82405853271484,746.739990234375,739.8070068359375
2026-06-19,1.51,2.66,-0.51,2.21,120.3958,0.06,1.2892386071926554,0.0015090787742832,78.82405853271484,746.739990234375,739.8070068359375
2026-06-22,1.51,2.65,-0.51,2.28,120.5463,0.06,1.2892386071926554,0.0015200029405798,78.75509643554688,744.3900146484375,737.9500122070312
2026-06-23,1.51,2.71,-0.51,2.29,121.0552,0.06,1.2892386071926554,0.0014869609286465,78.6861343383789,733.5800170898438,713.6500244140625
2026-06-24,1.52,2.76,-0.51,2.23,121.412,0.06,1.2892386071926554,0.001489361643751,78.66642761230469,733.239990234375,710.6199951171875
2026-06-25,1.54,2.78,-0.51,2.19,121.0559,0.06,1.2892386071926554,0.0015061406517809,78.69598388671875,734.2999877929688,716.3800048828125
2026-06-26,1.56,2.83,-0.514,2.18,120.8866,0.06,1.2892386071926554,0.0015057493980209,78.646728515625,728.989990234375,706.52001953125
2026-06-29,1.55,2.8,-0.514,2.16,120.9525,0.06,1.2892386071926554,0.001515923668894,78.82405853271484,741.0,724.0800170898438
2026-06-30,1.53,2.75,-0.514,2.2,120.9248,0.06,1.2892386071926554,0.0015393125021164,78.7846450805664,746.77001953125,736.4000244140625
2026-07-01,1.54,2.74,-0.514,2.25,121.1455,-0.08,1.0794551200266955,0.0015051741014196,78.77375793457031,745.760009765625,725.1699829101562
2026-07-02,1.54,2.75,-0.514,2.26,120.6902,-0.08,1.0794551200266955,0.0014867361478829,78.89252471923828,744.780029296875,712.5999755859375
2026-07-03,1.54,2.74,-0.52,2.26,120.6902,-0.08,1.0794551200266955,0.0014867361478829,78.89252471923828,744.780029296875,712.5999755859375
2026-07-06,1.56,2.72,-0.52,2.24,120.835,-0.08,1.0794551200266955,0.0014868474472569,79.05089569091797,751.280029296875,722.8200073242188
2026-07-07,1.55,2.67,-0.52,2.3,120.8145,-0.08,1.0794551200266955,0.0014887946582331,78.94202423095703,747.7100219726562,709.4299926757812
2026-07-08,1.56,2.7,-0.52,2.31,121.1307,-0.08,1.0794551200266955,0.0014872633197173,78.84304809570312,745.4000244140625,711.4400024414062
2026-07-09,1.56,2.7,-0.52,2.31,120.753,-0.08,1.0794551200266955,0.0015046240269336,78.93212127685547,751.7100219726562,723.280029296875
2026-07-10,1.58,2.69,-0.526,2.32,120.5046,-0.08,1.0794551200266955,0.0015188469714407,78.89252471923828,754.9500122070312,725.510009765625
2026-07-13,1.56,2.69,-0.526,2.36,120.7413,-0.08,1.0794551200266955,0.0015594195150452,78.70448303222656,749.1699829101562,711.739990234375
2026-07-14,1.6,2.72,-0.526,2.33,120.4728,-0.08,1.0794551200266955,0.0015586909387826,78.86283874511719,751.8300170898438,719.6900024414062
2026-07-15,1.6,2.71,-0.526,2.32,120.3088,-0.08,1.0794551200266955,0.0015562561687918,78.99150085449219,754.8099975585938,717.739990234375
2026-07-16,1.59,2.71,-0.526,2.35,120.331,-0.08,1.0794551200266955,0.001579686834993,78.98160552978516,750.719970703125,705.9400024414062
2026-07-17,1.59,2.73,-0.53,2.31,120.5315,-0.08,1.0794551200266955,0.0015500784673359,78.83314514160156,743.2899780273438,695.3300170898438
2026-07-20,1.61,2.69,-0.53,2.35,120.5401,-0.08,1.0794551200266955,0.0015707053611157,78.86283874511719,742.0900268554688,696.0599975585938
2026-07-21,1.6,2.69,-0.53,2.37,120.5779,-0.08,1.0794551200266955,0.0015993220506051,78.83314514160156,748.280029296875,708.969970703125
2026-07-22,1.58,2.68,-0.53,2.39,120.5736,-0.08,1.0794551200266955,0.0015556199487663,78.70448303222656,747.4099731445312,705.3499755859375
2026-07-23,1.58,2.77,-0.53,2.43,120.9075,-0.08,1.0794551200266955,0.0015580980764544,78.4174575805664,738.1799926757812,691.9600219726562
2026-07-24,1.59,2.79,-0.536,2.43,120.7105,-0.08,1.0794551200266955,0.0015537417690846,78.4174575805664,738.9299926757812,684.22998046875
2026-07-27,1.61,2.81,-0.536,2.44,120.7739,-0.08,1.0794551200266955,0.0015557737698041,78.45703887939453,739.0900268554688,682.1199951171875
2026-07-28,1.62,2.84,-0.536,2.41,120.6247,-0.08,1.0794551200266955,0.0015662859426266,78.60550689697266,740.8599853515625,675.489990234375
2026-07-29,1.6,2.87,-0.536,2.41,120.7892,-0.08,1.0794551200266955,0.0015548863711279,78.42735290527344,729.4600219726562,661.72998046875
2026-07-30,1.64,2.84,-0.536,2.41,119.6753,-0.08,1.0794551200266955,0.0015717908870484,78.65499114990234,741.6900024414062,683.5499877929688
2026-07-31,1.63,2.85,-0.541,2.47,119.7034,-0.08,1.0794551200266955,0.0015894889518848,78.6648941040039,747.030029296875,687.989990234375
2026-08-03,1.61,2.78,-0.541,2.43,119.6951,-0.08,1.0794551200266955,0.0016148945181389,78.87772369384766,757.6699829101562,700.0700073242188
2026-08-04,1.64,2.73,-0.541,2.4,119.5977,-0.08,1.0794551200266955,0.0016160815525997,79.11642456054688,771.3300170898438,723.8499755859375
2026-08-05,1.62,2.75,-0.541,2.41,119.3881,-0.08,1.0794551200266955,0.0015787367226462,79.08657836914062,769.7899780273438,717.2999877929688
2026-08-06,1.61,2.71,-0.541,2.43,119.5113,-0.08,1.0794551200266955,0.0015763790188168,79.02690887451172,768.5599975585938,714.6500244140625
2026-08-07,1.64,2.7,-0.546,2.4,119.0649,-0.08,1.0794551200266955,0.0015136958558203,79.17609405517578,773.260009765625,723.030029296875
2026-08-10,1.62,2.7,-0.546,2.43,119.1187,-0.08,1.0794551200266955,0.0015118759136453,79.04680633544922,773.030029296875,720.8699951171875
2026-08-11,1.64,2.72,-0.546,2.43,119.179,-0.08,1.0794551200266955,0.0015085557810987,79.0766372680664,770.5599975585938,718.4500122070312
2026-08-12,1.66,2.71,-0.546,2.42,119.1179,-0.08,1.0794551200266955,0.0014962916528368,79.17609405517578,772.489990234375,723.7000122070312
2026-08-13,1.67,2.71,-0.546,2.39,119.1848,-0.08,1.0794551200266955,0.0015107938542189,79.35511016845703,777.8800048828125,732.0700073242188
2026-08-14,1.69,2.67,-0.551,2.41,118.9028,-0.08,1.0794551200266955,0.0015065976455162,79.27554321289062,776.3400268554688,731.0700073242188
2026-08-17,1.69,2.7,-0.551,2.44,118.814,-0.08,1.0794551200266955,0.0014948617826786,79.17609405517578,772.6699829101562,729.8699951171875
2026-08-18,1.68,2.75,-0.551,2.41,118.9831,-0.08,1.0794551200266955,0.0014847686844466,79.09652709960938,767.4500122070312,717.510009765625
2026-08-19,1.64,2.73,-0.551,2.35,118.3328,-0.08,1.0794551200266955,0.0014450706846917,79.27554321289062,769.0599975585938,716.0800170898438
2026-08-20,1.64,2.75,-0.551,2.35,118.2548,-0.08,1.0794551200266955,0.0014303744918444,79.12635803222656,762.5999755859375,710.9299926757812
2026-08-21,1.63,2.7,-0.555,2.4,118.0628,-0.08,1.0794551200266955,0.0014228714905412,79.17609405517578,765.719970703125,713.4400024414062
2026-08-24,1.63,2.69,-0.555,2.38,118.3195,-0.08,1.0794551200266955,0.0014219531664448,79.26559448242188,763.469970703125,706.3200073242188
2026-08-25,1.62,2.7,-0.555,2.32,118.2283,-0.08,1.0794551200266955,0.0014466052251348,79.4843978881836,765.9099731445312,710.719970703125
2026-08-26,1.61,2.67,-0.555,2.34,118.4461,-0.08,1.0794551200266955,0.0014341480981129,79.46451568603516,766.0800170898438,711.3699951171875
2026-08-27,1.6,2.63,-0.555,2.34,118.3583,-0.08,1.0794551200266955,0.0014289432314679,79.43467712402344,771.0999755859375,721.1099853515625
2026-08-28,1.54,2.6,-0.56,2.42,118.7479,-0.08,1.0794551200266955,0.0014653535326857,79.30538177490234,769.3499755859375,716.4299926757812
2026-08-31,1.59,2.63,-0.56,2.44,118.5679,-0.08,1.0794551200266955,0.0014880052339184,79.375,767.0499877929688,716.760009765625
2026-09-01,1.58,2.65,-0.56,2.44,118.6568,-0.08,1.0794551200266955,0.0014964350890762,79.0999984741211,761.780029296875,707.6400146484375
2026-09-02,1.58,2.66,-0.56,2.45,118.5296,-0.08,1.0794551200266955,0.0014889036983996,79.11000061035156,765.1599731445312,709.239990234375
2026-09-03,1.57,2.65,-0.56,2.42,118.127,-0.08,1.0794551200266955,0.001464256262697,79.20999908447266,773.1699829101562,717.6699829101562
2026-09-04,1.56,2.68,-0.564,2.43,118.0732,-0.08,1.0794551200266955,0.001489232112722,79.16000366210938,770.1900024414062,718.9600219726562
2026-09-07,1.56,2.68,-0.564,2.43,118.0732,-0.08,1.0794551200266955,0.001489232112722,79.16000366210938,770.1900024414062,718.9600219726562
2026-09-08,1.57,2.67,-0.564,2.43,118.0732,-0.08,1.0794551200266955,0.0015337171973359,79.12000274658203,765.9600219726562,718.3599853515625
2026-09-09,1.55,2.71,-0.564,2.46,118.0732,-0.08,1.0794551200266955,0.0015406476846639,78.9800033569336,762.4000244140625,716.3099975585938
2026-09-10,1.55,2.71,-0.564,2.46,118.0732,-0.08,1.0794551200266955,0.0014957588017396,78.62000274658203,757.8300170898438,708.6900024414062
2026-09-11,1.51,2.71,-0.564,2.55,118.0732,-0.08,1.0794551200266955,0.0014957588017396,78.5999984741211,764.2899780273438,714.8800048828125
