date,pct_above_20ma,pct_above_50ma,pct_above_200ma,advances,declines,ad_ratio
2015-10-22,0.0,0.0,0.0,0,0,0.0
2015-10-23,0.0,0.0,0.0,307,148,2.07
2015-10-26,0.0,0.0,0.0,202,256,0.79
2015-10-27,0.0,0.0,0.0,143,318,0.45
2015-10-28,0.0,0.0,0.0,361,99,3.65
2015-10-29,0.0,0.0,0.0,194,263,0.74
2015-10-30,0.0,0.0,0.0,214,243,0.88
2015-11-02,0.0,0.0,0.0,392,68,5.76
2015-11-03,0.0,0.0,0.0,241,217,1.11
2015-11-04,0.0,0.0,0.0,175,282,0.62
2015-11-05,0.0,0.0,0.0,246,207,1.19
2015-11-06,0.0,0.0,0.0,221,236,0.94
2015-11-09,0.0,0.0,0.0,63,394,0.16
2015-11-10,0.0,0.0,0.0,290,169,1.72
2015-11-11,45.91,0.0,0.0,217,242,0.9
2015-11-12,25.43,0.0,0.0,29,431,0.07
2015-11-13,18.53,0.0,0.0,103,355,0.29
2015-11-16,37.28,0.0,0.0,423,38,11.13
2015-11-17,37.07,0.0,0.0,186,269,0.69
2015-11-18,60.13,0.0,0.0,434,26,16.69
2015-11-19,60.0,0.0,0.0,258,198,1.3
2015-11-20,66.67,0.0,0.0,307,152,2.02
2015-11-23,64.73,0.0,0.0,194,264,0.73
2015-11-24,66.67,0.0,0.0,232,225,1.03
2015-11-25,65.16,0.0,0.0,254,198,1.28
2015-11-27,67.96,0.0,0.0,316,141,2.24
2015-11-30,62.8,0.0,0.0,158,300,0.53
2015-12-01,76.56,0.0,0.0,390,72,5.42
2015-12-02,60.0,0.0,0.0,56,406,0.14
2015-12-03,33.55,0.0,0.0,39,423,0.09
2015-12-04,66.45,0.0,0.0,417,44,9.48
2015-12-07,59.14,0.0,0.0,125,335,0.37
2015-12-08,45.38,0.0,0.0,145,317,0.46
2015-12-09,29.68,0.0,0.0,88,375,0.23
2015-12-10,33.12,36.34,0.0,262,197,1.33
2015-12-11,14.41,21.29,0.0,49,412,0.12
2015-12-14,18.71,25.16,0.0,270,188,1.44
2015-12-15,29.89,37.63,0.0,378,84,4.5
2015-12-16,51.4,55.05,0.0,417,45,9.27
2015-12-17,34.19,41.94,0.0,55,407,0.14
2015-12-18,20.0,27.74,0.0,46,414,0.11
2015-12-21,28.39,33.76,0.0,374,85,4.4
2015-12-22,39.57,43.87,0.0,408,54,7.56
2015-12-23,58.92,54.19,0.0,417,45,9.27
2015-12-24,60.0,54.62,0.0,198,255,0.78
2015-12-28,59.57,53.76,0.0,201,258,0.78
2015-12-29,73.98,61.29,0.0,434,28,15.5
2015-12-30,66.02,57.42,0.0,54,407,0.13
2015-12-31,47.1,45.38,0.0,41,419,0.1
2016-01-04,25.59,29.68,0.0,58,404,0.14
2016-01-05,33.76,34.62,0.0,291,168,1.73
2016-01-06,23.87,27.31,0.0,80,380,0.21
2016-01-07,12.9,17.42,0.0,28,434,0.06
2016-01-08,9.46,14.19,0.0,68,393,0.17
2016-01-11,11.4,15.27,0.0,248,214,1.16
2016-01-12,15.27,18.92,0.0,335,118,2.84
2016-01-13,6.88,13.33,0.0,29,432,0.07
2016-01-14,10.54,14.41,0.0,382,79,4.84
2016-01-15,6.24,10.54,0.0,43,418,0.1
2016-01-19,9.46,13.12,0.0,227,232,0.98
2016-01-20,4.95,8.6,0.0,109,352,0.31
2016-01-21,6.02,10.11,0.0,269,189,1.42
2016-01-22,17.85,16.77,0.0,429,32,13.41
2016-01-25,12.26,13.55,0.0,48,413,0.12
2016-01-26,27.96,19.35,0.0,412,51,8.08
2016-01-27,23.66,15.48,0.0,117,343,0.34
2016-01-28,34.41,19.35,0.0,265,194,1.37
2016-01-29,60.0,32.26,0.0,445,17,26.18
2016-02-01,63.23,33.98,0.0,244,214,1.14
2016-02-02,48.17,25.59,0.0,51,411,0.12
2016-02-03,55.48,31.18,0.0,302,158,1.91
2016-02-04,59.57,31.4,0.0,295,166,1.78
2016-02-05,45.81,24.95,0.0,89,371,0.24
2016-02-08,35.48,22.37,0.0,96,367,0.26
2016-02-09,36.13,23.66,0.0,247,213,1.16
2016-02-10,38.06,24.95,0.0,267,194,1.38
2016-02-11,30.97,20.86,0.0,70,391,0.18
2016-02-12,44.73,28.39,0.0,414,48,8.62
2016-02-16,60.65,36.56,0.0,441,19,23.21
2016-02-17,73.98,45.16,0.0,399,63,6.33
2016-02-18,68.39,45.16,0.0,183,274,0.67
2016-02-19,71.61,47.1,0.0,250,210,1.19
2016-02-22,84.95,55.48,0.0,425,36,11.81
2016-02-23,75.27,48.82,0.0,99,361,0.27
2016-02-24,79.57,54.19,0.0,315,144,2.19
2016-02-25,87.1,59.78,0.0,412,51,8.08
2016-02-26,87.53,61.72,0.0,245,213,1.15
2016-02-29,81.51,58.06,0.0,130,329,0.4
2016-03-01,92.04,73.12,0.0,424,37,11.46
2016-03-02,93.55,76.99,0.0,311,150,2.07
2016-03-03,93.12,82.15,0.0,333,129,2.58
2016-03-04,95.05,83.44,0.0,284,176,1.61
2016-03-07,94.41,81.94,0.0,260,200,1.3
2016-03-08,89.03,74.84,0.0,95,368,0.26
2016-03-09,88.82,79.14,0.0,312,148,2.11
2016-03-10,87.96,80.43,0.0,226,233,0.97
2016-03-11,94.62,90.54,0.0,429,32,13.41
2016-03-14,92.69,89.89,0.0,189,271,0.7
2016-03-15,86.02,88.39,0.0,174,286,0.61
2016-03-16,89.46,90.75,0.0,366,96,3.81
2016-03-17,89.03,91.4,0.0,360,101,3.56
2016-03-18,92.04,93.55,0.0,294,166,1.77
2016-03-21,90.97,93.33,0.0,211,247,0.85
2016-03-22,89.89,94.41,0.0,215,243,0.88
2016-03-23,82.37,93.33,0.0,114,347,0.33
2016-03-24,75.91,92.04,0.0,213,247,0.86
2016-03-28,78.49,92.47,0.0,268,190,1.41
2016-03-29,84.95,94.41,0.0,407,53,7.68
2016-03-30,86.67,95.7,0.0,280,176,1.59
2016-03-31,83.01,94.84,0.0,231,227,1.02
2016-04-01,85.81,96.13,0.0,347,115,3.02
2016-04-04,78.71,94.84,0.0,114,346,0.33
2016-04-05,62.37,90.75,0.0,60,402,0.15
2016-04-06,69.68,94.41,0.0,376,84,4.48
2016-04-07,51.4,86.67,0.0,55,407,0.14
2016-04-08,55.7,87.96,0.0,333,130,2.56
2016-04-11,49.68,86.67,0.0,172,289,0.6
2016-04-12,62.37,89.25,0.0,378,80,4.72
2016-04-13,74.62,93.55,0.0,368,91,4.04
2016-04-14,70.32,91.4,0.0,186,277,0.67
2016-04-15,73.98,92.04,0.0,260,199,1.31
2016-04-18,78.71,93.33,0.0,385,72,5.35
2016-04-19,78.06,92.9,0.0,284,174,1.63
2016-04-20,70.32,87.53,0.0,231,226,1.02
2016-04-21,61.72,80.22,0.0,131,330,0.4
2016-04-22,62.37,81.51,0.0,335,124,2.7
2016-04-25,60.0,79.78,0.0,176,284,0.62
2016-04-26,67.31,80.0,0.0,343,116,2.96
2016-04-27,69.89,81.94,0.0,326,135,2.41
2016-04-28,55.05,76.77,0.0,94,365,0.26
2016-04-29,47.1,69.89,0.0,130,329,0.4
2016-05-02,61.08,76.77,0.0,384,75,5.12
2016-05-03,49.25,70.75,0.0,82,378,0.22
2016-05-04,40.0,65.59,0.0,152,304,0.5
2016-05-05,40.86,62.37,0.0,236,219,1.08
2016-05-06,44.3,66.88,0.0,313,148,2.11
2016-05-09,45.38,66.45,0.0,272,188,1.45
2016-05-10,59.78,73.76,0.0,415,45,9.22
2016-05-11,47.74,65.59,0.0,80,378,0.21
2016-05-12,48.82,63.44,0.0,260,201,1.29
2016-05-13,40.86,55.91,0.0,71,388,0.18
2016-05-16,51.18,61.94,0.0,401,59,6.8
2016-05-17,37.63,51.83,0.0,85,374,0.23
2016-05-18,37.2,49.46,0.0,220,238,0.92
2016-05-19,33.33,45.59,0.0,145,314,0.46
2016-05-20,48.17,50.97,0.0,387,74,5.23
2016-05-23,44.73,49.25,0.0,184,273,0.67
2016-05-24,64.73,62.37,0.0,432,29,14.9
2016-05-25,73.12,66.67,0.0,298,161,1.85
2016-05-26,74.84,66.24,79.57,224,237,0.95
2016-05-27,80.22,70.75,81.51,382,76,5.03
2016-05-31,77.42,70.75,81.51,220,238,0.92
2016-06-01,81.51,72.26,81.72,306,151,2.03
2016-06-02,84.09,75.91,82.58,328,132,2.48
2016-06-03,80.65,72.69,80.65,171,289,0.59
2016-06-06,82.8,73.98,81.72,313,150,2.09
2016-06-07,82.8,76.56,81.72,266,195,1.36
2016-06-08,86.02,79.57,83.44,318,140,2.27
2016-06-09,80.22,75.7,82.15,204,254,0.8
2016-06-10,63.44,67.53,76.99,48,412,0.12
2016-06-13,47.96,59.14,73.98,62,397,0.16
2016-06-14,48.17,56.99,72.26,206,255,0.81
2016-06-15,43.01,55.91,71.61,206,253,0.81
2016-06-16,45.59,57.85,72.47,300,160,1.88
2016-06-17,40.65,56.13,71.83,200,261,0.77
2016-06-20,53.76,65.38,75.48,384,77,4.99
2016-06-21,53.76,64.95,76.77,281,177,1.59
2016-06-22,50.54,64.73,76.13,187,272,0.69
2016-06-23,76.13,75.05,78.71,434,29,14.97
2016-06-24,22.15,38.06,65.16,41,422,0.1
2016-06-27,16.99,23.66,56.56,77,385,0.2
2016-06-28,25.38,37.2,63.01,432,31,13.94
2016-06-29,43.23,50.54,68.6,441,22,20.05
2016-06-30,59.35,61.94,73.12,420,39,10.77
2016-07-01,63.66,65.16,73.33,250,208,1.2
2016-07-05,51.72,55.58,69.53,139,321,0.43
2016-07-06,61.37,61.16,69.74,345,113,3.05
2016-07-07,61.8,61.37,70.39,251,204,1.23
2016-07-08,84.33,74.03,75.32,455,7,65.0
2016-07-11,87.98,77.68,76.39,323,136,2.38
2016-07-12,92.92,83.48,78.97,325,134,2.43
2016-07-13,93.35,82.62,78.54,244,218,1.12
2016-07-14,92.06,85.84,80.69,307,154,1.99
2016-07-15,89.91,85.62,80.47,210,248,0.85
2016-07-18,89.48,85.62,82.19,264,197,1.34
2016-07-19,87.98,83.91,81.97,192,261,0.74
2016-07-20,85.62,85.84,83.48,322,138,2.33
2016-07-21,81.97,83.69,82.4,128,332,0.39
2016-07-22,87.98,86.27,84.33,386,76,5.08
2016-07-25,83.05,84.12,83.26,191,265,0.72
2016-07-26,75.54,84.12,84.55,279,183,1.52
2016-07-27,64.38,78.97,83.91,148,312,0.47
2016-07-28,65.88,78.76,83.48,267,191,1.4
2016-07-29,67.81,77.9,81.97,252,208,1.21
2016-08-01,64.59,75.32,81.33,218,239,0.91
2016-08-02,52.15,69.74,79.61,72,388,0.19
2016-08-03,53.0,72.32,81.76,293,169,1.73
2016-08-04,51.93,71.46,81.12,256,201,1.27
2016-08-05,61.16,76.61,85.19,363,99,3.67
2016-08-08,59.23,74.68,86.05,188,270,0.7
2016-08-09,59.66,72.96,84.98,255,200,1.27
2016-08-10,59.01,71.89,84.33,200,259,0.77
2016-08-11,64.59,73.82,85.84,338,119,2.84
2016-08-12,61.37,74.03,85.84,184,270,0.68
2016-08-15,66.52,74.68,85.84,312,149,2.09
2016-08-16,56.01,70.39,84.98,79,380,0.21
2016-08-17,55.25,71.31,85.65,283,178,1.59
2016-08-18,60.6,72.81,85.22,306,156,1.96
2016-08-19,57.17,70.88,86.08,234,224,1.04
2016-08-22,58.89,71.52,86.08,255,202,1.26
2016-08-23,63.81,71.95,86.72,287,172,1.67
2016-08-24,55.67,68.74,86.3,106,353,0.3
2016-08-25,55.25,67.02,85.22,285,176,1.62
2016-08-26,50.96,64.03,83.08,184,276,0.67
2016-08-29,60.17,67.24,85.01,392,65,6.03
2016-08-30,57.17,65.52,83.94,189,273,0.69
2016-08-31,51.39,62.53,83.51,181,275,0.66
2016-09-01,51.82,63.6,83.73,233,229,1.02
2016-09-02,63.81,66.6,85.01,372,91,4.09
2016-09-06,67.88,66.17,86.72,254,210,1.21
2016-09-07,67.24,66.38,85.87,250,210,1.19
2016-09-08,57.82,62.1,84.8,161,301,0.53
2016-09-09,19.91,39.19,77.3,11,453,0.02
2016-09-12,36.4,49.46,82.23,448,16,28.0
2016-09-13,16.27,36.62,77.52,21,443,0.05
2016-09-14,14.78,34.26,76.87,199,261,0.76
2016-09-15,30.41,43.25,78.8,436,28,15.57
2016-09-16,27.84,38.76,78.59,146,316,0.46
2016-09-19,35.97,41.76,79.23,318,140,2.27
2016-09-20,35.12,43.47,77.52,213,243,0.88
2016-09-21,56.41,54.91,80.77,435,27,16.11
2016-09-22,72.65,63.25,83.12,383,80,4.79
2016-09-23,59.62,57.48,80.56,115,348,0.33
2016-09-26,48.29,51.07,78.63,90,374,0.24
2016-09-27,61.11,55.34,80.34,348,117,2.97
2016-09-28,69.23,58.97,82.26,321,140,2.29
2016-09-29,49.79,46.15,80.13,68,396,0.17
2016-09-30,63.68,54.7,81.84,366,98,3.73
2016-10-03,57.05,52.35,79.91,136,324,0.42
2016-10-04,51.5,46.15,75.21,120,346,0.35
2016-10-05,55.44,50.75,75.91,292,170,1.72
2016-10-06,59.06,51.39,75.91,256,208,1.23
2016-10-07,49.47,46.06,73.13,111,349,0.32
2016-10-10,53.52,49.04,74.84,341,121,2.82
2016-10-11,29.21,36.03,69.94,21,445,0.05
2016-10-12,31.13,35.39,71.64,299,164,1.82
2016-10-13,24.09,31.34,72.71,164,298,0.55
2016-10-14,23.45,30.7,70.58,236,222,1.06
2016-10-17,22.39,29.85,69.51,163,300,0.54
2016-10-18,30.06,34.12,71.86,373,93,4.01
2016-10-19,36.25,37.53,71.86,287,176,1.63
2016-10-20,33.9,36.67,70.58,168,295,0.57
2016-10-21,33.48,35.39,69.72,178,282,0.63
2016-10-24,45.42,40.09,72.49,358,106,3.38
2016-10-25,40.09,37.1,69.72,143,318,0.45
2016-10-26,41.58,36.25,67.59,221,239,0.92
2016-10-27,35.18,31.77,63.54,132,332,0.4
2016-10-28,39.66,34.54,64.61,266,194,1.37
2016-10-31,44.78,42.0,67.59,294,171,1.72
2016-11-01,37.66,32.55,62.55,86,378,0.23
2016-11-02,29.57,28.3,58.72,114,350,0.33
2016-11-03,30.0,28.09,58.3,204,257,0.79
2016-11-04,28.09,27.45,58.3,226,236,0.96
2016-11-07,60.21,45.11,64.47,450,17,26.47
2016-11-08,67.87,51.7,66.38,334,132,2.53
2016-11-09,66.81,54.68,67.02,292,171,1.71
2016-11-10,64.47,56.6,65.11,255,212,1.2
2016-11-11,64.04,55.74,65.32,257,204,1.26
2016-11-14,64.68,57.45,64.89,298,165,1.81
2016-11-15,66.6,59.57,66.38,319,144,2.22
2016-11-16,67.87,59.36,65.74,183,279,0.66
2016-11-17,70.85,61.91,68.3,308,151,2.04
2016-11-18,70.21,61.49,68.09,199,263,0.76
2016-11-21,75.32,64.68,70.64,353,111,3.18
2016-11-22,76.38,66.6,70.64,283,179,1.58
2016-11-23,75.96,65.96,70.85,275,191,1.44
2016-11-25,79.79,70.43,72.55,360,97,3.71
2016-11-28,79.36,68.51,70.43,129,338,0.38
2016-11-29,80.43,69.36,70.85,276,183,1.51
2016-11-30,70.64,63.4,66.6,162,306,0.53
2016-12-01,54.68,57.45,64.04,170,294,0.58
2016-12-02,56.17,58.94,63.83,254,210,1.21
2016-12-05,61.7,62.55,65.74,345,118,2.92
2016-12-06,65.74,65.96,67.45,319,144,2.22
2016-12-07,81.49,70.43,70.21,405,61,6.64
2016-12-08,83.4,73.62,72.13,310,155,2.0
2016-12-09,84.04,76.17,71.91,278,190,1.46
2016-12-12,80.0,78.51,73.19,200,265,0.75
2016-12-13,84.26,81.7,75.11,319,141,2.26
2016-12-14,73.4,74.26,71.49,80,385,0.21
2016-12-15,74.04,75.11,71.91,323,143,2.26
2016-12-16,68.51,75.32,72.13,190,271,0.7
2016-12-19,69.57,76.81,71.7,282,181,1.56
2016-12-20,72.77,78.09,72.98,325,140,2.32
2016-12-21,70.43,78.3,71.06,139,319,0.44
2016-12-22,63.4,74.89,69.79,174,282,0.62
2016-12-23,65.96,77.66,70.0,306,151,2.03
2016-12-27,71.28,79.57,70.64,335,127,2.64
2016-12-28,50.85,71.49,68.09,21,445,0.05
2016-12-29,46.81,73.62,69.79,263,199,1.32
2016-12-30,35.96,70.21,67.66,103,362,0.28
2017-01-03,52.55,76.81,70.43,346,119,2.91
2017-01-04,70.85,83.83,73.62,398,68,5.85
2017-01-05,60.43,85.32,73.83,187,277,0.68
2017-01-06,66.6,84.04,74.47,290,175,1.66
2017-01-09,52.55,80.64,72.34,140,324,0.43
2017-01-10,55.53,80.21,73.4,260,202,1.29
2017-01-11,63.19,82.34,73.83,310,154,2.01
2017-01-12,59.79,80.21,73.19,165,297,0.56
2017-01-13,64.04,82.13,74.26,298,163,1.83
2017-01-17,57.45,78.72,75.53,181,284,0.64
2017-01-18,65.11,80.43,75.53,323,142,2.27
2017-01-19,52.34,73.4,73.4,114,351,0.32
2017-01-20,61.06,75.96,73.83,332,134,2.48
2017-01-23,54.26,71.28,73.19,160,304,0.53
2017-01-24,69.36,79.15,75.53,379,87,4.36
2017-01-25,72.98,81.28,76.38,350,113,3.1
2017-01-26,69.79,78.72,76.38,185,281,0.66
2017-01-27,65.96,75.53,74.26,201,265,0.76
2017-01-30,60.21,69.79,74.04,113,353,0.32
2017-01-31,63.19,69.36,75.53,237,229,1.03
2017-02-01,54.78,63.48,73.46,191,272,0.7
2017-02-02,59.02,64.54,75.58,268,197,1.36
2017-02-03,73.25,72.61,76.65,394,73,5.4
2017-02-06,68.58,70.28,75.8,172,293,0.59
2017-02-07,64.97,69.85,76.43,254,209,1.22
2017-02-08,67.52,70.7,77.92,275,189,1.46
2017-02-09,77.28,76.65,80.68,356,108,3.3
2017-02-10,81.74,79.83,81.95,337,130,2.59
2017-02-13,83.23,83.44,83.01,351,116,3.03
2017-02-14,83.65,82.8,83.23,262,202,1.3
2017-02-15,85.14,83.44,84.71,339,128,2.65
2017-02-16,81.74,83.01,84.5,221,244,0.91
2017-02-17,81.95,82.17,84.5,288,176,1.64
2017-02-21,85.99,84.5,87.47,375,91,4.12
2017-02-22,82.8,82.8,85.77,183,276,0.66
2017-02-23,77.28,82.59,85.77,227,239,0.95
2017-02-24,80.04,83.86,87.9,315,149,2.11
2017-02-27,81.1,84.08,87.47,270,194,1.39
2017-02-28,75.37,81.53,87.69,149,316,0.47
2017-03-01,85.77,84.93,88.54,388,78,4.97
2017-03-02,77.49,82.59,87.69,116,350,0.33
2017-03-03,76.65,82.17,87.69,236,224,1.05
2017-03-06,70.7,79.83,86.2,119,345,0.34
2017-03-07,64.33,77.71,85.14,140,324,0.43
2017-03-08,56.48,75.58,81.74,207,256,0.81
2017-03-09,50.32,72.61,82.17,203,261,0.78
2017-03-10,57.32,73.89,82.17,337,126,2.67
2017-03-13,59.02,74.52,83.23,303,161,1.88
2017-03-14,50.96,73.04,82.59,122,343,0.36
2017-03-15,67.73,78.34,85.77,413,57,7.25
2017-03-16,62.21,77.28,84.71,183,279,0.66
2017-03-17,61.57,77.07,85.77,263,198,1.33
2017-03-20,56.48,75.37,84.71,152,310,0.49
2017-03-21,32.91,60.93,81.95,65,405,0.16
2017-03-22,40.13,64.76,82.59,323,140,2.31
2017-03-23,38.0,63.27,83.65,231,233,0.99
2017-03-24,36.52,62.21,83.44,203,257,0.79
2017-03-27,36.52,59.24,83.01,198,262,0.76
2017-03-28,47.13,63.48,84.29,373,90,4.14
2017-03-29,53.08,64.97,85.14,222,240,0.92
2017-03-30,58.81,67.3,84.71,298,167,1.78
2017-03-31,55.84,66.24,84.5,206,259,0.8
2017-04-03,47.56,62.21,83.65,141,320,0.44
2017-04-04,46.92,62.85,83.65,230,235,0.98
2017-04-05,42.89,57.96,82.8,152,312,0.49
2017-04-06,47.98,61.78,83.65,334,131,2.55
2017-04-07,45.65,59.24,83.23,177,283,0.63
2017-04-10,50.74,60.3,83.44,269,194,1.39
2017-04-11,50.96,59.66,83.44,231,232,1.0
2017-04-12,39.28,51.17,83.23,122,341,0.36
2017-04-13,27.39,43.1,80.25,57,409,0.14
2017-04-17,50.96,53.93,81.95,435,31,14.03
2017-04-18,50.32,50.96,80.47,212,255,0.83
2017-04-19,49.68,50.53,80.89,244,223,1.09
2017-04-20,62.63,59.24,82.59,369,100,3.69
2017-04-21,60.08,56.26,82.17,164,301,0.54
2017-04-24,75.16,64.76,83.65,411,55,7.47
2017-04-25,79.83,66.67,84.93,349,117,2.98
2017-04-26,74.73,66.67,84.5,236,229,1.03
2017-04-27,73.67,67.52,83.86,289,176,1.64
2017-04-28,66.53,63.35,82.84,137,329,0.42
2017-05-01,65.68,61.44,81.57,247,214,1.15
2017-05-02,65.68,62.71,81.78,267,201,1.33
2017-05-03,61.86,59.75,80.51,186,281,0.66
2017-05-04,66.95,62.5,78.81,283,181,1.56
2017-05-05,71.4,66.74,81.99,348,118,2.95
2017-05-08,66.95,62.5,81.57,154,312,0.49
2017-05-09,62.71,63.56,81.36,222,244,0.91
2017-05-10,65.68,64.41,81.99,294,173,1.7
2017-05-11,62.08,63.98,81.36,165,299,0.55
2017-05-12,54.97,60.68,80.55,159,307,0.52
2017-05-15,64.69,66.17,81.82,398,70,5.69
2017-05-16,59.2,63.42,79.92,213,254,0.84
2017-05-17,33.4,51.59,76.11,73,395,0.18
2017-05-18,39.53,52.85,75.69,310,157,1.97
2017-05-19,49.26,58.99,78.65,392,77,5.09
2017-05-22,59.62,63.42,79.28,383,83,4.61
2017-05-23,60.04,64.48,80.13,273,191,1.43
2017-05-24,65.33,66.17,79.7,319,148,2.16
2017-05-25,71.04,68.92,80.13,344,124,2.77
2017-05-26,70.4,69.34,79.49,235,228,1.03
2017-05-30,68.92,68.5,79.07,217,248,0.88
2017-05-31,71.25,68.71,78.44,284,183,1.55
2017-06-01,78.01,75.05,80.97,411,56,7.34
2017-06-02,80.76,76.11,80.97,295,173,1.71
2017-06-05,76.96,73.36,79.92,170,300,0.57
2017-06-06,72.3,70.4,79.28,133,333,0.4
2017-06-07,73.15,71.04,80.13,296,172,1.72
2017-06-08,77.59,73.15,80.55,251,216,1.16
2017-06-09,75.69,76.74,81.18,271,198,1.37
2017-06-12,72.3,78.65,82.24,239,231,1.03
2017-06-13,79.7,81.18,83.93,376,95,3.96
2017-06-14,75.05,78.44,82.66,238,230,1.03
2017-06-15,71.46,78.44,81.61,232,238,0.97
2017-06-16,68.71,77.17,83.09,263,202,1.3
2017-06-19,76.11,80.97,82.88,358,107,3.35
2017-06-20,65.33,75.26,81.4,98,369,0.27
2017-06-21,57.08,71.88,80.13,182,287,0.63
2017-06-22,52.64,68.71,80.76,202,263,0.77
2017-06-23,53.91,71.46,81.18,304,164,1.85
2017-06-26,57.29,73.36,82.03,270,196,1.38
2017-06-27,41.44,67.44,80.97,82,384,0.21
2017-06-28,58.14,74.84,82.66,385,83,4.64
2017-06-29,42.71,63.21,80.76,73,395,0.18
2017-06-30,46.72,66.81,81.61,298,171,1.74
2017-07-03,52.01,68.08,82.66,261,204,1.28
2017-07-05,50.32,66.81,81.18,258,207,1.25
2017-07-06,35.52,56.45,79.28,47,422,0.11
2017-07-07,49.26,63.0,79.7,401,69,5.81
2017-07-10,50.11,62.16,79.28,233,233,1.0
2017-07-11,49.89,63.85,79.49,220,246,0.89
2017-07-12,62.16,70.19,80.76,398,70,5.69
2017-07-13,60.47,69.56,81.61,236,231,1.02
2017-07-14,69.13,74.0,81.61,351,119,2.95
2017-07-17,71.46,74.84,82.66,265,202,1.31
2017-07-18,68.92,74.21,82.45,206,258,0.8
2017-07-19,75.9,78.01,83.51,386,80,4.82
2017-07-20,72.52,76.53,83.51,243,222,1.09
2017-07-21,75.26,75.05,83.72,254,213,1.19
2017-07-24,72.94,73.57,82.24,236,229,1.03
2017-07-25,76.11,71.88,83.93,297,172,1.73
2017-07-26,70.19,71.04,83.3,207,260,0.8
2017-07-27,66.6,69.13,83.93,200,268,0.75
2017-07-28,66.17,67.44,82.88,235,233,1.01
2017-07-31,64.69,67.23,82.66,229,233,0.98
2017-08-01,64.9,67.02,82.88,308,161,1.91
2017-08-02,60.25,65.96,81.61,190,279,0.68
2017-08-03,56.66,63.42,80.76,223,239,0.93
2017-08-04,58.77,65.12,80.76,270,196,1.38
2017-08-07,59.62,66.81,81.61,264,202,1.31
2017-08-08,52.64,62.79,80.76,156,307,0.51
2017-08-09,51.59,61.95,80.34,199,264,0.75
2017-08-10,33.4,46.72,75.48,49,421,0.12
2017-08-11,31.92,46.3,75.69,247,219,1.13
2017-08-14,50.32,58.35,79.07,423,47,9.0
2017-08-15,47.99,56.03,78.22,224,243,0.92
2017-08-16,53.07,58.77,78.01,309,155,1.99
2017-08-17,32.14,45.88,71.88,22,445,0.05
2017-08-18,28.96,44.4,70.82,191,276,0.69
2017-08-21,33.19,45.67,70.4,268,193,1.39
2017-08-22,48.84,53.28,73.36,406,64,6.34
2017-08-23,43.13,49.89,72.09,157,311,0.5
2017-08-24,43.13,49.05,72.52,205,261,0.79
2017-08-25,48.84,49.89,72.73,317,148,2.14
2017-08-28,47.36,48.2,71.46,243,224,1.08
2017-08-29,46.72,48.41,70.61,208,259,0.8
2017-08-30,58.35,53.49,72.3,339,129,2.63
2017-08-31,69.13,62.16,73.57,358,111,3.23
2017-09-01,75.05,65.54,75.48,299,168,1.78
2017-09-05,62.16,57.93,72.09,135,335,0.4
2017-09-06,64.9,61.31,72.73,270,197,1.37
2017-09-07,68.5,59.62,71.46,270,199,1.36
2017-09-08,67.86,60.47,72.52,264,205,1.29
2017-09-11,77.17,69.56,75.26,414,56,7.39
2017-09-12,78.01,69.34,76.96,292,176,1.66
2017-09-13,72.94,67.65,76.96,198,272,0.73
2017-09-14,75.9,67.23,75.48,237,228,1.04
2017-09-15,77.17,68.29,76.74,304,165,1.84
2017-09-18,73.36,70.61,77.38,295,169,1.75
2017-09-19,73.57,72.3,77.17,245,225,1.09
2017-09-20,72.52,68.29,78.86,264,204,1.29
2017-09-21,67.86,66.17,78.44,171,294,0.58
2017-09-22,68.29,65.54,79.28,273,195,1.4
2017-09-25,62.37,65.75,79.28,237,231,1.03
2017-09-26,60.04,66.38,79.07,230,238,0.97
2017-09-27,65.33,66.38,80.76,309,160,1.93
2017-09-28,63.85,68.08,80.55,279,184,1.52
2017-09-29,67.02,69.13,81.61,307,157,1.96
2017-10-02,71.67,71.67,80.76,344,122,2.82
2017-10-03,71.88,73.57,81.4,280,185,1.51
2017-10-04,74.63,75.9,82.03,309,155,1.99
2017-10-05,80.55,78.01,82.66,323,143,2.26
2017-10-06,78.01,77.38,81.82,224,239,0.94
2017-10-09,75.05,76.11,80.34,208,257,0.81
2017-10-10,78.44,78.44,81.61,294,168,1.75
2017-10-11,78.65,79.92,81.82,289,180,1.61
2017-10-12,79.07,81.82,82.03,284,183,1.55
2017-10-13,77.17,80.13,82.24,267,199,1.34
2017-10-16,76.53,79.7,82.03,240,228,1.05
2017-10-17,73.57,80.34,82.88,207,257,0.81
2017-10-18,71.88,79.92,82.66,253,209,1.21
2017-10-19,73.78,81.61,82.45,275,190,1.45
2017-10-20,79.28,82.45,82.66,356,107,3.33
2017-10-23,75.9,79.7,82.45,187,279,0.67
2017-10-24,74.42,78.65,81.61,289,181,1.6
2017-10-25,65.54,74.21,80.97,127,341,0.37
2017-10-26,68.08,73.78,79.7,312,156,2.0
2017-10-27,68.29,75.9,79.7,282,186,1.52
2017-10-30,59.41,73.36,79.49,135,333,0.41
2017-10-31,61.52,74.21,78.22,277,189,1.47
2017-11-01,60.68,74.21,77.8,236,231,1.02
2017-11-02,63.21,72.09,77.8,256,210,1.22
2017-11-03,61.73,74.0,77.17,281,186,1.51
2017-11-06,63.0,73.15,77.8,252,217,1.16
2017-11-07,58.14,70.82,77.17,240,227,1.06
2017-11-08,59.83,71.67,77.59,281,183,1.54
2017-11-09,53.91,69.13,78.65,160,306,0.52
2017-11-10,55.81,67.65,78.01,227,241,0.94
2017-11-13,57.93,70.82,77.38,269,199,1.35
2017-11-14,58.35,68.92,77.8,246,220,1.12
2017-11-15,48.41,63.42,75.9,116,351,0.33
2017-11-16,58.56,68.08,77.8,367,101,3.63
2017-11-17,57.93,67.44,78.22,226,239,0.95
2017-11-20,60.47,67.44,78.01,293,173,1.69
2017-11-21,66.81,68.92,78.86,349,113,3.09
2017-11-22,63.85,68.5,78.22,170,294,0.58
2017-11-24,67.02,68.71,78.44,288,175,1.65
2017-11-27,65.12,67.02,77.59,230,235,0.98
2017-11-28,76.74,74.21,80.34,377,90,4.19
2017-11-29,73.36,77.38,80.34,259,210,1.23
2017-11-30,76.32,81.18,82.03,366,104,3.52
2017-12-01,76.32,79.7,82.45,175,295,0.59
2017-12-04,67.86,74.0,83.72,249,220,1.13
2017-12-05,61.31,70.82,83.3,131,336,0.39
2017-12-06,61.1,70.19,82.66,231,234,0.99
2017-12-07,66.6,72.52,82.66,333,133,2.5
2017-12-08,71.25,75.69,83.51,379,89,4.26
2017-12-11,71.88,78.01,83.93,251,216,1.16
2017-12-12,67.86,75.05,83.93,210,256,0.82
2017-12-13,66.81,74.63,84.78,236,233,1.01
2017-12-14,57.29,68.71,82.88,119,350,0.34
2017-12-15,69.13,75.48,84.99,409,62,6.6
2017-12-18,74.84,78.44,85.62,329,137,2.4
2017-12-19,69.98,74.42,83.72,180,287,0.63
2017-12-20,65.96,73.15,82.66,192,275,0.7
2017-12-21,64.27,72.52,83.72,226,237,0.95
2017-12-22,60.25,71.46,83.72,238,230,1.03
2017-12-26,59.41,70.4,83.93,238,227,1.05
2017-12-27,63.42,71.67,84.14,295,169,1.75
2017-12-28,68.71,73.15,84.78,338,128,2.64
2017-12-29,56.03,70.61,84.57,84,381,0.22
2018-01-02,62.45,73.63,83.76,303,165,1.84
2018-01-03,73.0,77.85,84.18,336,134,2.51
2018-01-04,74.26,77.85,83.54,304,163,1.87
2018-01-05,78.9,80.8,83.33,340,129,2.64
2018-01-08,79.54,81.43,85.44,326,140,2.33
2018-01-09,77.0,81.65,84.18,238,231,1.03
2018-01-10,74.89,78.69,82.7,173,300,0.58
2018-01-11,77.43,79.75,83.33,357,111,3.22
2018-01-12,78.69,80.38,82.91,325,144,2.26
2018-01-16,74.47,78.69,82.49,157,313,0.5
2018-01-17,79.75,81.01,84.18,405,65,6.23
2018-01-18,78.9,81.86,82.91,183,288,0.64
2018-01-19,80.38,82.7,83.33,360,107,3.36
2018-01-22,81.01,83.33,84.81,333,136,2.45
2018-01-23,83.33,84.39,85.23,268,202,1.33
2018-01-24,81.22,84.6,85.23,222,245,0.91
2018-01-25,79.75,84.18,85.44,250,219,1.14
2018-01-26,82.07,84.39,85.65,380,90,4.22
2018-01-29,74.68,81.22,83.76,96,374,0.26
2018-01-30,63.71,78.06,82.91,92,379,0.24
2018-01-31,62.66,77.0,83.54,249,219,1.14
2018-02-01,55.49,75.11,81.86,205,266,0.77
2018-02-02,30.17,62.87,79.54,27,444,0.06
2018-02-05,7.17,29.11,70.46,3,469,0.01
2018-02-06,9.28,39.24,72.78,361,108,3.34
2018-02-07,10.76,36.5,71.73,198,269,0.74
2018-02-08,3.59,15.4,59.92,14,457,0.03
2018-02-09,6.75,18.35,65.19,393,79,4.97
2018-02-12,9.49,25.74,68.14,397,72,5.51
2018-02-13,12.03,29.96,69.83,313,157,1.99
2018-02-14,24.68,42.62,71.31,378,92,4.11
2018-02-15,40.72,49.79,74.26,390,80,4.88
2018-02-16,43.88,50.84,74.68,268,205,1.31
2018-02-20,38.19,45.15,73.84,143,327,0.44
2018-02-21,34.39,43.88,71.52,156,313,0.5
2018-02-22,37.55,44.3,71.73,245,222,1.1
2018-02-23,62.66,54.43,74.26,439,34,12.91
2018-02-26,73.21,59.7,76.79,353,118,2.99
2018-02-27,58.23,49.58,73.63,56,417,0.13
2018-02-28,47.47,43.67,71.73,83,389,0.21
2018-03-01,36.08,33.54,67.72,112,360,0.31
2018-03-02,46.41,37.13,69.41,337,134,2.51
2018-03-05,63.29,43.67,70.89,408,64,6.38
2018-03-06,66.88,46.62,73.0,328,143,2.29
2018-03-07,65.4,45.99,71.94,254,213,1.19
2018-03-08,71.94,49.16,72.36,312,155,2.01
2018-03-09,81.22,60.76,75.11,430,40,10.75
2018-03-12,79.32,59.49,75.74,203,265,0.77
2018-03-13,74.05,56.75,75.11,167,302,0.55
2018-03-14,66.24,53.8,74.68,144,324,0.44
2018-03-15,62.24,52.95,72.78,215,249,0.86
2018-03-16,69.83,58.23,74.47,333,137,2.43
2018-03-19,54.01,50.84,72.36,47,423,0.11
2018-03-20,57.17,52.74,71.31,286,179,1.6
2018-03-21,55.27,49.79,69.62,199,272,0.73
2018-03-22,24.68,31.65,64.56,43,429,0.1
2018-03-23,11.18,21.1,56.75,30,442,0.07
2018-03-26,28.48,34.39,64.35,454,17,26.71
2018-03-27,21.1,28.06,61.39,89,381,0.23
2018-03-28,20.25,27.85,60.34,199,272,0.73
2018-03-29,30.8,35.86,63.5,414,55,7.53
2018-04-02,16.24,23.21,54.43,15,456,0.03
2018-04-03,22.78,30.17,58.65,427,44,9.7
2018-04-04,34.6,38.4,63.5,409,62,6.6
2018-04-05,44.3,43.04,65.19,361,108,3.34
2018-04-06,24.68,28.9,56.54,13,459,0.03
2018-04-09,27.0,31.22,56.96,286,181,1.58
2018-04-10,46.2,43.46,63.71,403,70,5.76
2018-04-11,38.4,39.24,61.18,135,332,0.41
2018-04-12,52.53,44.73,61.81,333,139,2.4
2018-04-13,48.52,43.67,60.55,185,284,0.65
2018-04-16,70.46,54.85,66.24,416,54,7.7
2018-04-17,81.86,63.92,68.35,396,72,5.5
2018-04-18,83.76,65.4,68.57,268,202,1.33
2018-04-19,75.53,58.23,64.35,137,333,0.41
2018-04-20,65.61,52.32,62.24,87,384,0.23
2018-04-23,65.61,52.53,63.29,248,221,1.12
2018-04-24,50.63,41.98,57.17,115,358,0.32
2018-04-25,50.63,43.25,58.86,269,197,1.37
2018-04-26,58.44,48.73,60.97,346,124,2.79
2018-04-27,60.34,49.58,62.03,281,191,1.47
2018-04-30,48.52,46.2,56.12,87,381,0.23
2018-05-01,49.58,47.26,57.81,258,210,1.23
2018-05-02,42.41,41.14,54.85,136,332,0.41
2018-05-03,40.51,40.51,53.59,229,239,0.96
2018-05-04,53.8,48.95,58.86,414,57,7.26
2018-05-07,55.06,50.0,59.49,285,184,1.55
2018-05-08,52.53,49.37,59.28,237,229,1.03
2018-05-09,60.13,54.22,61.81,361,109,3.31
2018-05-10,64.56,63.08,65.82,398,72,5.53
2018-05-11,68.57,63.29,65.82,281,190,1.48
2018-05-14,68.78,63.71,64.98,201,266,0.76
2018-05-15,60.97,56.12,62.03,136,327,0.42
2018-05-16,67.3,58.86,62.45,304,165,1.84
2018-05-17,67.3,58.86,62.66,249,216,1.15
2018-05-18,64.77,57.81,63.29,223,243,0.92
2018-05-21,73.21,64.35,65.61,374,96,3.9
2018-05-22,69.2,63.92,64.56,165,302,0.55
2018-05-23,72.57,64.56,64.35,270,198,1.36
2018-05-24,68.78,63.92,64.35,222,242,0.92
2018-05-25,68.14,63.29,64.77,217,252,0.86
2018-05-29,52.95,55.91,60.34,114,355,0.32
2018-05-30,69.41,66.03,65.4,430,40,10.75
2018-05-31,54.22,57.59,60.55,89,378,0.24
2018-06-01,64.56,63.71,62.45,376,92,4.09
2018-06-04,66.24,64.14,64.14,340,132,2.58
2018-06-05,66.67,64.98,64.56,252,216,1.17
2018-06-06,72.15,70.04,67.3,358,112,3.2
2018-06-07,74.26,70.68,68.14,251,219,1.15
2018-06-08,79.32,73.63,68.78,335,130,2.58
2018-06-11,80.17,75.32,70.04,246,222,1.11
2018-06-12,78.9,75.32,70.04,296,169,1.75
2018-06-13,71.1,71.73,67.09,132,336,0.39
2018-06-14,71.94,73.0,67.3,287,181,1.59
2018-06-15,69.62,71.52,66.46,255,215,1.19
2018-06-18,65.19,69.41,66.46,220,246,0.89
2018-06-19,61.6,68.35,63.5,156,310,0.5
2018-06-20,62.45,68.35,64.14,267,204,1.31
2018-06-21,52.53,61.81,63.29,136,335,0.41
2018-06-22,54.64,65.19,63.92,284,186,1.53
2018-06-25,37.97,55.7,60.97,97,375,0.26
2018-06-26,35.23,56.54,60.55,235,232,1.01
2018-06-27,28.69,48.95,58.44,88,384,0.23
2018-06-28,32.7,53.59,58.02,342,130,2.63
2018-06-29,33.33,54.01,58.44,269,203,1.33
2018-07-02,33.12,54.85,59.92,282,188,1.5
2018-07-03,32.07,52.74,58.44,206,265,0.78
2018-07-05,44.09,58.23,60.97,393,79,4.97
2018-07-06,55.27,60.76,64.14,402,67,6.0
2018-07-09,70.68,70.04,64.77,365,106,3.44
2018-07-10,75.32,72.57,66.88,303,166,1.83
2018-07-11,60.55,63.29,64.35,130,338,0.38
2018-07-12,71.73,68.57,66.03,354,116,3.05
2018-07-13,76.16,69.41,65.19,268,195,1.37
2018-07-16,70.68,66.46,65.4,147,322,0.46
2018-07-17,78.06,70.04,67.51,333,136,2.45
2018-07-18,78.27,72.15,68.14,258,211,1.22
2018-07-19,77.43,70.25,68.78,237,232,1.02
2018-07-20,69.41,68.35,65.61,174,292,0.6
2018-07-23,67.09,67.51,63.92,234,232,1.01
2018-07-24,63.92,66.67,65.4,228,240,0.95
2018-07-25,70.89,69.41,68.14,368,102,3.61
2018-07-26,74.89,75.11,68.99,294,175,1.68
2018-07-27,59.07,66.88,68.35,129,342,0.38
2018-07-30,50.84,61.6,67.09,151,318,0.47
2018-07-31,57.81,64.56,71.1,354,118,3.0
2018-08-01,52.53,62.87,69.2,171,297,0.58
2018-08-02,59.79,66.74,69.68,305,165,1.85
2018-08-03,61.68,68.0,71.37,324,145,2.23
2018-08-06,67.79,70.32,71.79,323,148,2.18
2018-08-07,70.74,75.58,72.21,319,149,2.14
2018-08-08,67.16,73.47,71.58,200,267,0.75
2018-08-09,68.63,73.05,70.95,220,251,0.88
2018-08-10,56.63,66.95,69.26,107,362,0.3
2018-08-13,51.16,64.0,68.42,143,325,0.44
2018-08-14,59.79,68.0,69.89,392,79,4.96
2018-08-15,51.79,62.32,68.42,155,319,0.49
2018-08-16,60.84,67.58,70.74,404,68,5.94
2018-08-17,65.05,70.11,70.74,367,95,3.86
2018-08-20,67.58,71.37,71.37,311,157,1.98
2018-08-21,72.42,74.74,71.58,286,186,1.54
2018-08-22,70.53,73.89,71.16,193,274,0.7
2018-08-23,64.21,71.37,69.89,188,282,0.67
2018-08-24,71.79,73.89,70.95,376,93,4.04
2018-08-27,81.05,78.53,73.26,332,136,2.44
2018-08-28,81.26,77.68,73.26,239,230,1.04
2018-08-29,84.0,80.42,74.74,317,148,2.14
2018-08-30,72.84,74.32,72.42,103,365,0.28
2018-08-31,71.58,75.37,72.63,274,195,1.41
2018-09-04,68.42,72.84,71.58,231,237,0.97
2018-09-05,69.89,74.53,72.0,248,219,1.13
2018-09-06,68.42,72.63,71.16,253,215,1.18
2018-09-07,62.95,71.79,71.16,176,295,0.6
2018-09-10,65.68,73.68,70.53,324,148,2.19
2018-09-11,64.63,72.63,70.11,250,222,1.13
2018-09-12,62.95,72.84,70.11,255,215,1.19
2018-09-13,68.63,74.32,72.0,351,120,2.92
2018-09-14,68.84,74.32,72.42,270,199,1.36
2018-09-17,60.42,71.58,71.58,182,287,0.63
2018-09-18,64.84,71.58,74.11,327,144,2.27
2018-09-19,58.32,71.79,74.95,219,252,0.87
2018-09-20,65.68,75.16,77.26,391,80,4.89
2018-09-21,65.26,75.79,77.05,252,216,1.17
2018-09-24,54.32,67.37,74.32,126,343,0.37
2018-09-25,52.21,63.37,72.42,185,284,0.65
2018-09-26,44.84,58.53,68.63,134,336,0.4
2018-09-27,45.47,58.32,69.05,259,211,1.23
2018-09-28,49.26,60.63,69.68,283,186,1.52
2018-10-01,47.79,60.21,70.11,229,243,0.94
2018-10-02,46.11,59.16,70.11,233,235,0.99
2018-10-03,42.74,56.0,70.74,234,237,0.99
2018-10-04,31.16,50.32,69.47,143,329,0.43
2018-10-05,30.11,49.68,67.16,158,314,0.5
2018-10-08,35.58,48.84,68.84,259,212,1.22
2018-10-09,33.47,46.53,66.53,184,285,0.65
2018-10-10,13.26,22.32,55.37,14,459,0.03
2018-10-11,3.16,10.11,44.84,40,432,0.09
2018-10-12,5.47,12.84,50.32,354,114,3.11
2018-10-15,8.21,13.05,50.11,221,250,0.88
2018-10-16,23.58,26.95,56.63,452,20,22.6
2018-10-17,24.21,25.68,56.21,206,262,0.79
2018-10-18,20.63,22.53,52.21,90,379,0.24
2018-10-19,24.84,22.53,51.58,215,257,0.84
2018-10-22,20.0,19.37,50.32,162,307,0.53
2018-10-23,18.74,17.47,48.0,143,329,0.43
2018-10-24,16.21,14.11,39.16,84,390,0.22
2018-10-25,19.37,17.05,43.16,378,96,3.94
2018-10-26,14.74,10.74,40.21,82,389,0.21
2018-10-29,19.79,15.79,38.53,232,239,0.97
2018-10-30,30.74,19.58,44.0,413,60,6.88
2018-10-31,37.47,21.26,46.53,309,162,1.91
2018-11-01,53.26,25.26,49.05,356,114,3.12
2018-11-02,50.53,22.53,48.63,180,288,0.62
2018-11-05,62.11,28.21,49.05,337,132,2.55
2018-11-06,70.74,36.0,51.58,364,106,3.43
2018-11-07,83.79,50.32,56.63,439,35,12.54
2018-11-08,81.47,52.63,57.05,245,223,1.1
2018-11-09,75.16,47.16,54.74,144,326,0.44
2018-11-12,58.32,37.05,48.84,76,396,0.19
2018-11-13,60.42,38.11,48.42,246,224,1.1
2018-11-14,55.58,34.32,45.89,154,317,0.49
2018-11-15,67.37,38.53,49.68,357,117,3.05
2018-11-16,69.47,43.16,50.74,312,157,1.99
2018-11-19,55.16,36.21,46.11,131,338,0.39
2018-11-20,40.42,29.05,39.58,74,400,0.18
2018-11-21,42.95,30.32,40.42,319,153,2.08
2018-11-23,39.79,30.95,41.68,208,264,0.79
2018-11-26,53.26,37.47,46.11,407,65,6.26
2018-11-27,49.05,38.53,44.63,240,232,1.03
2018-11-28,71.16,53.05,52.84,421,51,8.25
2018-11-29,68.42,51.58,51.79,197,273,0.72
2018-11-30,72.0,58.53,53.68,340,131,2.6
2018-12-03,82.11,67.79,56.42,360,113,3.19
2018-12-04,42.11,41.68,45.05,30,443,0.07
2018-12-06,41.05,42.95,43.79,213,257,0.83
2018-12-07,20.59,28.15,38.66,45,427,0.11
2018-12-10,24.37,29.83,39.92,232,239,0.97
2018-12-11,27.31,31.93,39.08,224,249,0.9
2018-12-12,32.14,36.97,40.97,345,130,2.65
2018-12-13,33.19,34.03,39.92,193,279,0.69
2018-12-14,18.7,26.68,36.13,58,413,0.14
2018-12-17,6.09,16.18,28.99,35,438,0.08
2018-12-18,7.35,15.34,28.99,244,224,1.09
2018-12-19,4.41,13.24,25.42,64,410,0.16
2018-12-20,2.52,9.45,19.96,69,403,0.17
2018-12-21,1.05,6.72,17.44,50,422,0.12
2018-12-24,0.21,1.47,11.13,11,460,0.02
2018-12-26,4.83,5.25,18.49,471,4,117.75
2018-12-27,7.98,9.66,22.06,396,73,5.42
2018-12-28,8.82,9.45,22.06,191,279,0.68
2018-12-31,19.12,13.87,24.16,412,61,6.75
2019-01-02,22.48,9.03,19.75,193,276,0.7
2019-01-03,8.82,4.41,16.18,74,399,0.19
2019-01-04,44.54,15.34,23.53,461,13,35.46
2019-01-07,57.56,20.59,25.84,356,119,2.99
2019-01-08,73.74,29.41,30.04,392,82,4.78
2019-01-09,79.83,34.87,31.72,321,149,2.15
2019-01-10,86.97,44.54,33.82,361,109,3.31
2019-01-11,88.24,43.07,34.03,259,208,1.25
2019-01-14,85.71,39.5,32.14,147,327,0.45
2019-01-15,91.81,46.64,34.66,360,113,3.19
2019-01-16,91.81,48.11,36.13,281,189,1.49
2019-01-17,94.12,58.61,39.29,400,75,5.33
2019-01-18,96.64,73.74,44.96,431,42,10.26
2019-01-22,92.23,64.5,39.5,81,393,0.21
2019-01-23,90.34,65.34,40.55,256,219,1.17
2019-01-24,88.66,69.33,40.97,301,174,1.73
2019-01-25,89.92,75.42,45.17,376,97,3.88
2019-01-28,86.34,72.69,43.49,158,313,0.5
2019-01-29,84.66,74.37,43.28,262,209,1.25
2019-01-30,89.29,81.93,48.74,394,79,4.99
2019-01-31,91.81,86.34,50.21,337,136,2.48
2019-02-01,90.55,88.66,52.1,273,197,1.39
2019-02-04,92.02,90.34,55.46,350,121,2.89
2019-02-05,91.81,90.55,58.82,329,139,2.37
2019-02-06,88.66,89.5,59.24,204,266,0.77
2019-02-07,83.4,86.13,55.25,164,307,0.53
2019-02-08,81.09,85.92,55.46,276,195,1.42
2019-02-11,80.67,86.13,56.09,305,165,1.85
2019-02-12,85.92,91.18,62.18,398,75,5.31
2019-02-13,87.39,93.07,64.29,319,155,2.06
2019-02-14,83.82,92.23,62.82,196,275,0.71
2019-02-15,91.39,94.96,67.23,416,58,7.17
2019-02-19,92.65,94.75,67.65,277,192,1.44
2019-02-20,91.81,95.38,69.75,297,171,1.74
2019-02-21,88.03,94.33,68.28,188,281,0.67
2019-02-22,89.29,95.59,69.12,375,97,3.87
2019-02-25,87.39,94.75,68.91,225,244,0.92
2019-02-26,83.82,94.12,68.49,173,293,0.59
2019-02-27,79.2,94.12,68.91,249,216,1.15
2019-02-28,76.89,93.07,68.7,232,237,0.98
2019-03-01,78.15,93.7,68.91,344,129,2.67
2019-03-04,73.53,93.07,68.28,161,308,0.52
2019-03-05,69.33,91.39,67.44,170,302,0.56
2019-03-06,51.89,87.61,65.13,93,378,0.25
2019-03-07,40.97,84.66,62.82,103,372,0.28
2019-03-08,35.92,79.83,62.39,201,270,0.74
2019-03-11,56.09,86.13,66.39,447,26,17.19
2019-03-12,58.07,86.37,65.83,320,146,2.19
2019-03-13,65.48,87.87,66.32,389,85,4.58
2019-03-14,63.6,85.98,66.11,236,233,1.01
2019-03-15,66.53,84.31,67.15,319,153,2.08
2019-03-18,71.76,84.1,69.46,303,171,1.77
2019-03-19,69.25,83.47,67.57,193,281,0.69
2019-03-20,56.16,77.66,64.3,146,327,0.45
2019-03-21,76.41,81.63,68.68,429,49,8.76
2019-03-22,50.73,69.52,62.84,73,403,0.18
2019-03-25,50.31,68.89,63.05,247,223,1.11
2019-03-26,60.33,71.82,65.14,396,82,4.83
2019-03-27,54.49,69.1,64.3,149,326,0.46
2019-03-28,59.5,70.77,64.93,355,118,3.01
2019-03-29,71.19,75.78,67.43,389,86,4.52
2019-04-01,84.97,82.88,72.86,366,107,3.42
2019-04-02,80.79,82.25,72.86,224,250,0.9
2019-04-03,79.75,81.42,73.28,309,164,1.88
2019-04-04,77.24,82.67,74.11,266,211,1.26
2019-04-05,83.3,85.8,76.2,377,97,3.89
2019-04-08,80.38,84.55,76.62,260,217,1.2
2019-04-09,74.74,81.21,74.11,108,368,0.29
2019-04-10,81.0,83.09,75.57,344,130,2.65
2019-04-11,81.0,83.09,76.83,309,162,1.91
2019-04-12,81.84,85.18,78.5,370,107,3.46
2019-04-15,80.38,83.3,77.04,201,275,0.73
2019-04-16,70.98,79.33,77.04,258,219,1.18
2019-04-17,64.51,72.86,75.78,170,305,0.56
2019-04-18,65.55,72.86,77.45,284,188,1.51
2019-04-22,64.3,71.19,76.41,190,285,0.67
2019-04-23,69.31,76.83,78.71,394,82,4.8
2019-04-24,70.15,77.66,79.12,255,219,1.16
2019-04-25,64.51,74.53,77.24,204,273,0.75
2019-04-26,69.1,75.16,77.24,353,122,2.89
2019-04-29,63.26,74.95,78.08,236,240,0.98
2019-04-30,69.94,78.08,78.5,317,159,1.99
2019-05-01,60.13,72.44,76.62,86,388,0.22
2019-05-02,59.29,71.4,75.78,278,196,1.42
2019-05-03,68.27,77.87,77.87,404,70,5.77
2019-05-06,62.42,74.53,76.83,140,330,0.42
2019-05-07,41.96,59.08,74.95,31,444,0.07
2019-05-08,36.33,58.04,73.49,200,275,0.73
2019-05-09,36.33,55.95,73.49,212,258,0.82
2019-05-10,46.04,61.04,72.71,340,133,2.56
2019-05-13,29.58,42.5,64.79,51,426,0.12
2019-05-14,34.79,50.0,67.92,384,93,4.13
2019-05-15,39.58,49.38,68.75,320,154,2.08
2019-05-16,46.88,56.04,68.75,390,86,4.53
2019-05-17,41.04,52.71,67.29,127,348,0.36
2019-05-20,36.25,47.08,66.25,165,310,0.53
2019-05-21,46.67,54.79,68.96,418,57,7.33
2019-05-22,46.04,52.92,67.5,201,270,0.74
2019-05-23,35.0,45.83,64.79,96,381,0.25
2019-05-24,36.59,47.61,65.49,284,191,1.49
2019-05-28,27.65,41.79,62.37,77,398,0.19
2019-05-29,20.37,35.97,60.71,130,348,0.37
2019-05-30,26.2,37.84,61.33,308,167,1.84
2019-05-31,23.49,33.89,57.8,121,354,0.34
2019-06-03,29.31,34.3,59.67,335,142,2.36
2019-06-04,51.56,45.11,65.07,421,56,7.52
2019-06-05,65.9,52.39,67.15,349,127,2.75
2019-06-06,69.44,54.47,67.15,340,136,2.5
2019-06-07,76.72,58.63,68.4,366,111,3.3
2019-06-10,80.87,59.88,70.27,306,171,1.79
2019-06-11,80.46,60.5,70.27,205,272,0.75
2019-06-12,76.56,58.71,68.46,257,222,1.16
2019-06-13,84.23,64.52,70.33,344,134,2.57
2019-06-14,80.29,61.62,68.05,209,269,0.78
2019-06-17,79.05,60.17,69.29,219,259,0.85
2019-06-18,88.38,67.63,73.24,361,118,3.06
2019-06-19,90.25,68.67,74.07,335,142,2.36
2019-06-20,93.57,74.69,76.97,406,71,5.72
2019-06-21,88.8,73.44,75.93,170,310,0.55
2019-06-24,86.1,68.88,75.73,195,284,0.69
2019-06-25,77.39,66.18,74.07,108,369,0.29
2019-06-26,64.94,66.18,72.82,201,279,0.72
2019-06-27,70.12,71.37,75.93,373,102,3.66
2019-06-28,76.14,77.39,79.25,393,81,4.85
2019-07-01,78.22,81.33,80.29,353,125,2.82
2019-07-02,82.57,80.29,79.88,277,203,1.36
2019-07-03,89.0,86.31,81.54,416,62,6.71
2019-07-05,85.68,85.68,81.33,187,286,0.65
2019-07-08,79.05,81.74,79.88,127,350,0.36
2019-07-09,78.22,81.12,80.29,271,205,1.32
2019-07-10,78.22,82.78,80.29,277,201,1.38
2019-07-11,75.73,84.02,80.91,284,194,1.46
2019-07-12,82.16,88.59,82.78,346,132,2.62
2019-07-15,80.08,87.76,81.74,247,229,1.08
2019-07-16,73.44,85.48,82.78,197,282,0.7
2019-07-17,58.51,81.12,80.91,146,332,0.44
2019-07-18,63.49,81.95,80.29,325,154,2.11
2019-07-19,52.7,79.05,79.67,129,351,0.37
2019-07-22,54.56,78.84,79.46,250,226,1.11
2019-07-23,63.07,80.5,81.54,357,120,2.98
2019-07-24,65.15,81.74,83.2,330,145,2.28
2019-07-25,57.47,77.39,81.33,153,326,0.47
2019-07-26,62.86,79.67,81.54,344,130,2.65
2019-07-29,61.0,78.01,80.91,208,269,0.77
2019-07-30,59.54,77.39,80.5,244,232,1.05
2019-07-31,45.02,69.71,79.25,82,399,0.21
2019-08-01,33.61,60.58,76.14,144,336,0.43
2019-08-02,30.5,52.49,73.03,136,342,0.4
2019-08-05,12.66,29.05,64.94,10,470,0.02
2019-08-06,23.86,38.38,67.01,409,71,5.76
2019-08-07,27.18,40.66,67.01,280,201,1.39
2019-08-08,43.15,55.81,71.37,467,12,38.92
2019-08-09,36.51,48.13,68.05,130,344,0.38
2019-08-12,29.88,41.29,65.35,61,417,0.15
2019-08-13,41.49,45.85,67.63,426,54,7.89
2019-08-14,21.37,31.33,61.83,5,476,0.01
2019-08-15,27.39,34.23,60.79,286,190,1.51
2019-08-16,39.83,42.74,63.9,458,21,21.81
2019-08-19,47.51,49.79,66.18,440,38,11.58
2019-08-20,41.7,45.64,64.32,81,400,0.2
2019-08-21,52.7,49.79,65.56,413,65,6.35
2019-08-22,51.45,49.59,66.8,226,250,0.9
2019-08-23,29.46,34.85,59.75,9,472,0.02
2019-08-26,40.25,40.66,62.45,423,57,7.42
2019-08-27,38.17,39.21,60.17,170,311,0.55
2019-08-28,47.3,41.91,61.41,383,95,4.03
2019-08-29,66.18,48.55,65.77,439,40,10.98
2019-08-30,71.78,50.0,66.6,296,178,1.66
2019-09-03,54.56,45.02,62.66,152,329,0.46
2019-09-04,72.41,50.0,65.56,429,47,9.13
2019-09-05,86.1,61.62,72.2,379,102,3.72
2019-09-06,86.1,63.07,71.99,287,191,1.5
2019-09-09,75.1,63.07,73.44,251,226,1.11
2019-09-10,69.71,63.07,76.56,270,207,1.3
2019-09-11,73.03,67.01,79.25,344,135,2.55
2019-09-12,75.31,70.12,79.05,288,189,1.52
2019-09-13,72.61,69.09,79.46,248,229,1.08
2019-09-16,73.65,70.33,80.91,222,254,0.87
2019-09-17,81.12,74.69,78.63,295,181,1.63
2019-09-18,78.63,75.31,78.22,235,244,0.96
2019-09-19,78.47,73.71,77.64,217,259,0.84
2019-09-20,72.67,71.43,77.23,151,325,0.46
2019-09-23,69.77,70.39,75.78,244,232,1.05
2019-09-24,53.62,64.18,73.08,128,352,0.36
2019-09-25,61.49,67.49,74.33,338,140,2.41
2019-09-26,55.9,66.46,73.71,222,257,0.86
2019-09-27,44.93,60.66,73.08,167,311,0.54
2019-09-30,52.38,65.22,74.53,331,146,2.27
2019-10-01,28.78,48.65,69.57,56,425,0.13
2019-10-02,13.04,33.95,63.77,30,449,0.07
2019-10-03,19.46,40.37,64.8,378,103,3.67
2019-10-04,36.02,52.38,68.12,433,48,9.02
2019-10-07,29.81,48.03,67.08,114,366,0.31
2019-10-08,16.77,32.09,59.21,38,441,0.09
2019-10-09,26.5,39.96,61.28,420,59,7.12
2019-10-10,32.09,47.2,64.8,363,116,3.13
2019-10-11,51.97,61.49,68.53,387,92,4.21
2019-10-14,48.86,56.52,68.32,189,288,0.66
2019-10-15,64.18,62.73,70.81,377,103,3.66
2019-10-16,60.66,61.08,70.81,211,269,0.78
2019-10-17,66.05,63.15,71.01,328,153,2.14
2019-10-18,63.77,60.04,70.6,237,239,0.99
2019-10-21,71.22,65.42,71.43,349,130,2.68
2019-10-22,64.6,61.49,72.05,221,258,0.86
2019-10-23,67.7,63.15,72.88,300,180,1.67
2019-10-24,70.81,65.01,72.88,258,219,1.18
2019-10-25,70.81,64.6,73.5,297,183,1.62
2019-10-28,69.77,63.56,73.91,292,189,1.54
2019-10-29,71.84,67.7,74.12,271,206,1.32
2019-10-30,75.36,68.32,74.12,281,199,1.41
2019-10-31,68.94,64.18,72.67,143,338,0.42
2019-11-01,75.16,68.74,75.98,347,131,2.65
2019-11-04,70.39,67.29,77.02,275,205,1.34
2019-11-05,65.63,65.63,75.78,223,256,0.87
2019-11-06,65.01,67.08,76.4,261,221,1.18
2019-11-07,65.84,64.6,76.6,263,215,1.22
2019-11-08,65.63,65.42,76.19,286,190,1.51
2019-11-11,65.63,65.63,76.4,208,270,0.77
2019-11-12,66.46,65.42,76.4,251,224,1.12
2019-11-13,67.91,66.67,76.4,269,208,1.29
2019-11-14,70.19,69.36,76.4,294,186,1.58
2019-11-15,73.08,72.46,78.47,376,105,3.58
2019-11-18,72.46,71.64,78.47,242,228,1.06
2019-11-19,72.26,71.43,79.09,278,201,1.38
2019-11-20,66.25,70.81,77.85,187,294,0.64
2019-11-21,59.63,67.49,78.67,172,309,0.56
2019-11-22,60.04,69.36,78.26,306,169,1.81
2019-11-25,73.29,71.64,79.09,370,111,3.33
2019-11-26,77.64,73.71,79.71,310,170,1.82
2019-11-27,80.95,75.57,80.95,348,131,2.66
2019-11-29,74.33,74.12,78.88,88,389,0.23
2019-12-02,55.28,68.32,75.98,80,398,0.2
2019-12-03,43.48,65.84,73.5,142,339,0.42
2019-12-04,55.49,69.15,75.36,372,109,3.41
2019-12-05,59.21,68.94,76.81,290,187,1.55
2019-12-06,67.29,73.29,78.88,381,100,3.81
2019-12-09,61.08,72.05,78.47,192,285,0.67
2019-12-10,56.73,69.36,76.81,206,274,0.75
2019-12-11,59.63,69.36,77.23,302,177,1.71
2019-12-12,66.67,74.12,79.3,350,133,2.63
2019-12-13,65.01,73.91,79.09,222,260,0.85
2019-12-16,74.12,76.4,80.95,372,105,3.54
2019-12-17,74.74,78.26,80.12,252,223,1.13
2019-12-18,69.57,77.43,80.75,232,247,0.94
2019-12-19,75.36,79.92,82.19,322,158,2.04
2019-12-20,80.33,81.78,83.44,369,112,3.29
2019-12-23,77.43,81.16,83.23,204,273,0.75
2019-12-24,80.95,80.75,83.64,247,231,1.07
2019-12-26,83.02,81.99,83.85,335,142,2.36
2019-12-27,81.57,82.4,84.06,226,245,0.92
2019-12-30,75.36,80.75,83.02,117,358,0.33
2019-12-31,81.99,80.75,83.64,358,117,3.06
2020-01-02,77.43,80.54,84.27,300,181,1.66
2020-01-03,70.39,78.67,83.44,142,340,0.42
2020-01-06,68.12,77.43,83.85,263,216,1.22
2020-01-07,59.42,73.5,82.19,189,289,0.65
2020-01-08,63.15,76.19,83.02,338,144,2.35
2020-01-09,67.7,79.09,85.51,363,116,3.13
2020-01-10,64.39,77.43,84.68,189,292,0.65
2020-01-13,71.64,80.54,86.13,381,98,3.89
2020-01-14,72.05,79.3,86.75,243,236,1.03
2020-01-15,73.08,78.88,87.37,297,182,1.63
2020-01-16,81.78,84.47,88.82,418,61,6.85
2020-01-17,80.95,85.51,89.03,302,172,1.76
2020-01-21,73.08,81.57,87.58,217,263,0.83
2020-01-22,71.43,79.71,87.58,247,231,1.07
2020-01-23,72.05,79.3,87.58,297,180,1.65
2020-01-24,59.01,71.43,84.89,93,386,0.24
2020-01-27,45.96,60.25,79.09,59,421,0.14
2020-01-28,53.83,64.39,82.4,400,76,5.26
2020-01-29,49.69,61.9,80.33,199,277,0.72
2020-01-30,52.38,63.56,80.54,285,193,1.48
2020-01-31,33.33,51.14,75.36,39,442,0.09
2020-02-03,43.06,55.07,76.4,360,120,3.0
2020-02-04,55.69,63.35,80.33,403,78,5.17
2020-02-05,68.74,72.26,84.27,369,110,3.35
2020-02-06,66.87,69.98,84.68,245,233,1.05
2020-02-07,58.8,67.29,80.54,142,340,0.42
2020-02-10,65.42,68.74,81.99,360,122,2.95
2020-02-11,69.77,72.05,83.64,350,129,2.71
2020-02-12,77.02,74.74,85.3,337,139,2.42
2020-02-13,75.36,73.5,83.85,262,219,1.2
2020-02-14,74.74,72.26,84.27,267,211,1.27
2020-02-18,68.94,68.53,82.19,183,294,0.62
2020-02-19,73.29,70.81,83.02,300,181,1.66
2020-02-20,72.26,69.77,84.27,241,235,1.03
2020-02-21,61.9,64.18,81.99,130,351,0.37
2020-02-24,27.12,44.93,72.46,15,467,0.03
2020-02-25,10.14,28.99,58.18,11,471,0.02
2020-02-26,10.14,25.67,55.07,122,360,0.34
2020-02-27,2.28,9.73,42.03,16,466,0.03
2020-02-28,1.86,5.59,31.88,116,365,0.32
2020-03-02,7.04,17.81,50.93,451,32,14.09
2020-03-03,3.93,13.25,42.65,51,430,0.12
2020-03-04,24.22,29.81,53.83,463,19,24.37
2020-03-05,12.84,21.12,44.51,27,456,0.06
2020-03-06,9.94,16.36,40.79,81,401,0.2
2020-03-09,3.52,5.8,19.05,8,473,0.02
2020-03-10,5.8,9.32,30.85,452,28,16.14
2020-03-11,2.07,3.73,15.94,11,470,0.02
2020-03-12,0.21,1.45,7.04,2,480,0.0
2020-03-13,2.48,3.93,13.87,462,20,23.1
2020-03-16,1.04,1.86,4.35,7,474,0.01
2020-03-17,5.18,4.55,11.59,386,95,4.06
2020-03-18,4.14,3.73,7.87,53,428,0.12
2020-03-19,3.09,2.68,6.19,281,202,1.39
2020-03-20,1.65,1.65,3.71,98,385,0.25
2020-03-23,1.44,1.44,3.71,111,372,0.3
2020-03-24,6.8,2.06,5.98,473,10,47.3
2020-03-25,7.22,1.44,5.36,350,133,2.63
2020-03-26,29.07,4.33,11.13,448,35,12.8
2020-03-27,17.11,2.68,7.84,73,409,0.18
2020-03-30,44.33,6.6,13.61,399,86,4.64
2020-03-31,35.05,4.95,10.93,113,367,0.31
2020-04-01,19.79,3.51,8.25,25,459,0.05
2020-04-02,37.32,6.19,9.9,339,144,2.35
2020-04-03,34.85,5.15,9.07,107,377,0.28
2020-04-06,77.11,12.78,15.05,474,10,47.4
2020-04-07,87.63,11.13,13.81,278,207,1.34
2020-04-08,97.94,19.38,19.59,462,22,21.0
2020-04-09,98.76,25.98,22.06,366,115,3.18
2020-04-13,98.35,18.76,18.14,94,388,0.24
2020-04-14,98.76,32.58,25.57,423,60,7.05
2020-04-15,92.78,25.77,21.24,39,444,0.09
2020-04-16,85.77,29.28,24.74,247,238,1.04
2020-04-17,96.29,41.86,29.48,453,30,15.1
2020-04-20,90.52,33.81,25.36,78,406,0.19
2020-04-21,68.66,22.47,19.59,26,456,0.06
2020-04-22,76.49,32.78,23.51,407,73,5.58
2020-04-23,73.2,33.61,23.71,250,234,1.07
2020-04-24,81.03,42.89,25.57,402,81,4.96
2020-04-27,92.37,55.46,27.84,427,57,7.49
2020-04-28,92.99,63.3,27.63,300,184,1.63
2020-04-29,90.72,77.73,34.43,382,100,3.82
2020-04-30,83.71,68.66,29.07,68,415,0.16
2020-05-01,62.06,56.91,23.92,27,455,0.06
2020-05-04,55.26,57.53,25.98,247,236,1.05
2020-05-05,59.79,62.47,28.87,344,138,2.49
2020-05-06,49.9,58.14,29.28,138,343,0.4
2020-05-07,60.21,68.66,30.72,378,104,3.63
2020-05-08,76.7,79.18,34.64,431,53,8.13
2020-05-11,69.28,74.23,34.23,167,318,0.53
2020-05-12,47.84,64.95,30.52,41,443,0.09
2020-05-13,33.61,56.7,29.07,53,431,0.12
2020-05-14,42.06,61.65,31.13,377,108,3.49
2020-05-15,41.65,64.12,30.72,276,204,1.35
2020-05-18,77.53,84.74,38.35,445,39,11.41
2020-05-19,65.57,79.79,34.43,112,371,0.3
2020-05-20,76.49,85.15,39.79,409,74,5.53
2020-05-21,69.69,85.15,37.11,141,341,0.41
2020-05-22,70.93,85.57,38.97,273,210,1.3
2020-05-26,84.74,92.37,42.27,382,103,3.71
2020-05-27,89.07,94.85,47.22,399,85,4.69
2020-05-28,92.78,96.91,47.22,216,268,0.81
2020-05-29,94.85,96.7,48.87,262,222,1.18
2020-06-01,94.02,97.53,49.28,329,154,2.14
2020-06-02,95.26,97.73,50.93,373,110,3.39
2020-06-03,95.05,97.73,56.29,395,87,4.54
2020-06-04,91.55,96.91,55.67,217,266,0.82
2020-06-05,92.99,97.11,65.36,437,44,9.93
2020-06-08,94.85,97.94,72.78,361,120,3.01
2020-06-09,92.99,97.11,63.3,71,414,0.17
2020-06-10,93.61,96.49,56.29,127,356,0.36
2020-06-11,34.02,81.03,41.65,2,482,0.0
2020-06-12,47.42,82.27,44.33,391,92,4.25
2020-06-15,55.26,84.74,46.39,388,95,4.08
2020-06-16,72.16,90.52,49.9,449,36,12.47
2020-06-17,58.97,88.25,48.66,161,320,0.5
2020-06-18,53.4,85.77,47.63,227,252,0.9
2020-06-19,40.41,78.97,47.01,144,336,0.43
2020-06-22,39.38,79.38,46.6,269,214,1.26
2020-06-23,38.14,78.14,47.63,241,243,0.99
2020-06-24,16.29,60.41,41.03,19,464,0.04
2020-06-25,23.92,65.77,42.89,369,112,3.29
2020-06-26,15.46,51.55,38.76,58,426,0.14
2020-06-29,19.59,64.74,42.06,426,57,7.47
2020-06-30,34.64,72.99,46.39,424,58,7.31
2020-07-01,35.46,72.37,45.98,220,264,0.83
2020-07-02,42.47,72.37,48.04,335,148,2.26
2020-07-06,58.35,76.7,49.9,388,94,4.13
2020-07-07,45.36,67.84,47.22,78,404,0.19
2020-07-08,51.75,66.39,47.01,297,184,1.61
2020-07-09,43.92,56.08,44.74,124,361,0.34
2020-07-10,54.02,67.01,46.39,364,117,3.11
2020-07-13,48.45,64.54,46.8,194,288,0.67
2020-07-14,66.8,72.58,50.72,428,55,7.78
2020-07-15,81.44,84.12,55.67,398,86,4.63
2020-07-16,79.59,80.62,55.67,222,260,0.85
2020-07-17,81.65,81.03,57.73,307,176,1.74
2020-07-20,79.59,76.49,55.88,191,292,0.65
2020-07-21,88.25,81.03,57.53,332,151,2.2
2020-07-22,89.69,82.89,61.86,360,122,2.95
2020-07-23,82.47,83.09,61.03,193,291,0.66
2020-07-24,75.05,74.02,59.18,106,374,0.28
2020-07-27,75.05,74.43,59.38,304,179,1.7
2020-07-28,67.22,69.69,58.14,154,327,0.47
2020-07-29,80.62,77.53,61.03,416,68,6.12
2020-07-30,68.04,72.99,60.0,145,337,0.43
2020-07-31,67.22,69.28,59.18,234,247,0.95
2020-08-03,69.69,69.9,59.59,283,198,1.43
2020-08-04,71.75,69.9,59.18,287,193,1.49
2020-08-05,75.26,72.99,62.06,307,175,1.75
2020-08-06,72.37,71.55,61.03,240,244,0.98
2020-08-07,76.91,76.49,64.74,336,145,2.32
2020-08-10,78.56,79.79,66.8,308,174,1.77
2020-08-11,72.58,78.35,66.6,210,272,0.77
2020-08-12,79.38,82.06,66.8,351,134,2.62
2020-08-13,77.53,79.79,66.19,187,298,0.63
2020-08-14,75.67,80.21,66.8,237,241,0.98
2020-08-17,76.49,78.97,65.57,250,233,1.07
2020-08-18,72.16,77.73,65.57,170,313,0.54
2020-08-19,65.77,75.67,64.54,157,324,0.48
2020-08-20,57.73,70.72,64.12,159,317,0.5
2020-08-21,54.02,68.66,63.09,224,258,0.87
2020-08-24,67.42,78.35,65.77,376,106,3.55
2020-08-25,65.98,76.29,65.77,236,244,0.97
2020-08-26,62.27,76.29,64.74,235,247,0.95
2020-08-27,68.45,79.59,66.39,295,186,1.59
2020-08-28,70.72,82.06,68.87,357,125,2.86
2020-08-31,62.68,77.53,67.22,145,336,0.43
2020-09-01,63.51,77.53,67.42,300,183,1.64
2020-09-02,82.27,85.36,72.16,443,40,11.08
2020-09-03,51.34,74.64,68.87,40,443,0.09
2020-09-04,45.15,71.75,68.04,173,309,0.56
2020-09-08,24.74,55.67,63.71,45,438,0.1
2020-09-09,40.21,64.54,65.57,393,88,4.47
2020-09-10,27.01,54.85,63.51,58,424,0.14
2020-09-11,33.61,54.64,64.33,302,181,1.67
2020-09-14,52.16,63.3,67.63,436,47,9.28
2020-09-15,54.02,63.92,67.63,285,197,1.45
2020-09-16,57.32,67.22,70.1,283,199,1.42
2020-09-17,51.34,61.03,68.66,160,323,0.5
2020-09-18,40.82,52.37,65.98,99,385,0.26
2020-09-21,14.43,35.46,60.41,79,405,0.2
2020-09-22,22.27,39.18,62.68,338,144,2.35
2020-09-23,8.45,27.01,58.14,26,459,0.06
2020-09-24,9.9,28.25,58.76,298,183,1.63
2020-09-25,23.09,36.91,61.24,421,59,7.14
2020-09-28,44.74,48.87,64.95,450,32,14.06
2020-09-29,40.82,43.71,63.3,142,343,0.41
2020-09-30,52.47,48.35,65.23,351,131,2.68
2020-10-01,53.91,53.7,66.67,284,197,1.44
2020-10-02,61.52,55.56,67.49,293,189,1.55
2020-10-05,78.81,65.84,72.84,436,48,9.08
2020-10-06,69.14,58.44,70.37,106,375,0.28
2020-10-07,81.69,68.31,74.9,426,58,7.34
2020-10-08,89.92,76.13,77.98,407,77,5.29
2020-10-09,90.53,77.37,77.78,291,193,1.51
2020-10-12,91.98,80.86,78.4,371,112,3.31
2020-10-13,85.6,77.16,76.13,145,339,0.43
2020-10-14,83.74,72.43,75.51,181,304,0.6
2020-10-15,84.16,72.22,76.34,301,180,1.67
2020-10-16,82.92,72.22,76.95,259,218,1.19
2020-10-19,67.08,62.96,74.07,49,432,0.11
2020-10-20,69.96,64.81,76.13,331,152,2.18
2020-10-21,61.73,62.96,74.9,160,320,0.5
2020-10-22,65.23,68.11,77.16,345,139,2.48
2020-10-23,65.23,69.14,77.78,335,144,2.33
2020-10-26,41.15,54.94,73.87,40,444,0.09
2020-10-27,28.6,46.91,68.93,127,358,0.35
2020-10-28,10.91,27.57,60.49,19,467,0.04
2020-10-29,15.64,34.16,63.37,343,141,2.43
2020-10-30,13.58,29.63,63.58,190,294,0.65
2020-11-02,31.07,44.03,69.96,416,68,6.12
2020-11-03,49.18,55.76,73.87,434,49,8.86
2020-11-04,50.41,61.11,75.31,255,229,1.11
2020-11-05,70.58,70.99,77.98,402,82,4.9
2020-11-06,66.26,69.14,76.13,235,248,0.95
2020-11-09,77.37,76.54,84.98,329,156,2.11
2020-11-10,78.4,79.22,87.65,306,176,1.74
2020-11-11,85.19,84.77,86.83,247,236,1.05
2020-11-12,80.86,80.04,84.98,65,421,0.15
2020-11-13,86.01,85.19,88.68,446,39,11.44
2020-11-16,88.48,87.24,91.36,405,79,5.13
2020-11-17,86.01,87.04,91.56,178,307,0.58
2020-11-18,80.86,83.33,89.92,104,377,0.28
2020-11-19,81.28,82.72,90.53,304,175,1.74
2020-11-20,79.22,80.25,89.51,164,320,0.51
2020-11-23,79.84,81.69,90.95,350,134,2.61
2020-11-24,83.74,82.1,92.39,385,99,3.89
2020-11-25,81.28,81.48,92.18,158,326,0.48
2020-11-27,81.69,81.89,93.0,242,241,1.0
2020-11-30,77.37,83.95,91.77,147,336,0.44
2020-12-01,79.42,84.57,93.21,369,112,3.29
2020-12-02,73.66,83.13,93.21,253,230,1.1
2020-12-03,71.6,81.07,92.8,278,202,1.38
2020-12-04,76.34,82.3,93.0,398,85,4.68
2020-12-07,71.4,81.89,93.21,171,312,0.55
2020-12-08,73.46,81.28,92.8,287,195,1.47
2020-12-09,69.2,78.85,91.99,203,280,0.72
2020-12-10,60.25,75.61,90.98,192,291,0.66
2020-12-11,54.92,75.41,91.19,200,283,0.71
2020-12-14,45.9,74.39,90.78,149,337,0.44
2020-12-15,65.16,80.53,92.42,431,55,7.84
2020-12-16,61.48,80.12,92.01,213,274,0.78
2020-12-17,68.44,84.22,92.42,362,121,2.99
2020-12-18,62.91,82.17,91.8,212,275,0.77
2020-12-21,54.1,79.3,90.37,132,354,0.37
2020-12-22,49.18,79.1,89.96,185,299,0.62
2020-12-23,54.71,78.07,90.16,283,202,1.4
2020-12-24,59.22,81.56,90.98,317,166,1.91
2020-12-28,61.27,80.94,90.57,277,208,1.33
2020-12-29,51.84,80.33,90.37,118,366,0.32
2020-12-30,60.86,81.97,90.78,348,135,2.58
2020-12-31,71.93,85.04,92.21,395,90,4.39
2021-01-04,43.85,73.36,90.78,72,415,0.17
2021-01-05,54.92,76.43,90.78,355,132,2.69
2021-01-06,72.34,81.97,92.01,377,109,3.46
2021-01-07,74.39,82.99,90.78,344,142,2.42
2021-01-08,76.84,83.61,91.39,261,223,1.17
2021-01-11,70.9,79.71,90.78,213,272,0.78
2021-01-12,69.47,77.05,90.57,300,182,1.65
2021-01-13,70.08,78.69,90.37,201,283,0.71
2021-01-14,66.8,75.0,89.96,253,233,1.09
2021-01-15,64.75,73.16,90.57,183,304,0.6
2021-01-19,65.78,72.75,91.19,298,188,1.59
2021-01-20,75.41,79.3,91.8,326,160,2.04
2021-01-21,67.62,76.23,91.19,156,329,0.47
2021-01-22,59.63,71.93,90.37,178,307,0.58
2021-01-25,59.02,71.31,91.39,234,251,0.93
2021-01-26,49.18,67.42,90.78,166,320,0.52
2021-01-27,27.25,45.08,87.7,67,419,0.16
2021-01-28,33.81,55.94,88.11,356,128,2.78
2021-01-29,20.49,41.8,86.07,58,428,0.14
2021-02-01,30.94,52.46,88.11,390,97,4.02
2021-02-02,43.03,60.04,89.55,395,91,4.34
2021-02-03,43.44,60.86,88.73,236,249,0.95
2021-02-04,60.86,68.85,89.96,385,102,3.77
2021-02-05,65.98,71.93,90.16,308,179,1.72
2021-02-08,75.41,73.16,90.57,356,129,2.76
2021-02-09,72.95,73.36,90.57,242,242,1.0
2021-02-10,75.87,74.44,89.78,281,204,1.38
2021-02-11,74.03,72.19,88.55,239,248,0.96
2021-02-12,74.44,72.6,88.14,305,176,1.73
2021-02-16,70.35,71.37,87.73,216,267,0.81
2021-02-17,68.3,69.33,89.57,229,259,0.88
2021-02-18,68.92,69.73,89.16,191,296,0.65
2021-02-19,67.69,67.48,87.93,279,206,1.35
2021-02-22,61.35,64.01,85.89,225,259,0.87
2021-02-23,59.3,64.83,86.09,251,234,1.07
2021-02-24,65.03,67.48,85.89,371,117,3.17
2021-02-25,52.76,59.3,82.62,44,441,0.1
2021-02-26,46.01,53.99,79.35,170,316,0.54
2021-03-01,60.33,64.62,83.44,451,36,12.53
2021-03-02,56.24,61.76,82.41,182,303,0.6
2021-03-03,49.28,55.83,80.57,185,300,0.62
2021-03-04,38.24,47.44,77.1,102,386,0.26
2021-03-05,57.06,60.94,81.39,437,49,8.92
2021-03-08,60.74,62.78,79.55,318,171,1.86
2021-03-09,64.21,65.64,83.23,268,220,1.22
2021-03-10,69.73,69.94,83.64,364,123,2.96
2021-03-11,75.46,71.57,84.46,307,180,1.71
2021-03-12,78.12,72.8,85.48,334,154,2.17
2021-03-15,84.46,78.53,87.32,368,118,3.12
2021-03-16,80.57,79.14,87.53,153,330,0.46
2021-03-17,82.82,77.91,87.12,292,193,1.51
2021-03-18,67.89,72.39,85.69,161,327,0.49
2021-03-19,66.26,72.19,85.89,227,259,0.88
2021-03-22,67.28,75.26,87.53,285,200,1.42
2021-03-23,51.53,69.73,87.73,129,358,0.36
2021-03-24,50.51,69.33,87.12,254,231,1.1
2021-03-25,61.96,74.23,87.93,385,102,3.77
2021-03-26,78.94,81.19,91.62,433,54,8.02
2021-03-29,69.94,79.96,92.23,195,293,0.67
2021-03-30,74.03,78.32,90.39,243,245,0.99
2021-03-31,71.78,80.98,91.82,217,271,0.8
2021-04-01,80.98,86.09,92.64,382,103,3.71
2021-04-05,85.07,88.14,93.66,395,92,4.29
2021-04-06,85.07,88.55,93.66,268,218,1.23
2021-04-07,81.8,87.53,93.25,184,304,0.61
2021-04-08,80.78,88.96,93.25,261,227,1.15
2021-04-09,84.05,88.96,93.46,350,136,2.57
2021-04-12,85.48,89.98,93.46,297,190,1.56
2021-04-13,82.0,89.98,93.66,239,248,0.96
2021-04-14,86.94,91.43,93.47,246,240,1.02
2021-04-15,88.19,92.26,94.3,388,98,3.96
2021-04-16,90.02,91.45,94.5,345,145,2.38
2021-04-19,84.73,88.8,93.89,157,329,0.48
2021-04-20,71.28,80.24,94.3,175,311,0.56
2021-04-21,82.08,86.76,95.32,392,97,4.04
2021-04-22,70.47,83.71,95.32,142,347,0.41
2021-04-23,78.41,87.98,95.11,395,94,4.2
2021-04-26,80.24,89.41,94.3,251,236,1.06
2021-04-27,76.78,89.21,93.89,269,219,1.23
2021-04-28,73.12,88.8,93.28,219,271,0.81
2021-04-29,76.37,87.78,94.09,374,114,3.28
2021-04-30,64.77,83.5,93.08,130,360,0.36
2021-05-03,71.28,84.32,93.28,318,169,1.88
2021-05-04,62.93,78.21,92.46,222,269,0.83
2021-05-05,61.1,77.8,91.65,253,238,1.06
2021-05-06,64.77,78.0,91.24,354,134,2.64
2021-05-07,71.69,82.69,91.45,388,97,4.0
2021-05-10,66.6,76.58,90.63,206,281,0.73
2021-05-11,57.03,74.34,90.22,95,395,0.24
2021-05-12,34.22,63.14,86.56,34,457,0.07
2021-05-13,49.08,68.84,87.98,429,60,7.15
2021-05-14,58.86,75.15,90.02,425,65,6.54
2021-05-17,54.79,72.91,88.59,178,310,0.57
2021-05-18,47.45,66.4,87.78,114,376,0.3
2021-05-19,38.29,63.14,88.59,147,342,0.43
2021-05-20,49.69,68.64,90.43,361,130,2.78
2021-05-21,51.73,67.21,89.61,271,216,1.25
2021-05-24,64.56,71.69,90.43,372,117,3.18
2021-05-25,53.77,71.69,90.22,174,315,0.55
2021-05-26,58.66,73.52,89.82,320,168,1.9
2021-05-27,64.56,74.95,90.02,313,177,1.77
2021-05-28,66.6,76.99,90.84,287,200,1.44
2021-06-01,65.99,71.89,89.41,265,225,1.18
2021-06-02,65.38,71.69,89.82,254,234,1.09
2021-06-03,61.91,69.45,88.8,234,252,0.93
2021-06-04,67.21,72.51,90.63,348,142,2.45
2021-06-07,62.12,69.25,89.61,172,314,0.55
2021-06-08,63.95,67.62,89.82,274,214,1.28
2021-06-09,59.06,64.97,89.82,167,320,0.52
2021-06-10,61.1,66.6,91.65,291,199,1.46
2021-06-11,64.36,67.62,92.67,347,141,2.46
2021-06-14,58.25,65.17,92.87,197,292,0.67
2021-06-15,59.47,65.78,91.85,259,228,1.14
2021-06-16,46.84,58.45,90.02,108,382,0.28
2021-06-17,41.14,48.88,90.22,193,295,0.65
2021-06-18,24.85,36.46,88.59,53,436,0.12
2021-06-21,40.94,50.51,89.82,461,30,15.37
2021-06-22,40.53,49.49,89.82,256,231,1.11
2021-06-23,37.88,47.66,88.8,201,286,0.7
2021-06-24,44.81,51.32,90.02,364,124,2.94
2021-06-25,53.97,57.84,92.26,383,108,3.55
2021-06-28,47.86,52.75,92.46,210,281,0.75
2021-06-29,47.66,50.51,91.04,226,262,0.86
2021-06-30,49.08,50.92,91.04,270,217,1.24
2021-07-01,60.08,58.45,91.04,386,103,3.75
2021-07-02,61.3,58.45,91.65,305,182,1.68
2021-07-06,51.12,51.12,91.45,160,330,0.48
2021-07-07,59.06,54.38,91.65,335,155,2.16
2021-07-08,47.66,47.66,91.24,63,424,0.15
2021-07-09,66.6,59.47,91.85,451,39,11.56
2021-07-12,70.67,60.08,91.65,287,200,1.44
2021-07-13,59.47,52.55,89.61,71,418,0.17
2021-07-14,59.06,53.16,89.61,231,256,0.9
2021-07-15,57.23,54.58,90.02,237,253,0.94
2021-07-16,49.49,51.12,87.78,166,324,0.51
2021-07-19,30.75,39.51,81.87,66,424,0.16
2021-07-20,48.27,51.12,86.56,442,46,9.61
2021-07-21,58.25,54.79,88.19,363,128,2.84
2021-07-22,50.71,50.51,86.97,201,288,0.7
2021-07-23,63.54,58.04,87.58,401,89,4.51
2021-07-26,66.19,57.84,88.59,261,228,1.14
2021-07-27,62.12,58.04,89.21,243,247,0.98
2021-07-28,62.32,57.64,88.8,230,259,0.89
2021-07-29,70.93,61.79,88.62,373,113,3.3
2021-07-30,64.84,59.35,87.8,204,287,0.71
2021-08-02,60.98,58.74,87.2,212,278,0.76
2021-08-03,69.11,63.01,87.8,372,119,3.13
2021-08-04,56.91,56.5,84.35,130,360,0.36
2021-08-05,68.09,58.94,84.55,345,144,2.4
2021-08-06,71.54,65.24,84.96,302,189,1.6
2021-08-09,66.06,63.62,84.55,181,304,0.6
2021-08-10,68.09,64.63,85.16,295,194,1.52
2021-08-11,72.36,68.7,86.18,361,127,2.84
2021-08-12,71.34,70.73,85.57,241,248,0.97
2021-08-13,71.95,71.14,85.16,276,215,1.28
2021-08-16,71.54,71.14,84.55,270,218,1.24
2021-08-17,60.77,65.24,82.72,145,347,0.42
2021-08-18,47.97,58.13,80.69,64,427,0.15
2021-08-19,43.9,57.72,77.64,225,265,0.85
2021-08-20,52.44,62.2,78.46,408,82,4.98
2021-08-23,59.15,66.26,81.71,336,152,2.21
2021-08-24,64.43,69.11,82.93,299,191,1.57
2021-08-25,67.28,72.15,84.35,354,134,2.64
2021-08-26,57.93,67.28,81.5,110,380,0.29
2021-08-27,71.14,73.37,83.94,425,64,6.64
2021-08-30,69.51,72.15,82.72,263,226,1.16
2021-08-31,70.53,72.36,82.93,252,239,1.05
2021-09-01,67.07,70.73,82.32,248,242,1.02
2021-09-02,75.0,72.56,83.33,373,117,3.19
2021-09-03,67.48,69.92,82.11,166,321,0.52
2021-09-07,51.02,62.8,80.49,89,400,0.22
2021-09-08,51.42,61.79,78.86,249,241,1.03
2021-09-09,47.56,58.74,77.24,179,309,0.58
2021-09-10,37.8,52.24,75.41,128,361,0.35
2021-09-13,41.46,57.93,78.25,286,204,1.4
2021-09-14,33.74,49.19,75.81,135,354,0.38
2021-09-15,44.51,57.11,77.03,383,107,3.58
2021-09-16,41.87,54.67,75.81,194,297,0.65
2021-09-17,29.07,46.54,74.59,104,387,0.27
2021-09-20,14.43,33.94,69.51,54,437,0.12
2021-09-21,14.84,33.13,68.09,185,303,0.61
2021-09-22,26.02,40.85,72.15,408,82,4.98
2021-09-23,42.68,52.03,76.42,413,79,5.23
2021-09-24,41.46,50.41,76.42,252,239,1.05
2021-09-27,40.04,48.78,76.22,239,253,0.94
2021-09-28,28.05,31.91,71.54,47,442,0.11
2021-09-29,31.1,33.33,72.15,284,205,1.39
2021-09-30,20.53,24.39,65.85,58,429,0.14
2021-10-01,30.89,32.93,69.92,381,107,3.56
2021-10-04,29.47,28.66,69.51,145,345,0.42
2021-10-05,34.96,33.74,69.31,365,125,2.92
2021-10-06,41.06,35.77,71.34,288,199,1.45
2021-10-07,53.86,43.09,73.37,385,107,3.6
2021-10-08,49.19,42.28,70.53,182,305,0.6
2021-10-11,44.72,39.63,68.29,132,357,0.37
2021-10-12,44.51,39.43,67.48,242,244,0.99
2021-10-13,48.58,40.65,69.11,295,192,1.54
2021-10-14,71.54,52.85,75.81,466,25,18.64
2021-10-15,75.0,56.3,76.63,318,171,1.86
2021-10-18,73.58,55.69,73.98,241,249,0.97
2021-10-19,80.08,59.96,77.24,364,125,2.91
2021-10-20,84.76,65.45,78.46,381,110,3.46
2021-10-21,84.96,64.63,78.46,283,207,1.37
2021-10-22,84.96,67.07,78.86,321,167,1.92
2021-10-25,83.54,67.68,77.85,274,217,1.26
2021-10-26,83.33,67.07,77.85,230,256,0.9
2021-10-27,68.09,58.54,74.59,85,406,0.21
2021-10-28,74.19,67.07,76.83,400,88,4.55
2021-10-29,69.31,64.02,75.0,220,269,0.82
2021-11-01,74.39,68.7,77.85,318,173,1.84
2021-11-02,72.36,71.34,76.63,281,206,1.36
2021-11-03,75.61,73.17,79.27,330,160,2.06
2021-11-04,69.72,71.54,77.24,219,272,0.81
2021-11-05,74.8,76.02,79.47,316,174,1.82
2021-11-08,74.59,76.83,79.07,265,223,1.19
2021-11-09,70.73,75.41,79.27,248,238,1.04
2021-11-10,68.29,77.03,79.07,186,305,0.61
2021-11-11,66.26,75.81,78.25,279,212,1.32
2021-11-12,67.48,77.03,78.46,326,164,1.99
2021-11-15,68.7,79.07,79.27,269,222,1.21
2021-11-16,67.07,78.25,78.25,260,229,1.14
2021-11-17,60.98,73.98,76.83,172,317,0.54
2021-11-18,55.89,70.33,75.81,172,319,0.54
2021-11-19,48.37,66.87,75.0,174,316,0.55
2021-11-22,50.2,67.28,75.81,258,234,1.1
2021-11-23,56.71,70.93,76.22,302,189,1.6
2021-11-24,54.67,71.34,75.41,252,235,1.07
2021-11-26,23.37,55.89,69.11,32,460,0.07
2021-11-29,36.38,59.55,69.92,339,150,2.26
2021-11-30,12.4,40.04,61.38,9,482,0.02
2021-12-01,10.16,31.1,57.11,102,388,0.26
2021-12-02,24.19,46.34,64.84,444,47,9.45
2021-12-03,26.22,43.9,63.62,185,305,0.61
2021-12-06,38.21,53.46,69.51,406,85,4.78
2021-12-07,58.94,65.24,72.56,429,61,7.03
2021-12-08,65.45,66.26,73.58,301,189,1.59
2021-12-09,55.49,60.57,72.36,114,375,0.3
2021-12-10,63.21,63.41,73.37,346,145,2.39
2021-12-13,53.46,58.13,71.75,177,314,0.56
2021-12-14,46.34,51.83,70.73,148,341,0.43
2021-12-15,59.96,56.91,72.15,397,92,4.32
2021-12-16,58.94,56.91,71.75,251,239,1.05
2021-12-17,45.12,51.22,67.89,139,351,0.4
2021-12-20,33.13,40.65,62.8,80,409,0.2
2021-12-21,56.71,54.67,69.31,416,76,5.47
2021-12-22,67.07,58.94,69.31,391,99,3.95
2021-12-23,76.42,64.02,72.36,389,103,3.78
2021-12-27,89.63,71.54,75.81,441,49,9.0
2021-12-28,90.45,72.36,76.02,291,196,1.48
2021-12-29,88.62,72.76,76.83,335,152,2.2
2021-12-30,87.8,70.53,76.63,181,309,0.59
2021-12-31,86.59,71.14,76.83,277,213,1.3
2022-01-03,79.27,72.15,77.44,239,253,0.94
2022-01-04,78.46,76.83,78.25,313,176,1.78
2022-01-05,61.38,66.26,74.39,88,401,0.22
2022-01-06,62.6,67.68,72.97,278,212,1.31
2022-01-07,55.49,62.2,73.78,217,273,0.79
2022-01-10,50.61,59.96,72.15,192,297,0.65
2022-01-11,55.08,64.23,73.98,375,117,3.21
2022-01-12,55.28,65.04,74.8,284,205,1.39
2022-01-13,51.42,60.57,73.17,205,286,0.72
2022-01-14,46.95,56.5,69.92,206,282,0.73
2022-01-18,33.74,48.37,63.41,55,435,0.13
2022-01-19,28.4,41.38,60.45,111,379,0.29
2022-01-20,21.1,36.51,56.39,91,398,0.23
2022-01-21,13.39,30.63,53.96,85,403,0.21
2022-01-24,12.58,31.03,55.98,308,184,1.67
2022-01-25,11.16,29.82,49.7,111,381,0.29
2022-01-26,9.33,28.4,45.64,152,340,0.45
2022-01-27,10.75,25.96,42.19,180,311,0.58
2022-01-28,20.49,33.87,49.49,437,55,7.95
2022-01-31,29.01,38.54,55.38,422,69,6.12
2022-02-01,36.92,41.78,57.2,336,156,2.15
2022-02-02,52.33,46.45,60.45,367,125,2.94
2022-02-03,40.57,40.97,53.96,79,412,0.19
2022-02-04,44.22,39.96,52.54,214,277,0.77
2022-02-07,46.86,39.96,52.94,248,242,1.02
2022-02-08,54.16,42.19,56.59,370,121,3.06
2022-02-09,71.4,51.32,61.66,416,74,5.62
2022-02-10,53.14,42.19,55.58,65,428,0.15
2022-02-11,42.19,37.93,49.29,92,400,0.23
2022-02-14,39.35,33.47,46.65,113,376,0.3
2022-02-15,52.54,39.15,52.74,393,99,3.97
2022-02-16,54.16,40.57,54.36,294,197,1.49
2022-02-17,37.53,33.67,47.87,70,420,0.17
2022-02-18,34.08,31.85,47.26,168,323,0.52
2022-02-22,24.75,28.6,44.22,107,384,0.28
2022-02-23,15.62,22.92,38.54,60,431,0.14
2022-02-24,19.47,23.12,39.55,321,170,1.89
2022-02-25,43.41,38.34,49.7,469,24,19.54
2022-02-28,36.31,33.06,48.07,153,340,0.45
2022-03-01,28.8,25.56,40.57,99,393,0.25
2022-03-02,45.64,37.93,48.28,457,35,13.06
2022-03-03,49.49,35.29,47.67,234,257,0.91
2022-03-04,45.03,34.48,45.23,195,297,0.66
2022-03-07,33.06,28.8,36.51,69,424,0.16
2022-03-08,24.54,24.34,35.9,196,294,0.67
2022-03-09,39.35,29.41,40.57,418,75,5.57
2022-03-10,36.71,29.61,39.76,192,299,0.64
2022-03-11,33.06,26.37,37.73,98,390,0.25
2022-03-14,32.25,25.96,38.34,204,287,0.71
2022-03-15,44.42,32.86,41.58,437,54,8.09
2022-03-16,68.56,43.81,45.64,412,81,5.09
2022-03-17,80.93,51.93,49.29,418,73,5.73
2022-03-18,85.19,59.03,52.74,352,140,2.51
2022-03-21,84.79,56.8,51.32,182,306,0.59
2022-03-22,90.87,60.24,53.55,343,148,2.32
2022-03-23,74.24,51.52,49.09,88,402,0.22
2022-03-24,82.96,60.04,53.35,434,59,7.36
2022-03-25,86.41,63.89,54.16,362,130,2.78
2022-03-28,88.64,67.34,55.98,308,181,1.7
2022-03-29,94.12,79.11,62.27,426,66,6.45
2022-03-30,90.47,72.41,59.23,178,313,0.57
2022-03-31,79.31,65.52,54.36,70,422,0.17
2022-04-01,78.09,66.53,53.96,336,156,2.15
2022-04-04,78.3,68.36,54.16,250,241,1.04
2022-04-05,64.91,63.29,50.51,144,347,0.41
2022-04-06,55.78,56.8,49.9,212,280,0.76
2022-04-07,55.38,58.01,49.29,268,223,1.2
2022-04-08,54.77,56.19,48.68,247,242,1.02
2022-04-11,47.46,51.72,47.06,100,390,0.26
2022-04-12,42.39,51.12,46.45,201,292,0.69
2022-04-13,49.29,55.98,48.48,400,92,4.35
2022-04-14,44.42,53.75,47.87,164,327,0.5
2022-04-18,40.16,51.32,47.26,185,305,0.61
2022-04-19,52.74,60.85,49.7,438,54,8.11
2022-04-20,62.88,64.91,52.33,366,123,2.98
2022-04-21,51.12,58.01,49.49,82,408,0.2
2022-04-22,23.73,43.41,43.81,12,481,0.02
2022-04-25,23.12,43.2,45.03,294,198,1.48
2022-04-26,13.39,34.28,41.58,29,463,0.06
2022-04-27,16.23,35.29,42.6,257,231,1.11
2022-04-28,28.8,42.8,45.84,429,62,6.92
2022-04-29,10.75,27.18,37.12,12,481,0.02
2022-05-02,12.98,24.54,36.51,270,221,1.22
2022-05-03,19.27,28.6,38.34,347,146,2.38
2022-05-04,43.2,48.68,42.39,471,21,22.43
2022-05-05,21.91,28.4,36.71,13,479,0.03
2022-05-06,18.66,26.57,35.09,140,350,0.4
2022-05-09,8.92,18.86,31.24,69,424,0.16
2022-05-10,8.72,16.23,30.22,223,270,0.83
2022-05-11,7.3,13.79,29.41,125,364,0.34
2022-05-12,10.95,14.6,29.01,290,202,1.44
2022-05-13,19.27,19.27,32.86,457,36,12.69
2022-05-16,20.89,20.28,33.06,181,311,0.58
2022-05-17,40.37,30.22,35.29,444,48,9.25
2022-05-18,17.04,15.01,28.19,7,486,0.01
2022-05-19,16.43,12.58,27.59,227,266,0.85
2022-05-20,21.5,12.37,26.37,287,201,1.43
2022-05-23,34.08,17.44,29.01,411,80,5.14
2022-05-24,32.86,20.28,30.43,204,288,0.71
2022-05-25,43.0,22.92,30.63,375,116,3.23
2022-05-26,67.75,31.03,33.67,441,52,8.48
2022-05-27,86.61,46.25,37.93,473,19,24.89
2022-05-31,82.56,40.16,36.71,97,392,0.25
2022-06-01,72.41,32.86,33.87,102,388,0.26
2022-06-02,88.84,45.44,36.31,433,58,7.47
2022-06-03,78.9,38.13,34.08,66,425,0.16
2022-06-06,80.12,41.99,34.48,310,181,1.71
2022-06-07,87.02,50.1,38.13,412,79,5.22
2022-06-08,70.18,37.73,34.08,53,438,0.12
2022-06-09,38.13,23.73,28.6,22,470,0.05
2022-06-10,12.98,12.17,25.56,33,458,0.07
2022-06-13,3.25,4.46,19.07,5,487,0.01
2022-06-14,3.85,4.67,17.04,175,313,0.56
2022-06-15,5.07,6.29,18.05,393,98,4.01
2022-06-16,2.03,2.03,13.18,14,478,0.03
2022-06-17,2.64,2.23,12.17,288,202,1.43
2022-06-21,6.29,5.07,17.04,432,60,7.2
2022-06-22,8.11,5.68,16.43,245,244,1.0
2022-06-23,18.86,10.55,18.46,331,159,2.08
2022-06-24,37.32,21.91,23.12,479,14,34.21
2022-06-27,37.12,21.91,23.94,233,256,0.91
2022-06-28,23.33,15.21,22.11,64,428,0.15
2022-06-29,26.37,15.42,22.11,201,290,0.69
2022-06-30,27.99,15.21,21.7,165,327,0.5
2022-07-01,43.81,25.76,24.54,414,78,5.31
2022-07-05,44.02,23.53,20.89,216,276,0.78
2022-07-06,50.3,26.98,20.49,270,219,1.23
2022-07-07,68.76,30.63,22.31,391,101,3.87
2022-07-08,66.73,29.82,22.11,162,329,0.49
2022-07-11,59.63,27.59,21.3,132,358,0.37
2022-07-12,55.17,22.92,20.49,163,326,0.5
2022-07-13,47.67,20.08,19.27,165,326,0.51
2022-07-14,39.35,20.28,18.46,150,340,0.44
2022-07-15,66.13,29.41,19.47,461,30,15.37
2022-07-18,51.52,23.73,17.44,155,337,0.46
2022-07-19,80.53,48.07,21.3,483,9,53.67
2022-07-20,78.3,53.96,20.89,338,152,2.22
2022-07-21,79.72,61.66,22.72,367,121,3.03
2022-07-22,77.89,58.82,22.31,176,313,0.56
2022-07-25,84.38,62.47,25.56,283,206,1.37
2022-07-26,78.7,56.39,23.94,179,311,0.58
2022-07-27,86.61,70.18,27.99,425,67,6.34
2022-07-28,86.21,78.09,34.69,408,82,4.98
2022-07-29,88.44,80.53,37.32,390,100,3.9
2022-08-01,87.42,80.32,36.71,222,268,0.83
2022-08-02,83.37,76.88,34.08,126,365,0.35
2022-08-03,85.19,79.11,38.34,392,100,3.92
2022-08-04,81.34,76.67,38.13,244,245,1.0
2022-08-05,82.76,76.47,38.13,271,219,1.24
2022-08-08,83.57,78.7,39.35,308,180,1.71
2022-08-09,80.73,78.3,36.51,218,273,0.8
2022-08-10,88.24,87.42,44.02,453,37,12.24
2022-08-11,88.84,89.05,44.83,285,207,1.38
2022-08-12,93.31,93.51,51.12,469,22,21.32
2022-08-15,92.09,92.7,51.52,295,194,1.52
2022-08-16,91.89,93.91,53.96,307,184,1.67
2022-08-17,86.61,92.9,50.91,108,384,0.28
2022-08-18,89.05,93.31,52.74,313,172,1.82
2022-08-19,77.48,90.87,47.46,75,417,0.18
2022-08-22,45.03,83.77,39.96,22,470,0.05
2022-08-23,39.15,82.15,40.37,182,305,0.6
2022-08-24,40.57,83.57,41.18,352,138,2.55
2022-08-25,57.61,86.82,45.84,457,36,12.69
2022-08-26,20.69,68.97,37.32,8,484,0.02
2022-08-29,18.26,62.88,35.9,133,358,0.37
2022-08-30,9.33,54.16,32.45,60,433,0.14
2022-08-31,6.09,46.86,31.03,91,399,0.23
2022-09-01,7.3,47.46,32.05,283,207,1.37
2022-09-02,5.88,38.95,29.41,82,408,0.2
2022-09-06,5.27,37.93,29.61,193,298,0.65
2022-09-07,18.05,52.33,36.11,467,25,18.68
2022-09-08,31.44,59.03,38.13,378,112,3.38
2022-09-09,48.07,68.56,42.6,444,47,9.45
2022-09-12,68.56,74.85,44.22,416,76,5.47
2022-09-13,18.86,42.39,34.48,5,487,0.01
2022-09-14,24.14,41.58,34.08,236,254,0.93
2022-09-15,22.92,35.9,31.85,134,354,0.38
2022-09-16,16.02,28.6,29.82,137,355,0.39
2022-09-19,24.75,33.87,31.24,376,115,3.27
2022-09-20,14.2,25.96,28.6,36,455,0.08
2022-09-21,7.3,17.65,25.56,30,460,0.07
2022-09-22,5.27,11.97,21.5,86,407,0.21
2022-09-23,2.64,4.67,16.63,63,430,0.15
2022-09-26,1.62,3.45,13.59,46,445,0.1
2022-09-27,2.43,3.45,12.58,199,290,0.69
2022-09-28,8.32,8.52,17.04,478,13,36.77
2022-09-29,4.87,6.49,14.4,42,451,0.09
2022-09-30,2.84,4.46,13.18,90,403,0.22
2022-10-03,15.01,9.33,17.44,479,12,39.92
2022-10-04,50.1,22.52,24.54,486,7,69.43
2022-10-05,48.88,23.53,24.75,177,314,0.56
2022-10-06,42.19,19.27,22.31,94,397,0.24
2022-10-07,20.08,11.56,18.46,23,470,0.05
2022-10-10,23.33,12.98,17.85,186,304,0.61
2022-10-11,24.14,12.78,18.05,195,297,0.66
2022-10-12,20.69,10.95,17.65,151,340,0.44
2022-10-13,44.02,18.46,20.08,446,46,9.7
2022-10-14,25.56,10.55,16.63,27,466,0.06
2022-10-17,53.55,18.66,20.49,473,20,23.65
2022-10-18,72.21,25.35,23.12,440,50,8.8
2022-10-19,58.22,20.89,21.5,113,378,0.3
2022-10-20,42.8,17.85,19.68,117,374,0.31
2022-10-21,66.73,30.02,24.34,467,25,18.68
2022-10-24,72.01,36.31,26.57,398,90,4.42
2022-10-25,88.84,48.68,31.44,440,51,8.63
2022-10-26,85.8,52.13,33.47,273,215,1.27
2022-10-27,83.57,53.96,34.48,280,212,1.32
2022-10-28,89.25,66.73,40.77,444,49,9.06
2022-10-31,87.63,64.5,39.96,149,342,0.44
2022-11-01,88.64,65.52,40.16,286,204,1.4
2022-11-02,74.24,52.74,36.31,33,458,0.07
2022-11-03,68.76,52.33,35.5,204,287,0.71
2022-11-04,77.48,60.85,38.74,388,105,3.7
2022-11-07,78.9,65.31,42.6,359,134,2.68
2022-11-08,79.11,68.56,43.61,346,145,2.39
2022-11-09,68.56,61.87,40.16,40,453,0.09
2022-11-10,89.25,83.16,55.78,478,15,31.87
2022-11-11,86.82,82.56,57.4,301,191,1.58
2022-11-14,83.37,80.32,54.16,110,380,0.29
2022-11-15,85.19,83.37,57.0,387,105,3.69
2022-11-16,81.14,82.35,55.17,152,340,0.45
2022-11-17,79.51,80.12,53.35,172,321,0.54
2022-11-18,82.76,83.98,57.81,378,114,3.32
2022-11-21,82.35,84.58,58.22,261,232,1.12
2022-11-22,86.61,87.63,60.65,431,58,7.43
2022-11-23,88.44,90.26,63.69,357,134,2.66
2022-11-25,88.44,90.26,65.11,334,154,2.17
2022-11-28,76.27,86.21,59.84,40,453,0.09
2022-11-29,77.69,86.21,59.63,266,222,1.2
2022-11-30,90.67,91.89,66.53,473,18,26.28
2022-12-01,87.63,90.67,66.94,250,238,1.05
2022-12-02,84.99,90.67,65.31,236,253,0.93
2022-12-05,64.5,83.98,60.45,22,471,0.05
2022-12-06,47.06,79.11,58.82,105,388,0.27
2022-12-07,42.8,79.31,58.22,222,269,0.83
2022-12-08,47.26,81.14,59.63,356,135,2.64
2022-12-09,38.74,77.89,58.42,112,380,0.29
2022-12-12,57.0,79.92,62.88,451,40,11.28
2022-12-13,64.5,81.95,66.13,341,147,2.32
2022-12-14,56.8,79.31,63.49,142,350,0.41
2022-12-15,25.91,66.6,54.66,33,459,0.07
2022-12-16,13.77,58.3,51.62,82,411,0.2
2022-12-19,10.12,50.61,49.39,104,387,0.27
2022-12-20,11.54,51.01,49.8,267,225,1.19
2022-12-21,25.51,60.53,53.64,456,37,12.32
2022-12-22,16.8,50.81,52.02,83,407,0.2
2022-12-23,26.32,55.26,53.64,398,93,4.28
2022-12-27,30.57,54.45,54.45,288,204,1.41
2022-12-28,15.18,42.51,51.01,25,465,0.05
2022-12-29,36.84,54.66,54.86,469,24,19.54
2022-12-30,29.96,46.76,52.23,128,361,0.35
2023-01-03,35.83,45.95,52.43,252,239,1.05
2023-01-04,54.66,53.85,55.47,409,83,4.93
2023-01-05,40.89,42.91,52.02,109,384,0.28
2023-01-06,69.43,63.97,58.5,469,25,18.76
2023-01-09,68.83,61.54,58.91,267,225,1.19
2023-01-10,73.68,64.78,61.74,355,136,2.61
2023-01-11,83.0,74.29,65.38,397,96,4.14
2023-01-12,82.59,74.7,67.81,288,204,1.41
2023-01-13,84.41,75.91,67.0,311,180,1.73
2023-01-17,81.98,74.49,66.6,191,297,0.64
2023-01-18,67.41,58.91,60.32,50,443,0.11
2023-01-19,53.85,48.18,58.91,112,378,0.3
2023-01-20,67.81,61.54,63.56,454,40,11.35
2023-01-23,72.67,67.21,67.0,391,102,3.83
2023-01-24,72.87,68.22,66.19,232,257,0.9
2023-01-25,71.26,68.22,66.4,274,217,1.26
2023-01-26,76.11,71.86,67.61,359,131,2.74
2023-01-27,72.87,70.65,69.03,255,236,1.08
2023-01-30,64.57,66.8,67.21,95,396,0.24
2023-01-31,77.53,74.09,73.28,463,30,15.43
2023-02-01,78.95,76.32,74.9,369,122,3.02
2023-02-02,75.1,74.7,80.16,325,166,1.96
2023-02-03,67.61,71.05,74.49,113,379,0.3
2023-02-06,62.96,68.83,72.27,154,338,0.46
2023-02-07,68.22,73.28,74.7,346,146,2.37
2023-02-08,59.31,69.43,72.06,106,386,0.27
2023-02-09,51.01,63.97,69.64,116,375,0.31
2023-02-10,54.05,66.6,71.86,311,181,1.72
2023-02-13,70.04,73.68,73.28,439,55,7.98
2023-02-14,63.56,69.84,73.48,176,312,0.56
2023-02-15,67.0,71.05,74.9,342,149,2.3
2023-02-16,51.01,67.81,72.27,78,414,0.19
2023-02-17,49.8,68.02,71.86,245,247,0.99
2023-02-21,24.49,53.24,66.19,34,459,0.07
2023-02-22,23.48,52.63,65.38,201,290,0.69
2023-02-23,24.9,55.67,66.19,307,183,1.68
2023-02-24,20.04,48.79,61.54,107,385,0.28
2023-02-27,20.24,50.61,61.54,261,230,1.13
2023-02-28,18.83,46.36,59.72,203,289,0.7
2023-03-01,19.43,44.33,58.3,180,313,0.58
2023-03-02,27.53,47.77,61.34,372,120,3.1
2023-03-03,41.9,55.67,67.0,440,50,8.8
2023-03-06,40.28,53.64,64.98,177,315,0.56
2023-03-07,25.1,39.68,59.72,32,460,0.07
2023-03-08,29.15,40.89,60.12,287,204,1.41
2023-03-09,13.77,28.74,51.82,21,473,0.04
2023-03-10,7.49,18.42,46.15,40,453,0.09
2023-03-13,9.72,19.43,43.52,205,288,0.71
2023-03-14,22.67,26.32,48.18,428,66,6.48
2023-03-15,20.85,21.86,43.52,140,352,0.4
2023-03-16,28.95,27.73,47.77,424,69,6.14
2023-03-17,24.29,22.87,42.11,41,453,0.09
2023-03-20,33.0,28.34,49.19,435,59,7.37
2023-03-21,38.66,29.15,52.23,382,105,3.64
2023-03-22,23.48,22.06,45.55,11,481,0.02
2023-03-23,24.9,22.27,43.93,192,301,0.64
2023-03-24,34.21,25.3,45.55,356,136,2.62
2023-03-27,39.07,27.13,48.38,357,134,2.66
2023-03-28,42.71,27.73,49.39,299,193,1.55
2023-03-29,62.35,37.04,55.47,455,37,12.3
2023-03-30,70.04,42.11,57.29,360,133,2.71
2023-03-31,88.26,52.83,62.35,466,26,17.92
2023-04-03,89.88,55.26,63.36,231,262,0.88
2023-04-04,77.73,46.76,60.53,114,375,0.3
2023-04-05,72.27,44.33,60.12,212,279,0.76
2023-04-06,71.05,44.74,59.72,263,228,1.15
2023-04-10,80.97,51.01,60.93,344,148,2.32
2023-04-11,81.98,54.86,64.17,355,135,2.63
2023-04-12,76.72,51.82,62.96,182,311,0.59
2023-04-13,82.79,57.29,65.99,388,104,3.73
2023-04-14,77.53,56.07,63.16,173,316,0.55
2023-04-17,83.2,59.11,64.98,374,119,3.14
2023-04-18,84.82,62.35,65.18,258,233,1.11
2023-04-19,79.55,60.93,65.79,244,248,0.98
2023-04-20,71.26,59.31,62.75,170,321,0.53
2023-04-21,68.22,58.3,61.94,251,242,1.04
2023-04-24,66.6,60.32,62.15,298,192,1.55
2023-04-25,43.12,47.37,55.47,86,407,0.21
2023-04-26,28.34,40.28,50.61,104,387,0.27
2023-04-27,47.98,52.83,56.48,432,60,7.2
2023-04-28,56.48,60.12,61.94,394,100,3.94
2023-05-01,55.87,62.55,59.51,263,229,1.15
2023-05-02,40.28,49.8,54.05,95,398,0.24
2023-05-03,36.84,46.56,50.2,148,345,0.43
2023-05-04,35.15,45.25,49.49,154,337,0.46
2023-05-05,49.09,55.56,54.75,453,40,11.32
2023-05-08,48.28,56.16,54.55,220,268,0.82
2023-05-09,44.04,53.13,52.53,187,302,0.62
2023-05-10,45.25,53.13,54.14,266,224,1.19
2023-05-11,42.22,51.31,51.92,160,332,0.48
2023-05-12,42.42,51.52,52.53,247,240,1.03
2023-05-15,46.67,52.93,52.73,332,163,2.04
2023-05-16,34.55,45.45,47.68,62,431,0.14
2023-05-17,43.64,51.92,51.11,381,111,3.43
2023-05-18,49.9,53.54,54.55,345,147,2.35
2023-05-19,49.29,53.33,53.33,191,300,0.64
2023-05-22,50.51,54.14,54.14,278,214,1.3
2023-05-23,38.59,44.44,50.71,102,389,0.26
2023-05-24,28.48,35.56,47.68,84,409,0.21
2023-05-25,30.91,35.35,45.66,217,273,0.79
2023-05-26,39.39,39.6,47.88,341,150,2.27
2023-05-30,38.38,38.59,47.27,214,280,0.76
2023-05-31,31.11,34.55,45.25,177,315,0.56
2023-06-01,37.98,39.39,47.88,372,120,3.1
2023-06-02,67.27,56.97,58.18,450,41,10.98
2023-06-05,62.63,52.12,56.57,189,303,0.62
2023-06-06,67.27,55.15,58.38,320,174,1.84
2023-06-07,74.75,62.02,60.81,334,159,2.1
2023-06-08,74.55,61.82,62.02,265,228,1.16
2023-06-09,74.55,61.82,61.41,220,271,0.81
2023-06-12,79.39,62.63,62.02,334,161,2.07
2023-06-13,84.04,68.28,64.65,393,98,4.01
2023-06-14,81.41,66.46,63.23,224,268,0.84
2023-06-15,90.71,71.72,69.7,435,57,7.63
2023-06-16,90.1,73.33,69.29,213,280,0.76
2023-06-20,81.01,67.68,65.05,100,395,0.25
2023-06-21,79.8,68.08,65.66,258,234,1.1
2023-06-22,71.52,64.24,63.23,183,311,0.59
2023-06-23,57.98,58.18,60.0,98,396,0.25
2023-06-26,65.45,63.43,62.63,325,168,1.93
2023-06-27,72.53,69.29,65.45,412,82,5.02
2023-06-28,68.08,67.27,63.64,210,283,0.74
2023-06-29,74.14,73.13,68.28,381,111,3.43
2023-06-30,80.4,77.78,69.49,432,62,6.97
2023-07-03,87.68,80.81,71.72,307,185,1.66
2023-07-05,82.02,81.21,71.31,175,317,0.55
2023-07-06,65.45,76.77,68.08,78,414,0.19
2023-07-07,65.05,75.96,67.88,249,245,1.02
2023-07-10,73.94,76.36,70.71,364,130,2.8
2023-07-11,83.03,82.42,74.34,408,85,4.8
2023-07-12,84.04,85.86,76.16,324,171,1.89
2023-07-13,85.86,86.67,76.77,353,138,2.56
2023-07-14,81.62,85.86,73.94,177,316,0.56
2023-07-17,80.81,83.43,73.54,276,216,1.28
2023-07-18,79.39,83.23,73.94,317,174,1.82
2023-07-19,83.64,87.07,76.97,312,180,1.73
2023-07-20,83.43,89.29,77.98,273,221,1.24
2023-07-21,82.83,89.09,78.79,291,199,1.46
2023-07-24,80.81,90.71,79.39,284,208,1.37
2023-07-25,79.8,89.9,79.39,292,203,1.44
2023-07-26,76.36,88.28,79.19,259,235,1.1
2023-07-27,65.86,82.83,76.97,120,373,0.32
2023-07-28,65.25,83.43,76.97,334,160,2.09
2023-07-31,69.9,84.24,77.78,308,183,1.68
2023-08-01,64.04,82.42,75.76,185,307,0.6
2023-08-02,52.53,76.36,74.75,130,361,0.36
2023-08-03,46.06,70.1,72.32,216,277,0.78
2023-08-04,40.81,64.44,68.89,162,329,0.49
2023-08-07,49.09,69.09,72.12,408,85,4.8
2023-08-08,43.03,63.03,69.49,146,347,0.42
2023-08-09,37.37,60.81,70.3,197,293,0.67
2023-08-10,38.18,59.8,68.08,225,265,0.85
2023-08-11,37.78,56.97,69.09,271,220,1.23
2023-08-14,39.19,57.17,68.69,243,251,0.97
2023-08-15,28.48,48.08,64.04,43,451,0.1
2023-08-16,21.21,42.63,61.62,115,379,0.3
2023-08-17,15.56,36.16,59.8,123,371,0.33
2023-08-18,16.97,37.37,59.8,301,190,1.58
2023-08-21,18.79,36.97,59.19,233,260,0.9
2023-08-22,17.58,33.94,56.36,192,302,0.64
2023-08-23,25.25,40.4,57.78,396,95,4.17
2023-08-24,16.16,33.13,56.57,88,404,0.22
2023-08-25,25.66,36.16,57.37,373,119,3.13
2023-08-28,37.17,39.6,59.19,408,80,5.1
2023-08-29,56.77,47.47,63.23,433,58,7.47
2023-08-30,61.21,50.3,63.84,322,167,1.93
2023-08-31,57.17,47.07,62.83,185,308,0.6
2023-09-01,62.42,49.29,64.44,328,165,1.99
2023-09-05,47.68,39.19,59.6,91,402,0.23
2023-09-06,44.04,37.37,58.99,209,285,0.73
2023-09-07,44.04,38.59,56.97,218,275,0.79
2023-09-08,44.04,38.18,56.97,266,223,1.19
2023-09-11,49.29,40.61,57.78,305,185,1.65
2023-09-12,50.71,38.18,57.78,203,288,0.7
2023-09-13,45.86,37.58,57.98,199,293,0.68
2023-09-14,60.2,43.64,62.02,424,69,6.14
2023-09-15,49.29,37.58,60.2,89,405,0.22
2023-09-18,46.67,38.18,59.19,241,253,0.95
2023-09-19,41.82,35.56,57.98,193,299,0.65
2023-09-20,36.36,33.13,57.37,168,325,0.52
2023-09-21,22.22,22.22,51.31,35,460,0.08
2023-09-22,18.59,21.21,49.9,186,306,0.61
2023-09-25,20.61,23.23,50.51,296,196,1.51
2023-09-26,11.72,16.36,45.66,47,447,0.11
2023-09-27,14.14,17.98,46.06,245,245,1.0
2023-09-28,21.62,22.63,47.27,372,121,3.07
2023-09-29,15.56,19.19,46.67,183,308,0.59
2023-10-02,12.12,15.56,45.66,114,379,0.3
2023-10-03,6.26,10.71,42.42,101,393,0.26
2023-10-04,11.69,14.31,43.55,378,115,3.29
2023-10-05,14.31,15.32,42.74,215,279,0.77
2023-10-06,27.02,21.37,44.15,397,98,4.05
2023-10-09,36.49,26.61,46.77,345,146,2.36
2023-10-10,46.57,29.23,49.6,378,116,3.26
2023-10-11,54.44,34.88,48.99,304,189,1.61
2023-10-12,42.14,30.44,46.37,85,408,0.21
2023-10-13,39.11,28.43,44.76,207,285,0.73
2023-10-16,56.45,34.68,47.98,451,44,10.25
2023-10-17,64.31,37.3,48.99,328,166,1.98
2023-10-18,43.35,29.23,44.35,78,418,0.19
2023-10-19,32.26,22.38,42.14,68,427,0.16
2023-10-20,21.17,17.14,37.3,63,430,0.15
2023-10-23,17.74,15.12,35.89,142,352,0.4
2023-10-24,27.02,18.75,36.9,354,139,2.55
2023-10-25,20.97,16.13,33.67,121,373,0.32
2023-10-26,23.19,15.32,32.86,236,259,0.91
2023-10-27,14.92,10.89,29.03,95,400,0.24
2023-10-30,22.58,15.93,32.66,402,92,4.37
2023-10-31,30.44,21.77,36.49,415,80,5.19
2023-11-01,38.1,27.42,39.31,316,179,1.77
2023-11-02,62.5,42.54,45.56,441,53,8.32
2023-11-03,75.81,53.02,48.99,415,77,5.39
2023-11-06,71.17,48.99,47.18,161,334,0.48
2023-11-07,72.18,48.99,45.97,217,276,0.79
2023-11-08,69.15,48.99,45.36,230,263,0.87
2023-11-09,61.9,44.56,43.35,126,369,0.34
2023-11-10,70.16,53.83,46.57,431,62,6.95
2023-11-13,68.95,52.82,46.77,205,290,0.71
2023-11-14,86.9,70.77,56.25,457,38,12.03
2023-11-15,88.71,71.98,56.85,291,203,1.43
2023-11-16,85.48,69.35,56.05,226,269,0.84
2023-11-17,87.5,73.39,58.67,327,165,1.98
2023-11-20,88.31,75.2,58.87,340,151,2.25
2023-11-21,86.09,73.99,59.07,233,261,0.89
2023-11-22,90.52,76.61,61.09,393,102,3.85
2023-11-24,91.94,78.83,63.1,381,113,3.37
2023-11-27,87.9,78.02,61.69,183,310,0.59
2023-11-28,85.69,78.63,62.3,220,273,0.81
2023-11-29,81.25,78.23,64.31,285,208,1.37
2023-11-30,84.88,81.25,65.52,390,101,3.86
2023-12-01,88.51,86.69,71.98,429,66,6.5
2023-12-04,85.48,85.69,71.57,248,246,1.01
2023-12-05,79.23,83.87,67.34,97,396,0.24
2023-12-06,75.2,81.45,68.15,261,233,1.12
2023-12-07,77.62,82.26,69.15,327,166,1.97
2023-12-08,77.62,83.87,71.17,307,185,1.66
2023-12-11,83.47,86.69,72.98,387,105,3.69
2023-12-12,82.66,85.69,71.98,306,188,1.63
2023-12-13,89.11,89.92,78.63,443,53,8.36
2023-12-14,87.1,89.11,81.05,323,172,1.88
2023-12-15,81.65,87.5,77.42,133,361,0.37
2023-12-18,84.88,88.91,78.23,290,202,1.44
2023-12-19,87.9,90.52,81.85,395,99,3.99
2023-12-20,74.4,85.28,75.81,20,476,0.04
2023-12-21,80.85,88.91,78.43,449,43,10.44
2023-12-22,81.85,89.92,79.03,362,126,2.87
2023-12-26,84.48,90.32,80.65,407,87,4.68
2023-12-27,83.06,89.72,80.85,307,186,1.65
2023-12-28,85.89,89.72,81.85,330,162,2.04
2023-12-29,84.27,90.12,81.85,143,346,0.41
2024-01-02,81.45,91.73,82.86,245,251,0.98
2024-01-03,56.65,91.13,80.85,106,388,0.27
2024-01-04,53.43,88.71,79.84,254,240,1.06
2024-01-05,52.42,87.7,80.65,276,216,1.28
2024-01-08,66.53,91.13,81.25,417,77,5.42
2024-01-09,57.46,86.9,80.44,149,345,0.43
2024-01-10,58.47,86.09,80.65,284,209,1.36
2024-01-11,50.2,85.28,79.23,223,269,0.83
2024-01-12,50.0,84.27,79.44,264,229,1.15
2024-01-16,43.15,81.05,77.42,140,352,0.4
2024-01-17,32.86,73.59,73.99,106,388,0.27
2024-01-18,43.15,75.0,75.0,331,162,2.04
2024-01-19,50.81,77.22,75.0,380,115,3.3
2024-01-22,57.46,77.22,75.2,352,141,2.5
2024-01-23,55.04,78.43,75.0,261,233,1.12
2024-01-24,48.99,73.39,73.59,144,348,0.41
2024-01-25,63.91,77.82,75.81,387,107,3.62
2024-01-26,61.29,77.02,76.81,265,230,1.15
2024-01-29,69.56,78.63,78.63,365,129,2.83
2024-01-30,67.14,77.62,77.82,274,221,1.24
2024-01-31,54.44,66.33,75.0,76,416,0.18
2024-02-01,66.33,72.98,79.84,397,97,4.09
2024-02-02,59.88,67.14,75.0,240,252,0.95
2024-02-05,50.4,61.29,72.18,94,401,0.23
2024-02-06,59.27,65.73,74.8,341,149,2.29
2024-02-07,60.89,65.93,75.2,324,168,1.93
2024-02-08,61.69,65.73,74.19,272,223,1.22
2024-02-09,61.49,65.52,74.4,317,177,1.79
2024-02-12,68.55,68.35,76.01,314,179,1.75
2024-02-13,50.2,56.65,71.37,56,439,0.13
2024-02-14,55.65,59.07,73.79,394,97,4.06
2024-02-15,68.95,66.73,76.21,402,91,4.42
2024-02-16,63.91,63.71,74.4,171,320,0.53
2024-02-20,61.49,63.51,74.4,192,302,0.64
2024-02-21,65.32,66.94,77.82,313,180,1.74
2024-02-22,73.79,68.95,78.83,377,118,3.19
2024-02-23,74.6,71.17,79.64,330,161,2.05
2024-02-26,68.55,65.32,76.81,171,321,0.53
2024-02-27,73.59,67.54,77.82,305,188,1.62
2024-02-28,72.98,68.75,77.22,259,234,1.11
2024-02-29,77.22,70.97,80.04,323,168,1.92
2024-03-01,76.41,72.18,79.44,306,189,1.62
2024-03-04,79.64,74.8,79.84,304,191,1.59
2024-03-05,70.97,72.18,78.43,170,323,0.53
2024-03-06,76.81,76.41,80.24,370,124,2.98
2024-03-07,79.64,78.43,82.06,361,133,2.71
2024-03-08,79.23,80.04,82.66,235,258,0.91
2024-03-11,79.23,83.27,84.68,271,223,1.22
2024-03-12,82.66,81.05,83.67,299,195,1.53
2024-03-13,79.64,82.46,83.67,267,226,1.18
2024-03-14,66.53,76.21,81.85,115,378,0.3
2024-03-15,60.89,73.79,81.05,223,271,0.82
2024-03-18,62.1,74.4,81.85,304,190,1.6
2024-03-19,68.95,76.21,83.27,374,118,3.17
2024-03-20,78.02,80.04,83.67,381,111,3.43
2024-03-21,81.65,82.46,84.07,373,121,3.08
2024-03-22,73.39,78.43,82.86,127,363,0.35
2024-03-25,66.94,77.42,82.46,185,306,0.6
2024-03-26,64.19,75.25,81.29,222,268,0.83
2024-03-27,80.32,83.73,86.35,435,61,7.13
2024-03-28,82.33,85.54,87.55,352,145,2.43
2024-04-01,73.69,81.33,85.94,136,360,0.38
2024-04-02,58.43,76.51,84.74,104,391,0.27
2024-04-03,56.83,76.31,82.73,281,215,1.31
2024-04-04,42.77,68.88,81.53,67,428,0.16
2024-04-05,52.01,74.1,81.73,369,128,2.88
2024-04-08,55.22,74.9,82.73,274,222,1.23
2024-04-09,58.43,75.9,85.54,313,183,1.71
2024-04-10,34.94,61.45,79.52,82,415,0.2
2024-04-11,34.54,59.64,78.92,243,254,0.96
2024-04-12,16.87,47.19,75.1,44,451,0.1
2024-04-15,9.64,38.15,73.29,72,422,0.17
2024-04-16,10.04,33.13,71.89,165,331,0.5
2024-04-17,8.23,31.33,72.49,197,300,0.66
2024-04-18,10.84,31.93,72.29,254,241,1.05
2024-04-19,19.88,36.95,74.1,313,182,1.72
2024-04-22,28.31,41.57,77.91,412,80,5.15
2024-04-23,37.75,46.79,79.52,392,101,3.88
2024-04-24,37.55,47.19,79.52,274,221,1.24
2024-04-25,40.76,44.58,78.71,200,296,0.68
2024-04-26,44.78,47.79,77.91,265,230,1.15
2024-04-29,51.2,51.81,79.72,355,140,2.54
2024-04-30,41.37,40.96,75.9,58,437,0.13
2024-05-01,39.96,40.56,74.1,240,256,0.94
2024-05-02,46.39,43.57,75.9,356,141,2.52
2024-05-03,55.82,44.78,77.11,372,123,3.02
2024-05-06,65.46,53.21,78.51,386,110,3.51
2024-05-07,68.88,55.02,79.72,315,181,1.74
2024-05-08,69.48,53.61,79.12,247,249,0.99
2024-05-09,76.1,59.64,81.33,408,90,4.53
2024-05-10,78.31,60.44,82.33,295,196,1.51
2024-05-13,76.51,60.64,81.93,207,286,0.72
2024-05-14,78.31,64.26,82.53,312,182,1.71
2024-05-15,79.32,67.07,82.73,369,125,2.95
2024-05-16,78.71,65.66,83.33,218,273,0.8
2024-05-17,77.71,66.87,83.94,293,202,1.45
2024-05-20,74.5,65.06,83.73,225,268,0.84
2024-05-21,74.5,64.46,82.53,251,243,1.03
2024-05-22,67.87,60.84,81.73,179,316,0.57
2024-05-23,49.4,50.6,76.91,66,431,0.15
2024-05-24,50.8,53.82,77.31,362,135,2.68
2024-05-28,39.76,47.79,74.5,136,358,0.38
2024-05-29,28.51,41.77,70.88,57,439,0.13
2024-05-30,32.33,46.39,71.69,354,141,2.51
2024-05-31,46.79,54.22,75.3,403,94,4.29
2024-06-03,40.36,52.61,75.5,171,324,0.53
2024-06-04,38.35,51.0,74.7,224,273,0.82
2024-06-05,42.17,54.02,74.7,332,164,2.02
2024-06-06,40.76,53.21,73.9,193,303,0.64
2024-06-07,37.75,51.41,72.49,188,306,0.61
2024-06-10,40.16,53.61,73.09,296,200,1.48
2024-06-11,34.74,49.4,72.09,175,318,0.55
2024-06-12,43.98,52.61,73.09,303,194,1.56
2024-06-13,41.57,51.61,72.89,184,309,0.6
2024-06-14,36.14,47.39,71.49,133,363,0.37
2024-06-17,42.37,50.2,72.69,358,138,2.59
2024-06-18,49.8,53.21,73.09,319,176,1.81
2024-06-20,55.42,55.82,73.69,282,215,1.31
2024-06-21,57.63,56.83,75.1,289,206,1.4
2024-06-24,68.27,61.85,75.5,345,150,2.3
2024-06-25,54.22,53.21,73.9,130,365,0.36
2024-06-26,49.2,49.6,71.89,167,330,0.51
2024-06-27,50.6,52.61,72.29,291,205,1.42
2024-06-28,52.21,50.4,73.29,266,232,1.15
2024-07-01,42.17,44.18,70.68,132,363,0.36
2024-07-02,49.2,49.0,70.28,339,157,2.16
2024-07-03,48.8,48.8,70.08,249,244,1.02
2024-07-05,46.18,47.19,69.48,240,254,0.94
2024-07-08,49.6,47.99,69.28,274,223,1.23
2024-07-09,47.19,46.59,68.07,195,301,0.65
2024-07-10,59.44,53.61,71.29,397,99,4.01
2024-07-11,76.91,65.26,74.3,385,113,3.41
2024-07-12,81.53,71.49,77.91,403,93,4.33
2024-07-15,78.11,69.68,77.91,284,214,1.33
2024-07-16,84.14,77.91,81.73,437,59,7.41
2024-07-17,78.51,76.51,82.53,235,262,0.9
2024-07-18,73.9,70.68,79.92,117,379,0.31
2024-07-19,68.27,64.86,77.71,145,351,0.41
2024-07-22,75.1,70.88,78.71,397,98,4.05
2024-07-23,70.48,69.28,76.1,193,302,0.64
2024-07-24,57.63,59.44,75.3,156,340,0.46
2024-07-25,58.23,62.05,75.7,277,219,1.26
2024-07-26,65.26,69.68,79.92,434,62,7.0
2024-07-29,65.06,70.28,78.92,263,231,1.14
2024-07-30,63.65,69.08,79.92,322,174,1.85
2024-07-31,65.86,73.09,81.73,290,207,1.4
2024-08-01,56.22,62.65,76.91,165,332,0.5
2024-08-02,44.98,54.22,70.88,125,373,0.34
2024-08-05,28.71,41.77,64.46,24,474,0.05
2024-08-06,35.94,47.99,66.87,400,96,4.17
2024-08-07,31.53,45.18,63.86,146,351,0.42
2024-08-08,43.78,53.41,70.48,453,43,10.53
2024-08-09,45.98,57.63,70.28,301,195,1.54
2024-08-12,40.96,53.82,67.87,164,332,0.49
2024-08-13,49.4,58.63,71.49,422,72,5.86
2024-08-14,55.02,59.44,70.68,306,188,1.63
2024-08-15,71.69,66.67,75.3,415,83,5.0
2024-08-16,76.51,69.28,75.9,318,177,1.8
2024-08-19,85.94,73.69,77.71,414,81,5.11
2024-08-20,80.32,71.08,76.51,174,321,0.54
2024-08-21,86.75,75.3,79.32,404,93,4.34
2024-08-22,81.93,72.69,77.51,205,290,0.71
2024-08-23,91.37,79.72,79.92,427,70,6.1
2024-08-26,91.16,77.71,80.32,261,235,1.11
2024-08-27,89.36,76.91,79.72,246,251,0.98
2024-08-28,86.95,76.51,78.51,206,287,0.72
2024-08-29,87.55,78.11,79.32,329,169,1.95
2024-08-30,91.77,81.73,81.53,439,57,7.7
2024-09-03,73.29,70.88,77.71,142,354,0.4
2024-09-04,70.68,69.28,76.31,237,260,0.91
2024-09-05,61.85,66.47,73.49,126,368,0.34
2024-09-06,43.57,58.03,70.28,80,415,0.19
2024-09-09,54.02,64.06,73.69,415,83,5.0
2024-09-10,52.01,63.65,72.89,269,225,1.2
2024-09-11,51.61,66.67,73.29,245,249,0.98
2024-09-12,57.03,70.68,74.7,374,123,3.04
2024-09-13,66.27,73.69,76.71,419,77,5.44
2024-09-16,73.29,76.1,76.91,381,116,3.28
2024-09-17,72.29,78.11,78.51,273,224,1.22
2024-09-18,69.88,75.9,78.11,208,285,0.73
2024-09-19,77.11,85.14,81.73,353,143,2.47
2024-09-20,71.49,79.72,78.51,188,305,0.62
2024-09-23,78.11,82.53,79.32,355,137,2.59
2024-09-24,76.31,82.13,80.12,250,245,1.02
2024-09-25,67.07,78.11,77.31,142,354,0.4
2024-09-26,70.28,83.53,80.92,328,170,1.93
2024-09-27,74.1,84.94,83.33,324,171,1.89
2024-09-30,78.11,86.35,82.53,313,182,1.72
2024-10-01,72.69,81.12,79.52,163,335,0.49
2024-10-02,66.27,79.12,79.32,228,268,0.85
2024-10-03,56.43,74.9,77.51,118,378,0.31
2024-10-04,63.05,77.51,79.52,365,133,2.74
2024-10-07,49.6,70.08,76.51,105,388,0.27
2024-10-08,53.82,71.49,76.1,317,179,1.77
2024-10-09,59.44,76.31,78.31,377,121,3.12
2024-10-10,52.61,73.29,77.51,159,335,0.47
2024-10-11,64.46,78.71,79.92,432,66,6.55
2024-10-14,72.69,82.33,82.33,395,103,3.83
2024-10-15,71.08,79.32,81.12,238,259,0.92
2024-10-16,75.7,80.12,82.33,360,138,2.61
2024-10-17,70.28,77.91,81.33,235,261,0.9
2024-10-18,73.49,79.32,82.13,313,183,1.71
2024-10-21,62.25,72.49,80.12,85,410,0.21
2024-10-22,57.03,68.07,78.51,186,310,0.6
2024-10-23,51.61,67.07,76.91,179,313,0.57
2024-10-24,50.4,64.46,75.7,251,245,1.02
2024-10-25,42.37,59.04,74.7,151,343,0.44
2024-10-28,50.8,61.85,76.51,356,142,2.51
2024-10-29,44.78,56.83,75.7,168,329,0.51
2024-10-30,43.57,57.43,74.7,237,259,0.92
2024-10-31,33.33,50.0,72.09,131,366,0.36
2024-11-01,34.74,52.01,72.69,244,253,0.96
2024-11-04,33.94,51.61,73.9,264,232,1.14
2024-11-05,47.79,57.83,75.1,442,56,7.89
2024-11-06,62.85,64.86,77.71,343,154,2.23
2024-11-07,63.86,67.27,77.51,274,224,1.22
2024-11-08,66.27,68.27,77.51,325,172,1.89
2024-11-11,67.27,67.27,76.91,309,189,1.63
2024-11-12,65.86,64.86,75.3,148,349,0.42
2024-11-13,65.06,65.66,75.3,257,237,1.08
2024-11-14,62.25,61.85,75.1,139,359,0.39
2024-11-15,57.43,58.23,71.69,181,315,0.57
2024-11-18,60.64,60.64,73.29,328,169,1.94
2024-11-19,58.43,57.03,72.49,207,291,0.71
2024-11-20,58.63,59.64,72.89,302,195,1.55
2024-11-21,70.28,64.86,74.9,433,65,6.66
2024-11-22,75.5,66.67,75.9,371,124,2.99
2024-11-25,83.73,71.49,79.52,375,122,3.07
2024-11-26,81.53,72.49,78.51,279,218,1.28
2024-11-27,81.93,73.29,79.12,260,235,1.11
2024-11-29,85.34,73.9,79.12,301,195,1.54
2024-12-02,83.33,71.49,79.52,182,314,0.58
2024-12-03,72.49,67.27,77.91,164,332,0.49
2024-12-04,62.25,66.27,77.51,247,250,0.99
2024-12-05,54.42,62.65,76.1,181,316,0.57
2024-12-06,51.61,62.05,75.7,214,281,0.76
2024-12-09,42.57,61.24,75.9,208,289,0.72
2024-12-10,35.34,56.63,72.89,146,351,0.42
2024-12-11,39.76,54.22,71.49,246,250,0.98
2024-12-12,36.55,53.41,71.08,177,318,0.56
2024-12-13,31.53,51.0,70.48,162,331,0.49
2024-12-16,27.91,47.99,67.67,195,303,0.64
2024-12-17,22.29,41.57,67.07,115,380,0.3
2024-12-18,8.43,21.89,59.24,18,480,0.04
2024-12-19,7.83,23.49,58.84,202,293,0.69
2024-12-20,11.45,28.51,61.04,445,52,8.56
2024-12-23,12.45,28.51,61.24,273,223,1.22
2024-12-24,19.08,34.14,62.65,460,37,12.43
2024-12-26,21.08,34.14,62.65,280,216,1.3
2024-12-27,14.66,29.12,62.05,46,451,0.1
2024-12-30,10.84,21.49,60.04,34,463,0.07
2024-12-31,10.24,21.69,60.24,279,213,1.31
2025-01-02,12.05,20.28,59.04,188,309,0.61
2025-01-03,24.3,26.71,59.84,399,99,4.03
2025-01-06,29.52,26.31,58.84,235,261,0.9
2025-01-07,29.52,26.31,57.83,201,295,0.68
2025-01-08,36.55,27.11,59.24,293,201,1.46
2025-01-10,21.29,18.47,54.82,62,434,0.14
2025-01-13,29.72,20.68,57.23,359,137,2.62
2025-01-14,44.78,26.51,60.84,381,114,3.34
2025-01-15,58.63,33.94,61.24,371,127,2.92
2025-01-16,68.27,39.56,63.86,373,122,3.06
2025-01-17,74.9,43.57,63.86,343,151,2.27
2025-01-21,82.93,54.82,66.27,416,81,5.14
2025-01-22,77.11,51.2,65.06,183,314,0.58
2025-01-23,79.12,54.62,65.06,320,174,1.84
2025-01-24,79.72,54.62,65.06,248,244,1.02
2025-01-27,81.33,62.25,69.08,333,165,2.02
2025-01-28,74.7,55.82,67.27,165,330,0.5
2025-01-29,71.08,52.61,65.06,217,281,0.77
2025-01-30,77.31,58.43,67.27,411,86,4.78
2025-01-31,70.48,52.81,65.66,124,373,0.33
2025-02-03,63.65,49.2,64.26,181,317,0.57
2025-02-04,62.85,49.8,64.06,251,245,1.02
2025-02-05,65.86,54.82,65.06,352,144,2.44
2025-02-06,61.85,55.02,63.45,265,230,1.15
2025-02-07,56.43,52.61,62.85,137,359,0.38
2025-02-10,55.22,53.41,63.25,290,205,1.41
2025-02-11,52.61,55.02,63.86,252,245,1.03
2025-02-12,45.18,50.2,61.65,162,335,0.48
2025-02-13,50.5,56.91,63.53,386,112,3.45
2025-02-14,49.3,56.91,62.93,215,283,0.76
2025-02-18,54.91,60.12,64.33,360,137,2.63
2025-02-19,56.91,60.92,65.53,289,210,1.38
2025-02-20,53.51,59.32,64.73,221,278,0.79
2025-02-21,43.89,53.51,61.72,115,383,0.3
2025-02-24,45.29,54.31,62.12,274,224,1.22
2025-02-25,47.49,53.51,62.73,288,210,1.37
2025-02-26,45.29,53.71,61.52,211,286,0.74
2025-02-27,40.28,49.3,59.72,182,317,0.57
2025-02-28,51.1,54.51,61.72,445,54,8.24
2025-03-03,43.49,47.09,59.12,161,336,0.48
2025-03-04,33.47,40.88,52.3,82,416,0.2
2025-03-05,38.88,45.29,55.31,378,120,3.15
2025-03-06,34.87,41.28,50.9,148,351,0.42
2025-03-07,41.08,45.69,54.11,339,159,2.13
2025-03-10,37.88,40.28,47.29,143,354,0.4
2025-03-11,25.65,32.06,42.48,128,369,0.35
2025-03-12,17.64,29.86,40.68,199,299,0.67
2025-03-13,17.03,26.65,36.47,125,374,0.33
2025-03-14,27.25,32.46,41.68,453,46,9.85
2025-03-17,40.48,38.08,47.09,459,39,11.77
2025-03-18,35.67,36.27,44.69,154,344,0.45
2025-03-19,41.28,39.88,47.49,375,123,3.05
2025-03-20,41.28,37.68,46.29,181,313,0.58
2025-03-21,33.87,33.47,43.69,150,348,0.43
2025-03-24,54.91,39.48,50.5,423,75,5.64
2025-03-25,56.11,39.88,50.1,219,278,0.79
2025-03-26,56.11,41.88,49.5,250,247,1.01
2025-03-27,50.5,39.28,47.29,203,293,0.69
2025-03-28,36.47,33.87,42.48,86,413,0.21
2025-03-31,50.3,38.48,44.69,381,116,3.28
2025-04-01,51.7,39.68,45.09,307,191,1.61
2025-04-02,62.32,41.08,49.3,395,104,3.8
2025-04-03,28.86,30.66,36.67,89,409,0.22
2025-04-04,5.41,11.22,23.05,13,486,0.03
2025-04-07,2.4,6.61,19.84,172,326,0.53
2025-04-08,2.2,5.81,18.64,73,426,0.17
2025-04-09,19.84,15.23,31.66,491,8,61.38
2025-04-10,10.42,14.23,26.65,72,426,0.17
2025-04-11,21.24,18.64,29.26,432,65,6.65
2025-04-14,30.86,24.45,32.06,428,70,6.11
2025-04-15,29.66,24.65,31.66,206,291,0.71
2025-04-16,21.04,20.64,29.46,64,434,0.15
2025-04-17,27.45,23.85,31.66,375,123,3.05
2025-04-21,14.43,15.23,26.25,33,466,0.07
2025-04-22,36.27,23.65,30.66,489,10,48.9
2025-04-23,50.7,27.45,31.26,370,127,2.91
2025-04-24,72.55,34.27,34.67,407,91,4.47
2025-04-25,70.54,34.47,35.67,213,284,0.75
2025-04-28,76.35,36.67,35.87,338,160,2.11
2025-04-29,83.97,42.08,37.47,372,126,2.95
2025-04-30,83.77,44.29,37.47,315,182,1.73
2025-05-01,80.96,43.69,39.08,217,281,0.77
2025-05-02,90.18,59.12,44.89,458,41,11.17
2025-05-05,83.97,57.31,44.29,195,301,0.65
2025-05-06,78.56,54.11,41.48,146,351,0.42
2025-05-07,77.96,57.92,44.89,363,133,2.73
2025-05-08,79.76,63.13,45.69,346,150,2.31
2025-05-09,77.56,64.73,45.29,238,258,0.92
2025-05-12,81.36,74.35,54.51,407,91,4.47
2025-05-13,77.56,72.34,54.51,250,247,1.01
2025-05-14,72.55,67.54,53.51,155,341,0.45
2025-05-15,81.36,76.35,57.52,362,137,2.64
2025-05-16,87.37,81.76,60.52,443,56,7.91
2025-05-19,88.98,81.76,59.12,254,242,1.05
2025-05-20,86.57,81.76,57.92,170,326,0.52
2025-05-21,63.53,69.34,51.7,19,479,0.04
2025-05-22,57.72,65.73,51.3,191,301,0.63
2025-05-23,53.91,64.93,48.3,173,323,0.54
2025-05-27,72.75,75.95,54.51,466,32,14.56
2025-05-28,59.52,68.74,51.5,86,412,0.21
2025-05-29,64.93,70.94,52.3,349,144,2.42
2025-05-30,60.92,73.75,53.31,261,236,1.11
2025-06-02,56.51,72.34,52.71,241,256,0.94
2025-06-03,66.73,74.55,53.51,355,143,2.48
2025-06-04,57.52,73.95,53.11,200,296,0.68
2025-06-05,51.1,71.14,51.1,192,305,0.63
2025-06-06,64.33,75.75,54.31,412,86,4.79
2025-06-09,61.12,76.55,54.31,256,240,1.07
2025-06-10,67.94,79.96,56.51,323,174,1.86
2025-06-11,62.12,78.76,55.11,172,325,0.53
2025-06-12,65.33,81.16,55.91,305,192,1.59
2025-06-13,42.28,74.95,52.1,68,431,0.16
2025-06-16,56.71,76.95,55.51,369,130,2.84
2025-06-17,41.28,70.54,51.7,89,409,0.22
2025-06-18,47.7,67.74,50.9,248,247,1.0
2025-06-20,49.3,68.54,51.7,292,204,1.43
2025-06-23,60.32,74.55,54.91,395,102,3.87
2025-06-24,71.14,77.76,56.91,377,119,3.17
2025-06-25,58.72,69.94,53.11,142,357,0.4
2025-06-26,64.73,72.75,57.31,375,123,3.05
2025-06-27,69.54,74.15,58.32,338,156,2.17
2025-06-30,74.75,76.35,59.72,355,142,2.5
2025-07-01,84.17,82.97,64.13,365,133,2.74
2025-07-02,79.16,78.56,65.53,288,209,1.38
2025-07-03,82.57,80.96,66.93,359,136,2.64
2025-07-07,75.75,76.15,63.53,99,397,0.25
2025-07-08,75.75,75.35,64.73,259,238,1.09
2025-07-09,76.55,75.35,65.73,308,190,1.62
2025-07-10,76.95,76.35,67.13,352,145,2.43
2025-07-11,69.34,71.14,65.53,111,386,0.29
2025-07-14,72.14,73.75,64.53,292,206,1.42
2025-07-15,50.7,63.53,60.12,56,443,0.13
2025-07-16,56.31,66.33,62.32,341,156,2.19
2025-07-17,62.73,69.54,63.53,373,124,3.01
2025-07-18,60.72,70.34,63.73,257,240,1.07
2025-07-21,53.71,66.13,63.13,184,315,0.58
2025-07-22,68.94,75.75,69.34,391,108,3.62
2025-07-23,74.95,78.16,70.34,346,153,2.26
2025-07-24,69.34,74.15,68.94,219,279,0.78
2025-07-25,70.94,76.15,69.94,336,159,2.11
2025-07-28,62.53,70.14,66.93,151,347,0.44
2025-07-29,61.92,69.54,67.13,256,240,1.07
2025-07-30,49.7,63.73,63.93,166,331,0.5
2025-07-31,41.48,59.52,60.92,143,354,0.4
2025-08-01,37.27,52.1,58.12,137,361,0.38
2025-08-04,48.1,56.71,61.72,429,68,6.31
2025-08-05,43.29,56.51,59.92,216,281,0.77
2025-08-06,43.49,53.71,59.32,242,257,0.94
2025-08-07,45.49,56.11,59.52,248,246,1.01
2025-08-08,49.9,58.72,61.12,298,198,1.51
2025-08-11,47.09,56.31,60.32,172,321,0.54
2025-08-12,58.12,62.32,63.13,400,97,4.12
2025-08-13,66.33,67.33,68.34,406,93,4.37
2025-08-14,58.72,63.73,65.33,140,357,0.39
2025-08-15,51.9,60.72,64.53,207,290,0.71
2025-08-18,52.3,60.72,63.73,237,262,0.9
2025-08-19,59.92,65.33,67.13,341,157,2.17
2025-08-20,62.73,65.13,67.13,256,239,1.07
2025-08-21,58.52,62.53,66.53,164,334,0.49
2025-08-22,77.96,72.75,72.75,421,78,5.4
2025-08-25,67.94,66.33,69.14,104,392,0.27
2025-08-26,69.14,65.93,69.54,272,225,1.21
2025-08-27,72.55,67.54,70.14,338,159,2.13
2025-08-28,68.54,66.33,69.34,227,270,0.84
2025-08-29,67.94,65.33,69.54,270,227,1.19
2025-09-02,54.51,59.52,67.94,127,370,0.34
2025-09-03,53.11,58.32,67.54,227,272,0.83
2025-09-04,59.12,60.52,69.14,368,129,2.85
2025-09-05,55.71,60.32,68.94,269,230,1.17
2025-09-08,56.71,60.92,67.33,245,251,0.98
2025-09-09,49.1,59.32,66.13,212,285,0.74
2025-09-10,43.89,57.31,65.53,209,289,0.72
2025-09-11,63.53,65.73,70.14,428,68,6.29
2025-09-12,54.91,62.12,68.14,118,379,0.31
2025-09-15,49.5,57.72,65.73,209,288,0.73
2025-09-16,41.28,53.91,65.13,182,315,0.58
2025-09-17,45.49,56.31,64.93,292,206,1.42
2025-09-18,52.1,58.92,65.33,322,175,1.84
2025-09-19,49.1,59.32,65.53,223,274,0.81
2025-09-22,48.9,57.11,65.93,251,246,1.02
2025-09-23,52.91,60.12,65.93,272,224,1.21
2025-09-24,48.9,56.11,65.73,211,285,0.74
2025-09-25,41.08,51.9,63.93,120,378,0.32
2025-09-26,53.71,57.92,66.13,424,74,5.73
2025-09-29,55.51,57.92,67.13,308,191,1.61
2025-09-30,59.32,60.32,68.14,306,192,1.59
2025-10-01,56.71,58.92,68.74,218,280,0.78
2025-10-02,57.11,58.72,68.14,273,222,1.23
2025-10-03,61.72,62.32,68.94,318,179,1.78
2025-10-06,56.91,60.12,67.74,242,257,0.94
2025-10-07,52.71,57.52,67.74,197,300,0.66
2025-10-08,53.91,57.52,67.13,269,228,1.18
2025-10-09,46.29,52.3,65.73,120,378,0.32
2025-10-10,29.26,39.28,58.52,78,421,0.19
2025-10-13,36.67,44.69,62.53,356,140,2.54
2025-10-14,43.89,51.1,65.93,382,116,3.29
2025-10-15,44.09,51.1,64.33,250,246,1.02
2025-10-16,35.87,42.08,60.72,132,366,0.36
2025-10-17,42.48,46.49,62.93,354,144,2.46
2025-10-20,54.91,53.91,65.73,408,87,4.69
2025-10-21,60.72,55.51,67.33,293,204,1.44
2025-10-22,51.1,51.9,67.33,189,308,0.61
2025-10-23,57.52,53.51,68.14,288,210,1.37
2025-10-24,58.52,54.11,66.33,265,231,1.15
2025-10-27,63.6,58.0,66.2,326,171,1.91
2025-10-28,50.6,49.2,63.4,106,393,0.27
2025-10-29,37.6,43.2,57.4,131,368,0.36
2025-10-30,36.0,42.6,57.4,226,272,0.83
2025-10-31,40.6,42.2,57.6,267,229,1.17
2025-11-03,37.4,40.2,56.8,189,309,0.61
2025-11-04,35.4,40.4,57.4,216,283,0.76
2025-11-05,40.4,41.4,56.6,310,186,1.67
2025-11-06,38.6,39.6,54.4,162,338,0.48
2025-11-07,44.8,45.0,57.6,386,113,3.42
2025-11-10,49.6,47.4,58.0,320,178,1.8
2025-11-11,55.6,51.0,60.8,337,162,2.08
2025-11-12,56.71,53.31,60.72,296,201,1.47
2025-11-13,47.2,45.6,59.6,128,370,0.35
2025-11-14,42.6,44.2,59.6,186,308,0.6
2025-11-17,31.8,37.6,55.4,99,401,0.25
2025-11-18,32.8,38.4,56.2,246,254,0.97
2025-11-19,30.2,36.4,55.0,201,295,0.68
2025-11-20,28.0,32.0,52.0,149,350,0.43
2025-11-21,46.8,41.2,57.0,444,55,8.07
2025-11-24,48.8,43.0,57.0,264,234,1.13
2025-11-25,64.6,53.0,61.2,423,74,5.72
2025-11-26,71.4,57.6,61.6,365,134,2.72
2025-11-28,78.0,61.0,62.6,380,119,3.19
2025-12-01,68.4,53.8,61.2,134,366,0.37
2025-12-02,65.2,52.6,59.6,219,280,0.78
2025-12-03,68.6,55.2,62.4,335,164,2.04
2025-12-04,66.0,57.0,61.8,256,242,1.06
2025-12-05,62.8,56.2,63.6,266,234,1.14
2025-12-08,57.6,51.0,60.8,159,340,0.47
2025-12-09,52.8,48.8,59.4,214,285,0.75
2025-12-10,61.0,55.4,61.0,390,109,3.58
2025-12-11,70.4,61.2,64.4,368,129,2.85
2025-12-12,66.6,59.4,64.4,213,286,0.74
2025-12-15,67.6,61.6,64.4,290,207,1.4
2025-12-16,60.4,57.6,62.8,135,364,0.37
2025-12-17,57.8,59.8,62.8,251,247,1.02
2025-12-18,58.4,58.2,63.4,269,228,1.18
2025-12-19,56.6,58.0,61.8,286,213,1.34
2025-12-22,63.8,62.4,63.6,396,104,3.81
2025-12-23,61.6,62.6,62.6,219,281,0.78
2025-12-24,66.2,63.0,63.8,385,113,3.41
2025-12-26,66.4,63.6,63.8,262,230,1.14
2025-12-29,67.8,65.4,64.4,202,292,0.69
2025-12-30,64.2,62.8,64.4,187,310,0.6
2025-12-31,43.0,57.2,61.0,17,481,0.04
2026-01-02,57.6,60.8,61.6,329,170,1.94
2026-01-05,61.8,63.4,63.2,337,161,2.09
2026-01-06,71.8,68.2,65.6,377,123,3.07
2026-01-07,57.0,63.2,62.8,113,387,0.29
2026-01-08,68.8,71.0,66.2,349,151,2.31
2026-01-09,69.6,72.2,68.4,287,211,1.36
2026-01-12,66.8,71.4,67.8,251,248,1.01
2026-01-13,65.4,68.6,67.2,264,236,1.12
2026-01-14,68.2,72.8,69.8,311,188,1.65
2026-01-15,70.2,73.6,71.4,312,187,1.67
2026-01-16,66.8,72.8,70.0,230,270,0.85
2026-01-20,53.8,64.2,66.2,97,401,0.24
2026-01-21,62.2,70.2,70.0,410,90,4.56
2026-01-22,62.2,69.6,69.8,279,218,1.28
2026-01-23,57.8,67.6,69.6,182,317,0.57
2026-01-26,60.2,70.2,70.0,314,186,1.69
2026-01-27,57.8,67.0,68.4,236,264,0.89
2026-01-28,52.0,62.4,67.8,193,307,0.63
2026-01-29,54.8,64.4,68.0,283,213,1.33
2026-01-30,54.2,67.0,68.0,243,256,0.95
2026-02-02,56.4,67.0,66.6,295,205,1.44
2026-02-03,56.4,63.4,65.6,274,225,1.22
2026-02-04,62.2,68.0,69.4,357,143,2.5
2026-02-05,58.0,65.2,67.8,181,318,0.57
2026-02-06,67.2,69.0,69.2,402,98,4.1
2026-02-09,65.0,68.2,69.4,264,234,1.13
2026-02-10,67.4,68.6,69.6,297,201,1.48
2026-02-11,67.4,67.2,69.8,284,216,1.31
2026-02-12,58.2,61.8,66.8,159,341,0.47
2026-02-13,61.6,63.4,67.6,367,133,2.76
2026-02-17,61.6,65.0,66.4,247,252,0.98
2026-02-18,66.8,67.0,68.6,315,184,1.71
2026-02-19,61.6,64.4,67.2,205,291,0.7
2026-02-20,63.2,66.2,68.0,336,164,2.05
2026-02-23,56.6,61.8,66.4,172,326,0.53
2026-02-24,58.6,62.6,67.0,357,141,2.53
2026-02-25,58.4,63.2,66.0,260,239,1.09
2026-02-26,64.6,66.2,67.8,343,154,2.23
2026-02-27,61.6,63.2,68.2,276,224,1.23
2026-03-02,58.8,62.2,68.0,243,255,0.95
2026-03-03,47.2,57.0,63.6,131,368,0.36
2026-03-04,49.4,58.6,63.2,284,215,1.32
2026-03-05,41.4,52.0,60.8,133,366,0.36
2026-03-06,35.4,45.0,57.6,145,354,0.41
2026-03-09,34.6,44.6,58.0,255,245,1.04
2026-03-10,29.4,41.6,55.4,153,347,0.44
2026-03-11,27.6,39.4,54.4,171,326,0.52
2026-03-12,21.0,32.6,51.2,109,390,0.28
2026-03-13,22.6,32.8,50.6,262,235,1.11
2026-03-16,26.4,34.6,52.2,385,114,3.38
2026-03-17,28.6,35.8,52.0,315,181,1.74
2026-03-18,18.8,29.8,49.4,77,423,0.18
2026-03-19,19.6,28.6,49.0,215,285,0.75
2026-03-20,12.6,20.6,46.0,110,390,0.28
2026-03-23,16.8,24.8,49.0,382,117,3.26
2026-03-24,20.0,25.4,49.2,286,214,1.34
2026-03-25,24.2,27.8,49.2,324,175,1.85
2026-03-26,19.2,22.8,48.0,184,315,0.58
2026-03-27,13.8,20.0,44.2,109,388,0.28
2026-03-30,17.8,20.0,45.0,270,228,1.18
2026-03-31,37.0,24.6,49.0,420,79,5.32
2026-04-01,46.2,27.6,49.4,304,194,1.57
2026-04-02,53.4,30.6,49.6,298,200,1.49
2026-04-06,59.4,34.0,49.4,320,177,1.81
2026-04-07,54.6,30.6,50.0,206,293,0.7
2026-04-08,76.0,49.6,56.0,421,79,5.33
2026-04-09,74.4,50.6,57.4,292,207,1.41
2026-04-10,66.8,45.0,54.2,138,361,0.38
2026-04-13,72.4,50.8,57.2,359,140,2.56
2026-04-14,74.0,54.4,58.0,288,208,1.38
2026-04-15,73.4,52.8,56.6,222,276,0.8
2026-04-16,75.8,53.6,56.8,297,202,1.47
2026-04-17,80.6,61.6,62.0,394,104,3.79
2026-04-20,78.4,62.8,61.0,276,222,1.24
2026-04-21,70.0,58.4,58.4,163,337,0.48
2026-04-22,66.0,55.4,58.6,218,281,0.78
2026-04-23,66.4,55.8,58.8,272,227,1.2
2026-04-24,60.2,53.2,57.4,177,321,0.55
2026-04-27,56.8,52.0,57.2,227,271,0.84
2026-04-28,56.8,52.8,57.8,229,270,0.85
2026-04-29,49.2,50.2,56.6,167,332,0.5
2026-04-30,59.6,56.4,58.6,376,119,3.16
2026-05-01,56.8,55.4,58.4,177,321,0.55
2026-05-04,46.2,52.4,55.6,154,343,0.45
2026-05-05,48.6,54.0,56.2,321,179,1.79
2026-05-06,52.6,56.6,58.2,318,181,1.76
2026-05-07,45.2,54.2,57.4,173,327,0.53
2026-05-08,43.0,52.6,56.2,210,290,0.72
2026-05-11,43.0,50.8,55.4,217,283,0.77
2026-05-12,44.8,51.8,56.0,258,241,1.07
2026-05-13,42.2,46.6,55.0,175,323,0.54
2026-05-14,42.0,47.6,55.6,299,200,1.5
2026-05-15,36.2,45.4,52.8,139,359,0.39
2026-05-18,45.0,52.0,56.6,353,145,2.43
2026-05-19,40.4,48.0,54.6,184,315,0.58
2026-05-20,48.4,54.0,57.0,349,149,2.34
2026-05-21,52.8,55.6,57.8,286,210,1.36
2026-05-22,60.2,58.6,59.6,352,147,2.39
2026-05-26,61.6,57.0,59.8,250,249,1.0
2026-05-27,56.69,56.69,58.88,234,262,0.89
2026-05-28,55.49,57.09,60.08,236,264,0.89
2026-05-29,50.5,54.89,59.28,196,305,0.64
2026-06-01,47.7,53.09,55.49,211,290,0.73
2026-06-02,52.3,52.69,56.29,259,241,1.07
2026-06-03,50.3,50.5,56.29,200,299,0.67
2026-06-04,62.08,56.09,59.08,360,140,2.57
2026-06-05,61.48,55.09,59.68,238,263,0.9
2026-06-08,55.29,52.89,58.28,179,321,0.56
2026-06-09,64.87,58.68,61.28,370,130,2.85
2026-06-10,56.29,51.7,59.68,174,326,0.53
2026-06-11,64.47,56.89,61.28,320,179,1.79
2026-06-12,71.26,61.28,61.88,395,106,3.73
2026-06-15,69.92,63.94,62.75,261,239,1.09
2026-06-16,68.13,65.74,64.14,274,228,1.2
2026-06-17,51.79,54.78,61.55,73,428,0.17
2026-06-18,51.2,55.98,61.16,264,237,1.11
2026-06-22,51.99,55.38,60.36,266,235,1.13
2026-06-23,54.38,59.76,61.75,283,218,1.3
2026-06-24,59.76,63.75,63.55,320,179,1.79
2026-06-25,60.96,63.55,62.75,303,199,1.52
2026-06-26,62.95,63.94,64.94,322,178,1.81
2026-06-29,65.14,64.54,63.15,231,269,0.86
2026-06-30,62.95,62.15,61.75,213,289,0.74
2026-07-01,64.14,63.55,63.75,298,204,1.46
2026-07-02,67.93,67.13,67.53,358,143,2.5
2026-07-06,67.73,68.53,67.53,219,281,0.78
2026-07-07,66.73,67.53,67.73,283,218,1.3
2026-07-08,57.57,63.94,64.34,111,391,0.28
2026-07-09,59.16,64.74,64.74,301,201,1.5
2026-07-10,62.35,68.13,67.13,340,160,2.12
2026-07-13,62.75,65.74,67.53,274,228,1.2
2026-07-14,57.57,63.55,66.33,202,297,0.68
2026-07-15,52.39,61.95,66.73,257,245,1.05
2026-07-16,64.94,67.53,70.52,370,131,2.82
2026-07-17,58.37,64.34,68.53,146,356,0.41
2026-07-20,52.79,61.95,66.33,164,337,0.49
2026-07-21,49.57,58.58,65.02,216,247,0.87
2026-07-22,45.55,61.82,65.94,224,233,0.96
2026-07-23,43.43,59.56,65.34,207,295,0.7
2026-07-24,54.98,65.54,66.33,362,140,2.59
2026-07-27,63.55,69.12,69.92,327,175,1.87
2026-07-28,68.92,72.11,71.91,357,144,2.48
2026-07-29,62.95,66.14,69.72,180,322,0.56
2026-07-30,55.58,64.14,69.12,196,304,0.64
2026-07-31,52.82,61.38,67.01,214,264,0.81
2026-08-03,59.36,65.14,70.12,331,171,1.94
2026-08-04,68.13,68.73,72.11,360,139,2.59
2026-08-05,65.34,67.53,71.71,245,257,0.95
2026-08-06,63.35,64.54,71.31,201,299,0.67
2026-08-07,65.34,66.53,73.51,323,177,1.82
2026-08-10,63.67,65.87,72.85,229,269,0.85
2026-08-11,64.14,63.94,72.11,275,225,1.22
2026-08-12,64.94,65.34,71.51,262,239,1.1
2026-08-13,69.32,68.53,74.5,319,182,1.75
2026-08-14,67.53,70.12,74.1,254,240,1.06
