date,diluted_shares_m,sbc_pct_rev,insider_net_flow_m
2010-01-04,125.0,15.2,0.0
2010-01-05,125.0,15.2,0.0
2010-01-06,125.0,15.2,0.0
2010-01-07,125.0,15.2,0.0
2010-01-08,125.0,15.2,0.0
2010-01-11,125.0,15.2,0.0
2010-01-12,125.0,15.2,0.0
2010-01-13,125.0,15.2,0.0
2010-01-14,125.0,15.2,0.0
2010-01-15,125.0,15.2,0.0
2010-01-19,125.0,15.2,0.0
2010-01-20,125.0,15.2,0.0
2010-01-21,125.0,15.2,0.0
2010-01-22,125.0,15.2,0.0
2010-01-25,125.0,15.2,0.0
2010-01-26,125.0,15.2,0.0
2010-01-27,125.0,15.2,0.0
2010-01-28,125.0,15.2,0.0
2010-01-29,125.0,15.2,0.0
2010-02-01,125.0,15.2,0.0
2010-02-02,125.0,15.2,0.0
2010-02-03,125.0,15.2,0.0
2010-02-04,125.0,15.2,0.0
2010-02-05,125.0,15.2,0.0
2010-02-08,125.0,15.2,0.0
2010-02-09,125.0,15.2,0.0
2010-02-10,125.0,15.2,0.0
2010-02-11,125.0,15.2,0.0
2010-02-12,125.0,15.2,0.0
2010-02-16,125.0,15.2,0.0
2010-02-17,125.0,15.2,0.0
2010-02-18,125.0,15.2,0.0
2010-02-19,125.0,15.2,0.0
2010-02-22,125.0,15.2,0.0
2010-02-23,125.0,15.2,0.0
2010-02-24,125.0,15.2,0.0
2010-02-25,125.0,15.2,0.0
2010-02-26,125.0,15.2,0.0
2010-03-01,125.0,15.2,0.0
2010-03-02,125.0,15.2,0.0
2010-03-03,125.0,15.2,0.0
2010-03-04,125.0,15.2,0.0
2010-03-05,125.0,15.2,0.0
2010-03-08,125.0,15.2,0.0
2010-03-09,125.0,15.2,0.0
2010-03-10,125.0,15.2,0.0
2010-03-11,125.0,15.2,0.0
2010-03-12,125.0,15.2,0.0
2010-03-15,125.0,15.2,0.0
2010-03-16,125.0,15.2,0.0
2010-03-17,125.0,15.2,0.0
2010-03-18,125.0,15.2,0.0
2010-03-19,125.0,15.2,0.0
2010-03-22,125.0,15.2,0.0
2010-03-23,125.0,15.2,0.0
2010-03-24,125.0,15.2,0.0
2010-03-25,125.0,15.2,0.0
2010-03-26,125.0,15.2,0.0
2010-03-29,125.0,15.2,0.0
2010-03-30,125.0,15.2,0.0
2010-03-31,125.0,15.2,0.0
2010-04-01,125.0,15.2,0.0
2010-04-05,125.0,15.2,0.0
2010-04-06,125.0,15.2,0.0
2010-04-07,125.0,15.2,0.0
2010-04-08,125.0,15.2,0.0
2010-04-09,125.0,15.2,0.0
2010-04-12,125.0,15.2,0.0
2010-04-13,125.0,15.2,0.0
2010-04-14,125.0,15.2,0.0
2010-04-15,125.0,15.2,0.0
2010-04-16,125.0,15.2,0.0
2010-04-19,125.0,15.2,0.0
2010-04-20,125.0,15.2,0.0
2010-04-21,125.0,15.2,0.0
2010-04-22,125.0,15.2,0.0
2010-04-23,125.0,15.2,0.0
2010-04-26,125.0,15.2,0.0
2010-04-27,125.0,15.2,0.0
2010-04-28,125.0,15.2,0.0
2010-04-29,125.0,15.2,0.0
2010-04-30,125.0,15.2,0.0
2010-05-03,125.0,15.2,0.0
2010-05-04,125.0,15.2,0.0
2010-05-05,125.0,15.2,0.0
2010-05-06,125.0,15.2,0.0
2010-05-07,125.0,15.2,0.0
2010-05-10,125.0,15.2,0.0
2010-05-11,125.0,15.2,0.0
2010-05-12,125.0,15.2,0.0
2010-05-13,125.0,15.2,0.0
2010-05-14,125.0,15.2,0.0
2010-05-17,125.0,15.2,0.0
2010-05-18,125.0,15.2,0.0
2010-05-19,125.0,15.2,0.0
2010-05-20,125.0,15.2,0.0
2010-05-21,125.0,15.2,0.0
2010-05-24,125.0,15.2,0.0
2010-05-25,125.0,15.2,0.0
2010-05-26,125.0,15.2,0.0
2010-05-27,125.0,15.2,0.0
2010-05-28,125.0,15.2,0.0
2010-06-01,125.0,15.2,0.0
2010-06-02,125.0,15.2,0.0
2010-06-03,125.0,15.2,0.0
2010-06-04,125.0,15.2,0.0
2010-06-07,125.0,15.2,0.0
2010-06-08,125.0,15.2,0.0
2010-06-09,125.0,15.2,0.0
2010-06-10,125.0,15.2,0.0
2010-06-11,125.0,15.2,0.0
2010-06-14,125.0,15.2,0.0
2010-06-15,125.0,15.2,0.0
2010-06-16,125.0,15.2,0.0
2010-06-17,125.0,15.2,0.0
2010-06-18,125.0,15.2,0.0
2010-06-21,125.0,15.2,0.0
2010-06-22,125.0,15.2,0.0
2010-06-23,125.0,15.2,0.0
2010-06-24,125.0,15.2,0.0
2010-06-25,125.0,15.2,0.0
2010-06-28,125.0,15.2,0.0
2010-06-29,125.0,15.2,0.0
2010-06-30,125.0,15.2,0.0
2010-07-01,125.0,15.2,0.0
2010-07-02,125.0,15.2,0.0
2010-07-06,125.0,15.2,0.0
2010-07-07,125.0,15.2,0.0
2010-07-08,125.0,15.2,0.0
2010-07-09,125.0,15.2,0.0
2010-07-12,125.0,15.2,0.0
2010-07-13,125.0,15.2,0.0
2010-07-14,125.0,15.2,0.0
2010-07-15,125.0,15.2,0.0
2010-07-16,125.0,15.2,0.0
2010-07-19,125.0,15.2,0.0
2010-07-20,125.0,15.2,0.0
2010-07-21,125.0,15.2,0.0
2010-07-22,125.0,15.2,0.0
2010-07-23,125.0,15.2,0.0
2010-07-26,125.0,15.2,0.0
2010-07-27,125.0,15.2,0.0
2010-07-28,125.0,15.2,0.0
2010-07-29,125.0,15.2,0.0
2010-07-30,125.0,15.2,0.0
2010-08-02,125.0,15.2,0.0
2010-08-03,125.0,15.2,0.0
2010-08-04,125.0,15.2,0.0
2010-08-05,125.0,15.2,0.0
2010-08-06,125.0,15.2,0.0
2010-08-09,125.0,15.2,0.0
2010-08-10,125.0,15.2,0.0
2010-08-11,125.0,15.2,0.0
2010-08-12,125.0,15.2,0.0
2010-08-13,125.0,15.2,0.0
2010-08-16,125.0,15.2,0.0
2010-08-17,125.0,15.2,0.0
2010-08-18,125.0,15.2,0.0
2010-08-19,125.0,15.2,0.0
2010-08-20,125.0,15.2,0.0
2010-08-23,125.0,15.2,0.0
2010-08-24,125.0,15.2,0.0
2010-08-25,125.0,15.2,0.0
2010-08-26,125.0,15.2,0.0
2010-08-27,125.0,15.2,0.0
2010-08-30,125.0,15.2,0.0
2010-08-31,125.0,15.2,0.0
2010-09-01,125.0,15.2,0.0
2010-09-02,125.0,15.2,0.0
2010-09-03,125.0,15.2,0.0
2010-09-07,125.0,15.2,0.0
2010-09-08,125.0,15.2,0.0
2010-09-09,125.0,15.2,0.0
2010-09-10,125.0,15.2,0.0
2010-09-13,125.0,15.2,0.0
2010-09-14,125.0,15.2,0.0
2010-09-15,125.0,15.2,0.0
2010-09-16,125.0,15.2,0.0
2010-09-17,125.0,15.2,0.0
2010-09-20,125.0,15.2,0.0
2010-09-21,125.0,15.2,0.0
2010-09-22,125.0,15.2,0.0
2010-09-23,125.0,15.2,0.0
2010-09-24,125.0,15.2,0.0
2010-09-27,125.0,15.2,0.0
2010-09-28,125.0,15.2,0.0
2010-09-29,125.0,15.2,0.0
2010-09-30,125.0,15.2,0.0
2010-10-01,125.0,15.2,0.0
2010-10-04,125.0,15.2,0.0
2010-10-05,125.0,15.2,0.0
2010-10-06,125.0,15.2,0.0
2010-10-07,125.0,15.2,0.0
2010-10-08,125.0,15.2,0.0
2010-10-11,125.0,15.2,0.0
2010-10-12,125.0,15.2,0.0
2010-10-13,125.0,15.2,0.0
2010-10-14,125.0,15.2,0.0
2010-10-15,125.0,15.2,0.0
2010-10-18,125.0,15.2,0.0
2010-10-19,125.0,15.2,0.0
2010-10-20,125.0,15.2,0.0
2010-10-21,125.0,15.2,0.0
2010-10-22,125.0,15.2,0.0
2010-10-25,125.0,15.2,0.0
2010-10-26,125.0,15.2,0.0
2010-10-27,125.0,15.2,0.0
2010-10-28,125.0,15.2,0.0
2010-10-29,125.0,15.2,0.0
2010-11-01,125.0,15.2,0.0
2010-11-02,125.0,15.2,0.0
2010-11-03,125.0,15.2,0.0
2010-11-04,125.0,15.2,0.0
2010-11-05,125.0,15.2,0.0
2010-11-08,125.0,15.2,0.0
2010-11-09,125.0,15.2,0.0
2010-11-10,125.0,15.2,0.0
2010-11-11,125.0,15.2,0.0
2010-11-12,125.0,15.2,0.0
2010-11-15,125.0,15.2,0.0
2010-11-16,125.0,15.2,0.0
2010-11-17,125.0,15.2,0.0
2010-11-18,125.0,15.2,0.0
2010-11-19,125.0,15.2,0.0
2010-11-22,125.0,15.2,0.0
2010-11-23,125.0,15.2,0.0
2010-11-24,125.0,15.2,0.0
2010-11-26,125.0,15.2,0.0
2010-11-29,125.0,15.2,0.0
2010-11-30,125.0,15.2,0.0
2010-12-01,125.0,15.2,0.0
2010-12-02,125.0,15.2,0.0
2010-12-03,125.0,15.2,0.0
2010-12-06,125.0,15.2,0.0
2010-12-07,125.0,15.2,0.0
2010-12-08,125.0,15.2,0.0
2010-12-09,125.0,15.2,0.0
2010-12-10,125.0,15.2,0.0
2010-12-13,125.0,15.2,0.0
2010-12-14,125.0,15.2,0.0
2010-12-15,125.0,15.2,0.0
2010-12-16,125.0,15.2,0.0
2010-12-17,125.0,15.2,0.0
2010-12-20,125.0,15.2,0.0
2010-12-21,125.0,15.2,0.0
2010-12-22,125.0,15.2,0.0
2010-12-23,125.0,15.2,0.0
2010-12-27,125.0,15.2,0.0
2010-12-28,125.0,15.2,0.0
2010-12-29,125.0,15.2,0.0
2010-12-30,125.0,15.2,0.0
2010-12-31,125.0,15.2,0.0
2011-01-03,125.0,15.2,0.0
2011-01-04,125.0,15.2,0.0
2011-01-05,125.0,15.2,0.0
2011-01-06,125.0,15.2,0.0
2011-01-07,125.0,15.2,0.0
2011-01-10,125.0,15.2,0.0
2011-01-11,125.0,15.2,0.0
2011-01-12,125.0,15.2,0.0
2011-01-13,125.0,15.2,0.0
2011-01-14,125.0,15.2,0.0
2011-01-18,125.0,15.2,0.0
2011-01-19,125.0,15.2,0.0
2011-01-20,125.0,15.2,0.0
2011-01-21,125.0,15.2,0.0
2011-01-24,125.0,15.2,0.0
2011-01-25,125.0,15.2,0.0
2011-01-26,125.0,15.2,0.0
2011-01-27,125.0,15.2,0.0
2011-01-28,125.0,15.2,0.0
2011-01-31,125.0,15.2,0.0
2011-02-01,125.0,15.2,0.0
2011-02-02,125.0,15.2,0.0
2011-02-03,125.0,15.2,0.0
2011-02-04,125.0,15.2,0.0
2011-02-07,125.0,15.2,0.0
2011-02-08,125.0,15.2,0.0
2011-02-09,125.0,15.2,0.0
2011-02-10,125.0,15.2,0.0
2011-02-11,125.0,15.2,0.0
2011-02-14,125.0,15.2,0.0
2011-02-15,125.0,15.2,0.0
2011-02-16,125.0,15.2,0.0
2011-02-17,125.0,15.2,0.0
2011-02-18,125.0,15.2,0.0
2011-02-22,125.0,15.2,0.0
2011-02-23,125.0,15.2,0.0
2011-02-24,125.0,15.2,0.0
2011-02-25,125.0,15.2,0.0
2011-02-28,125.0,15.2,0.0
2011-03-01,125.0,15.2,0.0
2011-03-02,125.0,15.2,0.0
2011-03-03,125.0,15.2,0.0
2011-03-04,125.0,15.2,0.0
2011-03-07,125.0,15.2,0.0
2011-03-08,125.0,15.2,0.0
2011-03-09,125.0,15.2,0.0
2011-03-10,125.0,15.2,0.0
2011-03-11,125.0,15.2,0.0
2011-03-14,125.0,15.2,0.0
2011-03-15,125.0,15.2,0.0
2011-03-16,125.0,15.2,0.0
2011-03-17,125.0,15.2,0.0
2011-03-18,125.0,15.2,0.0
2011-03-21,125.0,15.2,0.0
2011-03-22,125.0,15.2,0.0
2011-03-23,125.0,15.2,0.0
2011-03-24,125.0,15.2,0.0
2011-03-25,125.0,15.2,0.0
2011-03-28,125.0,15.2,0.0
2011-03-29,125.0,15.2,0.0
2011-03-30,125.0,15.2,0.0
2011-03-31,125.0,15.2,0.0
2011-04-01,125.0,15.2,0.0
2011-04-04,125.0,15.2,0.0
2011-04-05,125.0,15.2,0.0
2011-04-06,125.0,15.2,0.0
2011-04-07,125.0,15.2,0.0
2011-04-08,125.0,15.2,0.0
2011-04-11,125.0,15.2,0.0
2011-04-12,125.0,15.2,0.0
2011-04-13,125.0,15.2,0.0
2011-04-14,125.0,15.2,0.0
2011-04-15,125.0,15.2,0.0
2011-04-18,125.0,15.2,0.0
2011-04-19,125.0,15.2,0.0
2011-04-20,125.0,15.2,0.0
2011-04-21,125.0,15.2,0.0
2011-04-25,125.0,15.2,0.0
2011-04-26,125.0,15.2,0.0
2011-04-27,125.0,15.2,0.0
2011-04-28,125.0,15.2,0.0
2011-04-29,125.0,15.2,0.0
2011-05-02,125.0,15.2,0.0
2011-05-03,125.0,15.2,0.0
2011-05-04,125.0,15.2,0.0
2011-05-05,125.0,15.2,0.0
2011-05-06,125.0,15.2,0.0
2011-05-09,125.0,15.2,0.0
2011-05-10,125.0,15.2,0.0
2011-05-11,125.0,15.2,0.0
2011-05-12,125.0,15.2,0.0
2011-05-13,125.0,15.2,0.0
2011-05-16,125.0,15.2,0.0
2011-05-17,125.0,15.2,0.0
2011-05-18,125.0,15.2,0.0
2011-05-19,125.0,15.2,0.0
2011-05-20,125.0,15.2,0.0
2011-05-23,125.0,15.2,0.0
2011-05-24,125.0,15.2,0.0
2011-05-25,125.0,15.2,0.0
2011-05-26,125.0,15.2,0.0
2011-05-27,125.0,15.2,0.0
2011-05-31,125.0,15.2,0.0
2011-06-01,125.0,15.2,0.0
2011-06-02,125.0,15.2,0.0
2011-06-03,125.0,15.2,0.0
2011-06-06,125.0,15.2,0.0
2011-06-07,125.0,15.2,0.0
2011-06-08,125.0,15.2,0.0
2011-06-09,125.0,15.2,0.0
2011-06-10,125.0,15.2,0.0
2011-06-13,125.0,15.2,0.0
2011-06-14,125.0,15.2,0.0
2011-06-15,125.0,15.2,0.0
2011-06-16,125.0,15.2,0.0
2011-06-17,125.0,15.2,0.0
2011-06-20,125.0,15.2,0.0
2011-06-21,125.0,15.2,0.0
2011-06-22,125.0,15.2,0.0
2011-06-23,125.0,15.2,0.0
2011-06-24,125.0,15.2,0.0
2011-06-27,125.0,15.2,0.0
2011-06-28,125.0,15.2,0.0
2011-06-29,125.0,15.2,0.0
2011-06-30,125.0,15.2,0.0
2011-07-01,125.0,15.2,0.0
2011-07-05,125.0,15.2,0.0
2011-07-06,125.0,15.2,0.0
2011-07-07,125.0,15.2,0.0
2011-07-08,125.0,15.2,0.0
2011-07-11,125.0,15.2,0.0
2011-07-12,125.0,15.2,0.0
2011-07-13,125.0,15.2,0.0
2011-07-14,125.0,15.2,0.0
2011-07-15,125.0,15.2,0.0
2011-07-18,125.0,15.2,0.0
2011-07-19,125.0,15.2,0.0
2011-07-20,125.0,15.2,0.0
2011-07-21,125.0,15.2,0.0
2011-07-22,125.0,15.2,0.0
2011-07-25,125.0,15.2,0.0
2011-07-26,125.0,15.2,0.0
2011-07-27,125.0,15.2,0.0
2011-07-28,125.0,15.2,0.0
2011-07-29,125.0,15.2,0.0
2011-08-01,125.0,15.2,0.0
2011-08-02,125.0,15.2,0.0
2011-08-03,125.0,15.2,0.0
2011-08-04,125.0,15.2,0.0
2011-08-05,125.0,15.2,0.0
2011-08-08,125.0,15.2,0.0
2011-08-09,125.0,15.2,0.0
2011-08-10,125.0,15.2,0.0
2011-08-11,125.0,15.2,0.0
2011-08-12,125.0,15.2,0.0
2011-08-15,125.0,15.2,0.0
2011-08-16,125.0,15.2,0.0
2011-08-17,125.0,15.2,0.0
2011-08-18,125.0,15.2,0.0
2011-08-19,125.0,15.2,0.0
2011-08-22,125.0,15.2,0.0
2011-08-23,125.0,15.2,0.0
2011-08-24,125.0,15.2,0.0
2011-08-25,125.0,15.2,0.0
2011-08-26,125.0,15.2,0.0
2011-08-29,125.0,15.2,0.0
2011-08-30,125.0,15.2,0.0
2011-08-31,125.0,15.2,0.0
2011-09-01,125.0,15.2,0.0
2011-09-02,125.0,15.2,0.0
2011-09-06,125.0,15.2,0.0
2011-09-07,125.0,15.2,0.0
2011-09-08,125.0,15.2,0.0
2011-09-09,125.0,15.2,0.0
2011-09-12,125.0,15.2,0.0
2011-09-13,125.0,15.2,0.0
2011-09-14,125.0,15.2,0.0
2011-09-15,125.0,15.2,0.0
2011-09-16,125.0,15.2,0.0
2011-09-19,125.0,15.2,0.0
2011-09-20,125.0,15.2,0.0
2011-09-21,125.0,15.2,0.0
2011-09-22,125.0,15.2,0.0
2011-09-23,125.0,15.2,0.0
2011-09-26,125.0,15.2,0.0
2011-09-27,125.0,15.2,0.0
2011-09-28,125.0,15.2,0.0
2011-09-29,125.0,15.2,0.0
2011-09-30,125.0,15.2,0.0
2011-10-03,125.0,15.2,0.0
2011-10-04,125.0,15.2,0.0
2011-10-05,125.0,15.2,0.0
2011-10-06,125.0,15.2,0.0
2011-10-07,125.0,15.2,0.0
2011-10-10,125.0,15.2,0.0
2011-10-11,125.0,15.2,0.0
2011-10-12,125.0,15.2,0.0
2011-10-13,125.0,15.2,0.0
2011-10-14,125.0,15.2,0.0
2011-10-17,125.0,15.2,0.0
2011-10-18,125.0,15.2,0.0
2011-10-19,125.0,15.2,0.0
2011-10-20,125.0,15.2,0.0
2011-10-21,125.0,15.2,0.0
2011-10-24,125.0,15.2,0.0
2011-10-25,125.0,15.2,0.0
2011-10-26,125.0,15.2,0.0
2011-10-27,125.0,15.2,0.0
2011-10-28,125.0,15.2,0.0
2011-10-31,125.0,15.2,0.0
2011-11-01,125.0,15.2,0.0
2011-11-02,125.0,15.2,0.0
2011-11-03,125.0,15.2,0.0
2011-11-04,125.0,15.2,0.0
2011-11-07,125.0,15.2,0.0
2011-11-08,125.0,15.2,0.0
2011-11-09,125.0,15.2,0.0
2011-11-10,125.0,15.2,0.0
2011-11-11,125.0,15.2,0.0
2011-11-14,125.0,15.2,0.0
2011-11-15,125.0,15.2,0.0
2011-11-16,125.0,15.2,0.0
2011-11-17,125.0,15.2,0.0
2011-11-18,125.0,15.2,0.0
2011-11-21,125.0,15.2,0.0
2011-11-22,125.0,15.2,0.0
2011-11-23,125.0,15.2,0.0
2011-11-25,125.0,15.2,0.0
2011-11-28,125.0,15.2,0.0
2011-11-29,125.0,15.2,0.0
2011-11-30,125.0,15.2,0.0
2011-12-01,125.0,15.2,0.0
2011-12-02,125.0,15.2,0.0
2011-12-05,125.0,15.2,0.0
2011-12-06,125.0,15.2,0.0
2011-12-07,125.0,15.2,0.0
2011-12-08,125.0,15.2,0.0
2011-12-09,125.0,15.2,0.0
2011-12-12,125.0,15.2,0.0
2011-12-13,125.0,15.2,0.0
2011-12-14,125.0,15.2,0.0
2011-12-15,125.0,15.2,0.0
2011-12-16,125.0,15.2,0.0
2011-12-19,125.0,15.2,0.0
2011-12-20,125.0,15.2,0.0
2011-12-21,125.0,15.2,0.0
2011-12-22,125.0,15.2,0.0
2011-12-23,125.0,15.2,0.0
2011-12-27,125.0,15.2,0.0
2011-12-28,125.0,15.2,0.0
2011-12-29,125.0,15.2,0.0
2011-12-30,125.0,15.2,0.0
2012-01-03,125.0,15.2,0.0
2012-01-04,125.0,15.2,0.0
2012-01-05,125.0,15.2,0.0
2012-01-06,125.0,15.2,0.0
2012-01-09,125.0,15.2,0.0
2012-01-10,125.0,15.2,0.0
2012-01-11,125.0,15.2,0.0
2012-01-12,125.0,15.2,0.0
2012-01-13,125.0,15.2,0.0
2012-01-17,125.0,15.2,0.0
2012-01-18,125.0,15.2,0.0
2012-01-19,125.0,15.2,0.0
2012-01-20,125.0,15.2,0.0
2012-01-23,125.0,15.2,0.0
2012-01-24,125.0,15.2,0.0
2012-01-25,125.0,15.2,0.0
2012-01-26,125.0,15.2,0.0
2012-01-27,125.0,15.2,0.0
2012-01-30,125.0,15.2,0.0
2012-01-31,125.0,15.2,0.0
2012-02-01,125.0,15.2,0.0
2012-02-02,125.0,15.2,0.0
2012-02-03,125.0,15.2,0.0
2012-02-06,125.0,15.2,0.0
2012-02-07,125.0,15.2,0.0
2012-02-08,125.0,15.2,0.0
2012-02-09,125.0,15.2,0.0
2012-02-10,125.0,15.2,0.0
2012-02-13,125.0,15.2,0.0
2012-02-14,125.0,15.2,0.0
2012-02-15,125.0,15.2,0.0
2012-02-16,125.0,15.2,0.0
2012-02-17,125.0,15.2,0.0
2012-02-21,125.0,15.2,0.0
2012-02-22,125.0,15.2,0.0
2012-02-23,125.0,15.2,0.0
2012-02-24,125.0,15.2,0.0
2012-02-27,125.0,15.2,0.0
2012-02-28,125.0,15.2,0.0
2012-02-29,125.0,15.2,0.0
2012-03-01,125.0,15.2,0.0
2012-03-02,125.0,15.2,0.0
2012-03-05,125.0,15.2,0.0
2012-03-06,125.0,15.2,0.0
2012-03-07,125.0,15.2,0.0
2012-03-08,125.0,15.2,0.0
2012-03-09,125.0,15.2,0.0
2012-03-12,125.0,15.2,0.0
2012-03-13,125.0,15.2,0.0
2012-03-14,125.0,15.2,0.0
2012-03-15,125.0,15.2,0.0
2012-03-16,125.0,15.2,0.0
2012-03-19,125.0,15.2,0.0
2012-03-20,125.0,15.2,0.0
2012-03-21,125.0,15.2,0.0
2012-03-22,125.0,15.2,0.0
2012-03-23,125.0,15.2,0.0
2012-03-26,125.0,15.2,0.0
2012-03-27,125.0,15.2,0.0
2012-03-28,125.0,15.2,0.0
2012-03-29,125.0,15.2,0.0
2012-03-30,125.0,15.2,0.0
2012-04-02,125.0,15.2,0.0
2012-04-03,125.0,15.2,0.0
2012-04-04,125.0,15.2,0.0
2012-04-05,125.0,15.2,0.0
2012-04-09,125.0,15.2,0.0
2012-04-10,125.0,15.2,0.0
2012-04-11,125.0,15.2,0.0
2012-04-12,125.0,15.2,0.0
2012-04-13,125.0,15.2,0.0
2012-04-16,125.0,15.2,0.0
2012-04-17,125.0,15.2,0.0
2012-04-18,125.0,15.2,0.0
2012-04-19,125.0,15.2,0.0
2012-04-20,125.0,15.2,0.0
2012-04-23,125.0,15.2,0.0
2012-04-24,125.0,15.2,0.0
2012-04-25,125.0,15.2,0.0
2012-04-26,125.0,15.2,0.0
2012-04-27,125.0,15.2,0.0
2012-04-30,125.0,15.2,0.0
2012-05-01,125.0,15.2,0.0
2012-05-02,125.0,15.2,0.0
2012-05-03,125.0,15.2,0.0
2012-05-04,125.0,15.2,0.0
2012-05-07,125.0,15.2,0.0
2012-05-08,125.0,15.2,0.0
2012-05-09,125.0,15.2,0.0
2012-05-10,125.0,15.2,0.0
2012-05-11,125.0,15.2,0.0
2012-05-14,125.0,15.2,0.0
2012-05-15,125.0,15.2,0.0
2012-05-16,125.0,15.2,0.0
2012-05-17,125.0,15.2,0.0
2012-05-18,125.0,15.2,0.0
2012-05-21,125.0,15.2,0.0
2012-05-22,125.0,15.2,0.0
2012-05-23,125.0,15.2,0.0
2012-05-24,125.0,15.2,0.0
2012-05-25,125.0,15.2,0.0
2012-05-29,125.0,15.2,0.0
2012-05-30,125.0,15.2,0.0
2012-05-31,125.0,15.2,0.0
2012-06-01,125.0,15.2,0.0
2012-06-04,125.0,15.2,0.0
2012-06-05,125.0,15.2,0.0
2012-06-06,125.0,15.2,0.0
2012-06-07,125.0,15.2,0.0
2012-06-08,125.0,15.2,0.0
2012-06-11,125.0,15.2,0.0
2012-06-12,125.0,15.2,0.0
2012-06-13,125.0,15.2,0.0
2012-06-14,125.0,15.2,0.0
2012-06-15,125.0,15.2,0.0
2012-06-18,125.0,15.2,0.0
2012-06-19,125.0,15.2,0.0
2012-06-20,125.0,15.2,0.0
2012-06-21,125.0,15.2,0.0
2012-06-22,125.0,15.2,0.0
2012-06-25,125.0,15.2,0.0
2012-06-26,125.0,15.2,0.0
2012-06-27,125.0,15.2,0.0
2012-06-28,125.0,15.2,0.0
2012-06-29,125.0,15.2,0.0
2012-07-02,125.0,15.2,0.0
2012-07-03,125.0,15.2,0.0
2012-07-05,125.0,15.2,0.0
2012-07-06,125.0,15.2,0.0
2012-07-09,125.0,15.2,0.0
2012-07-10,125.0,15.2,0.0
2012-07-11,125.0,15.2,0.0
2012-07-12,125.0,15.2,0.0
2012-07-13,125.0,15.2,0.0
2012-07-16,125.0,15.2,0.0
2012-07-17,125.0,15.2,0.0
2012-07-18,125.0,15.2,0.0
2012-07-19,125.0,15.2,0.0
2012-07-20,125.0,15.2,0.0
2012-07-23,125.0,15.2,0.0
2012-07-24,125.0,15.2,0.0
2012-07-25,125.0,15.2,0.0
2012-07-26,125.0,15.2,0.0
2012-07-27,125.0,15.2,0.0
2012-07-30,125.0,15.2,0.0
2012-07-31,125.0,15.2,0.0
2012-08-01,125.0,15.2,0.0
2012-08-02,125.0,15.2,0.0
2012-08-03,125.0,15.2,0.0
2012-08-06,125.0,15.2,0.0
2012-08-07,125.0,15.2,0.0
2012-08-08,125.0,15.2,0.0
2012-08-09,125.0,15.2,0.0
2012-08-10,125.0,15.2,0.0
2012-08-13,125.0,15.2,0.0
2012-08-14,125.0,15.2,0.0
2012-08-15,125.0,15.2,0.0
2012-08-16,125.0,15.2,0.0
2012-08-17,125.0,15.2,0.0
2012-08-20,125.0,15.2,0.0
2012-08-21,125.0,15.2,0.0
2012-08-22,125.0,15.2,0.0
2012-08-23,125.0,15.2,0.0
2012-08-24,125.0,15.2,0.0
2012-08-27,125.0,15.2,0.0
2012-08-28,125.0,15.2,0.0
2012-08-29,125.0,15.2,0.0
2012-08-30,125.0,15.2,0.0
2012-08-31,125.0,15.2,0.0
2012-09-04,125.0,15.2,0.0
2012-09-05,125.0,15.2,0.0
2012-09-06,125.0,15.2,0.0
2012-09-07,125.0,15.2,0.0
2012-09-10,125.0,15.2,0.0
2012-09-11,125.0,15.2,0.0
2012-09-12,125.0,15.2,0.0
2012-09-13,125.0,15.2,0.0
2012-09-14,125.0,15.2,0.0
2012-09-17,125.0,15.2,0.0
2012-09-18,125.0,15.2,0.0
2012-09-19,125.0,15.2,0.0
2012-09-20,125.0,15.2,0.0
2012-09-21,125.0,15.2,0.0
2012-09-24,125.0,15.2,0.0
2012-09-25,125.0,15.2,0.0
2012-09-26,125.0,15.2,0.0
2012-09-27,125.0,15.2,0.0
2012-09-28,125.0,15.2,0.0
2012-10-01,125.0,15.2,0.0
2012-10-02,125.0,15.2,0.0
2012-10-03,125.0,15.2,0.0
2012-10-04,125.0,15.2,0.0
2012-10-05,125.0,15.2,0.0
2012-10-08,125.0,15.2,0.0
2012-10-09,125.0,15.2,0.0
2012-10-10,125.0,15.2,0.0
2012-10-11,125.0,15.2,0.0
2012-10-12,125.0,15.2,0.0
2012-10-15,125.0,15.2,0.0
2012-10-16,125.0,15.2,0.0
2012-10-17,125.0,15.2,0.0
2012-10-18,125.0,15.2,0.0
2012-10-19,125.0,15.2,0.0
2012-10-22,125.0,15.2,0.0
2012-10-23,125.0,15.2,0.0
2012-10-24,125.0,15.2,0.0
2012-10-25,125.0,15.2,0.0
2012-10-26,125.0,15.2,0.0
2012-10-31,125.0,15.2,0.0
2012-11-01,125.0,15.2,0.0
2012-11-02,125.0,15.2,0.0
2012-11-05,125.0,15.2,0.0
2012-11-06,125.0,15.2,0.0
2012-11-07,125.0,15.2,0.0
2012-11-08,125.0,15.2,0.0
2012-11-09,125.0,15.2,0.0
2012-11-12,125.0,15.2,0.0
2012-11-13,125.0,15.2,0.0
2012-11-14,125.0,15.2,0.0
2012-11-15,125.0,15.2,0.0
2012-11-16,125.0,15.2,0.0
2012-11-19,125.0,15.2,0.0
2012-11-20,125.0,15.2,0.0
2012-11-21,125.0,15.2,0.0
2012-11-23,125.0,15.2,0.0
2012-11-26,125.0,15.2,0.0
2012-11-27,125.0,15.2,0.0
2012-11-28,125.0,15.2,0.0
2012-11-29,125.0,15.2,0.0
2012-11-30,125.0,15.2,0.0
2012-12-03,125.0,15.2,0.0
2012-12-04,125.0,15.2,0.0
2012-12-05,125.0,15.2,0.0
2012-12-06,125.0,15.2,0.0
2012-12-07,125.0,15.2,0.0
2012-12-10,125.0,15.2,0.0
2012-12-11,125.0,15.2,0.0
2012-12-12,125.0,15.2,0.0
2012-12-13,125.0,15.2,0.0
2012-12-14,125.0,15.2,0.0
2012-12-17,125.0,15.2,0.0
2012-12-18,125.0,15.2,0.0
2012-12-19,125.0,15.2,0.0
2012-12-20,125.0,15.2,0.0
2012-12-21,125.0,15.2,0.0
2012-12-24,125.0,15.2,0.0
2012-12-26,125.0,15.2,0.0
2012-12-27,125.0,15.2,0.0
2012-12-28,125.0,15.2,0.0
2012-12-31,128.5,16.0,-2.5
2013-01-02,128.5,16.0,-2.5
2013-01-03,128.5,16.0,-2.5
2013-01-04,128.5,16.0,-2.5
2013-01-07,128.5,16.0,-2.5
2013-01-08,128.5,16.0,-2.5
2013-01-09,128.5,16.0,-2.5
2013-01-10,128.5,16.0,-2.5
2013-01-11,128.5,16.0,-2.5
2013-01-14,128.5,16.0,-2.5
2013-01-15,128.5,16.0,-2.5
2013-01-16,128.5,16.0,-2.5
2013-01-17,128.5,16.0,-2.5
2013-01-18,128.5,16.0,-2.5
2013-01-22,128.5,16.0,-2.5
2013-01-23,128.5,16.0,-2.5
2013-01-24,128.5,16.0,-2.5
2013-01-25,128.5,16.0,-2.5
2013-01-28,128.5,16.0,-2.5
2013-01-29,128.5,16.0,-2.5
2013-01-30,128.5,16.0,-2.5
2013-01-31,128.5,16.0,-2.5
2013-02-01,128.5,16.0,-2.5
2013-02-04,128.5,16.0,-2.5
2013-02-05,128.5,16.0,-2.5
2013-02-06,128.5,16.0,-2.5
2013-02-07,128.5,16.0,-2.5
2013-02-08,128.5,16.0,-2.5
2013-02-11,128.5,16.0,-2.5
2013-02-12,128.5,16.0,-2.5
2013-02-13,128.5,16.0,-2.5
2013-02-14,128.5,16.0,-2.5
2013-02-15,128.5,16.0,-2.5
2013-02-19,128.5,16.0,-2.5
2013-02-20,128.5,16.0,-2.5
2013-02-21,128.5,16.0,-2.5
2013-02-22,128.5,16.0,-2.5
2013-02-25,128.5,16.0,-2.5
2013-02-26,128.5,16.0,-2.5
2013-02-27,128.5,16.0,-2.5
2013-02-28,128.5,16.0,-2.5
2013-03-01,128.5,16.0,-2.5
2013-03-04,128.5,16.0,-2.5
2013-03-05,128.5,16.0,-2.5
2013-03-06,128.5,16.0,-2.5
2013-03-07,128.5,16.0,-2.5
2013-03-08,128.5,16.0,-2.5
2013-03-11,128.5,16.0,-2.5
2013-03-12,128.5,16.0,-2.5
2013-03-13,128.5,16.0,-2.5
2013-03-14,128.5,16.0,-2.5
2013-03-15,128.5,16.0,-2.5
2013-03-18,128.5,16.0,-2.5
2013-03-19,128.5,16.0,-2.5
2013-03-20,128.5,16.0,-2.5
2013-03-21,128.5,16.0,-2.5
2013-03-22,128.5,16.0,-2.5
2013-03-25,128.5,16.0,-2.5
2013-03-26,128.5,16.0,-2.5
2013-03-27,128.5,16.0,-2.5
2013-03-28,128.5,16.0,-2.5
2013-04-01,128.5,16.0,-2.5
2013-04-02,128.5,16.0,-2.5
2013-04-03,128.5,16.0,-2.5
2013-04-04,128.5,16.0,-2.5
2013-04-05,128.5,16.0,-2.5
2013-04-08,128.5,16.0,-2.5
2013-04-09,128.5,16.0,-2.5
2013-04-10,128.5,16.0,-2.5
2013-04-11,128.5,16.0,-2.5
2013-04-12,128.5,16.0,-2.5
2013-04-15,128.5,16.0,-2.5
2013-04-16,128.5,16.0,-2.5
2013-04-17,128.5,16.0,-2.5
2013-04-18,128.5,16.0,-2.5
2013-04-19,128.5,16.0,-2.5
2013-04-22,128.5,16.0,-2.5
2013-04-23,128.5,16.0,-2.5
2013-04-24,128.5,16.0,-2.5
2013-04-25,128.5,16.0,-2.5
2013-04-26,128.5,16.0,-2.5
2013-04-29,128.5,16.0,-2.5
2013-04-30,128.5,16.0,-2.5
2013-05-01,128.5,16.0,-2.5
2013-05-02,128.5,16.0,-2.5
2013-05-03,128.5,16.0,-2.5
2013-05-06,128.5,16.0,-2.5
2013-05-07,128.5,16.0,-2.5
2013-05-08,128.5,16.0,-2.5
2013-05-09,128.5,16.0,-2.5
2013-05-10,128.5,16.0,-2.5
2013-05-13,128.5,16.0,-2.5
2013-05-14,128.5,16.0,-2.5
2013-05-15,128.5,16.0,-2.5
2013-05-16,128.5,16.0,-2.5
2013-05-17,128.5,16.0,-2.5
2013-05-20,128.5,16.0,-2.5
2013-05-21,128.5,16.0,-2.5
2013-05-22,128.5,16.0,-2.5
2013-05-23,128.5,16.0,-2.5
2013-05-24,128.5,16.0,-2.5
2013-05-28,128.5,16.0,-2.5
2013-05-29,128.5,16.0,-2.5
2013-05-30,128.5,16.0,-2.5
2013-05-31,128.5,16.0,-2.5
2013-06-03,128.5,16.0,-2.5
2013-06-04,128.5,16.0,-2.5
2013-06-05,128.5,16.0,-2.5
2013-06-06,128.5,16.0,-2.5
2013-06-07,128.5,16.0,-2.5
2013-06-10,128.5,16.0,-2.5
2013-06-11,128.5,16.0,-2.5
2013-06-12,128.5,16.0,-2.5
2013-06-13,128.5,16.0,-2.5
2013-06-14,128.5,16.0,-2.5
2013-06-17,128.5,16.0,-2.5
2013-06-18,128.5,16.0,-2.5
2013-06-19,128.5,16.0,-2.5
2013-06-20,128.5,16.0,-2.5
2013-06-21,128.5,16.0,-2.5
2013-06-24,128.5,16.0,-2.5
2013-06-25,128.5,16.0,-2.5
2013-06-26,128.5,16.0,-2.5
2013-06-27,128.5,16.0,-2.5
2013-06-28,128.5,16.0,-2.5
2013-07-01,132.0,16.5,-4.0
2013-07-02,132.0,16.5,-4.0
2013-07-03,132.0,16.5,-4.0
2013-07-05,132.0,16.5,-4.0
2013-07-08,132.0,16.5,-4.0
2013-07-09,132.0,16.5,-4.0
2013-07-10,132.0,16.5,-4.0
2013-07-11,132.0,16.5,-4.0
2013-07-12,132.0,16.5,-4.0
2013-07-15,132.0,16.5,-4.0
2013-07-16,132.0,16.5,-4.0
2013-07-17,132.0,16.5,-4.0
2013-07-18,132.0,16.5,-4.0
2013-07-19,132.0,16.5,-4.0
2013-07-22,132.0,16.5,-4.0
2013-07-23,132.0,16.5,-4.0
2013-07-24,132.0,16.5,-4.0
2013-07-25,132.0,16.5,-4.0
2013-07-26,132.0,16.5,-4.0
2013-07-29,132.0,16.5,-4.0
2013-07-30,132.0,16.5,-4.0
2013-07-31,132.0,16.5,-4.0
2013-08-01,132.0,16.5,-4.0
2013-08-02,132.0,16.5,-4.0
2013-08-05,132.0,16.5,-4.0
2013-08-06,132.0,16.5,-4.0
2013-08-07,132.0,16.5,-4.0
2013-08-08,132.0,16.5,-4.0
2013-08-09,132.0,16.5,-4.0
2013-08-12,132.0,16.5,-4.0
2013-08-13,132.0,16.5,-4.0
2013-08-14,132.0,16.5,-4.0
2013-08-15,132.0,16.5,-4.0
2013-08-16,132.0,16.5,-4.0
2013-08-19,132.0,16.5,-4.0
2013-08-20,132.0,16.5,-4.0
2013-08-21,132.0,16.5,-4.0
2013-08-22,132.0,16.5,-4.0
2013-08-23,132.0,16.5,-4.0
2013-08-26,132.0,16.5,-4.0
2013-08-27,132.0,16.5,-4.0
2013-08-28,132.0,16.5,-4.0
2013-08-29,132.0,16.5,-4.0
2013-08-30,132.0,16.5,-4.0
2013-09-03,132.0,16.5,-4.0
2013-09-04,132.0,16.5,-4.0
2013-09-05,132.0,16.5,-4.0
2013-09-06,132.0,16.5,-4.0
2013-09-09,132.0,16.5,-4.0
2013-09-10,132.0,16.5,-4.0
2013-09-11,132.0,16.5,-4.0
2013-09-12,132.0,16.5,-4.0
2013-09-13,132.0,16.5,-4.0
2013-09-16,132.0,16.5,-4.0
2013-09-17,132.0,16.5,-4.0
2013-09-18,132.0,16.5,-4.0
2013-09-19,132.0,16.5,-4.0
2013-09-20,132.0,16.5,-4.0
2013-09-23,132.0,16.5,-4.0
2013-09-24,132.0,16.5,-4.0
2013-09-25,132.0,16.5,-4.0
2013-09-26,132.0,16.5,-4.0
2013-09-27,132.0,16.5,-4.0
2013-09-30,132.0,16.5,-4.0
2013-10-01,132.0,16.5,-4.0
2013-10-02,132.0,16.5,-4.0
2013-10-03,132.0,16.5,-4.0
2013-10-04,132.0,16.5,-4.0
2013-10-07,132.0,16.5,-4.0
2013-10-08,132.0,16.5,-4.0
2013-10-09,132.0,16.5,-4.0
2013-10-10,132.0,16.5,-4.0
2013-10-11,132.0,16.5,-4.0
2013-10-14,132.0,16.5,-4.0
2013-10-15,132.0,16.5,-4.0
2013-10-16,132.0,16.5,-4.0
2013-10-17,132.0,16.5,-4.0
2013-10-18,132.0,16.5,-4.0
2013-10-21,132.0,16.5,-4.0
2013-10-22,132.0,16.5,-4.0
2013-10-23,132.0,16.5,-4.0
2013-10-24,132.0,16.5,-4.0
2013-10-25,132.0,16.5,-4.0
2013-10-28,132.0,16.5,-4.0
2013-10-29,132.0,16.5,-4.0
2013-10-30,132.0,16.5,-4.0
2013-10-31,132.0,16.5,-4.0
2013-11-01,132.0,16.5,-4.0
2013-11-04,132.0,16.5,-4.0
2013-11-05,132.0,16.5,-4.0
2013-11-06,132.0,16.5,-4.0
2013-11-07,132.0,16.5,-4.0
2013-11-08,132.0,16.5,-4.0
2013-11-11,132.0,16.5,-4.0
2013-11-12,132.0,16.5,-4.0
2013-11-13,132.0,16.5,-4.0
2013-11-14,132.0,16.5,-4.0
2013-11-15,132.0,16.5,-4.0
2013-11-18,132.0,16.5,-4.0
2013-11-19,132.0,16.5,-4.0
2013-11-20,132.0,16.5,-4.0
2013-11-21,132.0,16.5,-4.0
2013-11-22,132.0,16.5,-4.0
2013-11-25,132.0,16.5,-4.0
2013-11-26,132.0,16.5,-4.0
2013-11-27,132.0,16.5,-4.0
2013-11-29,132.0,16.5,-4.0
2013-12-02,132.0,16.5,-4.0
2013-12-03,132.0,16.5,-4.0
2013-12-04,132.0,16.5,-4.0
2013-12-05,132.0,16.5,-4.0
2013-12-06,132.0,16.5,-4.0
2013-12-09,132.0,16.5,-4.0
2013-12-10,132.0,16.5,-4.0
2013-12-11,132.0,16.5,-4.0
2013-12-12,132.0,16.5,-4.0
2013-12-13,132.0,16.5,-4.0
2013-12-16,132.0,16.5,-4.0
2013-12-17,132.0,16.5,-4.0
2013-12-18,132.0,16.5,-4.0
2013-12-19,132.0,16.5,-4.0
2013-12-20,132.0,16.5,-4.0
2013-12-23,132.0,16.5,-4.0
2013-12-24,132.0,16.5,-4.0
2013-12-26,132.0,16.5,-4.0
2013-12-27,132.0,16.5,-4.0
2013-12-30,132.0,16.5,-4.0
2013-12-31,136.5,17.0,-8.5
2014-01-02,136.5,17.0,-8.5
2014-01-03,136.5,17.0,-8.5
2014-01-06,136.5,17.0,-8.5
2014-01-07,136.5,17.0,-8.5
2014-01-08,136.5,17.0,-8.5
2014-01-09,136.5,17.0,-8.5
2014-01-10,136.5,17.0,-8.5
2014-01-13,136.5,17.0,-8.5
2014-01-14,136.5,17.0,-8.5
2014-01-15,136.5,17.0,-8.5
2014-01-16,136.5,17.0,-8.5
2014-01-17,136.5,17.0,-8.5
2014-01-21,136.5,17.0,-8.5
2014-01-22,136.5,17.0,-8.5
2014-01-23,136.5,17.0,-8.5
2014-01-24,136.5,17.0,-8.5
2014-01-27,136.5,17.0,-8.5
2014-01-28,136.5,17.0,-8.5
2014-01-29,136.5,17.0,-8.5
2014-01-30,136.5,17.0,-8.5
2014-01-31,136.5,17.0,-8.5
2014-02-03,136.5,17.0,-8.5
2014-02-04,136.5,17.0,-8.5
2014-02-05,136.5,17.0,-8.5
2014-02-06,136.5,17.0,-8.5
2014-02-07,136.5,17.0,-8.5
2014-02-10,136.5,17.0,-8.5
2014-02-11,136.5,17.0,-8.5
2014-02-12,136.5,17.0,-8.5
2014-02-13,136.5,17.0,-8.5
2014-02-14,136.5,17.0,-8.5
2014-02-18,136.5,17.0,-8.5
2014-02-19,136.5,17.0,-8.5
2014-02-20,136.5,17.0,-8.5
2014-02-21,136.5,17.0,-8.5
2014-02-24,136.5,17.0,-8.5
2014-02-25,136.5,17.0,-8.5
2014-02-26,136.5,17.0,-8.5
2014-02-27,136.5,17.0,-8.5
2014-02-28,136.5,17.0,-8.5
2014-03-03,136.5,17.0,-8.5
2014-03-04,136.5,17.0,-8.5
2014-03-05,136.5,17.0,-8.5
2014-03-06,136.5,17.0,-8.5
2014-03-07,136.5,17.0,-8.5
2014-03-10,136.5,17.0,-8.5
2014-03-11,136.5,17.0,-8.5
2014-03-12,136.5,17.0,-8.5
2014-03-13,136.5,17.0,-8.5
2014-03-14,136.5,17.0,-8.5
2014-03-17,136.5,17.0,-8.5
2014-03-18,136.5,17.0,-8.5
2014-03-19,136.5,17.0,-8.5
2014-03-20,136.5,17.0,-8.5
2014-03-21,136.5,17.0,-8.5
2014-03-24,136.5,17.0,-8.5
2014-03-25,136.5,17.0,-8.5
2014-03-26,136.5,17.0,-8.5
2014-03-27,136.5,17.0,-8.5
2014-03-28,136.5,17.0,-8.5
2014-03-31,136.5,17.0,-8.5
2014-04-01,136.5,17.0,-8.5
2014-04-02,136.5,17.0,-8.5
2014-04-03,136.5,17.0,-8.5
2014-04-04,136.5,17.0,-8.5
2014-04-07,136.5,17.0,-8.5
2014-04-08,136.5,17.0,-8.5
2014-04-09,136.5,17.0,-8.5
2014-04-10,136.5,17.0,-8.5
2014-04-11,136.5,17.0,-8.5
2014-04-14,136.5,17.0,-8.5
2014-04-15,136.5,17.0,-8.5
2014-04-16,136.5,17.0,-8.5
2014-04-17,136.5,17.0,-8.5
2014-04-21,136.5,17.0,-8.5
2014-04-22,136.5,17.0,-8.5
2014-04-23,136.5,17.0,-8.5
2014-04-24,136.5,17.0,-8.5
2014-04-25,136.5,17.0,-8.5
2014-04-28,136.5,17.0,-8.5
2014-04-29,136.5,17.0,-8.5
2014-04-30,136.5,17.0,-8.5
2014-05-01,136.5,17.0,-8.5
2014-05-02,136.5,17.0,-8.5
2014-05-05,136.5,17.0,-8.5
2014-05-06,136.5,17.0,-8.5
2014-05-07,136.5,17.0,-8.5
2014-05-08,136.5,17.0,-8.5
2014-05-09,136.5,17.0,-8.5
2014-05-12,136.5,17.0,-8.5
2014-05-13,136.5,17.0,-8.5
2014-05-14,136.5,17.0,-8.5
2014-05-15,136.5,17.0,-8.5
2014-05-16,136.5,17.0,-8.5
2014-05-19,136.5,17.0,-8.5
2014-05-20,136.5,17.0,-8.5
2014-05-21,136.5,17.0,-8.5
2014-05-22,136.5,17.0,-8.5
2014-05-23,136.5,17.0,-8.5
2014-05-27,136.5,17.0,-8.5
2014-05-28,136.5,17.0,-8.5
2014-05-29,136.5,17.0,-8.5
2014-05-30,136.5,17.0,-8.5
2014-06-02,136.5,17.0,-8.5
2014-06-03,136.5,17.0,-8.5
2014-06-04,136.5,17.0,-8.5
2014-06-05,136.5,17.0,-8.5
2014-06-06,136.5,17.0,-8.5
2014-06-09,136.5,17.0,-8.5
2014-06-10,136.5,17.0,-8.5
2014-06-11,136.5,17.0,-8.5
2014-06-12,136.5,17.0,-8.5
2014-06-13,136.5,17.0,-8.5
2014-06-16,136.5,17.0,-8.5
2014-06-17,136.5,17.0,-8.5
2014-06-18,136.5,17.0,-8.5
2014-06-19,136.5,17.0,-8.5
2014-06-20,136.5,17.0,-8.5
2014-06-23,136.5,17.0,-8.5
2014-06-24,136.5,17.0,-8.5
2014-06-25,136.5,17.0,-8.5
2014-06-26,136.5,17.0,-8.5
2014-06-27,136.5,17.0,-8.5
2014-06-30,141.0,18.2,-12.0
2014-07-01,141.0,18.2,-12.0
2014-07-02,141.0,18.2,-12.0
2014-07-03,141.0,18.2,-12.0
2014-07-07,141.0,18.2,-12.0
2014-07-08,141.0,18.2,-12.0
2014-07-09,141.0,18.2,-12.0
2014-07-10,141.0,18.2,-12.0
2014-07-11,141.0,18.2,-12.0
2014-07-14,141.0,18.2,-12.0
2014-07-15,141.0,18.2,-12.0
2014-07-16,141.0,18.2,-12.0
2014-07-17,141.0,18.2,-12.0
2014-07-18,141.0,18.2,-12.0
2014-07-21,141.0,18.2,-12.0
2014-07-22,141.0,18.2,-12.0
2014-07-23,141.0,18.2,-12.0
2014-07-24,141.0,18.2,-12.0
2014-07-25,141.0,18.2,-12.0
2014-07-28,141.0,18.2,-12.0
2014-07-29,141.0,18.2,-12.0
2014-07-30,141.0,18.2,-12.0
2014-07-31,141.0,18.2,-12.0
2014-08-01,141.0,18.2,-12.0
2014-08-04,141.0,18.2,-12.0
2014-08-05,141.0,18.2,-12.0
2014-08-06,141.0,18.2,-12.0
2014-08-07,141.0,18.2,-12.0
2014-08-08,141.0,18.2,-12.0
2014-08-11,141.0,18.2,-12.0
2014-08-12,141.0,18.2,-12.0
2014-08-13,141.0,18.2,-12.0
2014-08-14,141.0,18.2,-12.0
2014-08-15,141.0,18.2,-12.0
2014-08-18,141.0,18.2,-12.0
2014-08-19,141.0,18.2,-12.0
2014-08-20,141.0,18.2,-12.0
2014-08-21,141.0,18.2,-12.0
2014-08-22,141.0,18.2,-12.0
2014-08-25,141.0,18.2,-12.0
2014-08-26,141.0,18.2,-12.0
2014-08-27,141.0,18.2,-12.0
2014-08-28,141.0,18.2,-12.0
2014-08-29,141.0,18.2,-12.0
2014-09-02,141.0,18.2,-12.0
2014-09-03,141.0,18.2,-12.0
2014-09-04,141.0,18.2,-12.0
2014-09-05,141.0,18.2,-12.0
2014-09-08,141.0,18.2,-12.0
2014-09-09,141.0,18.2,-12.0
2014-09-10,141.0,18.2,-12.0
2014-09-11,141.0,18.2,-12.0
2014-09-12,141.0,18.2,-12.0
2014-09-15,141.0,18.2,-12.0
2014-09-16,141.0,18.2,-12.0
2014-09-17,141.0,18.2,-12.0
2014-09-18,141.0,18.2,-12.0
2014-09-19,141.0,18.2,-12.0
2014-09-22,141.0,18.2,-12.0
2014-09-23,141.0,18.2,-12.0
2014-09-24,141.0,18.2,-12.0
2014-09-25,141.0,18.2,-12.0
2014-09-26,141.0,18.2,-12.0
2014-09-29,141.0,18.2,-12.0
2014-09-30,141.0,18.2,-12.0
2014-10-01,141.0,18.2,-12.0
2014-10-02,141.0,18.2,-12.0
2014-10-03,141.0,18.2,-12.0
2014-10-06,141.0,18.2,-12.0
2014-10-07,141.0,18.2,-12.0
2014-10-08,141.0,18.2,-12.0
2014-10-09,141.0,18.2,-12.0
2014-10-10,141.0,18.2,-12.0
2014-10-13,141.0,18.2,-12.0
2014-10-14,141.0,18.2,-12.0
2014-10-15,141.0,18.2,-12.0
2014-10-16,141.0,18.2,-12.0
2014-10-17,141.0,18.2,-12.0
2014-10-20,141.0,18.2,-12.0
2014-10-21,141.0,18.2,-12.0
2014-10-22,141.0,18.2,-12.0
2014-10-23,141.0,18.2,-12.0
2014-10-24,141.0,18.2,-12.0
2014-10-27,141.0,18.2,-12.0
2014-10-28,141.0,18.2,-12.0
2014-10-29,141.0,18.2,-12.0
2014-10-30,141.0,18.2,-12.0
2014-10-31,141.0,18.2,-12.0
2014-11-03,141.0,18.2,-12.0
2014-11-04,141.0,18.2,-12.0
2014-11-05,141.0,18.2,-12.0
2014-11-06,141.0,18.2,-12.0
2014-11-07,141.0,18.2,-12.0
2014-11-10,141.0,18.2,-12.0
2014-11-11,141.0,18.2,-12.0
2014-11-12,141.0,18.2,-12.0
2014-11-13,141.0,18.2,-12.0
2014-11-14,141.0,18.2,-12.0
2014-11-17,141.0,18.2,-12.0
2014-11-18,141.0,18.2,-12.0
2014-11-19,141.0,18.2,-12.0
2014-11-20,141.0,18.2,-12.0
2014-11-21,141.0,18.2,-12.0
2014-11-24,141.0,18.2,-12.0
2014-11-25,141.0,18.2,-12.0
2014-11-26,141.0,18.2,-12.0
2014-11-28,141.0,18.2,-12.0
2014-12-01,141.0,18.2,-12.0
2014-12-02,141.0,18.2,-12.0
2014-12-03,141.0,18.2,-12.0
2014-12-04,141.0,18.2,-12.0
2014-12-05,141.0,18.2,-12.0
2014-12-08,141.0,18.2,-12.0
2014-12-09,141.0,18.2,-12.0
2014-12-10,141.0,18.2,-12.0
2014-12-11,141.0,18.2,-12.0
2014-12-12,141.0,18.2,-12.0
2014-12-15,141.0,18.2,-12.0
2014-12-16,141.0,18.2,-12.0
2014-12-17,141.0,18.2,-12.0
2014-12-18,141.0,18.2,-12.0
2014-12-19,141.0,18.2,-12.0
2014-12-22,141.0,18.2,-12.0
2014-12-23,141.0,18.2,-12.0
2014-12-24,141.0,18.2,-12.0
2014-12-26,141.0,18.2,-12.0
2014-12-29,141.0,18.2,-12.0
2014-12-30,141.0,18.2,-12.0
2014-12-31,146.0,18.5,-15.0
2015-01-02,146.0,18.5,-15.0
2015-01-05,146.0,18.5,-15.0
2015-01-06,146.0,18.5,-15.0
2015-01-07,146.0,18.5,-15.0
2015-01-08,146.0,18.5,-15.0
2015-01-09,146.0,18.5,-15.0
2015-01-12,146.0,18.5,-15.0
2015-01-13,146.0,18.5,-15.0
2015-01-14,146.0,18.5,-15.0
2015-01-15,146.0,18.5,-15.0
2015-01-16,146.0,18.5,-15.0
2015-01-20,146.0,18.5,-15.0
2015-01-21,146.0,18.5,-15.0
2015-01-22,146.0,18.5,-15.0
2015-01-23,146.0,18.5,-15.0
2015-01-26,146.0,18.5,-15.0
2015-01-27,146.0,18.5,-15.0
2015-01-28,146.0,18.5,-15.0
2015-01-29,146.0,18.5,-15.0
2015-01-30,146.0,18.5,-15.0
2015-02-02,146.0,18.5,-15.0
2015-02-03,146.0,18.5,-15.0
2015-02-04,146.0,18.5,-15.0
2015-02-05,146.0,18.5,-15.0
2015-02-06,146.0,18.5,-15.0
2015-02-09,146.0,18.5,-15.0
2015-02-10,146.0,18.5,-15.0
2015-02-11,146.0,18.5,-15.0
2015-02-12,146.0,18.5,-15.0
2015-02-13,146.0,18.5,-15.0
2015-02-17,146.0,18.5,-15.0
2015-02-18,146.0,18.5,-15.0
2015-02-19,146.0,18.5,-15.0
2015-02-20,146.0,18.5,-15.0
2015-02-23,146.0,18.5,-15.0
2015-02-24,146.0,18.5,-15.0
2015-02-25,146.0,18.5,-15.0
2015-02-26,146.0,18.5,-15.0
2015-02-27,146.0,18.5,-15.0
2015-03-02,146.0,18.5,-15.0
2015-03-03,146.0,18.5,-15.0
2015-03-04,146.0,18.5,-15.0
2015-03-05,146.0,18.5,-15.0
2015-03-06,146.0,18.5,-15.0
2015-03-09,146.0,18.5,-15.0
2015-03-10,146.0,18.5,-15.0
2015-03-11,146.0,18.5,-15.0
2015-03-12,146.0,18.5,-15.0
2015-03-13,146.0,18.5,-15.0
2015-03-16,146.0,18.5,-15.0
2015-03-17,146.0,18.5,-15.0
2015-03-18,146.0,18.5,-15.0
2015-03-19,146.0,18.5,-15.0
2015-03-20,146.0,18.5,-15.0
2015-03-23,146.0,18.5,-15.0
2015-03-24,146.0,18.5,-15.0
2015-03-25,146.0,18.5,-15.0
2015-03-26,146.0,18.5,-15.0
2015-03-27,146.0,18.5,-15.0
2015-03-30,146.0,18.5,-15.0
2015-03-31,146.0,18.5,-15.0
2015-04-01,146.0,18.5,-15.0
2015-04-02,146.0,18.5,-15.0
2015-04-06,146.0,18.5,-15.0
2015-04-07,146.0,18.5,-15.0
2015-04-08,146.0,18.5,-15.0
2015-04-09,146.0,18.5,-15.0
2015-04-10,146.0,18.5,-15.0
2015-04-13,146.0,18.5,-15.0
2015-04-14,146.0,18.5,-15.0
2015-04-15,146.0,18.5,-15.0
2015-04-16,146.0,18.5,-15.0
2015-04-17,146.0,18.5,-15.0
2015-04-20,146.0,18.5,-15.0
2015-04-21,146.0,18.5,-15.0
2015-04-22,146.0,18.5,-15.0
2015-04-23,146.0,18.5,-15.0
2015-04-24,146.0,18.5,-15.0
2015-04-27,146.0,18.5,-15.0
2015-04-28,146.0,18.5,-15.0
2015-04-29,146.0,18.5,-15.0
2015-04-30,146.0,18.5,-15.0
2015-05-01,146.0,18.5,-15.0
2015-05-04,146.0,18.5,-15.0
2015-05-05,146.0,18.5,-15.0
2015-05-06,146.0,18.5,-15.0
2015-05-07,146.0,18.5,-15.0
2015-05-08,146.0,18.5,-15.0
2015-05-11,146.0,18.5,-15.0
2015-05-12,146.0,18.5,-15.0
2015-05-13,146.0,18.5,-15.0
2015-05-14,146.0,18.5,-15.0
2015-05-15,146.0,18.5,-15.0
2015-05-18,146.0,18.5,-15.0
2015-05-19,146.0,18.5,-15.0
2015-05-20,146.0,18.5,-15.0
2015-05-21,146.0,18.5,-15.0
2015-05-22,146.0,18.5,-15.0
2015-05-26,146.0,18.5,-15.0
2015-05-27,146.0,18.5,-15.0
2015-05-28,146.0,18.5,-15.0
2015-05-29,146.0,18.5,-15.0
2015-06-01,146.0,18.5,-15.0
2015-06-02,146.0,18.5,-15.0
2015-06-03,146.0,18.5,-15.0
2015-06-04,146.0,18.5,-15.0
2015-06-05,146.0,18.5,-15.0
2015-06-08,146.0,18.5,-15.0
2015-06-09,146.0,18.5,-15.0
2015-06-10,146.0,18.5,-15.0
2015-06-11,146.0,18.5,-15.0
2015-06-12,146.0,18.5,-15.0
2015-06-15,146.0,18.5,-15.0
2015-06-16,146.0,18.5,-15.0
2015-06-17,146.0,18.5,-15.0
2015-06-18,146.0,18.5,-15.0
2015-06-19,146.0,18.5,-15.0
2015-06-22,146.0,18.5,-15.0
2015-06-23,146.0,18.5,-15.0
2015-06-24,146.0,18.5,-15.0
2015-06-25,146.0,18.5,-15.0
2015-06-26,146.0,18.5,-15.0
2015-06-29,146.0,18.5,-15.0
2015-06-30,152.0,19.0,-18.5
2015-07-01,152.0,19.0,-18.5
2015-07-02,152.0,19.0,-18.5
2015-07-06,152.0,19.0,-18.5
2015-07-07,152.0,19.0,-18.5
2015-07-08,152.0,19.0,-18.5
2015-07-09,152.0,19.0,-18.5
2015-07-10,152.0,19.0,-18.5
2015-07-13,152.0,19.0,-18.5
2015-07-14,152.0,19.0,-18.5
2015-07-15,152.0,19.0,-18.5
2015-07-16,152.0,19.0,-18.5
2015-07-17,152.0,19.0,-18.5
2015-07-20,152.0,19.0,-18.5
2015-07-21,152.0,19.0,-18.5
2015-07-22,152.0,19.0,-18.5
2015-07-23,152.0,19.0,-18.5
2015-07-24,152.0,19.0,-18.5
2015-07-27,152.0,19.0,-18.5
2015-07-28,152.0,19.0,-18.5
2015-07-29,152.0,19.0,-18.5
2015-07-30,152.0,19.0,-18.5
2015-07-31,152.0,19.0,-18.5
2015-08-03,152.0,19.0,-18.5
2015-08-04,152.0,19.0,-18.5
2015-08-05,152.0,19.0,-18.5
2015-08-06,152.0,19.0,-18.5
2015-08-07,152.0,19.0,-18.5
2015-08-10,152.0,19.0,-18.5
2015-08-11,152.0,19.0,-18.5
2015-08-12,152.0,19.0,-18.5
2015-08-13,152.0,19.0,-18.5
2015-08-14,152.0,19.0,-18.5
2015-08-17,152.0,19.0,-18.5
2015-08-18,152.0,19.0,-18.5
2015-08-19,152.0,19.0,-18.5
2015-08-20,152.0,19.0,-18.5
2015-08-21,152.0,19.0,-18.5
2015-08-24,152.0,19.0,-18.5
2015-08-25,152.0,19.0,-18.5
2015-08-26,152.0,19.0,-18.5
2015-08-27,152.0,19.0,-18.5
2015-08-28,152.0,19.0,-18.5
2015-08-31,152.0,19.0,-18.5
2015-09-01,152.0,19.0,-18.5
2015-09-02,152.0,19.0,-18.5
2015-09-03,152.0,19.0,-18.5
2015-09-04,152.0,19.0,-18.5
2015-09-08,152.0,19.0,-18.5
2015-09-09,152.0,19.0,-18.5
2015-09-10,152.0,19.0,-18.5
2015-09-11,152.0,19.0,-18.5
2015-09-14,152.0,19.0,-18.5
2015-09-15,152.0,19.0,-18.5
2015-09-16,152.0,19.0,-18.5
2015-09-17,152.0,19.0,-18.5
2015-09-18,152.0,19.0,-18.5
2015-09-21,152.0,19.0,-18.5
2015-09-22,152.0,19.0,-18.5
2015-09-23,152.0,19.0,-18.5
2015-09-24,152.0,19.0,-18.5
2015-09-25,152.0,19.0,-18.5
2015-09-28,152.0,19.0,-18.5
2015-09-29,152.0,19.0,-18.5
2015-09-30,152.0,19.0,-18.5
2015-10-01,152.0,19.0,-18.5
2015-10-02,152.0,19.0,-18.5
2015-10-05,152.0,19.0,-18.5
2015-10-06,152.0,19.0,-18.5
2015-10-07,152.0,19.0,-18.5
2015-10-08,152.0,19.0,-18.5
2015-10-09,152.0,19.0,-18.5
2015-10-12,152.0,19.0,-18.5
2015-10-13,152.0,19.0,-18.5
2015-10-14,152.0,19.0,-18.5
2015-10-15,152.0,19.0,-18.5
2015-10-16,152.0,19.0,-18.5
2015-10-19,152.0,19.0,-18.5
2015-10-20,152.0,19.0,-18.5
2015-10-21,152.0,19.0,-18.5
2015-10-22,152.0,19.0,-18.5
2015-10-23,152.0,19.0,-18.5
2015-10-26,152.0,19.0,-18.5
2015-10-27,152.0,19.0,-18.5
2015-10-28,152.0,19.0,-18.5
2015-10-29,152.0,19.0,-18.5
2015-10-30,152.0,19.0,-18.5
2015-11-02,152.0,19.0,-18.5
2015-11-03,152.0,19.0,-18.5
2015-11-04,152.0,19.0,-18.5
2015-11-05,152.0,19.0,-18.5
2015-11-06,152.0,19.0,-18.5
2015-11-09,152.0,19.0,-18.5
2015-11-10,152.0,19.0,-18.5
2015-11-11,152.0,19.0,-18.5
2015-11-12,152.0,19.0,-18.5
2015-11-13,152.0,19.0,-18.5
2015-11-16,152.0,19.0,-18.5
2015-11-17,152.0,19.0,-18.5
2015-11-18,152.0,19.0,-18.5
2015-11-19,152.0,19.0,-18.5
2015-11-20,152.0,19.0,-18.5
2015-11-23,152.0,19.0,-18.5
2015-11-24,152.0,19.0,-18.5
2015-11-25,152.0,19.0,-18.5
2015-11-27,152.0,19.0,-18.5
2015-11-30,152.0,19.0,-18.5
2015-12-01,152.0,19.0,-18.5
2015-12-02,152.0,19.0,-18.5
2015-12-03,152.0,19.0,-18.5
2015-12-04,152.0,19.0,-18.5
2015-12-07,152.0,19.0,-18.5
2015-12-08,152.0,19.0,-18.5
2015-12-09,152.0,19.0,-18.5
2015-12-10,152.0,19.0,-18.5
2015-12-11,152.0,19.0,-18.5
2015-12-14,152.0,19.0,-18.5
2015-12-15,152.0,19.0,-18.5
2015-12-16,152.0,19.0,-18.5
2015-12-17,152.0,19.0,-18.5
2015-12-18,152.0,19.0,-18.5
2015-12-21,152.0,19.0,-18.5
2015-12-22,152.0,19.0,-18.5
2015-12-23,152.0,19.0,-18.5
2015-12-24,152.0,19.0,-18.5
2015-12-28,152.0,19.0,-18.5
2015-12-29,152.0,19.0,-18.5
2015-12-30,152.0,19.0,-18.5
2015-12-31,158.5,19.2,-22.0
2016-01-04,158.5,19.2,-22.0
2016-01-05,158.5,19.2,-22.0
2016-01-06,158.5,19.2,-22.0
2016-01-07,158.5,19.2,-22.0
2016-01-08,158.5,19.2,-22.0
2016-01-11,158.5,19.2,-22.0
2016-01-12,158.5,19.2,-22.0
2016-01-13,158.5,19.2,-22.0
2016-01-14,158.5,19.2,-22.0
2016-01-15,158.5,19.2,-22.0
2016-01-19,158.5,19.2,-22.0
2016-01-20,158.5,19.2,-22.0
2016-01-21,158.5,19.2,-22.0
2016-01-22,158.5,19.2,-22.0
2016-01-25,158.5,19.2,-22.0
2016-01-26,158.5,19.2,-22.0
2016-01-27,158.5,19.2,-22.0
2016-01-28,158.5,19.2,-22.0
2016-01-29,158.5,19.2,-22.0
2016-02-01,158.5,19.2,-22.0
2016-02-02,158.5,19.2,-22.0
2016-02-03,158.5,19.2,-22.0
2016-02-04,158.5,19.2,-22.0
2016-02-05,158.5,19.2,-22.0
2016-02-08,158.5,19.2,-22.0
2016-02-09,158.5,19.2,-22.0
2016-02-10,158.5,19.2,-22.0
2016-02-11,158.5,19.2,-22.0
2016-02-12,158.5,19.2,-22.0
2016-02-16,158.5,19.2,-22.0
2016-02-17,158.5,19.2,-22.0
2016-02-18,158.5,19.2,-22.0
2016-02-19,158.5,19.2,-22.0
2016-02-22,158.5,19.2,-22.0
2016-02-23,158.5,19.2,-22.0
2016-02-24,158.5,19.2,-22.0
2016-02-25,158.5,19.2,-22.0
2016-02-26,158.5,19.2,-22.0
2016-02-29,158.5,19.2,-22.0
2016-03-01,158.5,19.2,-22.0
2016-03-02,158.5,19.2,-22.0
2016-03-03,158.5,19.2,-22.0
2016-03-04,158.5,19.2,-22.0
2016-03-07,158.5,19.2,-22.0
2016-03-08,158.5,19.2,-22.0
2016-03-09,158.5,19.2,-22.0
2016-03-10,158.5,19.2,-22.0
2016-03-11,158.5,19.2,-22.0
2016-03-14,158.5,19.2,-22.0
2016-03-15,158.5,19.2,-22.0
2016-03-16,158.5,19.2,-22.0
2016-03-17,158.5,19.2,-22.0
2016-03-18,158.5,19.2,-22.0
2016-03-21,158.5,19.2,-22.0
2016-03-22,158.5,19.2,-22.0
2016-03-23,158.5,19.2,-22.0
2016-03-24,158.5,19.2,-22.0
2016-03-28,158.5,19.2,-22.0
2016-03-29,158.5,19.2,-22.0
2016-03-30,158.5,19.2,-22.0
2016-03-31,158.5,19.2,-22.0
2016-04-01,158.5,19.2,-22.0
2016-04-04,158.5,19.2,-22.0
2016-04-05,158.5,19.2,-22.0
2016-04-06,158.5,19.2,-22.0
2016-04-07,158.5,19.2,-22.0
2016-04-08,158.5,19.2,-22.0
2016-04-11,158.5,19.2,-22.0
2016-04-12,158.5,19.2,-22.0
2016-04-13,158.5,19.2,-22.0
2016-04-14,158.5,19.2,-22.0
2016-04-15,158.5,19.2,-22.0
2016-04-18,158.5,19.2,-22.0
2016-04-19,158.5,19.2,-22.0
2016-04-20,158.5,19.2,-22.0
2016-04-21,158.5,19.2,-22.0
2016-04-22,158.5,19.2,-22.0
2016-04-25,158.5,19.2,-22.0
2016-04-26,158.5,19.2,-22.0
2016-04-27,158.5,19.2,-22.0
2016-04-28,158.5,19.2,-22.0
2016-04-29,158.5,19.2,-22.0
2016-05-02,158.5,19.2,-22.0
2016-05-03,158.5,19.2,-22.0
2016-05-04,158.5,19.2,-22.0
2016-05-05,158.5,19.2,-22.0
2016-05-06,158.5,19.2,-22.0
2016-05-09,158.5,19.2,-22.0
2016-05-10,158.5,19.2,-22.0
2016-05-11,158.5,19.2,-22.0
2016-05-12,158.5,19.2,-22.0
2016-05-13,158.5,19.2,-22.0
2016-05-16,158.5,19.2,-22.0
2016-05-17,158.5,19.2,-22.0
2016-05-18,158.5,19.2,-22.0
2016-05-19,158.5,19.2,-22.0
2016-05-20,158.5,19.2,-22.0
2016-05-23,158.5,19.2,-22.0
2016-05-24,158.5,19.2,-22.0
2016-05-25,158.5,19.2,-22.0
2016-05-26,158.5,19.2,-22.0
2016-05-27,158.5,19.2,-22.0
2016-05-31,158.5,19.2,-22.0
2016-06-01,158.5,19.2,-22.0
2016-06-02,158.5,19.2,-22.0
2016-06-03,158.5,19.2,-22.0
2016-06-06,158.5,19.2,-22.0
2016-06-07,158.5,19.2,-22.0
2016-06-08,158.5,19.2,-22.0
2016-06-09,158.5,19.2,-22.0
2016-06-10,158.5,19.2,-22.0
2016-06-13,158.5,19.2,-22.0
2016-06-14,158.5,19.2,-22.0
2016-06-15,158.5,19.2,-22.0
2016-06-16,158.5,19.2,-22.0
2016-06-17,158.5,19.2,-22.0
2016-06-20,158.5,19.2,-22.0
2016-06-21,158.5,19.2,-22.0
2016-06-22,158.5,19.2,-22.0
2016-06-23,158.5,19.2,-22.0
2016-06-24,158.5,19.2,-22.0
2016-06-27,158.5,19.2,-22.0
2016-06-28,158.5,19.2,-22.0
2016-06-29,158.5,19.2,-22.0
2016-06-30,164.0,19.5,-25.0
2016-07-01,164.0,19.5,-25.0
2016-07-05,164.0,19.5,-25.0
2016-07-06,164.0,19.5,-25.0
2016-07-07,164.0,19.5,-25.0
2016-07-08,164.0,19.5,-25.0
2016-07-11,164.0,19.5,-25.0
2016-07-12,164.0,19.5,-25.0
2016-07-13,164.0,19.5,-25.0
2016-07-14,164.0,19.5,-25.0
2016-07-15,164.0,19.5,-25.0
2016-07-18,164.0,19.5,-25.0
2016-07-19,164.0,19.5,-25.0
2016-07-20,164.0,19.5,-25.0
2016-07-21,164.0,19.5,-25.0
2016-07-22,164.0,19.5,-25.0
2016-07-25,164.0,19.5,-25.0
2016-07-26,164.0,19.5,-25.0
2016-07-27,164.0,19.5,-25.0
2016-07-28,164.0,19.5,-25.0
2016-07-29,164.0,19.5,-25.0
2016-08-01,164.0,19.5,-25.0
2016-08-02,164.0,19.5,-25.0
2016-08-03,164.0,19.5,-25.0
2016-08-04,164.0,19.5,-25.0
2016-08-05,164.0,19.5,-25.0
2016-08-08,164.0,19.5,-25.0
2016-08-09,164.0,19.5,-25.0
2016-08-10,164.0,19.5,-25.0
2016-08-11,164.0,19.5,-25.0
2016-08-12,164.0,19.5,-25.0
2016-08-15,164.0,19.5,-25.0
2016-08-16,164.0,19.5,-25.0
2016-08-17,164.0,19.5,-25.0
2016-08-18,164.0,19.5,-25.0
2016-08-19,164.0,19.5,-25.0
2016-08-22,164.0,19.5,-25.0
2016-08-23,164.0,19.5,-25.0
2016-08-24,164.0,19.5,-25.0
2016-08-25,164.0,19.5,-25.0
2016-08-26,164.0,19.5,-25.0
2016-08-29,164.0,19.5,-25.0
2016-08-30,164.0,19.5,-25.0
2016-08-31,164.0,19.5,-25.0
2016-09-01,164.0,19.5,-25.0
2016-09-02,164.0,19.5,-25.0
2016-09-06,164.0,19.5,-25.0
2016-09-07,164.0,19.5,-25.0
2016-09-08,164.0,19.5,-25.0
2016-09-09,164.0,19.5,-25.0
2016-09-12,164.0,19.5,-25.0
2016-09-13,164.0,19.5,-25.0
2016-09-14,164.0,19.5,-25.0
2016-09-15,164.0,19.5,-25.0
2016-09-16,164.0,19.5,-25.0
2016-09-19,164.0,19.5,-25.0
2016-09-20,164.0,19.5,-25.0
2016-09-21,164.0,19.5,-25.0
2016-09-22,164.0,19.5,-25.0
2016-09-23,164.0,19.5,-25.0
2016-09-26,164.0,19.5,-25.0
2016-09-27,164.0,19.5,-25.0
2016-09-28,164.0,19.5,-25.0
2016-09-29,164.0,19.5,-25.0
2016-09-30,164.0,19.5,-25.0
2016-10-03,164.0,19.5,-25.0
2016-10-04,164.0,19.5,-25.0
2016-10-05,164.0,19.5,-25.0
2016-10-06,164.0,19.5,-25.0
2016-10-07,164.0,19.5,-25.0
2016-10-10,164.0,19.5,-25.0
2016-10-11,164.0,19.5,-25.0
2016-10-12,164.0,19.5,-25.0
2016-10-13,164.0,19.5,-25.0
2016-10-14,164.0,19.5,-25.0
2016-10-17,164.0,19.5,-25.0
2016-10-18,164.0,19.5,-25.0
2016-10-19,164.0,19.5,-25.0
2016-10-20,164.0,19.5,-25.0
2016-10-21,164.0,19.5,-25.0
2016-10-24,164.0,19.5,-25.0
2016-10-25,164.0,19.5,-25.0
2016-10-26,164.0,19.5,-25.0
2016-10-27,164.0,19.5,-25.0
2016-10-28,164.0,19.5,-25.0
2016-10-31,164.0,19.5,-25.0
2016-11-01,164.0,19.5,-25.0
2016-11-02,164.0,19.5,-25.0
2016-11-03,164.0,19.5,-25.0
2016-11-04,164.0,19.5,-25.0
2016-11-07,164.0,19.5,-25.0
2016-11-08,164.0,19.5,-25.0
2016-11-09,164.0,19.5,-25.0
2016-11-10,164.0,19.5,-25.0
2016-11-11,164.0,19.5,-25.0
2016-11-14,164.0,19.5,-25.0
2016-11-15,164.0,19.5,-25.0
2016-11-16,164.0,19.5,-25.0
2016-11-17,164.0,19.5,-25.0
2016-11-18,164.0,19.5,-25.0
2016-11-21,164.0,19.5,-25.0
2016-11-22,164.0,19.5,-25.0
2016-11-23,164.0,19.5,-25.0
2016-11-25,164.0,19.5,-25.0
2016-11-28,164.0,19.5,-25.0
2016-11-29,164.0,19.5,-25.0
2016-11-30,164.0,19.5,-25.0
2016-12-01,164.0,19.5,-25.0
2016-12-02,164.0,19.5,-25.0
2016-12-05,164.0,19.5,-25.0
2016-12-06,164.0,19.5,-25.0
2016-12-07,164.0,19.5,-25.0
2016-12-08,164.0,19.5,-25.0
2016-12-09,164.0,19.5,-25.0
2016-12-12,164.0,19.5,-25.0
2016-12-13,164.0,19.5,-25.0
2016-12-14,164.0,19.5,-25.0
2016-12-15,164.0,19.5,-25.0
2016-12-16,164.0,19.5,-25.0
2016-12-19,164.0,19.5,-25.0
2016-12-20,164.0,19.5,-25.0
2016-12-21,164.0,19.5,-25.0
2016-12-22,164.0,19.5,-25.0
2016-12-23,164.0,19.5,-25.0
2016-12-27,164.0,19.5,-25.0
2016-12-28,164.0,19.5,-25.0
2016-12-29,164.0,19.5,-25.0
2016-12-30,164.0,19.5,-25.0
2017-01-03,169.5,20.1,-30.0
2017-01-04,169.5,20.1,-30.0
2017-01-05,169.5,20.1,-30.0
2017-01-06,169.5,20.1,-30.0
2017-01-09,169.5,20.1,-30.0
2017-01-10,169.5,20.1,-30.0
2017-01-11,169.5,20.1,-30.0
2017-01-12,169.5,20.1,-30.0
2017-01-13,169.5,20.1,-30.0
2017-01-17,169.5,20.1,-30.0
2017-01-18,169.5,20.1,-30.0
2017-01-19,169.5,20.1,-30.0
2017-01-20,169.5,20.1,-30.0
2017-01-23,169.5,20.1,-30.0
2017-01-24,169.5,20.1,-30.0
2017-01-25,169.5,20.1,-30.0
2017-01-26,169.5,20.1,-30.0
2017-01-27,169.5,20.1,-30.0
2017-01-30,169.5,20.1,-30.0
2017-01-31,169.5,20.1,-30.0
2017-02-01,169.5,20.1,-30.0
2017-02-02,169.5,20.1,-30.0
2017-02-03,169.5,20.1,-30.0
2017-02-06,169.5,20.1,-30.0
2017-02-07,169.5,20.1,-30.0
2017-02-08,169.5,20.1,-30.0
2017-02-09,169.5,20.1,-30.0
2017-02-10,169.5,20.1,-30.0
2017-02-13,169.5,20.1,-30.0
2017-02-14,169.5,20.1,-30.0
2017-02-15,169.5,20.1,-30.0
2017-02-16,169.5,20.1,-30.0
2017-02-17,169.5,20.1,-30.0
2017-02-21,169.5,20.1,-30.0
2017-02-22,169.5,20.1,-30.0
2017-02-23,169.5,20.1,-30.0
2017-02-24,169.5,20.1,-30.0
2017-02-27,169.5,20.1,-30.0
2017-02-28,169.5,20.1,-30.0
2017-03-01,169.5,20.1,-30.0
2017-03-02,169.5,20.1,-30.0
2017-03-03,169.5,20.1,-30.0
2017-03-06,169.5,20.1,-30.0
2017-03-07,169.5,20.1,-30.0
2017-03-08,169.5,20.1,-30.0
2017-03-09,169.5,20.1,-30.0
2017-03-10,169.5,20.1,-30.0
2017-03-13,169.5,20.1,-30.0
2017-03-14,169.5,20.1,-30.0
2017-03-15,169.5,20.1,-30.0
2017-03-16,169.5,20.1,-30.0
2017-03-17,169.5,20.1,-30.0
2017-03-20,169.5,20.1,-30.0
2017-03-21,169.5,20.1,-30.0
2017-03-22,169.5,20.1,-30.0
2017-03-23,169.5,20.1,-30.0
2017-03-24,169.5,20.1,-30.0
2017-03-27,169.5,20.1,-30.0
2017-03-28,169.5,20.1,-30.0
2017-03-29,169.5,20.1,-30.0
2017-03-30,169.5,20.1,-30.0
2017-03-31,169.5,20.1,-30.0
2017-04-03,169.5,20.1,-30.0
2017-04-04,169.5,20.1,-30.0
2017-04-05,169.5,20.1,-30.0
2017-04-06,169.5,20.1,-30.0
2017-04-07,169.5,20.1,-30.0
2017-04-10,169.5,20.1,-30.0
2017-04-11,169.5,20.1,-30.0
2017-04-12,169.5,20.1,-30.0
2017-04-13,169.5,20.1,-30.0
2017-04-17,169.5,20.1,-30.0
2017-04-18,169.5,20.1,-30.0
2017-04-19,169.5,20.1,-30.0
2017-04-20,169.5,20.1,-30.0
2017-04-21,169.5,20.1,-30.0
2017-04-24,169.5,20.1,-30.0
2017-04-25,169.5,20.1,-30.0
2017-04-26,169.5,20.1,-30.0
2017-04-27,169.5,20.1,-30.0
2017-04-28,169.5,20.1,-30.0
2017-05-01,169.5,20.1,-30.0
2017-05-02,169.5,20.1,-30.0
2017-05-03,169.5,20.1,-30.0
2017-05-04,169.5,20.1,-30.0
2017-05-05,169.5,20.1,-30.0
2017-05-08,169.5,20.1,-30.0
2017-05-09,169.5,20.1,-30.0
2017-05-10,169.5,20.1,-30.0
2017-05-11,169.5,20.1,-30.0
2017-05-12,169.5,20.1,-30.0
2017-05-15,169.5,20.1,-30.0
2017-05-16,169.5,20.1,-30.0
2017-05-17,169.5,20.1,-30.0
2017-05-18,169.5,20.1,-30.0
2017-05-19,169.5,20.1,-30.0
2017-05-22,169.5,20.1,-30.0
2017-05-23,169.5,20.1,-30.0
2017-05-24,169.5,20.1,-30.0
2017-05-25,169.5,20.1,-30.0
2017-05-26,169.5,20.1,-30.0
2017-05-30,169.5,20.1,-30.0
2017-05-31,169.5,20.1,-30.0
2017-06-01,169.5,20.1,-30.0
2017-06-02,169.5,20.1,-30.0
2017-06-05,169.5,20.1,-30.0
2017-06-06,169.5,20.1,-30.0
2017-06-07,169.5,20.1,-30.0
2017-06-08,169.5,20.1,-30.0
2017-06-09,169.5,20.1,-30.0
2017-06-12,169.5,20.1,-30.0
2017-06-13,169.5,20.1,-30.0
2017-06-14,169.5,20.1,-30.0
2017-06-15,169.5,20.1,-30.0
2017-06-16,169.5,20.1,-30.0
2017-06-19,169.5,20.1,-30.0
2017-06-20,169.5,20.1,-30.0
2017-06-21,169.5,20.1,-30.0
2017-06-22,169.5,20.1,-30.0
2017-06-23,169.5,20.1,-30.0
2017-06-26,169.5,20.1,-30.0
2017-06-27,169.5,20.1,-30.0
2017-06-28,169.5,20.1,-30.0
2017-06-29,169.5,20.1,-30.0
2017-06-30,173.0,19.8,-35.0
2017-07-03,173.0,19.8,-35.0
2017-07-05,173.0,19.8,-35.0
2017-07-06,173.0,19.8,-35.0
2017-07-07,173.0,19.8,-35.0
2017-07-10,173.0,19.8,-35.0
2017-07-11,173.0,19.8,-35.0
2017-07-12,173.0,19.8,-35.0
2017-07-13,173.0,19.8,-35.0
2017-07-14,173.0,19.8,-35.0
2017-07-17,173.0,19.8,-35.0
2017-07-18,173.0,19.8,-35.0
2017-07-19,173.0,19.8,-35.0
2017-07-20,173.0,19.8,-35.0
2017-07-21,173.0,19.8,-35.0
2017-07-24,173.0,19.8,-35.0
2017-07-25,173.0,19.8,-35.0
2017-07-26,173.0,19.8,-35.0
2017-07-27,173.0,19.8,-35.0
2017-07-28,173.0,19.8,-35.0
2017-07-31,173.0,19.8,-35.0
2017-08-01,173.0,19.8,-35.0
2017-08-02,173.0,19.8,-35.0
2017-08-03,173.0,19.8,-35.0
2017-08-04,173.0,19.8,-35.0
2017-08-07,173.0,19.8,-35.0
2017-08-08,173.0,19.8,-35.0
2017-08-09,173.0,19.8,-35.0
2017-08-10,173.0,19.8,-35.0
2017-08-11,173.0,19.8,-35.0
2017-08-14,173.0,19.8,-35.0
2017-08-15,173.0,19.8,-35.0
2017-08-16,173.0,19.8,-35.0
2017-08-17,173.0,19.8,-35.0
2017-08-18,173.0,19.8,-35.0
2017-08-21,173.0,19.8,-35.0
2017-08-22,173.0,19.8,-35.0
2017-08-23,173.0,19.8,-35.0
2017-08-24,173.0,19.8,-35.0
2017-08-25,173.0,19.8,-35.0
2017-08-28,173.0,19.8,-35.0
2017-08-29,173.0,19.8,-35.0
2017-08-30,173.0,19.8,-35.0
2017-08-31,173.0,19.8,-35.0
2017-09-01,173.0,19.8,-35.0
2017-09-05,173.0,19.8,-35.0
2017-09-06,173.0,19.8,-35.0
2017-09-07,173.0,19.8,-35.0
2017-09-08,173.0,19.8,-35.0
2017-09-11,173.0,19.8,-35.0
2017-09-12,173.0,19.8,-35.0
2017-09-13,173.0,19.8,-35.0
2017-09-14,173.0,19.8,-35.0
2017-09-15,173.0,19.8,-35.0
2017-09-18,173.0,19.8,-35.0
2017-09-19,173.0,19.8,-35.0
2017-09-20,173.0,19.8,-35.0
2017-09-21,173.0,19.8,-35.0
2017-09-22,173.0,19.8,-35.0
2017-09-25,173.0,19.8,-35.0
2017-09-26,173.0,19.8,-35.0
2017-09-27,173.0,19.8,-35.0
2017-09-28,173.0,19.8,-35.0
2017-09-29,173.0,19.8,-35.0
2017-10-02,173.0,19.8,-35.0
2017-10-03,173.0,19.8,-35.0
2017-10-04,173.0,19.8,-35.0
2017-10-05,173.0,19.8,-35.0
2017-10-06,173.0,19.8,-35.0
2017-10-09,173.0,19.8,-35.0
2017-10-10,173.0,19.8,-35.0
2017-10-11,173.0,19.8,-35.0
2017-10-12,173.0,19.8,-35.0
2017-10-13,173.0,19.8,-35.0
2017-10-16,173.0,19.8,-35.0
2017-10-17,173.0,19.8,-35.0
2017-10-18,173.0,19.8,-35.0
2017-10-19,173.0,19.8,-35.0
2017-10-20,173.0,19.8,-35.0
2017-10-23,173.0,19.8,-35.0
2017-10-24,173.0,19.8,-35.0
2017-10-25,173.0,19.8,-35.0
2017-10-26,173.0,19.8,-35.0
2017-10-27,173.0,19.8,-35.0
2017-10-30,173.0,19.8,-35.0
2017-10-31,173.0,19.8,-35.0
2017-11-01,173.0,19.8,-35.0
2017-11-02,173.0,19.8,-35.0
2017-11-03,173.0,19.8,-35.0
2017-11-06,173.0,19.8,-35.0
2017-11-07,173.0,19.8,-35.0
2017-11-08,173.0,19.8,-35.0
2017-11-09,173.0,19.8,-35.0
2017-11-10,173.0,19.8,-35.0
2017-11-13,173.0,19.8,-35.0
2017-11-14,173.0,19.8,-35.0
2017-11-15,173.0,19.8,-35.0
2017-11-16,173.0,19.8,-35.0
2017-11-17,173.0,19.8,-35.0
2017-11-20,173.0,19.8,-35.0
2017-11-21,173.0,19.8,-35.0
2017-11-22,173.0,19.8,-35.0
2017-11-24,173.0,19.8,-35.0
2017-11-27,173.0,19.8,-35.0
2017-11-28,173.0,19.8,-35.0
2017-11-29,173.0,19.8,-35.0
2017-11-30,173.0,19.8,-35.0
2017-12-01,173.0,19.8,-35.0
2017-12-04,173.0,19.8,-35.0
2017-12-05,173.0,19.8,-35.0
2017-12-06,173.0,19.8,-35.0
2017-12-07,173.0,19.8,-35.0
2017-12-08,173.0,19.8,-35.0
2017-12-11,173.0,19.8,-35.0
2017-12-12,173.0,19.8,-35.0
2017-12-13,173.0,19.8,-35.0
2017-12-14,173.0,19.8,-35.0
2017-12-15,173.0,19.8,-35.0
2017-12-18,173.0,19.8,-35.0
2017-12-19,173.0,19.8,-35.0
2017-12-20,173.0,19.8,-35.0
2017-12-21,173.0,19.8,-35.0
2017-12-22,173.0,19.8,-35.0
2017-12-26,173.0,19.8,-35.0
2017-12-27,173.0,19.8,-35.0
2017-12-28,173.0,19.8,-35.0
2017-12-29,173.0,19.8,-35.0
2018-01-02,176.5,19.5,-42.0
2018-01-03,176.5,19.5,-42.0
2018-01-04,176.5,19.5,-42.0
2018-01-05,176.5,19.5,-42.0
2018-01-08,176.5,19.5,-42.0
2018-01-09,176.5,19.5,-42.0
2018-01-10,176.5,19.5,-42.0
2018-01-11,176.5,19.5,-42.0
2018-01-12,176.5,19.5,-42.0
2018-01-16,176.5,19.5,-42.0
2018-01-17,176.5,19.5,-42.0
2018-01-18,176.5,19.5,-42.0
2018-01-19,176.5,19.5,-42.0
2018-01-22,176.5,19.5,-42.0
2018-01-23,176.5,19.5,-42.0
2018-01-24,176.5,19.5,-42.0
2018-01-25,176.5,19.5,-42.0
2018-01-26,176.5,19.5,-42.0
2018-01-29,176.5,19.5,-42.0
2018-01-30,176.5,19.5,-42.0
2018-01-31,176.5,19.5,-42.0
2018-02-01,176.5,19.5,-42.0
2018-02-02,176.5,19.5,-42.0
2018-02-05,176.5,19.5,-42.0
2018-02-06,176.5,19.5,-42.0
2018-02-07,176.5,19.5,-42.0
2018-02-08,176.5,19.5,-42.0
2018-02-09,176.5,19.5,-42.0
2018-02-12,176.5,19.5,-42.0
2018-02-13,176.5,19.5,-42.0
2018-02-14,176.5,19.5,-42.0
2018-02-15,176.5,19.5,-42.0
2018-02-16,176.5,19.5,-42.0
2018-02-20,176.5,19.5,-42.0
2018-02-21,176.5,19.5,-42.0
2018-02-22,176.5,19.5,-42.0
2018-02-23,176.5,19.5,-42.0
2018-02-26,176.5,19.5,-42.0
2018-02-27,176.5,19.5,-42.0
2018-02-28,176.5,19.5,-42.0
2018-03-01,176.5,19.5,-42.0
2018-03-02,176.5,19.5,-42.0
2018-03-05,176.5,19.5,-42.0
2018-03-06,176.5,19.5,-42.0
2018-03-07,176.5,19.5,-42.0
2018-03-08,176.5,19.5,-42.0
2018-03-09,176.5,19.5,-42.0
2018-03-12,176.5,19.5,-42.0
2018-03-13,176.5,19.5,-42.0
2018-03-14,176.5,19.5,-42.0
2018-03-15,176.5,19.5,-42.0
2018-03-16,176.5,19.5,-42.0
2018-03-19,176.5,19.5,-42.0
2018-03-20,176.5,19.5,-42.0
2018-03-21,176.5,19.5,-42.0
2018-03-22,176.5,19.5,-42.0
2018-03-23,176.5,19.5,-42.0
2018-03-26,176.5,19.5,-42.0
2018-03-27,176.5,19.5,-42.0
2018-03-28,176.5,19.5,-42.0
2018-03-29,176.5,19.5,-42.0
2018-04-02,176.5,19.5,-42.0
2018-04-03,176.5,19.5,-42.0
2018-04-04,176.5,19.5,-42.0
2018-04-05,176.5,19.5,-42.0
2018-04-06,176.5,19.5,-42.0
2018-04-09,176.5,19.5,-42.0
2018-04-10,176.5,19.5,-42.0
2018-04-11,176.5,19.5,-42.0
2018-04-12,176.5,19.5,-42.0
2018-04-13,176.5,19.5,-42.0
2018-04-16,176.5,19.5,-42.0
2018-04-17,176.5,19.5,-42.0
2018-04-18,176.5,19.5,-42.0
2018-04-19,176.5,19.5,-42.0
2018-04-20,176.5,19.5,-42.0
2018-04-23,176.5,19.5,-42.0
2018-04-24,176.5,19.5,-42.0
2018-04-25,176.5,19.5,-42.0
2018-04-26,176.5,19.5,-42.0
2018-04-27,176.5,19.5,-42.0
2018-04-30,176.5,19.5,-42.0
2018-05-01,176.5,19.5,-42.0
2018-05-02,176.5,19.5,-42.0
2018-05-03,176.5,19.5,-42.0
2018-05-04,176.5,19.5,-42.0
2018-05-07,176.5,19.5,-42.0
2018-05-08,176.5,19.5,-42.0
2018-05-09,176.5,19.5,-42.0
2018-05-10,176.5,19.5,-42.0
2018-05-11,176.5,19.5,-42.0
2018-05-14,176.5,19.5,-42.0
2018-05-15,176.5,19.5,-42.0
2018-05-16,176.5,19.5,-42.0
2018-05-17,176.5,19.5,-42.0
2018-05-18,176.5,19.5,-42.0
2018-05-21,176.5,19.5,-42.0
2018-05-22,176.5,19.5,-42.0
2018-05-23,176.5,19.5,-42.0
2018-05-24,176.5,19.5,-42.0
2018-05-25,176.5,19.5,-42.0
2018-05-29,176.5,19.5,-42.0
2018-05-30,176.5,19.5,-42.0
2018-05-31,176.5,19.5,-42.0
2018-06-01,176.5,19.5,-42.0
2018-06-04,176.5,19.5,-42.0
2018-06-05,176.5,19.5,-42.0
2018-06-06,176.5,19.5,-42.0
2018-06-07,176.5,19.5,-42.0
2018-06-08,176.5,19.5,-42.0
2018-06-11,176.5,19.5,-42.0
2018-06-12,176.5,19.5,-42.0
2018-06-13,176.5,19.5,-42.0
2018-06-14,176.5,19.5,-42.0
2018-06-15,176.5,19.5,-42.0
2018-06-18,176.5,19.5,-42.0
2018-06-19,176.5,19.5,-42.0
2018-06-20,176.5,19.5,-42.0
2018-06-21,176.5,19.5,-42.0
2018-06-22,176.5,19.5,-42.0
2018-06-25,176.5,19.5,-42.0
2018-06-26,176.5,19.5,-42.0
2018-06-27,176.5,19.5,-42.0
2018-06-28,176.5,19.5,-42.0
2018-06-29,176.5,19.5,-42.0
2018-07-02,179.0,19.2,-48.0
2018-07-03,179.0,19.2,-48.0
2018-07-05,179.0,19.2,-48.0
2018-07-06,179.0,19.2,-48.0
2018-07-09,179.0,19.2,-48.0
2018-07-10,179.0,19.2,-48.0
2018-07-11,179.0,19.2,-48.0
2018-07-12,179.0,19.2,-48.0
2018-07-13,179.0,19.2,-48.0
2018-07-16,179.0,19.2,-48.0
2018-07-17,179.0,19.2,-48.0
2018-07-18,179.0,19.2,-48.0
2018-07-19,179.0,19.2,-48.0
2018-07-20,179.0,19.2,-48.0
2018-07-23,179.0,19.2,-48.0
2018-07-24,179.0,19.2,-48.0
2018-07-25,179.0,19.2,-48.0
2018-07-26,179.0,19.2,-48.0
2018-07-27,179.0,19.2,-48.0
2018-07-30,179.0,19.2,-48.0
2018-07-31,179.0,19.2,-48.0
2018-08-01,179.0,19.2,-48.0
2018-08-02,179.0,19.2,-48.0
2018-08-03,179.0,19.2,-48.0
2018-08-06,179.0,19.2,-48.0
2018-08-07,179.0,19.2,-48.0
2018-08-08,179.0,19.2,-48.0
2018-08-09,179.0,19.2,-48.0
2018-08-10,179.0,19.2,-48.0
2018-08-13,179.0,19.2,-48.0
2018-08-14,179.0,19.2,-48.0
2018-08-15,179.0,19.2,-48.0
2018-08-16,179.0,19.2,-48.0
2018-08-17,179.0,19.2,-48.0
2018-08-20,179.0,19.2,-48.0
2018-08-21,179.0,19.2,-48.0
2018-08-22,179.0,19.2,-48.0
2018-08-23,179.0,19.2,-48.0
2018-08-24,179.0,19.2,-48.0
2018-08-27,179.0,19.2,-48.0
2018-08-28,179.0,19.2,-48.0
2018-08-29,179.0,19.2,-48.0
2018-08-30,179.0,19.2,-48.0
2018-08-31,179.0,19.2,-48.0
2018-09-04,179.0,19.2,-48.0
2018-09-05,179.0,19.2,-48.0
2018-09-06,179.0,19.2,-48.0
2018-09-07,179.0,19.2,-48.0
2018-09-10,179.0,19.2,-48.0
2018-09-11,179.0,19.2,-48.0
2018-09-12,179.0,19.2,-48.0
2018-09-13,179.0,19.2,-48.0
2018-09-14,179.0,19.2,-48.0
2018-09-17,179.0,19.2,-48.0
2018-09-18,179.0,19.2,-48.0
2018-09-19,179.0,19.2,-48.0
2018-09-20,179.0,19.2,-48.0
2018-09-21,179.0,19.2,-48.0
2018-09-24,179.0,19.2,-48.0
2018-09-25,179.0,19.2,-48.0
2018-09-26,179.0,19.2,-48.0
2018-09-27,179.0,19.2,-48.0
2018-09-28,179.0,19.2,-48.0
2018-10-01,179.0,19.2,-48.0
2018-10-02,179.0,19.2,-48.0
2018-10-03,179.0,19.2,-48.0
2018-10-04,179.0,19.2,-48.0
2018-10-05,179.0,19.2,-48.0
2018-10-08,179.0,19.2,-48.0
2018-10-09,179.0,19.2,-48.0
2018-10-10,179.0,19.2,-48.0
2018-10-11,179.0,19.2,-48.0
2018-10-12,179.0,19.2,-48.0
2018-10-15,179.0,19.2,-48.0
2018-10-16,179.0,19.2,-48.0
2018-10-17,179.0,19.2,-48.0
2018-10-18,179.0,19.2,-48.0
2018-10-19,179.0,19.2,-48.0
2018-10-22,179.0,19.2,-48.0
2018-10-23,179.0,19.2,-48.0
2018-10-24,179.0,19.2,-48.0
2018-10-25,179.0,19.2,-48.0
2018-10-26,179.0,19.2,-48.0
2018-10-29,179.0,19.2,-48.0
2018-10-30,179.0,19.2,-48.0
2018-10-31,179.0,19.2,-48.0
2018-11-01,179.0,19.2,-48.0
2018-11-02,179.0,19.2,-48.0
2018-11-05,179.0,19.2,-48.0
2018-11-06,179.0,19.2,-48.0
2018-11-07,179.0,19.2,-48.0
2018-11-08,179.0,19.2,-48.0
2018-11-09,179.0,19.2,-48.0
2018-11-12,179.0,19.2,-48.0
2018-11-13,179.0,19.2,-48.0
2018-11-14,179.0,19.2,-48.0
2018-11-15,179.0,19.2,-48.0
2018-11-16,179.0,19.2,-48.0
2018-11-19,179.0,19.2,-48.0
2018-11-20,179.0,19.2,-48.0
2018-11-21,179.0,19.2,-48.0
2018-11-23,179.0,19.2,-48.0
2018-11-26,179.0,19.2,-48.0
2018-11-27,179.0,19.2,-48.0
2018-11-28,179.0,19.2,-48.0
2018-11-29,179.0,19.2,-48.0
2018-11-30,179.0,19.2,-48.0
2018-12-03,179.0,19.2,-48.0
2018-12-04,179.0,19.2,-48.0
2018-12-06,179.0,19.2,-48.0
2018-12-07,179.0,19.2,-48.0
2018-12-10,179.0,19.2,-48.0
2018-12-11,179.0,19.2,-48.0
2018-12-12,179.0,19.2,-48.0
2018-12-13,179.0,19.2,-48.0
2018-12-14,179.0,19.2,-48.0
2018-12-17,179.0,19.2,-48.0
2018-12-18,179.0,19.2,-48.0
2018-12-19,179.0,19.2,-48.0
2018-12-20,179.0,19.2,-48.0
2018-12-21,179.0,19.2,-48.0
2018-12-24,179.0,19.2,-48.0
2018-12-26,179.0,19.2,-48.0
2018-12-27,179.0,19.2,-48.0
2018-12-28,179.0,19.2,-48.0
2018-12-31,182.5,18.8,-55.0
2019-01-02,182.5,18.8,-55.0
2019-01-03,182.5,18.8,-55.0
2019-01-04,182.5,18.8,-55.0
2019-01-07,182.5,18.8,-55.0
2019-01-08,182.5,18.8,-55.0
2019-01-09,182.5,18.8,-55.0
2019-01-10,182.5,18.8,-55.0
2019-01-11,182.5,18.8,-55.0
2019-01-14,182.5,18.8,-55.0
2019-01-15,182.5,18.8,-55.0
2019-01-16,182.5,18.8,-55.0
2019-01-17,182.5,18.8,-55.0
2019-01-18,182.5,18.8,-55.0
2019-01-22,182.5,18.8,-55.0
2019-01-23,182.5,18.8,-55.0
2019-01-24,182.5,18.8,-55.0
2019-01-25,182.5,18.8,-55.0
2019-01-28,182.5,18.8,-55.0
2019-01-29,182.5,18.8,-55.0
2019-01-30,182.5,18.8,-55.0
2019-01-31,182.5,18.8,-55.0
2019-02-01,182.5,18.8,-55.0
2019-02-04,182.5,18.8,-55.0
2019-02-05,182.5,18.8,-55.0
2019-02-06,182.5,18.8,-55.0
2019-02-07,182.5,18.8,-55.0
2019-02-08,182.5,18.8,-55.0
2019-02-11,182.5,18.8,-55.0
2019-02-12,182.5,18.8,-55.0
2019-02-13,182.5,18.8,-55.0
2019-02-14,182.5,18.8,-55.0
2019-02-15,182.5,18.8,-55.0
2019-02-19,182.5,18.8,-55.0
2019-02-20,182.5,18.8,-55.0
2019-02-21,182.5,18.8,-55.0
2019-02-22,182.5,18.8,-55.0
2019-02-25,182.5,18.8,-55.0
2019-02-26,182.5,18.8,-55.0
2019-02-27,182.5,18.8,-55.0
2019-02-28,182.5,18.8,-55.0
2019-03-01,182.5,18.8,-55.0
2019-03-04,182.5,18.8,-55.0
2019-03-05,182.5,18.8,-55.0
2019-03-06,182.5,18.8,-55.0
2019-03-07,182.5,18.8,-55.0
2019-03-08,182.5,18.8,-55.0
2019-03-11,182.5,18.8,-55.0
2019-03-12,182.5,18.8,-55.0
2019-03-13,182.5,18.8,-55.0
2019-03-14,182.5,18.8,-55.0
2019-03-15,182.5,18.8,-55.0
2019-03-18,182.5,18.8,-55.0
2019-03-19,182.5,18.8,-55.0
2019-03-20,182.5,18.8,-55.0
2019-03-21,182.5,18.8,-55.0
2019-03-22,182.5,18.8,-55.0
2019-03-25,182.5,18.8,-55.0
2019-03-26,182.5,18.8,-55.0
2019-03-27,182.5,18.8,-55.0
2019-03-28,182.5,18.8,-55.0
2019-03-29,182.5,18.8,-55.0
2019-04-01,182.5,18.8,-55.0
2019-04-02,182.5,18.8,-55.0
2019-04-03,182.5,18.8,-55.0
2019-04-04,182.5,18.8,-55.0
2019-04-05,182.5,18.8,-55.0
2019-04-08,182.5,18.8,-55.0
2019-04-09,182.5,18.8,-55.0
2019-04-10,182.5,18.8,-55.0
2019-04-11,182.5,18.8,-55.0
2019-04-12,182.5,18.8,-55.0
2019-04-15,182.5,18.8,-55.0
2019-04-16,182.5,18.8,-55.0
2019-04-17,182.5,18.8,-55.0
2019-04-18,182.5,18.8,-55.0
2019-04-22,182.5,18.8,-55.0
2019-04-23,182.5,18.8,-55.0
2019-04-24,182.5,18.8,-55.0
2019-04-25,182.5,18.8,-55.0
2019-04-26,182.5,18.8,-55.0
2019-04-29,182.5,18.8,-55.0
2019-04-30,182.5,18.8,-55.0
2019-05-01,182.5,18.8,-55.0
2019-05-02,182.5,18.8,-55.0
2019-05-03,182.5,18.8,-55.0
2019-05-06,182.5,18.8,-55.0
2019-05-07,182.5,18.8,-55.0
2019-05-08,182.5,18.8,-55.0
2019-05-09,182.5,18.8,-55.0
2019-05-10,182.5,18.8,-55.0
2019-05-13,182.5,18.8,-55.0
2019-05-14,182.5,18.8,-55.0
2019-05-15,182.5,18.8,-55.0
2019-05-16,182.5,18.8,-55.0
2019-05-17,182.5,18.8,-55.0
2019-05-20,182.5,18.8,-55.0
2019-05-21,182.5,18.8,-55.0
2019-05-22,182.5,18.8,-55.0
2019-05-23,182.5,18.8,-55.0
2019-05-24,182.5,18.8,-55.0
2019-05-28,182.5,18.8,-55.0
2019-05-29,182.5,18.8,-55.0
2019-05-30,182.5,18.8,-55.0
2019-05-31,182.5,18.8,-55.0
2019-06-03,182.5,18.8,-55.0
2019-06-04,182.5,18.8,-55.0
2019-06-05,182.5,18.8,-55.0
2019-06-06,182.5,18.8,-55.0
2019-06-07,182.5,18.8,-55.0
2019-06-10,182.5,18.8,-55.0
2019-06-11,182.5,18.8,-55.0
2019-06-12,182.5,18.8,-55.0
2019-06-13,182.5,18.8,-55.0
2019-06-14,182.5,18.8,-55.0
2019-06-17,182.5,18.8,-55.0
2019-06-18,182.5,18.8,-55.0
2019-06-19,182.5,18.8,-55.0
2019-06-20,182.5,18.8,-55.0
2019-06-21,182.5,18.8,-55.0
2019-06-24,182.5,18.8,-55.0
2019-06-25,182.5,18.8,-55.0
2019-06-26,182.5,18.8,-55.0
2019-06-27,182.5,18.8,-55.0
2019-06-28,182.5,18.8,-55.0
2019-07-01,186.0,18.5,-62.0
2019-07-02,186.0,18.5,-62.0
2019-07-03,186.0,18.5,-62.0
2019-07-05,186.0,18.5,-62.0
2019-07-08,186.0,18.5,-62.0
2019-07-09,186.0,18.5,-62.0
2019-07-10,186.0,18.5,-62.0
2019-07-11,186.0,18.5,-62.0
2019-07-12,186.0,18.5,-62.0
2019-07-15,186.0,18.5,-62.0
2019-07-16,186.0,18.5,-62.0
2019-07-17,186.0,18.5,-62.0
2019-07-18,186.0,18.5,-62.0
2019-07-19,186.0,18.5,-62.0
2019-07-22,186.0,18.5,-62.0
2019-07-23,186.0,18.5,-62.0
2019-07-24,186.0,18.5,-62.0
2019-07-25,186.0,18.5,-62.0
2019-07-26,186.0,18.5,-62.0
2019-07-29,186.0,18.5,-62.0
2019-07-30,186.0,18.5,-62.0
2019-07-31,186.0,18.5,-62.0
2019-08-01,186.0,18.5,-62.0
2019-08-02,186.0,18.5,-62.0
2019-08-05,186.0,18.5,-62.0
2019-08-06,186.0,18.5,-62.0
2019-08-07,186.0,18.5,-62.0
2019-08-08,186.0,18.5,-62.0
2019-08-09,186.0,18.5,-62.0
2019-08-12,186.0,18.5,-62.0
2019-08-13,186.0,18.5,-62.0
2019-08-14,186.0,18.5,-62.0
2019-08-15,186.0,18.5,-62.0
2019-08-16,186.0,18.5,-62.0
2019-08-19,186.0,18.5,-62.0
2019-08-20,186.0,18.5,-62.0
2019-08-21,186.0,18.5,-62.0
2019-08-22,186.0,18.5,-62.0
2019-08-23,186.0,18.5,-62.0
2019-08-26,186.0,18.5,-62.0
2019-08-27,186.0,18.5,-62.0
2019-08-28,186.0,18.5,-62.0
2019-08-29,186.0,18.5,-62.0
2019-08-30,186.0,18.5,-62.0
2019-09-03,186.0,18.5,-62.0
2019-09-04,186.0,18.5,-62.0
2019-09-05,186.0,18.5,-62.0
2019-09-06,186.0,18.5,-62.0
2019-09-09,186.0,18.5,-62.0
2019-09-10,186.0,18.5,-62.0
2019-09-11,186.0,18.5,-62.0
2019-09-12,186.0,18.5,-62.0
2019-09-13,186.0,18.5,-62.0
2019-09-16,186.0,18.5,-62.0
2019-09-17,186.0,18.5,-62.0
2019-09-18,186.0,18.5,-62.0
2019-09-19,186.0,18.5,-62.0
2019-09-20,186.0,18.5,-62.0
2019-09-23,186.0,18.5,-62.0
2019-09-24,186.0,18.5,-62.0
2019-09-25,186.0,18.5,-62.0
2019-09-26,186.0,18.5,-62.0
2019-09-27,186.0,18.5,-62.0
2019-09-30,186.0,18.5,-62.0
2019-10-01,186.0,18.5,-62.0
2019-10-02,186.0,18.5,-62.0
2019-10-03,186.0,18.5,-62.0
2019-10-04,186.0,18.5,-62.0
2019-10-07,186.0,18.5,-62.0
2019-10-08,186.0,18.5,-62.0
2019-10-09,186.0,18.5,-62.0
2019-10-10,186.0,18.5,-62.0
2019-10-11,186.0,18.5,-62.0
2019-10-14,186.0,18.5,-62.0
2019-10-15,186.0,18.5,-62.0
2019-10-16,186.0,18.5,-62.0
2019-10-17,186.0,18.5,-62.0
2019-10-18,186.0,18.5,-62.0
2019-10-21,186.0,18.5,-62.0
2019-10-22,186.0,18.5,-62.0
2019-10-23,186.0,18.5,-62.0
2019-10-24,186.0,18.5,-62.0
2019-10-25,186.0,18.5,-62.0
2019-10-28,186.0,18.5,-62.0
2019-10-29,186.0,18.5,-62.0
2019-10-30,186.0,18.5,-62.0
2019-10-31,186.0,18.5,-62.0
2019-11-01,186.0,18.5,-62.0
2019-11-04,186.0,18.5,-62.0
2019-11-05,186.0,18.5,-62.0
2019-11-06,186.0,18.5,-62.0
2019-11-07,186.0,18.5,-62.0
2019-11-08,186.0,18.5,-62.0
2019-11-11,186.0,18.5,-62.0
2019-11-12,186.0,18.5,-62.0
2019-11-13,186.0,18.5,-62.0
2019-11-14,186.0,18.5,-62.0
2019-11-15,186.0,18.5,-62.0
2019-11-18,186.0,18.5,-62.0
2019-11-19,186.0,18.5,-62.0
2019-11-20,186.0,18.5,-62.0
2019-11-21,186.0,18.5,-62.0
2019-11-22,186.0,18.5,-62.0
2019-11-25,186.0,18.5,-62.0
2019-11-26,186.0,18.5,-62.0
2019-11-27,186.0,18.5,-62.0
2019-11-29,186.0,18.5,-62.0
2019-12-02,186.0,18.5,-62.0
2019-12-03,186.0,18.5,-62.0
2019-12-04,186.0,18.5,-62.0
2019-12-05,186.0,18.5,-62.0
2019-12-06,186.0,18.5,-62.0
2019-12-09,186.0,18.5,-62.0
2019-12-10,186.0,18.5,-62.0
2019-12-11,186.0,18.5,-62.0
2019-12-12,186.0,18.5,-62.0
2019-12-13,186.0,18.5,-62.0
2019-12-16,186.0,18.5,-62.0
2019-12-17,186.0,18.5,-62.0
2019-12-18,186.0,18.5,-62.0
2019-12-19,186.0,18.5,-62.0
2019-12-20,186.0,18.5,-62.0
2019-12-23,186.0,18.5,-62.0
2019-12-24,186.0,18.5,-62.0
2019-12-26,186.0,18.5,-62.0
2019-12-27,186.0,18.5,-62.0
2019-12-30,186.0,18.5,-62.0
2019-12-31,189.5,18.2,-75.0
2020-01-02,189.5,18.2,-75.0
2020-01-03,189.5,18.2,-75.0
2020-01-06,189.5,18.2,-75.0
2020-01-07,189.5,18.2,-75.0
2020-01-08,189.5,18.2,-75.0
2020-01-09,189.5,18.2,-75.0
2020-01-10,189.5,18.2,-75.0
2020-01-13,189.5,18.2,-75.0
2020-01-14,189.5,18.2,-75.0
2020-01-15,189.5,18.2,-75.0
2020-01-16,189.5,18.2,-75.0
2020-01-17,189.5,18.2,-75.0
2020-01-21,189.5,18.2,-75.0
2020-01-22,189.5,18.2,-75.0
2020-01-23,189.5,18.2,-75.0
2020-01-24,189.5,18.2,-75.0
2020-01-27,189.5,18.2,-75.0
2020-01-28,189.5,18.2,-75.0
2020-01-29,189.5,18.2,-75.0
2020-01-30,189.5,18.2,-75.0
2020-01-31,189.5,18.2,-75.0
2020-02-03,189.5,18.2,-75.0
2020-02-04,189.5,18.2,-75.0
2020-02-05,189.5,18.2,-75.0
2020-02-06,189.5,18.2,-75.0
2020-02-07,189.5,18.2,-75.0
2020-02-10,189.5,18.2,-75.0
2020-02-11,189.5,18.2,-75.0
2020-02-12,189.5,18.2,-75.0
2020-02-13,189.5,18.2,-75.0
2020-02-14,189.5,18.2,-75.0
2020-02-18,189.5,18.2,-75.0
2020-02-19,189.5,18.2,-75.0
2020-02-20,189.5,18.2,-75.0
2020-02-21,189.5,18.2,-75.0
2020-02-24,189.5,18.2,-75.0
2020-02-25,189.5,18.2,-75.0
2020-02-26,189.5,18.2,-75.0
2020-02-27,189.5,18.2,-75.0
2020-02-28,189.5,18.2,-75.0
2020-03-02,189.5,18.2,-75.0
2020-03-03,189.5,18.2,-75.0
2020-03-04,189.5,18.2,-75.0
2020-03-05,189.5,18.2,-75.0
2020-03-06,189.5,18.2,-75.0
2020-03-09,189.5,18.2,-75.0
2020-03-10,189.5,18.2,-75.0
2020-03-11,189.5,18.2,-75.0
2020-03-12,189.5,18.2,-75.0
2020-03-13,189.5,18.2,-75.0
2020-03-16,189.5,18.2,-75.0
2020-03-17,189.5,18.2,-75.0
2020-03-18,189.5,18.2,-75.0
2020-03-19,189.5,18.2,-75.0
2020-03-20,189.5,18.2,-75.0
2020-03-23,189.5,18.2,-75.0
2020-03-24,189.5,18.2,-75.0
2020-03-25,189.5,18.2,-75.0
2020-03-26,189.5,18.2,-75.0
2020-03-27,189.5,18.2,-75.0
2020-03-30,189.5,18.2,-75.0
2020-03-31,189.5,18.2,-75.0
2020-04-01,189.5,18.2,-75.0
2020-04-02,189.5,18.2,-75.0
2020-04-03,189.5,18.2,-75.0
2020-04-06,189.5,18.2,-75.0
2020-04-07,189.5,18.2,-75.0
2020-04-08,189.5,18.2,-75.0
2020-04-09,189.5,18.2,-75.0
2020-04-13,189.5,18.2,-75.0
2020-04-14,189.5,18.2,-75.0
2020-04-15,189.5,18.2,-75.0
2020-04-16,189.5,18.2,-75.0
2020-04-17,189.5,18.2,-75.0
2020-04-20,189.5,18.2,-75.0
2020-04-21,189.5,18.2,-75.0
2020-04-22,189.5,18.2,-75.0
2020-04-23,189.5,18.2,-75.0
2020-04-24,189.5,18.2,-75.0
2020-04-27,189.5,18.2,-75.0
2020-04-28,189.5,18.2,-75.0
2020-04-29,189.5,18.2,-75.0
2020-04-30,189.5,18.2,-75.0
2020-05-01,189.5,18.2,-75.0
2020-05-04,189.5,18.2,-75.0
2020-05-05,189.5,18.2,-75.0
2020-05-06,189.5,18.2,-75.0
2020-05-07,189.5,18.2,-75.0
2020-05-08,189.5,18.2,-75.0
2020-05-11,189.5,18.2,-75.0
2020-05-12,189.5,18.2,-75.0
2020-05-13,189.5,18.2,-75.0
2020-05-14,189.5,18.2,-75.0
2020-05-15,189.5,18.2,-75.0
2020-05-18,189.5,18.2,-75.0
2020-05-19,189.5,18.2,-75.0
2020-05-20,189.5,18.2,-75.0
2020-05-21,189.5,18.2,-75.0
2020-05-22,189.5,18.2,-75.0
2020-05-26,189.5,18.2,-75.0
2020-05-27,189.5,18.2,-75.0
2020-05-28,189.5,18.2,-75.0
2020-05-29,189.5,18.2,-75.0
2020-06-01,189.5,18.2,-75.0
2020-06-02,189.5,18.2,-75.0
2020-06-03,189.5,18.2,-75.0
2020-06-04,189.5,18.2,-75.0
2020-06-05,189.5,18.2,-75.0
2020-06-08,189.5,18.2,-75.0
2020-06-09,189.5,18.2,-75.0
2020-06-10,189.5,18.2,-75.0
2020-06-11,189.5,18.2,-75.0
2020-06-12,189.5,18.2,-75.0
2020-06-15,189.5,18.2,-75.0
2020-06-16,189.5,18.2,-75.0
2020-06-17,189.5,18.2,-75.0
2020-06-18,189.5,18.2,-75.0
2020-06-19,189.5,18.2,-75.0
2020-06-22,189.5,18.2,-75.0
2020-06-23,189.5,18.2,-75.0
2020-06-24,189.5,18.2,-75.0
2020-06-25,189.5,18.2,-75.0
2020-06-26,189.5,18.2,-75.0
2020-06-29,189.5,18.2,-75.0
2020-06-30,193.0,18.0,-88.0
2020-07-01,193.0,18.0,-88.0
2020-07-02,193.0,18.0,-88.0
2020-07-06,193.0,18.0,-88.0
2020-07-07,193.0,18.0,-88.0
2020-07-08,193.0,18.0,-88.0
2020-07-09,193.0,18.0,-88.0
2020-07-10,193.0,18.0,-88.0
2020-07-13,193.0,18.0,-88.0
2020-07-14,193.0,18.0,-88.0
2020-07-15,193.0,18.0,-88.0
2020-07-16,193.0,18.0,-88.0
2020-07-17,193.0,18.0,-88.0
2020-07-20,193.0,18.0,-88.0
2020-07-21,193.0,18.0,-88.0
2020-07-22,193.0,18.0,-88.0
2020-07-23,193.0,18.0,-88.0
2020-07-24,193.0,18.0,-88.0
2020-07-27,193.0,18.0,-88.0
2020-07-28,193.0,18.0,-88.0
2020-07-29,193.0,18.0,-88.0
2020-07-30,193.0,18.0,-88.0
2020-07-31,193.0,18.0,-88.0
2020-08-03,193.0,18.0,-88.0
2020-08-04,193.0,18.0,-88.0
2020-08-05,193.0,18.0,-88.0
2020-08-06,193.0,18.0,-88.0
2020-08-07,193.0,18.0,-88.0
2020-08-10,193.0,18.0,-88.0
2020-08-11,193.0,18.0,-88.0
2020-08-12,193.0,18.0,-88.0
2020-08-13,193.0,18.0,-88.0
2020-08-14,193.0,18.0,-88.0
2020-08-17,193.0,18.0,-88.0
2020-08-18,193.0,18.0,-88.0
2020-08-19,193.0,18.0,-88.0
2020-08-20,193.0,18.0,-88.0
2020-08-21,193.0,18.0,-88.0
2020-08-24,193.0,18.0,-88.0
2020-08-25,193.0,18.0,-88.0
2020-08-26,193.0,18.0,-88.0
2020-08-27,193.0,18.0,-88.0
2020-08-28,193.0,18.0,-88.0
2020-08-31,193.0,18.0,-88.0
2020-09-01,193.0,18.0,-88.0
2020-09-02,193.0,18.0,-88.0
2020-09-03,193.0,18.0,-88.0
2020-09-04,193.0,18.0,-88.0
2020-09-08,193.0,18.0,-88.0
2020-09-09,193.0,18.0,-88.0
2020-09-10,193.0,18.0,-88.0
2020-09-11,193.0,18.0,-88.0
2020-09-14,193.0,18.0,-88.0
2020-09-15,193.0,18.0,-88.0
2020-09-16,193.0,18.0,-88.0
2020-09-17,193.0,18.0,-88.0
2020-09-18,193.0,18.0,-88.0
2020-09-21,193.0,18.0,-88.0
2020-09-22,193.0,18.0,-88.0
2020-09-23,193.0,18.0,-88.0
2020-09-24,193.0,18.0,-88.0
2020-09-25,193.0,18.0,-88.0
2020-09-28,193.0,18.0,-88.0
2020-09-29,193.0,18.0,-88.0
2020-09-30,193.0,18.0,-88.0
2020-10-01,193.0,18.0,-88.0
2020-10-02,193.0,18.0,-88.0
2020-10-05,193.0,18.0,-88.0
2020-10-06,193.0,18.0,-88.0
2020-10-07,193.0,18.0,-88.0
2020-10-08,193.0,18.0,-88.0
2020-10-09,193.0,18.0,-88.0
2020-10-12,193.0,18.0,-88.0
2020-10-13,193.0,18.0,-88.0
2020-10-14,193.0,18.0,-88.0
2020-10-15,193.0,18.0,-88.0
2020-10-16,193.0,18.0,-88.0
2020-10-19,193.0,18.0,-88.0
2020-10-20,193.0,18.0,-88.0
2020-10-21,193.0,18.0,-88.0
2020-10-22,193.0,18.0,-88.0
2020-10-23,193.0,18.0,-88.0
2020-10-26,193.0,18.0,-88.0
2020-10-27,193.0,18.0,-88.0
2020-10-28,193.0,18.0,-88.0
2020-10-29,193.0,18.0,-88.0
2020-10-30,193.0,18.0,-88.0
2020-11-02,193.0,18.0,-88.0
2020-11-03,193.0,18.0,-88.0
2020-11-04,193.0,18.0,-88.0
2020-11-05,193.0,18.0,-88.0
2020-11-06,193.0,18.0,-88.0
2020-11-09,193.0,18.0,-88.0
2020-11-10,193.0,18.0,-88.0
2020-11-11,193.0,18.0,-88.0
2020-11-12,193.0,18.0,-88.0
2020-11-13,193.0,18.0,-88.0
2020-11-16,193.0,18.0,-88.0
2020-11-17,193.0,18.0,-88.0
2020-11-18,193.0,18.0,-88.0
2020-11-19,193.0,18.0,-88.0
2020-11-20,193.0,18.0,-88.0
2020-11-23,193.0,18.0,-88.0
2020-11-24,193.0,18.0,-88.0
2020-11-25,193.0,18.0,-88.0
2020-11-27,193.0,18.0,-88.0
2020-11-30,193.0,18.0,-88.0
2020-12-01,193.0,18.0,-88.0
2020-12-02,193.0,18.0,-88.0
2020-12-03,193.0,18.0,-88.0
2020-12-04,193.0,18.0,-88.0
2020-12-07,193.0,18.0,-88.0
2020-12-08,193.0,18.0,-88.0
2020-12-09,193.0,18.0,-88.0
2020-12-10,193.0,18.0,-88.0
2020-12-11,193.0,18.0,-88.0
2020-12-14,193.0,18.0,-88.0
2020-12-15,193.0,18.0,-88.0
2020-12-16,193.0,18.0,-88.0
2020-12-17,193.0,18.0,-88.0
2020-12-18,193.0,18.0,-88.0
2020-12-21,193.0,18.0,-88.0
2020-12-22,193.0,18.0,-88.0
2020-12-23,193.0,18.0,-88.0
2020-12-24,193.0,18.0,-88.0
2020-12-28,193.0,18.0,-88.0
2020-12-29,193.0,18.0,-88.0
2020-12-30,193.0,18.0,-88.0
2020-12-31,196.5,18.4,-145.0
2021-01-04,196.5,18.4,-145.0
2021-01-05,196.5,18.4,-145.0
2021-01-06,196.5,18.4,-145.0
2021-01-07,196.5,18.4,-145.0
2021-01-08,196.5,18.4,-145.0
2021-01-11,196.5,18.4,-145.0
2021-01-12,196.5,18.4,-145.0
2021-01-13,196.5,18.4,-145.0
2021-01-14,196.5,18.4,-145.0
2021-01-15,196.5,18.4,-145.0
2021-01-19,196.5,18.4,-145.0
2021-01-20,196.5,18.4,-145.0
2021-01-21,196.5,18.4,-145.0
2021-01-22,196.5,18.4,-145.0
2021-01-25,196.5,18.4,-145.0
2021-01-26,196.5,18.4,-145.0
2021-01-27,196.5,18.4,-145.0
2021-01-28,196.5,18.4,-145.0
2021-01-29,196.5,18.4,-145.0
2021-02-01,196.5,18.4,-145.0
2021-02-02,196.5,18.4,-145.0
2021-02-03,196.5,18.4,-145.0
2021-02-04,196.5,18.4,-145.0
2021-02-05,196.5,18.4,-145.0
2021-02-08,196.5,18.4,-145.0
2021-02-09,196.5,18.4,-145.0
2021-02-10,196.5,18.4,-145.0
2021-02-11,196.5,18.4,-145.0
2021-02-12,196.5,18.4,-145.0
2021-02-16,196.5,18.4,-145.0
2021-02-17,196.5,18.4,-145.0
2021-02-18,196.5,18.4,-145.0
2021-02-19,196.5,18.4,-145.0
2021-02-22,196.5,18.4,-145.0
2021-02-23,196.5,18.4,-145.0
2021-02-24,196.5,18.4,-145.0
2021-02-25,196.5,18.4,-145.0
2021-02-26,196.5,18.4,-145.0
2021-03-01,196.5,18.4,-145.0
2021-03-02,196.5,18.4,-145.0
2021-03-03,196.5,18.4,-145.0
2021-03-04,196.5,18.4,-145.0
2021-03-05,196.5,18.4,-145.0
2021-03-08,196.5,18.4,-145.0
2021-03-09,196.5,18.4,-145.0
2021-03-10,196.5,18.4,-145.0
2021-03-11,196.5,18.4,-145.0
2021-03-12,196.5,18.4,-145.0
2021-03-15,196.5,18.4,-145.0
2021-03-16,196.5,18.4,-145.0
2021-03-17,196.5,18.4,-145.0
2021-03-18,196.5,18.4,-145.0
2021-03-19,196.5,18.4,-145.0
2021-03-22,196.5,18.4,-145.0
2021-03-23,196.5,18.4,-145.0
2021-03-24,196.5,18.4,-145.0
2021-03-25,196.5,18.4,-145.0
2021-03-26,196.5,18.4,-145.0
2021-03-29,196.5,18.4,-145.0
2021-03-30,196.5,18.4,-145.0
2021-03-31,196.5,18.4,-145.0
2021-04-01,196.5,18.4,-145.0
2021-04-05,196.5,18.4,-145.0
2021-04-06,196.5,18.4,-145.0
2021-04-07,196.5,18.4,-145.0
2021-04-08,196.5,18.4,-145.0
2021-04-09,196.5,18.4,-145.0
2021-04-12,196.5,18.4,-145.0
2021-04-13,196.5,18.4,-145.0
2021-04-14,196.5,18.4,-145.0
2021-04-15,196.5,18.4,-145.0
2021-04-16,196.5,18.4,-145.0
2021-04-19,196.5,18.4,-145.0
2021-04-20,196.5,18.4,-145.0
2021-04-21,196.5,18.4,-145.0
2021-04-22,196.5,18.4,-145.0
2021-04-23,196.5,18.4,-145.0
2021-04-26,196.5,18.4,-145.0
2021-04-27,196.5,18.4,-145.0
2021-04-28,196.5,18.4,-145.0
2021-04-29,196.5,18.4,-145.0
2021-04-30,196.5,18.4,-145.0
2021-05-03,196.5,18.4,-145.0
2021-05-04,196.5,18.4,-145.0
2021-05-05,196.5,18.4,-145.0
2021-05-06,196.5,18.4,-145.0
2021-05-07,196.5,18.4,-145.0
2021-05-10,196.5,18.4,-145.0
2021-05-11,196.5,18.4,-145.0
2021-05-12,196.5,18.4,-145.0
2021-05-13,196.5,18.4,-145.0
2021-05-14,196.5,18.4,-145.0
2021-05-17,196.5,18.4,-145.0
2021-05-18,196.5,18.4,-145.0
2021-05-19,196.5,18.4,-145.0
2021-05-20,196.5,18.4,-145.0
2021-05-21,196.5,18.4,-145.0
2021-05-24,196.5,18.4,-145.0
2021-05-25,196.5,18.4,-145.0
2021-05-26,196.5,18.4,-145.0
2021-05-27,196.5,18.4,-145.0
2021-05-28,196.5,18.4,-145.0
2021-06-01,196.5,18.4,-145.0
2021-06-02,196.5,18.4,-145.0
2021-06-03,196.5,18.4,-145.0
2021-06-04,196.5,18.4,-145.0
2021-06-07,196.5,18.4,-145.0
2021-06-08,196.5,18.4,-145.0
2021-06-09,196.5,18.4,-145.0
2021-06-10,196.5,18.4,-145.0
2021-06-11,196.5,18.4,-145.0
2021-06-14,196.5,18.4,-145.0
2021-06-15,196.5,18.4,-145.0
2021-06-16,196.5,18.4,-145.0
2021-06-17,196.5,18.4,-145.0
2021-06-18,196.5,18.4,-145.0
2021-06-21,196.5,18.4,-145.0
2021-06-22,196.5,18.4,-145.0
2021-06-23,196.5,18.4,-145.0
2021-06-24,196.5,18.4,-145.0
2021-06-25,196.5,18.4,-145.0
2021-06-28,196.5,18.4,-145.0
2021-06-29,196.5,18.4,-145.0
2021-06-30,199.0,18.6,-180.0
2021-07-01,199.0,18.6,-180.0
2021-07-02,199.0,18.6,-180.0
2021-07-06,199.0,18.6,-180.0
2021-07-07,199.0,18.6,-180.0
2021-07-08,199.0,18.6,-180.0
2021-07-09,199.0,18.6,-180.0
2021-07-12,199.0,18.6,-180.0
2021-07-13,199.0,18.6,-180.0
2021-07-14,199.0,18.6,-180.0
2021-07-15,199.0,18.6,-180.0
2021-07-16,199.0,18.6,-180.0
2021-07-19,199.0,18.6,-180.0
2021-07-20,199.0,18.6,-180.0
2021-07-21,199.0,18.6,-180.0
2021-07-22,199.0,18.6,-180.0
2021-07-23,199.0,18.6,-180.0
2021-07-26,199.0,18.6,-180.0
2021-07-27,199.0,18.6,-180.0
2021-07-28,199.0,18.6,-180.0
2021-07-29,199.0,18.6,-180.0
2021-07-30,199.0,18.6,-180.0
2021-08-02,199.0,18.6,-180.0
2021-08-03,199.0,18.6,-180.0
2021-08-04,199.0,18.6,-180.0
2021-08-05,199.0,18.6,-180.0
2021-08-06,199.0,18.6,-180.0
2021-08-09,199.0,18.6,-180.0
2021-08-10,199.0,18.6,-180.0
2021-08-11,199.0,18.6,-180.0
2021-08-12,199.0,18.6,-180.0
2021-08-13,199.0,18.6,-180.0
2021-08-16,199.0,18.6,-180.0
2021-08-17,199.0,18.6,-180.0
2021-08-18,199.0,18.6,-180.0
2021-08-19,199.0,18.6,-180.0
2021-08-20,199.0,18.6,-180.0
2021-08-23,199.0,18.6,-180.0
2021-08-24,199.0,18.6,-180.0
2021-08-25,199.0,18.6,-180.0
2021-08-26,199.0,18.6,-180.0
2021-08-27,199.0,18.6,-180.0
2021-08-30,199.0,18.6,-180.0
2021-08-31,199.0,18.6,-180.0
2021-09-01,199.0,18.6,-180.0
2021-09-02,199.0,18.6,-180.0
2021-09-03,199.0,18.6,-180.0
2021-09-07,199.0,18.6,-180.0
2021-09-08,199.0,18.6,-180.0
2021-09-09,199.0,18.6,-180.0
2021-09-10,199.0,18.6,-180.0
2021-09-13,199.0,18.6,-180.0
2021-09-14,199.0,18.6,-180.0
2021-09-15,199.0,18.6,-180.0
2021-09-16,199.0,18.6,-180.0
2021-09-17,199.0,18.6,-180.0
2021-09-20,199.0,18.6,-180.0
2021-09-21,199.0,18.6,-180.0
2021-09-22,199.0,18.6,-180.0
2021-09-23,199.0,18.6,-180.0
2021-09-24,199.0,18.6,-180.0
2021-09-27,199.0,18.6,-180.0
2021-09-28,199.0,18.6,-180.0
2021-09-29,199.0,18.6,-180.0
2021-09-30,199.0,18.6,-180.0
2021-10-01,199.0,18.6,-180.0
2021-10-04,199.0,18.6,-180.0
2021-10-05,199.0,18.6,-180.0
2021-10-06,199.0,18.6,-180.0
2021-10-07,199.0,18.6,-180.0
2021-10-08,199.0,18.6,-180.0
2021-10-11,199.0,18.6,-180.0
2021-10-12,199.0,18.6,-180.0
2021-10-13,199.0,18.6,-180.0
2021-10-14,199.0,18.6,-180.0
2021-10-15,199.0,18.6,-180.0
2021-10-18,199.0,18.6,-180.0
2021-10-19,199.0,18.6,-180.0
2021-10-20,199.0,18.6,-180.0
2021-10-21,199.0,18.6,-180.0
2021-10-22,199.0,18.6,-180.0
2021-10-25,199.0,18.6,-180.0
2021-10-26,199.0,18.6,-180.0
2021-10-27,199.0,18.6,-180.0
2021-10-28,199.0,18.6,-180.0
2021-10-29,199.0,18.6,-180.0
2021-11-01,199.0,18.6,-180.0
2021-11-02,199.0,18.6,-180.0
2021-11-03,199.0,18.6,-180.0
2021-11-04,199.0,18.6,-180.0
2021-11-05,199.0,18.6,-180.0
2021-11-08,199.0,18.6,-180.0
2021-11-09,199.0,18.6,-180.0
2021-11-10,199.0,18.6,-180.0
2021-11-11,199.0,18.6,-180.0
2021-11-12,199.0,18.6,-180.0
2021-11-15,199.0,18.6,-180.0
2021-11-16,199.0,18.6,-180.0
2021-11-17,199.0,18.6,-180.0
2021-11-18,199.0,18.6,-180.0
2021-11-19,199.0,18.6,-180.0
2021-11-22,199.0,18.6,-180.0
2021-11-23,199.0,18.6,-180.0
2021-11-24,199.0,18.6,-180.0
2021-11-26,199.0,18.6,-180.0
2021-11-29,199.0,18.6,-180.0
2021-11-30,199.0,18.6,-180.0
2021-12-01,199.0,18.6,-180.0
2021-12-02,199.0,18.6,-180.0
2021-12-03,199.0,18.6,-180.0
2021-12-06,199.0,18.6,-180.0
2021-12-07,199.0,18.6,-180.0
2021-12-08,199.0,18.6,-180.0
2021-12-09,199.0,18.6,-180.0
2021-12-10,199.0,18.6,-180.0
2021-12-13,199.0,18.6,-180.0
2021-12-14,199.0,18.6,-180.0
2021-12-15,199.0,18.6,-180.0
2021-12-16,199.0,18.6,-180.0
2021-12-17,199.0,18.6,-180.0
2021-12-20,199.0,18.6,-180.0
2021-12-21,199.0,18.6,-180.0
2021-12-22,199.0,18.6,-180.0
2021-12-23,199.0,18.6,-180.0
2021-12-27,199.0,18.6,-180.0
2021-12-28,199.0,18.6,-180.0
2021-12-29,199.0,18.6,-180.0
2021-12-30,199.0,18.6,-180.0
2021-12-31,202.5,18.8,-260.0
2022-01-03,202.5,18.8,-260.0
2022-01-04,202.5,18.8,-260.0
2022-01-05,202.5,18.8,-260.0
2022-01-06,202.5,18.8,-260.0
2022-01-07,202.5,18.8,-260.0
2022-01-10,202.5,18.8,-260.0
2022-01-11,202.5,18.8,-260.0
2022-01-12,202.5,18.8,-260.0
2022-01-13,202.5,18.8,-260.0
2022-01-14,202.5,18.8,-260.0
2022-01-18,202.5,18.8,-260.0
2022-01-19,202.5,18.8,-260.0
2022-01-20,202.5,18.8,-260.0
2022-01-21,202.5,18.8,-260.0
2022-01-24,202.5,18.8,-260.0
2022-01-25,202.5,18.8,-260.0
2022-01-26,202.5,18.8,-260.0
2022-01-27,202.5,18.8,-260.0
2022-01-28,202.5,18.8,-260.0
2022-01-31,202.5,18.8,-260.0
2022-02-01,202.5,18.8,-260.0
2022-02-02,202.5,18.8,-260.0
2022-02-03,202.5,18.8,-260.0
2022-02-04,202.5,18.8,-260.0
2022-02-07,202.5,18.8,-260.0
2022-02-08,202.5,18.8,-260.0
2022-02-09,202.5,18.8,-260.0
2022-02-10,202.5,18.8,-260.0
2022-02-11,202.5,18.8,-260.0
2022-02-14,202.5,18.8,-260.0
2022-02-15,202.5,18.8,-260.0
2022-02-16,202.5,18.8,-260.0
2022-02-17,202.5,18.8,-260.0
2022-02-18,202.5,18.8,-260.0
2022-02-22,202.5,18.8,-260.0
2022-02-23,202.5,18.8,-260.0
2022-02-24,202.5,18.8,-260.0
2022-02-25,202.5,18.8,-260.0
2022-02-28,202.5,18.8,-260.0
2022-03-01,202.5,18.8,-260.0
2022-03-02,202.5,18.8,-260.0
2022-03-03,202.5,18.8,-260.0
2022-03-04,202.5,18.8,-260.0
2022-03-07,202.5,18.8,-260.0
2022-03-08,202.5,18.8,-260.0
2022-03-09,202.5,18.8,-260.0
2022-03-10,202.5,18.8,-260.0
2022-03-11,202.5,18.8,-260.0
2022-03-14,202.5,18.8,-260.0
2022-03-15,202.5,18.8,-260.0
2022-03-16,202.5,18.8,-260.0
2022-03-17,202.5,18.8,-260.0
2022-03-18,202.5,18.8,-260.0
2022-03-21,202.5,18.8,-260.0
2022-03-22,202.5,18.8,-260.0
2022-03-23,202.5,18.8,-260.0
2022-03-24,202.5,18.8,-260.0
2022-03-25,202.5,18.8,-260.0
2022-03-28,202.5,18.8,-260.0
2022-03-29,202.5,18.8,-260.0
2022-03-30,202.5,18.8,-260.0
2022-03-31,202.5,18.8,-260.0
2022-04-01,202.5,18.8,-260.0
2022-04-04,202.5,18.8,-260.0
2022-04-05,202.5,18.8,-260.0
2022-04-06,202.5,18.8,-260.0
2022-04-07,202.5,18.8,-260.0
2022-04-08,202.5,18.8,-260.0
2022-04-11,202.5,18.8,-260.0
2022-04-12,202.5,18.8,-260.0
2022-04-13,202.5,18.8,-260.0
2022-04-14,202.5,18.8,-260.0
2022-04-18,202.5,18.8,-260.0
2022-04-19,202.5,18.8,-260.0
2022-04-20,202.5,18.8,-260.0
2022-04-21,202.5,18.8,-260.0
2022-04-22,202.5,18.8,-260.0
2022-04-25,202.5,18.8,-260.0
2022-04-26,202.5,18.8,-260.0
2022-04-27,202.5,18.8,-260.0
2022-04-28,202.5,18.8,-260.0
2022-04-29,202.5,18.8,-260.0
2022-05-02,202.5,18.8,-260.0
2022-05-03,202.5,18.8,-260.0
2022-05-04,202.5,18.8,-260.0
2022-05-05,202.5,18.8,-260.0
2022-05-06,202.5,18.8,-260.0
2022-05-09,202.5,18.8,-260.0
2022-05-10,202.5,18.8,-260.0
2022-05-11,202.5,18.8,-260.0
2022-05-12,202.5,18.8,-260.0
2022-05-13,202.5,18.8,-260.0
2022-05-16,202.5,18.8,-260.0
2022-05-17,202.5,18.8,-260.0
2022-05-18,202.5,18.8,-260.0
2022-05-19,202.5,18.8,-260.0
2022-05-20,202.5,18.8,-260.0
2022-05-23,202.5,18.8,-260.0
2022-05-24,202.5,18.8,-260.0
2022-05-25,202.5,18.8,-260.0
2022-05-26,202.5,18.8,-260.0
2022-05-27,202.5,18.8,-260.0
2022-05-31,202.5,18.8,-260.0
2022-06-01,202.5,18.8,-260.0
2022-06-02,202.5,18.8,-260.0
2022-06-03,202.5,18.8,-260.0
2022-06-06,202.5,18.8,-260.0
2022-06-07,202.5,18.8,-260.0
2022-06-08,202.5,18.8,-260.0
2022-06-09,202.5,18.8,-260.0
2022-06-10,202.5,18.8,-260.0
2022-06-13,202.5,18.8,-260.0
2022-06-14,202.5,18.8,-260.0
2022-06-15,202.5,18.8,-260.0
2022-06-16,202.5,18.8,-260.0
2022-06-17,202.5,18.8,-260.0
2022-06-21,202.5,18.8,-260.0
2022-06-22,202.5,18.8,-260.0
2022-06-23,202.5,18.8,-260.0
2022-06-24,202.5,18.8,-260.0
2022-06-27,202.5,18.8,-260.0
2022-06-28,202.5,18.8,-260.0
2022-06-29,202.5,18.8,-260.0
2022-06-30,203.8,19.2,-45.0
2022-07-01,203.8,19.2,-45.0
2022-07-05,203.8,19.2,-45.0
2022-07-06,203.8,19.2,-45.0
2022-07-07,203.8,19.2,-45.0
2022-07-08,203.8,19.2,-45.0
2022-07-11,203.8,19.2,-45.0
2022-07-12,203.8,19.2,-45.0
2022-07-13,203.8,19.2,-45.0
2022-07-14,203.8,19.2,-45.0
2022-07-15,203.8,19.2,-45.0
2022-07-18,203.8,19.2,-45.0
2022-07-19,203.8,19.2,-45.0
2022-07-20,203.8,19.2,-45.0
2022-07-21,203.8,19.2,-45.0
2022-07-22,203.8,19.2,-45.0
2022-07-25,203.8,19.2,-45.0
2022-07-26,203.8,19.2,-45.0
2022-07-27,203.8,19.2,-45.0
2022-07-28,203.8,19.2,-45.0
2022-07-29,203.8,19.2,-45.0
2022-08-01,203.8,19.2,-45.0
2022-08-02,203.8,19.2,-45.0
2022-08-03,203.8,19.2,-45.0
2022-08-04,203.8,19.2,-45.0
2022-08-05,203.8,19.2,-45.0
2022-08-08,203.8,19.2,-45.0
2022-08-09,203.8,19.2,-45.0
2022-08-10,203.8,19.2,-45.0
2022-08-11,203.8,19.2,-45.0
2022-08-12,203.8,19.2,-45.0
2022-08-15,203.8,19.2,-45.0
2022-08-16,203.8,19.2,-45.0
2022-08-17,203.8,19.2,-45.0
2022-08-18,203.8,19.2,-45.0
2022-08-19,203.8,19.2,-45.0
2022-08-22,203.8,19.2,-45.0
2022-08-23,203.8,19.2,-45.0
2022-08-24,203.8,19.2,-45.0
2022-08-25,203.8,19.2,-45.0
2022-08-26,203.8,19.2,-45.0
2022-08-29,203.8,19.2,-45.0
2022-08-30,203.8,19.2,-45.0
2022-08-31,203.8,19.2,-45.0
2022-09-01,203.8,19.2,-45.0
2022-09-02,203.8,19.2,-45.0
2022-09-06,203.8,19.2,-45.0
2022-09-07,203.8,19.2,-45.0
2022-09-08,203.8,19.2,-45.0
2022-09-09,203.8,19.2,-45.0
2022-09-12,203.8,19.2,-45.0
2022-09-13,203.8,19.2,-45.0
2022-09-14,203.8,19.2,-45.0
2022-09-15,203.8,19.2,-45.0
2022-09-16,203.8,19.2,-45.0
2022-09-19,203.8,19.2,-45.0
2022-09-20,203.8,19.2,-45.0
2022-09-21,203.8,19.2,-45.0
2022-09-22,203.8,19.2,-45.0
2022-09-23,203.8,19.2,-45.0
2022-09-26,203.8,19.2,-45.0
2022-09-27,203.8,19.2,-45.0
2022-09-28,203.8,19.2,-45.0
2022-09-29,203.8,19.2,-45.0
2022-09-30,203.8,19.2,-45.0
2022-10-03,203.8,19.2,-45.0
2022-10-04,203.8,19.2,-45.0
2022-10-05,203.8,19.2,-45.0
2022-10-06,203.8,19.2,-45.0
2022-10-07,203.8,19.2,-45.0
2022-10-10,203.8,19.2,-45.0
2022-10-11,203.8,19.2,-45.0
2022-10-12,203.8,19.2,-45.0
2022-10-13,203.8,19.2,-45.0
2022-10-14,203.8,19.2,-45.0
2022-10-17,203.8,19.2,-45.0
2022-10-18,203.8,19.2,-45.0
2022-10-19,203.8,19.2,-45.0
2022-10-20,203.8,19.2,-45.0
2022-10-21,203.8,19.2,-45.0
2022-10-24,203.8,19.2,-45.0
2022-10-25,203.8,19.2,-45.0
2022-10-26,203.8,19.2,-45.0
2022-10-27,203.8,19.2,-45.0
2022-10-28,203.8,19.2,-45.0
2022-10-31,203.8,19.2,-45.0
2022-11-01,203.8,19.2,-45.0
2022-11-02,203.8,19.2,-45.0
2022-11-03,203.8,19.2,-45.0
2022-11-04,203.8,19.2,-45.0
2022-11-07,203.8,19.2,-45.0
2022-11-08,203.8,19.2,-45.0
2022-11-09,203.8,19.2,-45.0
2022-11-10,203.8,19.2,-45.0
2022-11-11,203.8,19.2,-45.0
2022-11-14,203.8,19.2,-45.0
2022-11-15,203.8,19.2,-45.0
2022-11-16,203.8,19.2,-45.0
2022-11-17,203.8,19.2,-45.0
2022-11-18,203.8,19.2,-45.0
2022-11-21,203.8,19.2,-45.0
2022-11-22,203.8,19.2,-45.0
2022-11-23,203.8,19.2,-45.0
2022-11-25,203.8,19.2,-45.0
2022-11-28,203.8,19.2,-45.0
2022-11-29,203.8,19.2,-45.0
2022-11-30,203.8,19.2,-45.0
2022-12-01,203.8,19.2,-45.0
2022-12-02,203.8,19.2,-45.0
2022-12-05,203.8,19.2,-45.0
2022-12-06,203.8,19.2,-45.0
2022-12-07,203.8,19.2,-45.0
2022-12-08,203.8,19.2,-45.0
2022-12-09,203.8,19.2,-45.0
2022-12-12,203.8,19.2,-45.0
2022-12-13,203.8,19.2,-45.0
2022-12-14,203.8,19.2,-45.0
2022-12-15,203.8,19.2,-45.0
2022-12-16,203.8,19.2,-45.0
2022-12-19,203.8,19.2,-45.0
2022-12-20,203.8,19.2,-45.0
2022-12-21,203.8,19.2,-45.0
2022-12-22,203.8,19.2,-45.0
2022-12-23,203.8,19.2,-45.0
2022-12-27,203.8,19.2,-45.0
2022-12-28,203.8,19.2,-45.0
2022-12-29,203.8,19.2,-45.0
2022-12-30,203.8,19.2,-45.0
2023-01-03,204.5,19.5,-15.0
2023-01-04,204.5,19.5,-15.0
2023-01-05,204.5,19.5,-15.0
2023-01-06,204.5,19.5,-15.0
2023-01-09,204.5,19.5,-15.0
2023-01-10,204.5,19.5,-15.0
2023-01-11,204.5,19.5,-15.0
2023-01-12,204.5,19.5,-15.0
2023-01-13,204.5,19.5,-15.0
2023-01-17,204.5,19.5,-15.0
2023-01-18,204.5,19.5,-15.0
2023-01-19,204.5,19.5,-15.0
2023-01-20,204.5,19.5,-15.0
2023-01-23,204.5,19.5,-15.0
2023-01-24,204.5,19.5,-15.0
2023-01-25,204.5,19.5,-15.0
2023-01-26,204.5,19.5,-15.0
2023-01-27,204.5,19.5,-15.0
2023-01-30,204.5,19.5,-15.0
2023-01-31,204.5,19.5,-15.0
2023-02-01,204.5,19.5,-15.0
2023-02-02,204.5,19.5,-15.0
2023-02-03,204.5,19.5,-15.0
2023-02-06,204.5,19.5,-15.0
2023-02-07,204.5,19.5,-15.0
2023-02-08,204.5,19.5,-15.0
2023-02-09,204.5,19.5,-15.0
2023-02-10,204.5,19.5,-15.0
2023-02-13,204.5,19.5,-15.0
2023-02-14,204.5,19.5,-15.0
2023-02-15,204.5,19.5,-15.0
2023-02-16,204.5,19.5,-15.0
2023-02-17,204.5,19.5,-15.0
2023-02-21,204.5,19.5,-15.0
2023-02-22,204.5,19.5,-15.0
2023-02-23,204.5,19.5,-15.0
2023-02-24,204.5,19.5,-15.0
2023-02-27,204.5,19.5,-15.0
2023-02-28,204.5,19.5,-15.0
2023-03-01,204.5,19.5,-15.0
2023-03-02,204.5,19.5,-15.0
2023-03-03,204.5,19.5,-15.0
2023-03-06,204.5,19.5,-15.0
2023-03-07,204.5,19.5,-15.0
2023-03-08,204.5,19.5,-15.0
2023-03-09,204.5,19.5,-15.0
2023-03-10,204.5,19.5,-15.0
2023-03-13,204.5,19.5,-15.0
2023-03-14,204.5,19.5,-15.0
2023-03-15,204.5,19.5,-15.0
2023-03-16,204.5,19.5,-15.0
2023-03-17,204.5,19.5,-15.0
2023-03-20,204.5,19.5,-15.0
2023-03-21,204.5,19.5,-15.0
2023-03-22,204.5,19.5,-15.0
2023-03-23,204.5,19.5,-15.0
2023-03-24,204.5,19.5,-15.0
2023-03-27,204.5,19.5,-15.0
2023-03-28,204.5,19.5,-15.0
2023-03-29,204.5,19.5,-15.0
2023-03-30,204.5,19.5,-15.0
2023-03-31,204.5,19.5,-15.0
2023-04-03,204.5,19.5,-15.0
2023-04-04,204.5,19.5,-15.0
2023-04-05,204.5,19.5,-15.0
2023-04-06,204.5,19.5,-15.0
2023-04-10,204.5,19.5,-15.0
2023-04-11,204.5,19.5,-15.0
2023-04-12,204.5,19.5,-15.0
2023-04-13,204.5,19.5,-15.0
2023-04-14,204.5,19.5,-15.0
2023-04-17,204.5,19.5,-15.0
2023-04-18,204.5,19.5,-15.0
2023-04-19,204.5,19.5,-15.0
2023-04-20,204.5,19.5,-15.0
2023-04-21,204.5,19.5,-15.0
2023-04-24,204.5,19.5,-15.0
2023-04-25,204.5,19.5,-15.0
2023-04-26,204.5,19.5,-15.0
2023-04-27,204.5,19.5,-15.0
2023-04-28,204.5,19.5,-15.0
2023-05-01,204.5,19.5,-15.0
2023-05-02,204.5,19.5,-15.0
2023-05-03,204.5,19.5,-15.0
2023-05-04,204.5,19.5,-15.0
2023-05-05,204.5,19.5,-15.0
2023-05-08,204.5,19.5,-15.0
2023-05-09,204.5,19.5,-15.0
2023-05-10,204.5,19.5,-15.0
2023-05-11,204.5,19.5,-15.0
2023-05-12,204.5,19.5,-15.0
2023-05-15,204.5,19.5,-15.0
2023-05-16,204.5,19.5,-15.0
2023-05-17,204.5,19.5,-15.0
2023-05-18,204.5,19.5,-15.0
2023-05-19,204.5,19.5,-15.0
2023-05-22,204.5,19.5,-15.0
2023-05-23,204.5,19.5,-15.0
2023-05-24,204.5,19.5,-15.0
2023-05-25,204.5,19.5,-15.0
2023-05-26,204.5,19.5,-15.0
2023-05-30,204.5,19.5,-15.0
2023-05-31,204.5,19.5,-15.0
2023-06-01,204.5,19.5,-15.0
2023-06-02,204.5,19.5,-15.0
2023-06-05,204.5,19.5,-15.0
2023-06-06,204.5,19.5,-15.0
2023-06-07,204.5,19.5,-15.0
2023-06-08,204.5,19.5,-15.0
2023-06-09,204.5,19.5,-15.0
2023-06-12,204.5,19.5,-15.0
2023-06-13,204.5,19.5,-15.0
2023-06-14,204.5,19.5,-15.0
2023-06-15,204.5,19.5,-15.0
2023-06-16,204.5,19.5,-15.0
2023-06-20,204.5,19.5,-15.0
2023-06-21,204.5,19.5,-15.0
2023-06-22,204.5,19.5,-15.0
2023-06-23,204.5,19.5,-15.0
2023-06-26,204.5,19.5,-15.0
2023-06-27,204.5,19.5,-15.0
2023-06-28,204.5,19.5,-15.0
2023-06-29,204.5,19.5,-15.0
2023-06-30,205.2,19.1,-35.0
2023-07-03,205.2,19.1,-35.0
2023-07-05,205.2,19.1,-35.0
2023-07-06,205.2,19.1,-35.0
2023-07-07,205.2,19.1,-35.0
2023-07-10,205.2,19.1,-35.0
2023-07-11,205.2,19.1,-35.0
2023-07-12,205.2,19.1,-35.0
2023-07-13,205.2,19.1,-35.0
2023-07-14,205.2,19.1,-35.0
2023-07-17,205.2,19.1,-35.0
2023-07-18,205.2,19.1,-35.0
2023-07-19,205.2,19.1,-35.0
2023-07-20,205.2,19.1,-35.0
2023-07-21,205.2,19.1,-35.0
2023-07-24,205.2,19.1,-35.0
2023-07-25,205.2,19.1,-35.0
2023-07-26,205.2,19.1,-35.0
2023-07-27,205.2,19.1,-35.0
2023-07-28,205.2,19.1,-35.0
2023-07-31,205.2,19.1,-35.0
2023-08-01,205.2,19.1,-35.0
2023-08-02,205.2,19.1,-35.0
2023-08-03,205.2,19.1,-35.0
2023-08-04,205.2,19.1,-35.0
2023-08-07,205.2,19.1,-35.0
2023-08-08,205.2,19.1,-35.0
2023-08-09,205.2,19.1,-35.0
2023-08-10,205.2,19.1,-35.0
2023-08-11,205.2,19.1,-35.0
2023-08-14,205.2,19.1,-35.0
2023-08-15,205.2,19.1,-35.0
2023-08-16,205.2,19.1,-35.0
2023-08-17,205.2,19.1,-35.0
2023-08-18,205.2,19.1,-35.0
2023-08-21,205.2,19.1,-35.0
2023-08-22,205.2,19.1,-35.0
2023-08-23,205.2,19.1,-35.0
2023-08-24,205.2,19.1,-35.0
2023-08-25,205.2,19.1,-35.0
2023-08-28,205.2,19.1,-35.0
2023-08-29,205.2,19.1,-35.0
2023-08-30,205.2,19.1,-35.0
2023-08-31,205.2,19.1,-35.0
2023-09-01,205.2,19.1,-35.0
2023-09-05,205.2,19.1,-35.0
2023-09-06,205.2,19.1,-35.0
2023-09-07,205.2,19.1,-35.0
2023-09-08,205.2,19.1,-35.0
2023-09-11,205.2,19.1,-35.0
2023-09-12,205.2,19.1,-35.0
2023-09-13,205.2,19.1,-35.0
2023-09-14,205.2,19.1,-35.0
2023-09-15,205.2,19.1,-35.0
2023-09-18,205.2,19.1,-35.0
2023-09-19,205.2,19.1,-35.0
2023-09-20,205.2,19.1,-35.0
2023-09-21,205.2,19.1,-35.0
2023-09-22,205.2,19.1,-35.0
2023-09-25,205.2,19.1,-35.0
2023-09-26,205.2,19.1,-35.0
2023-09-27,205.2,19.1,-35.0
2023-09-28,205.2,19.1,-35.0
2023-09-29,205.2,19.1,-35.0
2023-10-02,205.2,19.1,-35.0
2023-10-03,205.2,19.1,-35.0
2023-10-04,205.2,19.1,-35.0
2023-10-05,205.2,19.1,-35.0
2023-10-06,205.2,19.1,-35.0
2023-10-09,205.2,19.1,-35.0
2023-10-10,205.2,19.1,-35.0
2023-10-11,205.2,19.1,-35.0
2023-10-12,205.2,19.1,-35.0
2023-10-13,205.2,19.1,-35.0
2023-10-16,205.2,19.1,-35.0
2023-10-17,205.2,19.1,-35.0
2023-10-18,205.2,19.1,-35.0
2023-10-19,205.2,19.1,-35.0
2023-10-20,205.2,19.1,-35.0
2023-10-23,205.2,19.1,-35.0
2023-10-24,205.2,19.1,-35.0
2023-10-25,205.2,19.1,-35.0
2023-10-26,205.2,19.1,-35.0
2023-10-27,205.2,19.1,-35.0
2023-10-30,205.2,19.1,-35.0
2023-10-31,205.2,19.1,-35.0
2023-11-01,205.2,19.1,-35.0
2023-11-02,205.2,19.1,-35.0
2023-11-03,205.2,19.1,-35.0
2023-11-06,205.2,19.1,-35.0
2023-11-07,205.2,19.1,-35.0
2023-11-08,205.2,19.1,-35.0
2023-11-09,205.2,19.1,-35.0
2023-11-10,205.2,19.1,-35.0
2023-11-13,205.2,19.1,-35.0
2023-11-14,205.2,19.1,-35.0
2023-11-15,205.2,19.1,-35.0
2023-11-16,205.2,19.1,-35.0
2023-11-17,205.2,19.1,-35.0
2023-11-20,205.2,19.1,-35.0
2023-11-21,205.2,19.1,-35.0
2023-11-22,205.2,19.1,-35.0
2023-11-24,205.2,19.1,-35.0
2023-11-27,205.2,19.1,-35.0
2023-11-28,205.2,19.1,-35.0
2023-11-29,205.2,19.1,-35.0
2023-11-30,205.2,19.1,-35.0
2023-12-01,205.2,19.1,-35.0
2023-12-04,205.2,19.1,-35.0
2023-12-05,205.2,19.1,-35.0
2023-12-06,205.2,19.1,-35.0
2023-12-07,205.2,19.1,-35.0
2023-12-08,205.2,19.1,-35.0
2023-12-11,205.2,19.1,-35.0
2023-12-12,205.2,19.1,-35.0
2023-12-13,205.2,19.1,-35.0
2023-12-14,205.2,19.1,-35.0
2023-12-15,205.2,19.1,-35.0
2023-12-18,205.2,19.1,-35.0
2023-12-19,205.2,19.1,-35.0
2023-12-20,205.2,19.1,-35.0
2023-12-21,205.2,19.1,-35.0
2023-12-22,205.2,19.1,-35.0
2023-12-26,205.2,19.1,-35.0
2023-12-27,205.2,19.1,-35.0
2023-12-28,205.2,19.1,-35.0
2023-12-29,205.2,19.1,-35.0
2024-01-02,206.5,18.7,-95.0
2024-01-03,206.5,18.7,-95.0
2024-01-04,206.5,18.7,-95.0
2024-01-05,206.5,18.7,-95.0
2024-01-08,206.5,18.7,-95.0
2024-01-09,206.5,18.7,-95.0
2024-01-10,206.5,18.7,-95.0
2024-01-11,206.5,18.7,-95.0
2024-01-12,206.5,18.7,-95.0
2024-01-16,206.5,18.7,-95.0
2024-01-17,206.5,18.7,-95.0
2024-01-18,206.5,18.7,-95.0
2024-01-19,206.5,18.7,-95.0
2024-01-22,206.5,18.7,-95.0
2024-01-23,206.5,18.7,-95.0
2024-01-24,206.5,18.7,-95.0
2024-01-25,206.5,18.7,-95.0
2024-01-26,206.5,18.7,-95.0
2024-01-29,206.5,18.7,-95.0
2024-01-30,206.5,18.7,-95.0
2024-01-31,206.5,18.7,-95.0
2024-02-01,206.5,18.7,-95.0
2024-02-02,206.5,18.7,-95.0
2024-02-05,206.5,18.7,-95.0
2024-02-06,206.5,18.7,-95.0
2024-02-07,206.5,18.7,-95.0
2024-02-08,206.5,18.7,-95.0
2024-02-09,206.5,18.7,-95.0
2024-02-12,206.5,18.7,-95.0
2024-02-13,206.5,18.7,-95.0
2024-02-14,206.5,18.7,-95.0
2024-02-15,206.5,18.7,-95.0
2024-02-16,206.5,18.7,-95.0
2024-02-20,206.5,18.7,-95.0
2024-02-21,206.5,18.7,-95.0
2024-02-22,206.5,18.7,-95.0
2024-02-23,206.5,18.7,-95.0
2024-02-26,206.5,18.7,-95.0
2024-02-27,206.5,18.7,-95.0
2024-02-28,206.5,18.7,-95.0
2024-02-29,206.5,18.7,-95.0
2024-03-01,206.5,18.7,-95.0
2024-03-04,206.5,18.7,-95.0
2024-03-05,206.5,18.7,-95.0
2024-03-06,206.5,18.7,-95.0
2024-03-07,206.5,18.7,-95.0
2024-03-08,206.5,18.7,-95.0
2024-03-11,206.5,18.7,-95.0
2024-03-12,206.5,18.7,-95.0
2024-03-13,206.5,18.7,-95.0
2024-03-14,206.5,18.7,-95.0
2024-03-15,206.5,18.7,-95.0
2024-03-18,206.5,18.7,-95.0
2024-03-19,206.5,18.7,-95.0
2024-03-20,206.5,18.7,-95.0
2024-03-21,206.5,18.7,-95.0
2024-03-22,206.5,18.7,-95.0
2024-03-25,206.5,18.7,-95.0
2024-03-26,206.5,18.7,-95.0
2024-03-27,206.5,18.7,-95.0
2024-03-28,206.5,18.7,-95.0
2024-04-01,206.5,18.7,-95.0
2024-04-02,206.5,18.7,-95.0
2024-04-03,206.5,18.7,-95.0
2024-04-04,206.5,18.7,-95.0
2024-04-05,206.5,18.7,-95.0
2024-04-08,206.5,18.7,-95.0
2024-04-09,206.5,18.7,-95.0
2024-04-10,206.5,18.7,-95.0
2024-04-11,206.5,18.7,-95.0
2024-04-12,206.5,18.7,-95.0
2024-04-15,206.5,18.7,-95.0
2024-04-16,206.5,18.7,-95.0
2024-04-17,206.5,18.7,-95.0
2024-04-18,206.5,18.7,-95.0
2024-04-19,206.5,18.7,-95.0
2024-04-22,206.5,18.7,-95.0
2024-04-23,206.5,18.7,-95.0
2024-04-24,206.5,18.7,-95.0
2024-04-25,206.5,18.7,-95.0
2024-04-26,206.5,18.7,-95.0
2024-04-29,206.5,18.7,-95.0
2024-04-30,206.5,18.7,-95.0
2024-05-01,206.5,18.7,-95.0
2024-05-02,206.5,18.7,-95.0
2024-05-03,206.5,18.7,-95.0
2024-05-06,206.5,18.7,-95.0
2024-05-07,206.5,18.7,-95.0
2024-05-08,206.5,18.7,-95.0
2024-05-09,206.5,18.7,-95.0
2024-05-10,206.5,18.7,-95.0
2024-05-13,206.5,18.7,-95.0
2024-05-14,206.5,18.7,-95.0
2024-05-15,206.5,18.7,-95.0
2024-05-16,206.5,18.7,-95.0
2024-05-17,206.5,18.7,-95.0
2024-05-20,206.5,18.7,-95.0
2024-05-21,206.5,18.7,-95.0
2024-05-22,206.5,18.7,-95.0
2024-05-23,206.5,18.7,-95.0
2024-05-24,206.5,18.7,-95.0
2024-05-28,206.5,18.7,-95.0
2024-05-29,206.5,18.7,-95.0
2024-05-30,206.5,18.7,-95.0
2024-05-31,206.5,18.7,-95.0
2024-06-03,206.5,18.7,-95.0
2024-06-04,206.5,18.7,-95.0
2024-06-05,206.5,18.7,-95.0
2024-06-06,206.5,18.7,-95.0
2024-06-07,206.5,18.7,-95.0
2024-06-10,206.5,18.7,-95.0
2024-06-11,206.5,18.7,-95.0
2024-06-12,206.5,18.7,-95.0
2024-06-13,206.5,18.7,-95.0
2024-06-14,206.5,18.7,-95.0
2024-06-17,206.5,18.7,-95.0
2024-06-18,206.5,18.7,-95.0
2024-06-20,206.5,18.7,-95.0
2024-06-21,206.5,18.7,-95.0
2024-06-24,206.5,18.7,-95.0
2024-06-25,206.5,18.7,-95.0
2024-06-26,206.5,18.7,-95.0
2024-06-27,206.5,18.7,-95.0
2024-06-28,206.5,18.7,-95.0
2024-07-01,207.8,18.5,-130.0
2024-07-02,207.8,18.5,-130.0
2024-07-03,207.8,18.5,-130.0
2024-07-05,207.8,18.5,-130.0
2024-07-08,207.8,18.5,-130.0
2024-07-09,207.8,18.5,-130.0
2024-07-10,207.8,18.5,-130.0
2024-07-11,207.8,18.5,-130.0
2024-07-12,207.8,18.5,-130.0
2024-07-15,207.8,18.5,-130.0
2024-07-16,207.8,18.5,-130.0
2024-07-17,207.8,18.5,-130.0
2024-07-18,207.8,18.5,-130.0
2024-07-19,207.8,18.5,-130.0
2024-07-22,207.8,18.5,-130.0
2024-07-23,207.8,18.5,-130.0
2024-07-24,207.8,18.5,-130.0
2024-07-25,207.8,18.5,-130.0
2024-07-26,207.8,18.5,-130.0
2024-07-29,207.8,18.5,-130.0
2024-07-30,207.8,18.5,-130.0
2024-07-31,207.8,18.5,-130.0
2024-08-01,207.8,18.5,-130.0
2024-08-02,207.8,18.5,-130.0
2024-08-05,207.8,18.5,-130.0
2024-08-06,207.8,18.5,-130.0
2024-08-07,207.8,18.5,-130.0
2024-08-08,207.8,18.5,-130.0
2024-08-09,207.8,18.5,-130.0
2024-08-12,207.8,18.5,-130.0
2024-08-13,207.8,18.5,-130.0
2024-08-14,207.8,18.5,-130.0
2024-08-15,207.8,18.5,-130.0
2024-08-16,207.8,18.5,-130.0
2024-08-19,207.8,18.5,-130.0
2024-08-20,207.8,18.5,-130.0
2024-08-21,207.8,18.5,-130.0
2024-08-22,207.8,18.5,-130.0
2024-08-23,207.8,18.5,-130.0
2024-08-26,207.8,18.5,-130.0
2024-08-27,207.8,18.5,-130.0
2024-08-28,207.8,18.5,-130.0
2024-08-29,207.8,18.5,-130.0
2024-08-30,207.8,18.5,-130.0
2024-09-03,207.8,18.5,-130.0
2024-09-04,207.8,18.5,-130.0
2024-09-05,207.8,18.5,-130.0
2024-09-06,207.8,18.5,-130.0
2024-09-09,207.8,18.5,-130.0
2024-09-10,207.8,18.5,-130.0
2024-09-11,207.8,18.5,-130.0
2024-09-12,207.8,18.5,-130.0
2024-09-13,207.8,18.5,-130.0
2024-09-16,207.8,18.5,-130.0
2024-09-17,207.8,18.5,-130.0
2024-09-18,207.8,18.5,-130.0
2024-09-19,207.8,18.5,-130.0
2024-09-20,207.8,18.5,-130.0
2024-09-23,207.8,18.5,-130.0
2024-09-24,207.8,18.5,-130.0
2024-09-25,207.8,18.5,-130.0
2024-09-26,207.8,18.5,-130.0
2024-09-27,207.8,18.5,-130.0
2024-09-30,207.8,18.5,-130.0
2024-10-01,207.8,18.5,-130.0
2024-10-02,207.8,18.5,-130.0
2024-10-03,207.8,18.5,-130.0
2024-10-04,207.8,18.5,-130.0
2024-10-07,207.8,18.5,-130.0
2024-10-08,207.8,18.5,-130.0
2024-10-09,207.8,18.5,-130.0
2024-10-10,207.8,18.5,-130.0
2024-10-11,207.8,18.5,-130.0
2024-10-14,207.8,18.5,-130.0
2024-10-15,207.8,18.5,-130.0
2024-10-16,207.8,18.5,-130.0
2024-10-17,207.8,18.5,-130.0
2024-10-18,207.8,18.5,-130.0
2024-10-21,207.8,18.5,-130.0
2024-10-22,207.8,18.5,-130.0
2024-10-23,207.8,18.5,-130.0
2024-10-24,207.8,18.5,-130.0
2024-10-25,207.8,18.5,-130.0
2024-10-28,207.8,18.5,-130.0
2024-10-29,207.8,18.5,-130.0
2024-10-30,207.8,18.5,-130.0
2024-10-31,207.8,18.5,-130.0
2024-11-01,207.8,18.5,-130.0
2024-11-04,207.8,18.5,-130.0
2024-11-05,207.8,18.5,-130.0
2024-11-06,207.8,18.5,-130.0
2024-11-07,207.8,18.5,-130.0
2024-11-08,207.8,18.5,-130.0
2024-11-11,207.8,18.5,-130.0
2024-11-12,207.8,18.5,-130.0
2024-11-13,207.8,18.5,-130.0
2024-11-14,207.8,18.5,-130.0
2024-11-15,207.8,18.5,-130.0
2024-11-18,207.8,18.5,-130.0
2024-11-19,207.8,18.5,-130.0
2024-11-20,207.8,18.5,-130.0
2024-11-21,207.8,18.5,-130.0
2024-11-22,207.8,18.5,-130.0
2024-11-25,207.8,18.5,-130.0
2024-11-26,207.8,18.5,-130.0
2024-11-27,207.8,18.5,-130.0
2024-11-29,207.8,18.5,-130.0
2024-12-02,207.8,18.5,-130.0
2024-12-03,207.8,18.5,-130.0
2024-12-04,207.8,18.5,-130.0
2024-12-05,207.8,18.5,-130.0
2024-12-06,207.8,18.5,-130.0
2024-12-09,207.8,18.5,-130.0
2024-12-10,207.8,18.5,-130.0
2024-12-11,207.8,18.5,-130.0
2024-12-12,207.8,18.5,-130.0
2024-12-13,207.8,18.5,-130.0
2024-12-16,207.8,18.5,-130.0
2024-12-17,207.8,18.5,-130.0
2024-12-18,207.8,18.5,-130.0
2024-12-19,207.8,18.5,-130.0
2024-12-20,207.8,18.5,-130.0
2024-12-23,207.8,18.5,-130.0
2024-12-24,207.8,18.5,-130.0
2024-12-26,207.8,18.5,-130.0
2024-12-27,207.8,18.5,-130.0
2024-12-30,207.8,18.5,-130.0
2024-12-31,209.0,18.2,-210.0
2025-01-02,209.0,18.2,-210.0
2025-01-03,209.0,18.2,-210.0
2025-01-06,209.0,18.2,-210.0
2025-01-07,209.0,18.2,-210.0
2025-01-08,209.0,18.2,-210.0
2025-01-10,209.0,18.2,-210.0
2025-01-13,209.0,18.2,-210.0
2025-01-14,209.0,18.2,-210.0
2025-01-15,209.0,18.2,-210.0
2025-01-16,209.0,18.2,-210.0
2025-01-17,209.0,18.2,-210.0
2025-01-21,209.0,18.2,-210.0
2025-01-22,209.0,18.2,-210.0
2025-01-23,209.0,18.2,-210.0
2025-01-24,209.0,18.2,-210.0
2025-01-27,209.0,18.2,-210.0
2025-01-28,209.0,18.2,-210.0
2025-01-29,209.0,18.2,-210.0
2025-01-30,209.0,18.2,-210.0
2025-01-31,209.0,18.2,-210.0
2025-02-03,209.0,18.2,-210.0
2025-02-04,209.0,18.2,-210.0
2025-02-05,209.0,18.2,-210.0
2025-02-06,209.0,18.2,-210.0
2025-02-07,209.0,18.2,-210.0
2025-02-10,209.0,18.2,-210.0
2025-02-11,209.0,18.2,-210.0
2025-02-12,209.0,18.2,-210.0
2025-02-13,209.0,18.2,-210.0
2025-02-14,209.0,18.2,-210.0
2025-02-18,209.0,18.2,-210.0
2025-02-19,209.0,18.2,-210.0
2025-02-20,209.0,18.2,-210.0
2025-02-21,209.0,18.2,-210.0
2025-02-24,209.0,18.2,-210.0
2025-02-25,209.0,18.2,-210.0
2025-02-26,209.0,18.2,-210.0
2025-02-27,209.0,18.2,-210.0
2025-02-28,209.0,18.2,-210.0
2025-03-03,209.0,18.2,-210.0
2025-03-04,209.0,18.2,-210.0
2025-03-05,209.0,18.2,-210.0
2025-03-06,209.0,18.2,-210.0
2025-03-07,209.0,18.2,-210.0
2025-03-10,209.0,18.2,-210.0
2025-03-11,209.0,18.2,-210.0
2025-03-12,209.0,18.2,-210.0
2025-03-13,209.0,18.2,-210.0
2025-03-14,209.0,18.2,-210.0
2025-03-17,209.0,18.2,-210.0
2025-03-18,209.0,18.2,-210.0
2025-03-19,209.0,18.2,-210.0
2025-03-20,209.0,18.2,-210.0
2025-03-21,209.0,18.2,-210.0
2025-03-24,209.0,18.2,-210.0
2025-03-25,209.0,18.2,-210.0
2025-03-26,209.0,18.2,-210.0
2025-03-27,209.0,18.2,-210.0
2025-03-28,209.0,18.2,-210.0
2025-03-31,209.0,18.2,-210.0
2025-04-01,209.0,18.2,-210.0
2025-04-02,209.0,18.2,-210.0
2025-04-03,209.0,18.2,-210.0
2025-04-04,209.0,18.2,-210.0
2025-04-07,209.0,18.2,-210.0
2025-04-08,209.0,18.2,-210.0
2025-04-09,209.0,18.2,-210.0
2025-04-10,209.0,18.2,-210.0
2025-04-11,209.0,18.2,-210.0
2025-04-14,209.0,18.2,-210.0
2025-04-15,209.0,18.2,-210.0
2025-04-16,209.0,18.2,-210.0
2025-04-17,209.0,18.2,-210.0
2025-04-21,209.0,18.2,-210.0
2025-04-22,209.0,18.2,-210.0
2025-04-23,209.0,18.2,-210.0
2025-04-24,209.0,18.2,-210.0
2025-04-25,209.0,18.2,-210.0
2025-04-28,209.0,18.2,-210.0
2025-04-29,209.0,18.2,-210.0
2025-04-30,209.0,18.2,-210.0
2025-05-01,209.0,18.2,-210.0
2025-05-02,209.0,18.2,-210.0
2025-05-05,209.0,18.2,-210.0
2025-05-06,209.0,18.2,-210.0
2025-05-07,209.0,18.2,-210.0
2025-05-08,209.0,18.2,-210.0
2025-05-09,209.0,18.2,-210.0
2025-05-12,209.0,18.2,-210.0
2025-05-13,209.0,18.2,-210.0
2025-05-14,209.0,18.2,-210.0
2025-05-15,209.0,18.2,-210.0
2025-05-16,209.0,18.2,-210.0
2025-05-19,209.0,18.2,-210.0
2025-05-20,209.0,18.2,-210.0
2025-05-21,209.0,18.2,-210.0
2025-05-22,209.0,18.2,-210.0
2025-05-23,209.0,18.2,-210.0
2025-05-27,209.0,18.2,-210.0
2025-05-28,209.0,18.2,-210.0
2025-05-29,209.0,18.2,-210.0
2025-05-30,209.0,18.2,-210.0
2025-06-02,209.0,18.2,-210.0
2025-06-03,209.0,18.2,-210.0
2025-06-04,209.0,18.2,-210.0
2025-06-05,209.0,18.2,-210.0
2025-06-06,209.0,18.2,-210.0
2025-06-09,209.0,18.2,-210.0
2025-06-10,209.0,18.2,-210.0
2025-06-11,209.0,18.2,-210.0
2025-06-12,209.0,18.2,-210.0
2025-06-13,209.0,18.2,-210.0
2025-06-16,209.0,18.2,-210.0
2025-06-17,209.0,18.2,-210.0
2025-06-18,209.0,18.2,-210.0
2025-06-20,209.0,18.2,-210.0
2025-06-23,209.0,18.2,-210.0
2025-06-24,209.0,18.2,-210.0
2025-06-25,209.0,18.2,-210.0
2025-06-26,209.0,18.2,-210.0
2025-06-27,209.0,18.2,-210.0
2025-06-30,210.2,18.0,-180.0
2025-07-01,210.2,18.0,-180.0
2025-07-02,210.2,18.0,-180.0
2025-07-03,210.2,18.0,-180.0
2025-07-07,210.2,18.0,-180.0
2025-07-08,210.2,18.0,-180.0
2025-07-09,210.2,18.0,-180.0
2025-07-10,210.2,18.0,-180.0
2025-07-11,210.2,18.0,-180.0
2025-07-14,210.2,18.0,-180.0
2025-07-15,210.2,18.0,-180.0
2025-07-16,210.2,18.0,-180.0
2025-07-17,210.2,18.0,-180.0
2025-07-18,210.2,18.0,-180.0
2025-07-21,210.2,18.0,-180.0
2025-07-22,210.2,18.0,-180.0
2025-07-23,210.2,18.0,-180.0
2025-07-24,210.2,18.0,-180.0
2025-07-25,210.2,18.0,-180.0
2025-07-28,210.2,18.0,-180.0
2025-07-29,210.2,18.0,-180.0
2025-07-30,210.2,18.0,-180.0
2025-07-31,210.2,18.0,-180.0
2025-08-01,210.2,18.0,-180.0
2025-08-04,210.2,18.0,-180.0
2025-08-05,210.2,18.0,-180.0
2025-08-06,210.2,18.0,-180.0
2025-08-07,210.2,18.0,-180.0
2025-08-08,210.2,18.0,-180.0
2025-08-11,210.2,18.0,-180.0
2025-08-12,210.2,18.0,-180.0
2025-08-13,210.2,18.0,-180.0
2025-08-14,210.2,18.0,-180.0
2025-08-15,210.2,18.0,-180.0
2025-08-18,210.2,18.0,-180.0
2025-08-19,210.2,18.0,-180.0
2025-08-20,210.2,18.0,-180.0
2025-08-21,210.2,18.0,-180.0
2025-08-22,210.2,18.0,-180.0
2025-08-25,210.2,18.0,-180.0
2025-08-26,210.2,18.0,-180.0
2025-08-27,210.2,18.0,-180.0
2025-08-28,210.2,18.0,-180.0
2025-08-29,210.2,18.0,-180.0
2025-09-02,210.2,18.0,-180.0
2025-09-03,210.2,18.0,-180.0
2025-09-04,210.2,18.0,-180.0
2025-09-05,210.2,18.0,-180.0
2025-09-08,210.2,18.0,-180.0
2025-09-09,210.2,18.0,-180.0
2025-09-10,210.2,18.0,-180.0
2025-09-11,210.2,18.0,-180.0
2025-09-12,210.2,18.0,-180.0
2025-09-15,210.2,18.0,-180.0
2025-09-16,210.2,18.0,-180.0
2025-09-17,210.2,18.0,-180.0
2025-09-18,210.2,18.0,-180.0
2025-09-19,210.2,18.0,-180.0
2025-09-22,210.2,18.0,-180.0
2025-09-23,210.2,18.0,-180.0
2025-09-24,210.2,18.0,-180.0
2025-09-25,210.2,18.0,-180.0
2025-09-26,210.2,18.0,-180.0
2025-09-29,210.2,18.0,-180.0
2025-09-30,210.2,18.0,-180.0
2025-10-01,210.2,18.0,-180.0
2025-10-02,210.2,18.0,-180.0
2025-10-03,210.2,18.0,-180.0
2025-10-06,210.2,18.0,-180.0
2025-10-07,210.2,18.0,-180.0
2025-10-08,210.2,18.0,-180.0
2025-10-09,210.2,18.0,-180.0
2025-10-10,210.2,18.0,-180.0
2025-10-13,210.2,18.0,-180.0
2025-10-14,210.2,18.0,-180.0
2025-10-15,210.2,18.0,-180.0
2025-10-16,210.2,18.0,-180.0
2025-10-17,210.2,18.0,-180.0
2025-10-20,210.2,18.0,-180.0
2025-10-21,210.2,18.0,-180.0
2025-10-22,210.2,18.0,-180.0
2025-10-23,210.2,18.0,-180.0
2025-10-24,210.2,18.0,-180.0
2025-10-27,210.2,18.0,-180.0
2025-10-28,210.2,18.0,-180.0
2025-10-29,210.2,18.0,-180.0
2025-10-30,210.2,18.0,-180.0
2025-10-31,210.2,18.0,-180.0
2025-11-03,210.2,18.0,-180.0
2025-11-04,210.2,18.0,-180.0
2025-11-05,210.2,18.0,-180.0
2025-11-06,210.2,18.0,-180.0
2025-11-07,210.2,18.0,-180.0
2025-11-10,210.2,18.0,-180.0
2025-11-11,210.2,18.0,-180.0
2025-11-12,210.2,18.0,-180.0
2025-11-13,210.2,18.0,-180.0
2025-11-14,210.2,18.0,-180.0
2025-11-17,210.2,18.0,-180.0
2025-11-18,210.2,18.0,-180.0
2025-11-19,210.2,18.0,-180.0
2025-11-20,210.2,18.0,-180.0
2025-11-21,210.2,18.0,-180.0
2025-11-24,210.2,18.0,-180.0
2025-11-25,210.2,18.0,-180.0
2025-11-26,210.2,18.0,-180.0
2025-11-28,210.2,18.0,-180.0
2025-12-01,210.2,18.0,-180.0
2025-12-02,210.2,18.0,-180.0
2025-12-03,210.2,18.0,-180.0
2025-12-04,210.2,18.0,-180.0
2025-12-05,210.2,18.0,-180.0
2025-12-08,210.2,18.0,-180.0
2025-12-09,210.2,18.0,-180.0
2025-12-10,210.2,18.0,-180.0
2025-12-11,210.2,18.0,-180.0
2025-12-12,210.2,18.0,-180.0
2025-12-15,210.2,18.0,-180.0
2025-12-16,210.2,18.0,-180.0
2025-12-17,210.2,18.0,-180.0
2025-12-18,210.2,18.0,-180.0
2025-12-19,210.2,18.0,-180.0
2025-12-22,210.2,18.0,-180.0
2025-12-23,210.2,18.0,-180.0
2025-12-24,210.2,18.0,-180.0
2025-12-26,210.2,18.0,-180.0
2025-12-29,210.2,18.0,-180.0
2025-12-30,210.2,18.0,-180.0
2025-12-31,211.5,17.8,-160.0
2026-01-02,211.5,17.8,-160.0
2026-01-05,211.5,17.8,-160.0
2026-01-06,211.5,17.8,-160.0
2026-01-07,211.5,17.8,-160.0
2026-01-08,211.5,17.8,-160.0
2026-01-09,211.5,17.8,-160.0
2026-01-12,211.5,17.8,-160.0
2026-01-13,211.5,17.8,-160.0
2026-01-14,211.5,17.8,-160.0
2026-01-15,211.5,17.8,-160.0
2026-01-16,211.5,17.8,-160.0
2026-01-20,211.5,17.8,-160.0
2026-01-21,211.5,17.8,-160.0
2026-01-22,211.5,17.8,-160.0
2026-01-23,211.5,17.8,-160.0
2026-01-26,211.5,17.8,-160.0
2026-01-27,211.5,17.8,-160.0
2026-01-28,211.5,17.8,-160.0
2026-01-29,211.5,17.8,-160.0
2026-01-30,211.5,17.8,-160.0
2026-02-02,211.5,17.8,-160.0
2026-02-03,211.5,17.8,-160.0
2026-02-04,211.5,17.8,-160.0
2026-02-05,211.5,17.8,-160.0
2026-02-06,211.5,17.8,-160.0
2026-02-09,211.5,17.8,-160.0
2026-02-10,211.5,17.8,-160.0
2026-02-11,211.5,17.8,-160.0
2026-02-12,211.5,17.8,-160.0
2026-02-13,211.5,17.8,-160.0
2026-02-17,211.5,17.8,-160.0
2026-02-18,211.5,17.8,-160.0
2026-02-19,211.5,17.8,-160.0
2026-02-20,211.5,17.8,-160.0
2026-02-23,211.5,17.8,-160.0
2026-02-24,211.5,17.8,-160.0
2026-02-25,211.5,17.8,-160.0
2026-02-26,211.5,17.8,-160.0
2026-02-27,211.5,17.8,-160.0
2026-03-02,211.5,17.8,-160.0
2026-03-03,211.5,17.8,-160.0
2026-03-04,211.5,17.8,-160.0
2026-03-05,211.5,17.8,-160.0
2026-03-06,211.5,17.8,-160.0
2026-03-09,211.5,17.8,-160.0
2026-03-10,211.5,17.8,-160.0
2026-03-11,211.5,17.8,-160.0
2026-03-12,211.5,17.8,-160.0
2026-03-13,211.5,17.8,-160.0
2026-03-16,211.5,17.8,-160.0
2026-03-17,211.5,17.8,-160.0
2026-03-18,211.5,17.8,-160.0
2026-03-19,211.5,17.8,-160.0
2026-03-20,211.5,17.8,-160.0
2026-03-23,211.5,17.8,-160.0
2026-03-24,211.5,17.8,-160.0
2026-03-25,211.5,17.8,-160.0
2026-03-26,211.5,17.8,-160.0
2026-03-27,211.5,17.8,-160.0
2026-03-30,211.5,17.8,-160.0
2026-03-31,211.5,17.8,-160.0
2026-04-01,211.5,17.8,-160.0
2026-04-02,211.5,17.8,-160.0
2026-04-06,211.5,17.8,-160.0
2026-04-07,211.5,17.8,-160.0
2026-04-08,211.5,17.8,-160.0
2026-04-09,211.5,17.8,-160.0
2026-04-10,211.5,17.8,-160.0
2026-04-13,211.5,17.8,-160.0
2026-04-14,211.5,17.8,-160.0
2026-04-15,211.5,17.8,-160.0
2026-04-16,211.5,17.8,-160.0
2026-04-17,211.5,17.8,-160.0
2026-04-20,211.5,17.8,-160.0
2026-04-21,211.5,17.8,-160.0
2026-04-22,211.5,17.8,-160.0
2026-04-23,211.5,17.8,-160.0
2026-04-24,211.5,17.8,-160.0
2026-04-27,211.5,17.8,-160.0
2026-04-28,211.5,17.8,-160.0
2026-04-29,211.5,17.8,-160.0
2026-04-30,211.5,17.8,-160.0
2026-05-01,211.5,17.8,-160.0
2026-05-04,211.5,17.8,-160.0
2026-05-05,211.5,17.8,-160.0
2026-05-06,211.5,17.8,-160.0
2026-05-07,211.5,17.8,-160.0
2026-05-08,211.5,17.8,-160.0
2026-05-11,211.5,17.8,-160.0
2026-05-12,211.5,17.8,-160.0
2026-05-13,211.5,17.8,-160.0
2026-05-14,211.5,17.8,-160.0
2026-05-15,211.5,17.8,-160.0
2026-05-18,211.5,17.8,-160.0
2026-05-19,211.5,17.8,-160.0
2026-05-20,211.5,17.8,-160.0
2026-05-21,211.5,17.8,-160.0
2026-05-22,211.5,17.8,-160.0
2026-05-26,211.5,17.8,-160.0
2026-05-27,211.5,17.8,-160.0
2026-05-28,211.5,17.8,-160.0
2026-05-29,211.5,17.8,-160.0
2026-06-01,211.5,17.8,-160.0
2026-06-02,211.5,17.8,-160.0
2026-06-03,211.5,17.8,-160.0
2026-06-04,211.5,17.8,-160.0
2026-06-05,211.5,17.8,-160.0
2026-06-08,211.5,17.8,-160.0
2026-06-09,211.5,17.8,-160.0
2026-06-10,211.5,17.8,-160.0
2026-06-11,211.5,17.8,-160.0
2026-06-12,211.5,17.8,-160.0
2026-06-15,211.5,17.8,-160.0
2026-06-16,211.5,17.8,-160.0
2026-06-17,211.5,17.8,-160.0
2026-06-18,211.5,17.8,-160.0
2026-06-22,211.5,17.8,-160.0
2026-06-23,211.5,17.8,-160.0
2026-06-24,211.5,17.8,-160.0
2026-06-25,211.5,17.8,-160.0
2026-06-26,211.5,17.8,-160.0
2026-06-29,211.5,17.8,-160.0
2026-06-30,212.5,17.6,-140.0
2026-07-01,212.5,17.6,-140.0
2026-07-02,212.5,17.6,-140.0
2026-07-06,212.5,17.6,-140.0
2026-07-07,212.5,17.6,-140.0
2026-07-08,212.5,17.6,-140.0
2026-07-09,212.5,17.6,-140.0
2026-07-10,212.5,17.6,-140.0
2026-07-13,212.5,17.6,-140.0
2026-07-14,212.5,17.6,-140.0
2026-07-15,212.5,17.6,-140.0
2026-07-16,212.5,17.6,-140.0
2026-07-17,212.5,17.6,-140.0
2026-07-20,212.5,17.6,-140.0
2026-07-21,212.5,17.6,-140.0
2026-07-22,212.5,17.6,-140.0
2026-07-23,212.5,17.6,-140.0
2026-07-24,212.5,17.6,-140.0
2026-07-27,212.5,17.6,-140.0
2026-07-28,212.5,17.6,-140.0
2026-07-29,212.5,17.6,-140.0
2026-07-30,212.5,17.6,-140.0
2026-07-31,212.5,17.6,-140.0
2026-08-03,212.5,17.6,-140.0
2026-08-04,212.5,17.6,-140.0
2026-08-05,212.5,17.6,-140.0
2026-08-06,212.5,17.6,-140.0
2026-08-07,212.5,17.6,-140.0
2026-08-10,212.5,17.6,-140.0
2026-08-11,212.5,17.6,-140.0
2026-08-12,212.5,17.6,-140.0
2026-08-13,212.5,17.6,-140.0
2026-08-14,212.5,17.6,-140.0
2026-08-17,212.5,17.6,-140.0
2026-08-18,212.5,17.6,-140.0
2026-08-19,212.5,17.6,-140.0
2026-08-20,212.5,17.6,-140.0
2026-08-21,212.5,17.6,-140.0
2026-08-24,212.5,17.6,-140.0
2026-08-25,212.5,17.6,-140.0
2026-08-26,212.5,17.6,-140.0
2026-08-27,212.5,17.6,-140.0
2026-08-28,212.5,17.6,-140.0
2026-08-31,212.5,17.6,-140.0
2026-09-01,212.5,17.6,-140.0
2026-09-02,212.5,17.6,-140.0
2026-09-03,212.5,17.6,-140.0
2026-09-04,212.5,17.6,-140.0
2026-09-08,212.5,17.6,-140.0
2026-09-09,212.5,17.6,-140.0
2026-09-10,212.5,17.6,-140.0
2026-09-11,212.5,17.6,-140.0
