Asset,Config,event_type,signal_dt,fill_dt,signal_price,fill_price,valid_fill_20,fwd_ret_fill_20d,valid_fill_60,fwd_ret_fill_60d,valid_sig_20,fwd_ret_sig_20d,valid_sig_60,fwd_ret_sig_60d
NOW,C0_Baseline,PANIC_BUY,2014-04-21,2014-04-22,10.63,11.046,True,-12.2035,True,2.4986,True,-8.937,True,5.9643
NOW,C0_Baseline,DCA_ADDITION,2014-05-01,2014-05-02,10.096,10.236,True,-1.7976,True,16.6471,True,3.6252,True,15.5507
NOW,C0_Baseline,DCA_ADDITION,2014-06-02,2014-06-03,10.052,10.082,True,26.1258,True,19.1827,True,23.279,True,18.842
NOW,C0_Baseline,DCA_ADDITION,2014-07-01,2014-07-02,12.716,12.424,True,-5.3445,True,-4.1211,True,-1.4785,True,-8.1472
NOW,C0_Baseline,DCA_ADDITION,2014-08-01,2014-08-04,11.334,11.542,True,8.9066,True,16.0457,True,7.8701,True,13.0933
NOW,C0_Baseline,DCA_ADDITION,2014-09-02,2014-09-03,12.57,12.548,True,-8.6707,True,1.9605,True,-6.4757,True,0.2068
NOW,C0_Baseline,EXIT_SELL,2014-09-30,2014-10-01,11.756,11.46,True,13.4904,True,22.3735,True,13.9333,True,18.5607
NOW,C0_Baseline,TREND_BUY,2014-10-21,2014-10-22,12.096,11.614,True,9.7296,True,11.6411,True,7.4405,True,5.754
NOW,C0_Baseline,DCA_ADDITION,2014-11-03,2014-11-04,13.242,13.376,True,-7.5508,True,9.1358,True,-6.7663,True,10.1042
NOW,C0_Baseline,DCA_ADDITION,2014-12-01,2014-12-02,12.37,12.346,True,9.9141,True,23.8296,True,9.7494,True,23.2983
NOW,C0_Baseline,DCA_ADDITION,2015-01-02,2015-01-05,13.476,13.43,True,8.1906,True,12.6582,True,8.3259,True,16.919
NOW,C0_Baseline,DCA_ADDITION,2015-02-02,2015-02-03,14.598,14.53,True,1.3076,True,3.042,True,3.3703,True,6.1378
NOW,C0_Baseline,EXIT_SELL,2015-02-27,2015-03-02,15.252,15.288,True,3.9246,True,2.551,True,2.898,True,1.9014
NOW,C0_Baseline,TREND_BUY,2015-03-02,2015-03-03,15.288,15.09,True,4.4135,True,3.9099,True,3.9246,True,2.551
NOW,C0_Baseline,EXIT_SELL,2015-03-30,2015-03-31,15.888,15.756,True,-1.6629,True,0.1777,True,-5.6017,True,-2.4799
NOW,C0_Baseline,TREND_BUY,2015-03-31,2015-04-01,15.756,15.13,True,-1.0443,True,1.811,True,-1.6629,True,0.1777
NOW,C0_Baseline,DCA_ADDITION,2015-05-01,2015-05-04,14.75,14.722,True,2.4046,True,5.9367,True,2.6169,True,6.6169
NOW,C0_Baseline,DCA_ADDITION,2015-06-01,2015-06-02,15.136,15.076,True,-1.4195,True,-5.2667,True,-2.5238,True,-9.2627
NOW,C0_Baseline,DCA_ADDITION,2015-07-01,2015-07-02,14.78,14.906,True,8.0102,True,-7.3796,True,9.6482,True,-1.4073
NOW,C0_Baseline,DCA_ADDITION,2015-08-03,2015-08-04,15.83,15.582,True,-11.539,True,5.4422,True,-10.3474,True,1.2887
NOW,C0_Baseline,DCA_ADDITION,2015-09-01,2015-09-02,13.784,13.99,True,2.3302,True,24.7891,True,0.769,True,26.0737
NOW,C0_Baseline,DCA_ADDITION,2015-10-01,2015-10-02,14.316,14.446,True,13.0417,True,21.9992,True,13.9424,True,21.3887
NOW,C0_Baseline,DCA_ADDITION,2015-11-02,2015-11-03,16.404,16.506,True,6.0584,True,-24.9243,True,5.4255,True,-24.1526
NOW,C0_Baseline,DCA_ADDITION,2015-12-01,2015-12-02,17.294,17.506,True,-1.1082,True,-33.9084,True,1.0524,True,-36.4057
NOW,C0_Baseline,DCA_ADDITION,2016-01-04,2016-01-05,16.814,16.8,True,-29.4048,True,-26.1548,True,-31.902,True,-27.2273
NOW,C0_Baseline,DCA_ADDITION,2016-02-01,2016-02-02,12.392,11.45,True,0.7162,True,24.6638,True,-6.6333,True,18.06
NOW,C0_Baseline,DCA_ADDITION,2016-03-01,2016-03-02,11.57,11.532,True,6.1048,True,21.488,True,5.5661,True,22.3163
NOW,C0_Baseline,DCA_ADDITION,2016-04-01,2016-04-04,12.406,12.856,True,12.0411,True,1.3223,True,15.2346,True,2.6439
NOW,C0_Baseline,DCA_ADDITION,2016-05-02,2016-05-03,14.404,13.968,True,4.768,True,9.3643,True,-0.5415,True,1.333
NOW,C0_Baseline,EXIT_SELL,2016-05-05,2016-05-06,13.558,13.456,True,11.5636,True,8.8436,True,8.4673,True,10.739
NOW,C0_Baseline,TREND_BUY,2016-05-06,2016-05-09,13.456,13.486,True,12.7391,True,10.1439,True,11.5636,True,8.8436
NOW,C0_Baseline,DCA_ADDITION,2016-06-01,2016-06-02,14.634,14.846,True,-10.5483,True,-0.9834,True,-9.1978,True,0.5877
NOW,C0_Baseline,DCA_ADDITION,2016-07-01,2016-07-05,13.242,13.054,True,12.1955,True,22.2154,True,13.3817,True,19.3777
NOW,C0_Baseline,DCA_ADDITION,2016-08-01,2016-08-02,15.014,14.646,True,0.2868,True,7.7427,True,-2.2379,True,6.2875
NOW,C0_Baseline,EXIT_SELL,2016-08-17,2016-08-18,14.614,14.614,True,5.7753,True,13.0833,True,6.3501,True,12.4127
NOW,C0_Baseline,TREND_BUY,2016-08-18,2016-08-19,14.614,14.738,True,3.1212,True,13.0004,True,5.7753,True,13.0833
NOW,C0_Baseline,DCA_ADDITION,2016-09-01,2016-09-02,14.8,15.248,True,4.3678,True,9.4176,True,6.9595,True,14.6216
NOW,C0_Baseline,EXIT_SELL,2016-09-13,2016-09-14,14.484,14.512,True,3.7348,True,10.4052,True,8.8097,True,10.4391
NOW,C0_Baseline,TREND_BUY,2016-09-19,2016-09-20,15.198,15.056,True,1.169,True,4.8751,True,-1.7765,True,4.4743
NOW,C0_Baseline,DCA_ADDITION,2016-10-03,2016-10-04,15.914,15.856,True,9.5989,True,-5.4743,True,10.4813,True,-5.4669
NOW,C0_Baseline,DCA_ADDITION,2016-11-01,2016-11-02,17.378,16.918,True,-8.8663,True,7.1285,True,-4.3043,True,3.7173
NOW,C0_Baseline,DCA_ADDITION,2016-12-01,2016-12-02,15.418,15.312,True,-1.1756,True,12.7743,True,-3.5673,True,15.3068
NOW,C0_Baseline,DCA_ADDITION,2017-01-03,2017-01-04,15.132,15.766,True,12.7236,True,10.9603,True,18.5567,True,14.9088
NOW,C0_Baseline,DCA_ADDITION,2017-02-01,2017-02-02,17.94,17.772,True,-2.6896,True,6.831,True,-3.7458,True,5.3289
NOW,C0_Baseline,DCA_ADDITION,2017-03-01,2017-03-02,17.778,17.268,True,0.6949,True,22.8052,True,-1.44,True,17.5835
NOW,C0_Baseline,DCA_ADDITION,2017-04-03,2017-04-04,17.244,17.058,True,10.3412,True,24.0708,True,10.1369,True,26.2004
NOW,C0_Baseline,DCA_ADDITION,2017-05-01,2017-05-02,18.986,18.992,True,10.2043,True,16.4069,True,10.987,True,15.5799
NOW,C0_Baseline,DCA_ADDITION,2017-06-01,2017-06-02,21.302,21.46,True,-1.2115,True,4.2964,True,-0.6478,True,3.8306
NOW,C0_Baseline,DCA_ADDITION,2017-07-03,2017-07-05,20.716,21.022,True,1.9599,True,10.979,True,6.9222,True,11.508
NOW,C0_Baseline,DCA_ADDITION,2017-08-01,2017-08-02,22.15,21.434,True,6.625,True,17.7009,True,0.9029,True,12.5237
NOW,C0_Baseline,DCA_ADDITION,2017-09-01,2017-09-05,23.098,23.23,True,1.4464,True,3.8226,True,1.1343,True,9.6459
NOW,C0_Baseline,DCA_ADDITION,2017-10-02,2017-10-03,23.36,23.566,True,7.2477,True,10.914,True,7.0634,True,11.524
NOW,C0_Baseline,EXIT_SELL,2017-10-23,2017-10-24,24.798,25.178,True,1.7317,True,14.3061,True,2.968,True,14.7431
NOW,C0_Baseline,TREND_BUY,2017-10-24,2017-10-25,25.178,24.924,True,2.2709,True,15.8963,True,1.7317,True,14.3061
NOW,C0_Baseline,DCA_ADDITION,2017-11-01,2017-11-02,24.902,24.868,True,-1.3511,True,19.7282,True,-1.2128,True,17.7335
NOW,C0_Baseline,DCA_ADDITION,2017-12-01,2017-12-04,24.532,22.724,True,16.9776,True,46.6907,True,7.3944,True,30.0913
NOW,C0_Baseline,DCA_ADDITION,2018-01-02,2018-01-03,26.346,26.582,True,14.9725,True,21.6011,True,13.0115,True,25.5978
NOW,C0_Baseline,DCA_ADDITION,2018-02-01,2018-02-02,30.562,29.952,True,12.3798,True,10.4567,True,9.0701,True,8.7233
NOW,C0_Baseline,EXIT_SELL,2018-02-05,2018-02-06,29.478,29.804,True,16.1321,True,13.2264,True,16.0662,True,12.2871
NOW,C0_Baseline,TREND_BUY,2018-02-06,2018-02-07,29.804,30.634,True,12.9399,True,11.7843,True,16.1321,True,13.2264
NOW,C0_Baseline,DCA_ADDITION,2018-03-01,2018-03-02,31.914,33.334,True,-3.0299,True,5.7779,True,3.6849,True,10.7476
NOW,C0_Baseline,EXIT_SELL,2018-03-16,2018-03-19,33.996,33.962,True,2.7855,True,6.7252,True,-0.3118,True,6.9773
NOW,C0_Baseline,TREND_BUY,2018-03-19,2018-03-20,33.962,34.422,True,1.2724,True,7.6869,True,2.7855,True,6.7252
NOW,C0_Baseline,DCA_ADDITION,2018-04-02,2018-04-03,32.324,32.354,True,2.2563,True,3.8326,True,2.7967,True,5.7109
NOW,C0_Baseline,EXIT_SELL,2018-04-13,2018-04-16,33.38,33.89,True,2.5258,True,10.4633,True,7.172,True,11.2043
NOW,C0_Baseline,TREND_BUY,2018-04-16,2018-04-17,33.89,34.908,True,-0.6417,True,11.5274,True,2.5258,True,10.4633
NOW,C0_Baseline,DCA_ADDITION,2018-05-01,2018-05-02,33.084,33.1,True,7.3172,True,11.148,True,7.889,True,16.2616
NOW,C0_Baseline,EXIT_SELL,2018-05-17,2018-05-18,34.342,34.788,True,7.1691,True,6.0653,True,8.526,True,7.7514
NOW,C0_Baseline,TREND_BUY,2018-05-18,2018-05-21,34.788,34.29,True,7.0924,True,6.5792,True,7.1691,True,6.0653
NOW,C0_Baseline,DCA_ADDITION,2018-06-01,2018-06-04,36.302,36.7,True,-3.2153,True,5.8638,True,-4.9804,True,6.468
NOW,C0_Baseline,EXIT_SELL,2018-06-13,2018-06-14,36.246,37.068,True,3.0862,True,7.3756,True,7.4105,True,8.6906
NOW,C0_Baseline,TREND_BUY,2018-06-14,2018-06-15,37.068,37.27,True,1.465,True,7.0566,True,3.0862,True,7.3756
NOW,C0_Baseline,DCA_ADDITION,2018-07-02,2018-07-03,35.52,35.438,True,0.4233,True,10.0965,True,-0.9234,True,10.1971
NOW,C0_Baseline,DCA_ADDITION,2018-08-01,2018-08-02,35.588,36.568,True,8.5375,True,-8.7946,True,12.5267,True,-2.9842
NOW,C0_Baseline,DCA_ADDITION,2018-09-04,2018-09-05,40.052,38.152,True,2.8518,True,-6.1124,True,-3.6752,True,-11.1805
NOW,C0_Baseline,EXIT_SELL,2018-09-13,2018-09-14,40.916,40.594,True,-9.1245,True,-9.632,True,-14.4736,True,-9.6197
NOW,C0_Baseline,TREND_BUY,2018-09-14,2018-09-17,40.594,38.564,True,-6.1767,True,-2.6864,True,-9.1245,True,-9.632
NOW,C0_Baseline,DCA_ADDITION,2018-10-01,2018-10-02,38.922,38.58,True,-12.649,True,-6.5163,True,-15.6107,True,-8.4323
NOW,C0_Baseline,DCA_ADDITION,2018-11-01,2018-11-02,36.746,35.756,True,5.2075,True,23.9009,True,0.8382,True,19.7518
NOW,C0_Baseline,EXIT_SELL,2018-11-13,2018-11-14,33.734,33.476,True,8.7227,True,38.5888,True,11.5492,True,39.1178
NOW,C0_Baseline,TREND_BUY,2018-12-04,2018-12-06,36.17,37.52,True,-0.4957,True,24.2591,True,-0.8958,True,30.4949
NOW,C0_Baseline,DCA_ADDITION,2019-01-02,2019-01-03,35.664,33.824,True,30.978,True,45.2992,True,23.3849,True,38.229
NOW,C0_Baseline,EXIT_SELL,2019-01-03,2019-01-04,33.824,35.846,True,25.6151,True,37.7113,True,30.978,True,45.2992
NOW,C0_Baseline,TREND_BUY,2019-01-08,2019-01-09,37.622,38.094,True,19.1579,True,24.4185,True,19.9086,True,26.0061
NOW,C0_Baseline,DCA_ADDITION,2019-02-01,2019-02-04,44.302,45.028,True,4.8237,True,20.1031,True,6.9794,True,22.5723
NOW,C0_Baseline,EXIT_SELL,2019-02-20,2019-02-21,45.9,46.002,True,9.104,True,18.6861,True,6.5752,True,21.1155
NOW,C0_Baseline,TREND_BUY,2019-02-21,2019-02-22,46.002,47.0,True,2.6426,True,12.8,True,9.104,True,18.6861
NOW,C0_Baseline,DCA_ADDITION,2019-03-01,2019-03-04,48.704,47.394,True,3.6967,True,11.4867,True,1.2196,True,9.4982
NOW,C0_Baseline,EXIT_SELL,2019-03-25,2019-03-26,48.34,49.0,True,-0.9388,True,17.8775,True,0.7654,True,18.1258
NOW,C0_Baseline,TREND_BUY,2019-03-26,2019-03-27,49.0,48.274,True,8.0043,True,18.3826,True,-0.9388,True,17.8775
NOW,C0_Baseline,DCA_ADDITION,2019-04-01,2019-04-02,49.146,49.364,True,9.5535,True,12.8393,True,10.4912,True,12.0498
NOW,C0_Baseline,DCA_ADDITION,2019-05-01,2019-05-02,54.08,52.534,True,-0.2817,True,8.821,True,-2.8846,True,7.0007
NOW,C0_Baseline,EXIT_SELL,2019-05-13,2019-05-14,52.024,54.414,True,-1.54,True,-1.8231,True,2.372,True,0.2191
NOW,C0_Baseline,TREND_BUY,2019-05-14,2019-05-15,54.414,54.792,True,-0.0621,True,-3.7013,True,-1.54,True,-1.8231
NOW,C0_Baseline,DCA_ADDITION,2019-06-03,2019-06-04,49.676,51.51,True,11.9433,True,1.0755,True,14.1437,True,7.1785
NOW,C0_Baseline,EXIT_SELL,2019-06-11,2019-06-12,53.258,53.576,True,12.8528,True,-1.6351,True,12.1897,True,1.2505
NOW,C0_Baseline,TREND_BUY,2019-06-12,2019-06-13,53.576,54.758,True,9.9858,True,-6.9798,True,12.8528,True,-1.6351
NOW,C0_Baseline,DCA_ADDITION,2019-07-01,2019-07-02,56.702,57.662,True,-3.7876,True,-10.5165,True,-0.8853,True,-8.5112
NOW,C0_Baseline,EXIT_SELL,2019-07-18,2019-07-19,58.936,57.948,True,-11.3309,True,-7.0063,True,-14.3851,True,-8.2632
NOW,C0_Baseline,TREND_BUY,2019-07-19,2019-07-22,57.948,58.762,True,-13.0356,True,-6.6608,True,-11.3309,True,-7.0063
NOW,C0_Baseline,DCA_ADDITION,2019-08-01,2019-08-02,54.8,53.172,True,-1.5121,True,-7.9591,True,-3.3613,True,-11.9635
NOW,C0_Baseline,DCA_ADDITION,2019-09-03,2019-09-04,52.676,53.704,True,-8.0702,True,4.752,True,-5.0307,True,5.8774
NOW,C0_Baseline,DCA_ADDITION,2019-10-01,2019-10-02,50.026,49.37,True,1.2558,True,16.2163,True,-3.6341,True,14.4205
NOW,C0_Baseline,DCA_ADDITION,2019-11-01,2019-11-04,50.606,49.16,True,13.511,True,37.6038,True,9.6115,True,35.0117
NOW,C0_Baseline,DCA_ADDITION,2019-12-02,2019-12-03,55.47,55.802,True,4.3834,True,23.4364,True,1.792,True,17.5735
NOW,C0_Baseline,DCA_ADDITION,2020-01-02,2020-01-03,58.248,58.22,True,17.8976,True,-1.5527,True,16.1345,True,-1.6653
NOW,C0_Baseline,DCA_ADDITION,2020-02-03,2020-02-04,68.64,70.406,True,-1.9771,True,-0.1392,True,-3.954,True,-6.1801
NOW,C0_Baseline,DCA_ADDITION,2020-03-02,2020-03-03,68.88,65.926,True,-13.0601,True,14.668,True,-16.8438,True,7.77
NOW,C0_Baseline,EXIT_SELL,2020-03-27,2020-03-30,54.8,57.278,True,3.3556,True,37.201,True,12.6277,True,46.3285
NOW,C0_Baseline,TREND_BUY,2020-05-01,2020-05-04,67.902,70.928,True,10.7884,True,25.6796,True,12.9186,True,28.1376
NOW,C0_Baseline,EXIT_SELL,2020-05-21,2020-05-22,76.728,77.592,True,3.8303,True,12.79,True,4.2305,True,15.3086
NOW,C0_Baseline,TREND_BUY,2020-05-22,2020-05-26,77.592,76.134,True,5.3248,True,14.8317,True,3.8303,True,12.79
NOW,C0_Baseline,DCA_ADDITION,2020-06-01,2020-06-02,76.674,78.58,True,3.0949,True,24.1283,True,2.9162,True,19.4486
NOW,C0_Baseline,EXIT_SELL,2020-06-16,2020-06-17,79.692,80.13,True,3.3021,True,11.2942,True,6.2992,True,13.6827
NOW,C0_Baseline,TREND_BUY,2020-06-17,2020-06-18,80.13,80.206,True,5.1817,True,14.2209,True,3.3021,True,11.2942
NOW,C0_Baseline,DCA_ADDITION,2020-07-01,2020-07-02,83.358,82.842,True,6.0332,True,16.8996,True,3.5054,True,15.1587
NOW,C0_Baseline,EXIT_SELL,2020-07-13,2020-07-14,80.374,82.646,True,1.9674,True,20.998,True,9.1597,True,22.3132
NOW,C0_Baseline,TREND_BUY,2020-07-14,2020-07-15,82.646,84.712,True,0.8429,True,17.2207,True,1.9674,True,20.998
NOW,C0_Baseline,EXIT_SELL,2020-08-03,2020-08-04,87.992,87.63,True,13.4748,True,10.4759,True,9.56,True,13.6035
NOW,C0_Baseline,TREND_BUY,2020-08-04,2020-08-05,87.63,87.148,True,14.6762,True,17.1777,True,13.4748,True,10.4759
NOW,C0_Baseline,DCA_ADDITION,2020-09-01,2020-09-02,99.438,99.938,True,-1.4349,True,5.5614,True,-2.4518,True,4.4309
NOW,C0_Baseline,EXIT_SELL,2020-09-04,2020-09-08,90.07,88.628,True,10.9221,True,18.8157,True,11.4222,True,19.8157
NOW,C0_Baseline,TREND_BUY,2020-09-08,2020-09-09,88.628,91.64,True,9.1227,True,14.6312,True,10.9221,True,18.8157
NOW,C0_Baseline,DCA_ADDITION,2020-10-01,2020-10-02,98.504,98.63,True,0.8963,True,10.7128,True,3.6689,True,10.3996
NOW,C0_Baseline,EXIT_SELL,2020-10-21,2020-10-22,102.056,101.192,True,1.6543,True,7.1606,True,-0.6193,True,1.7912
NOW,C0_Baseline,TREND_BUY,2020-10-22,2020-10-23,101.192,102.802,True,0.7879,True,5.8987,True,1.6543,True,7.1606
NOW,C0_Baseline,DCA_ADDITION,2020-11-02,2020-11-03,95.2,96.01,True,9.6802,True,16.3545,True,13.3592,True,14.1093
NOW,C0_Baseline,EXIT_SELL,2020-11-18,2020-11-19,101.424,102.866,True,9.9353,True,11.9515,True,9.2582,True,14.5567
NOW,C0_Baseline,TREND_BUY,2020-11-19,2020-11-20,102.866,103.612,True,6.3236,True,10.1668,True,9.9353,True,11.9515
NOW,C0_Baseline,DCA_ADDITION,2020-12-01,2020-12-02,107.918,105.304,True,4.5411,True,4.3265,True,1.4437,True,3.1283
NOW,C0_Baseline,EXIT_SELL,2020-12-28,2020-12-29,108.748,109.196,True,1.5129,True,-9.3373,True,-5.0097,True,-13.1607
NOW,C0_Baseline,TREND_BUY,2020-12-29,2020-12-30,109.196,109.476,True,-0.7709,True,-11.3249,True,1.5129,True,-9.3373
NOW,C0_Baseline,DCA_ADDITION,2021-01-04,2021-01-05,105.366,106.394,True,8.399,True,-4.692,True,10.7587,True,-5.0718
NOW,C0_Baseline,DCA_ADDITION,2021-02-01,2021-02-02,111.712,116.702,True,-11.5696,True,-13.4548,True,-1.6578,True,-0.2363
NOW,C0_Baseline,EXIT_SELL,2021-02-17,2021-02-18,116.188,115.16,True,-19.0379,True,-20.0538,True,-16.5146,True,-21.6821
NOW,C0_Baseline,TREND_BUY,2021-02-18,2021-02-19,115.16,114.146,True,-17.5021,True,-20.3827,True,-19.0379,True,-20.0538
NOW,C0_Baseline,DCA_ADDITION,2021-03-01,2021-03-02,111.294,109.86,True,-11.2379,True,-11.6312,True,-12.7734,True,-13.7599
NOW,C0_Baseline,DCA_ADDITION,2021-04-01,2021-04-05,101.402,102.804,True,-4.6107,True,8.6709,True,-0.1262,True,8.9071
NOW,C0_Baseline,DCA_ADDITION,2021-05-03,2021-05-04,98.064,96.66,True,-3.3706,True,21.3387,True,-4.3135,True,18.9733
NOW,C0_Baseline,DCA_ADDITION,2021-06-01,2021-06-02,93.834,93.402,True,17.6741,True,33.6224,True,19.0592,True,32.3763
NOW,C0_Baseline,DCA_ADDITION,2021-07-01,2021-07-02,109.034,110.366,True,5.9511,True,10.998,True,7.8361,True,19.1482
NOW,C0_Baseline,DCA_ADDITION,2021-08-02,2021-08-03,116.934,116.932,True,10.0879,True,13.7003,True,9.7457,True,15.7422
NOW,C0_Baseline,DCA_ADDITION,2021-09-01,2021-09-02,130.17,132.062,True,-4.1662,True,1.8946,True,-4.3912,True,-0.1997
NOW,C0_Baseline,DCA_ADDITION,2021-10-01,2021-10-04,126.56,123.594,True,10.3581,True,5.9242,True,10.2655,True,3.3502
NOW,C0_Baseline,DCA_ADDITION,2021-11-01,2021-11-02,136.396,137.318,True,-12.6742,True,-18.2802,True,-5.0265,True,-22.4772
NOW,C0_Baseline,EXIT_SELL,2021-11-02,2021-11-03,137.318,137.534,True,-9.3504,True,-14.8167,True,-12.6742,True,-18.2802
NOW,C0_Baseline,TREND_BUY,2021-11-03,2021-11-04,137.534,140.346,True,-12.6288,True,-16.4151,True,-9.3504,True,-14.8167
NOW,C0_Baseline,DCA_ADDITION,2021-12-01,2021-12-02,119.914,124.674,True,4.1292,True,-8.3899,True,9.1682,True,-3.2773
NOW,C0_Baseline,DCA_ADDITION,2022-01-03,2022-01-04,126.028,120.788,True,-3.7736,True,-7.7905,True,-6.9191,True,-8.9107
NOW,C0_Baseline,DCA_ADDITION,2022-02-01,2022-02-02,117.308,116.23,True,-3.2419,True,-17.7321,True,0.0887,True,-14.0689
NOW,C0_Baseline,EXIT_SELL,2022-02-18,2022-02-22,111.202,110.03,True,6.9999,True,-25.0659,True,2.4802,True,-22.1507
NOW,C0_Baseline,PANIC_BUY,2022-03-17,2022-03-18,113.336,115.976,True,-14.2012,True,-23.3031,True,-10.4733,True,-22.2895
NOW,C0_Baseline,DCA_ADDITION,2022-04-01,2022-04-04,109.738,114.964,True,-16.172,True,-17.275,True,-11.6988,True,-12.9217
NOW,C0_Baseline,EXIT_SELL,2022-04-05,2022-04-06,110.644,105.59,True,-11.1033,True,-6.065,True,-9.7177,True,-12.4471
NOW,C0_Baseline,PANIC_BUY,2022-05-23,2022-05-24,86.024,83.93,True,15.6988,True,13.4898,True,6.633,True,13.8287
NOW,C0_Baseline,EXIT_SELL,2022-05-24,2022-05-25,83.93,90.458,True,11.4528,True,1.6405,True,15.6988,True,13.4898
NOW,C0_Baseline,TREND_BUY,2022-06-06,2022-06-07,98.508,101.286,True,-1.8522,True,-14.9813,True,0.1563,True,-11.7595
NOW,C0_Baseline,DCA_ADDITION,2022-07-01,2022-07-05,96.872,99.186,True,-8.3661,True,-21.5918,True,-6.3156,True,-21.7627
NOW,C0_Baseline,DCA_ADDITION,2022-08-01,2022-08-02,90.754,90.888,True,-3.8729,True,-19.3711,True,-3.9646,True,-16.9932
NOW,C0_Baseline,DCA_ADDITION,2022-09-01,2022-09-02,86.112,86.902,True,-9.8502,True,-8.6672,True,-12.2979,True,-6.6495
NOW,C0_Baseline,EXIT_SELL,2022-09-19,2022-09-20,85.01,82.24,True,-13.232,True,1.7485,True,-17.9838,True,-2.0892
NOW,C0_Baseline,PANIC_BUY,2022-10-04,2022-10-05,82.31,84.116,True,-6.6337,True,-7.6822,True,1.7033,True,-5.2727
NOW,C0_Baseline,EXIT_SELL,2022-10-12,2022-10-13,73.826,72.38,True,11.6496,True,5.2335,True,-2.1293,True,2.5547
NOW,C0_Baseline,PANIC_BUY,2022-10-25,2022-10-26,75.332,73.282,True,11.7246,True,21.0147,True,6.2709,True,17.464
NOW,C0_Baseline,DCA_ADDITION,2022-11-01,2022-11-02,83.712,78.536,True,8.3834,True,15.9035,True,-0.5399,True,5.7363
NOW,C0_Baseline,DCA_ADDITION,2022-12-01,2022-12-02,85.12,82.574,True,-6.6292,True,5.6119,True,-8.7712,True,0.7848
NOW,C0_Baseline,EXIT_SELL,2022-12-07,2022-12-08,77.704,79.246,True,-4.4595,True,12.8057,True,-5.6599,True,14.4883
NOW,C0_Baseline,PANIC_BUY,2022-12-12,2022-12-13,80.328,83.234,True,-0.6992,True,-0.298,True,-1.957,True,3.3463
NOW,C0_Baseline,DCA_ADDITION,2023-01-03,2023-01-04,77.1,78.77,True,24.7353,True,17.9942,True,22.9079,True,14.0415
NOW,C0_Baseline,EXIT_SELL,2023-01-05,2023-01-06,73.264,73.306,True,24.1972,True,29.8802,True,28.9092,True,26.799
NOW,C0_Baseline,TREND_BUY,2023-01-17,2023-01-18,83.648,83.24,True,11.4632,True,11.2518,True,10.3075,True,15.6035
NOW,C0_Baseline,DCA_ADDITION,2023-02-01,2023-02-02,94.762,98.254,True,-9.6261,True,-8.3172,True,-7.9716,True,-3.0371
NOW,C0_Baseline,DCA_ADDITION,2023-03-01,2023-03-02,85.788,87.208,True,0.8233,True,23.2593,True,2.2148,True,23.9754
NOW,C0_Baseline,EXIT_SELL,2023-03-22,2023-03-23,86.702,88.094,True,7.4557,True,27.0211,True,7.8845,True,30.4422
NOW,C0_Baseline,TREND_BUY,2023-04-04,2023-04-05,95.21,93.466,True,-7.8788,True,20.4438,True,-8.1861,True,18.0485
NOW,C0_Baseline,EXIT_SELL,2023-04-25,2023-04-26,88.456,90.806,True,10.6865,True,27.3132,True,13.0822,True,31.5954
NOW,C0_Baseline,TREND_BUY,2023-04-28,2023-05-01,91.884,90.082,True,21.9156,True,24.3067,True,16.9866,True,25.6519
NOW,C0_Baseline,DCA_ADDITION,2023-06-01,2023-06-02,108.592,109.636,True,2.6798,True,5.5985,True,3.5012,True,4.6689
NOW,C0_Baseline,EXIT_SELL,2023-06-09,2023-06-12,106.806,109.27,True,2.7437,True,9.6953,True,5.1327,True,12.0742
NOW,C0_Baseline,TREND_BUY,2023-06-12,2023-06-13,109.27,110.944,True,4.0976,True,8.1753,True,2.7437,True,9.6953
NOW,C0_Baseline,DCA_ADDITION,2023-07-03,2023-07-05,112.574,113.152,True,-0.4578,True,-2.1635,True,4.8892,True,-2.9296
NOW,C0_Baseline,EXIT_SELL,2023-07-07,2023-07-10,110.596,113.12,True,-1.8936,True,-4.3069,True,-0.2441,True,0.4069
NOW,C0_Baseline,TREND_BUY,2023-07-10,2023-07-11,113.12,112.288,True,-1.5336,True,-2.2799,True,-1.8936,True,-4.3069
NOW,C0_Baseline,DCA_ADDITION,2023-08-01,2023-08-02,118.078,112.634,True,4.4516,True,-2.1699,True,-1.9513,True,-10.2
NOW,C0_Baseline,DCA_ADDITION,2023-09-01,2023-09-05,118.176,119.432,True,-9.3643,True,13.6931,True,-6.0334,True,12.5846
NOW,C0_Baseline,DCA_ADDITION,2023-10-02,2023-10-03,111.046,108.248,True,7.5031,True,29.7872,True,2.3972,True,26.7511
NOW,C0_Baseline,DCA_ADDITION,2023-11-01,2023-11-02,118.696,119.886,True,15.2411,True,27.688,True,15.5456,True,32.3937
NOW,C0_Baseline,DCA_ADDITION,2023-12-01,2023-12-04,138.158,137.524,True,-1.7917,True,12.5084,True,-0.4734,True,11.6606
NOW,C0_Baseline,EXIT_SELL,2023-12-14,2023-12-15,136.078,139.648,True,4.1963,True,11.6364,True,6.9328,True,14.1816
NOW,C0_Baseline,TREND_BUY,2023-12-15,2023-12-18,139.648,140.744,True,6.0024,True,5.7111,True,4.1963,True,11.6364
NOW,C0_Baseline,DCA_ADDITION,2024-01-02,2024-01-03,137.504,135.06,True,14.1715,True,13.782,True,11.3277,True,10.8913
NOW,C0_Baseline,DCA_ADDITION,2024-02-01,2024-02-02,154.2,156.26,True,-0.6668,True,-11.2594,True,0.3411,True,-6.4643
NOW,C0_Baseline,EXIT_SELL,2024-02-12,2024-02-13,157.47,154.752,True,0.4032,True,-6.5679,True,0.2807,True,-8.4232
NOW,C0_Baseline,TREND_BUY,2024-02-13,2024-02-14,154.752,158.4,True,-1.5795,True,-7.8548,True,0.4032,True,-6.5679
NOW,C0_Baseline,DCA_ADDITION,2024-03-01,2024-03-04,154.726,155.218,True,-2.4598,True,-5.7944,True,-0.6799,True,-5.787
NOW,C0_Baseline,EXIT_SELL,2024-03-14,2024-03-15,155.898,148.782,True,-1.0888,True,-4.2841,True,-1.3829,True,-9.0238
NOW,C0_Baseline,TREND_BUY,2024-03-22,2024-03-25,154.83,154.928,True,-4.3491,True,-5.2063,True,-6.7429,True,-5.6811
NOW,C0_Baseline,DCA_ADDITION,2024-04-01,2024-04-02,153.674,151.4,True,-8.4108,True,2.2629,True,-6.1442,True,-1.8819
NOW,C0_Baseline,DCA_ADDITION,2024-05-01,2024-05-02,137.122,139.144,True,-5.5755,True,14.8163,True,-6.1726,True,16.5473
NOW,C0_Baseline,DCA_ADDITION,2024-06-03,2024-06-04,132.022,134.4,True,16.9524,True,23.7009,True,20.2996,True,23.3294
NOW,C0_Baseline,DCA_ADDITION,2024-07-01,2024-07-02,157.792,158.822,True,2.5538,True,11.4279,True,1.2472,True,12.8105
NOW,C0_Baseline,DCA_ADDITION,2024-08-01,2024-08-02,162.276,158.128,True,8.1402,True,19.5234,True,2.4514,True,17.1892
NOW,C0_Baseline,DCA_ADDITION,2024-09-03,2024-09-04,167.172,166.966,True,5.4598,True,24.744,True,3.747,True,28.0202
NOW,C0_Baseline,DCA_ADDITION,2024-10-01,2024-10-02,173.436,176.082,True,7.9043,True,22.836,True,9.9057,True,26.7453
NOW,C0_Baseline,DCA_ADDITION,2024-11-01,2024-11-04,188.682,190.918,True,10.7617,True,6.9506,True,11.132,True,7.9467
NOW,C0_Baseline,EXIT_SELL,2024-11-27,2024-11-29,208.28,209.888,True,1.74,True,-11.4042,True,3.8467,True,-11.5652
NOW,C0_Baseline,TREND_BUY,2024-11-29,2024-12-02,209.888,209.686,True,1.115,True,-13.174,True,1.74,True,-11.4042
NOW,C0_Baseline,DCA_ADDITION,2025-01-02,2025-01-03,210.868,214.754,True,-5.9268,True,-23.2582,True,-3.1679,True,-23.0267
NOW,C0_Baseline,DCA_ADDITION,2025-02-03,2025-02-04,204.188,202.026,True,-9.3394,True,-5.1657,True,-11.2494,True,-6.4578
NOW,C0_Baseline,DCA_ADDITION,2025-03-03,2025-03-04,182.062,181.218,True,-10.4327,True,12.0452,True,-12.5419,True,12.1925
NOW,C0_Baseline,DCA_ADDITION,2025-04-01,2025-04-02,162.312,164.806,True,16.2518,True,24.7624,True,17.6758,True,25.9821
NOW,C0_Baseline,EXIT_SELL,2025-04-16,2025-04-17,159.332,154.432,True,34.7104,True,25.2292,True,29.94,True,20.1165
NOW,C0_Baseline,TREND_BUY,2025-04-28,2025-04-29,187.482,188.572,True,8.3194,True,2.7501,True,9.5988,True,6.2694
NOW,C0_Baseline,DCA_ADDITION,2025-05-01,2025-05-02,191.59,195.472,True,3.5555,True,0.0123,True,5.5473,True,3.6797
NOW,C0_Baseline,DCA_ADDITION,2025-06-02,2025-06-03,202.422,202.176,True,-0.1108,True,-8.1394,True,-0.0217,True,-12.2645
NOW,C0_Baseline,DCA_ADDITION,2025-07-01,2025-07-02,202.378,201.952,True,-6.5996,True,-7.3047,True,-3.4006,True,-9.2184
NOW,C0_Baseline,DCA_ADDITION,2025-08-01,2025-08-04,182.874,184.6,True,-1.2546,True,1.6154,True,0.3379,True,3.4909
NOW,C0_Baseline,DCA_ADDITION,2025-09-02,2025-09-03,182.284,183.876,True,-0.756,True,-12.689,True,0.9721,True,-9.4479
NOW,C0_Baseline,EXIT_SELL,2025-09-25,2025-09-26,183.722,187.2,True,-0.6229,True,-16.3034,True,2.2382,True,-15.4647
NOW,C0_Baseline,TREND_BUY,2025-09-30,2025-10-01,184.056,182.486,True,-0.08,True,-15.6702,True,1.9157,True,-17.0959
NOW,C0_Baseline,DCA_ADDITION,2025-11-03,2025-11-04,182.768,177.514,True,-6.1595,True,-33.5264,True,-9.7895,True,-35.9789
NOW,C0_Baseline,EXIT_SELL,2025-11-04,2025-11-05,177.514,175.926,True,-4.6338,True,-37.6044,True,-6.1595,True,-33.5264
NOW,C0_Baseline,PANIC_BUY,2026-02-18,2026-02-19,107.81,107.37,True,5.495,True,-11.4557,True,5.4726,True,-16.056
NOW,C0_Baseline,EXIT_SELL,2026-02-19,2026-02-20,107.37,104.27,True,5.8598,True,-0.8152,True,5.495,True,-11.4557
NOW,C0_Baseline,PANIC_BUY,2026-04-20,2026-04-21,99.72,100.14,True,1.6876,True,3.0957,True,3.7104,True,4.302
NOW,C0_Baseline,EXIT_SELL,2026-04-23,2026-04-24,84.78,90.17,True,13.2638,True,5.8667,True,17.5867,True,20.3822
NOW,C0_Baseline,PANIC_BUY,2026-04-24,2026-04-27,90.17,90.45,True,10.4699,True,1.6473,True,13.2638,True,5.8667
NOW,C0_Baseline,DCA_ADDITION,2026-05-01,2026-05-04,91.16,91.97,True,38.7953,True,19.6803,True,49.0347,True,26.9855
NOW,C0_Baseline,DCA_ADDITION,2026-06-01,2026-06-02,135.86,127.65,True,-17.1171,True,8.445,True,-26.9248,True,-7.4047
NOW,C0_Baseline,EXIT_SELL,2026-06-11,2026-06-12,103.08,102.15,True,2.6432,True,28.3505,True,7.9356,True,30.1998
NOW,C0_Baseline,TREND_BUY,2026-06-12,2026-06-15,102.15,104.15,True,0.5569,True,25.9433,True,2.6432,True,28.3505
NOW,C0_Baseline,DCA_ADDITION,2026-07-01,2026-07-02,105.8,106.32,True,4.6181,False,,True,4.0359,False,
NOW,C0_Baseline,EXIT_SELL,2026-07-21,2026-07-22,102.06,95.46,True,33.2495,False,,True,17.0782,False,
NOW,C0_Baseline,PANIC_BUY,2026-07-28,2026-07-29,110.62,115.76,True,8.6731,False,,True,14.8074,False,
NOW,C0_Baseline,DCA_ADDITION,2026-08-03,2026-08-04,114.19,118.14,True,20.9582,False,,True,29.5998,False,
NOW,C0_Baseline,DCA_ADDITION,2026-09-01,2026-09-02,142.9,136.72,False,,False,,False,,False,
NOW,C1_Decoupled_Scores,PANIC_BUY,2014-05-21,2014-05-22,9.674,10.088,True,19.885,True,11.023,True,24.0852,True,13.0866
NOW,C1_Decoupled_Scores,DCA_ADDITION,2014-06-02,2014-06-03,10.052,10.082,True,26.1258,True,19.1827,True,23.279,True,18.842
NOW,C1_Decoupled_Scores,DCA_ADDITION,2014-07-01,2014-07-02,12.716,12.424,True,-5.3445,True,-4.1211,True,-1.4785,True,-8.1472
NOW,C1_Decoupled_Scores,DCA_ADDITION,2014-08-01,2014-08-04,11.334,11.542,True,8.9066,True,16.0457,True,7.8701,True,13.0933
NOW,C1_Decoupled_Scores,DCA_ADDITION,2014-09-02,2014-09-03,12.57,12.548,True,-8.6707,True,1.9605,True,-6.4757,True,0.2068
NOW,C1_Decoupled_Scores,EXIT_SELL,2014-09-30,2014-10-01,11.756,11.46,True,13.4904,True,22.3735,True,13.9333,True,18.5607
NOW,C1_Decoupled_Scores,TREND_BUY,2014-10-21,2014-10-22,12.096,11.614,True,9.7296,True,11.6411,True,7.4405,True,5.754
NOW,C1_Decoupled_Scores,DCA_ADDITION,2014-11-03,2014-11-04,13.242,13.376,True,-7.5508,True,9.1358,True,-6.7663,True,10.1042
NOW,C1_Decoupled_Scores,DCA_ADDITION,2014-12-01,2014-12-02,12.37,12.346,True,9.9141,True,23.8296,True,9.7494,True,23.2983
NOW,C1_Decoupled_Scores,DCA_ADDITION,2015-01-02,2015-01-05,13.476,13.43,True,8.1906,True,12.6582,True,8.3259,True,16.919
NOW,C1_Decoupled_Scores,DCA_ADDITION,2015-02-02,2015-02-03,14.598,14.53,True,1.3076,True,3.042,True,3.3703,True,6.1378
NOW,C1_Decoupled_Scores,EXIT_SELL,2015-02-27,2015-03-02,15.252,15.288,True,3.9246,True,2.551,True,2.898,True,1.9014
NOW,C1_Decoupled_Scores,TREND_BUY,2015-03-02,2015-03-03,15.288,15.09,True,4.4135,True,3.9099,True,3.9246,True,2.551
NOW,C1_Decoupled_Scores,EXIT_SELL,2015-03-30,2015-03-31,15.888,15.756,True,-1.6629,True,0.1777,True,-5.6017,True,-2.4799
NOW,C1_Decoupled_Scores,TREND_BUY,2015-03-31,2015-04-01,15.756,15.13,True,-1.0443,True,1.811,True,-1.6629,True,0.1777
NOW,C1_Decoupled_Scores,DCA_ADDITION,2015-05-01,2015-05-04,14.75,14.722,True,2.4046,True,5.9367,True,2.6169,True,6.6169
NOW,C1_Decoupled_Scores,DCA_ADDITION,2015-06-01,2015-06-02,15.136,15.076,True,-1.4195,True,-5.2667,True,-2.5238,True,-9.2627
NOW,C1_Decoupled_Scores,DCA_ADDITION,2015-07-01,2015-07-02,14.78,14.906,True,8.0102,True,-7.3796,True,9.6482,True,-1.4073
NOW,C1_Decoupled_Scores,DCA_ADDITION,2015-08-03,2015-08-04,15.83,15.582,True,-11.539,True,5.4422,True,-10.3474,True,1.2887
NOW,C1_Decoupled_Scores,DCA_ADDITION,2015-09-01,2015-09-02,13.784,13.99,True,2.3302,True,24.7891,True,0.769,True,26.0737
NOW,C1_Decoupled_Scores,DCA_ADDITION,2015-10-01,2015-10-02,14.316,14.446,True,13.0417,True,21.9992,True,13.9424,True,21.3887
NOW,C1_Decoupled_Scores,DCA_ADDITION,2015-11-02,2015-11-03,16.404,16.506,True,6.0584,True,-24.9243,True,5.4255,True,-24.1526
NOW,C1_Decoupled_Scores,DCA_ADDITION,2015-12-01,2015-12-02,17.294,17.506,True,-1.1082,True,-33.9084,True,1.0524,True,-36.4057
NOW,C1_Decoupled_Scores,DCA_ADDITION,2016-01-04,2016-01-05,16.814,16.8,True,-29.4048,True,-26.1548,True,-31.902,True,-27.2273
NOW,C1_Decoupled_Scores,DCA_ADDITION,2016-02-01,2016-02-02,12.392,11.45,True,0.7162,True,24.6638,True,-6.6333,True,18.06
NOW,C1_Decoupled_Scores,DCA_ADDITION,2016-03-01,2016-03-02,11.57,11.532,True,6.1048,True,21.488,True,5.5661,True,22.3163
NOW,C1_Decoupled_Scores,DCA_ADDITION,2016-04-01,2016-04-04,12.406,12.856,True,12.0411,True,1.3223,True,15.2346,True,2.6439
NOW,C1_Decoupled_Scores,DCA_ADDITION,2016-05-02,2016-05-03,14.404,13.968,True,4.768,True,9.3643,True,-0.5415,True,1.333
NOW,C1_Decoupled_Scores,EXIT_SELL,2016-05-05,2016-05-06,13.558,13.456,True,11.5636,True,8.8436,True,8.4673,True,10.739
NOW,C1_Decoupled_Scores,TREND_BUY,2016-05-06,2016-05-09,13.456,13.486,True,12.7391,True,10.1439,True,11.5636,True,8.8436
NOW,C1_Decoupled_Scores,DCA_ADDITION,2016-06-01,2016-06-02,14.634,14.846,True,-10.5483,True,-0.9834,True,-9.1978,True,0.5877
NOW,C1_Decoupled_Scores,DCA_ADDITION,2016-07-01,2016-07-05,13.242,13.054,True,12.1955,True,22.2154,True,13.3817,True,19.3777
NOW,C1_Decoupled_Scores,DCA_ADDITION,2016-08-01,2016-08-02,15.014,14.646,True,0.2868,True,7.7427,True,-2.2379,True,6.2875
NOW,C1_Decoupled_Scores,EXIT_SELL,2016-08-17,2016-08-18,14.614,14.614,True,5.7753,True,13.0833,True,6.3501,True,12.4127
NOW,C1_Decoupled_Scores,TREND_BUY,2016-08-18,2016-08-19,14.614,14.738,True,3.1212,True,13.0004,True,5.7753,True,13.0833
NOW,C1_Decoupled_Scores,DCA_ADDITION,2016-09-01,2016-09-02,14.8,15.248,True,4.3678,True,9.4176,True,6.9595,True,14.6216
NOW,C1_Decoupled_Scores,EXIT_SELL,2016-09-13,2016-09-14,14.484,14.512,True,3.7348,True,10.4052,True,8.8097,True,10.4391
NOW,C1_Decoupled_Scores,TREND_BUY,2016-09-19,2016-09-20,15.198,15.056,True,1.169,True,4.8751,True,-1.7765,True,4.4743
NOW,C1_Decoupled_Scores,DCA_ADDITION,2016-10-03,2016-10-04,15.914,15.856,True,9.5989,True,-5.4743,True,10.4813,True,-5.4669
NOW,C1_Decoupled_Scores,DCA_ADDITION,2016-11-01,2016-11-02,17.378,16.918,True,-8.8663,True,7.1285,True,-4.3043,True,3.7173
NOW,C1_Decoupled_Scores,DCA_ADDITION,2016-12-01,2016-12-02,15.418,15.312,True,-1.1756,True,12.7743,True,-3.5673,True,15.3068
NOW,C1_Decoupled_Scores,DCA_ADDITION,2017-01-03,2017-01-04,15.132,15.766,True,12.7236,True,10.9603,True,18.5567,True,14.9088
NOW,C1_Decoupled_Scores,DCA_ADDITION,2017-02-01,2017-02-02,17.94,17.772,True,-2.6896,True,6.831,True,-3.7458,True,5.3289
NOW,C1_Decoupled_Scores,DCA_ADDITION,2017-03-01,2017-03-02,17.778,17.268,True,0.6949,True,22.8052,True,-1.44,True,17.5835
NOW,C1_Decoupled_Scores,DCA_ADDITION,2017-04-03,2017-04-04,17.244,17.058,True,10.3412,True,24.0708,True,10.1369,True,26.2004
NOW,C1_Decoupled_Scores,DCA_ADDITION,2017-05-01,2017-05-02,18.986,18.992,True,10.2043,True,16.4069,True,10.987,True,15.5799
NOW,C1_Decoupled_Scores,DCA_ADDITION,2017-06-01,2017-06-02,21.302,21.46,True,-1.2115,True,4.2964,True,-0.6478,True,3.8306
NOW,C1_Decoupled_Scores,DCA_ADDITION,2017-07-03,2017-07-05,20.716,21.022,True,1.9599,True,10.979,True,6.9222,True,11.508
NOW,C1_Decoupled_Scores,DCA_ADDITION,2017-08-01,2017-08-02,22.15,21.434,True,6.625,True,17.7009,True,0.9029,True,12.5237
NOW,C1_Decoupled_Scores,DCA_ADDITION,2017-09-01,2017-09-05,23.098,23.23,True,1.4464,True,3.8226,True,1.1343,True,9.6459
NOW,C1_Decoupled_Scores,DCA_ADDITION,2017-10-02,2017-10-03,23.36,23.566,True,7.2477,True,10.914,True,7.0634,True,11.524
NOW,C1_Decoupled_Scores,EXIT_SELL,2017-10-23,2017-10-24,24.798,25.178,True,1.7317,True,14.3061,True,2.968,True,14.7431
NOW,C1_Decoupled_Scores,TREND_BUY,2017-10-24,2017-10-25,25.178,24.924,True,2.2709,True,15.8963,True,1.7317,True,14.3061
NOW,C1_Decoupled_Scores,DCA_ADDITION,2017-11-01,2017-11-02,24.902,24.868,True,-1.3511,True,19.7282,True,-1.2128,True,17.7335
NOW,C1_Decoupled_Scores,DCA_ADDITION,2017-12-01,2017-12-04,24.532,22.724,True,16.9776,True,46.6907,True,7.3944,True,30.0913
NOW,C1_Decoupled_Scores,DCA_ADDITION,2018-01-02,2018-01-03,26.346,26.582,True,14.9725,True,21.6011,True,13.0115,True,25.5978
NOW,C1_Decoupled_Scores,DCA_ADDITION,2018-02-01,2018-02-02,30.562,29.952,True,12.3798,True,10.4567,True,9.0701,True,8.7233
NOW,C1_Decoupled_Scores,EXIT_SELL,2018-02-05,2018-02-06,29.478,29.804,True,16.1321,True,13.2264,True,16.0662,True,12.2871
NOW,C1_Decoupled_Scores,TREND_BUY,2018-02-06,2018-02-07,29.804,30.634,True,12.9399,True,11.7843,True,16.1321,True,13.2264
NOW,C1_Decoupled_Scores,DCA_ADDITION,2018-03-01,2018-03-02,31.914,33.334,True,-3.0299,True,5.7779,True,3.6849,True,10.7476
NOW,C1_Decoupled_Scores,EXIT_SELL,2018-03-16,2018-03-19,33.996,33.962,True,2.7855,True,6.7252,True,-0.3118,True,6.9773
NOW,C1_Decoupled_Scores,TREND_BUY,2018-03-19,2018-03-20,33.962,34.422,True,1.2724,True,7.6869,True,2.7855,True,6.7252
NOW,C1_Decoupled_Scores,DCA_ADDITION,2018-04-02,2018-04-03,32.324,32.354,True,2.2563,True,3.8326,True,2.7967,True,5.7109
NOW,C1_Decoupled_Scores,EXIT_SELL,2018-04-13,2018-04-16,33.38,33.89,True,2.5258,True,10.4633,True,7.172,True,11.2043
NOW,C1_Decoupled_Scores,TREND_BUY,2018-04-16,2018-04-17,33.89,34.908,True,-0.6417,True,11.5274,True,2.5258,True,10.4633
NOW,C1_Decoupled_Scores,DCA_ADDITION,2018-05-01,2018-05-02,33.084,33.1,True,7.3172,True,11.148,True,7.889,True,16.2616
NOW,C1_Decoupled_Scores,EXIT_SELL,2018-05-17,2018-05-18,34.342,34.788,True,7.1691,True,6.0653,True,8.526,True,7.7514
NOW,C1_Decoupled_Scores,TREND_BUY,2018-05-18,2018-05-21,34.788,34.29,True,7.0924,True,6.5792,True,7.1691,True,6.0653
NOW,C1_Decoupled_Scores,DCA_ADDITION,2018-06-01,2018-06-04,36.302,36.7,True,-3.2153,True,5.8638,True,-4.9804,True,6.468
NOW,C1_Decoupled_Scores,EXIT_SELL,2018-06-13,2018-06-14,36.246,37.068,True,3.0862,True,7.3756,True,7.4105,True,8.6906
NOW,C1_Decoupled_Scores,TREND_BUY,2018-06-14,2018-06-15,37.068,37.27,True,1.465,True,7.0566,True,3.0862,True,7.3756
NOW,C1_Decoupled_Scores,DCA_ADDITION,2018-07-02,2018-07-03,35.52,35.438,True,0.4233,True,10.0965,True,-0.9234,True,10.1971
NOW,C1_Decoupled_Scores,DCA_ADDITION,2018-08-01,2018-08-02,35.588,36.568,True,8.5375,True,-8.7946,True,12.5267,True,-2.9842
NOW,C1_Decoupled_Scores,DCA_ADDITION,2018-09-04,2018-09-05,40.052,38.152,True,2.8518,True,-6.1124,True,-3.6752,True,-11.1805
NOW,C1_Decoupled_Scores,EXIT_SELL,2018-09-13,2018-09-14,40.916,40.594,True,-9.1245,True,-9.632,True,-14.4736,True,-9.6197
NOW,C1_Decoupled_Scores,TREND_BUY,2018-09-14,2018-09-17,40.594,38.564,True,-6.1767,True,-2.6864,True,-9.1245,True,-9.632
NOW,C1_Decoupled_Scores,DCA_ADDITION,2018-10-01,2018-10-02,38.922,38.58,True,-12.649,True,-6.5163,True,-15.6107,True,-8.4323
NOW,C1_Decoupled_Scores,DCA_ADDITION,2018-11-01,2018-11-02,36.746,35.756,True,5.2075,True,23.9009,True,0.8382,True,19.7518
NOW,C1_Decoupled_Scores,EXIT_SELL,2018-11-13,2018-11-14,33.734,33.476,True,8.7227,True,38.5888,True,11.5492,True,39.1178
NOW,C1_Decoupled_Scores,TREND_BUY,2018-12-04,2018-12-06,36.17,37.52,True,-0.4957,True,24.2591,True,-0.8958,True,30.4949
NOW,C1_Decoupled_Scores,DCA_ADDITION,2019-01-02,2019-01-03,35.664,33.824,True,30.978,True,45.2992,True,23.3849,True,38.229
NOW,C1_Decoupled_Scores,EXIT_SELL,2019-01-03,2019-01-04,33.824,35.846,True,25.6151,True,37.7113,True,30.978,True,45.2992
NOW,C1_Decoupled_Scores,TREND_BUY,2019-01-08,2019-01-09,37.622,38.094,True,19.1579,True,24.4185,True,19.9086,True,26.0061
NOW,C1_Decoupled_Scores,DCA_ADDITION,2019-02-01,2019-02-04,44.302,45.028,True,4.8237,True,20.1031,True,6.9794,True,22.5723
NOW,C1_Decoupled_Scores,EXIT_SELL,2019-02-20,2019-02-21,45.9,46.002,True,9.104,True,18.6861,True,6.5752,True,21.1155
NOW,C1_Decoupled_Scores,TREND_BUY,2019-02-21,2019-02-22,46.002,47.0,True,2.6426,True,12.8,True,9.104,True,18.6861
NOW,C1_Decoupled_Scores,DCA_ADDITION,2019-03-01,2019-03-04,48.704,47.394,True,3.6967,True,11.4867,True,1.2196,True,9.4982
NOW,C1_Decoupled_Scores,EXIT_SELL,2019-03-25,2019-03-26,48.34,49.0,True,-0.9388,True,17.8775,True,0.7654,True,18.1258
NOW,C1_Decoupled_Scores,TREND_BUY,2019-03-26,2019-03-27,49.0,48.274,True,8.0043,True,18.3826,True,-0.9388,True,17.8775
NOW,C1_Decoupled_Scores,DCA_ADDITION,2019-04-01,2019-04-02,49.146,49.364,True,9.5535,True,12.8393,True,10.4912,True,12.0498
NOW,C1_Decoupled_Scores,DCA_ADDITION,2019-05-01,2019-05-02,54.08,52.534,True,-0.2817,True,8.821,True,-2.8846,True,7.0007
NOW,C1_Decoupled_Scores,EXIT_SELL,2019-05-13,2019-05-14,52.024,54.414,True,-1.54,True,-1.8231,True,2.372,True,0.2191
NOW,C1_Decoupled_Scores,TREND_BUY,2019-05-14,2019-05-15,54.414,54.792,True,-0.0621,True,-3.7013,True,-1.54,True,-1.8231
NOW,C1_Decoupled_Scores,DCA_ADDITION,2019-06-03,2019-06-04,49.676,51.51,True,11.9433,True,1.0755,True,14.1437,True,7.1785
NOW,C1_Decoupled_Scores,EXIT_SELL,2019-06-11,2019-06-12,53.258,53.576,True,12.8528,True,-1.6351,True,12.1897,True,1.2505
NOW,C1_Decoupled_Scores,TREND_BUY,2019-06-12,2019-06-13,53.576,54.758,True,9.9858,True,-6.9798,True,12.8528,True,-1.6351
NOW,C1_Decoupled_Scores,DCA_ADDITION,2019-07-01,2019-07-02,56.702,57.662,True,-3.7876,True,-10.5165,True,-0.8853,True,-8.5112
NOW,C1_Decoupled_Scores,EXIT_SELL,2019-07-18,2019-07-19,58.936,57.948,True,-11.3309,True,-7.0063,True,-14.3851,True,-8.2632
NOW,C1_Decoupled_Scores,TREND_BUY,2019-07-19,2019-07-22,57.948,58.762,True,-13.0356,True,-6.6608,True,-11.3309,True,-7.0063
NOW,C1_Decoupled_Scores,DCA_ADDITION,2019-08-01,2019-08-02,54.8,53.172,True,-1.5121,True,-7.9591,True,-3.3613,True,-11.9635
NOW,C1_Decoupled_Scores,DCA_ADDITION,2019-09-03,2019-09-04,52.676,53.704,True,-8.0702,True,4.752,True,-5.0307,True,5.8774
NOW,C1_Decoupled_Scores,DCA_ADDITION,2019-10-01,2019-10-02,50.026,49.37,True,1.2558,True,16.2163,True,-3.6341,True,14.4205
NOW,C1_Decoupled_Scores,DCA_ADDITION,2019-11-01,2019-11-04,50.606,49.16,True,13.511,True,37.6038,True,9.6115,True,35.0117
NOW,C1_Decoupled_Scores,DCA_ADDITION,2019-12-02,2019-12-03,55.47,55.802,True,4.3834,True,23.4364,True,1.792,True,17.5735
NOW,C1_Decoupled_Scores,DCA_ADDITION,2020-01-02,2020-01-03,58.248,58.22,True,17.8976,True,-1.5527,True,16.1345,True,-1.6653
NOW,C1_Decoupled_Scores,DCA_ADDITION,2020-02-03,2020-02-04,68.64,70.406,True,-1.9771,True,-0.1392,True,-3.954,True,-6.1801
NOW,C1_Decoupled_Scores,DCA_ADDITION,2020-03-02,2020-03-03,68.88,65.926,True,-13.0601,True,14.668,True,-16.8438,True,7.77
NOW,C1_Decoupled_Scores,EXIT_SELL,2020-03-27,2020-03-30,54.8,57.278,True,3.3556,True,37.201,True,12.6277,True,46.3285
NOW,C1_Decoupled_Scores,TREND_BUY,2020-05-01,2020-05-04,67.902,70.928,True,10.7884,True,25.6796,True,12.9186,True,28.1376
NOW,C1_Decoupled_Scores,EXIT_SELL,2020-05-21,2020-05-22,76.728,77.592,True,3.8303,True,12.79,True,4.2305,True,15.3086
NOW,C1_Decoupled_Scores,TREND_BUY,2020-05-22,2020-05-26,77.592,76.134,True,5.3248,True,14.8317,True,3.8303,True,12.79
NOW,C1_Decoupled_Scores,DCA_ADDITION,2020-06-01,2020-06-02,76.674,78.58,True,3.0949,True,24.1283,True,2.9162,True,19.4486
NOW,C1_Decoupled_Scores,EXIT_SELL,2020-06-16,2020-06-17,79.692,80.13,True,3.3021,True,11.2942,True,6.2992,True,13.6827
NOW,C1_Decoupled_Scores,TREND_BUY,2020-06-17,2020-06-18,80.13,80.206,True,5.1817,True,14.2209,True,3.3021,True,11.2942
NOW,C1_Decoupled_Scores,DCA_ADDITION,2020-07-01,2020-07-02,83.358,82.842,True,6.0332,True,16.8996,True,3.5054,True,15.1587
NOW,C1_Decoupled_Scores,EXIT_SELL,2020-07-13,2020-07-14,80.374,82.646,True,1.9674,True,20.998,True,9.1597,True,22.3132
NOW,C1_Decoupled_Scores,TREND_BUY,2020-07-14,2020-07-15,82.646,84.712,True,0.8429,True,17.2207,True,1.9674,True,20.998
NOW,C1_Decoupled_Scores,EXIT_SELL,2020-08-03,2020-08-04,87.992,87.63,True,13.4748,True,10.4759,True,9.56,True,13.6035
NOW,C1_Decoupled_Scores,TREND_BUY,2020-08-04,2020-08-05,87.63,87.148,True,14.6762,True,17.1777,True,13.4748,True,10.4759
NOW,C1_Decoupled_Scores,DCA_ADDITION,2020-09-01,2020-09-02,99.438,99.938,True,-1.4349,True,5.5614,True,-2.4518,True,4.4309
NOW,C1_Decoupled_Scores,EXIT_SELL,2020-09-04,2020-09-08,90.07,88.628,True,10.9221,True,18.8157,True,11.4222,True,19.8157
NOW,C1_Decoupled_Scores,TREND_BUY,2020-09-08,2020-09-09,88.628,91.64,True,9.1227,True,14.6312,True,10.9221,True,18.8157
NOW,C1_Decoupled_Scores,DCA_ADDITION,2020-10-01,2020-10-02,98.504,98.63,True,0.8963,True,10.7128,True,3.6689,True,10.3996
NOW,C1_Decoupled_Scores,EXIT_SELL,2020-10-21,2020-10-22,102.056,101.192,True,1.6543,True,7.1606,True,-0.6193,True,1.7912
NOW,C1_Decoupled_Scores,TREND_BUY,2020-10-22,2020-10-23,101.192,102.802,True,0.7879,True,5.8987,True,1.6543,True,7.1606
NOW,C1_Decoupled_Scores,DCA_ADDITION,2020-11-02,2020-11-03,95.2,96.01,True,9.6802,True,16.3545,True,13.3592,True,14.1093
NOW,C1_Decoupled_Scores,EXIT_SELL,2020-11-18,2020-11-19,101.424,102.866,True,9.9353,True,11.9515,True,9.2582,True,14.5567
NOW,C1_Decoupled_Scores,TREND_BUY,2020-11-19,2020-11-20,102.866,103.612,True,6.3236,True,10.1668,True,9.9353,True,11.9515
NOW,C1_Decoupled_Scores,DCA_ADDITION,2020-12-01,2020-12-02,107.918,105.304,True,4.5411,True,4.3265,True,1.4437,True,3.1283
NOW,C1_Decoupled_Scores,EXIT_SELL,2020-12-28,2020-12-29,108.748,109.196,True,1.5129,True,-9.3373,True,-5.0097,True,-13.1607
NOW,C1_Decoupled_Scores,TREND_BUY,2020-12-29,2020-12-30,109.196,109.476,True,-0.7709,True,-11.3249,True,1.5129,True,-9.3373
NOW,C1_Decoupled_Scores,DCA_ADDITION,2021-01-04,2021-01-05,105.366,106.394,True,8.399,True,-4.692,True,10.7587,True,-5.0718
NOW,C1_Decoupled_Scores,DCA_ADDITION,2021-02-01,2021-02-02,111.712,116.702,True,-11.5696,True,-13.4548,True,-1.6578,True,-0.2363
NOW,C1_Decoupled_Scores,EXIT_SELL,2021-02-17,2021-02-18,116.188,115.16,True,-19.0379,True,-20.0538,True,-16.5146,True,-21.6821
NOW,C1_Decoupled_Scores,TREND_BUY,2021-02-18,2021-02-19,115.16,114.146,True,-17.5021,True,-20.3827,True,-19.0379,True,-20.0538
NOW,C1_Decoupled_Scores,DCA_ADDITION,2021-03-01,2021-03-02,111.294,109.86,True,-11.2379,True,-11.6312,True,-12.7734,True,-13.7599
NOW,C1_Decoupled_Scores,DCA_ADDITION,2021-04-01,2021-04-05,101.402,102.804,True,-4.6107,True,8.6709,True,-0.1262,True,8.9071
NOW,C1_Decoupled_Scores,DCA_ADDITION,2021-05-03,2021-05-04,98.064,96.66,True,-3.3706,True,21.3387,True,-4.3135,True,18.9733
NOW,C1_Decoupled_Scores,DCA_ADDITION,2021-06-01,2021-06-02,93.834,93.402,True,17.6741,True,33.6224,True,19.0592,True,32.3763
NOW,C1_Decoupled_Scores,DCA_ADDITION,2021-07-01,2021-07-02,109.034,110.366,True,5.9511,True,10.998,True,7.8361,True,19.1482
NOW,C1_Decoupled_Scores,DCA_ADDITION,2021-08-02,2021-08-03,116.934,116.932,True,10.0879,True,13.7003,True,9.7457,True,15.7422
NOW,C1_Decoupled_Scores,DCA_ADDITION,2021-09-01,2021-09-02,130.17,132.062,True,-4.1662,True,1.8946,True,-4.3912,True,-0.1997
NOW,C1_Decoupled_Scores,DCA_ADDITION,2021-10-01,2021-10-04,126.56,123.594,True,10.3581,True,5.9242,True,10.2655,True,3.3502
NOW,C1_Decoupled_Scores,DCA_ADDITION,2021-11-01,2021-11-02,136.396,137.318,True,-12.6742,True,-18.2802,True,-5.0265,True,-22.4772
NOW,C1_Decoupled_Scores,EXIT_SELL,2021-11-02,2021-11-03,137.318,137.534,True,-9.3504,True,-14.8167,True,-12.6742,True,-18.2802
NOW,C1_Decoupled_Scores,TREND_BUY,2021-11-03,2021-11-04,137.534,140.346,True,-12.6288,True,-16.4151,True,-9.3504,True,-14.8167
NOW,C1_Decoupled_Scores,DCA_ADDITION,2021-12-01,2021-12-02,119.914,124.674,True,4.1292,True,-8.3899,True,9.1682,True,-3.2773
NOW,C1_Decoupled_Scores,DCA_ADDITION,2022-01-03,2022-01-04,126.028,120.788,True,-3.7736,True,-7.7905,True,-6.9191,True,-8.9107
NOW,C1_Decoupled_Scores,DCA_ADDITION,2022-02-01,2022-02-02,117.308,116.23,True,-3.2419,True,-17.7321,True,0.0887,True,-14.0689
NOW,C1_Decoupled_Scores,EXIT_SELL,2022-02-18,2022-02-22,111.202,110.03,True,6.9999,True,-25.0659,True,2.4802,True,-22.1507
NOW,C1_Decoupled_Scores,PANIC_BUY,2022-03-17,2022-03-18,113.336,115.976,True,-14.2012,True,-23.3031,True,-10.4733,True,-22.2895
NOW,C1_Decoupled_Scores,DCA_ADDITION,2022-04-01,2022-04-04,109.738,114.964,True,-16.172,True,-17.275,True,-11.6988,True,-12.9217
NOW,C1_Decoupled_Scores,EXIT_SELL,2022-04-05,2022-04-06,110.644,105.59,True,-11.1033,True,-6.065,True,-9.7177,True,-12.4471
NOW,C1_Decoupled_Scores,PANIC_BUY,2022-05-23,2022-05-24,86.024,83.93,True,15.6988,True,13.4898,True,6.633,True,13.8287
NOW,C1_Decoupled_Scores,EXIT_SELL,2022-05-24,2022-05-25,83.93,90.458,True,11.4528,True,1.6405,True,15.6988,True,13.4898
NOW,C1_Decoupled_Scores,TREND_BUY,2022-06-06,2022-06-07,98.508,101.286,True,-1.8522,True,-14.9813,True,0.1563,True,-11.7595
NOW,C1_Decoupled_Scores,DCA_ADDITION,2022-07-01,2022-07-05,96.872,99.186,True,-8.3661,True,-21.5918,True,-6.3156,True,-21.7627
NOW,C1_Decoupled_Scores,DCA_ADDITION,2022-08-01,2022-08-02,90.754,90.888,True,-3.8729,True,-19.3711,True,-3.9646,True,-16.9932
NOW,C1_Decoupled_Scores,DCA_ADDITION,2022-09-01,2022-09-02,86.112,86.902,True,-9.8502,True,-8.6672,True,-12.2979,True,-6.6495
NOW,C1_Decoupled_Scores,EXIT_SELL,2022-09-19,2022-09-20,85.01,82.24,True,-13.232,True,1.7485,True,-17.9838,True,-2.0892
NOW,C1_Decoupled_Scores,PANIC_BUY,2022-10-04,2022-10-05,82.31,84.116,True,-6.6337,True,-7.6822,True,1.7033,True,-5.2727
NOW,C1_Decoupled_Scores,EXIT_SELL,2022-10-12,2022-10-13,73.826,72.38,True,11.6496,True,5.2335,True,-2.1293,True,2.5547
NOW,C1_Decoupled_Scores,PANIC_BUY,2022-10-25,2022-10-26,75.332,73.282,True,11.7246,True,21.0147,True,6.2709,True,17.464
NOW,C1_Decoupled_Scores,DCA_ADDITION,2022-11-01,2022-11-02,83.712,78.536,True,8.3834,True,15.9035,True,-0.5399,True,5.7363
NOW,C1_Decoupled_Scores,DCA_ADDITION,2022-12-01,2022-12-02,85.12,82.574,True,-6.6292,True,5.6119,True,-8.7712,True,0.7848
NOW,C1_Decoupled_Scores,EXIT_SELL,2022-12-07,2022-12-08,77.704,79.246,True,-4.4595,True,12.8057,True,-5.6599,True,14.4883
NOW,C1_Decoupled_Scores,PANIC_BUY,2022-12-12,2022-12-13,80.328,83.234,True,-0.6992,True,-0.298,True,-1.957,True,3.3463
NOW,C1_Decoupled_Scores,DCA_ADDITION,2023-01-03,2023-01-04,77.1,78.77,True,24.7353,True,17.9942,True,22.9079,True,14.0415
NOW,C1_Decoupled_Scores,EXIT_SELL,2023-01-05,2023-01-06,73.264,73.306,True,24.1972,True,29.8802,True,28.9092,True,26.799
NOW,C1_Decoupled_Scores,TREND_BUY,2023-01-17,2023-01-18,83.648,83.24,True,11.4632,True,11.2518,True,10.3075,True,15.6035
NOW,C1_Decoupled_Scores,DCA_ADDITION,2023-02-01,2023-02-02,94.762,98.254,True,-9.6261,True,-8.3172,True,-7.9716,True,-3.0371
NOW,C1_Decoupled_Scores,DCA_ADDITION,2023-03-01,2023-03-02,85.788,87.208,True,0.8233,True,23.2593,True,2.2148,True,23.9754
NOW,C1_Decoupled_Scores,EXIT_SELL,2023-03-22,2023-03-23,86.702,88.094,True,7.4557,True,27.0211,True,7.8845,True,30.4422
NOW,C1_Decoupled_Scores,TREND_BUY,2023-04-04,2023-04-05,95.21,93.466,True,-7.8788,True,20.4438,True,-8.1861,True,18.0485
NOW,C1_Decoupled_Scores,EXIT_SELL,2023-04-25,2023-04-26,88.456,90.806,True,10.6865,True,27.3132,True,13.0822,True,31.5954
NOW,C1_Decoupled_Scores,TREND_BUY,2023-04-28,2023-05-01,91.884,90.082,True,21.9156,True,24.3067,True,16.9866,True,25.6519
NOW,C1_Decoupled_Scores,DCA_ADDITION,2023-06-01,2023-06-02,108.592,109.636,True,2.6798,True,5.5985,True,3.5012,True,4.6689
NOW,C1_Decoupled_Scores,EXIT_SELL,2023-06-09,2023-06-12,106.806,109.27,True,2.7437,True,9.6953,True,5.1327,True,12.0742
NOW,C1_Decoupled_Scores,TREND_BUY,2023-06-12,2023-06-13,109.27,110.944,True,4.0976,True,8.1753,True,2.7437,True,9.6953
NOW,C1_Decoupled_Scores,DCA_ADDITION,2023-07-03,2023-07-05,112.574,113.152,True,-0.4578,True,-2.1635,True,4.8892,True,-2.9296
NOW,C1_Decoupled_Scores,EXIT_SELL,2023-07-07,2023-07-10,110.596,113.12,True,-1.8936,True,-4.3069,True,-0.2441,True,0.4069
NOW,C1_Decoupled_Scores,TREND_BUY,2023-07-10,2023-07-11,113.12,112.288,True,-1.5336,True,-2.2799,True,-1.8936,True,-4.3069
NOW,C1_Decoupled_Scores,DCA_ADDITION,2023-08-01,2023-08-02,118.078,112.634,True,4.4516,True,-2.1699,True,-1.9513,True,-10.2
NOW,C1_Decoupled_Scores,DCA_ADDITION,2023-09-01,2023-09-05,118.176,119.432,True,-9.3643,True,13.6931,True,-6.0334,True,12.5846
NOW,C1_Decoupled_Scores,DCA_ADDITION,2023-10-02,2023-10-03,111.046,108.248,True,7.5031,True,29.7872,True,2.3972,True,26.7511
NOW,C1_Decoupled_Scores,DCA_ADDITION,2023-11-01,2023-11-02,118.696,119.886,True,15.2411,True,27.688,True,15.5456,True,32.3937
NOW,C1_Decoupled_Scores,DCA_ADDITION,2023-12-01,2023-12-04,138.158,137.524,True,-1.7917,True,12.5084,True,-0.4734,True,11.6606
NOW,C1_Decoupled_Scores,EXIT_SELL,2023-12-14,2023-12-15,136.078,139.648,True,4.1963,True,11.6364,True,6.9328,True,14.1816
NOW,C1_Decoupled_Scores,TREND_BUY,2023-12-15,2023-12-18,139.648,140.744,True,6.0024,True,5.7111,True,4.1963,True,11.6364
NOW,C1_Decoupled_Scores,DCA_ADDITION,2024-01-02,2024-01-03,137.504,135.06,True,14.1715,True,13.782,True,11.3277,True,10.8913
NOW,C1_Decoupled_Scores,DCA_ADDITION,2024-02-01,2024-02-02,154.2,156.26,True,-0.6668,True,-11.2594,True,0.3411,True,-6.4643
NOW,C1_Decoupled_Scores,EXIT_SELL,2024-02-12,2024-02-13,157.47,154.752,True,0.4032,True,-6.5679,True,0.2807,True,-8.4232
NOW,C1_Decoupled_Scores,TREND_BUY,2024-02-13,2024-02-14,154.752,158.4,True,-1.5795,True,-7.8548,True,0.4032,True,-6.5679
NOW,C1_Decoupled_Scores,DCA_ADDITION,2024-03-01,2024-03-04,154.726,155.218,True,-2.4598,True,-5.7944,True,-0.6799,True,-5.787
NOW,C1_Decoupled_Scores,EXIT_SELL,2024-03-14,2024-03-15,155.898,148.782,True,-1.0888,True,-4.2841,True,-1.3829,True,-9.0238
NOW,C1_Decoupled_Scores,TREND_BUY,2024-03-22,2024-03-25,154.83,154.928,True,-4.3491,True,-5.2063,True,-6.7429,True,-5.6811
NOW,C1_Decoupled_Scores,DCA_ADDITION,2024-04-01,2024-04-02,153.674,151.4,True,-8.4108,True,2.2629,True,-6.1442,True,-1.8819
NOW,C1_Decoupled_Scores,DCA_ADDITION,2024-05-01,2024-05-02,137.122,139.144,True,-5.5755,True,14.8163,True,-6.1726,True,16.5473
NOW,C1_Decoupled_Scores,DCA_ADDITION,2024-06-03,2024-06-04,132.022,134.4,True,16.9524,True,23.7009,True,20.2996,True,23.3294
NOW,C1_Decoupled_Scores,DCA_ADDITION,2024-07-01,2024-07-02,157.792,158.822,True,2.5538,True,11.4279,True,1.2472,True,12.8105
NOW,C1_Decoupled_Scores,DCA_ADDITION,2024-08-01,2024-08-02,162.276,158.128,True,8.1402,True,19.5234,True,2.4514,True,17.1892
NOW,C1_Decoupled_Scores,DCA_ADDITION,2024-09-03,2024-09-04,167.172,166.966,True,5.4598,True,24.744,True,3.747,True,28.0202
NOW,C1_Decoupled_Scores,DCA_ADDITION,2024-10-01,2024-10-02,173.436,176.082,True,7.9043,True,22.836,True,9.9057,True,26.7453
NOW,C1_Decoupled_Scores,DCA_ADDITION,2024-11-01,2024-11-04,188.682,190.918,True,10.7617,True,6.9506,True,11.132,True,7.9467
NOW,C1_Decoupled_Scores,EXIT_SELL,2024-11-27,2024-11-29,208.28,209.888,True,1.74,True,-11.4042,True,3.8467,True,-11.5652
NOW,C1_Decoupled_Scores,TREND_BUY,2024-11-29,2024-12-02,209.888,209.686,True,1.115,True,-13.174,True,1.74,True,-11.4042
NOW,C1_Decoupled_Scores,DCA_ADDITION,2025-01-02,2025-01-03,210.868,214.754,True,-5.9268,True,-23.2582,True,-3.1679,True,-23.0267
NOW,C1_Decoupled_Scores,DCA_ADDITION,2025-02-03,2025-02-04,204.188,202.026,True,-9.3394,True,-5.1657,True,-11.2494,True,-6.4578
NOW,C1_Decoupled_Scores,DCA_ADDITION,2025-03-03,2025-03-04,182.062,181.218,True,-10.4327,True,12.0452,True,-12.5419,True,12.1925
NOW,C1_Decoupled_Scores,DCA_ADDITION,2025-04-01,2025-04-02,162.312,164.806,True,16.2518,True,24.7624,True,17.6758,True,25.9821
NOW,C1_Decoupled_Scores,EXIT_SELL,2025-04-16,2025-04-17,159.332,154.432,True,34.7104,True,25.2292,True,29.94,True,20.1165
NOW,C1_Decoupled_Scores,TREND_BUY,2025-04-28,2025-04-29,187.482,188.572,True,8.3194,True,2.7501,True,9.5988,True,6.2694
NOW,C1_Decoupled_Scores,DCA_ADDITION,2025-05-01,2025-05-02,191.59,195.472,True,3.5555,True,0.0123,True,5.5473,True,3.6797
NOW,C1_Decoupled_Scores,DCA_ADDITION,2025-06-02,2025-06-03,202.422,202.176,True,-0.1108,True,-8.1394,True,-0.0217,True,-12.2645
NOW,C1_Decoupled_Scores,DCA_ADDITION,2025-07-01,2025-07-02,202.378,201.952,True,-6.5996,True,-7.3047,True,-3.4006,True,-9.2184
NOW,C1_Decoupled_Scores,DCA_ADDITION,2025-08-01,2025-08-04,182.874,184.6,True,-1.2546,True,1.6154,True,0.3379,True,3.4909
NOW,C1_Decoupled_Scores,DCA_ADDITION,2025-09-02,2025-09-03,182.284,183.876,True,-0.756,True,-12.689,True,0.9721,True,-9.4479
NOW,C1_Decoupled_Scores,EXIT_SELL,2025-09-25,2025-09-26,183.722,187.2,True,-0.6229,True,-16.3034,True,2.2382,True,-15.4647
NOW,C1_Decoupled_Scores,TREND_BUY,2025-09-30,2025-10-01,184.056,182.486,True,-0.08,True,-15.6702,True,1.9157,True,-17.0959
NOW,C1_Decoupled_Scores,DCA_ADDITION,2025-11-03,2025-11-04,182.768,177.514,True,-6.1595,True,-33.5264,True,-9.7895,True,-35.9789
NOW,C1_Decoupled_Scores,EXIT_SELL,2025-11-04,2025-11-05,177.514,175.926,True,-4.6338,True,-37.6044,True,-6.1595,True,-33.5264
NOW,C1_Decoupled_Scores,PANIC_BUY,2026-02-18,2026-02-19,107.81,107.37,True,5.495,True,-11.4557,True,5.4726,True,-16.056
NOW,C1_Decoupled_Scores,EXIT_SELL,2026-02-19,2026-02-20,107.37,104.27,True,5.8598,True,-0.8152,True,5.495,True,-11.4557
NOW,C1_Decoupled_Scores,PANIC_BUY,2026-04-20,2026-04-21,99.72,100.14,True,1.6876,True,3.0957,True,3.7104,True,4.302
NOW,C1_Decoupled_Scores,EXIT_SELL,2026-04-23,2026-04-24,84.78,90.17,True,13.2638,True,5.8667,True,17.5867,True,20.3822
NOW,C1_Decoupled_Scores,PANIC_BUY,2026-04-24,2026-04-27,90.17,90.45,True,10.4699,True,1.6473,True,13.2638,True,5.8667
NOW,C1_Decoupled_Scores,DCA_ADDITION,2026-05-01,2026-05-04,91.16,91.97,True,38.7953,True,19.6803,True,49.0347,True,26.9855
NOW,C1_Decoupled_Scores,DCA_ADDITION,2026-06-01,2026-06-02,135.86,127.65,True,-17.1171,True,8.445,True,-26.9248,True,-7.4047
NOW,C1_Decoupled_Scores,EXIT_SELL,2026-06-11,2026-06-12,103.08,102.15,True,2.6432,True,28.3505,True,7.9356,True,30.1998
NOW,C1_Decoupled_Scores,TREND_BUY,2026-06-12,2026-06-15,102.15,104.15,True,0.5569,True,25.9433,True,2.6432,True,28.3505
NOW,C1_Decoupled_Scores,DCA_ADDITION,2026-07-01,2026-07-02,105.8,106.32,True,4.6181,False,,True,4.0359,False,
NOW,C1_Decoupled_Scores,EXIT_SELL,2026-07-21,2026-07-22,102.06,95.46,True,33.2495,False,,True,17.0782,False,
NOW,C1_Decoupled_Scores,PANIC_BUY,2026-07-28,2026-07-29,110.62,115.76,True,8.6731,False,,True,14.8074,False,
NOW,C1_Decoupled_Scores,DCA_ADDITION,2026-08-03,2026-08-04,114.19,118.14,True,20.9582,False,,True,29.5998,False,
NOW,C1_Decoupled_Scores,DCA_ADDITION,2026-09-01,2026-09-02,142.9,136.72,False,,False,,False,,False,
NOW,C2_Panic_Latch,PANIC_BUY,2014-04-21,2014-04-22,10.63,11.046,True,-12.2035,True,2.4986,True,-8.937,True,5.9643
NOW,C2_Panic_Latch,DCA_ADDITION,2014-05-01,2014-05-02,10.096,10.236,True,-1.7976,True,16.6471,True,3.6252,True,15.5507
NOW,C2_Panic_Latch,DCA_ADDITION,2014-06-02,2014-06-03,10.052,10.082,True,26.1258,True,19.1827,True,23.279,True,18.842
NOW,C2_Panic_Latch,DCA_ADDITION,2014-07-01,2014-07-02,12.716,12.424,True,-5.3445,True,-4.1211,True,-1.4785,True,-8.1472
NOW,C2_Panic_Latch,DCA_ADDITION,2014-08-01,2014-08-04,11.334,11.542,True,8.9066,True,16.0457,True,7.8701,True,13.0933
NOW,C2_Panic_Latch,DCA_ADDITION,2014-09-02,2014-09-03,12.57,12.548,True,-8.6707,True,1.9605,True,-6.4757,True,0.2068
NOW,C2_Panic_Latch,EXIT_SELL,2014-09-30,2014-10-01,11.756,11.46,True,13.4904,True,22.3735,True,13.9333,True,18.5607
NOW,C2_Panic_Latch,PANIC_BUY,2014-10-21,2014-10-22,12.096,11.614,True,9.7296,True,11.6411,True,7.4405,True,5.754
NOW,C2_Panic_Latch,DCA_ADDITION,2014-11-03,2014-11-04,13.242,13.376,True,-7.5508,True,9.1358,True,-6.7663,True,10.1042
NOW,C2_Panic_Latch,DCA_ADDITION,2014-12-01,2014-12-02,12.37,12.346,True,9.9141,True,23.8296,True,9.7494,True,23.2983
NOW,C2_Panic_Latch,DCA_ADDITION,2015-01-02,2015-01-05,13.476,13.43,True,8.1906,True,12.6582,True,8.3259,True,16.919
NOW,C2_Panic_Latch,DCA_ADDITION,2015-02-02,2015-02-03,14.598,14.53,True,1.3076,True,3.042,True,3.3703,True,6.1378
NOW,C2_Panic_Latch,EXIT_SELL,2015-02-27,2015-03-02,15.252,15.288,True,3.9246,True,2.551,True,2.898,True,1.9014
NOW,C2_Panic_Latch,TREND_BUY,2015-03-02,2015-03-03,15.288,15.09,True,4.4135,True,3.9099,True,3.9246,True,2.551
NOW,C2_Panic_Latch,EXIT_SELL,2015-03-30,2015-03-31,15.888,15.756,True,-1.6629,True,0.1777,True,-5.6017,True,-2.4799
NOW,C2_Panic_Latch,TREND_BUY,2015-03-31,2015-04-01,15.756,15.13,True,-1.0443,True,1.811,True,-1.6629,True,0.1777
NOW,C2_Panic_Latch,DCA_ADDITION,2015-05-01,2015-05-04,14.75,14.722,True,2.4046,True,5.9367,True,2.6169,True,6.6169
NOW,C2_Panic_Latch,DCA_ADDITION,2015-06-01,2015-06-02,15.136,15.076,True,-1.4195,True,-5.2667,True,-2.5238,True,-9.2627
NOW,C2_Panic_Latch,DCA_ADDITION,2015-07-01,2015-07-02,14.78,14.906,True,8.0102,True,-7.3796,True,9.6482,True,-1.4073
NOW,C2_Panic_Latch,DCA_ADDITION,2015-08-03,2015-08-04,15.83,15.582,True,-11.539,True,5.4422,True,-10.3474,True,1.2887
NOW,C2_Panic_Latch,DCA_ADDITION,2015-09-01,2015-09-02,13.784,13.99,True,2.3302,True,24.7891,True,0.769,True,26.0737
NOW,C2_Panic_Latch,DCA_ADDITION,2015-10-01,2015-10-02,14.316,14.446,True,13.0417,True,21.9992,True,13.9424,True,21.3887
NOW,C2_Panic_Latch,DCA_ADDITION,2015-11-02,2015-11-03,16.404,16.506,True,6.0584,True,-24.9243,True,5.4255,True,-24.1526
NOW,C2_Panic_Latch,DCA_ADDITION,2015-12-01,2015-12-02,17.294,17.506,True,-1.1082,True,-33.9084,True,1.0524,True,-36.4057
NOW,C2_Panic_Latch,DCA_ADDITION,2016-01-04,2016-01-05,16.814,16.8,True,-29.4048,True,-26.1548,True,-31.902,True,-27.2273
NOW,C2_Panic_Latch,DCA_ADDITION,2016-02-01,2016-02-02,12.392,11.45,True,0.7162,True,24.6638,True,-6.6333,True,18.06
NOW,C2_Panic_Latch,DCA_ADDITION,2016-03-01,2016-03-02,11.57,11.532,True,6.1048,True,21.488,True,5.5661,True,22.3163
NOW,C2_Panic_Latch,DCA_ADDITION,2016-04-01,2016-04-04,12.406,12.856,True,12.0411,True,1.3223,True,15.2346,True,2.6439
NOW,C2_Panic_Latch,DCA_ADDITION,2016-05-02,2016-05-03,14.404,13.968,True,4.768,True,9.3643,True,-0.5415,True,1.333
NOW,C2_Panic_Latch,EXIT_SELL,2016-05-05,2016-05-06,13.558,13.456,True,11.5636,True,8.8436,True,8.4673,True,10.739
NOW,C2_Panic_Latch,TREND_BUY,2016-05-06,2016-05-09,13.456,13.486,True,12.7391,True,10.1439,True,11.5636,True,8.8436
NOW,C2_Panic_Latch,DCA_ADDITION,2016-06-01,2016-06-02,14.634,14.846,True,-10.5483,True,-0.9834,True,-9.1978,True,0.5877
NOW,C2_Panic_Latch,DCA_ADDITION,2016-07-01,2016-07-05,13.242,13.054,True,12.1955,True,22.2154,True,13.3817,True,19.3777
NOW,C2_Panic_Latch,DCA_ADDITION,2016-08-01,2016-08-02,15.014,14.646,True,0.2868,True,7.7427,True,-2.2379,True,6.2875
NOW,C2_Panic_Latch,EXIT_SELL,2016-08-17,2016-08-18,14.614,14.614,True,5.7753,True,13.0833,True,6.3501,True,12.4127
NOW,C2_Panic_Latch,TREND_BUY,2016-08-18,2016-08-19,14.614,14.738,True,3.1212,True,13.0004,True,5.7753,True,13.0833
NOW,C2_Panic_Latch,DCA_ADDITION,2016-09-01,2016-09-02,14.8,15.248,True,4.3678,True,9.4176,True,6.9595,True,14.6216
NOW,C2_Panic_Latch,EXIT_SELL,2016-09-13,2016-09-14,14.484,14.512,True,3.7348,True,10.4052,True,8.8097,True,10.4391
NOW,C2_Panic_Latch,TREND_BUY,2016-09-19,2016-09-20,15.198,15.056,True,1.169,True,4.8751,True,-1.7765,True,4.4743
NOW,C2_Panic_Latch,DCA_ADDITION,2016-10-03,2016-10-04,15.914,15.856,True,9.5989,True,-5.4743,True,10.4813,True,-5.4669
NOW,C2_Panic_Latch,DCA_ADDITION,2016-11-01,2016-11-02,17.378,16.918,True,-8.8663,True,7.1285,True,-4.3043,True,3.7173
NOW,C2_Panic_Latch,DCA_ADDITION,2016-12-01,2016-12-02,15.418,15.312,True,-1.1756,True,12.7743,True,-3.5673,True,15.3068
NOW,C2_Panic_Latch,DCA_ADDITION,2017-01-03,2017-01-04,15.132,15.766,True,12.7236,True,10.9603,True,18.5567,True,14.9088
NOW,C2_Panic_Latch,DCA_ADDITION,2017-02-01,2017-02-02,17.94,17.772,True,-2.6896,True,6.831,True,-3.7458,True,5.3289
NOW,C2_Panic_Latch,DCA_ADDITION,2017-03-01,2017-03-02,17.778,17.268,True,0.6949,True,22.8052,True,-1.44,True,17.5835
NOW,C2_Panic_Latch,DCA_ADDITION,2017-04-03,2017-04-04,17.244,17.058,True,10.3412,True,24.0708,True,10.1369,True,26.2004
NOW,C2_Panic_Latch,DCA_ADDITION,2017-05-01,2017-05-02,18.986,18.992,True,10.2043,True,16.4069,True,10.987,True,15.5799
NOW,C2_Panic_Latch,DCA_ADDITION,2017-06-01,2017-06-02,21.302,21.46,True,-1.2115,True,4.2964,True,-0.6478,True,3.8306
NOW,C2_Panic_Latch,DCA_ADDITION,2017-07-03,2017-07-05,20.716,21.022,True,1.9599,True,10.979,True,6.9222,True,11.508
NOW,C2_Panic_Latch,DCA_ADDITION,2017-08-01,2017-08-02,22.15,21.434,True,6.625,True,17.7009,True,0.9029,True,12.5237
NOW,C2_Panic_Latch,DCA_ADDITION,2017-09-01,2017-09-05,23.098,23.23,True,1.4464,True,3.8226,True,1.1343,True,9.6459
NOW,C2_Panic_Latch,DCA_ADDITION,2017-10-02,2017-10-03,23.36,23.566,True,7.2477,True,10.914,True,7.0634,True,11.524
NOW,C2_Panic_Latch,EXIT_SELL,2017-10-23,2017-10-24,24.798,25.178,True,1.7317,True,14.3061,True,2.968,True,14.7431
NOW,C2_Panic_Latch,TREND_BUY,2017-10-24,2017-10-25,25.178,24.924,True,2.2709,True,15.8963,True,1.7317,True,14.3061
NOW,C2_Panic_Latch,DCA_ADDITION,2017-11-01,2017-11-02,24.902,24.868,True,-1.3511,True,19.7282,True,-1.2128,True,17.7335
NOW,C2_Panic_Latch,DCA_ADDITION,2017-12-01,2017-12-04,24.532,22.724,True,16.9776,True,46.6907,True,7.3944,True,30.0913
NOW,C2_Panic_Latch,DCA_ADDITION,2018-01-02,2018-01-03,26.346,26.582,True,14.9725,True,21.6011,True,13.0115,True,25.5978
NOW,C2_Panic_Latch,DCA_ADDITION,2018-02-01,2018-02-02,30.562,29.952,True,12.3798,True,10.4567,True,9.0701,True,8.7233
NOW,C2_Panic_Latch,EXIT_SELL,2018-02-05,2018-02-06,29.478,29.804,True,16.1321,True,13.2264,True,16.0662,True,12.2871
NOW,C2_Panic_Latch,TREND_BUY,2018-02-06,2018-02-07,29.804,30.634,True,12.9399,True,11.7843,True,16.1321,True,13.2264
NOW,C2_Panic_Latch,DCA_ADDITION,2018-03-01,2018-03-02,31.914,33.334,True,-3.0299,True,5.7779,True,3.6849,True,10.7476
NOW,C2_Panic_Latch,EXIT_SELL,2018-03-16,2018-03-19,33.996,33.962,True,2.7855,True,6.7252,True,-0.3118,True,6.9773
NOW,C2_Panic_Latch,TREND_BUY,2018-03-19,2018-03-20,33.962,34.422,True,1.2724,True,7.6869,True,2.7855,True,6.7252
NOW,C2_Panic_Latch,DCA_ADDITION,2018-04-02,2018-04-03,32.324,32.354,True,2.2563,True,3.8326,True,2.7967,True,5.7109
NOW,C2_Panic_Latch,EXIT_SELL,2018-04-13,2018-04-16,33.38,33.89,True,2.5258,True,10.4633,True,7.172,True,11.2043
NOW,C2_Panic_Latch,TREND_BUY,2018-04-16,2018-04-17,33.89,34.908,True,-0.6417,True,11.5274,True,2.5258,True,10.4633
NOW,C2_Panic_Latch,DCA_ADDITION,2018-05-01,2018-05-02,33.084,33.1,True,7.3172,True,11.148,True,7.889,True,16.2616
NOW,C2_Panic_Latch,EXIT_SELL,2018-05-17,2018-05-18,34.342,34.788,True,7.1691,True,6.0653,True,8.526,True,7.7514
NOW,C2_Panic_Latch,TREND_BUY,2018-05-18,2018-05-21,34.788,34.29,True,7.0924,True,6.5792,True,7.1691,True,6.0653
NOW,C2_Panic_Latch,DCA_ADDITION,2018-06-01,2018-06-04,36.302,36.7,True,-3.2153,True,5.8638,True,-4.9804,True,6.468
NOW,C2_Panic_Latch,EXIT_SELL,2018-06-13,2018-06-14,36.246,37.068,True,3.0862,True,7.3756,True,7.4105,True,8.6906
NOW,C2_Panic_Latch,TREND_BUY,2018-06-14,2018-06-15,37.068,37.27,True,1.465,True,7.0566,True,3.0862,True,7.3756
NOW,C2_Panic_Latch,DCA_ADDITION,2018-07-02,2018-07-03,35.52,35.438,True,0.4233,True,10.0965,True,-0.9234,True,10.1971
NOW,C2_Panic_Latch,DCA_ADDITION,2018-08-01,2018-08-02,35.588,36.568,True,8.5375,True,-8.7946,True,12.5267,True,-2.9842
NOW,C2_Panic_Latch,DCA_ADDITION,2018-09-04,2018-09-05,40.052,38.152,True,2.8518,True,-6.1124,True,-3.6752,True,-11.1805
NOW,C2_Panic_Latch,EXIT_SELL,2018-09-13,2018-09-14,40.916,40.594,True,-9.1245,True,-9.632,True,-14.4736,True,-9.6197
NOW,C2_Panic_Latch,TREND_BUY,2018-09-14,2018-09-17,40.594,38.564,True,-6.1767,True,-2.6864,True,-9.1245,True,-9.632
NOW,C2_Panic_Latch,DCA_ADDITION,2018-10-01,2018-10-02,38.922,38.58,True,-12.649,True,-6.5163,True,-15.6107,True,-8.4323
NOW,C2_Panic_Latch,DCA_ADDITION,2018-11-01,2018-11-02,36.746,35.756,True,5.2075,True,23.9009,True,0.8382,True,19.7518
NOW,C2_Panic_Latch,EXIT_SELL,2018-11-13,2018-11-14,33.734,33.476,True,8.7227,True,38.5888,True,11.5492,True,39.1178
NOW,C2_Panic_Latch,PANIC_BUY,2018-11-28,2018-11-29,35.574,35.82,True,-0.5863,True,33.6907,True,1.383,True,35.1043
NOW,C2_Panic_Latch,DCA_ADDITION,2018-12-03,2018-12-04,37.618,36.17,True,-0.8958,True,30.4949,True,-10.0856,True,25.9876
NOW,C2_Panic_Latch,DCA_ADDITION,2019-01-02,2019-01-03,35.664,33.824,True,30.978,True,45.2992,True,23.3849,True,38.229
NOW,C2_Panic_Latch,EXIT_SELL,2019-01-03,2019-01-04,33.824,35.846,True,25.6151,True,37.7113,True,30.978,True,45.2992
NOW,C2_Panic_Latch,TREND_BUY,2019-01-08,2019-01-09,37.622,38.094,True,19.1579,True,24.4185,True,19.9086,True,26.0061
NOW,C2_Panic_Latch,DCA_ADDITION,2019-02-01,2019-02-04,44.302,45.028,True,4.8237,True,20.1031,True,6.9794,True,22.5723
NOW,C2_Panic_Latch,EXIT_SELL,2019-02-20,2019-02-21,45.9,46.002,True,9.104,True,18.6861,True,6.5752,True,21.1155
NOW,C2_Panic_Latch,TREND_BUY,2019-02-21,2019-02-22,46.002,47.0,True,2.6426,True,12.8,True,9.104,True,18.6861
NOW,C2_Panic_Latch,DCA_ADDITION,2019-03-01,2019-03-04,48.704,47.394,True,3.6967,True,11.4867,True,1.2196,True,9.4982
NOW,C2_Panic_Latch,EXIT_SELL,2019-03-25,2019-03-26,48.34,49.0,True,-0.9388,True,17.8775,True,0.7654,True,18.1258
NOW,C2_Panic_Latch,TREND_BUY,2019-03-26,2019-03-27,49.0,48.274,True,8.0043,True,18.3826,True,-0.9388,True,17.8775
NOW,C2_Panic_Latch,DCA_ADDITION,2019-04-01,2019-04-02,49.146,49.364,True,9.5535,True,12.8393,True,10.4912,True,12.0498
NOW,C2_Panic_Latch,DCA_ADDITION,2019-05-01,2019-05-02,54.08,52.534,True,-0.2817,True,8.821,True,-2.8846,True,7.0007
NOW,C2_Panic_Latch,EXIT_SELL,2019-05-13,2019-05-14,52.024,54.414,True,-1.54,True,-1.8231,True,2.372,True,0.2191
NOW,C2_Panic_Latch,TREND_BUY,2019-05-14,2019-05-15,54.414,54.792,True,-0.0621,True,-3.7013,True,-1.54,True,-1.8231
NOW,C2_Panic_Latch,DCA_ADDITION,2019-06-03,2019-06-04,49.676,51.51,True,11.9433,True,1.0755,True,14.1437,True,7.1785
NOW,C2_Panic_Latch,EXIT_SELL,2019-06-11,2019-06-12,53.258,53.576,True,12.8528,True,-1.6351,True,12.1897,True,1.2505
NOW,C2_Panic_Latch,TREND_BUY,2019-06-12,2019-06-13,53.576,54.758,True,9.9858,True,-6.9798,True,12.8528,True,-1.6351
NOW,C2_Panic_Latch,DCA_ADDITION,2019-07-01,2019-07-02,56.702,57.662,True,-3.7876,True,-10.5165,True,-0.8853,True,-8.5112
NOW,C2_Panic_Latch,EXIT_SELL,2019-07-18,2019-07-19,58.936,57.948,True,-11.3309,True,-7.0063,True,-14.3851,True,-8.2632
NOW,C2_Panic_Latch,TREND_BUY,2019-07-19,2019-07-22,57.948,58.762,True,-13.0356,True,-6.6608,True,-11.3309,True,-7.0063
NOW,C2_Panic_Latch,DCA_ADDITION,2019-08-01,2019-08-02,54.8,53.172,True,-1.5121,True,-7.9591,True,-3.3613,True,-11.9635
NOW,C2_Panic_Latch,DCA_ADDITION,2019-09-03,2019-09-04,52.676,53.704,True,-8.0702,True,4.752,True,-5.0307,True,5.8774
NOW,C2_Panic_Latch,DCA_ADDITION,2019-10-01,2019-10-02,50.026,49.37,True,1.2558,True,16.2163,True,-3.6341,True,14.4205
NOW,C2_Panic_Latch,DCA_ADDITION,2019-11-01,2019-11-04,50.606,49.16,True,13.511,True,37.6038,True,9.6115,True,35.0117
NOW,C2_Panic_Latch,DCA_ADDITION,2019-12-02,2019-12-03,55.47,55.802,True,4.3834,True,23.4364,True,1.792,True,17.5735
NOW,C2_Panic_Latch,DCA_ADDITION,2020-01-02,2020-01-03,58.248,58.22,True,17.8976,True,-1.5527,True,16.1345,True,-1.6653
NOW,C2_Panic_Latch,DCA_ADDITION,2020-02-03,2020-02-04,68.64,70.406,True,-1.9771,True,-0.1392,True,-3.954,True,-6.1801
NOW,C2_Panic_Latch,DCA_ADDITION,2020-03-02,2020-03-03,68.88,65.926,True,-13.0601,True,14.668,True,-16.8438,True,7.77
NOW,C2_Panic_Latch,EXIT_SELL,2020-03-27,2020-03-30,54.8,57.278,True,3.3556,True,37.201,True,12.6277,True,46.3285
NOW,C2_Panic_Latch,PANIC_BUY,2020-04-08,2020-04-09,54.81,55.612,True,35.6758,True,48.076,True,39.3286,True,51.9577
NOW,C2_Panic_Latch,DCA_ADDITION,2020-05-01,2020-05-04,67.902,70.928,True,10.7884,True,25.6796,True,12.9186,True,28.1376
NOW,C2_Panic_Latch,EXIT_SELL,2020-05-21,2020-05-22,76.728,77.592,True,3.8303,True,12.79,True,4.2305,True,15.3086
NOW,C2_Panic_Latch,TREND_BUY,2020-05-22,2020-05-26,77.592,76.134,True,5.3248,True,14.8317,True,3.8303,True,12.79
NOW,C2_Panic_Latch,DCA_ADDITION,2020-06-01,2020-06-02,76.674,78.58,True,3.0949,True,24.1283,True,2.9162,True,19.4486
NOW,C2_Panic_Latch,EXIT_SELL,2020-06-16,2020-06-17,79.692,80.13,True,3.3021,True,11.2942,True,6.2992,True,13.6827
NOW,C2_Panic_Latch,TREND_BUY,2020-06-17,2020-06-18,80.13,80.206,True,5.1817,True,14.2209,True,3.3021,True,11.2942
NOW,C2_Panic_Latch,DCA_ADDITION,2020-07-01,2020-07-02,83.358,82.842,True,6.0332,True,16.8996,True,3.5054,True,15.1587
NOW,C2_Panic_Latch,EXIT_SELL,2020-07-13,2020-07-14,80.374,82.646,True,1.9674,True,20.998,True,9.1597,True,22.3132
NOW,C2_Panic_Latch,TREND_BUY,2020-07-14,2020-07-15,82.646,84.712,True,0.8429,True,17.2207,True,1.9674,True,20.998
NOW,C2_Panic_Latch,EXIT_SELL,2020-08-03,2020-08-04,87.992,87.63,True,13.4748,True,10.4759,True,9.56,True,13.6035
NOW,C2_Panic_Latch,TREND_BUY,2020-08-04,2020-08-05,87.63,87.148,True,14.6762,True,17.1777,True,13.4748,True,10.4759
NOW,C2_Panic_Latch,DCA_ADDITION,2020-09-01,2020-09-02,99.438,99.938,True,-1.4349,True,5.5614,True,-2.4518,True,4.4309
NOW,C2_Panic_Latch,EXIT_SELL,2020-09-04,2020-09-08,90.07,88.628,True,10.9221,True,18.8157,True,11.4222,True,19.8157
NOW,C2_Panic_Latch,TREND_BUY,2020-09-08,2020-09-09,88.628,91.64,True,9.1227,True,14.6312,True,10.9221,True,18.8157
NOW,C2_Panic_Latch,DCA_ADDITION,2020-10-01,2020-10-02,98.504,98.63,True,0.8963,True,10.7128,True,3.6689,True,10.3996
NOW,C2_Panic_Latch,EXIT_SELL,2020-10-21,2020-10-22,102.056,101.192,True,1.6543,True,7.1606,True,-0.6193,True,1.7912
NOW,C2_Panic_Latch,TREND_BUY,2020-10-22,2020-10-23,101.192,102.802,True,0.7879,True,5.8987,True,1.6543,True,7.1606
NOW,C2_Panic_Latch,DCA_ADDITION,2020-11-02,2020-11-03,95.2,96.01,True,9.6802,True,16.3545,True,13.3592,True,14.1093
NOW,C2_Panic_Latch,EXIT_SELL,2020-11-18,2020-11-19,101.424,102.866,True,9.9353,True,11.9515,True,9.2582,True,14.5567
NOW,C2_Panic_Latch,TREND_BUY,2020-11-19,2020-11-20,102.866,103.612,True,6.3236,True,10.1668,True,9.9353,True,11.9515
NOW,C2_Panic_Latch,DCA_ADDITION,2020-12-01,2020-12-02,107.918,105.304,True,4.5411,True,4.3265,True,1.4437,True,3.1283
NOW,C2_Panic_Latch,EXIT_SELL,2020-12-28,2020-12-29,108.748,109.196,True,1.5129,True,-9.3373,True,-5.0097,True,-13.1607
NOW,C2_Panic_Latch,TREND_BUY,2020-12-29,2020-12-30,109.196,109.476,True,-0.7709,True,-11.3249,True,1.5129,True,-9.3373
NOW,C2_Panic_Latch,DCA_ADDITION,2021-01-04,2021-01-05,105.366,106.394,True,8.399,True,-4.692,True,10.7587,True,-5.0718
NOW,C2_Panic_Latch,DCA_ADDITION,2021-02-01,2021-02-02,111.712,116.702,True,-11.5696,True,-13.4548,True,-1.6578,True,-0.2363
NOW,C2_Panic_Latch,EXIT_SELL,2021-02-17,2021-02-18,116.188,115.16,True,-19.0379,True,-20.0538,True,-16.5146,True,-21.6821
NOW,C2_Panic_Latch,TREND_BUY,2021-02-18,2021-02-19,115.16,114.146,True,-17.5021,True,-20.3827,True,-19.0379,True,-20.0538
NOW,C2_Panic_Latch,DCA_ADDITION,2021-03-01,2021-03-02,111.294,109.86,True,-11.2379,True,-11.6312,True,-12.7734,True,-13.7599
NOW,C2_Panic_Latch,DCA_ADDITION,2021-04-01,2021-04-05,101.402,102.804,True,-4.6107,True,8.6709,True,-0.1262,True,8.9071
NOW,C2_Panic_Latch,DCA_ADDITION,2021-05-03,2021-05-04,98.064,96.66,True,-3.3706,True,21.3387,True,-4.3135,True,18.9733
NOW,C2_Panic_Latch,DCA_ADDITION,2021-06-01,2021-06-02,93.834,93.402,True,17.6741,True,33.6224,True,19.0592,True,32.3763
NOW,C2_Panic_Latch,DCA_ADDITION,2021-07-01,2021-07-02,109.034,110.366,True,5.9511,True,10.998,True,7.8361,True,19.1482
NOW,C2_Panic_Latch,DCA_ADDITION,2021-08-02,2021-08-03,116.934,116.932,True,10.0879,True,13.7003,True,9.7457,True,15.7422
NOW,C2_Panic_Latch,DCA_ADDITION,2021-09-01,2021-09-02,130.17,132.062,True,-4.1662,True,1.8946,True,-4.3912,True,-0.1997
NOW,C2_Panic_Latch,DCA_ADDITION,2021-10-01,2021-10-04,126.56,123.594,True,10.3581,True,5.9242,True,10.2655,True,3.3502
NOW,C2_Panic_Latch,DCA_ADDITION,2021-11-01,2021-11-02,136.396,137.318,True,-12.6742,True,-18.2802,True,-5.0265,True,-22.4772
NOW,C2_Panic_Latch,EXIT_SELL,2021-11-02,2021-11-03,137.318,137.534,True,-9.3504,True,-14.8167,True,-12.6742,True,-18.2802
NOW,C2_Panic_Latch,TREND_BUY,2021-11-03,2021-11-04,137.534,140.346,True,-12.6288,True,-16.4151,True,-9.3504,True,-14.8167
NOW,C2_Panic_Latch,DCA_ADDITION,2021-12-01,2021-12-02,119.914,124.674,True,4.1292,True,-8.3899,True,9.1682,True,-3.2773
NOW,C2_Panic_Latch,DCA_ADDITION,2022-01-03,2022-01-04,126.028,120.788,True,-3.7736,True,-7.7905,True,-6.9191,True,-8.9107
NOW,C2_Panic_Latch,DCA_ADDITION,2022-02-01,2022-02-02,117.308,116.23,True,-3.2419,True,-17.7321,True,0.0887,True,-14.0689
NOW,C2_Panic_Latch,EXIT_SELL,2022-02-18,2022-02-22,111.202,110.03,True,6.9999,True,-25.0659,True,2.4802,True,-22.1507
NOW,C2_Panic_Latch,PANIC_BUY,2022-03-17,2022-03-18,113.336,115.976,True,-14.2012,True,-23.3031,True,-10.4733,True,-22.2895
NOW,C2_Panic_Latch,DCA_ADDITION,2022-04-01,2022-04-04,109.738,114.964,True,-16.172,True,-17.275,True,-11.6988,True,-12.9217
NOW,C2_Panic_Latch,EXIT_SELL,2022-04-05,2022-04-06,110.644,105.59,True,-11.1033,True,-6.065,True,-9.7177,True,-12.4471
NOW,C2_Panic_Latch,PANIC_BUY,2022-05-25,2022-05-26,90.458,90.974,True,9.196,True,1.1256,True,11.4528,True,1.6405
NOW,C2_Panic_Latch,DCA_ADDITION,2022-06-01,2022-06-02,95.026,100.96,True,-4.0491,True,-13.6727,True,0.0821,True,-6.4067
NOW,C2_Panic_Latch,DCA_ADDITION,2022-07-01,2022-07-05,96.872,99.186,True,-8.3661,True,-21.5918,True,-6.3156,True,-21.7627
NOW,C2_Panic_Latch,DCA_ADDITION,2022-08-01,2022-08-02,90.754,90.888,True,-3.8729,True,-19.3711,True,-3.9646,True,-16.9932
NOW,C2_Panic_Latch,DCA_ADDITION,2022-09-01,2022-09-02,86.112,86.902,True,-9.8502,True,-8.6672,True,-12.2979,True,-6.6495
NOW,C2_Panic_Latch,EXIT_SELL,2022-09-19,2022-09-20,85.01,82.24,True,-13.232,True,1.7485,True,-17.9838,True,-2.0892
NOW,C2_Panic_Latch,PANIC_BUY,2022-10-04,2022-10-05,82.31,84.116,True,-6.6337,True,-7.6822,True,1.7033,True,-5.2727
NOW,C2_Panic_Latch,EXIT_SELL,2022-10-12,2022-10-13,73.826,72.38,True,11.6496,True,5.2335,True,-2.1293,True,2.5547
NOW,C2_Panic_Latch,PANIC_BUY,2022-10-25,2022-10-26,75.332,73.282,True,11.7246,True,21.0147,True,6.2709,True,17.464
NOW,C2_Panic_Latch,DCA_ADDITION,2022-11-01,2022-11-02,83.712,78.536,True,8.3834,True,15.9035,True,-0.5399,True,5.7363
NOW,C2_Panic_Latch,DCA_ADDITION,2022-12-01,2022-12-02,85.12,82.574,True,-6.6292,True,5.6119,True,-8.7712,True,0.7848
NOW,C2_Panic_Latch,EXIT_SELL,2022-12-07,2022-12-08,77.704,79.246,True,-4.4595,True,12.8057,True,-5.6599,True,14.4883
NOW,C2_Panic_Latch,TREND_BUY,2022-12-12,2022-12-13,80.328,83.234,True,-0.6992,True,-0.298,True,-1.957,True,3.3463
NOW,C2_Panic_Latch,DCA_ADDITION,2023-01-03,2023-01-04,77.1,78.77,True,24.7353,True,17.9942,True,22.9079,True,14.0415
NOW,C2_Panic_Latch,EXIT_SELL,2023-01-05,2023-01-06,73.264,73.306,True,24.1972,True,29.8802,True,28.9092,True,26.799
NOW,C2_Panic_Latch,TREND_BUY,2023-01-17,2023-01-18,83.648,83.24,True,11.4632,True,11.2518,True,10.3075,True,15.6035
NOW,C2_Panic_Latch,DCA_ADDITION,2023-02-01,2023-02-02,94.762,98.254,True,-9.6261,True,-8.3172,True,-7.9716,True,-3.0371
NOW,C2_Panic_Latch,DCA_ADDITION,2023-03-01,2023-03-02,85.788,87.208,True,0.8233,True,23.2593,True,2.2148,True,23.9754
NOW,C2_Panic_Latch,EXIT_SELL,2023-03-22,2023-03-23,86.702,88.094,True,7.4557,True,27.0211,True,7.8845,True,30.4422
NOW,C2_Panic_Latch,PANIC_BUY,2023-03-23,2023-03-24,88.094,86.58,True,9.2631,True,26.3109,True,7.4557,True,27.0211
NOW,C2_Panic_Latch,DCA_ADDITION,2023-04-03,2023-04-04,92.898,95.21,True,-8.1861,True,18.0485,True,-4.4802,True,17.9961
NOW,C2_Panic_Latch,EXIT_SELL,2023-04-25,2023-04-26,88.456,90.806,True,10.6865,True,27.3132,True,13.0822,True,31.5954
NOW,C2_Panic_Latch,TREND_BUY,2023-04-28,2023-05-01,91.884,90.082,True,21.9156,True,24.3067,True,16.9866,True,25.6519
NOW,C2_Panic_Latch,DCA_ADDITION,2023-06-01,2023-06-02,108.592,109.636,True,2.6798,True,5.5985,True,3.5012,True,4.6689
NOW,C2_Panic_Latch,EXIT_SELL,2023-06-09,2023-06-12,106.806,109.27,True,2.7437,True,9.6953,True,5.1327,True,12.0742
NOW,C2_Panic_Latch,TREND_BUY,2023-06-12,2023-06-13,109.27,110.944,True,4.0976,True,8.1753,True,2.7437,True,9.6953
NOW,C2_Panic_Latch,DCA_ADDITION,2023-07-03,2023-07-05,112.574,113.152,True,-0.4578,True,-2.1635,True,4.8892,True,-2.9296
NOW,C2_Panic_Latch,EXIT_SELL,2023-07-07,2023-07-10,110.596,113.12,True,-1.8936,True,-4.3069,True,-0.2441,True,0.4069
NOW,C2_Panic_Latch,TREND_BUY,2023-07-10,2023-07-11,113.12,112.288,True,-1.5336,True,-2.2799,True,-1.8936,True,-4.3069
NOW,C2_Panic_Latch,DCA_ADDITION,2023-08-01,2023-08-02,118.078,112.634,True,4.4516,True,-2.1699,True,-1.9513,True,-10.2
NOW,C2_Panic_Latch,DCA_ADDITION,2023-09-01,2023-09-05,118.176,119.432,True,-9.3643,True,13.6931,True,-6.0334,True,12.5846
NOW,C2_Panic_Latch,DCA_ADDITION,2023-10-02,2023-10-03,111.046,108.248,True,7.5031,True,29.7872,True,2.3972,True,26.7511
NOW,C2_Panic_Latch,DCA_ADDITION,2023-11-01,2023-11-02,118.696,119.886,True,15.2411,True,27.688,True,15.5456,True,32.3937
NOW,C2_Panic_Latch,DCA_ADDITION,2023-12-01,2023-12-04,138.158,137.524,True,-1.7917,True,12.5084,True,-0.4734,True,11.6606
NOW,C2_Panic_Latch,EXIT_SELL,2023-12-14,2023-12-15,136.078,139.648,True,4.1963,True,11.6364,True,6.9328,True,14.1816
NOW,C2_Panic_Latch,TREND_BUY,2023-12-15,2023-12-18,139.648,140.744,True,6.0024,True,5.7111,True,4.1963,True,11.6364
NOW,C2_Panic_Latch,DCA_ADDITION,2024-01-02,2024-01-03,137.504,135.06,True,14.1715,True,13.782,True,11.3277,True,10.8913
NOW,C2_Panic_Latch,DCA_ADDITION,2024-02-01,2024-02-02,154.2,156.26,True,-0.6668,True,-11.2594,True,0.3411,True,-6.4643
NOW,C2_Panic_Latch,EXIT_SELL,2024-02-12,2024-02-13,157.47,154.752,True,0.4032,True,-6.5679,True,0.2807,True,-8.4232
NOW,C2_Panic_Latch,TREND_BUY,2024-02-13,2024-02-14,154.752,158.4,True,-1.5795,True,-7.8548,True,0.4032,True,-6.5679
NOW,C2_Panic_Latch,DCA_ADDITION,2024-03-01,2024-03-04,154.726,155.218,True,-2.4598,True,-5.7944,True,-0.6799,True,-5.787
NOW,C2_Panic_Latch,EXIT_SELL,2024-03-14,2024-03-15,155.898,148.782,True,-1.0888,True,-4.2841,True,-1.3829,True,-9.0238
NOW,C2_Panic_Latch,TREND_BUY,2024-03-22,2024-03-25,154.83,154.928,True,-4.3491,True,-5.2063,True,-6.7429,True,-5.6811
NOW,C2_Panic_Latch,DCA_ADDITION,2024-04-01,2024-04-02,153.674,151.4,True,-8.4108,True,2.2629,True,-6.1442,True,-1.8819
NOW,C2_Panic_Latch,DCA_ADDITION,2024-05-01,2024-05-02,137.122,139.144,True,-5.5755,True,14.8163,True,-6.1726,True,16.5473
NOW,C2_Panic_Latch,DCA_ADDITION,2024-06-03,2024-06-04,132.022,134.4,True,16.9524,True,23.7009,True,20.2996,True,23.3294
NOW,C2_Panic_Latch,DCA_ADDITION,2024-07-01,2024-07-02,157.792,158.822,True,2.5538,True,11.4279,True,1.2472,True,12.8105
NOW,C2_Panic_Latch,DCA_ADDITION,2024-08-01,2024-08-02,162.276,158.128,True,8.1402,True,19.5234,True,2.4514,True,17.1892
NOW,C2_Panic_Latch,DCA_ADDITION,2024-09-03,2024-09-04,167.172,166.966,True,5.4598,True,24.744,True,3.747,True,28.0202
NOW,C2_Panic_Latch,DCA_ADDITION,2024-10-01,2024-10-02,173.436,176.082,True,7.9043,True,22.836,True,9.9057,True,26.7453
NOW,C2_Panic_Latch,DCA_ADDITION,2024-11-01,2024-11-04,188.682,190.918,True,10.7617,True,6.9506,True,11.132,True,7.9467
NOW,C2_Panic_Latch,EXIT_SELL,2024-11-27,2024-11-29,208.28,209.888,True,1.74,True,-11.4042,True,3.8467,True,-11.5652
NOW,C2_Panic_Latch,TREND_BUY,2024-11-29,2024-12-02,209.888,209.686,True,1.115,True,-13.174,True,1.74,True,-11.4042
NOW,C2_Panic_Latch,DCA_ADDITION,2025-01-02,2025-01-03,210.868,214.754,True,-5.9268,True,-23.2582,True,-3.1679,True,-23.0267
NOW,C2_Panic_Latch,DCA_ADDITION,2025-02-03,2025-02-04,204.188,202.026,True,-9.3394,True,-5.1657,True,-11.2494,True,-6.4578
NOW,C2_Panic_Latch,DCA_ADDITION,2025-03-03,2025-03-04,182.062,181.218,True,-10.4327,True,12.0452,True,-12.5419,True,12.1925
NOW,C2_Panic_Latch,DCA_ADDITION,2025-04-01,2025-04-02,162.312,164.806,True,16.2518,True,24.7624,True,17.6758,True,25.9821
NOW,C2_Panic_Latch,EXIT_SELL,2025-04-16,2025-04-17,159.332,154.432,True,34.7104,True,25.2292,True,29.94,True,20.1165
NOW,C2_Panic_Latch,TREND_BUY,2025-04-28,2025-04-29,187.482,188.572,True,8.3194,True,2.7501,True,9.5988,True,6.2694
NOW,C2_Panic_Latch,DCA_ADDITION,2025-05-01,2025-05-02,191.59,195.472,True,3.5555,True,0.0123,True,5.5473,True,3.6797
NOW,C2_Panic_Latch,DCA_ADDITION,2025-06-02,2025-06-03,202.422,202.176,True,-0.1108,True,-8.1394,True,-0.0217,True,-12.2645
NOW,C2_Panic_Latch,DCA_ADDITION,2025-07-01,2025-07-02,202.378,201.952,True,-6.5996,True,-7.3047,True,-3.4006,True,-9.2184
NOW,C2_Panic_Latch,DCA_ADDITION,2025-08-01,2025-08-04,182.874,184.6,True,-1.2546,True,1.6154,True,0.3379,True,3.4909
NOW,C2_Panic_Latch,DCA_ADDITION,2025-09-02,2025-09-03,182.284,183.876,True,-0.756,True,-12.689,True,0.9721,True,-9.4479
NOW,C2_Panic_Latch,EXIT_SELL,2025-09-25,2025-09-26,183.722,187.2,True,-0.6229,True,-16.3034,True,2.2382,True,-15.4647
NOW,C2_Panic_Latch,PANIC_BUY,2025-09-29,2025-09-30,188.17,184.056,True,1.9157,True,-17.0959,True,0.5782,True,-17.9678
NOW,C2_Panic_Latch,DCA_ADDITION,2025-10-01,2025-10-02,182.486,182.02,True,2.7008,True,-15.0753,True,-0.08,True,-15.6702
NOW,C2_Panic_Latch,DCA_ADDITION,2025-11-03,2025-11-04,182.768,177.514,True,-6.1595,True,-33.5264,True,-9.7895,True,-35.9789
NOW,C2_Panic_Latch,EXIT_SELL,2025-11-04,2025-11-05,177.514,175.926,True,-4.6338,True,-37.6044,True,-6.1595,True,-33.5264
NOW,C2_Panic_Latch,PANIC_BUY,2025-12-03,2025-12-04,166.58,167.774,True,-12.0245,True,-32.1349,True,-11.484,True,-32.0507
NOW,C2_Panic_Latch,EXIT_SELL,2025-12-15,2025-12-16,153.04,156.224,True,-16.0372,True,-26.4646,True,-12.0426,True,-25.758
NOW,C2_Panic_Latch,PANIC_BUY,2026-02-18,2026-02-19,107.81,107.37,True,5.495,True,-11.4557,True,5.4726,True,-16.056
NOW,C2_Panic_Latch,EXIT_SELL,2026-02-19,2026-02-20,107.37,104.27,True,5.8598,True,-0.8152,True,5.495,True,-11.4557
NOW,C2_Panic_Latch,PANIC_BUY,2026-03-06,2026-03-09,124.34,121.93,True,-17.5346,True,-3.3052,True,-17.6291,True,2.6621
NOW,C2_Panic_Latch,DCA_ADDITION,2026-04-01,2026-04-02,104.04,102.0,True,-10.6274,True,-2.6667,True,-15.1192,True,-3.912
NOW,C2_Panic_Latch,EXIT_SELL,2026-04-23,2026-04-24,84.78,90.17,True,13.2638,True,5.8667,True,17.5867,True,20.3822
NOW,C2_Panic_Latch,PANIC_BUY,2026-05-07,2026-05-08,93.59,91.18,True,25.2358,True,28.5589,True,20.1517,True,26.2314
NOW,C2_Panic_Latch,DCA_ADDITION,2026-06-01,2026-06-02,135.86,127.65,True,-17.1171,True,8.445,True,-26.9248,True,-7.4047
NOW,C2_Panic_Latch,EXIT_SELL,2026-06-11,2026-06-12,103.08,102.15,True,2.6432,True,28.3505,True,7.9356,True,30.1998
NOW,C2_Panic_Latch,TREND_BUY,2026-06-12,2026-06-15,102.15,104.15,True,0.5569,True,25.9433,True,2.6432,True,28.3505
NOW,C2_Panic_Latch,DCA_ADDITION,2026-07-01,2026-07-02,105.8,106.32,True,4.6181,False,,True,4.0359,False,
NOW,C2_Panic_Latch,EXIT_SELL,2026-07-21,2026-07-22,102.06,95.46,True,33.2495,False,,True,17.0782,False,
NOW,C2_Panic_Latch,PANIC_BUY,2026-07-28,2026-07-29,110.62,115.76,True,8.6731,False,,True,14.8074,False,
NOW,C2_Panic_Latch,DCA_ADDITION,2026-08-03,2026-08-04,114.19,118.14,True,20.9582,False,,True,29.5998,False,
NOW,C2_Panic_Latch,DCA_ADDITION,2026-09-01,2026-09-02,142.9,136.72,False,,False,,False,,False,
NOW,C3_Reentry_Stop,PANIC_BUY,2014-04-21,2014-04-22,10.63,11.046,True,-12.2035,True,2.4986,True,-8.937,True,5.9643
NOW,C3_Reentry_Stop,DCA_ADDITION,2014-05-01,2014-05-02,10.096,10.236,True,-1.7976,True,16.6471,True,3.6252,True,15.5507
NOW,C3_Reentry_Stop,DCA_ADDITION,2014-06-02,2014-06-03,10.052,10.082,True,26.1258,True,19.1827,True,23.279,True,18.842
NOW,C3_Reentry_Stop,DCA_ADDITION,2014-07-01,2014-07-02,12.716,12.424,True,-5.3445,True,-4.1211,True,-1.4785,True,-8.1472
NOW,C3_Reentry_Stop,DCA_ADDITION,2014-08-01,2014-08-04,11.334,11.542,True,8.9066,True,16.0457,True,7.8701,True,13.0933
NOW,C3_Reentry_Stop,DCA_ADDITION,2014-09-02,2014-09-03,12.57,12.548,True,-8.6707,True,1.9605,True,-6.4757,True,0.2068
NOW,C3_Reentry_Stop,EXIT_SELL,2014-09-30,2014-10-01,11.756,11.46,True,13.4904,True,22.3735,True,13.9333,True,18.5607
NOW,C3_Reentry_Stop,REENTRY_BUY,2014-10-21,2014-10-22,12.096,11.614,True,9.7296,True,11.6411,True,7.4405,True,5.754
NOW,C3_Reentry_Stop,DCA_ADDITION,2014-11-03,2014-11-04,13.242,13.376,True,-7.5508,True,9.1358,True,-6.7663,True,10.1042
NOW,C3_Reentry_Stop,DCA_ADDITION,2014-12-01,2014-12-02,12.37,12.346,True,9.9141,True,23.8296,True,9.7494,True,23.2983
NOW,C3_Reentry_Stop,DCA_ADDITION,2015-01-02,2015-01-05,13.476,13.43,True,8.1906,True,12.6582,True,8.3259,True,16.919
NOW,C3_Reentry_Stop,DCA_ADDITION,2015-02-02,2015-02-03,14.598,14.53,True,1.3076,True,3.042,True,3.3703,True,6.1378
NOW,C3_Reentry_Stop,EXIT_SELL,2015-02-27,2015-03-02,15.252,15.288,True,3.9246,True,2.551,True,2.898,True,1.9014
NOW,C3_Reentry_Stop,REENTRY_BUY,2015-03-17,2015-03-18,15.98,16.01,True,3.4853,True,-2.6359,True,1.0638,True,-2.7159
NOW,C3_Reentry_Stop,EXIT_SELL,2015-03-30,2015-03-31,15.888,15.756,True,-1.6629,True,0.1777,True,-5.6017,True,-2.4799
NOW,C3_Reentry_Stop,REENTRY_BUY,2015-04-16,2015-04-17,16.568,14.658,True,3.302,True,5.6215,True,-8.1965,True,-7.5326
NOW,C3_Reentry_Stop,DCA_ADDITION,2015-05-01,2015-05-04,14.75,14.722,True,2.4046,True,5.9367,True,2.6169,True,6.6169
NOW,C3_Reentry_Stop,DCA_ADDITION,2015-06-01,2015-06-02,15.136,15.076,True,-1.4195,True,-5.2667,True,-2.5238,True,-9.2627
NOW,C3_Reentry_Stop,DCA_ADDITION,2015-07-01,2015-07-02,14.78,14.906,True,8.0102,True,-7.3796,True,9.6482,True,-1.4073
NOW,C3_Reentry_Stop,DCA_ADDITION,2015-08-03,2015-08-04,15.83,15.582,True,-11.539,True,5.4422,True,-10.3474,True,1.2887
NOW,C3_Reentry_Stop,DCA_ADDITION,2015-09-01,2015-09-02,13.784,13.99,True,2.3302,True,24.7891,True,0.769,True,26.0737
NOW,C3_Reentry_Stop,DCA_ADDITION,2015-10-01,2015-10-02,14.316,14.446,True,13.0417,True,21.9992,True,13.9424,True,21.3887
NOW,C3_Reentry_Stop,DCA_ADDITION,2015-11-02,2015-11-03,16.404,16.506,True,6.0584,True,-24.9243,True,5.4255,True,-24.1526
NOW,C3_Reentry_Stop,DCA_ADDITION,2015-12-01,2015-12-02,17.294,17.506,True,-1.1082,True,-33.9084,True,1.0524,True,-36.4057
NOW,C3_Reentry_Stop,DCA_ADDITION,2016-01-04,2016-01-05,16.814,16.8,True,-29.4048,True,-26.1548,True,-31.902,True,-27.2273
NOW,C3_Reentry_Stop,DCA_ADDITION,2016-02-01,2016-02-02,12.392,11.45,True,0.7162,True,24.6638,True,-6.6333,True,18.06
NOW,C3_Reentry_Stop,DCA_ADDITION,2016-03-01,2016-03-02,11.57,11.532,True,6.1048,True,21.488,True,5.5661,True,22.3163
NOW,C3_Reentry_Stop,DCA_ADDITION,2016-04-01,2016-04-04,12.406,12.856,True,12.0411,True,1.3223,True,15.2346,True,2.6439
NOW,C3_Reentry_Stop,DCA_ADDITION,2016-05-02,2016-05-03,14.404,13.968,True,4.768,True,9.3643,True,-0.5415,True,1.333
NOW,C3_Reentry_Stop,EXIT_SELL,2016-05-05,2016-05-06,13.558,13.456,True,11.5636,True,8.8436,True,8.4673,True,10.739
NOW,C3_Reentry_Stop,REENTRY_BUY,2016-05-17,2016-05-18,13.9,14.006,True,5.2121,True,8.1965,True,7.1511,True,9.482
NOW,C3_Reentry_Stop,DCA_ADDITION,2016-06-01,2016-06-02,14.634,14.846,True,-10.5483,True,-0.9834,True,-9.1978,True,0.5877
NOW,C3_Reentry_Stop,DCA_ADDITION,2016-07-01,2016-07-05,13.242,13.054,True,12.1955,True,22.2154,True,13.3817,True,19.3777
NOW,C3_Reentry_Stop,DCA_ADDITION,2016-08-01,2016-08-02,15.014,14.646,True,0.2868,True,7.7427,True,-2.2379,True,6.2875
NOW,C3_Reentry_Stop,EXIT_SELL,2016-08-17,2016-08-18,14.614,14.614,True,5.7753,True,13.0833,True,6.3501,True,12.4127
NOW,C3_Reentry_Stop,REENTRY_BUY,2016-08-31,2016-09-01,14.534,14.8,True,6.9595,True,14.6216,True,7.995,True,20.7376
NOW,C3_Reentry_Stop,EXIT_SELL,2016-09-13,2016-09-14,14.484,14.512,True,3.7348,True,10.4052,True,8.8097,True,10.4391
NOW,C3_Reentry_Stop,REENTRY_BUY,2016-09-19,2016-09-20,15.198,15.056,True,1.169,True,4.8751,True,-1.7765,True,4.4743
NOW,C3_Reentry_Stop,DCA_ADDITION,2016-10-03,2016-10-04,15.914,15.856,True,9.5989,True,-5.4743,True,10.4813,True,-5.4669
NOW,C3_Reentry_Stop,DCA_ADDITION,2016-11-01,2016-11-02,17.378,16.918,True,-8.8663,True,7.1285,True,-4.3043,True,3.7173
NOW,C3_Reentry_Stop,DCA_ADDITION,2016-12-01,2016-12-02,15.418,15.312,True,-1.1756,True,12.7743,True,-3.5673,True,15.3068
NOW,C3_Reentry_Stop,DCA_ADDITION,2017-01-03,2017-01-04,15.132,15.766,True,12.7236,True,10.9603,True,18.5567,True,14.9088
NOW,C3_Reentry_Stop,DCA_ADDITION,2017-02-01,2017-02-02,17.94,17.772,True,-2.6896,True,6.831,True,-3.7458,True,5.3289
NOW,C3_Reentry_Stop,DCA_ADDITION,2017-03-01,2017-03-02,17.778,17.268,True,0.6949,True,22.8052,True,-1.44,True,17.5835
NOW,C3_Reentry_Stop,DCA_ADDITION,2017-04-03,2017-04-04,17.244,17.058,True,10.3412,True,24.0708,True,10.1369,True,26.2004
NOW,C3_Reentry_Stop,DCA_ADDITION,2017-05-01,2017-05-02,18.986,18.992,True,10.2043,True,16.4069,True,10.987,True,15.5799
NOW,C3_Reentry_Stop,DCA_ADDITION,2017-06-01,2017-06-02,21.302,21.46,True,-1.2115,True,4.2964,True,-0.6478,True,3.8306
NOW,C3_Reentry_Stop,DCA_ADDITION,2017-07-03,2017-07-05,20.716,21.022,True,1.9599,True,10.979,True,6.9222,True,11.508
NOW,C3_Reentry_Stop,DCA_ADDITION,2017-08-01,2017-08-02,22.15,21.434,True,6.625,True,17.7009,True,0.9029,True,12.5237
NOW,C3_Reentry_Stop,DCA_ADDITION,2017-09-01,2017-09-05,23.098,23.23,True,1.4464,True,3.8226,True,1.1343,True,9.6459
NOW,C3_Reentry_Stop,DCA_ADDITION,2017-10-02,2017-10-03,23.36,23.566,True,7.2477,True,10.914,True,7.0634,True,11.524
NOW,C3_Reentry_Stop,EXIT_SELL,2017-10-23,2017-10-24,24.798,25.178,True,1.7317,True,14.3061,True,2.968,True,14.7431
NOW,C3_Reentry_Stop,REENTRY_BUY,2017-11-08,2017-11-09,25.524,25.11,True,-2.9789,True,21.9992,True,-5.1873,True,16.7685
NOW,C3_Reentry_Stop,DCA_ADDITION,2017-12-01,2017-12-04,24.532,22.724,True,16.9776,True,46.6907,True,7.3944,True,30.0913
NOW,C3_Reentry_Stop,DCA_ADDITION,2018-01-02,2018-01-03,26.346,26.582,True,14.9725,True,21.6011,True,13.0115,True,25.5978
NOW,C3_Reentry_Stop,DCA_ADDITION,2018-02-01,2018-02-02,30.562,29.952,True,12.3798,True,10.4567,True,9.0701,True,8.7233
NOW,C3_Reentry_Stop,EXIT_SELL,2018-02-05,2018-02-06,29.478,29.804,True,16.1321,True,13.2264,True,16.0662,True,12.2871
NOW,C3_Reentry_Stop,REENTRY_BUY,2018-02-20,2018-02-21,31.352,31.516,True,9.9061,True,8.9669,True,9.792,True,9.1796
NOW,C3_Reentry_Stop,DCA_ADDITION,2018-03-01,2018-03-02,31.914,33.334,True,-3.0299,True,5.7779,True,3.6849,True,10.7476
NOW,C3_Reentry_Stop,EXIT_SELL,2018-03-16,2018-03-19,33.996,33.962,True,2.7855,True,6.7252,True,-0.3118,True,6.9773
NOW,C3_Reentry_Stop,REENTRY_BUY,2018-04-17,2018-04-18,34.908,34.86,True,-1.8072,True,9.6156,True,-0.6417,True,11.5274
NOW,C3_Reentry_Stop,EXIT_SELL,2018-04-24,2018-04-25,32.132,31.6,True,10.1013,True,20.9367,True,5.9753,True,18.2871
NOW,C3_Reentry_Stop,REENTRY_BUY,2018-05-15,2018-05-16,34.684,34.23,True,8.291,True,9.5355,True,4.5035,True,8.6034
NOW,C3_Reentry_Stop,EXIT_SELL,2018-05-17,2018-05-18,34.342,34.788,True,7.1691,True,6.0653,True,8.526,True,7.7514
NOW,C3_Reentry_Stop,REENTRY_BUY,2018-06-01,2018-06-04,36.302,36.7,True,-3.2153,True,5.8638,True,-4.9804,True,6.468
NOW,C3_Reentry_Stop,EXIT_SELL,2018-06-13,2018-06-14,36.246,37.068,True,3.0862,True,7.3756,True,7.4105,True,8.6906
NOW,C3_Reentry_Stop,REENTRY_BUY,2018-07-11,2018-07-12,37.436,38.932,True,-3.2467,True,-4.1406,True,-0.561,True,0.1389
NOW,C3_Reentry_Stop,EXIT_SELL,2018-07-24,2018-07-25,36.982,36.772,True,-0.7886,True,0.7179,True,-1.5197,True,2.8933
NOW,C3_Reentry_Stop,REENTRY_BUY,2018-08-14,2018-08-15,36.898,36.546,True,11.9575,True,1.8771,True,9.9084,True,3.4365
NOW,C3_Reentry_Stop,DCA_ADDITION,2018-09-04,2018-09-05,40.052,38.152,True,2.8518,True,-6.1124,True,-3.6752,True,-11.1805
NOW,C3_Reentry_Stop,EXIT_SELL,2018-09-13,2018-09-14,40.916,40.594,True,-9.1245,True,-9.632,True,-14.4736,True,-9.6197
NOW,C3_Reentry_Stop,REENTRY_BUY,2018-11-08,2018-11-09,37.232,35.518,True,3.2828,True,28.7009,True,-0.6768,True,21.9166
NOW,C3_Reentry_Stop,EXIT_SELL,2018-11-13,2018-11-14,33.734,33.476,True,8.7227,True,38.5888,True,11.5492,True,39.1178
NOW,C3_Reentry_Stop,REENTRY_BUY,2018-12-06,2018-12-07,37.52,36.476,True,3.1418,True,27.9581,True,-0.4957,True,24.2591
NOW,C3_Reentry_Stop,DCA_ADDITION,2019-01-02,2019-01-03,35.664,33.824,True,30.978,True,45.2992,True,23.3849,True,38.229
NOW,C3_Reentry_Stop,EXIT_SELL,2019-01-03,2019-01-04,33.824,35.846,True,25.6151,True,37.7113,True,30.978,True,45.2992
NOW,C3_Reentry_Stop,REENTRY_BUY,2019-01-08,2019-01-09,37.622,38.094,True,19.1579,True,24.4185,True,19.9086,True,26.0061
NOW,C3_Reentry_Stop,DCA_ADDITION,2019-02-01,2019-02-04,44.302,45.028,True,4.8237,True,20.1031,True,6.9794,True,22.5723
NOW,C3_Reentry_Stop,EXIT_SELL,2019-02-20,2019-02-21,45.9,46.002,True,9.104,True,18.6861,True,6.5752,True,21.1155
NOW,C3_Reentry_Stop,REENTRY_BUY,2019-03-20,2019-03-21,48.918,50.19,True,-5.3995,True,9.4082,True,-3.418,True,11.3087
NOW,C3_Reentry_Stop,EXIT_SELL,2019-03-25,2019-03-26,48.34,49.0,True,-0.9388,True,17.8775,True,0.7654,True,18.1258
NOW,C3_Reentry_Stop,REENTRY_BUY,2019-04-22,2019-04-23,48.528,48.71,True,11.357,True,20.9936,True,9.2483,True,22.2222
NOW,C3_Reentry_Stop,DCA_ADDITION,2019-05-01,2019-05-02,54.08,52.534,True,-0.2817,True,8.821,True,-2.8846,True,7.0007
NOW,C3_Reentry_Stop,EXIT_SELL,2019-05-13,2019-05-14,52.024,54.414,True,-1.54,True,-1.8231,True,2.372,True,0.2191
NOW,C3_Reentry_Stop,REENTRY_BUY,2019-06-18,2019-06-19,56.528,57.102,True,3.2118,True,-11.7509,True,4.925,True,-9.1388
NOW,C3_Reentry_Stop,DCA_ADDITION,2019-07-01,2019-07-02,56.702,57.662,True,-3.7876,True,-10.5165,True,-0.8853,True,-8.5112
NOW,C3_Reentry_Stop,EXIT_SELL,2019-07-18,2019-07-19,58.936,57.948,True,-11.3309,True,-7.0063,True,-14.3851,True,-8.2632
NOW,C3_Reentry_Stop,REENTRY_BUY,2019-09-04,2019-09-05,53.704,53.924,True,-4.5434,True,4.9774,True,-8.0702,True,4.752
NOW,C3_Reentry_Stop,EXIT_SELL,2019-09-09,2019-09-10,50.936,50.636,True,1.9551,True,8.1444,True,5.289,True,9.5532
NOW,C3_Reentry_Stop,REENTRY_BUY,2019-10-11,2019-10-14,54.066,53.888,True,-7.7531,True,11.086,True,-8.0938,True,9.3663
NOW,C3_Reentry_Stop,DCA_ADDITION,2019-11-01,2019-11-04,50.606,49.16,True,13.511,True,37.6038,True,9.6115,True,35.0117
NOW,C3_Reentry_Stop,DCA_ADDITION,2019-12-02,2019-12-03,55.47,55.802,True,4.3834,True,23.4364,True,1.792,True,17.5735
NOW,C3_Reentry_Stop,DCA_ADDITION,2020-01-02,2020-01-03,58.248,58.22,True,17.8976,True,-1.5527,True,16.1345,True,-1.6653
NOW,C3_Reentry_Stop,DCA_ADDITION,2020-02-03,2020-02-04,68.64,70.406,True,-1.9771,True,-0.1392,True,-3.954,True,-6.1801
NOW,C3_Reentry_Stop,DCA_ADDITION,2020-03-02,2020-03-03,68.88,65.926,True,-13.0601,True,14.668,True,-16.8438,True,7.77
NOW,C3_Reentry_Stop,EXIT_SELL,2020-03-27,2020-03-30,54.8,57.278,True,3.3556,True,37.201,True,12.6277,True,46.3285
NOW,C3_Reentry_Stop,REENTRY_BUY,2020-06-02,2020-06-03,78.58,77.618,True,7.3952,True,23.8244,True,3.0949,True,24.1283
NOW,C3_Reentry_Stop,EXIT_SELL,2020-06-16,2020-06-17,79.692,80.13,True,3.3021,True,11.2942,True,6.2992,True,13.6827
NOW,C3_Reentry_Stop,REENTRY_BUY,2020-07-01,2020-07-02,83.358,82.842,True,6.0332,True,16.8996,True,3.5054,True,15.1587
NOW,C3_Reentry_Stop,EXIT_SELL,2020-07-13,2020-07-14,80.374,82.646,True,1.9674,True,20.998,True,9.1597,True,22.3132
NOW,C3_Reentry_Stop,REENTRY_BUY,2020-08-20,2020-08-21,90.668,89.884,True,2.7725,True,11.7618,True,-0.0551,True,12.0594
NOW,C3_Reentry_Stop,DCA_ADDITION,2020-09-01,2020-09-02,99.438,99.938,True,-1.4349,True,5.5614,True,-2.4518,True,4.4309
NOW,C3_Reentry_Stop,EXIT_SELL,2020-09-04,2020-09-08,90.07,88.628,True,10.9221,True,18.8157,True,11.4222,True,19.8157
NOW,C3_Reentry_Stop,REENTRY_BUY,2020-10-02,2020-10-05,98.63,100.358,True,-5.1396,True,9.0855,True,0.8963,True,10.7128
NOW,C3_Reentry_Stop,EXIT_SELL,2020-10-21,2020-10-22,102.056,101.192,True,1.6543,True,7.1606,True,-0.6193,True,1.7912
NOW,C3_Reentry_Stop,REENTRY_BUY,2020-11-05,2020-11-06,106.216,107.036,True,-0.3606,True,10.0527,True,-1.013,True,8.5806
NOW,C3_Reentry_Stop,EXIT_SELL,2020-11-09,2020-11-10,100.392,96.256,True,9.7054,True,22.1555,True,8.0265,True,17.4855
NOW,C3_Reentry_Stop,REENTRY_BUY,2020-12-01,2020-12-02,107.918,105.304,True,4.5411,True,4.3265,True,1.4437,True,3.1283
NOW,C3_Reentry_Stop,EXIT_SELL,2020-12-28,2020-12-29,108.748,109.196,True,1.5129,True,-9.3373,True,-5.0097,True,-13.1607
NOW,C3_Reentry_Stop,REENTRY_BUY,2021-01-28,2021-01-29,110.848,108.632,True,2.4505,True,3.5846,True,-3.7493,True,0.8967
NOW,C3_Reentry_Stop,DCA_ADDITION,2021-02-01,2021-02-02,111.712,116.702,True,-11.5696,True,-13.4548,True,-1.6578,True,-0.2363
NOW,C3_Reentry_Stop,EXIT_SELL,2021-02-17,2021-02-18,116.188,115.16,True,-19.0379,True,-20.0538,True,-16.5146,True,-21.6821
NOW,C3_Reentry_Stop,PANIC_BUY,2021-03-26,2021-03-29,99.0,97.078,True,15.913,True,13.3521,True,12.9717,True,10.3091
NOW,C3_Reentry_Stop,DCA_ADDITION,2021-04-01,2021-04-05,101.402,102.804,True,-4.6107,True,8.6709,True,-0.1262,True,8.9071
NOW,C3_Reentry_Stop,DCA_ADDITION,2021-05-03,2021-05-04,98.064,96.66,True,-3.3706,True,21.3387,True,-4.3135,True,18.9733
NOW,C3_Reentry_Stop,DCA_ADDITION,2021-06-01,2021-06-02,93.834,93.402,True,17.6741,True,33.6224,True,19.0592,True,32.3763
NOW,C3_Reentry_Stop,DCA_ADDITION,2021-07-01,2021-07-02,109.034,110.366,True,5.9511,True,10.998,True,7.8361,True,19.1482
NOW,C3_Reentry_Stop,DCA_ADDITION,2021-08-02,2021-08-03,116.934,116.932,True,10.0879,True,13.7003,True,9.7457,True,15.7422
NOW,C3_Reentry_Stop,DCA_ADDITION,2021-09-01,2021-09-02,130.17,132.062,True,-4.1662,True,1.8946,True,-4.3912,True,-0.1997
NOW,C3_Reentry_Stop,DCA_ADDITION,2021-10-01,2021-10-04,126.56,123.594,True,10.3581,True,5.9242,True,10.2655,True,3.3502
NOW,C3_Reentry_Stop,DCA_ADDITION,2021-11-01,2021-11-02,136.396,137.318,True,-12.6742,True,-18.2802,True,-5.0265,True,-22.4772
NOW,C3_Reentry_Stop,EXIT_SELL,2021-11-02,2021-11-03,137.318,137.534,True,-9.3504,True,-14.8167,True,-12.6742,True,-18.2802
NOW,C3_Reentry_Stop,REENTRY_BUY,2021-12-08,2021-12-09,133.162,128.43,True,-11.7979,True,-19.3023,True,-13.7832,True,-21.9567
NOW,C3_Reentry_Stop,EXIT_SELL,2021-12-16,2021-12-17,121.796,123.126,True,-15.1536,True,-11.083,True,-12.8017,True,-15.5604
NOW,C3_Reentry_Stop,PANIC_BUY,2022-01-28,2022-01-31,112.216,117.156,True,-2.5112,True,-20.3984,True,3.3578,True,-18.7282
NOW,C3_Reentry_Stop,DCA_ADDITION,2022-02-01,2022-02-02,117.308,116.23,True,-3.2419,True,-17.7321,True,0.0887,True,-14.0689
NOW,C3_Reentry_Stop,EXIT_SELL,2022-02-18,2022-02-22,111.202,110.03,True,6.9999,True,-25.0659,True,2.4802,True,-22.1507
NOW,C3_Reentry_Stop,PANIC_BUY,2022-03-17,2022-03-18,113.336,115.976,True,-14.2012,True,-23.3031,True,-10.4733,True,-22.2895
NOW,C3_Reentry_Stop,EXIT_SELL,2022-04-01,2022-04-04,109.738,114.964,True,-16.172,True,-17.275,True,-11.6988,True,-12.9217
NOW,C3_Reentry_Stop,PANIC_BUY,2022-04-04,2022-04-05,114.964,110.644,True,-9.7177,True,-12.4471,True,-16.172,True,-17.275
NOW,C3_Reentry_Stop,EXIT_SELL,2022-04-05,2022-04-06,110.644,105.59,True,-11.1033,True,-6.065,True,-9.7177,True,-12.4471
NOW,C3_Reentry_Stop,PANIC_BUY,2022-05-23,2022-05-24,86.024,83.93,True,15.6988,True,13.4898,True,6.633,True,13.8287
NOW,C3_Reentry_Stop,EXIT_SELL,2022-05-24,2022-05-25,83.93,90.458,True,11.4528,True,1.6405,True,15.6988,True,13.4898
NOW,C3_Reentry_Stop,PANIC_BUY,2022-06-24,2022-06-27,100.818,99.34,True,-14.8742,True,-19.1806,True,-12.714,True,-18.4273
NOW,C3_Reentry_Stop,DCA_ADDITION,2022-07-01,2022-07-05,96.872,99.186,True,-8.3661,True,-21.5918,True,-6.3156,True,-21.7627
NOW,C3_Reentry_Stop,EXIT_SELL,2022-07-12,2022-07-13,85.588,84.554,True,22.0995,True,-1.0266,True,13.9085,True,-1.7199
NOW,C3_Reentry_Stop,REENTRY_BUY,2022-08-05,2022-08-08,98.97,98.99,True,-13.0276,True,-15.4339,True,-12.1936,True,-14.9763
NOW,C3_Reentry_Stop,DCA_ADDITION,2022-09-01,2022-09-02,86.112,86.902,True,-9.8502,True,-8.6672,True,-12.2979,True,-6.6495
NOW,C3_Reentry_Stop,EXIT_SELL,2022-09-19,2022-09-20,85.01,82.24,True,-13.232,True,1.7485,True,-17.9838,True,-2.0892
NOW,C3_Reentry_Stop,PANIC_BUY,2022-10-04,2022-10-05,82.31,84.116,True,-6.6337,True,-7.6822,True,1.7033,True,-5.2727
NOW,C3_Reentry_Stop,EXIT_SELL,2022-10-10,2022-10-11,76.356,74.26,True,-0.0431,True,-1.2847,True,-4.8667,True,-4.0495
NOW,C3_Reentry_Stop,PANIC_BUY,2022-10-25,2022-10-26,75.332,73.282,True,11.7246,True,21.0147,True,6.2709,True,17.464
NOW,C3_Reentry_Stop,DCA_ADDITION,2022-11-01,2022-11-02,83.712,78.536,True,8.3834,True,15.9035,True,-0.5399,True,5.7363
NOW,C3_Reentry_Stop,DCA_ADDITION,2022-12-01,2022-12-02,85.12,82.574,True,-6.6292,True,5.6119,True,-8.7712,True,0.7848
NOW,C3_Reentry_Stop,EXIT_SELL,2022-12-07,2022-12-08,77.704,79.246,True,-4.4595,True,12.8057,True,-5.6599,True,14.4883
NOW,C3_Reentry_Stop,PANIC_BUY,2022-12-12,2022-12-13,80.328,83.234,True,-0.6992,True,-0.298,True,-1.957,True,3.3463
NOW,C3_Reentry_Stop,EXIT_SELL,2022-12-16,2022-12-19,78.874,76.46,True,12.0664,True,15.3544,True,5.5354,True,12.1764
NOW,C3_Reentry_Stop,PANIC_BUY,2023-01-04,2023-01-05,78.77,73.264,True,28.9092,True,26.799,True,24.7353,True,17.9942
NOW,C3_Reentry_Stop,EXIT_SELL,2023-01-05,2023-01-06,73.264,73.306,True,24.1972,True,29.8802,True,28.9092,True,26.799
NOW,C3_Reentry_Stop,REENTRY_BUY,2023-01-17,2023-01-18,83.648,83.24,True,11.4632,True,11.2518,True,10.3075,True,15.6035
NOW,C3_Reentry_Stop,DCA_ADDITION,2023-02-01,2023-02-02,94.762,98.254,True,-9.6261,True,-8.3172,True,-7.9716,True,-3.0371
NOW,C3_Reentry_Stop,DCA_ADDITION,2023-03-01,2023-03-02,85.788,87.208,True,0.8233,True,23.2593,True,2.2148,True,23.9754
NOW,C3_Reentry_Stop,EXIT_SELL,2023-03-22,2023-03-23,86.702,88.094,True,7.4557,True,27.0211,True,7.8845,True,30.4422
NOW,C3_Reentry_Stop,REENTRY_BUY,2023-04-04,2023-04-05,95.21,93.466,True,-7.8788,True,20.4438,True,-8.1861,True,18.0485
NOW,C3_Reentry_Stop,EXIT_SELL,2023-04-25,2023-04-26,88.456,90.806,True,10.6865,True,27.3132,True,13.0822,True,31.5954
NOW,C3_Reentry_Stop,REENTRY_BUY,2023-05-15,2023-05-16,92.628,93.648,True,21.1579,True,19.0501,True,19.7737,True,19.8342
NOW,C3_Reentry_Stop,DCA_ADDITION,2023-06-01,2023-06-02,108.592,109.636,True,2.6798,True,5.5985,True,3.5012,True,4.6689
NOW,C3_Reentry_Stop,EXIT_SELL,2023-06-09,2023-06-12,106.806,109.27,True,2.7437,True,9.6953,True,5.1327,True,12.0742
NOW,C3_Reentry_Stop,REENTRY_BUY,2023-07-13,2023-07-14,115.49,116.076,True,-3.9526,True,-2.7482,True,-3.8878,True,-2.8972
NOW,C3_Reentry_Stop,DCA_ADDITION,2023-08-01,2023-08-02,118.078,112.634,True,4.4516,True,-2.1699,True,-1.9513,True,-10.2
NOW,C3_Reentry_Stop,DCA_ADDITION,2023-09-01,2023-09-05,118.176,119.432,True,-9.3643,True,13.6931,True,-6.0334,True,12.5846
NOW,C3_Reentry_Stop,DCA_ADDITION,2023-10-02,2023-10-03,111.046,108.248,True,7.5031,True,29.7872,True,2.3972,True,26.7511
NOW,C3_Reentry_Stop,DCA_ADDITION,2023-11-01,2023-11-02,118.696,119.886,True,15.2411,True,27.688,True,15.5456,True,32.3937
NOW,C3_Reentry_Stop,DCA_ADDITION,2023-12-01,2023-12-04,138.158,137.524,True,-1.7917,True,12.5084,True,-0.4734,True,11.6606
NOW,C3_Reentry_Stop,EXIT_SELL,2023-12-14,2023-12-15,136.078,139.648,True,4.1963,True,11.6364,True,6.9328,True,14.1816
NOW,C3_Reentry_Stop,REENTRY_BUY,2024-01-11,2024-01-12,145.292,145.836,True,7.9775,True,5.487,True,11.9043,True,7.6756
NOW,C3_Reentry_Stop,DCA_ADDITION,2024-02-01,2024-02-02,154.2,156.26,True,-0.6668,True,-11.2594,True,0.3411,True,-6.4643
NOW,C3_Reentry_Stop,EXIT_SELL,2024-02-12,2024-02-13,157.47,154.752,True,0.4032,True,-6.5679,True,0.2807,True,-8.4232
NOW,C3_Reentry_Stop,REENTRY_BUY,2024-03-20,2024-03-21,153.512,154.636,True,-7.6657,True,-6.1667,True,-4.7162,True,-5.0784
NOW,C3_Reentry_Stop,DCA_ADDITION,2024-04-01,2024-04-02,153.674,151.4,True,-8.4108,True,2.2629,True,-6.1442,True,-1.8819
NOW,C3_Reentry_Stop,DCA_ADDITION,2024-05-01,2024-05-02,137.122,139.144,True,-5.5755,True,14.8163,True,-6.1726,True,16.5473
NOW,C3_Reentry_Stop,DCA_ADDITION,2024-06-03,2024-06-04,132.022,134.4,True,16.9524,True,23.7009,True,20.2996,True,23.3294
NOW,C3_Reentry_Stop,DCA_ADDITION,2024-07-01,2024-07-02,157.792,158.822,True,2.5538,True,11.4279,True,1.2472,True,12.8105
NOW,C3_Reentry_Stop,DCA_ADDITION,2024-08-01,2024-08-02,162.276,158.128,True,8.1402,True,19.5234,True,2.4514,True,17.1892
NOW,C3_Reentry_Stop,DCA_ADDITION,2024-09-03,2024-09-04,167.172,166.966,True,5.4598,True,24.744,True,3.747,True,28.0202
NOW,C3_Reentry_Stop,DCA_ADDITION,2024-10-01,2024-10-02,173.436,176.082,True,7.9043,True,22.836,True,9.9057,True,26.7453
NOW,C3_Reentry_Stop,DCA_ADDITION,2024-11-01,2024-11-04,188.682,190.918,True,10.7617,True,6.9506,True,11.132,True,7.9467
NOW,C3_Reentry_Stop,EXIT_SELL,2024-11-27,2024-11-29,208.28,209.888,True,1.74,True,-11.4042,True,3.8467,True,-11.5652
NOW,C3_Reentry_Stop,REENTRY_BUY,2024-12-12,2024-12-13,229.684,224.22,True,-5.9736,True,-24.6874,True,-10.1992,True,-29.3272
NOW,C3_Reentry_Stop,EXIT_SELL,2024-12-18,2024-12-19,212.198,214.974,True,4.6796,True,-23.3284,True,3.3799,True,-20.4403
NOW,C3_Reentry_Stop,REENTRY_BUY,2025-01-22,2025-01-23,225.034,226.84,True,-17.2624,True,-33.346,True,-13.9703,True,-31.3739
NOW,C3_Reentry_Stop,DCA_ADDITION,2025-02-03,2025-02-04,204.188,202.026,True,-9.3394,True,-5.1657,True,-11.2494,True,-6.4578
NOW,C3_Reentry_Stop,DCA_ADDITION,2025-03-03,2025-03-04,182.062,181.218,True,-10.4327,True,12.0452,True,-12.5419,True,12.1925
NOW,C3_Reentry_Stop,DCA_ADDITION,2025-04-01,2025-04-02,162.312,164.806,True,16.2518,True,24.7624,True,17.6758,True,25.9821
NOW,C3_Reentry_Stop,EXIT_SELL,2025-04-16,2025-04-17,159.332,154.432,True,34.7104,True,25.2292,True,29.94,True,20.1165
NOW,C3_Reentry_Stop,REENTRY_BUY,2025-04-28,2025-04-29,187.482,188.572,True,8.3194,True,2.7501,True,9.5988,True,6.2694
NOW,C3_Reentry_Stop,DCA_ADDITION,2025-05-01,2025-05-02,191.59,195.472,True,3.5555,True,0.0123,True,5.5473,True,3.6797
NOW,C3_Reentry_Stop,DCA_ADDITION,2025-06-02,2025-06-03,202.422,202.176,True,-0.1108,True,-8.1394,True,-0.0217,True,-12.2645
NOW,C3_Reentry_Stop,DCA_ADDITION,2025-07-01,2025-07-02,202.378,201.952,True,-6.5996,True,-7.3047,True,-3.4006,True,-9.2184
NOW,C3_Reentry_Stop,DCA_ADDITION,2025-08-01,2025-08-04,182.874,184.6,True,-1.2546,True,1.6154,True,0.3379,True,3.4909
NOW,C3_Reentry_Stop,DCA_ADDITION,2025-09-02,2025-09-03,182.284,183.876,True,-0.756,True,-12.689,True,0.9721,True,-9.4479
NOW,C3_Reentry_Stop,EXIT_SELL,2025-09-25,2025-09-26,183.722,187.2,True,-0.6229,True,-16.3034,True,2.2382,True,-15.4647
NOW,C3_Reentry_Stop,PANIC_BUY,2025-10-14,2025-10-15,182.252,180.61,True,-4.3198,True,-21.0232,True,-5.5517,True,-22.1956
NOW,C3_Reentry_Stop,DCA_ADDITION,2025-11-03,2025-11-04,182.768,177.514,True,-6.1595,True,-33.5264,True,-9.7895,True,-35.9789
NOW,C3_Reentry_Stop,EXIT_SELL,2025-11-04,2025-11-05,177.514,175.926,True,-4.6338,True,-37.6044,True,-6.1595,True,-33.5264
NOW,C3_Reentry_Stop,PANIC_BUY,2026-02-18,2026-02-19,107.81,107.37,True,5.495,True,-11.4557,True,5.4726,True,-16.056
NOW,C3_Reentry_Stop,EXIT_SELL,2026-02-19,2026-02-20,107.37,104.27,True,5.8598,True,-0.8152,True,5.495,True,-11.4557
NOW,C3_Reentry_Stop,PANIC_BUY,2026-04-20,2026-04-21,99.72,100.14,True,1.6876,True,3.0957,True,3.7104,True,4.302
NOW,C3_Reentry_Stop,EXIT_SELL,2026-04-23,2026-04-24,84.78,90.17,True,13.2638,True,5.8667,True,17.5867,True,20.3822
NOW,C3_Reentry_Stop,PANIC_BUY,2026-04-24,2026-04-27,90.17,90.45,True,10.4699,True,1.6473,True,13.2638,True,5.8667
NOW,C3_Reentry_Stop,DCA_ADDITION,2026-05-01,2026-05-04,91.16,91.97,True,38.7953,True,19.6803,True,49.0347,True,26.9855
NOW,C3_Reentry_Stop,DCA_ADDITION,2026-06-01,2026-06-02,135.86,127.65,True,-17.1171,True,8.445,True,-26.9248,True,-7.4047
NOW,C3_Reentry_Stop,EXIT_SELL,2026-06-11,2026-06-12,103.08,102.15,True,2.6432,True,28.3505,True,7.9356,True,30.1998
NOW,C3_Reentry_Stop,PANIC_BUY,2026-06-29,2026-06-30,99.97,99.28,True,16.5995,False,,True,10.6532,False,
NOW,C3_Reentry_Stop,DCA_ADDITION,2026-07-01,2026-07-02,105.8,106.32,True,4.6181,False,,True,4.0359,False,
NOW,C3_Reentry_Stop,EXIT_SELL,2026-07-21,2026-07-22,102.06,95.46,True,33.2495,False,,True,17.0782,False,
NOW,C3_Reentry_Stop,PANIC_BUY,2026-07-28,2026-07-29,110.62,115.76,True,8.6731,False,,True,14.8074,False,
NOW,C3_Reentry_Stop,DCA_ADDITION,2026-08-03,2026-08-04,114.19,118.14,True,20.9582,False,,True,29.5998,False,
NOW,C3_Reentry_Stop,DCA_ADDITION,2026-09-01,2026-09-02,142.9,136.72,False,,False,,False,,False,
NOW,C4_A_plus_B,PANIC_BUY,2014-04-21,2014-04-22,10.63,11.046,True,-12.2035,True,2.4986,True,-8.937,True,5.9643
NOW,C4_A_plus_B,DCA_ADDITION,2014-05-01,2014-05-02,10.096,10.236,True,-1.7976,True,16.6471,True,3.6252,True,15.5507
NOW,C4_A_plus_B,DCA_ADDITION,2014-06-02,2014-06-03,10.052,10.082,True,26.1258,True,19.1827,True,23.279,True,18.842
NOW,C4_A_plus_B,DCA_ADDITION,2014-07-01,2014-07-02,12.716,12.424,True,-5.3445,True,-4.1211,True,-1.4785,True,-8.1472
NOW,C4_A_plus_B,DCA_ADDITION,2014-08-01,2014-08-04,11.334,11.542,True,8.9066,True,16.0457,True,7.8701,True,13.0933
NOW,C4_A_plus_B,DCA_ADDITION,2014-09-02,2014-09-03,12.57,12.548,True,-8.6707,True,1.9605,True,-6.4757,True,0.2068
NOW,C4_A_plus_B,EXIT_SELL,2014-09-30,2014-10-01,11.756,11.46,True,13.4904,True,22.3735,True,13.9333,True,18.5607
NOW,C4_A_plus_B,PANIC_BUY,2014-10-21,2014-10-22,12.096,11.614,True,9.7296,True,11.6411,True,7.4405,True,5.754
NOW,C4_A_plus_B,DCA_ADDITION,2014-11-03,2014-11-04,13.242,13.376,True,-7.5508,True,9.1358,True,-6.7663,True,10.1042
NOW,C4_A_plus_B,DCA_ADDITION,2014-12-01,2014-12-02,12.37,12.346,True,9.9141,True,23.8296,True,9.7494,True,23.2983
NOW,C4_A_plus_B,DCA_ADDITION,2015-01-02,2015-01-05,13.476,13.43,True,8.1906,True,12.6582,True,8.3259,True,16.919
NOW,C4_A_plus_B,DCA_ADDITION,2015-02-02,2015-02-03,14.598,14.53,True,1.3076,True,3.042,True,3.3703,True,6.1378
NOW,C4_A_plus_B,EXIT_SELL,2015-02-27,2015-03-02,15.252,15.288,True,3.9246,True,2.551,True,2.898,True,1.9014
NOW,C4_A_plus_B,TREND_BUY,2015-03-02,2015-03-03,15.288,15.09,True,4.4135,True,3.9099,True,3.9246,True,2.551
NOW,C4_A_plus_B,EXIT_SELL,2015-03-30,2015-03-31,15.888,15.756,True,-1.6629,True,0.1777,True,-5.6017,True,-2.4799
NOW,C4_A_plus_B,TREND_BUY,2015-03-31,2015-04-01,15.756,15.13,True,-1.0443,True,1.811,True,-1.6629,True,0.1777
NOW,C4_A_plus_B,DCA_ADDITION,2015-05-01,2015-05-04,14.75,14.722,True,2.4046,True,5.9367,True,2.6169,True,6.6169
NOW,C4_A_plus_B,DCA_ADDITION,2015-06-01,2015-06-02,15.136,15.076,True,-1.4195,True,-5.2667,True,-2.5238,True,-9.2627
NOW,C4_A_plus_B,DCA_ADDITION,2015-07-01,2015-07-02,14.78,14.906,True,8.0102,True,-7.3796,True,9.6482,True,-1.4073
NOW,C4_A_plus_B,DCA_ADDITION,2015-08-03,2015-08-04,15.83,15.582,True,-11.539,True,5.4422,True,-10.3474,True,1.2887
NOW,C4_A_plus_B,DCA_ADDITION,2015-09-01,2015-09-02,13.784,13.99,True,2.3302,True,24.7891,True,0.769,True,26.0737
NOW,C4_A_plus_B,DCA_ADDITION,2015-10-01,2015-10-02,14.316,14.446,True,13.0417,True,21.9992,True,13.9424,True,21.3887
NOW,C4_A_plus_B,DCA_ADDITION,2015-11-02,2015-11-03,16.404,16.506,True,6.0584,True,-24.9243,True,5.4255,True,-24.1526
NOW,C4_A_plus_B,DCA_ADDITION,2015-12-01,2015-12-02,17.294,17.506,True,-1.1082,True,-33.9084,True,1.0524,True,-36.4057
NOW,C4_A_plus_B,DCA_ADDITION,2016-01-04,2016-01-05,16.814,16.8,True,-29.4048,True,-26.1548,True,-31.902,True,-27.2273
NOW,C4_A_plus_B,DCA_ADDITION,2016-02-01,2016-02-02,12.392,11.45,True,0.7162,True,24.6638,True,-6.6333,True,18.06
NOW,C4_A_plus_B,DCA_ADDITION,2016-03-01,2016-03-02,11.57,11.532,True,6.1048,True,21.488,True,5.5661,True,22.3163
NOW,C4_A_plus_B,DCA_ADDITION,2016-04-01,2016-04-04,12.406,12.856,True,12.0411,True,1.3223,True,15.2346,True,2.6439
NOW,C4_A_plus_B,DCA_ADDITION,2016-05-02,2016-05-03,14.404,13.968,True,4.768,True,9.3643,True,-0.5415,True,1.333
NOW,C4_A_plus_B,EXIT_SELL,2016-05-05,2016-05-06,13.558,13.456,True,11.5636,True,8.8436,True,8.4673,True,10.739
NOW,C4_A_plus_B,TREND_BUY,2016-05-06,2016-05-09,13.456,13.486,True,12.7391,True,10.1439,True,11.5636,True,8.8436
NOW,C4_A_plus_B,DCA_ADDITION,2016-06-01,2016-06-02,14.634,14.846,True,-10.5483,True,-0.9834,True,-9.1978,True,0.5877
NOW,C4_A_plus_B,DCA_ADDITION,2016-07-01,2016-07-05,13.242,13.054,True,12.1955,True,22.2154,True,13.3817,True,19.3777
NOW,C4_A_plus_B,DCA_ADDITION,2016-08-01,2016-08-02,15.014,14.646,True,0.2868,True,7.7427,True,-2.2379,True,6.2875
NOW,C4_A_plus_B,EXIT_SELL,2016-08-17,2016-08-18,14.614,14.614,True,5.7753,True,13.0833,True,6.3501,True,12.4127
NOW,C4_A_plus_B,TREND_BUY,2016-08-18,2016-08-19,14.614,14.738,True,3.1212,True,13.0004,True,5.7753,True,13.0833
NOW,C4_A_plus_B,DCA_ADDITION,2016-09-01,2016-09-02,14.8,15.248,True,4.3678,True,9.4176,True,6.9595,True,14.6216
NOW,C4_A_plus_B,EXIT_SELL,2016-09-13,2016-09-14,14.484,14.512,True,3.7348,True,10.4052,True,8.8097,True,10.4391
NOW,C4_A_plus_B,TREND_BUY,2016-09-19,2016-09-20,15.198,15.056,True,1.169,True,4.8751,True,-1.7765,True,4.4743
NOW,C4_A_plus_B,DCA_ADDITION,2016-10-03,2016-10-04,15.914,15.856,True,9.5989,True,-5.4743,True,10.4813,True,-5.4669
NOW,C4_A_plus_B,DCA_ADDITION,2016-11-01,2016-11-02,17.378,16.918,True,-8.8663,True,7.1285,True,-4.3043,True,3.7173
NOW,C4_A_plus_B,DCA_ADDITION,2016-12-01,2016-12-02,15.418,15.312,True,-1.1756,True,12.7743,True,-3.5673,True,15.3068
NOW,C4_A_plus_B,DCA_ADDITION,2017-01-03,2017-01-04,15.132,15.766,True,12.7236,True,10.9603,True,18.5567,True,14.9088
NOW,C4_A_plus_B,DCA_ADDITION,2017-02-01,2017-02-02,17.94,17.772,True,-2.6896,True,6.831,True,-3.7458,True,5.3289
NOW,C4_A_plus_B,DCA_ADDITION,2017-03-01,2017-03-02,17.778,17.268,True,0.6949,True,22.8052,True,-1.44,True,17.5835
NOW,C4_A_plus_B,DCA_ADDITION,2017-04-03,2017-04-04,17.244,17.058,True,10.3412,True,24.0708,True,10.1369,True,26.2004
NOW,C4_A_plus_B,DCA_ADDITION,2017-05-01,2017-05-02,18.986,18.992,True,10.2043,True,16.4069,True,10.987,True,15.5799
NOW,C4_A_plus_B,DCA_ADDITION,2017-06-01,2017-06-02,21.302,21.46,True,-1.2115,True,4.2964,True,-0.6478,True,3.8306
NOW,C4_A_plus_B,DCA_ADDITION,2017-07-03,2017-07-05,20.716,21.022,True,1.9599,True,10.979,True,6.9222,True,11.508
NOW,C4_A_plus_B,DCA_ADDITION,2017-08-01,2017-08-02,22.15,21.434,True,6.625,True,17.7009,True,0.9029,True,12.5237
NOW,C4_A_plus_B,DCA_ADDITION,2017-09-01,2017-09-05,23.098,23.23,True,1.4464,True,3.8226,True,1.1343,True,9.6459
NOW,C4_A_plus_B,DCA_ADDITION,2017-10-02,2017-10-03,23.36,23.566,True,7.2477,True,10.914,True,7.0634,True,11.524
NOW,C4_A_plus_B,EXIT_SELL,2017-10-23,2017-10-24,24.798,25.178,True,1.7317,True,14.3061,True,2.968,True,14.7431
NOW,C4_A_plus_B,TREND_BUY,2017-10-24,2017-10-25,25.178,24.924,True,2.2709,True,15.8963,True,1.7317,True,14.3061
NOW,C4_A_plus_B,DCA_ADDITION,2017-11-01,2017-11-02,24.902,24.868,True,-1.3511,True,19.7282,True,-1.2128,True,17.7335
NOW,C4_A_plus_B,DCA_ADDITION,2017-12-01,2017-12-04,24.532,22.724,True,16.9776,True,46.6907,True,7.3944,True,30.0913
NOW,C4_A_plus_B,DCA_ADDITION,2018-01-02,2018-01-03,26.346,26.582,True,14.9725,True,21.6011,True,13.0115,True,25.5978
NOW,C4_A_plus_B,DCA_ADDITION,2018-02-01,2018-02-02,30.562,29.952,True,12.3798,True,10.4567,True,9.0701,True,8.7233
NOW,C4_A_plus_B,EXIT_SELL,2018-02-05,2018-02-06,29.478,29.804,True,16.1321,True,13.2264,True,16.0662,True,12.2871
NOW,C4_A_plus_B,TREND_BUY,2018-02-06,2018-02-07,29.804,30.634,True,12.9399,True,11.7843,True,16.1321,True,13.2264
NOW,C4_A_plus_B,DCA_ADDITION,2018-03-01,2018-03-02,31.914,33.334,True,-3.0299,True,5.7779,True,3.6849,True,10.7476
NOW,C4_A_plus_B,EXIT_SELL,2018-03-16,2018-03-19,33.996,33.962,True,2.7855,True,6.7252,True,-0.3118,True,6.9773
NOW,C4_A_plus_B,TREND_BUY,2018-03-19,2018-03-20,33.962,34.422,True,1.2724,True,7.6869,True,2.7855,True,6.7252
NOW,C4_A_plus_B,DCA_ADDITION,2018-04-02,2018-04-03,32.324,32.354,True,2.2563,True,3.8326,True,2.7967,True,5.7109
NOW,C4_A_plus_B,EXIT_SELL,2018-04-13,2018-04-16,33.38,33.89,True,2.5258,True,10.4633,True,7.172,True,11.2043
NOW,C4_A_plus_B,TREND_BUY,2018-04-16,2018-04-17,33.89,34.908,True,-0.6417,True,11.5274,True,2.5258,True,10.4633
NOW,C4_A_plus_B,DCA_ADDITION,2018-05-01,2018-05-02,33.084,33.1,True,7.3172,True,11.148,True,7.889,True,16.2616
NOW,C4_A_plus_B,EXIT_SELL,2018-05-17,2018-05-18,34.342,34.788,True,7.1691,True,6.0653,True,8.526,True,7.7514
NOW,C4_A_plus_B,TREND_BUY,2018-05-18,2018-05-21,34.788,34.29,True,7.0924,True,6.5792,True,7.1691,True,6.0653
NOW,C4_A_plus_B,DCA_ADDITION,2018-06-01,2018-06-04,36.302,36.7,True,-3.2153,True,5.8638,True,-4.9804,True,6.468
NOW,C4_A_plus_B,EXIT_SELL,2018-06-13,2018-06-14,36.246,37.068,True,3.0862,True,7.3756,True,7.4105,True,8.6906
NOW,C4_A_plus_B,TREND_BUY,2018-06-14,2018-06-15,37.068,37.27,True,1.465,True,7.0566,True,3.0862,True,7.3756
NOW,C4_A_plus_B,DCA_ADDITION,2018-07-02,2018-07-03,35.52,35.438,True,0.4233,True,10.0965,True,-0.9234,True,10.1971
NOW,C4_A_plus_B,DCA_ADDITION,2018-08-01,2018-08-02,35.588,36.568,True,8.5375,True,-8.7946,True,12.5267,True,-2.9842
NOW,C4_A_plus_B,DCA_ADDITION,2018-09-04,2018-09-05,40.052,38.152,True,2.8518,True,-6.1124,True,-3.6752,True,-11.1805
NOW,C4_A_plus_B,EXIT_SELL,2018-09-13,2018-09-14,40.916,40.594,True,-9.1245,True,-9.632,True,-14.4736,True,-9.6197
NOW,C4_A_plus_B,TREND_BUY,2018-09-14,2018-09-17,40.594,38.564,True,-6.1767,True,-2.6864,True,-9.1245,True,-9.632
NOW,C4_A_plus_B,DCA_ADDITION,2018-10-01,2018-10-02,38.922,38.58,True,-12.649,True,-6.5163,True,-15.6107,True,-8.4323
NOW,C4_A_plus_B,DCA_ADDITION,2018-11-01,2018-11-02,36.746,35.756,True,5.2075,True,23.9009,True,0.8382,True,19.7518
NOW,C4_A_plus_B,EXIT_SELL,2018-11-13,2018-11-14,33.734,33.476,True,8.7227,True,38.5888,True,11.5492,True,39.1178
NOW,C4_A_plus_B,PANIC_BUY,2018-11-28,2018-11-29,35.574,35.82,True,-0.5863,True,33.6907,True,1.383,True,35.1043
NOW,C4_A_plus_B,DCA_ADDITION,2018-12-03,2018-12-04,37.618,36.17,True,-0.8958,True,30.4949,True,-10.0856,True,25.9876
NOW,C4_A_plus_B,DCA_ADDITION,2019-01-02,2019-01-03,35.664,33.824,True,30.978,True,45.2992,True,23.3849,True,38.229
NOW,C4_A_plus_B,EXIT_SELL,2019-01-03,2019-01-04,33.824,35.846,True,25.6151,True,37.7113,True,30.978,True,45.2992
NOW,C4_A_plus_B,TREND_BUY,2019-01-08,2019-01-09,37.622,38.094,True,19.1579,True,24.4185,True,19.9086,True,26.0061
NOW,C4_A_plus_B,DCA_ADDITION,2019-02-01,2019-02-04,44.302,45.028,True,4.8237,True,20.1031,True,6.9794,True,22.5723
NOW,C4_A_plus_B,EXIT_SELL,2019-02-20,2019-02-21,45.9,46.002,True,9.104,True,18.6861,True,6.5752,True,21.1155
NOW,C4_A_plus_B,TREND_BUY,2019-02-21,2019-02-22,46.002,47.0,True,2.6426,True,12.8,True,9.104,True,18.6861
NOW,C4_A_plus_B,DCA_ADDITION,2019-03-01,2019-03-04,48.704,47.394,True,3.6967,True,11.4867,True,1.2196,True,9.4982
NOW,C4_A_plus_B,EXIT_SELL,2019-03-25,2019-03-26,48.34,49.0,True,-0.9388,True,17.8775,True,0.7654,True,18.1258
NOW,C4_A_plus_B,TREND_BUY,2019-03-26,2019-03-27,49.0,48.274,True,8.0043,True,18.3826,True,-0.9388,True,17.8775
NOW,C4_A_plus_B,DCA_ADDITION,2019-04-01,2019-04-02,49.146,49.364,True,9.5535,True,12.8393,True,10.4912,True,12.0498
NOW,C4_A_plus_B,DCA_ADDITION,2019-05-01,2019-05-02,54.08,52.534,True,-0.2817,True,8.821,True,-2.8846,True,7.0007
NOW,C4_A_plus_B,EXIT_SELL,2019-05-13,2019-05-14,52.024,54.414,True,-1.54,True,-1.8231,True,2.372,True,0.2191
NOW,C4_A_plus_B,TREND_BUY,2019-05-14,2019-05-15,54.414,54.792,True,-0.0621,True,-3.7013,True,-1.54,True,-1.8231
NOW,C4_A_plus_B,DCA_ADDITION,2019-06-03,2019-06-04,49.676,51.51,True,11.9433,True,1.0755,True,14.1437,True,7.1785
NOW,C4_A_plus_B,EXIT_SELL,2019-06-11,2019-06-12,53.258,53.576,True,12.8528,True,-1.6351,True,12.1897,True,1.2505
NOW,C4_A_plus_B,TREND_BUY,2019-06-12,2019-06-13,53.576,54.758,True,9.9858,True,-6.9798,True,12.8528,True,-1.6351
NOW,C4_A_plus_B,DCA_ADDITION,2019-07-01,2019-07-02,56.702,57.662,True,-3.7876,True,-10.5165,True,-0.8853,True,-8.5112
NOW,C4_A_plus_B,EXIT_SELL,2019-07-18,2019-07-19,58.936,57.948,True,-11.3309,True,-7.0063,True,-14.3851,True,-8.2632
NOW,C4_A_plus_B,TREND_BUY,2019-07-19,2019-07-22,57.948,58.762,True,-13.0356,True,-6.6608,True,-11.3309,True,-7.0063
NOW,C4_A_plus_B,DCA_ADDITION,2019-08-01,2019-08-02,54.8,53.172,True,-1.5121,True,-7.9591,True,-3.3613,True,-11.9635
NOW,C4_A_plus_B,DCA_ADDITION,2019-09-03,2019-09-04,52.676,53.704,True,-8.0702,True,4.752,True,-5.0307,True,5.8774
NOW,C4_A_plus_B,DCA_ADDITION,2019-10-01,2019-10-02,50.026,49.37,True,1.2558,True,16.2163,True,-3.6341,True,14.4205
NOW,C4_A_plus_B,DCA_ADDITION,2019-11-01,2019-11-04,50.606,49.16,True,13.511,True,37.6038,True,9.6115,True,35.0117
NOW,C4_A_plus_B,DCA_ADDITION,2019-12-02,2019-12-03,55.47,55.802,True,4.3834,True,23.4364,True,1.792,True,17.5735
NOW,C4_A_plus_B,DCA_ADDITION,2020-01-02,2020-01-03,58.248,58.22,True,17.8976,True,-1.5527,True,16.1345,True,-1.6653
NOW,C4_A_plus_B,DCA_ADDITION,2020-02-03,2020-02-04,68.64,70.406,True,-1.9771,True,-0.1392,True,-3.954,True,-6.1801
NOW,C4_A_plus_B,DCA_ADDITION,2020-03-02,2020-03-03,68.88,65.926,True,-13.0601,True,14.668,True,-16.8438,True,7.77
NOW,C4_A_plus_B,EXIT_SELL,2020-03-27,2020-03-30,54.8,57.278,True,3.3556,True,37.201,True,12.6277,True,46.3285
NOW,C4_A_plus_B,PANIC_BUY,2020-04-08,2020-04-09,54.81,55.612,True,35.6758,True,48.076,True,39.3286,True,51.9577
NOW,C4_A_plus_B,DCA_ADDITION,2020-05-01,2020-05-04,67.902,70.928,True,10.7884,True,25.6796,True,12.9186,True,28.1376
NOW,C4_A_plus_B,EXIT_SELL,2020-05-21,2020-05-22,76.728,77.592,True,3.8303,True,12.79,True,4.2305,True,15.3086
NOW,C4_A_plus_B,TREND_BUY,2020-05-22,2020-05-26,77.592,76.134,True,5.3248,True,14.8317,True,3.8303,True,12.79
NOW,C4_A_plus_B,DCA_ADDITION,2020-06-01,2020-06-02,76.674,78.58,True,3.0949,True,24.1283,True,2.9162,True,19.4486
NOW,C4_A_plus_B,EXIT_SELL,2020-06-16,2020-06-17,79.692,80.13,True,3.3021,True,11.2942,True,6.2992,True,13.6827
NOW,C4_A_plus_B,TREND_BUY,2020-06-17,2020-06-18,80.13,80.206,True,5.1817,True,14.2209,True,3.3021,True,11.2942
NOW,C4_A_plus_B,DCA_ADDITION,2020-07-01,2020-07-02,83.358,82.842,True,6.0332,True,16.8996,True,3.5054,True,15.1587
NOW,C4_A_plus_B,EXIT_SELL,2020-07-13,2020-07-14,80.374,82.646,True,1.9674,True,20.998,True,9.1597,True,22.3132
NOW,C4_A_plus_B,TREND_BUY,2020-07-14,2020-07-15,82.646,84.712,True,0.8429,True,17.2207,True,1.9674,True,20.998
NOW,C4_A_plus_B,EXIT_SELL,2020-08-03,2020-08-04,87.992,87.63,True,13.4748,True,10.4759,True,9.56,True,13.6035
NOW,C4_A_plus_B,TREND_BUY,2020-08-04,2020-08-05,87.63,87.148,True,14.6762,True,17.1777,True,13.4748,True,10.4759
NOW,C4_A_plus_B,DCA_ADDITION,2020-09-01,2020-09-02,99.438,99.938,True,-1.4349,True,5.5614,True,-2.4518,True,4.4309
NOW,C4_A_plus_B,EXIT_SELL,2020-09-04,2020-09-08,90.07,88.628,True,10.9221,True,18.8157,True,11.4222,True,19.8157
NOW,C4_A_plus_B,TREND_BUY,2020-09-08,2020-09-09,88.628,91.64,True,9.1227,True,14.6312,True,10.9221,True,18.8157
NOW,C4_A_plus_B,DCA_ADDITION,2020-10-01,2020-10-02,98.504,98.63,True,0.8963,True,10.7128,True,3.6689,True,10.3996
NOW,C4_A_plus_B,EXIT_SELL,2020-10-21,2020-10-22,102.056,101.192,True,1.6543,True,7.1606,True,-0.6193,True,1.7912
NOW,C4_A_plus_B,TREND_BUY,2020-10-22,2020-10-23,101.192,102.802,True,0.7879,True,5.8987,True,1.6543,True,7.1606
NOW,C4_A_plus_B,DCA_ADDITION,2020-11-02,2020-11-03,95.2,96.01,True,9.6802,True,16.3545,True,13.3592,True,14.1093
NOW,C4_A_plus_B,EXIT_SELL,2020-11-18,2020-11-19,101.424,102.866,True,9.9353,True,11.9515,True,9.2582,True,14.5567
NOW,C4_A_plus_B,TREND_BUY,2020-11-19,2020-11-20,102.866,103.612,True,6.3236,True,10.1668,True,9.9353,True,11.9515
NOW,C4_A_plus_B,DCA_ADDITION,2020-12-01,2020-12-02,107.918,105.304,True,4.5411,True,4.3265,True,1.4437,True,3.1283
NOW,C4_A_plus_B,EXIT_SELL,2020-12-28,2020-12-29,108.748,109.196,True,1.5129,True,-9.3373,True,-5.0097,True,-13.1607
NOW,C4_A_plus_B,TREND_BUY,2020-12-29,2020-12-30,109.196,109.476,True,-0.7709,True,-11.3249,True,1.5129,True,-9.3373
NOW,C4_A_plus_B,DCA_ADDITION,2021-01-04,2021-01-05,105.366,106.394,True,8.399,True,-4.692,True,10.7587,True,-5.0718
NOW,C4_A_plus_B,DCA_ADDITION,2021-02-01,2021-02-02,111.712,116.702,True,-11.5696,True,-13.4548,True,-1.6578,True,-0.2363
NOW,C4_A_plus_B,EXIT_SELL,2021-02-17,2021-02-18,116.188,115.16,True,-19.0379,True,-20.0538,True,-16.5146,True,-21.6821
NOW,C4_A_plus_B,TREND_BUY,2021-02-18,2021-02-19,115.16,114.146,True,-17.5021,True,-20.3827,True,-19.0379,True,-20.0538
NOW,C4_A_plus_B,DCA_ADDITION,2021-03-01,2021-03-02,111.294,109.86,True,-11.2379,True,-11.6312,True,-12.7734,True,-13.7599
NOW,C4_A_plus_B,DCA_ADDITION,2021-04-01,2021-04-05,101.402,102.804,True,-4.6107,True,8.6709,True,-0.1262,True,8.9071
NOW,C4_A_plus_B,DCA_ADDITION,2021-05-03,2021-05-04,98.064,96.66,True,-3.3706,True,21.3387,True,-4.3135,True,18.9733
NOW,C4_A_plus_B,DCA_ADDITION,2021-06-01,2021-06-02,93.834,93.402,True,17.6741,True,33.6224,True,19.0592,True,32.3763
NOW,C4_A_plus_B,DCA_ADDITION,2021-07-01,2021-07-02,109.034,110.366,True,5.9511,True,10.998,True,7.8361,True,19.1482
NOW,C4_A_plus_B,DCA_ADDITION,2021-08-02,2021-08-03,116.934,116.932,True,10.0879,True,13.7003,True,9.7457,True,15.7422
NOW,C4_A_plus_B,DCA_ADDITION,2021-09-01,2021-09-02,130.17,132.062,True,-4.1662,True,1.8946,True,-4.3912,True,-0.1997
NOW,C4_A_plus_B,DCA_ADDITION,2021-10-01,2021-10-04,126.56,123.594,True,10.3581,True,5.9242,True,10.2655,True,3.3502
NOW,C4_A_plus_B,DCA_ADDITION,2021-11-01,2021-11-02,136.396,137.318,True,-12.6742,True,-18.2802,True,-5.0265,True,-22.4772
NOW,C4_A_plus_B,EXIT_SELL,2021-11-02,2021-11-03,137.318,137.534,True,-9.3504,True,-14.8167,True,-12.6742,True,-18.2802
NOW,C4_A_plus_B,TREND_BUY,2021-11-03,2021-11-04,137.534,140.346,True,-12.6288,True,-16.4151,True,-9.3504,True,-14.8167
NOW,C4_A_plus_B,DCA_ADDITION,2021-12-01,2021-12-02,119.914,124.674,True,4.1292,True,-8.3899,True,9.1682,True,-3.2773
NOW,C4_A_plus_B,DCA_ADDITION,2022-01-03,2022-01-04,126.028,120.788,True,-3.7736,True,-7.7905,True,-6.9191,True,-8.9107
NOW,C4_A_plus_B,DCA_ADDITION,2022-02-01,2022-02-02,117.308,116.23,True,-3.2419,True,-17.7321,True,0.0887,True,-14.0689
NOW,C4_A_plus_B,EXIT_SELL,2022-02-18,2022-02-22,111.202,110.03,True,6.9999,True,-25.0659,True,2.4802,True,-22.1507
NOW,C4_A_plus_B,PANIC_BUY,2022-03-17,2022-03-18,113.336,115.976,True,-14.2012,True,-23.3031,True,-10.4733,True,-22.2895
NOW,C4_A_plus_B,DCA_ADDITION,2022-04-01,2022-04-04,109.738,114.964,True,-16.172,True,-17.275,True,-11.6988,True,-12.9217
NOW,C4_A_plus_B,EXIT_SELL,2022-04-05,2022-04-06,110.644,105.59,True,-11.1033,True,-6.065,True,-9.7177,True,-12.4471
NOW,C4_A_plus_B,PANIC_BUY,2022-05-25,2022-05-26,90.458,90.974,True,9.196,True,1.1256,True,11.4528,True,1.6405
NOW,C4_A_plus_B,DCA_ADDITION,2022-06-01,2022-06-02,95.026,100.96,True,-4.0491,True,-13.6727,True,0.0821,True,-6.4067
NOW,C4_A_plus_B,DCA_ADDITION,2022-07-01,2022-07-05,96.872,99.186,True,-8.3661,True,-21.5918,True,-6.3156,True,-21.7627
NOW,C4_A_plus_B,DCA_ADDITION,2022-08-01,2022-08-02,90.754,90.888,True,-3.8729,True,-19.3711,True,-3.9646,True,-16.9932
NOW,C4_A_plus_B,DCA_ADDITION,2022-09-01,2022-09-02,86.112,86.902,True,-9.8502,True,-8.6672,True,-12.2979,True,-6.6495
NOW,C4_A_plus_B,EXIT_SELL,2022-09-19,2022-09-20,85.01,82.24,True,-13.232,True,1.7485,True,-17.9838,True,-2.0892
NOW,C4_A_plus_B,PANIC_BUY,2022-10-04,2022-10-05,82.31,84.116,True,-6.6337,True,-7.6822,True,1.7033,True,-5.2727
NOW,C4_A_plus_B,EXIT_SELL,2022-10-12,2022-10-13,73.826,72.38,True,11.6496,True,5.2335,True,-2.1293,True,2.5547
NOW,C4_A_plus_B,PANIC_BUY,2022-10-25,2022-10-26,75.332,73.282,True,11.7246,True,21.0147,True,6.2709,True,17.464
NOW,C4_A_plus_B,DCA_ADDITION,2022-11-01,2022-11-02,83.712,78.536,True,8.3834,True,15.9035,True,-0.5399,True,5.7363
NOW,C4_A_plus_B,DCA_ADDITION,2022-12-01,2022-12-02,85.12,82.574,True,-6.6292,True,5.6119,True,-8.7712,True,0.7848
NOW,C4_A_plus_B,EXIT_SELL,2022-12-07,2022-12-08,77.704,79.246,True,-4.4595,True,12.8057,True,-5.6599,True,14.4883
NOW,C4_A_plus_B,TREND_BUY,2022-12-12,2022-12-13,80.328,83.234,True,-0.6992,True,-0.298,True,-1.957,True,3.3463
NOW,C4_A_plus_B,DCA_ADDITION,2023-01-03,2023-01-04,77.1,78.77,True,24.7353,True,17.9942,True,22.9079,True,14.0415
NOW,C4_A_plus_B,EXIT_SELL,2023-01-05,2023-01-06,73.264,73.306,True,24.1972,True,29.8802,True,28.9092,True,26.799
NOW,C4_A_plus_B,TREND_BUY,2023-01-17,2023-01-18,83.648,83.24,True,11.4632,True,11.2518,True,10.3075,True,15.6035
NOW,C4_A_plus_B,DCA_ADDITION,2023-02-01,2023-02-02,94.762,98.254,True,-9.6261,True,-8.3172,True,-7.9716,True,-3.0371
NOW,C4_A_plus_B,DCA_ADDITION,2023-03-01,2023-03-02,85.788,87.208,True,0.8233,True,23.2593,True,2.2148,True,23.9754
NOW,C4_A_plus_B,EXIT_SELL,2023-03-22,2023-03-23,86.702,88.094,True,7.4557,True,27.0211,True,7.8845,True,30.4422
NOW,C4_A_plus_B,TREND_BUY,2023-04-04,2023-04-05,95.21,93.466,True,-7.8788,True,20.4438,True,-8.1861,True,18.0485
NOW,C4_A_plus_B,EXIT_SELL,2023-04-25,2023-04-26,88.456,90.806,True,10.6865,True,27.3132,True,13.0822,True,31.5954
NOW,C4_A_plus_B,TREND_BUY,2023-04-28,2023-05-01,91.884,90.082,True,21.9156,True,24.3067,True,16.9866,True,25.6519
NOW,C4_A_plus_B,DCA_ADDITION,2023-06-01,2023-06-02,108.592,109.636,True,2.6798,True,5.5985,True,3.5012,True,4.6689
NOW,C4_A_plus_B,EXIT_SELL,2023-06-09,2023-06-12,106.806,109.27,True,2.7437,True,9.6953,True,5.1327,True,12.0742
NOW,C4_A_plus_B,TREND_BUY,2023-06-12,2023-06-13,109.27,110.944,True,4.0976,True,8.1753,True,2.7437,True,9.6953
NOW,C4_A_plus_B,DCA_ADDITION,2023-07-03,2023-07-05,112.574,113.152,True,-0.4578,True,-2.1635,True,4.8892,True,-2.9296
NOW,C4_A_plus_B,EXIT_SELL,2023-07-07,2023-07-10,110.596,113.12,True,-1.8936,True,-4.3069,True,-0.2441,True,0.4069
NOW,C4_A_plus_B,TREND_BUY,2023-07-10,2023-07-11,113.12,112.288,True,-1.5336,True,-2.2799,True,-1.8936,True,-4.3069
NOW,C4_A_plus_B,DCA_ADDITION,2023-08-01,2023-08-02,118.078,112.634,True,4.4516,True,-2.1699,True,-1.9513,True,-10.2
NOW,C4_A_plus_B,DCA_ADDITION,2023-09-01,2023-09-05,118.176,119.432,True,-9.3643,True,13.6931,True,-6.0334,True,12.5846
NOW,C4_A_plus_B,DCA_ADDITION,2023-10-02,2023-10-03,111.046,108.248,True,7.5031,True,29.7872,True,2.3972,True,26.7511
NOW,C4_A_plus_B,DCA_ADDITION,2023-11-01,2023-11-02,118.696,119.886,True,15.2411,True,27.688,True,15.5456,True,32.3937
NOW,C4_A_plus_B,DCA_ADDITION,2023-12-01,2023-12-04,138.158,137.524,True,-1.7917,True,12.5084,True,-0.4734,True,11.6606
NOW,C4_A_plus_B,EXIT_SELL,2023-12-14,2023-12-15,136.078,139.648,True,4.1963,True,11.6364,True,6.9328,True,14.1816
NOW,C4_A_plus_B,TREND_BUY,2023-12-15,2023-12-18,139.648,140.744,True,6.0024,True,5.7111,True,4.1963,True,11.6364
NOW,C4_A_plus_B,DCA_ADDITION,2024-01-02,2024-01-03,137.504,135.06,True,14.1715,True,13.782,True,11.3277,True,10.8913
NOW,C4_A_plus_B,DCA_ADDITION,2024-02-01,2024-02-02,154.2,156.26,True,-0.6668,True,-11.2594,True,0.3411,True,-6.4643
NOW,C4_A_plus_B,EXIT_SELL,2024-02-12,2024-02-13,157.47,154.752,True,0.4032,True,-6.5679,True,0.2807,True,-8.4232
NOW,C4_A_plus_B,TREND_BUY,2024-02-13,2024-02-14,154.752,158.4,True,-1.5795,True,-7.8548,True,0.4032,True,-6.5679
NOW,C4_A_plus_B,DCA_ADDITION,2024-03-01,2024-03-04,154.726,155.218,True,-2.4598,True,-5.7944,True,-0.6799,True,-5.787
NOW,C4_A_plus_B,EXIT_SELL,2024-03-14,2024-03-15,155.898,148.782,True,-1.0888,True,-4.2841,True,-1.3829,True,-9.0238
NOW,C4_A_plus_B,TREND_BUY,2024-03-22,2024-03-25,154.83,154.928,True,-4.3491,True,-5.2063,True,-6.7429,True,-5.6811
NOW,C4_A_plus_B,DCA_ADDITION,2024-04-01,2024-04-02,153.674,151.4,True,-8.4108,True,2.2629,True,-6.1442,True,-1.8819
NOW,C4_A_plus_B,DCA_ADDITION,2024-05-01,2024-05-02,137.122,139.144,True,-5.5755,True,14.8163,True,-6.1726,True,16.5473
NOW,C4_A_plus_B,DCA_ADDITION,2024-06-03,2024-06-04,132.022,134.4,True,16.9524,True,23.7009,True,20.2996,True,23.3294
NOW,C4_A_plus_B,DCA_ADDITION,2024-07-01,2024-07-02,157.792,158.822,True,2.5538,True,11.4279,True,1.2472,True,12.8105
NOW,C4_A_plus_B,DCA_ADDITION,2024-08-01,2024-08-02,162.276,158.128,True,8.1402,True,19.5234,True,2.4514,True,17.1892
NOW,C4_A_plus_B,DCA_ADDITION,2024-09-03,2024-09-04,167.172,166.966,True,5.4598,True,24.744,True,3.747,True,28.0202
NOW,C4_A_plus_B,DCA_ADDITION,2024-10-01,2024-10-02,173.436,176.082,True,7.9043,True,22.836,True,9.9057,True,26.7453
NOW,C4_A_plus_B,DCA_ADDITION,2024-11-01,2024-11-04,188.682,190.918,True,10.7617,True,6.9506,True,11.132,True,7.9467
NOW,C4_A_plus_B,EXIT_SELL,2024-11-27,2024-11-29,208.28,209.888,True,1.74,True,-11.4042,True,3.8467,True,-11.5652
NOW,C4_A_plus_B,TREND_BUY,2024-11-29,2024-12-02,209.888,209.686,True,1.115,True,-13.174,True,1.74,True,-11.4042
NOW,C4_A_plus_B,DCA_ADDITION,2025-01-02,2025-01-03,210.868,214.754,True,-5.9268,True,-23.2582,True,-3.1679,True,-23.0267
NOW,C4_A_plus_B,DCA_ADDITION,2025-02-03,2025-02-04,204.188,202.026,True,-9.3394,True,-5.1657,True,-11.2494,True,-6.4578
NOW,C4_A_plus_B,DCA_ADDITION,2025-03-03,2025-03-04,182.062,181.218,True,-10.4327,True,12.0452,True,-12.5419,True,12.1925
NOW,C4_A_plus_B,DCA_ADDITION,2025-04-01,2025-04-02,162.312,164.806,True,16.2518,True,24.7624,True,17.6758,True,25.9821
NOW,C4_A_plus_B,EXIT_SELL,2025-04-16,2025-04-17,159.332,154.432,True,34.7104,True,25.2292,True,29.94,True,20.1165
NOW,C4_A_plus_B,TREND_BUY,2025-04-28,2025-04-29,187.482,188.572,True,8.3194,True,2.7501,True,9.5988,True,6.2694
NOW,C4_A_plus_B,DCA_ADDITION,2025-05-01,2025-05-02,191.59,195.472,True,3.5555,True,0.0123,True,5.5473,True,3.6797
NOW,C4_A_plus_B,DCA_ADDITION,2025-06-02,2025-06-03,202.422,202.176,True,-0.1108,True,-8.1394,True,-0.0217,True,-12.2645
NOW,C4_A_plus_B,DCA_ADDITION,2025-07-01,2025-07-02,202.378,201.952,True,-6.5996,True,-7.3047,True,-3.4006,True,-9.2184
NOW,C4_A_plus_B,DCA_ADDITION,2025-08-01,2025-08-04,182.874,184.6,True,-1.2546,True,1.6154,True,0.3379,True,3.4909
NOW,C4_A_plus_B,DCA_ADDITION,2025-09-02,2025-09-03,182.284,183.876,True,-0.756,True,-12.689,True,0.9721,True,-9.4479
NOW,C4_A_plus_B,EXIT_SELL,2025-09-25,2025-09-26,183.722,187.2,True,-0.6229,True,-16.3034,True,2.2382,True,-15.4647
NOW,C4_A_plus_B,TREND_BUY,2025-09-30,2025-10-01,184.056,182.486,True,-0.08,True,-15.6702,True,1.9157,True,-17.0959
NOW,C4_A_plus_B,DCA_ADDITION,2025-11-03,2025-11-04,182.768,177.514,True,-6.1595,True,-33.5264,True,-9.7895,True,-35.9789
NOW,C4_A_plus_B,EXIT_SELL,2025-11-04,2025-11-05,177.514,175.926,True,-4.6338,True,-37.6044,True,-6.1595,True,-33.5264
NOW,C4_A_plus_B,PANIC_BUY,2025-12-03,2025-12-04,166.58,167.774,True,-12.0245,True,-32.1349,True,-11.484,True,-32.0507
NOW,C4_A_plus_B,EXIT_SELL,2025-12-15,2025-12-16,153.04,156.224,True,-16.0372,True,-26.4646,True,-12.0426,True,-25.758
NOW,C4_A_plus_B,PANIC_BUY,2026-02-18,2026-02-19,107.81,107.37,True,5.495,True,-11.4557,True,5.4726,True,-16.056
NOW,C4_A_plus_B,EXIT_SELL,2026-02-19,2026-02-20,107.37,104.27,True,5.8598,True,-0.8152,True,5.495,True,-11.4557
NOW,C4_A_plus_B,PANIC_BUY,2026-03-06,2026-03-09,124.34,121.93,True,-17.5346,True,-3.3052,True,-17.6291,True,2.6621
NOW,C4_A_plus_B,DCA_ADDITION,2026-04-01,2026-04-02,104.04,102.0,True,-10.6274,True,-2.6667,True,-15.1192,True,-3.912
NOW,C4_A_plus_B,EXIT_SELL,2026-04-23,2026-04-24,84.78,90.17,True,13.2638,True,5.8667,True,17.5867,True,20.3822
NOW,C4_A_plus_B,PANIC_BUY,2026-05-07,2026-05-08,93.59,91.18,True,25.2358,True,28.5589,True,20.1517,True,26.2314
NOW,C4_A_plus_B,DCA_ADDITION,2026-06-01,2026-06-02,135.86,127.65,True,-17.1171,True,8.445,True,-26.9248,True,-7.4047
NOW,C4_A_plus_B,EXIT_SELL,2026-06-11,2026-06-12,103.08,102.15,True,2.6432,True,28.3505,True,7.9356,True,30.1998
NOW,C4_A_plus_B,TREND_BUY,2026-06-12,2026-06-15,102.15,104.15,True,0.5569,True,25.9433,True,2.6432,True,28.3505
NOW,C4_A_plus_B,DCA_ADDITION,2026-07-01,2026-07-02,105.8,106.32,True,4.6181,False,,True,4.0359,False,
NOW,C4_A_plus_B,EXIT_SELL,2026-07-21,2026-07-22,102.06,95.46,True,33.2495,False,,True,17.0782,False,
NOW,C4_A_plus_B,PANIC_BUY,2026-07-28,2026-07-29,110.62,115.76,True,8.6731,False,,True,14.8074,False,
NOW,C4_A_plus_B,DCA_ADDITION,2026-08-03,2026-08-04,114.19,118.14,True,20.9582,False,,True,29.5998,False,
NOW,C4_A_plus_B,DCA_ADDITION,2026-09-01,2026-09-02,142.9,136.72,False,,False,,False,,False,
NOW,C5_A_plus_C,PANIC_BUY,2014-05-21,2014-05-22,9.674,10.088,True,19.885,True,11.023,True,24.0852,True,13.0866
NOW,C5_A_plus_C,DCA_ADDITION,2014-06-02,2014-06-03,10.052,10.082,True,26.1258,True,19.1827,True,23.279,True,18.842
NOW,C5_A_plus_C,DCA_ADDITION,2014-07-01,2014-07-02,12.716,12.424,True,-5.3445,True,-4.1211,True,-1.4785,True,-8.1472
NOW,C5_A_plus_C,DCA_ADDITION,2014-08-01,2014-08-04,11.334,11.542,True,8.9066,True,16.0457,True,7.8701,True,13.0933
NOW,C5_A_plus_C,DCA_ADDITION,2014-09-02,2014-09-03,12.57,12.548,True,-8.6707,True,1.9605,True,-6.4757,True,0.2068
NOW,C5_A_plus_C,EXIT_SELL,2014-09-30,2014-10-01,11.756,11.46,True,13.4904,True,22.3735,True,13.9333,True,18.5607
NOW,C5_A_plus_C,REENTRY_BUY,2014-10-21,2014-10-22,12.096,11.614,True,9.7296,True,11.6411,True,7.4405,True,5.754
NOW,C5_A_plus_C,DCA_ADDITION,2014-11-03,2014-11-04,13.242,13.376,True,-7.5508,True,9.1358,True,-6.7663,True,10.1042
NOW,C5_A_plus_C,DCA_ADDITION,2014-12-01,2014-12-02,12.37,12.346,True,9.9141,True,23.8296,True,9.7494,True,23.2983
NOW,C5_A_plus_C,DCA_ADDITION,2015-01-02,2015-01-05,13.476,13.43,True,8.1906,True,12.6582,True,8.3259,True,16.919
NOW,C5_A_plus_C,DCA_ADDITION,2015-02-02,2015-02-03,14.598,14.53,True,1.3076,True,3.042,True,3.3703,True,6.1378
NOW,C5_A_plus_C,EXIT_SELL,2015-02-27,2015-03-02,15.252,15.288,True,3.9246,True,2.551,True,2.898,True,1.9014
NOW,C5_A_plus_C,REENTRY_BUY,2015-03-17,2015-03-18,15.98,16.01,True,3.4853,True,-2.6359,True,1.0638,True,-2.7159
NOW,C5_A_plus_C,EXIT_SELL,2015-03-30,2015-03-31,15.888,15.756,True,-1.6629,True,0.1777,True,-5.6017,True,-2.4799
NOW,C5_A_plus_C,REENTRY_BUY,2015-04-16,2015-04-17,16.568,14.658,True,3.302,True,5.6215,True,-8.1965,True,-7.5326
NOW,C5_A_plus_C,DCA_ADDITION,2015-05-01,2015-05-04,14.75,14.722,True,2.4046,True,5.9367,True,2.6169,True,6.6169
NOW,C5_A_plus_C,DCA_ADDITION,2015-06-01,2015-06-02,15.136,15.076,True,-1.4195,True,-5.2667,True,-2.5238,True,-9.2627
NOW,C5_A_plus_C,DCA_ADDITION,2015-07-01,2015-07-02,14.78,14.906,True,8.0102,True,-7.3796,True,9.6482,True,-1.4073
NOW,C5_A_plus_C,DCA_ADDITION,2015-08-03,2015-08-04,15.83,15.582,True,-11.539,True,5.4422,True,-10.3474,True,1.2887
NOW,C5_A_plus_C,DCA_ADDITION,2015-09-01,2015-09-02,13.784,13.99,True,2.3302,True,24.7891,True,0.769,True,26.0737
NOW,C5_A_plus_C,DCA_ADDITION,2015-10-01,2015-10-02,14.316,14.446,True,13.0417,True,21.9992,True,13.9424,True,21.3887
NOW,C5_A_plus_C,DCA_ADDITION,2015-11-02,2015-11-03,16.404,16.506,True,6.0584,True,-24.9243,True,5.4255,True,-24.1526
NOW,C5_A_plus_C,DCA_ADDITION,2015-12-01,2015-12-02,17.294,17.506,True,-1.1082,True,-33.9084,True,1.0524,True,-36.4057
NOW,C5_A_plus_C,DCA_ADDITION,2016-01-04,2016-01-05,16.814,16.8,True,-29.4048,True,-26.1548,True,-31.902,True,-27.2273
NOW,C5_A_plus_C,DCA_ADDITION,2016-02-01,2016-02-02,12.392,11.45,True,0.7162,True,24.6638,True,-6.6333,True,18.06
NOW,C5_A_plus_C,DCA_ADDITION,2016-03-01,2016-03-02,11.57,11.532,True,6.1048,True,21.488,True,5.5661,True,22.3163
NOW,C5_A_plus_C,DCA_ADDITION,2016-04-01,2016-04-04,12.406,12.856,True,12.0411,True,1.3223,True,15.2346,True,2.6439
NOW,C5_A_plus_C,DCA_ADDITION,2016-05-02,2016-05-03,14.404,13.968,True,4.768,True,9.3643,True,-0.5415,True,1.333
NOW,C5_A_plus_C,EXIT_SELL,2016-05-05,2016-05-06,13.558,13.456,True,11.5636,True,8.8436,True,8.4673,True,10.739
NOW,C5_A_plus_C,REENTRY_BUY,2016-05-17,2016-05-18,13.9,14.006,True,5.2121,True,8.1965,True,7.1511,True,9.482
NOW,C5_A_plus_C,DCA_ADDITION,2016-06-01,2016-06-02,14.634,14.846,True,-10.5483,True,-0.9834,True,-9.1978,True,0.5877
NOW,C5_A_plus_C,DCA_ADDITION,2016-07-01,2016-07-05,13.242,13.054,True,12.1955,True,22.2154,True,13.3817,True,19.3777
NOW,C5_A_plus_C,DCA_ADDITION,2016-08-01,2016-08-02,15.014,14.646,True,0.2868,True,7.7427,True,-2.2379,True,6.2875
NOW,C5_A_plus_C,EXIT_SELL,2016-08-17,2016-08-18,14.614,14.614,True,5.7753,True,13.0833,True,6.3501,True,12.4127
NOW,C5_A_plus_C,REENTRY_BUY,2016-08-31,2016-09-01,14.534,14.8,True,6.9595,True,14.6216,True,7.995,True,20.7376
NOW,C5_A_plus_C,EXIT_SELL,2016-09-13,2016-09-14,14.484,14.512,True,3.7348,True,10.4052,True,8.8097,True,10.4391
NOW,C5_A_plus_C,REENTRY_BUY,2016-09-19,2016-09-20,15.198,15.056,True,1.169,True,4.8751,True,-1.7765,True,4.4743
NOW,C5_A_plus_C,DCA_ADDITION,2016-10-03,2016-10-04,15.914,15.856,True,9.5989,True,-5.4743,True,10.4813,True,-5.4669
NOW,C5_A_plus_C,DCA_ADDITION,2016-11-01,2016-11-02,17.378,16.918,True,-8.8663,True,7.1285,True,-4.3043,True,3.7173
NOW,C5_A_plus_C,DCA_ADDITION,2016-12-01,2016-12-02,15.418,15.312,True,-1.1756,True,12.7743,True,-3.5673,True,15.3068
NOW,C5_A_plus_C,DCA_ADDITION,2017-01-03,2017-01-04,15.132,15.766,True,12.7236,True,10.9603,True,18.5567,True,14.9088
NOW,C5_A_plus_C,DCA_ADDITION,2017-02-01,2017-02-02,17.94,17.772,True,-2.6896,True,6.831,True,-3.7458,True,5.3289
NOW,C5_A_plus_C,DCA_ADDITION,2017-03-01,2017-03-02,17.778,17.268,True,0.6949,True,22.8052,True,-1.44,True,17.5835
NOW,C5_A_plus_C,DCA_ADDITION,2017-04-03,2017-04-04,17.244,17.058,True,10.3412,True,24.0708,True,10.1369,True,26.2004
NOW,C5_A_plus_C,DCA_ADDITION,2017-05-01,2017-05-02,18.986,18.992,True,10.2043,True,16.4069,True,10.987,True,15.5799
NOW,C5_A_plus_C,DCA_ADDITION,2017-06-01,2017-06-02,21.302,21.46,True,-1.2115,True,4.2964,True,-0.6478,True,3.8306
NOW,C5_A_plus_C,DCA_ADDITION,2017-07-03,2017-07-05,20.716,21.022,True,1.9599,True,10.979,True,6.9222,True,11.508
NOW,C5_A_plus_C,DCA_ADDITION,2017-08-01,2017-08-02,22.15,21.434,True,6.625,True,17.7009,True,0.9029,True,12.5237
NOW,C5_A_plus_C,DCA_ADDITION,2017-09-01,2017-09-05,23.098,23.23,True,1.4464,True,3.8226,True,1.1343,True,9.6459
NOW,C5_A_plus_C,DCA_ADDITION,2017-10-02,2017-10-03,23.36,23.566,True,7.2477,True,10.914,True,7.0634,True,11.524
NOW,C5_A_plus_C,EXIT_SELL,2017-10-23,2017-10-24,24.798,25.178,True,1.7317,True,14.3061,True,2.968,True,14.7431
NOW,C5_A_plus_C,REENTRY_BUY,2017-11-08,2017-11-09,25.524,25.11,True,-2.9789,True,21.9992,True,-5.1873,True,16.7685
NOW,C5_A_plus_C,DCA_ADDITION,2017-12-01,2017-12-04,24.532,22.724,True,16.9776,True,46.6907,True,7.3944,True,30.0913
NOW,C5_A_plus_C,DCA_ADDITION,2018-01-02,2018-01-03,26.346,26.582,True,14.9725,True,21.6011,True,13.0115,True,25.5978
NOW,C5_A_plus_C,DCA_ADDITION,2018-02-01,2018-02-02,30.562,29.952,True,12.3798,True,10.4567,True,9.0701,True,8.7233
NOW,C5_A_plus_C,EXIT_SELL,2018-02-05,2018-02-06,29.478,29.804,True,16.1321,True,13.2264,True,16.0662,True,12.2871
NOW,C5_A_plus_C,REENTRY_BUY,2018-02-20,2018-02-21,31.352,31.516,True,9.9061,True,8.9669,True,9.792,True,9.1796
NOW,C5_A_plus_C,DCA_ADDITION,2018-03-01,2018-03-02,31.914,33.334,True,-3.0299,True,5.7779,True,3.6849,True,10.7476
NOW,C5_A_plus_C,EXIT_SELL,2018-03-16,2018-03-19,33.996,33.962,True,2.7855,True,6.7252,True,-0.3118,True,6.9773
NOW,C5_A_plus_C,REENTRY_BUY,2018-04-17,2018-04-18,34.908,34.86,True,-1.8072,True,9.6156,True,-0.6417,True,11.5274
NOW,C5_A_plus_C,EXIT_SELL,2018-04-24,2018-04-25,32.132,31.6,True,10.1013,True,20.9367,True,5.9753,True,18.2871
NOW,C5_A_plus_C,REENTRY_BUY,2018-05-15,2018-05-16,34.684,34.23,True,8.291,True,9.5355,True,4.5035,True,8.6034
NOW,C5_A_plus_C,EXIT_SELL,2018-05-17,2018-05-18,34.342,34.788,True,7.1691,True,6.0653,True,8.526,True,7.7514
NOW,C5_A_plus_C,REENTRY_BUY,2018-06-01,2018-06-04,36.302,36.7,True,-3.2153,True,5.8638,True,-4.9804,True,6.468
NOW,C5_A_plus_C,EXIT_SELL,2018-06-13,2018-06-14,36.246,37.068,True,3.0862,True,7.3756,True,7.4105,True,8.6906
NOW,C5_A_plus_C,REENTRY_BUY,2018-07-11,2018-07-12,37.436,38.932,True,-3.2467,True,-4.1406,True,-0.561,True,0.1389
NOW,C5_A_plus_C,EXIT_SELL,2018-07-24,2018-07-25,36.982,36.772,True,-0.7886,True,0.7179,True,-1.5197,True,2.8933
NOW,C5_A_plus_C,REENTRY_BUY,2018-08-14,2018-08-15,36.898,36.546,True,11.9575,True,1.8771,True,9.9084,True,3.4365
NOW,C5_A_plus_C,DCA_ADDITION,2018-09-04,2018-09-05,40.052,38.152,True,2.8518,True,-6.1124,True,-3.6752,True,-11.1805
NOW,C5_A_plus_C,EXIT_SELL,2018-09-13,2018-09-14,40.916,40.594,True,-9.1245,True,-9.632,True,-14.4736,True,-9.6197
NOW,C5_A_plus_C,REENTRY_BUY,2018-11-08,2018-11-09,37.232,35.518,True,3.2828,True,28.7009,True,-0.6768,True,21.9166
NOW,C5_A_plus_C,EXIT_SELL,2018-11-13,2018-11-14,33.734,33.476,True,8.7227,True,38.5888,True,11.5492,True,39.1178
NOW,C5_A_plus_C,REENTRY_BUY,2018-12-06,2018-12-07,37.52,36.476,True,3.1418,True,27.9581,True,-0.4957,True,24.2591
NOW,C5_A_plus_C,DCA_ADDITION,2019-01-02,2019-01-03,35.664,33.824,True,30.978,True,45.2992,True,23.3849,True,38.229
NOW,C5_A_plus_C,EXIT_SELL,2019-01-03,2019-01-04,33.824,35.846,True,25.6151,True,37.7113,True,30.978,True,45.2992
NOW,C5_A_plus_C,REENTRY_BUY,2019-01-08,2019-01-09,37.622,38.094,True,19.1579,True,24.4185,True,19.9086,True,26.0061
NOW,C5_A_plus_C,DCA_ADDITION,2019-02-01,2019-02-04,44.302,45.028,True,4.8237,True,20.1031,True,6.9794,True,22.5723
NOW,C5_A_plus_C,EXIT_SELL,2019-02-20,2019-02-21,45.9,46.002,True,9.104,True,18.6861,True,6.5752,True,21.1155
NOW,C5_A_plus_C,REENTRY_BUY,2019-03-20,2019-03-21,48.918,50.19,True,-5.3995,True,9.4082,True,-3.418,True,11.3087
NOW,C5_A_plus_C,EXIT_SELL,2019-03-25,2019-03-26,48.34,49.0,True,-0.9388,True,17.8775,True,0.7654,True,18.1258
NOW,C5_A_plus_C,REENTRY_BUY,2019-04-22,2019-04-23,48.528,48.71,True,11.357,True,20.9936,True,9.2483,True,22.2222
NOW,C5_A_plus_C,DCA_ADDITION,2019-05-01,2019-05-02,54.08,52.534,True,-0.2817,True,8.821,True,-2.8846,True,7.0007
NOW,C5_A_plus_C,EXIT_SELL,2019-05-13,2019-05-14,52.024,54.414,True,-1.54,True,-1.8231,True,2.372,True,0.2191
NOW,C5_A_plus_C,REENTRY_BUY,2019-06-18,2019-06-19,56.528,57.102,True,3.2118,True,-11.7509,True,4.925,True,-9.1388
NOW,C5_A_plus_C,DCA_ADDITION,2019-07-01,2019-07-02,56.702,57.662,True,-3.7876,True,-10.5165,True,-0.8853,True,-8.5112
NOW,C5_A_plus_C,EXIT_SELL,2019-07-18,2019-07-19,58.936,57.948,True,-11.3309,True,-7.0063,True,-14.3851,True,-8.2632
NOW,C5_A_plus_C,REENTRY_BUY,2019-09-04,2019-09-05,53.704,53.924,True,-4.5434,True,4.9774,True,-8.0702,True,4.752
NOW,C5_A_plus_C,EXIT_SELL,2019-09-09,2019-09-10,50.936,50.636,True,1.9551,True,8.1444,True,5.289,True,9.5532
NOW,C5_A_plus_C,REENTRY_BUY,2019-10-11,2019-10-14,54.066,53.888,True,-7.7531,True,11.086,True,-8.0938,True,9.3663
NOW,C5_A_plus_C,DCA_ADDITION,2019-11-01,2019-11-04,50.606,49.16,True,13.511,True,37.6038,True,9.6115,True,35.0117
NOW,C5_A_plus_C,DCA_ADDITION,2019-12-02,2019-12-03,55.47,55.802,True,4.3834,True,23.4364,True,1.792,True,17.5735
NOW,C5_A_plus_C,DCA_ADDITION,2020-01-02,2020-01-03,58.248,58.22,True,17.8976,True,-1.5527,True,16.1345,True,-1.6653
NOW,C5_A_plus_C,DCA_ADDITION,2020-02-03,2020-02-04,68.64,70.406,True,-1.9771,True,-0.1392,True,-3.954,True,-6.1801
NOW,C5_A_plus_C,DCA_ADDITION,2020-03-02,2020-03-03,68.88,65.926,True,-13.0601,True,14.668,True,-16.8438,True,7.77
NOW,C5_A_plus_C,EXIT_SELL,2020-03-27,2020-03-30,54.8,57.278,True,3.3556,True,37.201,True,12.6277,True,46.3285
NOW,C5_A_plus_C,REENTRY_BUY,2020-06-02,2020-06-03,78.58,77.618,True,7.3952,True,23.8244,True,3.0949,True,24.1283
NOW,C5_A_plus_C,EXIT_SELL,2020-06-16,2020-06-17,79.692,80.13,True,3.3021,True,11.2942,True,6.2992,True,13.6827
NOW,C5_A_plus_C,REENTRY_BUY,2020-07-01,2020-07-02,83.358,82.842,True,6.0332,True,16.8996,True,3.5054,True,15.1587
NOW,C5_A_plus_C,EXIT_SELL,2020-07-13,2020-07-14,80.374,82.646,True,1.9674,True,20.998,True,9.1597,True,22.3132
NOW,C5_A_plus_C,REENTRY_BUY,2020-08-20,2020-08-21,90.668,89.884,True,2.7725,True,11.7618,True,-0.0551,True,12.0594
NOW,C5_A_plus_C,DCA_ADDITION,2020-09-01,2020-09-02,99.438,99.938,True,-1.4349,True,5.5614,True,-2.4518,True,4.4309
NOW,C5_A_plus_C,EXIT_SELL,2020-09-04,2020-09-08,90.07,88.628,True,10.9221,True,18.8157,True,11.4222,True,19.8157
NOW,C5_A_plus_C,REENTRY_BUY,2020-10-02,2020-10-05,98.63,100.358,True,-5.1396,True,9.0855,True,0.8963,True,10.7128
NOW,C5_A_plus_C,EXIT_SELL,2020-10-21,2020-10-22,102.056,101.192,True,1.6543,True,7.1606,True,-0.6193,True,1.7912
NOW,C5_A_plus_C,REENTRY_BUY,2020-11-05,2020-11-06,106.216,107.036,True,-0.3606,True,10.0527,True,-1.013,True,8.5806
NOW,C5_A_plus_C,EXIT_SELL,2020-11-09,2020-11-10,100.392,96.256,True,9.7054,True,22.1555,True,8.0265,True,17.4855
NOW,C5_A_plus_C,REENTRY_BUY,2020-12-01,2020-12-02,107.918,105.304,True,4.5411,True,4.3265,True,1.4437,True,3.1283
NOW,C5_A_plus_C,EXIT_SELL,2020-12-28,2020-12-29,108.748,109.196,True,1.5129,True,-9.3373,True,-5.0097,True,-13.1607
NOW,C5_A_plus_C,REENTRY_BUY,2021-01-28,2021-01-29,110.848,108.632,True,2.4505,True,3.5846,True,-3.7493,True,0.8967
NOW,C5_A_plus_C,DCA_ADDITION,2021-02-01,2021-02-02,111.712,116.702,True,-11.5696,True,-13.4548,True,-1.6578,True,-0.2363
NOW,C5_A_plus_C,EXIT_SELL,2021-02-17,2021-02-18,116.188,115.16,True,-19.0379,True,-20.0538,True,-16.5146,True,-21.6821
NOW,C5_A_plus_C,REENTRY_BUY,2021-04-01,2021-04-05,101.402,102.804,True,-4.6107,True,8.6709,True,-0.1262,True,8.9071
NOW,C5_A_plus_C,DCA_ADDITION,2021-05-03,2021-05-04,98.064,96.66,True,-3.3706,True,21.3387,True,-4.3135,True,18.9733
NOW,C5_A_plus_C,DCA_ADDITION,2021-06-01,2021-06-02,93.834,93.402,True,17.6741,True,33.6224,True,19.0592,True,32.3763
NOW,C5_A_plus_C,DCA_ADDITION,2021-07-01,2021-07-02,109.034,110.366,True,5.9511,True,10.998,True,7.8361,True,19.1482
NOW,C5_A_plus_C,DCA_ADDITION,2021-08-02,2021-08-03,116.934,116.932,True,10.0879,True,13.7003,True,9.7457,True,15.7422
NOW,C5_A_plus_C,DCA_ADDITION,2021-09-01,2021-09-02,130.17,132.062,True,-4.1662,True,1.8946,True,-4.3912,True,-0.1997
NOW,C5_A_plus_C,DCA_ADDITION,2021-10-01,2021-10-04,126.56,123.594,True,10.3581,True,5.9242,True,10.2655,True,3.3502
NOW,C5_A_plus_C,DCA_ADDITION,2021-11-01,2021-11-02,136.396,137.318,True,-12.6742,True,-18.2802,True,-5.0265,True,-22.4772
NOW,C5_A_plus_C,EXIT_SELL,2021-11-02,2021-11-03,137.318,137.534,True,-9.3504,True,-14.8167,True,-12.6742,True,-18.2802
NOW,C5_A_plus_C,REENTRY_BUY,2021-12-08,2021-12-09,133.162,128.43,True,-11.7979,True,-19.3023,True,-13.7832,True,-21.9567
NOW,C5_A_plus_C,EXIT_SELL,2021-12-16,2021-12-17,121.796,123.126,True,-15.1536,True,-11.083,True,-12.8017,True,-15.5604
NOW,C5_A_plus_C,PANIC_BUY,2022-01-28,2022-01-31,112.216,117.156,True,-2.5112,True,-20.3984,True,3.3578,True,-18.7282
NOW,C5_A_plus_C,DCA_ADDITION,2022-02-01,2022-02-02,117.308,116.23,True,-3.2419,True,-17.7321,True,0.0887,True,-14.0689
NOW,C5_A_plus_C,EXIT_SELL,2022-02-18,2022-02-22,111.202,110.03,True,6.9999,True,-25.0659,True,2.4802,True,-22.1507
NOW,C5_A_plus_C,PANIC_BUY,2022-03-17,2022-03-18,113.336,115.976,True,-14.2012,True,-23.3031,True,-10.4733,True,-22.2895
NOW,C5_A_plus_C,EXIT_SELL,2022-04-01,2022-04-04,109.738,114.964,True,-16.172,True,-17.275,True,-11.6988,True,-12.9217
NOW,C5_A_plus_C,PANIC_BUY,2022-04-04,2022-04-05,114.964,110.644,True,-9.7177,True,-12.4471,True,-16.172,True,-17.275
NOW,C5_A_plus_C,EXIT_SELL,2022-04-05,2022-04-06,110.644,105.59,True,-11.1033,True,-6.065,True,-9.7177,True,-12.4471
NOW,C5_A_plus_C,PANIC_BUY,2022-05-23,2022-05-24,86.024,83.93,True,15.6988,True,13.4898,True,6.633,True,13.8287
NOW,C5_A_plus_C,EXIT_SELL,2022-05-24,2022-05-25,83.93,90.458,True,11.4528,True,1.6405,True,15.6988,True,13.4898
NOW,C5_A_plus_C,PANIC_BUY,2022-06-24,2022-06-27,100.818,99.34,True,-14.8742,True,-19.1806,True,-12.714,True,-18.4273
NOW,C5_A_plus_C,DCA_ADDITION,2022-07-01,2022-07-05,96.872,99.186,True,-8.3661,True,-21.5918,True,-6.3156,True,-21.7627
NOW,C5_A_plus_C,EXIT_SELL,2022-07-12,2022-07-13,85.588,84.554,True,22.0995,True,-1.0266,True,13.9085,True,-1.7199
NOW,C5_A_plus_C,REENTRY_BUY,2022-08-05,2022-08-08,98.97,98.99,True,-13.0276,True,-15.4339,True,-12.1936,True,-14.9763
NOW,C5_A_plus_C,DCA_ADDITION,2022-09-01,2022-09-02,86.112,86.902,True,-9.8502,True,-8.6672,True,-12.2979,True,-6.6495
NOW,C5_A_plus_C,EXIT_SELL,2022-09-19,2022-09-20,85.01,82.24,True,-13.232,True,1.7485,True,-17.9838,True,-2.0892
NOW,C5_A_plus_C,PANIC_BUY,2022-10-04,2022-10-05,82.31,84.116,True,-6.6337,True,-7.6822,True,1.7033,True,-5.2727
NOW,C5_A_plus_C,EXIT_SELL,2022-10-10,2022-10-11,76.356,74.26,True,-0.0431,True,-1.2847,True,-4.8667,True,-4.0495
NOW,C5_A_plus_C,PANIC_BUY,2022-10-25,2022-10-26,75.332,73.282,True,11.7246,True,21.0147,True,6.2709,True,17.464
NOW,C5_A_plus_C,DCA_ADDITION,2022-11-01,2022-11-02,83.712,78.536,True,8.3834,True,15.9035,True,-0.5399,True,5.7363
NOW,C5_A_plus_C,DCA_ADDITION,2022-12-01,2022-12-02,85.12,82.574,True,-6.6292,True,5.6119,True,-8.7712,True,0.7848
NOW,C5_A_plus_C,EXIT_SELL,2022-12-07,2022-12-08,77.704,79.246,True,-4.4595,True,12.8057,True,-5.6599,True,14.4883
NOW,C5_A_plus_C,PANIC_BUY,2022-12-12,2022-12-13,80.328,83.234,True,-0.6992,True,-0.298,True,-1.957,True,3.3463
NOW,C5_A_plus_C,EXIT_SELL,2022-12-16,2022-12-19,78.874,76.46,True,12.0664,True,15.3544,True,5.5354,True,12.1764
NOW,C5_A_plus_C,PANIC_BUY,2023-01-04,2023-01-05,78.77,73.264,True,28.9092,True,26.799,True,24.7353,True,17.9942
NOW,C5_A_plus_C,EXIT_SELL,2023-01-05,2023-01-06,73.264,73.306,True,24.1972,True,29.8802,True,28.9092,True,26.799
NOW,C5_A_plus_C,REENTRY_BUY,2023-01-17,2023-01-18,83.648,83.24,True,11.4632,True,11.2518,True,10.3075,True,15.6035
NOW,C5_A_plus_C,DCA_ADDITION,2023-02-01,2023-02-02,94.762,98.254,True,-9.6261,True,-8.3172,True,-7.9716,True,-3.0371
NOW,C5_A_plus_C,DCA_ADDITION,2023-03-01,2023-03-02,85.788,87.208,True,0.8233,True,23.2593,True,2.2148,True,23.9754
NOW,C5_A_plus_C,EXIT_SELL,2023-03-22,2023-03-23,86.702,88.094,True,7.4557,True,27.0211,True,7.8845,True,30.4422
NOW,C5_A_plus_C,REENTRY_BUY,2023-04-04,2023-04-05,95.21,93.466,True,-7.8788,True,20.4438,True,-8.1861,True,18.0485
NOW,C5_A_plus_C,EXIT_SELL,2023-04-25,2023-04-26,88.456,90.806,True,10.6865,True,27.3132,True,13.0822,True,31.5954
NOW,C5_A_plus_C,REENTRY_BUY,2023-05-15,2023-05-16,92.628,93.648,True,21.1579,True,19.0501,True,19.7737,True,19.8342
NOW,C5_A_plus_C,DCA_ADDITION,2023-06-01,2023-06-02,108.592,109.636,True,2.6798,True,5.5985,True,3.5012,True,4.6689
NOW,C5_A_plus_C,EXIT_SELL,2023-06-09,2023-06-12,106.806,109.27,True,2.7437,True,9.6953,True,5.1327,True,12.0742
NOW,C5_A_plus_C,REENTRY_BUY,2023-07-13,2023-07-14,115.49,116.076,True,-3.9526,True,-2.7482,True,-3.8878,True,-2.8972
NOW,C5_A_plus_C,DCA_ADDITION,2023-08-01,2023-08-02,118.078,112.634,True,4.4516,True,-2.1699,True,-1.9513,True,-10.2
NOW,C5_A_plus_C,DCA_ADDITION,2023-09-01,2023-09-05,118.176,119.432,True,-9.3643,True,13.6931,True,-6.0334,True,12.5846
NOW,C5_A_plus_C,DCA_ADDITION,2023-10-02,2023-10-03,111.046,108.248,True,7.5031,True,29.7872,True,2.3972,True,26.7511
NOW,C5_A_plus_C,DCA_ADDITION,2023-11-01,2023-11-02,118.696,119.886,True,15.2411,True,27.688,True,15.5456,True,32.3937
NOW,C5_A_plus_C,DCA_ADDITION,2023-12-01,2023-12-04,138.158,137.524,True,-1.7917,True,12.5084,True,-0.4734,True,11.6606
NOW,C5_A_plus_C,EXIT_SELL,2023-12-14,2023-12-15,136.078,139.648,True,4.1963,True,11.6364,True,6.9328,True,14.1816
NOW,C5_A_plus_C,REENTRY_BUY,2024-01-11,2024-01-12,145.292,145.836,True,7.9775,True,5.487,True,11.9043,True,7.6756
NOW,C5_A_plus_C,DCA_ADDITION,2024-02-01,2024-02-02,154.2,156.26,True,-0.6668,True,-11.2594,True,0.3411,True,-6.4643
NOW,C5_A_plus_C,EXIT_SELL,2024-02-12,2024-02-13,157.47,154.752,True,0.4032,True,-6.5679,True,0.2807,True,-8.4232
NOW,C5_A_plus_C,REENTRY_BUY,2024-03-20,2024-03-21,153.512,154.636,True,-7.6657,True,-6.1667,True,-4.7162,True,-5.0784
NOW,C5_A_plus_C,DCA_ADDITION,2024-04-01,2024-04-02,153.674,151.4,True,-8.4108,True,2.2629,True,-6.1442,True,-1.8819
NOW,C5_A_plus_C,DCA_ADDITION,2024-05-01,2024-05-02,137.122,139.144,True,-5.5755,True,14.8163,True,-6.1726,True,16.5473
NOW,C5_A_plus_C,DCA_ADDITION,2024-06-03,2024-06-04,132.022,134.4,True,16.9524,True,23.7009,True,20.2996,True,23.3294
NOW,C5_A_plus_C,DCA_ADDITION,2024-07-01,2024-07-02,157.792,158.822,True,2.5538,True,11.4279,True,1.2472,True,12.8105
NOW,C5_A_plus_C,DCA_ADDITION,2024-08-01,2024-08-02,162.276,158.128,True,8.1402,True,19.5234,True,2.4514,True,17.1892
NOW,C5_A_plus_C,DCA_ADDITION,2024-09-03,2024-09-04,167.172,166.966,True,5.4598,True,24.744,True,3.747,True,28.0202
NOW,C5_A_plus_C,DCA_ADDITION,2024-10-01,2024-10-02,173.436,176.082,True,7.9043,True,22.836,True,9.9057,True,26.7453
NOW,C5_A_plus_C,DCA_ADDITION,2024-11-01,2024-11-04,188.682,190.918,True,10.7617,True,6.9506,True,11.132,True,7.9467
NOW,C5_A_plus_C,EXIT_SELL,2024-11-27,2024-11-29,208.28,209.888,True,1.74,True,-11.4042,True,3.8467,True,-11.5652
NOW,C5_A_plus_C,REENTRY_BUY,2024-12-12,2024-12-13,229.684,224.22,True,-5.9736,True,-24.6874,True,-10.1992,True,-29.3272
NOW,C5_A_plus_C,EXIT_SELL,2024-12-18,2024-12-19,212.198,214.974,True,4.6796,True,-23.3284,True,3.3799,True,-20.4403
NOW,C5_A_plus_C,REENTRY_BUY,2025-01-22,2025-01-23,225.034,226.84,True,-17.2624,True,-33.346,True,-13.9703,True,-31.3739
NOW,C5_A_plus_C,DCA_ADDITION,2025-02-03,2025-02-04,204.188,202.026,True,-9.3394,True,-5.1657,True,-11.2494,True,-6.4578
NOW,C5_A_plus_C,DCA_ADDITION,2025-03-03,2025-03-04,182.062,181.218,True,-10.4327,True,12.0452,True,-12.5419,True,12.1925
NOW,C5_A_plus_C,DCA_ADDITION,2025-04-01,2025-04-02,162.312,164.806,True,16.2518,True,24.7624,True,17.6758,True,25.9821
NOW,C5_A_plus_C,EXIT_SELL,2025-04-16,2025-04-17,159.332,154.432,True,34.7104,True,25.2292,True,29.94,True,20.1165
NOW,C5_A_plus_C,REENTRY_BUY,2025-04-28,2025-04-29,187.482,188.572,True,8.3194,True,2.7501,True,9.5988,True,6.2694
NOW,C5_A_plus_C,DCA_ADDITION,2025-05-01,2025-05-02,191.59,195.472,True,3.5555,True,0.0123,True,5.5473,True,3.6797
NOW,C5_A_plus_C,DCA_ADDITION,2025-06-02,2025-06-03,202.422,202.176,True,-0.1108,True,-8.1394,True,-0.0217,True,-12.2645
NOW,C5_A_plus_C,DCA_ADDITION,2025-07-01,2025-07-02,202.378,201.952,True,-6.5996,True,-7.3047,True,-3.4006,True,-9.2184
NOW,C5_A_plus_C,DCA_ADDITION,2025-08-01,2025-08-04,182.874,184.6,True,-1.2546,True,1.6154,True,0.3379,True,3.4909
NOW,C5_A_plus_C,DCA_ADDITION,2025-09-02,2025-09-03,182.284,183.876,True,-0.756,True,-12.689,True,0.9721,True,-9.4479
NOW,C5_A_plus_C,EXIT_SELL,2025-09-25,2025-09-26,183.722,187.2,True,-0.6229,True,-16.3034,True,2.2382,True,-15.4647
NOW,C5_A_plus_C,REENTRY_BUY,2025-10-22,2025-10-23,187.13,187.834,True,-14.7694,True,-33.2922,True,-12.7398,True,-32.9878
NOW,C5_A_plus_C,DCA_ADDITION,2025-11-03,2025-11-04,182.768,177.514,True,-6.1595,True,-33.5264,True,-9.7895,True,-35.9789
NOW,C5_A_plus_C,EXIT_SELL,2025-11-04,2025-11-05,177.514,175.926,True,-4.6338,True,-37.6044,True,-6.1595,True,-33.5264
NOW,C5_A_plus_C,PANIC_BUY,2026-02-18,2026-02-19,107.81,107.37,True,5.495,True,-11.4557,True,5.4726,True,-16.056
NOW,C5_A_plus_C,EXIT_SELL,2026-02-19,2026-02-20,107.37,104.27,True,5.8598,True,-0.8152,True,5.495,True,-11.4557
NOW,C5_A_plus_C,PANIC_BUY,2026-04-20,2026-04-21,99.72,100.14,True,1.6876,True,3.0957,True,3.7104,True,4.302
NOW,C5_A_plus_C,EXIT_SELL,2026-04-23,2026-04-24,84.78,90.17,True,13.2638,True,5.8667,True,17.5867,True,20.3822
NOW,C5_A_plus_C,PANIC_BUY,2026-04-24,2026-04-27,90.17,90.45,True,10.4699,True,1.6473,True,13.2638,True,5.8667
NOW,C5_A_plus_C,DCA_ADDITION,2026-05-01,2026-05-04,91.16,91.97,True,38.7953,True,19.6803,True,49.0347,True,26.9855
NOW,C5_A_plus_C,DCA_ADDITION,2026-06-01,2026-06-02,135.86,127.65,True,-17.1171,True,8.445,True,-26.9248,True,-7.4047
NOW,C5_A_plus_C,EXIT_SELL,2026-06-11,2026-06-12,103.08,102.15,True,2.6432,True,28.3505,True,7.9356,True,30.1998
NOW,C5_A_plus_C,PANIC_BUY,2026-06-29,2026-06-30,99.97,99.28,True,16.5995,False,,True,10.6532,False,
NOW,C5_A_plus_C,DCA_ADDITION,2026-07-01,2026-07-02,105.8,106.32,True,4.6181,False,,True,4.0359,False,
NOW,C5_A_plus_C,EXIT_SELL,2026-07-21,2026-07-22,102.06,95.46,True,33.2495,False,,True,17.0782,False,
NOW,C5_A_plus_C,PANIC_BUY,2026-07-28,2026-07-29,110.62,115.76,True,8.6731,False,,True,14.8074,False,
NOW,C5_A_plus_C,DCA_ADDITION,2026-08-03,2026-08-04,114.19,118.14,True,20.9582,False,,True,29.5998,False,
NOW,C5_A_plus_C,DCA_ADDITION,2026-09-01,2026-09-02,142.9,136.72,False,,False,,False,,False,
NOW,C6_B_plus_C,PANIC_BUY,2014-04-21,2014-04-22,10.63,11.046,True,-12.2035,True,2.4986,True,-8.937,True,5.9643
NOW,C6_B_plus_C,DCA_ADDITION,2014-05-01,2014-05-02,10.096,10.236,True,-1.7976,True,16.6471,True,3.6252,True,15.5507
NOW,C6_B_plus_C,DCA_ADDITION,2014-06-02,2014-06-03,10.052,10.082,True,26.1258,True,19.1827,True,23.279,True,18.842
NOW,C6_B_plus_C,DCA_ADDITION,2014-07-01,2014-07-02,12.716,12.424,True,-5.3445,True,-4.1211,True,-1.4785,True,-8.1472
NOW,C6_B_plus_C,DCA_ADDITION,2014-08-01,2014-08-04,11.334,11.542,True,8.9066,True,16.0457,True,7.8701,True,13.0933
NOW,C6_B_plus_C,DCA_ADDITION,2014-09-02,2014-09-03,12.57,12.548,True,-8.6707,True,1.9605,True,-6.4757,True,0.2068
NOW,C6_B_plus_C,EXIT_SELL,2014-09-30,2014-10-01,11.756,11.46,True,13.4904,True,22.3735,True,13.9333,True,18.5607
NOW,C6_B_plus_C,PANIC_BUY,2014-10-21,2014-10-22,12.096,11.614,True,9.7296,True,11.6411,True,7.4405,True,5.754
NOW,C6_B_plus_C,DCA_ADDITION,2014-11-03,2014-11-04,13.242,13.376,True,-7.5508,True,9.1358,True,-6.7663,True,10.1042
NOW,C6_B_plus_C,DCA_ADDITION,2014-12-01,2014-12-02,12.37,12.346,True,9.9141,True,23.8296,True,9.7494,True,23.2983
NOW,C6_B_plus_C,DCA_ADDITION,2015-01-02,2015-01-05,13.476,13.43,True,8.1906,True,12.6582,True,8.3259,True,16.919
NOW,C6_B_plus_C,DCA_ADDITION,2015-02-02,2015-02-03,14.598,14.53,True,1.3076,True,3.042,True,3.3703,True,6.1378
NOW,C6_B_plus_C,EXIT_SELL,2015-02-27,2015-03-02,15.252,15.288,True,3.9246,True,2.551,True,2.898,True,1.9014
NOW,C6_B_plus_C,REENTRY_BUY,2015-03-17,2015-03-18,15.98,16.01,True,3.4853,True,-2.6359,True,1.0638,True,-2.7159
NOW,C6_B_plus_C,EXIT_SELL,2015-03-30,2015-03-31,15.888,15.756,True,-1.6629,True,0.1777,True,-5.6017,True,-2.4799
NOW,C6_B_plus_C,REENTRY_BUY,2015-04-16,2015-04-17,16.568,14.658,True,3.302,True,5.6215,True,-8.1965,True,-7.5326
NOW,C6_B_plus_C,DCA_ADDITION,2015-05-01,2015-05-04,14.75,14.722,True,2.4046,True,5.9367,True,2.6169,True,6.6169
NOW,C6_B_plus_C,DCA_ADDITION,2015-06-01,2015-06-02,15.136,15.076,True,-1.4195,True,-5.2667,True,-2.5238,True,-9.2627
NOW,C6_B_plus_C,DCA_ADDITION,2015-07-01,2015-07-02,14.78,14.906,True,8.0102,True,-7.3796,True,9.6482,True,-1.4073
NOW,C6_B_plus_C,DCA_ADDITION,2015-08-03,2015-08-04,15.83,15.582,True,-11.539,True,5.4422,True,-10.3474,True,1.2887
NOW,C6_B_plus_C,DCA_ADDITION,2015-09-01,2015-09-02,13.784,13.99,True,2.3302,True,24.7891,True,0.769,True,26.0737
NOW,C6_B_plus_C,DCA_ADDITION,2015-10-01,2015-10-02,14.316,14.446,True,13.0417,True,21.9992,True,13.9424,True,21.3887
NOW,C6_B_plus_C,DCA_ADDITION,2015-11-02,2015-11-03,16.404,16.506,True,6.0584,True,-24.9243,True,5.4255,True,-24.1526
NOW,C6_B_plus_C,DCA_ADDITION,2015-12-01,2015-12-02,17.294,17.506,True,-1.1082,True,-33.9084,True,1.0524,True,-36.4057
NOW,C6_B_plus_C,DCA_ADDITION,2016-01-04,2016-01-05,16.814,16.8,True,-29.4048,True,-26.1548,True,-31.902,True,-27.2273
NOW,C6_B_plus_C,DCA_ADDITION,2016-02-01,2016-02-02,12.392,11.45,True,0.7162,True,24.6638,True,-6.6333,True,18.06
NOW,C6_B_plus_C,DCA_ADDITION,2016-03-01,2016-03-02,11.57,11.532,True,6.1048,True,21.488,True,5.5661,True,22.3163
NOW,C6_B_plus_C,DCA_ADDITION,2016-04-01,2016-04-04,12.406,12.856,True,12.0411,True,1.3223,True,15.2346,True,2.6439
NOW,C6_B_plus_C,DCA_ADDITION,2016-05-02,2016-05-03,14.404,13.968,True,4.768,True,9.3643,True,-0.5415,True,1.333
NOW,C6_B_plus_C,EXIT_SELL,2016-05-05,2016-05-06,13.558,13.456,True,11.5636,True,8.8436,True,8.4673,True,10.739
NOW,C6_B_plus_C,PANIC_BUY,2016-05-17,2016-05-18,13.9,14.006,True,5.2121,True,8.1965,True,7.1511,True,9.482
NOW,C6_B_plus_C,DCA_ADDITION,2016-06-01,2016-06-02,14.634,14.846,True,-10.5483,True,-0.9834,True,-9.1978,True,0.5877
NOW,C6_B_plus_C,DCA_ADDITION,2016-07-01,2016-07-05,13.242,13.054,True,12.1955,True,22.2154,True,13.3817,True,19.3777
NOW,C6_B_plus_C,DCA_ADDITION,2016-08-01,2016-08-02,15.014,14.646,True,0.2868,True,7.7427,True,-2.2379,True,6.2875
NOW,C6_B_plus_C,EXIT_SELL,2016-08-17,2016-08-18,14.614,14.614,True,5.7753,True,13.0833,True,6.3501,True,12.4127
NOW,C6_B_plus_C,REENTRY_BUY,2016-08-31,2016-09-01,14.534,14.8,True,6.9595,True,14.6216,True,7.995,True,20.7376
NOW,C6_B_plus_C,EXIT_SELL,2016-09-13,2016-09-14,14.484,14.512,True,3.7348,True,10.4052,True,8.8097,True,10.4391
NOW,C6_B_plus_C,REENTRY_BUY,2016-09-19,2016-09-20,15.198,15.056,True,1.169,True,4.8751,True,-1.7765,True,4.4743
NOW,C6_B_plus_C,DCA_ADDITION,2016-10-03,2016-10-04,15.914,15.856,True,9.5989,True,-5.4743,True,10.4813,True,-5.4669
NOW,C6_B_plus_C,DCA_ADDITION,2016-11-01,2016-11-02,17.378,16.918,True,-8.8663,True,7.1285,True,-4.3043,True,3.7173
NOW,C6_B_plus_C,DCA_ADDITION,2016-12-01,2016-12-02,15.418,15.312,True,-1.1756,True,12.7743,True,-3.5673,True,15.3068
NOW,C6_B_plus_C,DCA_ADDITION,2017-01-03,2017-01-04,15.132,15.766,True,12.7236,True,10.9603,True,18.5567,True,14.9088
NOW,C6_B_plus_C,DCA_ADDITION,2017-02-01,2017-02-02,17.94,17.772,True,-2.6896,True,6.831,True,-3.7458,True,5.3289
NOW,C6_B_plus_C,DCA_ADDITION,2017-03-01,2017-03-02,17.778,17.268,True,0.6949,True,22.8052,True,-1.44,True,17.5835
NOW,C6_B_plus_C,DCA_ADDITION,2017-04-03,2017-04-04,17.244,17.058,True,10.3412,True,24.0708,True,10.1369,True,26.2004
NOW,C6_B_plus_C,DCA_ADDITION,2017-05-01,2017-05-02,18.986,18.992,True,10.2043,True,16.4069,True,10.987,True,15.5799
NOW,C6_B_plus_C,DCA_ADDITION,2017-06-01,2017-06-02,21.302,21.46,True,-1.2115,True,4.2964,True,-0.6478,True,3.8306
NOW,C6_B_plus_C,DCA_ADDITION,2017-07-03,2017-07-05,20.716,21.022,True,1.9599,True,10.979,True,6.9222,True,11.508
NOW,C6_B_plus_C,DCA_ADDITION,2017-08-01,2017-08-02,22.15,21.434,True,6.625,True,17.7009,True,0.9029,True,12.5237
NOW,C6_B_plus_C,DCA_ADDITION,2017-09-01,2017-09-05,23.098,23.23,True,1.4464,True,3.8226,True,1.1343,True,9.6459
NOW,C6_B_plus_C,DCA_ADDITION,2017-10-02,2017-10-03,23.36,23.566,True,7.2477,True,10.914,True,7.0634,True,11.524
NOW,C6_B_plus_C,EXIT_SELL,2017-10-23,2017-10-24,24.798,25.178,True,1.7317,True,14.3061,True,2.968,True,14.7431
NOW,C6_B_plus_C,REENTRY_BUY,2017-11-08,2017-11-09,25.524,25.11,True,-2.9789,True,21.9992,True,-5.1873,True,16.7685
NOW,C6_B_plus_C,DCA_ADDITION,2017-12-01,2017-12-04,24.532,22.724,True,16.9776,True,46.6907,True,7.3944,True,30.0913
NOW,C6_B_plus_C,DCA_ADDITION,2018-01-02,2018-01-03,26.346,26.582,True,14.9725,True,21.6011,True,13.0115,True,25.5978
NOW,C6_B_plus_C,DCA_ADDITION,2018-02-01,2018-02-02,30.562,29.952,True,12.3798,True,10.4567,True,9.0701,True,8.7233
NOW,C6_B_plus_C,EXIT_SELL,2018-02-05,2018-02-06,29.478,29.804,True,16.1321,True,13.2264,True,16.0662,True,12.2871
NOW,C6_B_plus_C,REENTRY_BUY,2018-02-20,2018-02-21,31.352,31.516,True,9.9061,True,8.9669,True,9.792,True,9.1796
NOW,C6_B_plus_C,DCA_ADDITION,2018-03-01,2018-03-02,31.914,33.334,True,-3.0299,True,5.7779,True,3.6849,True,10.7476
NOW,C6_B_plus_C,EXIT_SELL,2018-03-16,2018-03-19,33.996,33.962,True,2.7855,True,6.7252,True,-0.3118,True,6.9773
NOW,C6_B_plus_C,REENTRY_BUY,2018-04-17,2018-04-18,34.908,34.86,True,-1.8072,True,9.6156,True,-0.6417,True,11.5274
NOW,C6_B_plus_C,EXIT_SELL,2018-04-24,2018-04-25,32.132,31.6,True,10.1013,True,20.9367,True,5.9753,True,18.2871
NOW,C6_B_plus_C,REENTRY_BUY,2018-05-15,2018-05-16,34.684,34.23,True,8.291,True,9.5355,True,4.5035,True,8.6034
NOW,C6_B_plus_C,EXIT_SELL,2018-05-17,2018-05-18,34.342,34.788,True,7.1691,True,6.0653,True,8.526,True,7.7514
NOW,C6_B_plus_C,REENTRY_BUY,2018-06-01,2018-06-04,36.302,36.7,True,-3.2153,True,5.8638,True,-4.9804,True,6.468
NOW,C6_B_plus_C,EXIT_SELL,2018-06-13,2018-06-14,36.246,37.068,True,3.0862,True,7.3756,True,7.4105,True,8.6906
NOW,C6_B_plus_C,PANIC_BUY,2018-07-09,2018-07-10,36.97,37.12,True,0.0754,True,5.7112,True,-0.1028,True,4.3549
NOW,C6_B_plus_C,DCA_ADDITION,2018-08-01,2018-08-02,35.588,36.568,True,8.5375,True,-8.7946,True,12.5267,True,-2.9842
NOW,C6_B_plus_C,DCA_ADDITION,2018-09-04,2018-09-05,40.052,38.152,True,2.8518,True,-6.1124,True,-3.6752,True,-11.1805
NOW,C6_B_plus_C,EXIT_SELL,2018-09-13,2018-09-14,40.916,40.594,True,-9.1245,True,-9.632,True,-14.4736,True,-9.6197
NOW,C6_B_plus_C,PANIC_BUY,2018-11-07,2018-11-08,38.166,37.232,True,-0.6768,True,21.9166,True,-4.428,True,18.1994
NOW,C6_B_plus_C,EXIT_SELL,2018-11-12,2018-11-13,34.474,33.734,True,11.5492,True,39.1178,True,8.8589,True,32.8595
NOW,C6_B_plus_C,PANIC_BUY,2018-11-28,2018-11-29,35.574,35.82,True,-0.5863,True,33.6907,True,1.383,True,35.1043
NOW,C6_B_plus_C,DCA_ADDITION,2018-12-03,2018-12-04,37.618,36.17,True,-0.8958,True,30.4949,True,-10.0856,True,25.9876
NOW,C6_B_plus_C,DCA_ADDITION,2019-01-02,2019-01-03,35.664,33.824,True,30.978,True,45.2992,True,23.3849,True,38.229
NOW,C6_B_plus_C,EXIT_SELL,2019-01-03,2019-01-04,33.824,35.846,True,25.6151,True,37.7113,True,30.978,True,45.2992
NOW,C6_B_plus_C,REENTRY_BUY,2019-01-08,2019-01-09,37.622,38.094,True,19.1579,True,24.4185,True,19.9086,True,26.0061
NOW,C6_B_plus_C,DCA_ADDITION,2019-02-01,2019-02-04,44.302,45.028,True,4.8237,True,20.1031,True,6.9794,True,22.5723
NOW,C6_B_plus_C,EXIT_SELL,2019-02-20,2019-02-21,45.9,46.002,True,9.104,True,18.6861,True,6.5752,True,21.1155
NOW,C6_B_plus_C,REENTRY_BUY,2019-03-20,2019-03-21,48.918,50.19,True,-5.3995,True,9.4082,True,-3.418,True,11.3087
NOW,C6_B_plus_C,EXIT_SELL,2019-03-25,2019-03-26,48.34,49.0,True,-0.9388,True,17.8775,True,0.7654,True,18.1258
NOW,C6_B_plus_C,REENTRY_BUY,2019-04-22,2019-04-23,48.528,48.71,True,11.357,True,20.9936,True,9.2483,True,22.2222
NOW,C6_B_plus_C,DCA_ADDITION,2019-05-01,2019-05-02,54.08,52.534,True,-0.2817,True,8.821,True,-2.8846,True,7.0007
NOW,C6_B_plus_C,EXIT_SELL,2019-05-13,2019-05-14,52.024,54.414,True,-1.54,True,-1.8231,True,2.372,True,0.2191
NOW,C6_B_plus_C,REENTRY_BUY,2019-06-18,2019-06-19,56.528,57.102,True,3.2118,True,-11.7509,True,4.925,True,-9.1388
NOW,C6_B_plus_C,DCA_ADDITION,2019-07-01,2019-07-02,56.702,57.662,True,-3.7876,True,-10.5165,True,-0.8853,True,-8.5112
NOW,C6_B_plus_C,EXIT_SELL,2019-07-18,2019-07-19,58.936,57.948,True,-11.3309,True,-7.0063,True,-14.3851,True,-8.2632
NOW,C6_B_plus_C,PANIC_BUY,2019-08-21,2019-08-22,53.156,52.928,True,2.4675,True,-1.7684,True,1.1137,True,-4.4887
NOW,C6_B_plus_C,DCA_ADDITION,2019-09-03,2019-09-04,52.676,53.704,True,-8.0702,True,4.752,True,-5.0307,True,5.8774
NOW,C6_B_plus_C,DCA_ADDITION,2019-10-01,2019-10-02,50.026,49.37,True,1.2558,True,16.2163,True,-3.6341,True,14.4205
NOW,C6_B_plus_C,DCA_ADDITION,2019-11-01,2019-11-04,50.606,49.16,True,13.511,True,37.6038,True,9.6115,True,35.0117
NOW,C6_B_plus_C,DCA_ADDITION,2019-12-02,2019-12-03,55.47,55.802,True,4.3834,True,23.4364,True,1.792,True,17.5735
NOW,C6_B_plus_C,DCA_ADDITION,2020-01-02,2020-01-03,58.248,58.22,True,17.8976,True,-1.5527,True,16.1345,True,-1.6653
NOW,C6_B_plus_C,DCA_ADDITION,2020-02-03,2020-02-04,68.64,70.406,True,-1.9771,True,-0.1392,True,-3.954,True,-6.1801
NOW,C6_B_plus_C,DCA_ADDITION,2020-03-02,2020-03-03,68.88,65.926,True,-13.0601,True,14.668,True,-16.8438,True,7.77
NOW,C6_B_plus_C,EXIT_SELL,2020-03-27,2020-03-30,54.8,57.278,True,3.3556,True,37.201,True,12.6277,True,46.3285
NOW,C6_B_plus_C,PANIC_BUY,2020-04-08,2020-04-09,54.81,55.612,True,35.6758,True,48.076,True,39.3286,True,51.9577
NOW,C6_B_plus_C,DCA_ADDITION,2020-05-01,2020-05-04,67.902,70.928,True,10.7884,True,25.6796,True,12.9186,True,28.1376
NOW,C6_B_plus_C,EXIT_SELL,2020-05-21,2020-05-22,76.728,77.592,True,3.8303,True,12.79,True,4.2305,True,15.3086
NOW,C6_B_plus_C,REENTRY_BUY,2020-06-10,2020-06-11,80.332,75.01,True,12.761,True,20.0773,True,6.152,True,16.7256
NOW,C6_B_plus_C,EXIT_SELL,2020-06-16,2020-06-17,79.692,80.13,True,3.3021,True,11.2942,True,6.2992,True,13.6827
NOW,C6_B_plus_C,REENTRY_BUY,2020-07-01,2020-07-02,83.358,82.842,True,6.0332,True,16.8996,True,3.5054,True,15.1587
NOW,C6_B_plus_C,EXIT_SELL,2020-07-13,2020-07-14,80.374,82.646,True,1.9674,True,20.998,True,9.1597,True,22.3132
NOW,C6_B_plus_C,REENTRY_BUY,2020-08-20,2020-08-21,90.668,89.884,True,2.7725,True,11.7618,True,-0.0551,True,12.0594
NOW,C6_B_plus_C,DCA_ADDITION,2020-09-01,2020-09-02,99.438,99.938,True,-1.4349,True,5.5614,True,-2.4518,True,4.4309
NOW,C6_B_plus_C,EXIT_SELL,2020-09-04,2020-09-08,90.07,88.628,True,10.9221,True,18.8157,True,11.4222,True,19.8157
NOW,C6_B_plus_C,REENTRY_BUY,2020-10-02,2020-10-05,98.63,100.358,True,-5.1396,True,9.0855,True,0.8963,True,10.7128
NOW,C6_B_plus_C,EXIT_SELL,2020-10-21,2020-10-22,102.056,101.192,True,1.6543,True,7.1606,True,-0.6193,True,1.7912
NOW,C6_B_plus_C,REENTRY_BUY,2020-11-05,2020-11-06,106.216,107.036,True,-0.3606,True,10.0527,True,-1.013,True,8.5806
NOW,C6_B_plus_C,EXIT_SELL,2020-11-09,2020-11-10,100.392,96.256,True,9.7054,True,22.1555,True,8.0265,True,17.4855
NOW,C6_B_plus_C,REENTRY_BUY,2020-12-01,2020-12-02,107.918,105.304,True,4.5411,True,4.3265,True,1.4437,True,3.1283
NOW,C6_B_plus_C,EXIT_SELL,2020-12-28,2020-12-29,108.748,109.196,True,1.5129,True,-9.3373,True,-5.0097,True,-13.1607
NOW,C6_B_plus_C,PANIC_BUY,2021-01-21,2021-01-22,108.866,108.218,True,1.6947,True,-0.0573,True,4.85,True,0.9259
NOW,C6_B_plus_C,DCA_ADDITION,2021-02-01,2021-02-02,111.712,116.702,True,-11.5696,True,-13.4548,True,-1.6578,True,-0.2363
NOW,C6_B_plus_C,EXIT_SELL,2021-02-17,2021-02-18,116.188,115.16,True,-19.0379,True,-20.0538,True,-16.5146,True,-21.6821
NOW,C6_B_plus_C,PANIC_BUY,2021-03-26,2021-03-29,99.0,97.078,True,15.913,True,13.3521,True,12.9717,True,10.3091
NOW,C6_B_plus_C,DCA_ADDITION,2021-04-01,2021-04-05,101.402,102.804,True,-4.6107,True,8.6709,True,-0.1262,True,8.9071
NOW,C6_B_plus_C,DCA_ADDITION,2021-05-03,2021-05-04,98.064,96.66,True,-3.3706,True,21.3387,True,-4.3135,True,18.9733
NOW,C6_B_plus_C,DCA_ADDITION,2021-06-01,2021-06-02,93.834,93.402,True,17.6741,True,33.6224,True,19.0592,True,32.3763
NOW,C6_B_plus_C,DCA_ADDITION,2021-07-01,2021-07-02,109.034,110.366,True,5.9511,True,10.998,True,7.8361,True,19.1482
NOW,C6_B_plus_C,DCA_ADDITION,2021-08-02,2021-08-03,116.934,116.932,True,10.0879,True,13.7003,True,9.7457,True,15.7422
NOW,C6_B_plus_C,DCA_ADDITION,2021-09-01,2021-09-02,130.17,132.062,True,-4.1662,True,1.8946,True,-4.3912,True,-0.1997
NOW,C6_B_plus_C,DCA_ADDITION,2021-10-01,2021-10-04,126.56,123.594,True,10.3581,True,5.9242,True,10.2655,True,3.3502
NOW,C6_B_plus_C,DCA_ADDITION,2021-11-01,2021-11-02,136.396,137.318,True,-12.6742,True,-18.2802,True,-5.0265,True,-22.4772
NOW,C6_B_plus_C,EXIT_SELL,2021-11-02,2021-11-03,137.318,137.534,True,-9.3504,True,-14.8167,True,-12.6742,True,-18.2802
NOW,C6_B_plus_C,PANIC_BUY,2021-12-07,2021-12-08,132.678,133.162,True,-13.7832,True,-21.9567,True,-13.6616,True,-17.5342
NOW,C6_B_plus_C,EXIT_SELL,2021-12-14,2021-12-15,124.938,129.408,True,-19.4393,True,-23.4823,True,-8.2121,True,-18.0153
NOW,C6_B_plus_C,PANIC_BUY,2021-12-27,2021-12-28,132.656,130.8,True,-25.9297,True,-11.1483,True,-25.3588,True,-14.371
NOW,C6_B_plus_C,DCA_ADDITION,2022-01-03,2022-01-04,126.028,120.788,True,-3.7736,True,-7.7905,True,-6.9191,True,-8.9107
NOW,C6_B_plus_C,DCA_ADDITION,2022-02-01,2022-02-02,117.308,116.23,True,-3.2419,True,-17.7321,True,0.0887,True,-14.0689
NOW,C6_B_plus_C,EXIT_SELL,2022-02-18,2022-02-22,111.202,110.03,True,6.9999,True,-25.0659,True,2.4802,True,-22.1507
NOW,C6_B_plus_C,PANIC_BUY,2022-03-17,2022-03-18,113.336,115.976,True,-14.2012,True,-23.3031,True,-10.4733,True,-22.2895
NOW,C6_B_plus_C,EXIT_SELL,2022-04-01,2022-04-04,109.738,114.964,True,-16.172,True,-17.275,True,-11.6988,True,-12.9217
NOW,C6_B_plus_C,PANIC_BUY,2022-04-04,2022-04-05,114.964,110.644,True,-9.7177,True,-12.4471,True,-16.172,True,-17.275
NOW,C6_B_plus_C,EXIT_SELL,2022-04-05,2022-04-06,110.644,105.59,True,-11.1033,True,-6.065,True,-9.7177,True,-12.4471
NOW,C6_B_plus_C,PANIC_BUY,2022-05-25,2022-05-26,90.458,90.974,True,9.196,True,1.1256,True,11.4528,True,1.6405
NOW,C6_B_plus_C,DCA_ADDITION,2022-06-01,2022-06-02,95.026,100.96,True,-4.0491,True,-13.6727,True,0.0821,True,-6.4067
NOW,C6_B_plus_C,DCA_ADDITION,2022-07-01,2022-07-05,96.872,99.186,True,-8.3661,True,-21.5918,True,-6.3156,True,-21.7627
NOW,C6_B_plus_C,DCA_ADDITION,2022-08-01,2022-08-02,90.754,90.888,True,-3.8729,True,-19.3711,True,-3.9646,True,-16.9932
NOW,C6_B_plus_C,DCA_ADDITION,2022-09-01,2022-09-02,86.112,86.902,True,-9.8502,True,-8.6672,True,-12.2979,True,-6.6495
NOW,C6_B_plus_C,EXIT_SELL,2022-09-19,2022-09-20,85.01,82.24,True,-13.232,True,1.7485,True,-17.9838,True,-2.0892
NOW,C6_B_plus_C,PANIC_BUY,2022-10-04,2022-10-05,82.31,84.116,True,-6.6337,True,-7.6822,True,1.7033,True,-5.2727
NOW,C6_B_plus_C,EXIT_SELL,2022-10-10,2022-10-11,76.356,74.26,True,-0.0431,True,-1.2847,True,-4.8667,True,-4.0495
NOW,C6_B_plus_C,PANIC_BUY,2022-10-25,2022-10-26,75.332,73.282,True,11.7246,True,21.0147,True,6.2709,True,17.464
NOW,C6_B_plus_C,DCA_ADDITION,2022-11-01,2022-11-02,83.712,78.536,True,8.3834,True,15.9035,True,-0.5399,True,5.7363
NOW,C6_B_plus_C,DCA_ADDITION,2022-12-01,2022-12-02,85.12,82.574,True,-6.6292,True,5.6119,True,-8.7712,True,0.7848
NOW,C6_B_plus_C,EXIT_SELL,2022-12-07,2022-12-08,77.704,79.246,True,-4.4595,True,12.8057,True,-5.6599,True,14.4883
NOW,C6_B_plus_C,REENTRY_BUY,2022-12-12,2022-12-13,80.328,83.234,True,-0.6992,True,-0.298,True,-1.957,True,3.3463
NOW,C6_B_plus_C,EXIT_SELL,2022-12-16,2022-12-19,78.874,76.46,True,12.0664,True,15.3544,True,5.5354,True,12.1764
NOW,C6_B_plus_C,PANIC_BUY,2023-01-04,2023-01-05,78.77,73.264,True,28.9092,True,26.799,True,24.7353,True,17.9942
NOW,C6_B_plus_C,EXIT_SELL,2023-01-05,2023-01-06,73.264,73.306,True,24.1972,True,29.8802,True,28.9092,True,26.799
NOW,C6_B_plus_C,REENTRY_BUY,2023-01-17,2023-01-18,83.648,83.24,True,11.4632,True,11.2518,True,10.3075,True,15.6035
NOW,C6_B_plus_C,DCA_ADDITION,2023-02-01,2023-02-02,94.762,98.254,True,-9.6261,True,-8.3172,True,-7.9716,True,-3.0371
NOW,C6_B_plus_C,DCA_ADDITION,2023-03-01,2023-03-02,85.788,87.208,True,0.8233,True,23.2593,True,2.2148,True,23.9754
NOW,C6_B_plus_C,EXIT_SELL,2023-03-22,2023-03-23,86.702,88.094,True,7.4557,True,27.0211,True,7.8845,True,30.4422
NOW,C6_B_plus_C,PANIC_BUY,2023-03-23,2023-03-24,88.094,86.58,True,9.2631,True,26.3109,True,7.4557,True,27.0211
NOW,C6_B_plus_C,DCA_ADDITION,2023-04-03,2023-04-04,92.898,95.21,True,-8.1861,True,18.0485,True,-4.4802,True,17.9961
NOW,C6_B_plus_C,EXIT_SELL,2023-04-25,2023-04-26,88.456,90.806,True,10.6865,True,27.3132,True,13.0822,True,31.5954
NOW,C6_B_plus_C,REENTRY_BUY,2023-05-15,2023-05-16,92.628,93.648,True,21.1579,True,19.0501,True,19.7737,True,19.8342
NOW,C6_B_plus_C,DCA_ADDITION,2023-06-01,2023-06-02,108.592,109.636,True,2.6798,True,5.5985,True,3.5012,True,4.6689
NOW,C6_B_plus_C,EXIT_SELL,2023-06-09,2023-06-12,106.806,109.27,True,2.7437,True,9.6953,True,5.1327,True,12.0742
NOW,C6_B_plus_C,REENTRY_BUY,2023-07-13,2023-07-14,115.49,116.076,True,-3.9526,True,-2.7482,True,-3.8878,True,-2.8972
NOW,C6_B_plus_C,DCA_ADDITION,2023-08-01,2023-08-02,118.078,112.634,True,4.4516,True,-2.1699,True,-1.9513,True,-10.2
NOW,C6_B_plus_C,DCA_ADDITION,2023-09-01,2023-09-05,118.176,119.432,True,-9.3643,True,13.6931,True,-6.0334,True,12.5846
NOW,C6_B_plus_C,DCA_ADDITION,2023-10-02,2023-10-03,111.046,108.248,True,7.5031,True,29.7872,True,2.3972,True,26.7511
NOW,C6_B_plus_C,DCA_ADDITION,2023-11-01,2023-11-02,118.696,119.886,True,15.2411,True,27.688,True,15.5456,True,32.3937
NOW,C6_B_plus_C,DCA_ADDITION,2023-12-01,2023-12-04,138.158,137.524,True,-1.7917,True,12.5084,True,-0.4734,True,11.6606
NOW,C6_B_plus_C,EXIT_SELL,2023-12-14,2023-12-15,136.078,139.648,True,4.1963,True,11.6364,True,6.9328,True,14.1816
NOW,C6_B_plus_C,REENTRY_BUY,2024-01-11,2024-01-12,145.292,145.836,True,7.9775,True,5.487,True,11.9043,True,7.6756
NOW,C6_B_plus_C,DCA_ADDITION,2024-02-01,2024-02-02,154.2,156.26,True,-0.6668,True,-11.2594,True,0.3411,True,-6.4643
NOW,C6_B_plus_C,EXIT_SELL,2024-02-12,2024-02-13,157.47,154.752,True,0.4032,True,-6.5679,True,0.2807,True,-8.4232
NOW,C6_B_plus_C,REENTRY_BUY,2024-03-20,2024-03-21,153.512,154.636,True,-7.6657,True,-6.1667,True,-4.7162,True,-5.0784
NOW,C6_B_plus_C,DCA_ADDITION,2024-04-01,2024-04-02,153.674,151.4,True,-8.4108,True,2.2629,True,-6.1442,True,-1.8819
NOW,C6_B_plus_C,DCA_ADDITION,2024-05-01,2024-05-02,137.122,139.144,True,-5.5755,True,14.8163,True,-6.1726,True,16.5473
NOW,C6_B_plus_C,DCA_ADDITION,2024-06-03,2024-06-04,132.022,134.4,True,16.9524,True,23.7009,True,20.2996,True,23.3294
NOW,C6_B_plus_C,DCA_ADDITION,2024-07-01,2024-07-02,157.792,158.822,True,2.5538,True,11.4279,True,1.2472,True,12.8105
NOW,C6_B_plus_C,DCA_ADDITION,2024-08-01,2024-08-02,162.276,158.128,True,8.1402,True,19.5234,True,2.4514,True,17.1892
NOW,C6_B_plus_C,DCA_ADDITION,2024-09-03,2024-09-04,167.172,166.966,True,5.4598,True,24.744,True,3.747,True,28.0202
NOW,C6_B_plus_C,DCA_ADDITION,2024-10-01,2024-10-02,173.436,176.082,True,7.9043,True,22.836,True,9.9057,True,26.7453
NOW,C6_B_plus_C,DCA_ADDITION,2024-11-01,2024-11-04,188.682,190.918,True,10.7617,True,6.9506,True,11.132,True,7.9467
NOW,C6_B_plus_C,EXIT_SELL,2024-11-27,2024-11-29,208.28,209.888,True,1.74,True,-11.4042,True,3.8467,True,-11.5652
NOW,C6_B_plus_C,REENTRY_BUY,2024-12-12,2024-12-13,229.684,224.22,True,-5.9736,True,-24.6874,True,-10.1992,True,-29.3272
NOW,C6_B_plus_C,EXIT_SELL,2024-12-18,2024-12-19,212.198,214.974,True,4.6796,True,-23.3284,True,3.3799,True,-20.4403
NOW,C6_B_plus_C,PANIC_BUY,2025-01-21,2025-01-22,219.37,225.034,True,-13.9703,True,-31.3739,True,-10.0023,True,-27.3684
NOW,C6_B_plus_C,DCA_ADDITION,2025-02-03,2025-02-04,204.188,202.026,True,-9.3394,True,-5.1657,True,-11.2494,True,-6.4578
NOW,C6_B_plus_C,DCA_ADDITION,2025-03-03,2025-03-04,182.062,181.218,True,-10.4327,True,12.0452,True,-12.5419,True,12.1925
NOW,C6_B_plus_C,DCA_ADDITION,2025-04-01,2025-04-02,162.312,164.806,True,16.2518,True,24.7624,True,17.6758,True,25.9821
NOW,C6_B_plus_C,EXIT_SELL,2025-04-16,2025-04-17,159.332,154.432,True,34.7104,True,25.2292,True,29.94,True,20.1165
NOW,C6_B_plus_C,REENTRY_BUY,2025-04-28,2025-04-29,187.482,188.572,True,8.3194,True,2.7501,True,9.5988,True,6.2694
NOW,C6_B_plus_C,DCA_ADDITION,2025-05-01,2025-05-02,191.59,195.472,True,3.5555,True,0.0123,True,5.5473,True,3.6797
NOW,C6_B_plus_C,DCA_ADDITION,2025-06-02,2025-06-03,202.422,202.176,True,-0.1108,True,-8.1394,True,-0.0217,True,-12.2645
NOW,C6_B_plus_C,DCA_ADDITION,2025-07-01,2025-07-02,202.378,201.952,True,-6.5996,True,-7.3047,True,-3.4006,True,-9.2184
NOW,C6_B_plus_C,DCA_ADDITION,2025-08-01,2025-08-04,182.874,184.6,True,-1.2546,True,1.6154,True,0.3379,True,3.4909
NOW,C6_B_plus_C,DCA_ADDITION,2025-09-02,2025-09-03,182.284,183.876,True,-0.756,True,-12.689,True,0.9721,True,-9.4479
NOW,C6_B_plus_C,EXIT_SELL,2025-09-25,2025-09-26,183.722,187.2,True,-0.6229,True,-16.3034,True,2.2382,True,-15.4647
NOW,C6_B_plus_C,PANIC_BUY,2025-09-29,2025-09-30,188.17,184.056,True,1.9157,True,-17.0959,True,0.5782,True,-17.9678
NOW,C6_B_plus_C,DCA_ADDITION,2025-10-01,2025-10-02,182.486,182.02,True,2.7008,True,-15.0753,True,-0.08,True,-15.6702
NOW,C6_B_plus_C,DCA_ADDITION,2025-11-03,2025-11-04,182.768,177.514,True,-6.1595,True,-33.5264,True,-9.7895,True,-35.9789
NOW,C6_B_plus_C,EXIT_SELL,2025-11-04,2025-11-05,177.514,175.926,True,-4.6338,True,-37.6044,True,-6.1595,True,-33.5264
NOW,C6_B_plus_C,PANIC_BUY,2025-12-03,2025-12-04,166.58,167.774,True,-12.0245,True,-32.1349,True,-11.484,True,-32.0507
NOW,C6_B_plus_C,EXIT_SELL,2025-12-15,2025-12-16,153.04,156.224,True,-16.0372,True,-26.4646,True,-12.0426,True,-25.758
NOW,C6_B_plus_C,PANIC_BUY,2026-02-18,2026-02-19,107.81,107.37,True,5.495,True,-11.4557,True,5.4726,True,-16.056
NOW,C6_B_plus_C,EXIT_SELL,2026-02-19,2026-02-20,107.37,104.27,True,5.8598,True,-0.8152,True,5.495,True,-11.4557
NOW,C6_B_plus_C,PANIC_BUY,2026-03-06,2026-03-09,124.34,121.93,True,-17.5346,True,-3.3052,True,-17.6291,True,2.6621
NOW,C6_B_plus_C,EXIT_SELL,2026-03-11,2026-03-12,115.63,112.97,True,-26.5292,True,1.0799,True,-22.3298,True,-2.7502
NOW,C6_B_plus_C,PANIC_BUY,2026-04-20,2026-04-21,99.72,100.14,True,1.6876,True,3.0957,True,3.7104,True,4.302
NOW,C6_B_plus_C,EXIT_SELL,2026-04-23,2026-04-24,84.78,90.17,True,13.2638,True,5.8667,True,17.5867,True,20.3822
NOW,C6_B_plus_C,PANIC_BUY,2026-05-07,2026-05-08,93.59,91.18,True,25.2358,True,28.5589,True,20.1517,True,26.2314
NOW,C6_B_plus_C,DCA_ADDITION,2026-06-01,2026-06-02,135.86,127.65,True,-17.1171,True,8.445,True,-26.9248,True,-7.4047
NOW,C6_B_plus_C,EXIT_SELL,2026-06-11,2026-06-12,103.08,102.15,True,2.6432,True,28.3505,True,7.9356,True,30.1998
NOW,C6_B_plus_C,PANIC_BUY,2026-06-29,2026-06-30,99.97,99.28,True,16.5995,False,,True,10.6532,False,
NOW,C6_B_plus_C,DCA_ADDITION,2026-07-01,2026-07-02,105.8,106.32,True,4.6181,False,,True,4.0359,False,
NOW,C6_B_plus_C,EXIT_SELL,2026-07-21,2026-07-22,102.06,95.46,True,33.2495,False,,True,17.0782,False,
NOW,C6_B_plus_C,PANIC_BUY,2026-07-28,2026-07-29,110.62,115.76,True,8.6731,False,,True,14.8074,False,
NOW,C6_B_plus_C,DCA_ADDITION,2026-08-03,2026-08-04,114.19,118.14,True,20.9582,False,,True,29.5998,False,
NOW,C6_B_plus_C,DCA_ADDITION,2026-09-01,2026-09-02,142.9,136.72,False,,False,,False,,False,
NOW,C7_Full_Candidate,PANIC_BUY,2014-04-21,2014-04-22,10.63,11.046,True,-12.2035,True,2.4986,True,-8.937,True,5.9643
NOW,C7_Full_Candidate,DCA_ADDITION,2014-05-01,2014-05-02,10.096,10.236,True,-1.7976,True,16.6471,True,3.6252,True,15.5507
NOW,C7_Full_Candidate,DCA_ADDITION,2014-06-02,2014-06-03,10.052,10.082,True,26.1258,True,19.1827,True,23.279,True,18.842
NOW,C7_Full_Candidate,DCA_ADDITION,2014-07-01,2014-07-02,12.716,12.424,True,-5.3445,True,-4.1211,True,-1.4785,True,-8.1472
NOW,C7_Full_Candidate,DCA_ADDITION,2014-08-01,2014-08-04,11.334,11.542,True,8.9066,True,16.0457,True,7.8701,True,13.0933
NOW,C7_Full_Candidate,DCA_ADDITION,2014-09-02,2014-09-03,12.57,12.548,True,-8.6707,True,1.9605,True,-6.4757,True,0.2068
NOW,C7_Full_Candidate,EXIT_SELL,2014-09-30,2014-10-01,11.756,11.46,True,13.4904,True,22.3735,True,13.9333,True,18.5607
NOW,C7_Full_Candidate,PANIC_BUY,2014-10-21,2014-10-22,12.096,11.614,True,9.7296,True,11.6411,True,7.4405,True,5.754
NOW,C7_Full_Candidate,DCA_ADDITION,2014-11-03,2014-11-04,13.242,13.376,True,-7.5508,True,9.1358,True,-6.7663,True,10.1042
NOW,C7_Full_Candidate,DCA_ADDITION,2014-12-01,2014-12-02,12.37,12.346,True,9.9141,True,23.8296,True,9.7494,True,23.2983
NOW,C7_Full_Candidate,DCA_ADDITION,2015-01-02,2015-01-05,13.476,13.43,True,8.1906,True,12.6582,True,8.3259,True,16.919
NOW,C7_Full_Candidate,DCA_ADDITION,2015-02-02,2015-02-03,14.598,14.53,True,1.3076,True,3.042,True,3.3703,True,6.1378
NOW,C7_Full_Candidate,EXIT_SELL,2015-02-27,2015-03-02,15.252,15.288,True,3.9246,True,2.551,True,2.898,True,1.9014
NOW,C7_Full_Candidate,REENTRY_BUY,2015-03-17,2015-03-18,15.98,16.01,True,3.4853,True,-2.6359,True,1.0638,True,-2.7159
NOW,C7_Full_Candidate,EXIT_SELL,2015-03-30,2015-03-31,15.888,15.756,True,-1.6629,True,0.1777,True,-5.6017,True,-2.4799
NOW,C7_Full_Candidate,REENTRY_BUY,2015-04-16,2015-04-17,16.568,14.658,True,3.302,True,5.6215,True,-8.1965,True,-7.5326
NOW,C7_Full_Candidate,DCA_ADDITION,2015-05-01,2015-05-04,14.75,14.722,True,2.4046,True,5.9367,True,2.6169,True,6.6169
NOW,C7_Full_Candidate,DCA_ADDITION,2015-06-01,2015-06-02,15.136,15.076,True,-1.4195,True,-5.2667,True,-2.5238,True,-9.2627
NOW,C7_Full_Candidate,DCA_ADDITION,2015-07-01,2015-07-02,14.78,14.906,True,8.0102,True,-7.3796,True,9.6482,True,-1.4073
NOW,C7_Full_Candidate,DCA_ADDITION,2015-08-03,2015-08-04,15.83,15.582,True,-11.539,True,5.4422,True,-10.3474,True,1.2887
NOW,C7_Full_Candidate,DCA_ADDITION,2015-09-01,2015-09-02,13.784,13.99,True,2.3302,True,24.7891,True,0.769,True,26.0737
NOW,C7_Full_Candidate,DCA_ADDITION,2015-10-01,2015-10-02,14.316,14.446,True,13.0417,True,21.9992,True,13.9424,True,21.3887
NOW,C7_Full_Candidate,DCA_ADDITION,2015-11-02,2015-11-03,16.404,16.506,True,6.0584,True,-24.9243,True,5.4255,True,-24.1526
NOW,C7_Full_Candidate,DCA_ADDITION,2015-12-01,2015-12-02,17.294,17.506,True,-1.1082,True,-33.9084,True,1.0524,True,-36.4057
NOW,C7_Full_Candidate,DCA_ADDITION,2016-01-04,2016-01-05,16.814,16.8,True,-29.4048,True,-26.1548,True,-31.902,True,-27.2273
NOW,C7_Full_Candidate,DCA_ADDITION,2016-02-01,2016-02-02,12.392,11.45,True,0.7162,True,24.6638,True,-6.6333,True,18.06
NOW,C7_Full_Candidate,DCA_ADDITION,2016-03-01,2016-03-02,11.57,11.532,True,6.1048,True,21.488,True,5.5661,True,22.3163
NOW,C7_Full_Candidate,DCA_ADDITION,2016-04-01,2016-04-04,12.406,12.856,True,12.0411,True,1.3223,True,15.2346,True,2.6439
NOW,C7_Full_Candidate,DCA_ADDITION,2016-05-02,2016-05-03,14.404,13.968,True,4.768,True,9.3643,True,-0.5415,True,1.333
NOW,C7_Full_Candidate,EXIT_SELL,2016-05-05,2016-05-06,13.558,13.456,True,11.5636,True,8.8436,True,8.4673,True,10.739
NOW,C7_Full_Candidate,PANIC_BUY,2016-05-17,2016-05-18,13.9,14.006,True,5.2121,True,8.1965,True,7.1511,True,9.482
NOW,C7_Full_Candidate,DCA_ADDITION,2016-06-01,2016-06-02,14.634,14.846,True,-10.5483,True,-0.9834,True,-9.1978,True,0.5877
NOW,C7_Full_Candidate,DCA_ADDITION,2016-07-01,2016-07-05,13.242,13.054,True,12.1955,True,22.2154,True,13.3817,True,19.3777
NOW,C7_Full_Candidate,DCA_ADDITION,2016-08-01,2016-08-02,15.014,14.646,True,0.2868,True,7.7427,True,-2.2379,True,6.2875
NOW,C7_Full_Candidate,EXIT_SELL,2016-08-17,2016-08-18,14.614,14.614,True,5.7753,True,13.0833,True,6.3501,True,12.4127
NOW,C7_Full_Candidate,REENTRY_BUY,2016-08-31,2016-09-01,14.534,14.8,True,6.9595,True,14.6216,True,7.995,True,20.7376
NOW,C7_Full_Candidate,EXIT_SELL,2016-09-13,2016-09-14,14.484,14.512,True,3.7348,True,10.4052,True,8.8097,True,10.4391
NOW,C7_Full_Candidate,REENTRY_BUY,2016-09-19,2016-09-20,15.198,15.056,True,1.169,True,4.8751,True,-1.7765,True,4.4743
NOW,C7_Full_Candidate,DCA_ADDITION,2016-10-03,2016-10-04,15.914,15.856,True,9.5989,True,-5.4743,True,10.4813,True,-5.4669
NOW,C7_Full_Candidate,DCA_ADDITION,2016-11-01,2016-11-02,17.378,16.918,True,-8.8663,True,7.1285,True,-4.3043,True,3.7173
NOW,C7_Full_Candidate,DCA_ADDITION,2016-12-01,2016-12-02,15.418,15.312,True,-1.1756,True,12.7743,True,-3.5673,True,15.3068
NOW,C7_Full_Candidate,DCA_ADDITION,2017-01-03,2017-01-04,15.132,15.766,True,12.7236,True,10.9603,True,18.5567,True,14.9088
NOW,C7_Full_Candidate,DCA_ADDITION,2017-02-01,2017-02-02,17.94,17.772,True,-2.6896,True,6.831,True,-3.7458,True,5.3289
NOW,C7_Full_Candidate,DCA_ADDITION,2017-03-01,2017-03-02,17.778,17.268,True,0.6949,True,22.8052,True,-1.44,True,17.5835
NOW,C7_Full_Candidate,DCA_ADDITION,2017-04-03,2017-04-04,17.244,17.058,True,10.3412,True,24.0708,True,10.1369,True,26.2004
NOW,C7_Full_Candidate,DCA_ADDITION,2017-05-01,2017-05-02,18.986,18.992,True,10.2043,True,16.4069,True,10.987,True,15.5799
NOW,C7_Full_Candidate,DCA_ADDITION,2017-06-01,2017-06-02,21.302,21.46,True,-1.2115,True,4.2964,True,-0.6478,True,3.8306
NOW,C7_Full_Candidate,DCA_ADDITION,2017-07-03,2017-07-05,20.716,21.022,True,1.9599,True,10.979,True,6.9222,True,11.508
NOW,C7_Full_Candidate,DCA_ADDITION,2017-08-01,2017-08-02,22.15,21.434,True,6.625,True,17.7009,True,0.9029,True,12.5237
NOW,C7_Full_Candidate,DCA_ADDITION,2017-09-01,2017-09-05,23.098,23.23,True,1.4464,True,3.8226,True,1.1343,True,9.6459
NOW,C7_Full_Candidate,DCA_ADDITION,2017-10-02,2017-10-03,23.36,23.566,True,7.2477,True,10.914,True,7.0634,True,11.524
NOW,C7_Full_Candidate,EXIT_SELL,2017-10-23,2017-10-24,24.798,25.178,True,1.7317,True,14.3061,True,2.968,True,14.7431
NOW,C7_Full_Candidate,REENTRY_BUY,2017-11-08,2017-11-09,25.524,25.11,True,-2.9789,True,21.9992,True,-5.1873,True,16.7685
NOW,C7_Full_Candidate,DCA_ADDITION,2017-12-01,2017-12-04,24.532,22.724,True,16.9776,True,46.6907,True,7.3944,True,30.0913
NOW,C7_Full_Candidate,DCA_ADDITION,2018-01-02,2018-01-03,26.346,26.582,True,14.9725,True,21.6011,True,13.0115,True,25.5978
NOW,C7_Full_Candidate,DCA_ADDITION,2018-02-01,2018-02-02,30.562,29.952,True,12.3798,True,10.4567,True,9.0701,True,8.7233
NOW,C7_Full_Candidate,EXIT_SELL,2018-02-05,2018-02-06,29.478,29.804,True,16.1321,True,13.2264,True,16.0662,True,12.2871
NOW,C7_Full_Candidate,REENTRY_BUY,2018-02-20,2018-02-21,31.352,31.516,True,9.9061,True,8.9669,True,9.792,True,9.1796
NOW,C7_Full_Candidate,DCA_ADDITION,2018-03-01,2018-03-02,31.914,33.334,True,-3.0299,True,5.7779,True,3.6849,True,10.7476
NOW,C7_Full_Candidate,EXIT_SELL,2018-03-16,2018-03-19,33.996,33.962,True,2.7855,True,6.7252,True,-0.3118,True,6.9773
NOW,C7_Full_Candidate,REENTRY_BUY,2018-04-17,2018-04-18,34.908,34.86,True,-1.8072,True,9.6156,True,-0.6417,True,11.5274
NOW,C7_Full_Candidate,EXIT_SELL,2018-04-24,2018-04-25,32.132,31.6,True,10.1013,True,20.9367,True,5.9753,True,18.2871
NOW,C7_Full_Candidate,REENTRY_BUY,2018-05-15,2018-05-16,34.684,34.23,True,8.291,True,9.5355,True,4.5035,True,8.6034
NOW,C7_Full_Candidate,EXIT_SELL,2018-05-17,2018-05-18,34.342,34.788,True,7.1691,True,6.0653,True,8.526,True,7.7514
NOW,C7_Full_Candidate,REENTRY_BUY,2018-06-01,2018-06-04,36.302,36.7,True,-3.2153,True,5.8638,True,-4.9804,True,6.468
NOW,C7_Full_Candidate,EXIT_SELL,2018-06-13,2018-06-14,36.246,37.068,True,3.0862,True,7.3756,True,7.4105,True,8.6906
NOW,C7_Full_Candidate,REENTRY_BUY,2018-07-11,2018-07-12,37.436,38.932,True,-3.2467,True,-4.1406,True,-0.561,True,0.1389
NOW,C7_Full_Candidate,EXIT_SELL,2018-07-24,2018-07-25,36.982,36.772,True,-0.7886,True,0.7179,True,-1.5197,True,2.8933
NOW,C7_Full_Candidate,REENTRY_BUY,2018-08-14,2018-08-15,36.898,36.546,True,11.9575,True,1.8771,True,9.9084,True,3.4365
NOW,C7_Full_Candidate,DCA_ADDITION,2018-09-04,2018-09-05,40.052,38.152,True,2.8518,True,-6.1124,True,-3.6752,True,-11.1805
NOW,C7_Full_Candidate,EXIT_SELL,2018-09-13,2018-09-14,40.916,40.594,True,-9.1245,True,-9.632,True,-14.4736,True,-9.6197
NOW,C7_Full_Candidate,PANIC_BUY,2018-11-07,2018-11-08,38.166,37.232,True,-0.6768,True,21.9166,True,-4.428,True,18.1994
NOW,C7_Full_Candidate,EXIT_SELL,2018-11-12,2018-11-13,34.474,33.734,True,11.5492,True,39.1178,True,8.8589,True,32.8595
NOW,C7_Full_Candidate,PANIC_BUY,2018-11-28,2018-11-29,35.574,35.82,True,-0.5863,True,33.6907,True,1.383,True,35.1043
NOW,C7_Full_Candidate,DCA_ADDITION,2018-12-03,2018-12-04,37.618,36.17,True,-0.8958,True,30.4949,True,-10.0856,True,25.9876
NOW,C7_Full_Candidate,DCA_ADDITION,2019-01-02,2019-01-03,35.664,33.824,True,30.978,True,45.2992,True,23.3849,True,38.229
NOW,C7_Full_Candidate,EXIT_SELL,2019-01-03,2019-01-04,33.824,35.846,True,25.6151,True,37.7113,True,30.978,True,45.2992
NOW,C7_Full_Candidate,REENTRY_BUY,2019-01-08,2019-01-09,37.622,38.094,True,19.1579,True,24.4185,True,19.9086,True,26.0061
NOW,C7_Full_Candidate,DCA_ADDITION,2019-02-01,2019-02-04,44.302,45.028,True,4.8237,True,20.1031,True,6.9794,True,22.5723
NOW,C7_Full_Candidate,EXIT_SELL,2019-02-20,2019-02-21,45.9,46.002,True,9.104,True,18.6861,True,6.5752,True,21.1155
NOW,C7_Full_Candidate,REENTRY_BUY,2019-03-20,2019-03-21,48.918,50.19,True,-5.3995,True,9.4082,True,-3.418,True,11.3087
NOW,C7_Full_Candidate,EXIT_SELL,2019-03-25,2019-03-26,48.34,49.0,True,-0.9388,True,17.8775,True,0.7654,True,18.1258
NOW,C7_Full_Candidate,REENTRY_BUY,2019-04-22,2019-04-23,48.528,48.71,True,11.357,True,20.9936,True,9.2483,True,22.2222
NOW,C7_Full_Candidate,DCA_ADDITION,2019-05-01,2019-05-02,54.08,52.534,True,-0.2817,True,8.821,True,-2.8846,True,7.0007
NOW,C7_Full_Candidate,EXIT_SELL,2019-05-13,2019-05-14,52.024,54.414,True,-1.54,True,-1.8231,True,2.372,True,0.2191
NOW,C7_Full_Candidate,REENTRY_BUY,2019-06-18,2019-06-19,56.528,57.102,True,3.2118,True,-11.7509,True,4.925,True,-9.1388
NOW,C7_Full_Candidate,DCA_ADDITION,2019-07-01,2019-07-02,56.702,57.662,True,-3.7876,True,-10.5165,True,-0.8853,True,-8.5112
NOW,C7_Full_Candidate,EXIT_SELL,2019-07-18,2019-07-19,58.936,57.948,True,-11.3309,True,-7.0063,True,-14.3851,True,-8.2632
NOW,C7_Full_Candidate,REENTRY_BUY,2019-09-04,2019-09-05,53.704,53.924,True,-4.5434,True,4.9774,True,-8.0702,True,4.752
NOW,C7_Full_Candidate,EXIT_SELL,2019-09-09,2019-09-10,50.936,50.636,True,1.9551,True,8.1444,True,5.289,True,9.5532
NOW,C7_Full_Candidate,PANIC_BUY,2019-09-20,2019-09-23,54.234,53.4,True,-9.7753,True,3.4232,True,-10.3883,True,3.9164
NOW,C7_Full_Candidate,DCA_ADDITION,2019-10-01,2019-10-02,50.026,49.37,True,1.2558,True,16.2163,True,-3.6341,True,14.4205
NOW,C7_Full_Candidate,DCA_ADDITION,2019-11-01,2019-11-04,50.606,49.16,True,13.511,True,37.6038,True,9.6115,True,35.0117
NOW,C7_Full_Candidate,DCA_ADDITION,2019-12-02,2019-12-03,55.47,55.802,True,4.3834,True,23.4364,True,1.792,True,17.5735
NOW,C7_Full_Candidate,DCA_ADDITION,2020-01-02,2020-01-03,58.248,58.22,True,17.8976,True,-1.5527,True,16.1345,True,-1.6653
NOW,C7_Full_Candidate,DCA_ADDITION,2020-02-03,2020-02-04,68.64,70.406,True,-1.9771,True,-0.1392,True,-3.954,True,-6.1801
NOW,C7_Full_Candidate,DCA_ADDITION,2020-03-02,2020-03-03,68.88,65.926,True,-13.0601,True,14.668,True,-16.8438,True,7.77
NOW,C7_Full_Candidate,EXIT_SELL,2020-03-27,2020-03-30,54.8,57.278,True,3.3556,True,37.201,True,12.6277,True,46.3285
NOW,C7_Full_Candidate,PANIC_BUY,2020-04-08,2020-04-09,54.81,55.612,True,35.6758,True,48.076,True,39.3286,True,51.9577
NOW,C7_Full_Candidate,DCA_ADDITION,2020-05-01,2020-05-04,67.902,70.928,True,10.7884,True,25.6796,True,12.9186,True,28.1376
NOW,C7_Full_Candidate,EXIT_SELL,2020-05-21,2020-05-22,76.728,77.592,True,3.8303,True,12.79,True,4.2305,True,15.3086
NOW,C7_Full_Candidate,REENTRY_BUY,2020-06-10,2020-06-11,80.332,75.01,True,12.761,True,20.0773,True,6.152,True,16.7256
NOW,C7_Full_Candidate,EXIT_SELL,2020-06-16,2020-06-17,79.692,80.13,True,3.3021,True,11.2942,True,6.2992,True,13.6827
NOW,C7_Full_Candidate,REENTRY_BUY,2020-07-01,2020-07-02,83.358,82.842,True,6.0332,True,16.8996,True,3.5054,True,15.1587
NOW,C7_Full_Candidate,EXIT_SELL,2020-07-13,2020-07-14,80.374,82.646,True,1.9674,True,20.998,True,9.1597,True,22.3132
NOW,C7_Full_Candidate,REENTRY_BUY,2020-08-20,2020-08-21,90.668,89.884,True,2.7725,True,11.7618,True,-0.0551,True,12.0594
NOW,C7_Full_Candidate,DCA_ADDITION,2020-09-01,2020-09-02,99.438,99.938,True,-1.4349,True,5.5614,True,-2.4518,True,4.4309
NOW,C7_Full_Candidate,EXIT_SELL,2020-09-04,2020-09-08,90.07,88.628,True,10.9221,True,18.8157,True,11.4222,True,19.8157
NOW,C7_Full_Candidate,REENTRY_BUY,2020-10-02,2020-10-05,98.63,100.358,True,-5.1396,True,9.0855,True,0.8963,True,10.7128
NOW,C7_Full_Candidate,EXIT_SELL,2020-10-21,2020-10-22,102.056,101.192,True,1.6543,True,7.1606,True,-0.6193,True,1.7912
NOW,C7_Full_Candidate,REENTRY_BUY,2020-11-05,2020-11-06,106.216,107.036,True,-0.3606,True,10.0527,True,-1.013,True,8.5806
NOW,C7_Full_Candidate,EXIT_SELL,2020-11-09,2020-11-10,100.392,96.256,True,9.7054,True,22.1555,True,8.0265,True,17.4855
NOW,C7_Full_Candidate,REENTRY_BUY,2020-12-01,2020-12-02,107.918,105.304,True,4.5411,True,4.3265,True,1.4437,True,3.1283
NOW,C7_Full_Candidate,EXIT_SELL,2020-12-28,2020-12-29,108.748,109.196,True,1.5129,True,-9.3373,True,-5.0097,True,-13.1607
NOW,C7_Full_Candidate,REENTRY_BUY,2021-01-28,2021-01-29,110.848,108.632,True,2.4505,True,3.5846,True,-3.7493,True,0.8967
NOW,C7_Full_Candidate,DCA_ADDITION,2021-02-01,2021-02-02,111.712,116.702,True,-11.5696,True,-13.4548,True,-1.6578,True,-0.2363
NOW,C7_Full_Candidate,EXIT_SELL,2021-02-17,2021-02-18,116.188,115.16,True,-19.0379,True,-20.0538,True,-16.5146,True,-21.6821
NOW,C7_Full_Candidate,PANIC_BUY,2021-03-26,2021-03-29,99.0,97.078,True,15.913,True,13.3521,True,12.9717,True,10.3091
NOW,C7_Full_Candidate,DCA_ADDITION,2021-04-01,2021-04-05,101.402,102.804,True,-4.6107,True,8.6709,True,-0.1262,True,8.9071
NOW,C7_Full_Candidate,DCA_ADDITION,2021-05-03,2021-05-04,98.064,96.66,True,-3.3706,True,21.3387,True,-4.3135,True,18.9733
NOW,C7_Full_Candidate,DCA_ADDITION,2021-06-01,2021-06-02,93.834,93.402,True,17.6741,True,33.6224,True,19.0592,True,32.3763
NOW,C7_Full_Candidate,DCA_ADDITION,2021-07-01,2021-07-02,109.034,110.366,True,5.9511,True,10.998,True,7.8361,True,19.1482
NOW,C7_Full_Candidate,DCA_ADDITION,2021-08-02,2021-08-03,116.934,116.932,True,10.0879,True,13.7003,True,9.7457,True,15.7422
NOW,C7_Full_Candidate,DCA_ADDITION,2021-09-01,2021-09-02,130.17,132.062,True,-4.1662,True,1.8946,True,-4.3912,True,-0.1997
NOW,C7_Full_Candidate,DCA_ADDITION,2021-10-01,2021-10-04,126.56,123.594,True,10.3581,True,5.9242,True,10.2655,True,3.3502
NOW,C7_Full_Candidate,DCA_ADDITION,2021-11-01,2021-11-02,136.396,137.318,True,-12.6742,True,-18.2802,True,-5.0265,True,-22.4772
NOW,C7_Full_Candidate,EXIT_SELL,2021-11-02,2021-11-03,137.318,137.534,True,-9.3504,True,-14.8167,True,-12.6742,True,-18.2802
NOW,C7_Full_Candidate,PANIC_BUY,2021-12-07,2021-12-08,132.678,133.162,True,-13.7832,True,-21.9567,True,-13.6616,True,-17.5342
NOW,C7_Full_Candidate,EXIT_SELL,2021-12-14,2021-12-15,124.938,129.408,True,-19.4393,True,-23.4823,True,-8.2121,True,-18.0153
NOW,C7_Full_Candidate,PANIC_BUY,2022-01-28,2022-01-31,112.216,117.156,True,-2.5112,True,-20.3984,True,3.3578,True,-18.7282
NOW,C7_Full_Candidate,DCA_ADDITION,2022-02-01,2022-02-02,117.308,116.23,True,-3.2419,True,-17.7321,True,0.0887,True,-14.0689
NOW,C7_Full_Candidate,EXIT_SELL,2022-02-18,2022-02-22,111.202,110.03,True,6.9999,True,-25.0659,True,2.4802,True,-22.1507
NOW,C7_Full_Candidate,PANIC_BUY,2022-03-17,2022-03-18,113.336,115.976,True,-14.2012,True,-23.3031,True,-10.4733,True,-22.2895
NOW,C7_Full_Candidate,EXIT_SELL,2022-04-01,2022-04-04,109.738,114.964,True,-16.172,True,-17.275,True,-11.6988,True,-12.9217
NOW,C7_Full_Candidate,PANIC_BUY,2022-04-04,2022-04-05,114.964,110.644,True,-9.7177,True,-12.4471,True,-16.172,True,-17.275
NOW,C7_Full_Candidate,EXIT_SELL,2022-04-05,2022-04-06,110.644,105.59,True,-11.1033,True,-6.065,True,-9.7177,True,-12.4471
NOW,C7_Full_Candidate,PANIC_BUY,2022-05-25,2022-05-26,90.458,90.974,True,9.196,True,1.1256,True,11.4528,True,1.6405
NOW,C7_Full_Candidate,DCA_ADDITION,2022-06-01,2022-06-02,95.026,100.96,True,-4.0491,True,-13.6727,True,0.0821,True,-6.4067
NOW,C7_Full_Candidate,DCA_ADDITION,2022-07-01,2022-07-05,96.872,99.186,True,-8.3661,True,-21.5918,True,-6.3156,True,-21.7627
NOW,C7_Full_Candidate,DCA_ADDITION,2022-08-01,2022-08-02,90.754,90.888,True,-3.8729,True,-19.3711,True,-3.9646,True,-16.9932
NOW,C7_Full_Candidate,DCA_ADDITION,2022-09-01,2022-09-02,86.112,86.902,True,-9.8502,True,-8.6672,True,-12.2979,True,-6.6495
NOW,C7_Full_Candidate,EXIT_SELL,2022-09-19,2022-09-20,85.01,82.24,True,-13.232,True,1.7485,True,-17.9838,True,-2.0892
NOW,C7_Full_Candidate,PANIC_BUY,2022-10-04,2022-10-05,82.31,84.116,True,-6.6337,True,-7.6822,True,1.7033,True,-5.2727
NOW,C7_Full_Candidate,EXIT_SELL,2022-10-10,2022-10-11,76.356,74.26,True,-0.0431,True,-1.2847,True,-4.8667,True,-4.0495
NOW,C7_Full_Candidate,PANIC_BUY,2022-10-25,2022-10-26,75.332,73.282,True,11.7246,True,21.0147,True,6.2709,True,17.464
NOW,C7_Full_Candidate,DCA_ADDITION,2022-11-01,2022-11-02,83.712,78.536,True,8.3834,True,15.9035,True,-0.5399,True,5.7363
NOW,C7_Full_Candidate,DCA_ADDITION,2022-12-01,2022-12-02,85.12,82.574,True,-6.6292,True,5.6119,True,-8.7712,True,0.7848
NOW,C7_Full_Candidate,EXIT_SELL,2022-12-07,2022-12-08,77.704,79.246,True,-4.4595,True,12.8057,True,-5.6599,True,14.4883
NOW,C7_Full_Candidate,REENTRY_BUY,2022-12-12,2022-12-13,80.328,83.234,True,-0.6992,True,-0.298,True,-1.957,True,3.3463
NOW,C7_Full_Candidate,EXIT_SELL,2022-12-16,2022-12-19,78.874,76.46,True,12.0664,True,15.3544,True,5.5354,True,12.1764
NOW,C7_Full_Candidate,PANIC_BUY,2023-01-04,2023-01-05,78.77,73.264,True,28.9092,True,26.799,True,24.7353,True,17.9942
NOW,C7_Full_Candidate,EXIT_SELL,2023-01-05,2023-01-06,73.264,73.306,True,24.1972,True,29.8802,True,28.9092,True,26.799
NOW,C7_Full_Candidate,REENTRY_BUY,2023-01-17,2023-01-18,83.648,83.24,True,11.4632,True,11.2518,True,10.3075,True,15.6035
NOW,C7_Full_Candidate,DCA_ADDITION,2023-02-01,2023-02-02,94.762,98.254,True,-9.6261,True,-8.3172,True,-7.9716,True,-3.0371
NOW,C7_Full_Candidate,DCA_ADDITION,2023-03-01,2023-03-02,85.788,87.208,True,0.8233,True,23.2593,True,2.2148,True,23.9754
NOW,C7_Full_Candidate,EXIT_SELL,2023-03-22,2023-03-23,86.702,88.094,True,7.4557,True,27.0211,True,7.8845,True,30.4422
NOW,C7_Full_Candidate,REENTRY_BUY,2023-04-04,2023-04-05,95.21,93.466,True,-7.8788,True,20.4438,True,-8.1861,True,18.0485
NOW,C7_Full_Candidate,EXIT_SELL,2023-04-25,2023-04-26,88.456,90.806,True,10.6865,True,27.3132,True,13.0822,True,31.5954
NOW,C7_Full_Candidate,PANIC_BUY,2023-05-15,2023-05-16,92.628,93.648,True,21.1579,True,19.0501,True,19.7737,True,19.8342
NOW,C7_Full_Candidate,DCA_ADDITION,2023-06-01,2023-06-02,108.592,109.636,True,2.6798,True,5.5985,True,3.5012,True,4.6689
NOW,C7_Full_Candidate,EXIT_SELL,2023-06-09,2023-06-12,106.806,109.27,True,2.7437,True,9.6953,True,5.1327,True,12.0742
NOW,C7_Full_Candidate,REENTRY_BUY,2023-07-13,2023-07-14,115.49,116.076,True,-3.9526,True,-2.7482,True,-3.8878,True,-2.8972
NOW,C7_Full_Candidate,DCA_ADDITION,2023-08-01,2023-08-02,118.078,112.634,True,4.4516,True,-2.1699,True,-1.9513,True,-10.2
NOW,C7_Full_Candidate,DCA_ADDITION,2023-09-01,2023-09-05,118.176,119.432,True,-9.3643,True,13.6931,True,-6.0334,True,12.5846
NOW,C7_Full_Candidate,DCA_ADDITION,2023-10-02,2023-10-03,111.046,108.248,True,7.5031,True,29.7872,True,2.3972,True,26.7511
NOW,C7_Full_Candidate,DCA_ADDITION,2023-11-01,2023-11-02,118.696,119.886,True,15.2411,True,27.688,True,15.5456,True,32.3937
NOW,C7_Full_Candidate,DCA_ADDITION,2023-12-01,2023-12-04,138.158,137.524,True,-1.7917,True,12.5084,True,-0.4734,True,11.6606
NOW,C7_Full_Candidate,EXIT_SELL,2023-12-14,2023-12-15,136.078,139.648,True,4.1963,True,11.6364,True,6.9328,True,14.1816
NOW,C7_Full_Candidate,REENTRY_BUY,2024-01-11,2024-01-12,145.292,145.836,True,7.9775,True,5.487,True,11.9043,True,7.6756
NOW,C7_Full_Candidate,DCA_ADDITION,2024-02-01,2024-02-02,154.2,156.26,True,-0.6668,True,-11.2594,True,0.3411,True,-6.4643
NOW,C7_Full_Candidate,EXIT_SELL,2024-02-12,2024-02-13,157.47,154.752,True,0.4032,True,-6.5679,True,0.2807,True,-8.4232
NOW,C7_Full_Candidate,REENTRY_BUY,2024-03-20,2024-03-21,153.512,154.636,True,-7.6657,True,-6.1667,True,-4.7162,True,-5.0784
NOW,C7_Full_Candidate,DCA_ADDITION,2024-04-01,2024-04-02,153.674,151.4,True,-8.4108,True,2.2629,True,-6.1442,True,-1.8819
NOW,C7_Full_Candidate,DCA_ADDITION,2024-05-01,2024-05-02,137.122,139.144,True,-5.5755,True,14.8163,True,-6.1726,True,16.5473
NOW,C7_Full_Candidate,DCA_ADDITION,2024-06-03,2024-06-04,132.022,134.4,True,16.9524,True,23.7009,True,20.2996,True,23.3294
NOW,C7_Full_Candidate,DCA_ADDITION,2024-07-01,2024-07-02,157.792,158.822,True,2.5538,True,11.4279,True,1.2472,True,12.8105
NOW,C7_Full_Candidate,DCA_ADDITION,2024-08-01,2024-08-02,162.276,158.128,True,8.1402,True,19.5234,True,2.4514,True,17.1892
NOW,C7_Full_Candidate,DCA_ADDITION,2024-09-03,2024-09-04,167.172,166.966,True,5.4598,True,24.744,True,3.747,True,28.0202
NOW,C7_Full_Candidate,DCA_ADDITION,2024-10-01,2024-10-02,173.436,176.082,True,7.9043,True,22.836,True,9.9057,True,26.7453
NOW,C7_Full_Candidate,DCA_ADDITION,2024-11-01,2024-11-04,188.682,190.918,True,10.7617,True,6.9506,True,11.132,True,7.9467
NOW,C7_Full_Candidate,EXIT_SELL,2024-11-27,2024-11-29,208.28,209.888,True,1.74,True,-11.4042,True,3.8467,True,-11.5652
NOW,C7_Full_Candidate,REENTRY_BUY,2024-12-12,2024-12-13,229.684,224.22,True,-5.9736,True,-24.6874,True,-10.1992,True,-29.3272
NOW,C7_Full_Candidate,EXIT_SELL,2024-12-18,2024-12-19,212.198,214.974,True,4.6796,True,-23.3284,True,3.3799,True,-20.4403
NOW,C7_Full_Candidate,REENTRY_BUY,2025-01-22,2025-01-23,225.034,226.84,True,-17.2624,True,-33.346,True,-13.9703,True,-31.3739
NOW,C7_Full_Candidate,DCA_ADDITION,2025-02-03,2025-02-04,204.188,202.026,True,-9.3394,True,-5.1657,True,-11.2494,True,-6.4578
NOW,C7_Full_Candidate,DCA_ADDITION,2025-03-03,2025-03-04,182.062,181.218,True,-10.4327,True,12.0452,True,-12.5419,True,12.1925
NOW,C7_Full_Candidate,DCA_ADDITION,2025-04-01,2025-04-02,162.312,164.806,True,16.2518,True,24.7624,True,17.6758,True,25.9821
NOW,C7_Full_Candidate,EXIT_SELL,2025-04-16,2025-04-17,159.332,154.432,True,34.7104,True,25.2292,True,29.94,True,20.1165
NOW,C7_Full_Candidate,REENTRY_BUY,2025-04-28,2025-04-29,187.482,188.572,True,8.3194,True,2.7501,True,9.5988,True,6.2694
NOW,C7_Full_Candidate,DCA_ADDITION,2025-05-01,2025-05-02,191.59,195.472,True,3.5555,True,0.0123,True,5.5473,True,3.6797
NOW,C7_Full_Candidate,DCA_ADDITION,2025-06-02,2025-06-03,202.422,202.176,True,-0.1108,True,-8.1394,True,-0.0217,True,-12.2645
NOW,C7_Full_Candidate,DCA_ADDITION,2025-07-01,2025-07-02,202.378,201.952,True,-6.5996,True,-7.3047,True,-3.4006,True,-9.2184
NOW,C7_Full_Candidate,DCA_ADDITION,2025-08-01,2025-08-04,182.874,184.6,True,-1.2546,True,1.6154,True,0.3379,True,3.4909
NOW,C7_Full_Candidate,DCA_ADDITION,2025-09-02,2025-09-03,182.284,183.876,True,-0.756,True,-12.689,True,0.9721,True,-9.4479
NOW,C7_Full_Candidate,EXIT_SELL,2025-09-25,2025-09-26,183.722,187.2,True,-0.6229,True,-16.3034,True,2.2382,True,-15.4647
NOW,C7_Full_Candidate,PANIC_BUY,2025-10-14,2025-10-15,182.252,180.61,True,-4.3198,True,-21.0232,True,-5.5517,True,-22.1956
NOW,C7_Full_Candidate,DCA_ADDITION,2025-11-03,2025-11-04,182.768,177.514,True,-6.1595,True,-33.5264,True,-9.7895,True,-35.9789
NOW,C7_Full_Candidate,EXIT_SELL,2025-11-04,2025-11-05,177.514,175.926,True,-4.6338,True,-37.6044,True,-6.1595,True,-33.5264
NOW,C7_Full_Candidate,PANIC_BUY,2025-12-03,2025-12-04,166.58,167.774,True,-12.0245,True,-32.1349,True,-11.484,True,-32.0507
NOW,C7_Full_Candidate,EXIT_SELL,2025-12-15,2025-12-16,153.04,156.224,True,-16.0372,True,-26.4646,True,-12.0426,True,-25.758
NOW,C7_Full_Candidate,PANIC_BUY,2026-02-18,2026-02-19,107.81,107.37,True,5.495,True,-11.4557,True,5.4726,True,-16.056
NOW,C7_Full_Candidate,EXIT_SELL,2026-02-19,2026-02-20,107.37,104.27,True,5.8598,True,-0.8152,True,5.495,True,-11.4557
NOW,C7_Full_Candidate,PANIC_BUY,2026-03-06,2026-03-09,124.34,121.93,True,-17.5346,True,-3.3052,True,-17.6291,True,2.6621
NOW,C7_Full_Candidate,EXIT_SELL,2026-03-11,2026-03-12,115.63,112.97,True,-26.5292,True,1.0799,True,-22.3298,True,-2.7502
NOW,C7_Full_Candidate,PANIC_BUY,2026-04-20,2026-04-21,99.72,100.14,True,1.6876,True,3.0957,True,3.7104,True,4.302
NOW,C7_Full_Candidate,EXIT_SELL,2026-04-23,2026-04-24,84.78,90.17,True,13.2638,True,5.8667,True,17.5867,True,20.3822
NOW,C7_Full_Candidate,PANIC_BUY,2026-05-07,2026-05-08,93.59,91.18,True,25.2358,True,28.5589,True,20.1517,True,26.2314
NOW,C7_Full_Candidate,DCA_ADDITION,2026-06-01,2026-06-02,135.86,127.65,True,-17.1171,True,8.445,True,-26.9248,True,-7.4047
NOW,C7_Full_Candidate,EXIT_SELL,2026-06-11,2026-06-12,103.08,102.15,True,2.6432,True,28.3505,True,7.9356,True,30.1998
NOW,C7_Full_Candidate,PANIC_BUY,2026-06-29,2026-06-30,99.97,99.28,True,16.5995,False,,True,10.6532,False,
NOW,C7_Full_Candidate,DCA_ADDITION,2026-07-01,2026-07-02,105.8,106.32,True,4.6181,False,,True,4.0359,False,
NOW,C7_Full_Candidate,EXIT_SELL,2026-07-21,2026-07-22,102.06,95.46,True,33.2495,False,,True,17.0782,False,
NOW,C7_Full_Candidate,PANIC_BUY,2026-07-28,2026-07-29,110.62,115.76,True,8.6731,False,,True,14.8074,False,
NOW,C7_Full_Candidate,DCA_ADDITION,2026-08-03,2026-08-04,114.19,118.14,True,20.9582,False,,True,29.5998,False,
NOW,C7_Full_Candidate,DCA_ADDITION,2026-09-01,2026-09-02,142.9,136.72,False,,False,,False,,False,
QQQ,C0_Baseline,TREND_BUY,2014-05-14,2014-05-15,79.9759,79.3475,True,5.6347,True,8.4155,True,5.7611,True,7.9062
QQQ,C0_Baseline,DCA_ADDITION,2014-06-02,2014-06-03,83.0627,83.0263,True,4.4035,True,9.4181,True,3.2256,True,9.2602
QQQ,C0_Baseline,DCA_ADDITION,2014-07-01,2014-07-02,86.6824,86.8284,True,1.9768,True,5.2339,True,1.7485,True,4.2922
QQQ,C0_Baseline,DCA_ADDITION,2014-08-01,2014-08-04,86.4358,87.0293,True,4.6789,True,3.7817,True,5.3977,True,4.4202
QQQ,C0_Baseline,DCA_ADDITION,2014-09-01,2014-09-02,91.1013,91.3661,True,-1.0442,True,5.0159,True,-0.8973,True,5.1604
QQQ,C0_Baseline,DCA_ADDITION,2014-10-01,2014-10-02,88.966,88.966,True,2.8906,True,7.6933,True,2.6746,True,7.6933
QQQ,C0_Baseline,DCA_ADDITION,2014-11-03,2014-11-04,93.0753,92.7641,True,3.8181,True,0.4518,True,3.058,True,2.7807
QQQ,C0_Baseline,DCA_ADDITION,2014-12-01,2014-12-02,95.9215,96.3059,True,-0.4954,True,3.587,True,0.5737,True,3.9255
QQQ,C0_Baseline,DCA_ADDITION,2015-01-01,2015-01-02,94.8459,94.5612,True,-1.7875,True,2.742,True,-1.3172,True,2.0259
QQQ,C0_Baseline,DCA_ADDITION,2015-02-02,2015-02-03,93.6793,94.5795,True,5.7401,True,7.1223,True,7.2563,True,8.3679
QQQ,C0_Baseline,DCA_ADDITION,2015-03-02,2015-03-03,100.477,100.0085,True,-2.7805,True,0.5338,True,-2.1983,True,1.2288
QQQ,C0_Baseline,DCA_ADDITION,2015-04-01,2015-04-02,96.7214,96.7858,True,2.3878,True,4.883,True,4.0933,True,5.1628
QQQ,C0_Baseline,DCA_ADDITION,2015-05-01,2015-05-04,100.4042,100.57,True,1.0894,True,1.1017,True,0.917,True,2.1142
QQQ,C0_Baseline,DCA_ADDITION,2015-06-01,2015-06-02,101.6656,101.3433,True,-2.5018,True,-10.679,True,-3.1558,True,-10.6263
QQQ,C0_Baseline,EXIT_SELL,2015-06-29,2015-06-30,98.4573,98.8079,True,3.7919,True,-2.5373,True,3.2711,True,-0.7057
QQQ,C0_Baseline,TREND_BUY,2015-07-15,2015-07-16,101.8625,103.3022,True,-1.4294,True,-5.0313,True,0.1268,True,-4.0705
QQQ,C0_Baseline,DCA_ADDITION,2015-08-03,2015-08-04,102.9884,102.7946,True,-9.2827,True,1.7642,True,-6.5323,True,1.3661
QQQ,C0_Baseline,DCA_ADDITION,2015-09-01,2015-09-02,93.2525,95.8825,True,-1.8214,True,10.1325,True,-1.3241,True,13.1395
QQQ,C0_Baseline,DCA_ADDITION,2015-10-01,2015-10-02,94.5617,96.2176,True,8.9607,True,8.5798,True,11.3676,True,10.4811
QQQ,C0_Baseline,DCA_ADDITION,2015-11-02,2015-11-03,106.0234,106.3934,True,0.1305,True,-10.0382,True,-0.5148,True,-10.5294
QQQ,C0_Baseline,DCA_ADDITION,2015-12-01,2015-12-02,106.5322,105.8754,True,-0.7287,True,-10.1239,True,-0.4437,True,-11.5229
QQQ,C0_Baseline,DCA_ADDITION,2016-01-01,2016-01-04,103.7955,101.6056,True,-4.6484,True,-1.8925,True,-6.9104,True,-3.8279
QQQ,C0_Baseline,EXIT_SELL,2016-01-04,2016-01-05,101.6056,101.4293,True,-6.5502,True,-0.1438,True,-4.6484,True,-1.8925
QQQ,C0_Baseline,TREND_BUY,2016-03-03,2016-03-04,98.0147,98.0518,True,4.7481,True,4.5298,True,3.6863,True,4.0282
QQQ,C0_Baseline,DCA_ADDITION,2016-04-01,2016-04-04,102.7074,102.3165,True,-2.9289,True,-6.7744,True,-4.2044,True,-5.2485
QQQ,C0_Baseline,DCA_ADDITION,2016-05-02,2016-05-03,99.3198,98.3985,True,4.3601,True,7.9098,True,3.1953,True,6.7867
QQQ,C0_Baseline,EXIT_SELL,2016-05-17,2016-05-18,98.1658,98.5194,True,1.757,True,10.4578,True,2.4175,True,11.1409
QQQ,C0_Baseline,TREND_BUY,2016-05-26,2016-05-27,101.9629,102.4933,True,-5.0506,True,6.7578,True,-0.4566,True,7.3406
QQQ,C0_Baseline,DCA_ADDITION,2016-06-01,2016-06-02,102.6981,102.9121,True,-2.4901,True,5.7339,True,-3.4045,True,6.1269
QQQ,C0_Baseline,DCA_ADDITION,2016-07-01,2016-07-04,100.8534,100.8534,True,7.1799,True,8.8397,True,6.6155,True,9.758
QQQ,C0_Baseline,DCA_ADDITION,2016-08-01,2016-08-02,108.0946,107.2734,True,1.3918,True,3.9393,True,0.9496,True,3.4785
QQQ,C0_Baseline,DCA_ADDITION,2016-09-01,2016-09-02,108.9343,109.289,True,1.6201,True,1.6885,True,1.1952,True,1.6933
QQQ,C0_Baseline,DCA_ADDITION,2016-10-03,2016-10-04,110.9005,110.7321,True,-1.9093,True,2.3716,True,-1.3159,True,1.6916
QQQ,C0_Baseline,DCA_ADDITION,2016-11-01,2016-11-02,108.6179,107.7479,True,2.0143,True,9.2212,True,2.4373,True,7.2666
QQQ,C0_Baseline,DCA_ADDITION,2016-12-01,2016-12-02,108.0192,108.2344,True,2.7056,True,12.9172,True,3.9786,True,12.925
QQQ,C0_Baseline,DCA_ADDITION,2017-01-02,2017-01-03,111.1628,112.1573,True,4.2078,True,10.3512,True,5.3511,True,10.6618
QQQ,C0_Baseline,DCA_ADDITION,2017-02-01,2017-02-02,117.6836,117.5803,True,4.3569,True,8.548,True,4.7916,True,7.8057
QQQ,C0_Baseline,DCA_ADDITION,2017-03-01,2017-03-02,123.3224,122.7031,True,1.5029,True,8.0159,True,0.8255,True,6.5663
QQQ,C0_Baseline,DCA_ADDITION,2017-04-03,2017-04-04,124.3874,124.5849,True,3.713,True,4.4495,True,3.7037,True,6.548
QQQ,C0_Baseline,DCA_ADDITION,2017-05-01,2017-05-02,128.9944,129.2107,True,2.8451,True,5.3579,True,2.93,True,5.8049
QQQ,C0_Baseline,DCA_ADDITION,2017-06-01,2017-06-02,133.3569,134.88,True,-3.7955,True,-0.769,True,-2.7321,True,0.5764
QQQ,C0_Baseline,DCA_ADDITION,2017-07-03,2017-07-04,128.3936,128.3936,True,5.4115,True,5.3553,True,5.1692,True,5.083
QQQ,C0_Baseline,DCA_ADDITION,2017-08-01,2017-08-02,135.3417,135.7094,True,0.4863,True,2.6417,True,-0.4109,True,3.3115
QQQ,C0_Baseline,DCA_ADDITION,2017-09-01,2017-09-04,137.642,137.642,True,-0.0694,True,7.2136,True,-0.1586,True,7.2617
QQQ,C0_Baseline,DCA_ADDITION,2017-10-02,2017-10-03,137.5465,137.8394,True,4.2909,True,7.5107,True,4.1214,True,8.3247
QQQ,C0_Baseline,DCA_ADDITION,2017-11-01,2017-11-02,143.7067,143.4327,True,2.2001,True,11.1271,True,1.1572,True,10.9547
QQQ,C0_Baseline,DCA_ADDITION,2017-12-01,2017-12-04,145.9648,144.283,True,2.2106,True,11.8174,True,1.0329,True,9.0826
QQQ,C0_Baseline,DCA_ADDITION,2018-01-01,2018-01-02,147.4725,150.0572,True,6.4421,True,0.5351,True,9.2065,True,5.7182
QQQ,C0_Baseline,DCA_ADDITION,2018-02-01,2018-02-02,159.0234,155.8516,True,0.8383,True,-1.3712,True,-2.0719,True,-3.3979
QQQ,C0_Baseline,DCA_ADDITION,2018-03-01,2018-03-02,155.7285,157.1582,True,-3.3738,True,2.413,True,-2.4867,True,3.2497
QQQ,C0_Baseline,DCA_ADDITION,2018-04-02,2018-04-03,147.4747,149.1342,True,3.5101,True,9.6517,True,3.4917,True,10.4345
QQQ,C0_Baseline,DCA_ADDITION,2018-05-01,2018-05-02,154.369,153.4586,True,5.1662,True,13.2192,True,3.8027,True,11.0001
QQQ,C0_Baseline,DCA_ADDITION,2018-06-01,2018-06-04,163.8144,165.2938,True,-0.6484,True,5.9865,True,-0.4183,True,5.8646
QQQ,C0_Baseline,DCA_ADDITION,2018-07-02,2018-07-03,164.222,162.3213,True,3.3079,True,8.0043,True,1.3368,True,6.6093
QQQ,C0_Baseline,DCA_ADDITION,2018-08-01,2018-08-02,168.3276,170.618,True,3.8322,True,-4.5464,True,5.4313,True,-6.4829
QQQ,C0_Baseline,DCA_ADDITION,2018-09-03,2018-09-04,177.3845,176.6242,True,0.126,True,-11.8999,True,-0.0777,True,-12.5727
QQQ,C0_Baseline,DCA_ADDITION,2018-10-01,2018-10-02,177.2467,176.8468,True,-10.6756,True,-22.5246,True,-12.3221,True,-22.6994
QQQ,C0_Baseline,DCA_ADDITION,2018-11-01,2018-11-02,163.813,161.2615,True,-0.0059,True,-2.2184,True,-2.2725,True,-4.878
QQQ,C0_Baseline,EXIT_SELL,2018-11-14,2018-11-15,157.2818,160.0333,True,-1.7788,True,0.3696,True,-0.0908,True,3.5157
QQQ,C0_Baseline,PANIC_BUY,2019-01-02,2019-01-03,147.8784,143.0471,True,12.2413,True,19.2327,True,6.9731,True,15.0722
QQQ,C0_Baseline,EXIT_SELL,2019-01-03,2019-01-04,143.0471,149.1673,True,7.1817,True,15.2064,True,12.2413,True,19.2327
QQQ,C0_Baseline,TREND_BUY,2019-01-17,2019-01-18,156.2328,157.7795,True,4.0484,True,12.6585,True,4.6385,True,13.2841
QQQ,C0_Baseline,DCA_ADDITION,2019-02-01,2019-02-04,159.8801,161.866,True,2.8845,True,12.8813,True,4.1445,True,14.0621
QQQ,C0_Baseline,DCA_ADDITION,2019-03-01,2019-03-04,166.5063,166.535,True,4.5587,True,2.3301,True,3.2095,True,2.3478
QQQ,C0_Baseline,EXIT_SELL,2019-03-07,2019-03-08,163.6802,163.4319,True,8.0774,True,1.8091,True,7.3583,True,3.3026
QQQ,C0_Baseline,TREND_BUY,2019-03-08,2019-03-11,163.4319,166.831,True,6.1449,True,-2.4612,True,8.0774,True,1.8091
QQQ,C0_Baseline,DCA_ADDITION,2019-04-01,2019-04-02,174.1268,174.7868,True,3.7268,True,1.4277,True,4.933,True,3.5904
QQQ,C0_Baseline,DCA_ADDITION,2019-05-01,2019-05-02,180.7173,179.933,True,-6.0284,True,2.9862,True,-6.8279,True,3.5206
QQQ,C0_Baseline,DCA_ADDITION,2019-06-03,2019-06-04,162.725,167.3068,True,8.8732,True,5.6759,True,11.4968,True,8.8812
QQQ,C0_Baseline,DCA_ADDITION,2019-07-01,2019-07-02,181.4332,182.1523,True,1.9841,True,-0.8741,True,2.8321,True,0.8582
QQQ,C0_Baseline,DCA_ADDITION,2019-08-01,2019-08-02,182.2864,179.6023,True,0.064,True,4.6355,True,-1.1727,True,2.2779
QQQ,C0_Baseline,DCA_ADDITION,2019-09-02,2019-09-03,179.7173,177.9725,True,1.076,True,10.435,True,0.9179,True,9.1544
QQQ,C0_Baseline,DCA_ADDITION,2019-10-01,2019-10-02,179.8876,176.7945,True,7.0307,True,15.3922,True,4.6831,True,13.4081
QQQ,C0_Baseline,DCA_ADDITION,2019-11-01,2019-11-04,191.0303,192.2118,True,1.4493,True,9.2318,True,3.1327,True,12.2255
QQQ,C0_Baseline,DCA_ADDITION,2019-12-02,2019-12-03,194.9975,193.4701,True,5.7897,True,7.163,True,4.7636,True,9.2956
QQQ,C0_Baseline,DCA_ADDITION,2020-01-01,2020-01-02,204.6714,208.0888,True,2.9793,True,-11.034,True,4.3272,True,-14.0734
QQQ,C0_Baseline,DCA_ADDITION,2020-02-03,2020-02-04,214.0766,218.9766,True,-7.9088,True,-6.8226,True,-2.6801,True,-2.8603
QQQ,C0_Baseline,DCA_ADDITION,2020-03-02,2020-03-03,208.3392,201.6583,True,-8.9146,True,9.5704,True,-11.076,True,6.3439
QQQ,C0_Baseline,EXIT_SELL,2020-03-27,2020-03-30,178.7613,185.2635,True,12.2474,True,28.7071,True,15.402,True,31.8079
QQQ,C0_Baseline,TREND_BUY,2020-04-16,2020-04-17,205.725,207.693,True,3.7066,True,22.8246,True,4.0234,True,23.1587
QQQ,C0_Baseline,DCA_ADDITION,2020-05-01,2020-05-04,205.233,207.6255,True,8.7538,True,21.0725,True,9.6926,True,20.3368
QQQ,C0_Baseline,DCA_ADDITION,2020-06-01,2020-06-02,225.8007,227.3153,True,5.2627,True,21.5283,True,3.9316,True,21.389
QQQ,C0_Baseline,DCA_ADDITION,2020-07-01,2020-07-02,242.0712,243.714,True,3.5449,True,5.2342,True,3.7047,True,5.4573
QQQ,C0_Baseline,EXIT_SELL,2020-08-03,2020-08-04,260.3262,261.2927,True,10.9254,True,4.5417,True,9.4662,True,4.1169
QQQ,C0_Baseline,TREND_BUY,2020-08-04,2020-08-05,261.2927,261.9402,True,11.6989,True,0.2177,True,10.9254,True,4.5417
QQQ,C0_Baseline,DCA_ADDITION,2020-09-01,2020-09-02,289.8398,292.5843,True,-8.2309,True,-2.1403,True,-7.9921,True,-1.8171
QQQ,C0_Baseline,EXIT_SELL,2020-09-04,2020-09-07,274.049,274.049,True,-1.206,True,5.6562,True,-3.2689,True,5.4411
QQQ,C0_Baseline,TREND_BUY,2020-09-07,2020-09-08,274.049,260.8771,True,1.93,True,12.4134,True,-1.206,True,5.6562
QQQ,C0_Baseline,DCA_ADDITION,2020-10-01,2020-10-02,272.7636,265.0905,True,-1.7972,True,13.055,True,-2.0761,True,9.8747
QQQ,C0_Baseline,DCA_ADDITION,2020-11-02,2020-11-03,260.9061,265.4191,True,10.4897,True,19.8564,True,10.9786,True,21.7515
QQQ,C0_Baseline,DCA_ADDITION,2020-12-01,2020-12-02,293.2608,293.6378,True,3.1882,True,6.8677,True,3.3175,True,6.1302
QQQ,C0_Baseline,DCA_ADDITION,2021-01-01,2021-01-04,303.7448,299.456,True,4.2385,True,2.2628,True,0.2614,True,0.8476
QQQ,C0_Baseline,DCA_ADDITION,2021-02-01,2021-02-02,312.1484,317.2407,True,-2.832,True,3.9367,True,0.3629,True,6.0919
QQQ,C0_Baseline,DCA_ADDITION,2021-03-01,2021-03-02,313.2811,308.2565,True,-1.1568,True,4.7081,True,-2.2501,True,2.8864
QQQ,C0_Baseline,DCA_ADDITION,2021-04-01,2021-04-02,314.6267,314.6267,True,4.1347,True,7.7935,True,4.8218,True,7.9262
QQQ,C0_Baseline,DCA_ADDITION,2021-05-03,2021-05-04,325.8908,320.0261,True,0.8118,True,10.5145,True,-0.6722,True,9.7348
QQQ,C0_Baseline,DCA_ADDITION,2021-06-01,2021-06-02,322.624,323.2542,True,6.4087,True,12.5243,True,6.7849,True,12.6147
QQQ,C0_Baseline,DCA_ADDITION,2021-07-01,2021-07-02,344.1064,348.0562,True,1.6535,True,4.2114,True,3.359,True,5.3088
QQQ,C0_Baseline,DCA_ADDITION,2021-08-02,2021-08-03,353.8404,355.9851,True,3.5823,True,3.4706,True,4.2951,True,3.771
QQQ,C0_Baseline,DCA_ADDITION,2021-09-01,2021-09-02,369.3488,369.1742,True,-5.7947,True,4.9427,True,-5.492,True,4.8931
QQQ,C0_Baseline,DCA_ADDITION,2021-10-01,2021-10-04,349.9384,342.5934,True,9.8718,True,14.5696,True,7.1992,True,10.3412
QQQ,C0_Baseline,DCA_ADDITION,2021-11-01,2021-11-02,376.4135,377.9875,True,1.226,True,-11.1809,True,3.1644,True,-8.6929
QQQ,C0_Baseline,DCA_ADDITION,2021-12-01,2021-12-02,376.1123,378.823,True,2.8087,True,-12.5632,True,3.86,True,-14.7962
QQQ,C0_Baseline,DCA_ADDITION,2022-01-03,2022-01-04,390.7568,385.6885,True,-7.8064,True,-6.2605,True,-9.6171,True,-9.0417
QQQ,C0_Baseline,DCA_ADDITION,2022-02-01,2022-02-02,355.5801,358.4693,True,-5.7722,True,-13.9321,True,-6.5742,True,-13.1287
QQQ,C0_Baseline,EXIT_SELL,2022-02-03,2022-02-04,343.9357,348.2744,True,-5.7848,True,-12.3943,True,-3.1934,True,-7.1092
QQQ,C0_Baseline,TREND_BUY,2022-03-22,2022-03-23,347.6822,342.6856,True,-3.0185,True,-19.6203,True,-2.9975,True,-22.7056
QQQ,C0_Baseline,DCA_ADDITION,2022-04-01,2022-04-04,352.4451,359.7015,True,-13.7611,True,-20.6574,True,-13.431,True,-18.4258
QQQ,C0_Baseline,DCA_ADDITION,2022-05-02,2022-05-03,310.2024,310.5336,True,-3.306,True,-7.4914,True,-2.9453,True,-5.5366
QQQ,C0_Baseline,DCA_ADDITION,2022-06-01,2022-06-02,298.0467,306.2089,True,-10.6754,True,2.1682,True,-7.0766,True,3.1423
QQQ,C0_Baseline,EXIT_SELL,2022-06-10,2022-06-13,281.3328,268.2518,True,5.1507,True,7.3808,True,2.4504,True,2.3879
QQQ,C0_Baseline,PANIC_BUY,2022-06-24,2022-06-27,287.5043,285.3965,True,2.674,True,-0.2999,True,2.505,True,-1.7956
QQQ,C0_Baseline,DCA_ADDITION,2022-07-01,2022-07-04,275.3254,275.3254,True,11.7463,True,-2.5758,True,11.8137,True,-2.1709
QQQ,C0_Baseline,DCA_ADDITION,2022-08-01,2022-08-02,307.666,306.7487,True,-4.2344,True,-9.4198,True,-3.4447,True,-11.5201
QQQ,C0_Baseline,EXIT_SELL,2022-08-22,2022-08-23,306.778,306.5243,True,-7.9119,True,-7.7014,True,-7.2487,True,-9.0365
QQQ,C0_Baseline,TREND_BUY,2022-08-23,2022-08-24,306.5243,307.4123,True,-9.8221,True,-9.2242,True,-7.9119,True,-7.7014
QQQ,C0_Baseline,DCA_ADDITION,2022-09-01,2022-09-02,292.1788,288.0508,True,-9.2929,True,-2.6203,True,-9.0319,True,-3.3604
QQQ,C0_Baseline,EXIT_SELL,2022-09-13,2022-09-14,286.6164,288.8901,True,-11.113,True,-5.0656,True,-10.3772,True,-3.9203
QQQ,C0_Baseline,PANIC_BUY,2022-10-05,2022-10-06,275.6735,273.5032,True,-6.8881,True,-4.5332,True,-5.7805,True,-7.5386
QQQ,C0_Baseline,EXIT_SELL,2022-10-07,2022-10-10,263.0816,260.4517,True,0.4429,True,0.1905,True,-1.6425,True,-0.8111
QQQ,C0_Baseline,PANIC_BUY,2022-10-21,2022-10-24,269.2602,272.2225,True,1.2354,True,1.1466,True,3.413,True,2.2593
QQQ,C0_Baseline,DCA_ADDITION,2022-11-01,2022-11-02,268.9571,259.7381,True,10.4185,True,8.5587,True,1.9847,True,5.0708
QQQ,C0_Baseline,EXIT_SELL,2022-11-02,2022-11-03,259.7381,254.6641,True,12.7567,True,12.8804,True,10.4185,True,8.5587
QQQ,C0_Baseline,PANIC_BUY,2022-11-10,2022-11-11,276.4262,281.5197,True,-2.0558,True,6.5818,True,0.3891,True,10.5097
QQQ,C0_Baseline,DCA_ADDITION,2022-12-01,2022-12-02,287.1509,286.0072,True,-8.7618,True,-0.0005,True,-9.0706,True,1.2974
QQQ,C0_Baseline,EXIT_SELL,2022-12-06,2022-12-07,275.3802,274.256,True,-5.0454,True,4.052,True,-5.8814,True,4.467
QQQ,C0_Baseline,TREND_BUY,2022-12-07,2022-12-08,274.256,277.5017,True,-7.6251,True,3.6861,True,-5.0454,True,4.052
QQQ,C0_Baseline,DCA_ADDITION,2023-01-02,2023-01-03,260.9478,259.184,True,11.3959,True,16.302,True,9.0093,True,16.1326
QQQ,C0_Baseline,EXIT_SELL,2023-01-03,2023-01-04,259.184,260.4186,True,13.2385,True,17.8612,True,11.3959,True,16.302
QQQ,C0_Baseline,TREND_BUY,2023-01-13,2023-01-16,275.3437,275.3437,True,8.3746,True,13.3082,True,6.6662,True,13.3724
QQQ,C0_Baseline,DCA_ADDITION,2023-02-01,2023-02-02,294.8942,305.4779,True,-5.8097,True,2.9276,True,-3.2301,True,3.7993
QQQ,C0_Baseline,DCA_ADDITION,2023-03-01,2023-03-02,285.3688,287.7306,True,7.6832,True,15.8836,True,7.5564,True,14.0671
QQQ,C0_Baseline,EXIT_SELL,2023-03-09,2023-03-10,286.7996,282.7719,True,10.3942,True,23.0979,True,8.8438,True,20.4657
QQQ,C0_Baseline,TREND_BUY,2023-03-16,2023-03-17,300.6662,299.2452,True,4.4876,True,16.2722,True,4.1896,True,15.282
QQQ,C0_Baseline,DCA_ADDITION,2023-04-03,2023-04-04,314.2248,313.1648,True,0.0972,True,14.1847,True,0.6372,True,11.8759
QQQ,C0_Baseline,DCA_ADDITION,2023-05-01,2023-05-02,316.2271,313.4691,True,9.5811,True,18.7612,True,8.1349,True,16.9329
QQQ,C0_Baseline,DCA_ADDITION,2023-06-01,2023-06-02,345.4952,348.0863,True,4.3076,True,2.7828,True,3.4939,True,2.7571
QQQ,C0_Baseline,DCA_ADDITION,2023-07-03,2023-07-04,363.9355,363.9355,True,3.3757,True,-4.2041,True,3.6161,True,-2.7437
QQQ,C0_Baseline,DCA_ADDITION,2023-08-01,2023-08-02,376.2209,367.965,True,0.6597,True,-6.2883,True,-2.0952,True,-6.0451
QQQ,C0_Baseline,DCA_ADDITION,2023-09-01,2023-09-04,371.1101,371.1101,True,-4.1863,True,3.216,True,-4.9793,True,3.3062
QQQ,C0_Baseline,DCA_ADDITION,2023-10-02,2023-10-03,355.5743,349.3341,True,-1.1411,True,15.9982,True,-3.3383,True,13.269
QQQ,C0_Baseline,DCA_ADDITION,2023-11-01,2023-11-02,351.342,357.72,True,6.986,True,17.6057,True,9.2027,True,19.5946
QQQ,C0_Baseline,DCA_ADDITION,2023-12-01,2023-12-04,383.8029,380.24,True,6.273,True,13.2874,True,5.2864,True,12.2949
QQQ,C0_Baseline,DCA_ADDITION,2024-01-01,2024-01-02,404.0923,397.2542,True,5.641,True,10.2626,True,4.5492,True,8.7488
QQQ,C0_Baseline,DCA_ADDITION,2024-02-01,2024-02-02,416.2885,423.3241,True,3.8693,True,0.5967,True,4.058,True,0.7422
QQQ,C0_Baseline,DCA_ADDITION,2024-03-01,2024-03-04,439.704,438.1351,True,0.342,True,3.2736,True,-0.2273,True,2.9051
QQQ,C0_Baseline,DCA_ADDITION,2024-04-01,2024-04-02,439.6333,435.8392,True,-3.7451,True,8.8486,True,-2.7419,True,6.6891
QQQ,C0_Baseline,DCA_ADDITION,2024-05-01,2024-05-02,416.4833,421.799,True,5.7742,True,7.5189,True,8.2843,True,10.1055
QQQ,C0_Baseline,DCA_ADDITION,2024-06-03,2024-06-04,447.7156,448.9407,True,7.3473,True,5.0945,True,6.5226,True,5.0682
QQQ,C0_Baseline,DCA_ADDITION,2024-07-01,2024-07-02,476.9184,481.9259,True,-6.0475,True,-0.1906,True,-3.7392,True,0.3733
QQQ,C0_Baseline,DCA_ADDITION,2024-08-01,2024-08-02,454.8894,444.0927,True,6.1326,True,10.5328,True,2.3931,True,7.2558
QQQ,C0_Baseline,DCA_ADDITION,2024-09-02,2024-09-03,471.327,457.0171,True,4.3603,True,10.4406,True,2.6216,True,6.5156
QQQ,C0_Baseline,DCA_ADDITION,2024-10-01,2024-10-02,476.9444,477.6183,True,2.9941,True,10.1389,True,3.925,True,10.2945
QQQ,C0_Baseline,DCA_ADDITION,2024-11-01,2024-11-04,483.0491,481.6418,True,6.0246,True,5.973,True,4.5771,True,8.8329
QQQ,C0_Baseline,DCA_ADDITION,2024-12-02,2024-12-03,510.6586,512.2245,True,-0.9317,True,-0.5267,True,0.2235,True,1.0515
QQQ,C0_Baseline,DCA_ADDITION,2025-01-01,2025-01-02,507.4521,506.4595,True,2.5126,True,-5.4665,True,1.8778,True,-5.1107
QQQ,C0_Baseline,DCA_ADDITION,2025-02-03,2025-02-04,514.2813,520.5942,True,-5.5141,True,-9.1961,True,-4.0648,True,-8.6846
QQQ,C0_Baseline,DCA_ADDITION,2025-03-03,2025-03-04,493.3769,491.888,True,-4.4688,True,5.3369,True,-5.5187,True,2.6053
QQQ,C0_Baseline,DCA_ADDITION,2025-04-01,2025-04-02,469.9066,473.3362,True,-0.1428,True,13.7809,True,0.5987,True,14.3191
QQQ,C0_Baseline,DCA_ADDITION,2025-05-01,2025-05-02,478.8335,485.9412,True,6.1944,True,15.9925,True,7.941,True,17.4316
QQQ,C0_Baseline,DCA_ADDITION,2025-06-02,2025-06-03,520.1181,524.1838,True,3.8506,True,8.7148,True,5.5522,True,9.1265
QQQ,C0_Baseline,DCA_ADDITION,2025-07-01,2025-07-02,544.3682,548.1599,True,3.1264,True,8.3499,True,3.7057,True,9.4889
QQQ,C0_Baseline,DCA_ADDITION,2025-08-01,2025-08-04,551.2252,561.3961,True,1.1168,True,11.4728,True,2.9826,True,11.5432
QQQ,C0_Baseline,DCA_ADDITION,2025-09-01,2025-09-02,567.666,562.9089,True,6.2668,True,7.7748,True,5.0884,True,6.217
QQQ,C0_Baseline,DCA_ADDITION,2025-10-01,2025-10-02,601.0545,603.5255,True,3.3546,True,3.1374,True,5.3908,True,3.5614
QQQ,C0_Baseline,DCA_ADDITION,2025-11-03,2025-11-04,629.7796,616.9963,True,0.4441,True,2.0498,True,-2.3589,True,-0.9198
QQQ,C0_Baseline,DCA_ADDITION,2025-12-01,2025-12-02,614.9238,619.7363,True,-0.2849,True,-2.1458,True,0.7291,True,-2.428
QQQ,C0_Baseline,DCA_ADDITION,2026-01-01,2026-01-02,612.8629,611.6757,True,1.4271,True,-8.1274,True,2.4613,True,-6.4782
QQQ,C0_Baseline,DCA_ADDITION,2026-02-02,2026-02-03,624.665,615.0677,True,-2.4233,True,6.7896,True,-2.8827,True,6.2171
QQQ,C0_Baseline,DCA_ADDITION,2026-03-02,2026-03-03,606.6575,600.1629,True,-3.935,True,21.5467,True,-8.0755,True,18.1478
QQQ,C0_Baseline,DCA_ADDITION,2026-04-01,2026-04-02,583.6686,584.3378,True,14.1475,True,22.5969,True,13.2224,True,21.7506
QQQ,C0_Baseline,DCA_ADDITION,2026-05-01,2026-05-04,673.41,672.1414,True,10.3822,True,1.4846,True,9.5172,True,1.6067
QQQ,C0_Baseline,DCA_ADDITION,2026-06-01,2026-06-02,741.9247,745.3409,True,-1.1996,True,-4.645,True,-2.4052,True,-4.799
QQQ,C0_Baseline,DCA_ADDITION,2026-07-01,2026-07-02,725.17,712.6,True,-4.0766,False,,True,-8.7483,False,
QQQ,C0_Baseline,DCA_ADDITION,2026-08-03,2026-08-04,700.07,723.85,True,-2.2394,False,,True,2.384,False,
QQQ,C0_Baseline,DCA_ADDITION,2026-09-01,2026-09-02,707.64,709.24,False,,False,,False,,False,
QQQ,C1_Decoupled_Scores,TREND_BUY,2014-05-14,2014-05-15,79.9759,79.3475,True,5.6347,True,8.4155,True,5.7611,True,7.9062
QQQ,C1_Decoupled_Scores,DCA_ADDITION,2014-06-02,2014-06-03,83.0627,83.0263,True,4.4035,True,9.4181,True,3.2256,True,9.2602
QQQ,C1_Decoupled_Scores,DCA_ADDITION,2014-07-01,2014-07-02,86.6824,86.8284,True,1.9768,True,5.2339,True,1.7485,True,4.2922
QQQ,C1_Decoupled_Scores,DCA_ADDITION,2014-08-01,2014-08-04,86.4358,87.0293,True,4.6789,True,3.7817,True,5.3977,True,4.4202
QQQ,C1_Decoupled_Scores,DCA_ADDITION,2014-09-01,2014-09-02,91.1013,91.3661,True,-1.0442,True,5.0159,True,-0.8973,True,5.1604
QQQ,C1_Decoupled_Scores,DCA_ADDITION,2014-10-01,2014-10-02,88.966,88.966,True,2.8906,True,7.6933,True,2.6746,True,7.6933
QQQ,C1_Decoupled_Scores,DCA_ADDITION,2014-11-03,2014-11-04,93.0753,92.7641,True,3.8181,True,0.4518,True,3.058,True,2.7807
QQQ,C1_Decoupled_Scores,DCA_ADDITION,2014-12-01,2014-12-02,95.9215,96.3059,True,-0.4954,True,3.587,True,0.5737,True,3.9255
QQQ,C1_Decoupled_Scores,DCA_ADDITION,2015-01-01,2015-01-02,94.8459,94.5612,True,-1.7875,True,2.742,True,-1.3172,True,2.0259
QQQ,C1_Decoupled_Scores,DCA_ADDITION,2015-02-02,2015-02-03,93.6793,94.5795,True,5.7401,True,7.1223,True,7.2563,True,8.3679
QQQ,C1_Decoupled_Scores,DCA_ADDITION,2015-03-02,2015-03-03,100.477,100.0085,True,-2.7805,True,0.5338,True,-2.1983,True,1.2288
QQQ,C1_Decoupled_Scores,DCA_ADDITION,2015-04-01,2015-04-02,96.7214,96.7858,True,2.3878,True,4.883,True,4.0933,True,5.1628
QQQ,C1_Decoupled_Scores,DCA_ADDITION,2015-05-01,2015-05-04,100.4042,100.57,True,1.0894,True,1.1017,True,0.917,True,2.1142
QQQ,C1_Decoupled_Scores,DCA_ADDITION,2015-06-01,2015-06-02,101.6656,101.3433,True,-2.5018,True,-10.679,True,-3.1558,True,-10.6263
QQQ,C1_Decoupled_Scores,EXIT_SELL,2015-06-29,2015-06-30,98.4573,98.8079,True,3.7919,True,-2.5373,True,3.2711,True,-0.7057
QQQ,C1_Decoupled_Scores,TREND_BUY,2015-07-15,2015-07-16,101.8625,103.3022,True,-1.4294,True,-5.0313,True,0.1268,True,-4.0705
QQQ,C1_Decoupled_Scores,DCA_ADDITION,2015-08-03,2015-08-04,102.9884,102.7946,True,-9.2827,True,1.7642,True,-6.5323,True,1.3661
QQQ,C1_Decoupled_Scores,DCA_ADDITION,2015-09-01,2015-09-02,93.2525,95.8825,True,-1.8214,True,10.1325,True,-1.3241,True,13.1395
QQQ,C1_Decoupled_Scores,DCA_ADDITION,2015-10-01,2015-10-02,94.5617,96.2176,True,8.9607,True,8.5798,True,11.3676,True,10.4811
QQQ,C1_Decoupled_Scores,DCA_ADDITION,2015-11-02,2015-11-03,106.0234,106.3934,True,0.1305,True,-10.0382,True,-0.5148,True,-10.5294
QQQ,C1_Decoupled_Scores,DCA_ADDITION,2015-12-01,2015-12-02,106.5322,105.8754,True,-0.7287,True,-10.1239,True,-0.4437,True,-11.5229
QQQ,C1_Decoupled_Scores,DCA_ADDITION,2016-01-01,2016-01-04,103.7955,101.6056,True,-4.6484,True,-1.8925,True,-6.9104,True,-3.8279
QQQ,C1_Decoupled_Scores,EXIT_SELL,2016-01-04,2016-01-05,101.6056,101.4293,True,-6.5502,True,-0.1438,True,-4.6484,True,-1.8925
QQQ,C1_Decoupled_Scores,TREND_BUY,2016-03-03,2016-03-04,98.0147,98.0518,True,4.7481,True,4.5298,True,3.6863,True,4.0282
QQQ,C1_Decoupled_Scores,DCA_ADDITION,2016-04-01,2016-04-04,102.7074,102.3165,True,-2.9289,True,-6.7744,True,-4.2044,True,-5.2485
QQQ,C1_Decoupled_Scores,DCA_ADDITION,2016-05-02,2016-05-03,99.3198,98.3985,True,4.3601,True,7.9098,True,3.1953,True,6.7867
QQQ,C1_Decoupled_Scores,EXIT_SELL,2016-05-17,2016-05-18,98.1658,98.5194,True,1.757,True,10.4578,True,2.4175,True,11.1409
QQQ,C1_Decoupled_Scores,TREND_BUY,2016-05-26,2016-05-27,101.9629,102.4933,True,-5.0506,True,6.7578,True,-0.4566,True,7.3406
QQQ,C1_Decoupled_Scores,DCA_ADDITION,2016-06-01,2016-06-02,102.6981,102.9121,True,-2.4901,True,5.7339,True,-3.4045,True,6.1269
QQQ,C1_Decoupled_Scores,DCA_ADDITION,2016-07-01,2016-07-04,100.8534,100.8534,True,7.1799,True,8.8397,True,6.6155,True,9.758
QQQ,C1_Decoupled_Scores,DCA_ADDITION,2016-08-01,2016-08-02,108.0946,107.2734,True,1.3918,True,3.9393,True,0.9496,True,3.4785
QQQ,C1_Decoupled_Scores,DCA_ADDITION,2016-09-01,2016-09-02,108.9343,109.289,True,1.6201,True,1.6885,True,1.1952,True,1.6933
QQQ,C1_Decoupled_Scores,DCA_ADDITION,2016-10-03,2016-10-04,110.9005,110.7321,True,-1.9093,True,2.3716,True,-1.3159,True,1.6916
QQQ,C1_Decoupled_Scores,DCA_ADDITION,2016-11-01,2016-11-02,108.6179,107.7479,True,2.0143,True,9.2212,True,2.4373,True,7.2666
QQQ,C1_Decoupled_Scores,DCA_ADDITION,2016-12-01,2016-12-02,108.0192,108.2344,True,2.7056,True,12.9172,True,3.9786,True,12.925
QQQ,C1_Decoupled_Scores,DCA_ADDITION,2017-01-02,2017-01-03,111.1628,112.1573,True,4.2078,True,10.3512,True,5.3511,True,10.6618
QQQ,C1_Decoupled_Scores,DCA_ADDITION,2017-02-01,2017-02-02,117.6836,117.5803,True,4.3569,True,8.548,True,4.7916,True,7.8057
QQQ,C1_Decoupled_Scores,DCA_ADDITION,2017-03-01,2017-03-02,123.3224,122.7031,True,1.5029,True,8.0159,True,0.8255,True,6.5663
QQQ,C1_Decoupled_Scores,DCA_ADDITION,2017-04-03,2017-04-04,124.3874,124.5849,True,3.713,True,4.4495,True,3.7037,True,6.548
QQQ,C1_Decoupled_Scores,DCA_ADDITION,2017-05-01,2017-05-02,128.9944,129.2107,True,2.8451,True,5.3579,True,2.93,True,5.8049
QQQ,C1_Decoupled_Scores,DCA_ADDITION,2017-06-01,2017-06-02,133.3569,134.88,True,-3.7955,True,-0.769,True,-2.7321,True,0.5764
QQQ,C1_Decoupled_Scores,DCA_ADDITION,2017-07-03,2017-07-04,128.3936,128.3936,True,5.4115,True,5.3553,True,5.1692,True,5.083
QQQ,C1_Decoupled_Scores,DCA_ADDITION,2017-08-01,2017-08-02,135.3417,135.7094,True,0.4863,True,2.6417,True,-0.4109,True,3.3115
QQQ,C1_Decoupled_Scores,DCA_ADDITION,2017-09-01,2017-09-04,137.642,137.642,True,-0.0694,True,7.2136,True,-0.1586,True,7.2617
QQQ,C1_Decoupled_Scores,DCA_ADDITION,2017-10-02,2017-10-03,137.5465,137.8394,True,4.2909,True,7.5107,True,4.1214,True,8.3247
QQQ,C1_Decoupled_Scores,DCA_ADDITION,2017-11-01,2017-11-02,143.7067,143.4327,True,2.2001,True,11.1271,True,1.1572,True,10.9547
QQQ,C1_Decoupled_Scores,DCA_ADDITION,2017-12-01,2017-12-04,145.9648,144.283,True,2.2106,True,11.8174,True,1.0329,True,9.0826
QQQ,C1_Decoupled_Scores,DCA_ADDITION,2018-01-01,2018-01-02,147.4725,150.0572,True,6.4421,True,0.5351,True,9.2065,True,5.7182
QQQ,C1_Decoupled_Scores,DCA_ADDITION,2018-02-01,2018-02-02,159.0234,155.8516,True,0.8383,True,-1.3712,True,-2.0719,True,-3.3979
QQQ,C1_Decoupled_Scores,DCA_ADDITION,2018-03-01,2018-03-02,155.7285,157.1582,True,-3.3738,True,2.413,True,-2.4867,True,3.2497
QQQ,C1_Decoupled_Scores,DCA_ADDITION,2018-04-02,2018-04-03,147.4747,149.1342,True,3.5101,True,9.6517,True,3.4917,True,10.4345
QQQ,C1_Decoupled_Scores,DCA_ADDITION,2018-05-01,2018-05-02,154.369,153.4586,True,5.1662,True,13.2192,True,3.8027,True,11.0001
QQQ,C1_Decoupled_Scores,DCA_ADDITION,2018-06-01,2018-06-04,163.8144,165.2938,True,-0.6484,True,5.9865,True,-0.4183,True,5.8646
QQQ,C1_Decoupled_Scores,DCA_ADDITION,2018-07-02,2018-07-03,164.222,162.3213,True,3.3079,True,8.0043,True,1.3368,True,6.6093
QQQ,C1_Decoupled_Scores,DCA_ADDITION,2018-08-01,2018-08-02,168.3276,170.618,True,3.8322,True,-4.5464,True,5.4313,True,-6.4829
QQQ,C1_Decoupled_Scores,DCA_ADDITION,2018-09-03,2018-09-04,177.3845,176.6242,True,0.126,True,-11.8999,True,-0.0777,True,-12.5727
QQQ,C1_Decoupled_Scores,DCA_ADDITION,2018-10-01,2018-10-02,177.2467,176.8468,True,-10.6756,True,-22.5246,True,-12.3221,True,-22.6994
QQQ,C1_Decoupled_Scores,DCA_ADDITION,2018-11-01,2018-11-02,163.813,161.2615,True,-0.0059,True,-2.2184,True,-2.2725,True,-4.878
QQQ,C1_Decoupled_Scores,EXIT_SELL,2018-11-14,2018-11-15,157.2818,160.0333,True,-1.7788,True,0.3696,True,-0.0908,True,3.5157
QQQ,C1_Decoupled_Scores,PANIC_BUY,2019-01-02,2019-01-03,147.8784,143.0471,True,12.2413,True,19.2327,True,6.9731,True,15.0722
QQQ,C1_Decoupled_Scores,EXIT_SELL,2019-01-03,2019-01-04,143.0471,149.1673,True,7.1817,True,15.2064,True,12.2413,True,19.2327
QQQ,C1_Decoupled_Scores,TREND_BUY,2019-01-17,2019-01-18,156.2328,157.7795,True,4.0484,True,12.6585,True,4.6385,True,13.2841
QQQ,C1_Decoupled_Scores,DCA_ADDITION,2019-02-01,2019-02-04,159.8801,161.866,True,2.8845,True,12.8813,True,4.1445,True,14.0621
QQQ,C1_Decoupled_Scores,DCA_ADDITION,2019-03-01,2019-03-04,166.5063,166.535,True,4.5587,True,2.3301,True,3.2095,True,2.3478
QQQ,C1_Decoupled_Scores,EXIT_SELL,2019-03-07,2019-03-08,163.6802,163.4319,True,8.0774,True,1.8091,True,7.3583,True,3.3026
QQQ,C1_Decoupled_Scores,TREND_BUY,2019-03-08,2019-03-11,163.4319,166.831,True,6.1449,True,-2.4612,True,8.0774,True,1.8091
QQQ,C1_Decoupled_Scores,DCA_ADDITION,2019-04-01,2019-04-02,174.1268,174.7868,True,3.7268,True,1.4277,True,4.933,True,3.5904
QQQ,C1_Decoupled_Scores,DCA_ADDITION,2019-05-01,2019-05-02,180.7173,179.933,True,-6.0284,True,2.9862,True,-6.8279,True,3.5206
QQQ,C1_Decoupled_Scores,DCA_ADDITION,2019-06-03,2019-06-04,162.725,167.3068,True,8.8732,True,5.6759,True,11.4968,True,8.8812
QQQ,C1_Decoupled_Scores,DCA_ADDITION,2019-07-01,2019-07-02,181.4332,182.1523,True,1.9841,True,-0.8741,True,2.8321,True,0.8582
QQQ,C1_Decoupled_Scores,DCA_ADDITION,2019-08-01,2019-08-02,182.2864,179.6023,True,0.064,True,4.6355,True,-1.1727,True,2.2779
QQQ,C1_Decoupled_Scores,DCA_ADDITION,2019-09-02,2019-09-03,179.7173,177.9725,True,1.076,True,10.435,True,0.9179,True,9.1544
QQQ,C1_Decoupled_Scores,DCA_ADDITION,2019-10-01,2019-10-02,179.8876,176.7945,True,7.0307,True,15.3922,True,4.6831,True,13.4081
QQQ,C1_Decoupled_Scores,DCA_ADDITION,2019-11-01,2019-11-04,191.0303,192.2118,True,1.4493,True,9.2318,True,3.1327,True,12.2255
QQQ,C1_Decoupled_Scores,DCA_ADDITION,2019-12-02,2019-12-03,194.9975,193.4701,True,5.7897,True,7.163,True,4.7636,True,9.2956
QQQ,C1_Decoupled_Scores,DCA_ADDITION,2020-01-01,2020-01-02,204.6714,208.0888,True,2.9793,True,-11.034,True,4.3272,True,-14.0734
QQQ,C1_Decoupled_Scores,DCA_ADDITION,2020-02-03,2020-02-04,214.0766,218.9766,True,-7.9088,True,-6.8226,True,-2.6801,True,-2.8603
QQQ,C1_Decoupled_Scores,DCA_ADDITION,2020-03-02,2020-03-03,208.3392,201.6583,True,-8.9146,True,9.5704,True,-11.076,True,6.3439
QQQ,C1_Decoupled_Scores,EXIT_SELL,2020-03-27,2020-03-30,178.7613,185.2635,True,12.2474,True,28.7071,True,15.402,True,31.8079
QQQ,C1_Decoupled_Scores,TREND_BUY,2020-04-16,2020-04-17,205.725,207.693,True,3.7066,True,22.8246,True,4.0234,True,23.1587
QQQ,C1_Decoupled_Scores,DCA_ADDITION,2020-05-01,2020-05-04,205.233,207.6255,True,8.7538,True,21.0725,True,9.6926,True,20.3368
QQQ,C1_Decoupled_Scores,DCA_ADDITION,2020-06-01,2020-06-02,225.8007,227.3153,True,5.2627,True,21.5283,True,3.9316,True,21.389
QQQ,C1_Decoupled_Scores,DCA_ADDITION,2020-07-01,2020-07-02,242.0712,243.714,True,3.5449,True,5.2342,True,3.7047,True,5.4573
QQQ,C1_Decoupled_Scores,EXIT_SELL,2020-08-03,2020-08-04,260.3262,261.2927,True,10.9254,True,4.5417,True,9.4662,True,4.1169
QQQ,C1_Decoupled_Scores,TREND_BUY,2020-08-04,2020-08-05,261.2927,261.9402,True,11.6989,True,0.2177,True,10.9254,True,4.5417
QQQ,C1_Decoupled_Scores,DCA_ADDITION,2020-09-01,2020-09-02,289.8398,292.5843,True,-8.2309,True,-2.1403,True,-7.9921,True,-1.8171
QQQ,C1_Decoupled_Scores,EXIT_SELL,2020-09-04,2020-09-07,274.049,274.049,True,-1.206,True,5.6562,True,-3.2689,True,5.4411
QQQ,C1_Decoupled_Scores,TREND_BUY,2020-09-07,2020-09-08,274.049,260.8771,True,1.93,True,12.4134,True,-1.206,True,5.6562
QQQ,C1_Decoupled_Scores,DCA_ADDITION,2020-10-01,2020-10-02,272.7636,265.0905,True,-1.7972,True,13.055,True,-2.0761,True,9.8747
QQQ,C1_Decoupled_Scores,DCA_ADDITION,2020-11-02,2020-11-03,260.9061,265.4191,True,10.4897,True,19.8564,True,10.9786,True,21.7515
QQQ,C1_Decoupled_Scores,DCA_ADDITION,2020-12-01,2020-12-02,293.2608,293.6378,True,3.1882,True,6.8677,True,3.3175,True,6.1302
QQQ,C1_Decoupled_Scores,DCA_ADDITION,2021-01-01,2021-01-04,303.7448,299.456,True,4.2385,True,2.2628,True,0.2614,True,0.8476
QQQ,C1_Decoupled_Scores,DCA_ADDITION,2021-02-01,2021-02-02,312.1484,317.2407,True,-2.832,True,3.9367,True,0.3629,True,6.0919
QQQ,C1_Decoupled_Scores,DCA_ADDITION,2021-03-01,2021-03-02,313.2811,308.2565,True,-1.1568,True,4.7081,True,-2.2501,True,2.8864
QQQ,C1_Decoupled_Scores,DCA_ADDITION,2021-04-01,2021-04-02,314.6267,314.6267,True,4.1347,True,7.7935,True,4.8218,True,7.9262
QQQ,C1_Decoupled_Scores,DCA_ADDITION,2021-05-03,2021-05-04,325.8908,320.0261,True,0.8118,True,10.5145,True,-0.6722,True,9.7348
QQQ,C1_Decoupled_Scores,DCA_ADDITION,2021-06-01,2021-06-02,322.624,323.2542,True,6.4087,True,12.5243,True,6.7849,True,12.6147
QQQ,C1_Decoupled_Scores,DCA_ADDITION,2021-07-01,2021-07-02,344.1064,348.0562,True,1.6535,True,4.2114,True,3.359,True,5.3088
QQQ,C1_Decoupled_Scores,DCA_ADDITION,2021-08-02,2021-08-03,353.8404,355.9851,True,3.5823,True,3.4706,True,4.2951,True,3.771
QQQ,C1_Decoupled_Scores,DCA_ADDITION,2021-09-01,2021-09-02,369.3488,369.1742,True,-5.7947,True,4.9427,True,-5.492,True,4.8931
QQQ,C1_Decoupled_Scores,DCA_ADDITION,2021-10-01,2021-10-04,349.9384,342.5934,True,9.8718,True,14.5696,True,7.1992,True,10.3412
QQQ,C1_Decoupled_Scores,DCA_ADDITION,2021-11-01,2021-11-02,376.4135,377.9875,True,1.226,True,-11.1809,True,3.1644,True,-8.6929
QQQ,C1_Decoupled_Scores,DCA_ADDITION,2021-12-01,2021-12-02,376.1123,378.823,True,2.8087,True,-12.5632,True,3.86,True,-14.7962
QQQ,C1_Decoupled_Scores,DCA_ADDITION,2022-01-03,2022-01-04,390.7568,385.6885,True,-7.8064,True,-6.2605,True,-9.6171,True,-9.0417
QQQ,C1_Decoupled_Scores,DCA_ADDITION,2022-02-01,2022-02-02,355.5801,358.4693,True,-5.7722,True,-13.9321,True,-6.5742,True,-13.1287
QQQ,C1_Decoupled_Scores,EXIT_SELL,2022-02-03,2022-02-04,343.9357,348.2744,True,-5.7848,True,-12.3943,True,-3.1934,True,-7.1092
QQQ,C1_Decoupled_Scores,TREND_BUY,2022-03-22,2022-03-23,347.6822,342.6856,True,-3.0185,True,-19.6203,True,-2.9975,True,-22.7056
QQQ,C1_Decoupled_Scores,DCA_ADDITION,2022-04-01,2022-04-04,352.4451,359.7015,True,-13.7611,True,-20.6574,True,-13.431,True,-18.4258
QQQ,C1_Decoupled_Scores,DCA_ADDITION,2022-05-02,2022-05-03,310.2024,310.5336,True,-3.306,True,-7.4914,True,-2.9453,True,-5.5366
QQQ,C1_Decoupled_Scores,DCA_ADDITION,2022-06-01,2022-06-02,298.0467,306.2089,True,-10.6754,True,2.1682,True,-7.0766,True,3.1423
QQQ,C1_Decoupled_Scores,EXIT_SELL,2022-06-10,2022-06-13,281.3328,268.2518,True,5.1507,True,7.3808,True,2.4504,True,2.3879
QQQ,C1_Decoupled_Scores,PANIC_BUY,2022-06-24,2022-06-27,287.5043,285.3965,True,2.674,True,-0.2999,True,2.505,True,-1.7956
QQQ,C1_Decoupled_Scores,DCA_ADDITION,2022-07-01,2022-07-04,275.3254,275.3254,True,11.7463,True,-2.5758,True,11.8137,True,-2.1709
QQQ,C1_Decoupled_Scores,DCA_ADDITION,2022-08-01,2022-08-02,307.666,306.7487,True,-4.2344,True,-9.4198,True,-3.4447,True,-11.5201
QQQ,C1_Decoupled_Scores,EXIT_SELL,2022-08-22,2022-08-23,306.778,306.5243,True,-7.9119,True,-7.7014,True,-7.2487,True,-9.0365
QQQ,C1_Decoupled_Scores,TREND_BUY,2022-08-23,2022-08-24,306.5243,307.4123,True,-9.8221,True,-9.2242,True,-7.9119,True,-7.7014
QQQ,C1_Decoupled_Scores,DCA_ADDITION,2022-09-01,2022-09-02,292.1788,288.0508,True,-9.2929,True,-2.6203,True,-9.0319,True,-3.3604
QQQ,C1_Decoupled_Scores,EXIT_SELL,2022-09-13,2022-09-14,286.6164,288.8901,True,-11.113,True,-5.0656,True,-10.3772,True,-3.9203
QQQ,C1_Decoupled_Scores,PANIC_BUY,2022-10-05,2022-10-06,275.6735,273.5032,True,-6.8881,True,-4.5332,True,-5.7805,True,-7.5386
QQQ,C1_Decoupled_Scores,EXIT_SELL,2022-10-07,2022-10-10,263.0816,260.4517,True,0.4429,True,0.1905,True,-1.6425,True,-0.8111
QQQ,C1_Decoupled_Scores,PANIC_BUY,2022-10-21,2022-10-24,269.2602,272.2225,True,1.2354,True,1.1466,True,3.413,True,2.2593
QQQ,C1_Decoupled_Scores,DCA_ADDITION,2022-11-01,2022-11-02,268.9571,259.7381,True,10.4185,True,8.5587,True,1.9847,True,5.0708
QQQ,C1_Decoupled_Scores,EXIT_SELL,2022-11-02,2022-11-03,259.7381,254.6641,True,12.7567,True,12.8804,True,10.4185,True,8.5587
QQQ,C1_Decoupled_Scores,PANIC_BUY,2022-11-10,2022-11-11,276.4262,281.5197,True,-2.0558,True,6.5818,True,0.3891,True,10.5097
QQQ,C1_Decoupled_Scores,DCA_ADDITION,2022-12-01,2022-12-02,287.1509,286.0072,True,-8.7618,True,-0.0005,True,-9.0706,True,1.2974
QQQ,C1_Decoupled_Scores,EXIT_SELL,2022-12-06,2022-12-07,275.3802,274.256,True,-5.0454,True,4.052,True,-5.8814,True,4.467
QQQ,C1_Decoupled_Scores,TREND_BUY,2022-12-07,2022-12-08,274.256,277.5017,True,-7.6251,True,3.6861,True,-5.0454,True,4.052
QQQ,C1_Decoupled_Scores,DCA_ADDITION,2023-01-02,2023-01-03,260.9478,259.184,True,11.3959,True,16.302,True,9.0093,True,16.1326
QQQ,C1_Decoupled_Scores,EXIT_SELL,2023-01-03,2023-01-04,259.184,260.4186,True,13.2385,True,17.8612,True,11.3959,True,16.302
QQQ,C1_Decoupled_Scores,TREND_BUY,2023-01-13,2023-01-16,275.3437,275.3437,True,8.3746,True,13.3082,True,6.6662,True,13.3724
QQQ,C1_Decoupled_Scores,DCA_ADDITION,2023-02-01,2023-02-02,294.8942,305.4779,True,-5.8097,True,2.9276,True,-3.2301,True,3.7993
QQQ,C1_Decoupled_Scores,DCA_ADDITION,2023-03-01,2023-03-02,285.3688,287.7306,True,7.6832,True,15.8836,True,7.5564,True,14.0671
QQQ,C1_Decoupled_Scores,EXIT_SELL,2023-03-09,2023-03-10,286.7996,282.7719,True,10.3942,True,23.0979,True,8.8438,True,20.4657
QQQ,C1_Decoupled_Scores,TREND_BUY,2023-03-16,2023-03-17,300.6662,299.2452,True,4.4876,True,16.2722,True,4.1896,True,15.282
QQQ,C1_Decoupled_Scores,DCA_ADDITION,2023-04-03,2023-04-04,314.2248,313.1648,True,0.0972,True,14.1847,True,0.6372,True,11.8759
QQQ,C1_Decoupled_Scores,DCA_ADDITION,2023-05-01,2023-05-02,316.2271,313.4691,True,9.5811,True,18.7612,True,8.1349,True,16.9329
QQQ,C1_Decoupled_Scores,DCA_ADDITION,2023-06-01,2023-06-02,345.4952,348.0863,True,4.3076,True,2.7828,True,3.4939,True,2.7571
QQQ,C1_Decoupled_Scores,DCA_ADDITION,2023-07-03,2023-07-04,363.9355,363.9355,True,3.3757,True,-4.2041,True,3.6161,True,-2.7437
QQQ,C1_Decoupled_Scores,DCA_ADDITION,2023-08-01,2023-08-02,376.2209,367.965,True,0.6597,True,-6.2883,True,-2.0952,True,-6.0451
QQQ,C1_Decoupled_Scores,DCA_ADDITION,2023-09-01,2023-09-04,371.1101,371.1101,True,-4.1863,True,3.216,True,-4.9793,True,3.3062
QQQ,C1_Decoupled_Scores,DCA_ADDITION,2023-10-02,2023-10-03,355.5743,349.3341,True,-1.1411,True,15.9982,True,-3.3383,True,13.269
QQQ,C1_Decoupled_Scores,DCA_ADDITION,2023-11-01,2023-11-02,351.342,357.72,True,6.986,True,17.6057,True,9.2027,True,19.5946
QQQ,C1_Decoupled_Scores,DCA_ADDITION,2023-12-01,2023-12-04,383.8029,380.24,True,6.273,True,13.2874,True,5.2864,True,12.2949
QQQ,C1_Decoupled_Scores,DCA_ADDITION,2024-01-01,2024-01-02,404.0923,397.2542,True,5.641,True,10.2626,True,4.5492,True,8.7488
QQQ,C1_Decoupled_Scores,DCA_ADDITION,2024-02-01,2024-02-02,416.2885,423.3241,True,3.8693,True,0.5967,True,4.058,True,0.7422
QQQ,C1_Decoupled_Scores,DCA_ADDITION,2024-03-01,2024-03-04,439.704,438.1351,True,0.342,True,3.2736,True,-0.2273,True,2.9051
QQQ,C1_Decoupled_Scores,DCA_ADDITION,2024-04-01,2024-04-02,439.6333,435.8392,True,-3.7451,True,8.8486,True,-2.7419,True,6.6891
QQQ,C1_Decoupled_Scores,DCA_ADDITION,2024-05-01,2024-05-02,416.4833,421.799,True,5.7742,True,7.5189,True,8.2843,True,10.1055
QQQ,C1_Decoupled_Scores,DCA_ADDITION,2024-06-03,2024-06-04,447.7156,448.9407,True,7.3473,True,5.0945,True,6.5226,True,5.0682
QQQ,C1_Decoupled_Scores,DCA_ADDITION,2024-07-01,2024-07-02,476.9184,481.9259,True,-6.0475,True,-0.1906,True,-3.7392,True,0.3733
QQQ,C1_Decoupled_Scores,DCA_ADDITION,2024-08-01,2024-08-02,454.8894,444.0927,True,6.1326,True,10.5328,True,2.3931,True,7.2558
QQQ,C1_Decoupled_Scores,DCA_ADDITION,2024-09-02,2024-09-03,471.327,457.0171,True,4.3603,True,10.4406,True,2.6216,True,6.5156
QQQ,C1_Decoupled_Scores,DCA_ADDITION,2024-10-01,2024-10-02,476.9444,477.6183,True,2.9941,True,10.1389,True,3.925,True,10.2945
QQQ,C1_Decoupled_Scores,DCA_ADDITION,2024-11-01,2024-11-04,483.0491,481.6418,True,6.0246,True,5.973,True,4.5771,True,8.8329
QQQ,C1_Decoupled_Scores,DCA_ADDITION,2024-12-02,2024-12-03,510.6586,512.2245,True,-0.9317,True,-0.5267,True,0.2235,True,1.0515
QQQ,C1_Decoupled_Scores,DCA_ADDITION,2025-01-01,2025-01-02,507.4521,506.4595,True,2.5126,True,-5.4665,True,1.8778,True,-5.1107
QQQ,C1_Decoupled_Scores,DCA_ADDITION,2025-02-03,2025-02-04,514.2813,520.5942,True,-5.5141,True,-9.1961,True,-4.0648,True,-8.6846
QQQ,C1_Decoupled_Scores,DCA_ADDITION,2025-03-03,2025-03-04,493.3769,491.888,True,-4.4688,True,5.3369,True,-5.5187,True,2.6053
QQQ,C1_Decoupled_Scores,DCA_ADDITION,2025-04-01,2025-04-02,469.9066,473.3362,True,-0.1428,True,13.7809,True,0.5987,True,14.3191
QQQ,C1_Decoupled_Scores,DCA_ADDITION,2025-05-01,2025-05-02,478.8335,485.9412,True,6.1944,True,15.9925,True,7.941,True,17.4316
QQQ,C1_Decoupled_Scores,DCA_ADDITION,2025-06-02,2025-06-03,520.1181,524.1838,True,3.8506,True,8.7148,True,5.5522,True,9.1265
QQQ,C1_Decoupled_Scores,DCA_ADDITION,2025-07-01,2025-07-02,544.3682,548.1599,True,3.1264,True,8.3499,True,3.7057,True,9.4889
QQQ,C1_Decoupled_Scores,DCA_ADDITION,2025-08-01,2025-08-04,551.2252,561.3961,True,1.1168,True,11.4728,True,2.9826,True,11.5432
QQQ,C1_Decoupled_Scores,DCA_ADDITION,2025-09-01,2025-09-02,567.666,562.9089,True,6.2668,True,7.7748,True,5.0884,True,6.217
QQQ,C1_Decoupled_Scores,DCA_ADDITION,2025-10-01,2025-10-02,601.0545,603.5255,True,3.3546,True,3.1374,True,5.3908,True,3.5614
QQQ,C1_Decoupled_Scores,DCA_ADDITION,2025-11-03,2025-11-04,629.7796,616.9963,True,0.4441,True,2.0498,True,-2.3589,True,-0.9198
QQQ,C1_Decoupled_Scores,DCA_ADDITION,2025-12-01,2025-12-02,614.9238,619.7363,True,-0.2849,True,-2.1458,True,0.7291,True,-2.428
QQQ,C1_Decoupled_Scores,DCA_ADDITION,2026-01-01,2026-01-02,612.8629,611.6757,True,1.4271,True,-8.1274,True,2.4613,True,-6.4782
QQQ,C1_Decoupled_Scores,DCA_ADDITION,2026-02-02,2026-02-03,624.665,615.0677,True,-2.4233,True,6.7896,True,-2.8827,True,6.2171
QQQ,C1_Decoupled_Scores,DCA_ADDITION,2026-03-02,2026-03-03,606.6575,600.1629,True,-3.935,True,21.5467,True,-8.0755,True,18.1478
QQQ,C1_Decoupled_Scores,DCA_ADDITION,2026-04-01,2026-04-02,583.6686,584.3378,True,14.1475,True,22.5969,True,13.2224,True,21.7506
QQQ,C1_Decoupled_Scores,DCA_ADDITION,2026-05-01,2026-05-04,673.41,672.1414,True,10.3822,True,1.4846,True,9.5172,True,1.6067
QQQ,C1_Decoupled_Scores,DCA_ADDITION,2026-06-01,2026-06-02,741.9247,745.3409,True,-1.1996,True,-4.645,True,-2.4052,True,-4.799
QQQ,C1_Decoupled_Scores,DCA_ADDITION,2026-07-01,2026-07-02,725.17,712.6,True,-4.0766,False,,True,-8.7483,False,
QQQ,C1_Decoupled_Scores,DCA_ADDITION,2026-08-03,2026-08-04,700.07,723.85,True,-2.2394,False,,True,2.384,False,
QQQ,C1_Decoupled_Scores,DCA_ADDITION,2026-09-01,2026-09-02,707.64,709.24,False,,False,,False,,False,
QQQ,C2_Panic_Latch,PANIC_BUY,2014-04-21,2014-04-22,79.0744,79.7027,True,0.5369,True,9.4101,True,1.7043,True,10.6605
QQQ,C2_Panic_Latch,DCA_ADDITION,2014-05-01,2014-05-02,79.8119,79.6662,True,4.3662,True,10.8698,True,4.1644,True,11.1021
QQQ,C2_Panic_Latch,DCA_ADDITION,2014-06-02,2014-06-03,83.0627,83.0263,True,4.4035,True,9.4181,True,3.2256,True,9.2602
QQQ,C2_Panic_Latch,DCA_ADDITION,2014-07-01,2014-07-02,86.6824,86.8284,True,1.9768,True,5.2339,True,1.7485,True,4.2922
QQQ,C2_Panic_Latch,DCA_ADDITION,2014-08-01,2014-08-04,86.4358,87.0293,True,4.6789,True,3.7817,True,5.3977,True,4.4202
QQQ,C2_Panic_Latch,DCA_ADDITION,2014-09-01,2014-09-02,91.1013,91.3661,True,-1.0442,True,5.0159,True,-0.8973,True,5.1604
QQQ,C2_Panic_Latch,DCA_ADDITION,2014-10-01,2014-10-02,88.966,88.966,True,2.8906,True,7.6933,True,2.6746,True,7.6933
QQQ,C2_Panic_Latch,DCA_ADDITION,2014-11-03,2014-11-04,93.0753,92.7641,True,3.8181,True,0.4518,True,3.058,True,2.7807
QQQ,C2_Panic_Latch,DCA_ADDITION,2014-12-01,2014-12-02,95.9215,96.3059,True,-0.4954,True,3.587,True,0.5737,True,3.9255
QQQ,C2_Panic_Latch,DCA_ADDITION,2015-01-01,2015-01-02,94.8459,94.5612,True,-1.7875,True,2.742,True,-1.3172,True,2.0259
QQQ,C2_Panic_Latch,DCA_ADDITION,2015-02-02,2015-02-03,93.6793,94.5795,True,5.7401,True,7.1223,True,7.2563,True,8.3679
QQQ,C2_Panic_Latch,DCA_ADDITION,2015-03-02,2015-03-03,100.477,100.0085,True,-2.7805,True,0.5338,True,-2.1983,True,1.2288
QQQ,C2_Panic_Latch,DCA_ADDITION,2015-04-01,2015-04-02,96.7214,96.7858,True,2.3878,True,4.883,True,4.0933,True,5.1628
QQQ,C2_Panic_Latch,DCA_ADDITION,2015-05-01,2015-05-04,100.4042,100.57,True,1.0894,True,1.1017,True,0.917,True,2.1142
QQQ,C2_Panic_Latch,DCA_ADDITION,2015-06-01,2015-06-02,101.6656,101.3433,True,-2.5018,True,-10.679,True,-3.1558,True,-10.6263
QQQ,C2_Panic_Latch,EXIT_SELL,2015-06-29,2015-06-30,98.4573,98.8079,True,3.7919,True,-2.5373,True,3.2711,True,-0.7057
QQQ,C2_Panic_Latch,TREND_BUY,2015-07-15,2015-07-16,101.8625,103.3022,True,-1.4294,True,-5.0313,True,0.1268,True,-4.0705
QQQ,C2_Panic_Latch,DCA_ADDITION,2015-08-03,2015-08-04,102.9884,102.7946,True,-9.2827,True,1.7642,True,-6.5323,True,1.3661
QQQ,C2_Panic_Latch,DCA_ADDITION,2015-09-01,2015-09-02,93.2525,95.8825,True,-1.8214,True,10.1325,True,-1.3241,True,13.1395
QQQ,C2_Panic_Latch,DCA_ADDITION,2015-10-01,2015-10-02,94.5617,96.2176,True,8.9607,True,8.5798,True,11.3676,True,10.4811
QQQ,C2_Panic_Latch,DCA_ADDITION,2015-11-02,2015-11-03,106.0234,106.3934,True,0.1305,True,-10.0382,True,-0.5148,True,-10.5294
QQQ,C2_Panic_Latch,DCA_ADDITION,2015-12-01,2015-12-02,106.5322,105.8754,True,-0.7287,True,-10.1239,True,-0.4437,True,-11.5229
QQQ,C2_Panic_Latch,DCA_ADDITION,2016-01-01,2016-01-04,103.7955,101.6056,True,-4.6484,True,-1.8925,True,-6.9104,True,-3.8279
QQQ,C2_Panic_Latch,EXIT_SELL,2016-01-04,2016-01-05,101.6056,101.4293,True,-6.5502,True,-0.1438,True,-4.6484,True,-1.8925
QQQ,C2_Panic_Latch,PANIC_BUY,2016-01-29,2016-02-01,96.6228,96.8826,True,-1.8293,True,4.6866,True,-0.6723,True,4.9681
QQQ,C2_Panic_Latch,EXIT_SELL,2016-02-05,2016-02-08,91.0461,89.6542,True,8.6938,True,10.7809,True,7.6946,True,8.0652
QQQ,C2_Panic_Latch,PANIC_BUY,2016-02-17,2016-02-18,95.1103,94.0247,True,6.1087,True,4.8101,True,4.9561,True,4.0736
QQQ,C2_Panic_Latch,DCA_ADDITION,2016-03-01,2016-03-02,98.1631,98.2002,True,3.642,True,3.5283,True,3.1788,True,2.828
QQQ,C2_Panic_Latch,DCA_ADDITION,2016-04-01,2016-04-04,102.7074,102.3165,True,-2.9289,True,-6.7744,True,-4.2044,True,-5.2485
QQQ,C2_Panic_Latch,DCA_ADDITION,2016-05-02,2016-05-03,99.3198,98.3985,True,4.3601,True,7.9098,True,3.1953,True,6.7867
QQQ,C2_Panic_Latch,EXIT_SELL,2016-05-17,2016-05-18,98.1658,98.5194,True,1.757,True,10.4578,True,2.4175,True,11.1409
QQQ,C2_Panic_Latch,TREND_BUY,2016-05-26,2016-05-27,101.9629,102.4933,True,-5.0506,True,6.7578,True,-0.4566,True,7.3406
QQQ,C2_Panic_Latch,DCA_ADDITION,2016-06-01,2016-06-02,102.6981,102.9121,True,-2.4901,True,5.7339,True,-3.4045,True,6.1269
QQQ,C2_Panic_Latch,DCA_ADDITION,2016-07-01,2016-07-04,100.8534,100.8534,True,7.1799,True,8.8397,True,6.6155,True,9.758
QQQ,C2_Panic_Latch,DCA_ADDITION,2016-08-01,2016-08-02,108.0946,107.2734,True,1.3918,True,3.9393,True,0.9496,True,3.4785
QQQ,C2_Panic_Latch,DCA_ADDITION,2016-09-01,2016-09-02,108.9343,109.289,True,1.6201,True,1.6885,True,1.1952,True,1.6933
QQQ,C2_Panic_Latch,DCA_ADDITION,2016-10-03,2016-10-04,110.9005,110.7321,True,-1.9093,True,2.3716,True,-1.3159,True,1.6916
QQQ,C2_Panic_Latch,DCA_ADDITION,2016-11-01,2016-11-02,108.6179,107.7479,True,2.0143,True,9.2212,True,2.4373,True,7.2666
QQQ,C2_Panic_Latch,DCA_ADDITION,2016-12-01,2016-12-02,108.0192,108.2344,True,2.7056,True,12.9172,True,3.9786,True,12.925
QQQ,C2_Panic_Latch,DCA_ADDITION,2017-01-02,2017-01-03,111.1628,112.1573,True,4.2078,True,10.3512,True,5.3511,True,10.6618
QQQ,C2_Panic_Latch,DCA_ADDITION,2017-02-01,2017-02-02,117.6836,117.5803,True,4.3569,True,8.548,True,4.7916,True,7.8057
QQQ,C2_Panic_Latch,DCA_ADDITION,2017-03-01,2017-03-02,123.3224,122.7031,True,1.5029,True,8.0159,True,0.8255,True,6.5663
QQQ,C2_Panic_Latch,DCA_ADDITION,2017-04-03,2017-04-04,124.3874,124.5849,True,3.713,True,4.4495,True,3.7037,True,6.548
QQQ,C2_Panic_Latch,DCA_ADDITION,2017-05-01,2017-05-02,128.9944,129.2107,True,2.8451,True,5.3579,True,2.93,True,5.8049
QQQ,C2_Panic_Latch,DCA_ADDITION,2017-06-01,2017-06-02,133.3569,134.88,True,-3.7955,True,-0.769,True,-2.7321,True,0.5764
QQQ,C2_Panic_Latch,DCA_ADDITION,2017-07-03,2017-07-04,128.3936,128.3936,True,5.4115,True,5.3553,True,5.1692,True,5.083
QQQ,C2_Panic_Latch,DCA_ADDITION,2017-08-01,2017-08-02,135.3417,135.7094,True,0.4863,True,2.6417,True,-0.4109,True,3.3115
QQQ,C2_Panic_Latch,DCA_ADDITION,2017-09-01,2017-09-04,137.642,137.642,True,-0.0694,True,7.2136,True,-0.1586,True,7.2617
QQQ,C2_Panic_Latch,DCA_ADDITION,2017-10-02,2017-10-03,137.5465,137.8394,True,4.2909,True,7.5107,True,4.1214,True,8.3247
QQQ,C2_Panic_Latch,DCA_ADDITION,2017-11-01,2017-11-02,143.7067,143.4327,True,2.2001,True,11.1271,True,1.1572,True,10.9547
QQQ,C2_Panic_Latch,DCA_ADDITION,2017-12-01,2017-12-04,145.9648,144.283,True,2.2106,True,11.8174,True,1.0329,True,9.0826
QQQ,C2_Panic_Latch,DCA_ADDITION,2018-01-01,2018-01-02,147.4725,150.0572,True,6.4421,True,0.5351,True,9.2065,True,5.7182
QQQ,C2_Panic_Latch,DCA_ADDITION,2018-02-01,2018-02-02,159.0234,155.8516,True,0.8383,True,-1.3712,True,-2.0719,True,-3.3979
QQQ,C2_Panic_Latch,DCA_ADDITION,2018-03-01,2018-03-02,155.7285,157.1582,True,-3.3738,True,2.413,True,-2.4867,True,3.2497
QQQ,C2_Panic_Latch,DCA_ADDITION,2018-04-02,2018-04-03,147.4747,149.1342,True,3.5101,True,9.6517,True,3.4917,True,10.4345
QQQ,C2_Panic_Latch,DCA_ADDITION,2018-05-01,2018-05-02,154.369,153.4586,True,5.1662,True,13.2192,True,3.8027,True,11.0001
QQQ,C2_Panic_Latch,DCA_ADDITION,2018-06-01,2018-06-04,163.8144,165.2938,True,-0.6484,True,5.9865,True,-0.4183,True,5.8646
QQQ,C2_Panic_Latch,DCA_ADDITION,2018-07-02,2018-07-03,164.222,162.3213,True,3.3079,True,8.0043,True,1.3368,True,6.6093
QQQ,C2_Panic_Latch,DCA_ADDITION,2018-08-01,2018-08-02,168.3276,170.618,True,3.8322,True,-4.5464,True,5.4313,True,-6.4829
QQQ,C2_Panic_Latch,DCA_ADDITION,2018-09-03,2018-09-04,177.3845,176.6242,True,0.126,True,-11.8999,True,-0.0777,True,-12.5727
QQQ,C2_Panic_Latch,DCA_ADDITION,2018-10-01,2018-10-02,177.2467,176.8468,True,-10.6756,True,-22.5246,True,-12.3221,True,-22.6994
QQQ,C2_Panic_Latch,DCA_ADDITION,2018-11-01,2018-11-02,163.813,161.2615,True,-0.0059,True,-2.2184,True,-2.2725,True,-4.878
QQQ,C2_Panic_Latch,EXIT_SELL,2018-11-14,2018-11-15,157.2818,160.0333,True,-1.7788,True,0.3696,True,-0.0908,True,3.5157
QQQ,C2_Panic_Latch,PANIC_BUY,2018-11-28,2018-11-29,160.614,160.0904,True,-8.7196,True,2.3557,True,-9.368,True,2.3964
QQQ,C2_Panic_Latch,DCA_ADDITION,2018-12-03,2018-12-04,164.0701,157.7769,True,-6.649,True,5.1152,True,-10.2296,True,0.9786
QQQ,C2_Panic_Latch,DCA_ADDITION,2019-01-01,2019-01-02,147.2863,147.8784,True,6.9731,True,15.0722,True,4.7388,True,16.2815
QQQ,C2_Panic_Latch,EXIT_SELL,2019-01-03,2019-01-04,143.0471,149.1673,True,7.1817,True,15.2064,True,12.2413,True,19.2327
QQQ,C2_Panic_Latch,TREND_BUY,2019-01-17,2019-01-18,156.2328,157.7795,True,4.0484,True,12.6585,True,4.6385,True,13.2841
QQQ,C2_Panic_Latch,DCA_ADDITION,2019-02-01,2019-02-04,159.8801,161.866,True,2.8845,True,12.8813,True,4.1445,True,14.0621
QQQ,C2_Panic_Latch,DCA_ADDITION,2019-03-01,2019-03-04,166.5063,166.535,True,4.5587,True,2.3301,True,3.2095,True,2.3478
QQQ,C2_Panic_Latch,EXIT_SELL,2019-03-07,2019-03-08,163.6802,163.4319,True,8.0774,True,1.8091,True,7.3583,True,3.3026
QQQ,C2_Panic_Latch,TREND_BUY,2019-03-08,2019-03-11,163.4319,166.831,True,6.1449,True,-2.4612,True,8.0774,True,1.8091
QQQ,C2_Panic_Latch,DCA_ADDITION,2019-04-01,2019-04-02,174.1268,174.7868,True,3.7268,True,1.4277,True,4.933,True,3.5904
QQQ,C2_Panic_Latch,DCA_ADDITION,2019-05-01,2019-05-02,180.7173,179.933,True,-6.0284,True,2.9862,True,-6.8279,True,3.5206
QQQ,C2_Panic_Latch,DCA_ADDITION,2019-06-03,2019-06-04,162.725,167.3068,True,8.8732,True,5.6759,True,11.4968,True,8.8812
QQQ,C2_Panic_Latch,DCA_ADDITION,2019-07-01,2019-07-02,181.4332,182.1523,True,1.9841,True,-0.8741,True,2.8321,True,0.8582
QQQ,C2_Panic_Latch,DCA_ADDITION,2019-08-01,2019-08-02,182.2864,179.6023,True,0.064,True,4.6355,True,-1.1727,True,2.2779
QQQ,C2_Panic_Latch,DCA_ADDITION,2019-09-02,2019-09-03,179.7173,177.9725,True,1.076,True,10.435,True,0.9179,True,9.1544
QQQ,C2_Panic_Latch,DCA_ADDITION,2019-10-01,2019-10-02,179.8876,176.7945,True,7.0307,True,15.3922,True,4.6831,True,13.4081
QQQ,C2_Panic_Latch,DCA_ADDITION,2019-11-01,2019-11-04,191.0303,192.2118,True,1.4493,True,9.2318,True,3.1327,True,12.2255
QQQ,C2_Panic_Latch,DCA_ADDITION,2019-12-02,2019-12-03,194.9975,193.4701,True,5.7897,True,7.163,True,4.7636,True,9.2956
QQQ,C2_Panic_Latch,DCA_ADDITION,2020-01-01,2020-01-02,204.6714,208.0888,True,2.9793,True,-11.034,True,4.3272,True,-14.0734
QQQ,C2_Panic_Latch,DCA_ADDITION,2020-02-03,2020-02-04,214.0766,218.9766,True,-7.9088,True,-6.8226,True,-2.6801,True,-2.8603
QQQ,C2_Panic_Latch,DCA_ADDITION,2020-03-02,2020-03-03,208.3392,201.6583,True,-8.9146,True,9.5704,True,-11.076,True,6.3439
QQQ,C2_Panic_Latch,EXIT_SELL,2020-03-27,2020-03-30,178.7613,185.2635,True,12.2474,True,28.7071,True,15.402,True,31.8079
QQQ,C2_Panic_Latch,PANIC_BUY,2020-04-13,2020-04-14,195.8656,204.3841,True,4.8428,True,21.3331,True,11.7421,True,27.4882
QQQ,C2_Panic_Latch,DCA_ADDITION,2020-05-01,2020-05-04,205.233,207.6255,True,8.7538,True,21.0725,True,9.6926,True,20.3368
QQQ,C2_Panic_Latch,DCA_ADDITION,2020-06-01,2020-06-02,225.8007,227.3153,True,5.2627,True,21.5283,True,3.9316,True,21.389
QQQ,C2_Panic_Latch,DCA_ADDITION,2020-07-01,2020-07-02,242.0712,243.714,True,3.5449,True,5.2342,True,3.7047,True,5.4573
QQQ,C2_Panic_Latch,EXIT_SELL,2020-08-03,2020-08-04,260.3262,261.2927,True,10.9254,True,4.5417,True,9.4662,True,4.1169
QQQ,C2_Panic_Latch,TREND_BUY,2020-08-04,2020-08-05,261.2927,261.9402,True,11.6989,True,0.2177,True,10.9254,True,4.5417
QQQ,C2_Panic_Latch,DCA_ADDITION,2020-09-01,2020-09-02,289.8398,292.5843,True,-8.2309,True,-2.1403,True,-7.9921,True,-1.8171
QQQ,C2_Panic_Latch,EXIT_SELL,2020-09-04,2020-09-07,274.049,274.049,True,-1.206,True,5.6562,True,-3.2689,True,5.4411
QQQ,C2_Panic_Latch,TREND_BUY,2020-09-07,2020-09-08,274.049,260.8771,True,1.93,True,12.4134,True,-1.206,True,5.6562
QQQ,C2_Panic_Latch,DCA_ADDITION,2020-10-01,2020-10-02,272.7636,265.0905,True,-1.7972,True,13.055,True,-2.0761,True,9.8747
QQQ,C2_Panic_Latch,DCA_ADDITION,2020-11-02,2020-11-03,260.9061,265.4191,True,10.4897,True,19.8564,True,10.9786,True,21.7515
QQQ,C2_Panic_Latch,DCA_ADDITION,2020-12-01,2020-12-02,293.2608,293.6378,True,3.1882,True,6.8677,True,3.3175,True,6.1302
QQQ,C2_Panic_Latch,DCA_ADDITION,2021-01-01,2021-01-04,303.7448,299.456,True,4.2385,True,2.2628,True,0.2614,True,0.8476
QQQ,C2_Panic_Latch,DCA_ADDITION,2021-02-01,2021-02-02,312.1484,317.2407,True,-2.832,True,3.9367,True,0.3629,True,6.0919
QQQ,C2_Panic_Latch,DCA_ADDITION,2021-03-01,2021-03-02,313.2811,308.2565,True,-1.1568,True,4.7081,True,-2.2501,True,2.8864
QQQ,C2_Panic_Latch,DCA_ADDITION,2021-04-01,2021-04-02,314.6267,314.6267,True,4.1347,True,7.7935,True,4.8218,True,7.9262
QQQ,C2_Panic_Latch,DCA_ADDITION,2021-05-03,2021-05-04,325.8908,320.0261,True,0.8118,True,10.5145,True,-0.6722,True,9.7348
QQQ,C2_Panic_Latch,DCA_ADDITION,2021-06-01,2021-06-02,322.624,323.2542,True,6.4087,True,12.5243,True,6.7849,True,12.6147
QQQ,C2_Panic_Latch,DCA_ADDITION,2021-07-01,2021-07-02,344.1064,348.0562,True,1.6535,True,4.2114,True,3.359,True,5.3088
QQQ,C2_Panic_Latch,DCA_ADDITION,2021-08-02,2021-08-03,353.8404,355.9851,True,3.5823,True,3.4706,True,4.2951,True,3.771
QQQ,C2_Panic_Latch,DCA_ADDITION,2021-09-01,2021-09-02,369.3488,369.1742,True,-5.7947,True,4.9427,True,-5.492,True,4.8931
QQQ,C2_Panic_Latch,DCA_ADDITION,2021-10-01,2021-10-04,349.9384,342.5934,True,9.8718,True,14.5696,True,7.1992,True,10.3412
QQQ,C2_Panic_Latch,DCA_ADDITION,2021-11-01,2021-11-02,376.4135,377.9875,True,1.226,True,-11.1809,True,3.1644,True,-8.6929
QQQ,C2_Panic_Latch,DCA_ADDITION,2021-12-01,2021-12-02,376.1123,378.823,True,2.8087,True,-12.5632,True,3.86,True,-14.7962
QQQ,C2_Panic_Latch,DCA_ADDITION,2022-01-03,2022-01-04,390.7568,385.6885,True,-7.8064,True,-6.2605,True,-9.6171,True,-9.0417
QQQ,C2_Panic_Latch,DCA_ADDITION,2022-02-01,2022-02-02,355.5801,358.4693,True,-5.7722,True,-13.9321,True,-6.5742,True,-13.1287
QQQ,C2_Panic_Latch,EXIT_SELL,2022-02-03,2022-02-04,343.9357,348.2744,True,-5.7848,True,-12.3943,True,-3.1934,True,-7.1092
QQQ,C2_Panic_Latch,PANIC_BUY,2022-03-17,2022-03-18,335.0733,341.9317,True,-3.5966,True,-17.7225,True,-1.6234,True,-12.9688
QQQ,C2_Panic_Latch,DCA_ADDITION,2022-04-01,2022-04-04,352.4451,359.7015,True,-13.7611,True,-20.6574,True,-13.431,True,-18.4258
QQQ,C2_Panic_Latch,DCA_ADDITION,2022-05-02,2022-05-03,310.2024,310.5336,True,-3.306,True,-7.4914,True,-2.9453,True,-5.5366
QQQ,C2_Panic_Latch,DCA_ADDITION,2022-06-01,2022-06-02,298.0467,306.2089,True,-10.6754,True,2.1682,True,-7.0766,True,3.1423
QQQ,C2_Panic_Latch,EXIT_SELL,2022-06-10,2022-06-13,281.3328,268.2518,True,5.1507,True,7.3808,True,2.4504,True,2.3879
QQQ,C2_Panic_Latch,PANIC_BUY,2022-06-24,2022-06-27,287.5043,285.3965,True,2.674,True,-0.2999,True,2.505,True,-1.7956
QQQ,C2_Panic_Latch,DCA_ADDITION,2022-07-01,2022-07-04,275.3254,275.3254,True,11.7463,True,-2.5758,True,11.8137,True,-2.1709
QQQ,C2_Panic_Latch,DCA_ADDITION,2022-08-01,2022-08-02,307.666,306.7487,True,-4.2344,True,-9.4198,True,-3.4447,True,-11.5201
QQQ,C2_Panic_Latch,EXIT_SELL,2022-08-22,2022-08-23,306.778,306.5243,True,-7.9119,True,-7.7014,True,-7.2487,True,-9.0365
QQQ,C2_Panic_Latch,TREND_BUY,2022-08-23,2022-08-24,306.5243,307.4123,True,-9.8221,True,-9.2242,True,-7.9119,True,-7.7014
QQQ,C2_Panic_Latch,DCA_ADDITION,2022-09-01,2022-09-02,292.1788,288.0508,True,-9.2929,True,-2.6203,True,-9.0319,True,-3.3604
QQQ,C2_Panic_Latch,EXIT_SELL,2022-09-13,2022-09-14,286.6164,288.8901,True,-11.113,True,-5.0656,True,-10.3772,True,-3.9203
QQQ,C2_Panic_Latch,PANIC_BUY,2022-10-05,2022-10-06,275.6735,273.5032,True,-6.8881,True,-4.5332,True,-5.7805,True,-7.5386
QQQ,C2_Panic_Latch,EXIT_SELL,2022-10-07,2022-10-10,263.0816,260.4517,True,0.4429,True,0.1905,True,-1.6425,True,-0.8111
QQQ,C2_Panic_Latch,PANIC_BUY,2022-10-21,2022-10-24,269.2602,272.2225,True,1.2354,True,1.1466,True,3.413,True,2.2593
QQQ,C2_Panic_Latch,DCA_ADDITION,2022-11-01,2022-11-02,268.9571,259.7381,True,10.4185,True,8.5587,True,1.9847,True,5.0708
QQQ,C2_Panic_Latch,EXIT_SELL,2022-11-02,2022-11-03,259.7381,254.6641,True,12.7567,True,12.8804,True,10.4185,True,8.5587
QQQ,C2_Panic_Latch,PANIC_BUY,2022-11-10,2022-11-11,276.4262,281.5197,True,-2.0558,True,6.5818,True,0.3891,True,10.5097
QQQ,C2_Panic_Latch,DCA_ADDITION,2022-12-01,2022-12-02,287.1509,286.0072,True,-8.7618,True,-0.0005,True,-9.0706,True,1.2974
QQQ,C2_Panic_Latch,EXIT_SELL,2022-12-06,2022-12-07,275.3802,274.256,True,-5.0454,True,4.052,True,-5.8814,True,4.467
QQQ,C2_Panic_Latch,TREND_BUY,2022-12-07,2022-12-08,274.256,277.5017,True,-7.6251,True,3.6861,True,-5.0454,True,4.052
QQQ,C2_Panic_Latch,DCA_ADDITION,2023-01-02,2023-01-03,260.9478,259.184,True,11.3959,True,16.302,True,9.0093,True,16.1326
QQQ,C2_Panic_Latch,EXIT_SELL,2023-01-03,2023-01-04,259.184,260.4186,True,13.2385,True,17.8612,True,11.3959,True,16.302
QQQ,C2_Panic_Latch,PANIC_BUY,2023-01-06,2023-01-09,263.4174,265.1226,True,12.2163,True,18.5206,True,13.9062,True,19.5784
QQQ,C2_Panic_Latch,DCA_ADDITION,2023-02-01,2023-02-02,294.8942,305.4779,True,-5.8097,True,2.9276,True,-3.2301,True,3.7993
QQQ,C2_Panic_Latch,DCA_ADDITION,2023-03-01,2023-03-02,285.3688,287.7306,True,7.6832,True,15.8836,True,7.5564,True,14.0671
QQQ,C2_Panic_Latch,EXIT_SELL,2023-03-09,2023-03-10,286.7996,282.7719,True,10.3942,True,23.0979,True,8.8438,True,20.4657
QQQ,C2_Panic_Latch,TREND_BUY,2023-03-16,2023-03-17,300.6662,299.2452,True,4.4876,True,16.2722,True,4.1896,True,15.282
QQQ,C2_Panic_Latch,DCA_ADDITION,2023-04-03,2023-04-04,314.2248,313.1648,True,0.0972,True,14.1847,True,0.6372,True,11.8759
QQQ,C2_Panic_Latch,DCA_ADDITION,2023-05-01,2023-05-02,316.2271,313.4691,True,9.5811,True,18.7612,True,8.1349,True,16.9329
QQQ,C2_Panic_Latch,DCA_ADDITION,2023-06-01,2023-06-02,345.4952,348.0863,True,4.3076,True,2.7828,True,3.4939,True,2.7571
QQQ,C2_Panic_Latch,DCA_ADDITION,2023-07-03,2023-07-04,363.9355,363.9355,True,3.3757,True,-4.2041,True,3.6161,True,-2.7437
QQQ,C2_Panic_Latch,DCA_ADDITION,2023-08-01,2023-08-02,376.2209,367.965,True,0.6597,True,-6.2883,True,-2.0952,True,-6.0451
QQQ,C2_Panic_Latch,DCA_ADDITION,2023-09-01,2023-09-04,371.1101,371.1101,True,-4.1863,True,3.216,True,-4.9793,True,3.3062
QQQ,C2_Panic_Latch,DCA_ADDITION,2023-10-02,2023-10-03,355.5743,349.3341,True,-1.1411,True,15.9982,True,-3.3383,True,13.269
QQQ,C2_Panic_Latch,DCA_ADDITION,2023-11-01,2023-11-02,351.342,357.72,True,6.986,True,17.6057,True,9.2027,True,19.5946
QQQ,C2_Panic_Latch,DCA_ADDITION,2023-12-01,2023-12-04,383.8029,380.24,True,6.273,True,13.2874,True,5.2864,True,12.2949
QQQ,C2_Panic_Latch,DCA_ADDITION,2024-01-01,2024-01-02,404.0923,397.2542,True,5.641,True,10.2626,True,4.5492,True,8.7488
QQQ,C2_Panic_Latch,DCA_ADDITION,2024-02-01,2024-02-02,416.2885,423.3241,True,3.8693,True,0.5967,True,4.058,True,0.7422
QQQ,C2_Panic_Latch,DCA_ADDITION,2024-03-01,2024-03-04,439.704,438.1351,True,0.342,True,3.2736,True,-0.2273,True,2.9051
QQQ,C2_Panic_Latch,DCA_ADDITION,2024-04-01,2024-04-02,439.6333,435.8392,True,-3.7451,True,8.8486,True,-2.7419,True,6.6891
QQQ,C2_Panic_Latch,DCA_ADDITION,2024-05-01,2024-05-02,416.4833,421.799,True,5.7742,True,7.5189,True,8.2843,True,10.1055
QQQ,C2_Panic_Latch,DCA_ADDITION,2024-06-03,2024-06-04,447.7156,448.9407,True,7.3473,True,5.0945,True,6.5226,True,5.0682
QQQ,C2_Panic_Latch,DCA_ADDITION,2024-07-01,2024-07-02,476.9184,481.9259,True,-6.0475,True,-0.1906,True,-3.7392,True,0.3733
QQQ,C2_Panic_Latch,DCA_ADDITION,2024-08-01,2024-08-02,454.8894,444.0927,True,6.1326,True,10.5328,True,2.3931,True,7.2558
QQQ,C2_Panic_Latch,DCA_ADDITION,2024-09-02,2024-09-03,471.327,457.0171,True,4.3603,True,10.4406,True,2.6216,True,6.5156
QQQ,C2_Panic_Latch,DCA_ADDITION,2024-10-01,2024-10-02,476.9444,477.6183,True,2.9941,True,10.1389,True,3.925,True,10.2945
QQQ,C2_Panic_Latch,DCA_ADDITION,2024-11-01,2024-11-04,483.0491,481.6418,True,6.0246,True,5.973,True,4.5771,True,8.8329
QQQ,C2_Panic_Latch,DCA_ADDITION,2024-12-02,2024-12-03,510.6586,512.2245,True,-0.9317,True,-0.5267,True,0.2235,True,1.0515
QQQ,C2_Panic_Latch,DCA_ADDITION,2025-01-01,2025-01-02,507.4521,506.4595,True,2.5126,True,-5.4665,True,1.8778,True,-5.1107
QQQ,C2_Panic_Latch,DCA_ADDITION,2025-02-03,2025-02-04,514.2813,520.5942,True,-5.5141,True,-9.1961,True,-4.0648,True,-8.6846
QQQ,C2_Panic_Latch,DCA_ADDITION,2025-03-03,2025-03-04,493.3769,491.888,True,-4.4688,True,5.3369,True,-5.5187,True,2.6053
QQQ,C2_Panic_Latch,DCA_ADDITION,2025-04-01,2025-04-02,469.9066,473.3362,True,-0.1428,True,13.7809,True,0.5987,True,14.3191
QQQ,C2_Panic_Latch,DCA_ADDITION,2025-05-01,2025-05-02,478.8335,485.9412,True,6.1944,True,15.9925,True,7.941,True,17.4316
QQQ,C2_Panic_Latch,DCA_ADDITION,2025-06-02,2025-06-03,520.1181,524.1838,True,3.8506,True,8.7148,True,5.5522,True,9.1265
QQQ,C2_Panic_Latch,DCA_ADDITION,2025-07-01,2025-07-02,544.3682,548.1599,True,3.1264,True,8.3499,True,3.7057,True,9.4889
QQQ,C2_Panic_Latch,DCA_ADDITION,2025-08-01,2025-08-04,551.2252,561.3961,True,1.1168,True,11.4728,True,2.9826,True,11.5432
QQQ,C2_Panic_Latch,DCA_ADDITION,2025-09-01,2025-09-02,567.666,562.9089,True,6.2668,True,7.7748,True,5.0884,True,6.217
QQQ,C2_Panic_Latch,DCA_ADDITION,2025-10-01,2025-10-02,601.0545,603.5255,True,3.3546,True,3.1374,True,5.3908,True,3.5614
QQQ,C2_Panic_Latch,DCA_ADDITION,2025-11-03,2025-11-04,629.7796,616.9963,True,0.4441,True,2.0498,True,-2.3589,True,-0.9198
QQQ,C2_Panic_Latch,DCA_ADDITION,2025-12-01,2025-12-02,614.9238,619.7363,True,-0.2849,True,-2.1458,True,0.7291,True,-2.428
QQQ,C2_Panic_Latch,DCA_ADDITION,2026-01-01,2026-01-02,612.8629,611.6757,True,1.4271,True,-8.1274,True,2.4613,True,-6.4782
QQQ,C2_Panic_Latch,DCA_ADDITION,2026-02-02,2026-02-03,624.665,615.0677,True,-2.4233,True,6.7896,True,-2.8827,True,6.2171
QQQ,C2_Panic_Latch,DCA_ADDITION,2026-03-02,2026-03-03,606.6575,600.1629,True,-3.935,True,21.5467,True,-8.0755,True,18.1478
QQQ,C2_Panic_Latch,DCA_ADDITION,2026-04-01,2026-04-02,583.6686,584.3378,True,14.1475,True,22.5969,True,13.2224,True,21.7506
QQQ,C2_Panic_Latch,DCA_ADDITION,2026-05-01,2026-05-04,673.41,672.1414,True,10.3822,True,1.4846,True,9.5172,True,1.6067
QQQ,C2_Panic_Latch,DCA_ADDITION,2026-06-01,2026-06-02,741.9247,745.3409,True,-1.1996,True,-4.645,True,-2.4052,True,-4.799
QQQ,C2_Panic_Latch,DCA_ADDITION,2026-07-01,2026-07-02,725.17,712.6,True,-4.0766,False,,True,-8.7483,False,
QQQ,C2_Panic_Latch,DCA_ADDITION,2026-08-03,2026-08-04,700.07,723.85,True,-2.2394,False,,True,2.384,False,
QQQ,C2_Panic_Latch,DCA_ADDITION,2026-09-01,2026-09-02,707.64,709.24,False,,False,,False,,False,
QQQ,C3_Reentry_Stop,TREND_BUY,2014-05-14,2014-05-15,79.9759,79.3475,True,5.6347,True,8.4155,True,5.7611,True,7.9062
QQQ,C3_Reentry_Stop,DCA_ADDITION,2014-06-02,2014-06-03,83.0627,83.0263,True,4.4035,True,9.4181,True,3.2256,True,9.2602
QQQ,C3_Reentry_Stop,DCA_ADDITION,2014-07-01,2014-07-02,86.6824,86.8284,True,1.9768,True,5.2339,True,1.7485,True,4.2922
QQQ,C3_Reentry_Stop,DCA_ADDITION,2014-08-01,2014-08-04,86.4358,87.0293,True,4.6789,True,3.7817,True,5.3977,True,4.4202
QQQ,C3_Reentry_Stop,DCA_ADDITION,2014-09-01,2014-09-02,91.1013,91.3661,True,-1.0442,True,5.0159,True,-0.8973,True,5.1604
QQQ,C3_Reentry_Stop,DCA_ADDITION,2014-10-01,2014-10-02,88.966,88.966,True,2.8906,True,7.6933,True,2.6746,True,7.6933
QQQ,C3_Reentry_Stop,DCA_ADDITION,2014-11-03,2014-11-04,93.0753,92.7641,True,3.8181,True,0.4518,True,3.058,True,2.7807
QQQ,C3_Reentry_Stop,DCA_ADDITION,2014-12-01,2014-12-02,95.9215,96.3059,True,-0.4954,True,3.587,True,0.5737,True,3.9255
QQQ,C3_Reentry_Stop,DCA_ADDITION,2015-01-01,2015-01-02,94.8459,94.5612,True,-1.7875,True,2.742,True,-1.3172,True,2.0259
QQQ,C3_Reentry_Stop,DCA_ADDITION,2015-02-02,2015-02-03,93.6793,94.5795,True,5.7401,True,7.1223,True,7.2563,True,8.3679
QQQ,C3_Reentry_Stop,DCA_ADDITION,2015-03-02,2015-03-03,100.477,100.0085,True,-2.7805,True,0.5338,True,-2.1983,True,1.2288
QQQ,C3_Reentry_Stop,DCA_ADDITION,2015-04-01,2015-04-02,96.7214,96.7858,True,2.3878,True,4.883,True,4.0933,True,5.1628
QQQ,C3_Reentry_Stop,DCA_ADDITION,2015-05-01,2015-05-04,100.4042,100.57,True,1.0894,True,1.1017,True,0.917,True,2.1142
QQQ,C3_Reentry_Stop,DCA_ADDITION,2015-06-01,2015-06-02,101.6656,101.3433,True,-2.5018,True,-10.679,True,-3.1558,True,-10.6263
QQQ,C3_Reentry_Stop,EXIT_SELL,2015-06-29,2015-06-30,98.4573,98.8079,True,3.7919,True,-2.5373,True,3.2711,True,-0.7057
QQQ,C3_Reentry_Stop,REENTRY_BUY,2015-07-15,2015-07-16,101.8625,103.3022,True,-1.4294,True,-5.0313,True,0.1268,True,-4.0705
QQQ,C3_Reentry_Stop,DCA_ADDITION,2015-08-03,2015-08-04,102.9884,102.7946,True,-9.2827,True,1.7642,True,-6.5323,True,1.3661
QQQ,C3_Reentry_Stop,DCA_ADDITION,2015-09-01,2015-09-02,93.2525,95.8825,True,-1.8214,True,10.1325,True,-1.3241,True,13.1395
QQQ,C3_Reentry_Stop,DCA_ADDITION,2015-10-01,2015-10-02,94.5617,96.2176,True,8.9607,True,8.5798,True,11.3676,True,10.4811
QQQ,C3_Reentry_Stop,DCA_ADDITION,2015-11-02,2015-11-03,106.0234,106.3934,True,0.1305,True,-10.0382,True,-0.5148,True,-10.5294
QQQ,C3_Reentry_Stop,DCA_ADDITION,2015-12-01,2015-12-02,106.5322,105.8754,True,-0.7287,True,-10.1239,True,-0.4437,True,-11.5229
QQQ,C3_Reentry_Stop,DCA_ADDITION,2016-01-01,2016-01-04,103.7955,101.6056,True,-4.6484,True,-1.8925,True,-6.9104,True,-3.8279
QQQ,C3_Reentry_Stop,EXIT_SELL,2016-01-04,2016-01-05,101.6056,101.4293,True,-6.5502,True,-0.1438,True,-4.6484,True,-1.8925
QQQ,C3_Reentry_Stop,REENTRY_BUY,2016-03-11,2016-03-14,98.8127,98.9797,True,2.1113,True,3.8602,True,2.6606,True,3.659
QQQ,C3_Reentry_Stop,DCA_ADDITION,2016-04-01,2016-04-04,102.7074,102.3165,True,-2.9289,True,-6.7744,True,-4.2044,True,-5.2485
QQQ,C3_Reentry_Stop,DCA_ADDITION,2016-05-02,2016-05-03,99.3198,98.3985,True,4.3601,True,7.9098,True,3.1953,True,6.7867
QQQ,C3_Reentry_Stop,EXIT_SELL,2016-05-17,2016-05-18,98.1658,98.5194,True,1.757,True,10.4578,True,2.4175,True,11.1409
QQQ,C3_Reentry_Stop,REENTRY_BUY,2016-05-26,2016-05-27,101.9629,102.4933,True,-5.0506,True,6.7578,True,-0.4566,True,7.3406
QQQ,C3_Reentry_Stop,DCA_ADDITION,2016-06-01,2016-06-02,102.6981,102.9121,True,-2.4901,True,5.7339,True,-3.4045,True,6.1269
QQQ,C3_Reentry_Stop,DCA_ADDITION,2016-07-01,2016-07-04,100.8534,100.8534,True,7.1799,True,8.8397,True,6.6155,True,9.758
QQQ,C3_Reentry_Stop,DCA_ADDITION,2016-08-01,2016-08-02,108.0946,107.2734,True,1.3918,True,3.9393,True,0.9496,True,3.4785
QQQ,C3_Reentry_Stop,DCA_ADDITION,2016-09-01,2016-09-02,108.9343,109.289,True,1.6201,True,1.6885,True,1.1952,True,1.6933
QQQ,C3_Reentry_Stop,DCA_ADDITION,2016-10-03,2016-10-04,110.9005,110.7321,True,-1.9093,True,2.3716,True,-1.3159,True,1.6916
QQQ,C3_Reentry_Stop,DCA_ADDITION,2016-11-01,2016-11-02,108.6179,107.7479,True,2.0143,True,9.2212,True,2.4373,True,7.2666
QQQ,C3_Reentry_Stop,DCA_ADDITION,2016-12-01,2016-12-02,108.0192,108.2344,True,2.7056,True,12.9172,True,3.9786,True,12.925
QQQ,C3_Reentry_Stop,DCA_ADDITION,2017-01-02,2017-01-03,111.1628,112.1573,True,4.2078,True,10.3512,True,5.3511,True,10.6618
QQQ,C3_Reentry_Stop,DCA_ADDITION,2017-02-01,2017-02-02,117.6836,117.5803,True,4.3569,True,8.548,True,4.7916,True,7.8057
QQQ,C3_Reentry_Stop,DCA_ADDITION,2017-03-01,2017-03-02,123.3224,122.7031,True,1.5029,True,8.0159,True,0.8255,True,6.5663
QQQ,C3_Reentry_Stop,DCA_ADDITION,2017-04-03,2017-04-04,124.3874,124.5849,True,3.713,True,4.4495,True,3.7037,True,6.548
QQQ,C3_Reentry_Stop,DCA_ADDITION,2017-05-01,2017-05-02,128.9944,129.2107,True,2.8451,True,5.3579,True,2.93,True,5.8049
QQQ,C3_Reentry_Stop,DCA_ADDITION,2017-06-01,2017-06-02,133.3569,134.88,True,-3.7955,True,-0.769,True,-2.7321,True,0.5764
QQQ,C3_Reentry_Stop,DCA_ADDITION,2017-07-03,2017-07-04,128.3936,128.3936,True,5.4115,True,5.3553,True,5.1692,True,5.083
QQQ,C3_Reentry_Stop,DCA_ADDITION,2017-08-01,2017-08-02,135.3417,135.7094,True,0.4863,True,2.6417,True,-0.4109,True,3.3115
QQQ,C3_Reentry_Stop,DCA_ADDITION,2017-09-01,2017-09-04,137.642,137.642,True,-0.0694,True,7.2136,True,-0.1586,True,7.2617
QQQ,C3_Reentry_Stop,DCA_ADDITION,2017-10-02,2017-10-03,137.5465,137.8394,True,4.2909,True,7.5107,True,4.1214,True,8.3247
QQQ,C3_Reentry_Stop,DCA_ADDITION,2017-11-01,2017-11-02,143.7067,143.4327,True,2.2001,True,11.1271,True,1.1572,True,10.9547
QQQ,C3_Reentry_Stop,DCA_ADDITION,2017-12-01,2017-12-04,145.9648,144.283,True,2.2106,True,11.8174,True,1.0329,True,9.0826
QQQ,C3_Reentry_Stop,DCA_ADDITION,2018-01-01,2018-01-02,147.4725,150.0572,True,6.4421,True,0.5351,True,9.2065,True,5.7182
QQQ,C3_Reentry_Stop,DCA_ADDITION,2018-02-01,2018-02-02,159.0234,155.8516,True,0.8383,True,-1.3712,True,-2.0719,True,-3.3979
QQQ,C3_Reentry_Stop,DCA_ADDITION,2018-03-01,2018-03-02,155.7285,157.1582,True,-3.3738,True,2.413,True,-2.4867,True,3.2497
QQQ,C3_Reentry_Stop,DCA_ADDITION,2018-04-02,2018-04-03,147.4747,149.1342,True,3.5101,True,9.6517,True,3.4917,True,10.4345
QQQ,C3_Reentry_Stop,DCA_ADDITION,2018-05-01,2018-05-02,154.369,153.4586,True,5.1662,True,13.2192,True,3.8027,True,11.0001
QQQ,C3_Reentry_Stop,DCA_ADDITION,2018-06-01,2018-06-04,163.8144,165.2938,True,-0.6484,True,5.9865,True,-0.4183,True,5.8646
QQQ,C3_Reentry_Stop,DCA_ADDITION,2018-07-02,2018-07-03,164.222,162.3213,True,3.3079,True,8.0043,True,1.3368,True,6.6093
QQQ,C3_Reentry_Stop,DCA_ADDITION,2018-08-01,2018-08-02,168.3276,170.618,True,3.8322,True,-4.5464,True,5.4313,True,-6.4829
QQQ,C3_Reentry_Stop,DCA_ADDITION,2018-09-03,2018-09-04,177.3845,176.6242,True,0.126,True,-11.8999,True,-0.0777,True,-12.5727
QQQ,C3_Reentry_Stop,DCA_ADDITION,2018-10-01,2018-10-02,177.2467,176.8468,True,-10.6756,True,-22.5246,True,-12.3221,True,-22.6994
QQQ,C3_Reentry_Stop,DCA_ADDITION,2018-11-01,2018-11-02,163.813,161.2615,True,-0.0059,True,-2.2184,True,-2.2725,True,-4.878
QQQ,C3_Reentry_Stop,EXIT_SELL,2018-11-14,2018-11-15,157.2818,160.0333,True,-1.7788,True,0.3696,True,-0.0908,True,3.5157
QQQ,C3_Reentry_Stop,PANIC_BUY,2019-01-02,2019-01-03,147.8784,143.0471,True,12.2413,True,19.2327,True,6.9731,True,15.0722
QQQ,C3_Reentry_Stop,EXIT_SELL,2019-01-03,2019-01-04,143.0471,149.1673,True,7.1817,True,15.2064,True,12.2413,True,19.2327
QQQ,C3_Reentry_Stop,REENTRY_BUY,2019-01-17,2019-01-18,156.2328,157.7795,True,4.0484,True,12.6585,True,4.6385,True,13.2841
QQQ,C3_Reentry_Stop,DCA_ADDITION,2019-02-01,2019-02-04,159.8801,161.866,True,2.8845,True,12.8813,True,4.1445,True,14.0621
QQQ,C3_Reentry_Stop,DCA_ADDITION,2019-03-01,2019-03-04,166.5063,166.535,True,4.5587,True,2.3301,True,3.2095,True,2.3478
QQQ,C3_Reentry_Stop,EXIT_SELL,2019-03-07,2019-03-08,163.6802,163.4319,True,8.0774,True,1.8091,True,7.3583,True,3.3026
QQQ,C3_Reentry_Stop,REENTRY_BUY,2019-03-11,2019-03-12,166.831,167.7476,True,5.1942,True,-0.2628,True,6.1449,True,-2.4612
QQQ,C3_Reentry_Stop,DCA_ADDITION,2019-04-01,2019-04-02,174.1268,174.7868,True,3.7268,True,1.4277,True,4.933,True,3.5904
QQQ,C3_Reentry_Stop,DCA_ADDITION,2019-05-01,2019-05-02,180.7173,179.933,True,-6.0284,True,2.9862,True,-6.8279,True,3.5206
QQQ,C3_Reentry_Stop,DCA_ADDITION,2019-06-03,2019-06-04,162.725,167.3068,True,8.8732,True,5.6759,True,11.4968,True,8.8812
QQQ,C3_Reentry_Stop,DCA_ADDITION,2019-07-01,2019-07-02,181.4332,182.1523,True,1.9841,True,-0.8741,True,2.8321,True,0.8582
QQQ,C3_Reentry_Stop,DCA_ADDITION,2019-08-01,2019-08-02,182.2864,179.6023,True,0.064,True,4.6355,True,-1.1727,True,2.2779
QQQ,C3_Reentry_Stop,DCA_ADDITION,2019-09-02,2019-09-03,179.7173,177.9725,True,1.076,True,10.435,True,0.9179,True,9.1544
QQQ,C3_Reentry_Stop,DCA_ADDITION,2019-10-01,2019-10-02,179.8876,176.7945,True,7.0307,True,15.3922,True,4.6831,True,13.4081
QQQ,C3_Reentry_Stop,DCA_ADDITION,2019-11-01,2019-11-04,191.0303,192.2118,True,1.4493,True,9.2318,True,3.1327,True,12.2255
QQQ,C3_Reentry_Stop,DCA_ADDITION,2019-12-02,2019-12-03,194.9975,193.4701,True,5.7897,True,7.163,True,4.7636,True,9.2956
QQQ,C3_Reentry_Stop,DCA_ADDITION,2020-01-01,2020-01-02,204.6714,208.0888,True,2.9793,True,-11.034,True,4.3272,True,-14.0734
QQQ,C3_Reentry_Stop,DCA_ADDITION,2020-02-03,2020-02-04,214.0766,218.9766,True,-7.9088,True,-6.8226,True,-2.6801,True,-2.8603
QQQ,C3_Reentry_Stop,DCA_ADDITION,2020-03-02,2020-03-03,208.3392,201.6583,True,-8.9146,True,9.5704,True,-11.076,True,6.3439
QQQ,C3_Reentry_Stop,EXIT_SELL,2020-03-27,2020-03-30,178.7613,185.2635,True,12.2474,True,28.7071,True,15.402,True,31.8079
QQQ,C3_Reentry_Stop,REENTRY_BUY,2020-06-02,2020-06-03,227.3153,228.3379,True,6.0145,True,23.5657,True,5.2627,True,21.5283
QQQ,C3_Reentry_Stop,DCA_ADDITION,2020-07-01,2020-07-02,242.0712,243.714,True,3.5449,True,5.2342,True,3.7047,True,5.4573
QQQ,C3_Reentry_Stop,EXIT_SELL,2020-08-03,2020-08-04,260.3262,261.2927,True,10.9254,True,4.5417,True,9.4662,True,4.1169
QQQ,C3_Reentry_Stop,REENTRY_BUY,2020-08-17,2020-08-18,266.0665,268.6276,True,0.3921,True,1.9606,True,-0.0581,True,4.8199
QQQ,C3_Reentry_Stop,DCA_ADDITION,2020-09-01,2020-09-02,289.8398,292.5843,True,-8.2309,True,-2.1403,True,-7.9921,True,-1.8171
QQQ,C3_Reentry_Stop,EXIT_SELL,2020-09-04,2020-09-07,274.049,274.049,True,-1.206,True,5.6562,True,-3.2689,True,5.4411
QQQ,C3_Reentry_Stop,REENTRY_BUY,2020-10-05,2020-10-06,270.7439,265.912,True,-0.1853,True,13.9436,True,-3.6336,True,11.81
QQQ,C3_Reentry_Stop,DCA_ADDITION,2020-11-02,2020-11-03,260.9061,265.4191,True,10.4897,True,19.8564,True,10.9786,True,21.7515
QQQ,C3_Reentry_Stop,DCA_ADDITION,2020-12-01,2020-12-02,293.2608,293.6378,True,3.1882,True,6.8677,True,3.3175,True,6.1302
QQQ,C3_Reentry_Stop,DCA_ADDITION,2021-01-01,2021-01-04,303.7448,299.456,True,4.2385,True,2.2628,True,0.2614,True,0.8476
QQQ,C3_Reentry_Stop,DCA_ADDITION,2021-02-01,2021-02-02,312.1484,317.2407,True,-2.832,True,3.9367,True,0.3629,True,6.0919
QQQ,C3_Reentry_Stop,DCA_ADDITION,2021-03-01,2021-03-02,313.2811,308.2565,True,-1.1568,True,4.7081,True,-2.2501,True,2.8864
QQQ,C3_Reentry_Stop,DCA_ADDITION,2021-04-01,2021-04-02,314.6267,314.6267,True,4.1347,True,7.7935,True,4.8218,True,7.9262
QQQ,C3_Reentry_Stop,DCA_ADDITION,2021-05-03,2021-05-04,325.8908,320.0261,True,0.8118,True,10.5145,True,-0.6722,True,9.7348
QQQ,C3_Reentry_Stop,DCA_ADDITION,2021-06-01,2021-06-02,322.624,323.2542,True,6.4087,True,12.5243,True,6.7849,True,12.6147
QQQ,C3_Reentry_Stop,DCA_ADDITION,2021-07-01,2021-07-02,344.1064,348.0562,True,1.6535,True,4.2114,True,3.359,True,5.3088
QQQ,C3_Reentry_Stop,DCA_ADDITION,2021-08-02,2021-08-03,353.8404,355.9851,True,3.5823,True,3.4706,True,4.2951,True,3.771
QQQ,C3_Reentry_Stop,DCA_ADDITION,2021-09-01,2021-09-02,369.3488,369.1742,True,-5.7947,True,4.9427,True,-5.492,True,4.8931
QQQ,C3_Reentry_Stop,DCA_ADDITION,2021-10-01,2021-10-04,349.9384,342.5934,True,9.8718,True,14.5696,True,7.1992,True,10.3412
QQQ,C3_Reentry_Stop,DCA_ADDITION,2021-11-01,2021-11-02,376.4135,377.9875,True,1.226,True,-11.1809,True,3.1644,True,-8.6929
QQQ,C3_Reentry_Stop,DCA_ADDITION,2021-12-01,2021-12-02,376.1123,378.823,True,2.8087,True,-12.5632,True,3.86,True,-14.7962
QQQ,C3_Reentry_Stop,DCA_ADDITION,2022-01-03,2022-01-04,390.7568,385.6885,True,-7.8064,True,-6.2605,True,-9.6171,True,-9.0417
QQQ,C3_Reentry_Stop,DCA_ADDITION,2022-02-01,2022-02-02,355.5801,358.4693,True,-5.7722,True,-13.9321,True,-6.5742,True,-13.1287
QQQ,C3_Reentry_Stop,EXIT_SELL,2022-02-03,2022-02-04,343.9357,348.2744,True,-5.7848,True,-12.3943,True,-3.1934,True,-7.1092
QQQ,C3_Reentry_Stop,REENTRY_BUY,2022-03-22,2022-03-23,347.6822,342.6856,True,-3.0185,True,-19.6203,True,-2.9975,True,-22.7056
QQQ,C3_Reentry_Stop,DCA_ADDITION,2022-04-01,2022-04-04,352.4451,359.7015,True,-13.7611,True,-20.6574,True,-13.431,True,-18.4258
QQQ,C3_Reentry_Stop,DCA_ADDITION,2022-05-02,2022-05-03,310.2024,310.5336,True,-3.306,True,-7.4914,True,-2.9453,True,-5.5366
QQQ,C3_Reentry_Stop,DCA_ADDITION,2022-06-01,2022-06-02,298.0467,306.2089,True,-10.6754,True,2.1682,True,-7.0766,True,3.1423
QQQ,C3_Reentry_Stop,EXIT_SELL,2022-06-10,2022-06-13,281.3328,268.2518,True,5.1507,True,7.3808,True,2.4504,True,2.3879
QQQ,C3_Reentry_Stop,PANIC_BUY,2022-06-24,2022-06-27,287.5043,285.3965,True,2.674,True,-0.2999,True,2.505,True,-1.7956
QQQ,C3_Reentry_Stop,DCA_ADDITION,2022-07-01,2022-07-04,275.3254,275.3254,True,11.7463,True,-2.5758,True,11.8137,True,-2.1709
QQQ,C3_Reentry_Stop,DCA_ADDITION,2022-08-01,2022-08-02,307.666,306.7487,True,-4.2344,True,-9.4198,True,-3.4447,True,-11.5201
QQQ,C3_Reentry_Stop,EXIT_SELL,2022-08-22,2022-08-23,306.778,306.5243,True,-7.9119,True,-7.7014,True,-7.2487,True,-9.0365
QQQ,C3_Reentry_Stop,REENTRY_BUY,2022-08-23,2022-08-24,306.5243,307.4123,True,-9.8221,True,-9.2242,True,-7.9119,True,-7.7014
QQQ,C3_Reentry_Stop,DCA_ADDITION,2022-09-01,2022-09-02,292.1788,288.0508,True,-9.2929,True,-2.6203,True,-9.0319,True,-3.3604
QQQ,C3_Reentry_Stop,EXIT_SELL,2022-09-02,2022-09-05,288.0508,288.0508,True,-7.1648,True,-4.0492,True,-9.2929,True,-2.6203
QQQ,C3_Reentry_Stop,PANIC_BUY,2022-10-05,2022-10-06,275.6735,273.5032,True,-6.8881,True,-4.5332,True,-5.7805,True,-7.5386
QQQ,C3_Reentry_Stop,EXIT_SELL,2022-10-07,2022-10-10,263.0816,260.4517,True,0.4429,True,0.1905,True,-1.6425,True,-0.8111
QQQ,C3_Reentry_Stop,PANIC_BUY,2022-10-21,2022-10-24,269.2602,272.2225,True,1.2354,True,1.1466,True,3.413,True,2.2593
QQQ,C3_Reentry_Stop,DCA_ADDITION,2022-11-01,2022-11-02,268.9571,259.7381,True,10.4185,True,8.5587,True,1.9847,True,5.0708
QQQ,C3_Reentry_Stop,EXIT_SELL,2022-11-02,2022-11-03,259.7381,254.6641,True,12.7567,True,12.8804,True,10.4185,True,8.5587
QQQ,C3_Reentry_Stop,PANIC_BUY,2022-11-10,2022-11-11,276.4262,281.5197,True,-2.0558,True,6.5818,True,0.3891,True,10.5097
QQQ,C3_Reentry_Stop,DCA_ADDITION,2022-12-01,2022-12-02,287.1509,286.0072,True,-8.7618,True,-0.0005,True,-9.0706,True,1.2974
QQQ,C3_Reentry_Stop,EXIT_SELL,2022-12-06,2022-12-07,275.3802,274.256,True,-5.0454,True,4.052,True,-5.8814,True,4.467
QQQ,C3_Reentry_Stop,REENTRY_BUY,2022-12-12,2022-12-13,279.1929,282.1943,True,-5.2544,True,2.9099,True,-5.0397,True,5.3079
QQQ,C3_Reentry_Stop,EXIT_SELL,2022-12-19,2022-12-20,264.3484,264.1426,True,4.452,True,10.325,True,4.1594,True,7.7627
QQQ,C3_Reentry_Stop,REENTRY_BUY,2023-01-13,2023-01-16,275.3437,275.3437,True,8.3746,True,13.3082,True,6.6662,True,13.3724
QQQ,C3_Reentry_Stop,DCA_ADDITION,2023-02-01,2023-02-02,294.8942,305.4779,True,-5.8097,True,2.9276,True,-3.2301,True,3.7993
QQQ,C3_Reentry_Stop,DCA_ADDITION,2023-03-01,2023-03-02,285.3688,287.7306,True,7.6832,True,15.8836,True,7.5564,True,14.0671
QQQ,C3_Reentry_Stop,EXIT_SELL,2023-03-09,2023-03-10,286.7996,282.7719,True,10.3942,True,23.0979,True,8.8438,True,20.4657
QQQ,C3_Reentry_Stop,REENTRY_BUY,2023-03-16,2023-03-17,300.6662,299.2452,True,4.4876,True,16.2722,True,4.1896,True,15.282
QQQ,C3_Reentry_Stop,DCA_ADDITION,2023-04-03,2023-04-04,314.2248,313.1648,True,0.0972,True,14.1847,True,0.6372,True,11.8759
QQQ,C3_Reentry_Stop,DCA_ADDITION,2023-05-01,2023-05-02,316.2271,313.4691,True,9.5811,True,18.7612,True,8.1349,True,16.9329
QQQ,C3_Reentry_Stop,DCA_ADDITION,2023-06-01,2023-06-02,345.4952,348.0863,True,4.3076,True,2.7828,True,3.4939,True,2.7571
QQQ,C3_Reentry_Stop,DCA_ADDITION,2023-07-03,2023-07-04,363.9355,363.9355,True,3.3757,True,-4.2041,True,3.6161,True,-2.7437
QQQ,C3_Reentry_Stop,DCA_ADDITION,2023-08-01,2023-08-02,376.2209,367.965,True,0.6597,True,-6.2883,True,-2.0952,True,-6.0451
QQQ,C3_Reentry_Stop,DCA_ADDITION,2023-09-01,2023-09-04,371.1101,371.1101,True,-4.1863,True,3.216,True,-4.9793,True,3.3062
QQQ,C3_Reentry_Stop,DCA_ADDITION,2023-10-02,2023-10-03,355.5743,349.3341,True,-1.1411,True,15.9982,True,-3.3383,True,13.269
QQQ,C3_Reentry_Stop,DCA_ADDITION,2023-11-01,2023-11-02,351.342,357.72,True,6.986,True,17.6057,True,9.2027,True,19.5946
QQQ,C3_Reentry_Stop,DCA_ADDITION,2023-12-01,2023-12-04,383.8029,380.24,True,6.273,True,13.2874,True,5.2864,True,12.2949
QQQ,C3_Reentry_Stop,DCA_ADDITION,2024-01-01,2024-01-02,404.0923,397.2542,True,5.641,True,10.2626,True,4.5492,True,8.7488
QQQ,C3_Reentry_Stop,DCA_ADDITION,2024-02-01,2024-02-02,416.2885,423.3241,True,3.8693,True,0.5967,True,4.058,True,0.7422
QQQ,C3_Reentry_Stop,DCA_ADDITION,2024-03-01,2024-03-04,439.704,438.1351,True,0.342,True,3.2736,True,-0.2273,True,2.9051
QQQ,C3_Reentry_Stop,DCA_ADDITION,2024-04-01,2024-04-02,439.6333,435.8392,True,-3.7451,True,8.8486,True,-2.7419,True,6.6891
QQQ,C3_Reentry_Stop,DCA_ADDITION,2024-05-01,2024-05-02,416.4833,421.799,True,5.7742,True,7.5189,True,8.2843,True,10.1055
QQQ,C3_Reentry_Stop,DCA_ADDITION,2024-06-03,2024-06-04,447.7156,448.9407,True,7.3473,True,5.0945,True,6.5226,True,5.0682
QQQ,C3_Reentry_Stop,DCA_ADDITION,2024-07-01,2024-07-02,476.9184,481.9259,True,-6.0475,True,-0.1906,True,-3.7392,True,0.3733
QQQ,C3_Reentry_Stop,DCA_ADDITION,2024-08-01,2024-08-02,454.8894,444.0927,True,6.1326,True,10.5328,True,2.3931,True,7.2558
QQQ,C3_Reentry_Stop,DCA_ADDITION,2024-09-02,2024-09-03,471.327,457.0171,True,4.3603,True,10.4406,True,2.6216,True,6.5156
QQQ,C3_Reentry_Stop,DCA_ADDITION,2024-10-01,2024-10-02,476.9444,477.6183,True,2.9941,True,10.1389,True,3.925,True,10.2945
QQQ,C3_Reentry_Stop,DCA_ADDITION,2024-11-01,2024-11-04,483.0491,481.6418,True,6.0246,True,5.973,True,4.5771,True,8.8329
QQQ,C3_Reentry_Stop,DCA_ADDITION,2024-12-02,2024-12-03,510.6586,512.2245,True,-0.9317,True,-0.5267,True,0.2235,True,1.0515
QQQ,C3_Reentry_Stop,DCA_ADDITION,2025-01-01,2025-01-02,507.4521,506.4595,True,2.5126,True,-5.4665,True,1.8778,True,-5.1107
QQQ,C3_Reentry_Stop,DCA_ADDITION,2025-02-03,2025-02-04,514.2813,520.5942,True,-5.5141,True,-9.1961,True,-4.0648,True,-8.6846
QQQ,C3_Reentry_Stop,DCA_ADDITION,2025-03-03,2025-03-04,493.3769,491.888,True,-4.4688,True,5.3369,True,-5.5187,True,2.6053
QQQ,C3_Reentry_Stop,DCA_ADDITION,2025-04-01,2025-04-02,469.9066,473.3362,True,-0.1428,True,13.7809,True,0.5987,True,14.3191
QQQ,C3_Reentry_Stop,DCA_ADDITION,2025-05-01,2025-05-02,478.8335,485.9412,True,6.1944,True,15.9925,True,7.941,True,17.4316
QQQ,C3_Reentry_Stop,DCA_ADDITION,2025-06-02,2025-06-03,520.1181,524.1838,True,3.8506,True,8.7148,True,5.5522,True,9.1265
QQQ,C3_Reentry_Stop,DCA_ADDITION,2025-07-01,2025-07-02,544.3682,548.1599,True,3.1264,True,8.3499,True,3.7057,True,9.4889
QQQ,C3_Reentry_Stop,DCA_ADDITION,2025-08-01,2025-08-04,551.2252,561.3961,True,1.1168,True,11.4728,True,2.9826,True,11.5432
QQQ,C3_Reentry_Stop,DCA_ADDITION,2025-09-01,2025-09-02,567.666,562.9089,True,6.2668,True,7.7748,True,5.0884,True,6.217
QQQ,C3_Reentry_Stop,DCA_ADDITION,2025-10-01,2025-10-02,601.0545,603.5255,True,3.3546,True,3.1374,True,5.3908,True,3.5614
QQQ,C3_Reentry_Stop,DCA_ADDITION,2025-11-03,2025-11-04,629.7796,616.9963,True,0.4441,True,2.0498,True,-2.3589,True,-0.9198
QQQ,C3_Reentry_Stop,DCA_ADDITION,2025-12-01,2025-12-02,614.9238,619.7363,True,-0.2849,True,-2.1458,True,0.7291,True,-2.428
QQQ,C3_Reentry_Stop,DCA_ADDITION,2026-01-01,2026-01-02,612.8629,611.6757,True,1.4271,True,-8.1274,True,2.4613,True,-6.4782
QQQ,C3_Reentry_Stop,DCA_ADDITION,2026-02-02,2026-02-03,624.665,615.0677,True,-2.4233,True,6.7896,True,-2.8827,True,6.2171
QQQ,C3_Reentry_Stop,DCA_ADDITION,2026-03-02,2026-03-03,606.6575,600.1629,True,-3.935,True,21.5467,True,-8.0755,True,18.1478
QQQ,C3_Reentry_Stop,DCA_ADDITION,2026-04-01,2026-04-02,583.6686,584.3378,True,14.1475,True,22.5969,True,13.2224,True,21.7506
QQQ,C3_Reentry_Stop,DCA_ADDITION,2026-05-01,2026-05-04,673.41,672.1414,True,10.3822,True,1.4846,True,9.5172,True,1.6067
QQQ,C3_Reentry_Stop,DCA_ADDITION,2026-06-01,2026-06-02,741.9247,745.3409,True,-1.1996,True,-4.645,True,-2.4052,True,-4.799
QQQ,C3_Reentry_Stop,DCA_ADDITION,2026-07-01,2026-07-02,725.17,712.6,True,-4.0766,False,,True,-8.7483,False,
QQQ,C3_Reentry_Stop,DCA_ADDITION,2026-08-03,2026-08-04,700.07,723.85,True,-2.2394,False,,True,2.384,False,
QQQ,C3_Reentry_Stop,DCA_ADDITION,2026-09-01,2026-09-02,707.64,709.24,False,,False,,False,,False,
QQQ,C4_A_plus_B,TREND_BUY,2014-05-14,2014-05-15,79.9759,79.3475,True,5.6347,True,8.4155,True,5.7611,True,7.9062
QQQ,C4_A_plus_B,DCA_ADDITION,2014-06-02,2014-06-03,83.0627,83.0263,True,4.4035,True,9.4181,True,3.2256,True,9.2602
QQQ,C4_A_plus_B,DCA_ADDITION,2014-07-01,2014-07-02,86.6824,86.8284,True,1.9768,True,5.2339,True,1.7485,True,4.2922
QQQ,C4_A_plus_B,DCA_ADDITION,2014-08-01,2014-08-04,86.4358,87.0293,True,4.6789,True,3.7817,True,5.3977,True,4.4202
QQQ,C4_A_plus_B,DCA_ADDITION,2014-09-01,2014-09-02,91.1013,91.3661,True,-1.0442,True,5.0159,True,-0.8973,True,5.1604
QQQ,C4_A_plus_B,DCA_ADDITION,2014-10-01,2014-10-02,88.966,88.966,True,2.8906,True,7.6933,True,2.6746,True,7.6933
QQQ,C4_A_plus_B,DCA_ADDITION,2014-11-03,2014-11-04,93.0753,92.7641,True,3.8181,True,0.4518,True,3.058,True,2.7807
QQQ,C4_A_plus_B,DCA_ADDITION,2014-12-01,2014-12-02,95.9215,96.3059,True,-0.4954,True,3.587,True,0.5737,True,3.9255
QQQ,C4_A_plus_B,DCA_ADDITION,2015-01-01,2015-01-02,94.8459,94.5612,True,-1.7875,True,2.742,True,-1.3172,True,2.0259
QQQ,C4_A_plus_B,DCA_ADDITION,2015-02-02,2015-02-03,93.6793,94.5795,True,5.7401,True,7.1223,True,7.2563,True,8.3679
QQQ,C4_A_plus_B,DCA_ADDITION,2015-03-02,2015-03-03,100.477,100.0085,True,-2.7805,True,0.5338,True,-2.1983,True,1.2288
QQQ,C4_A_plus_B,DCA_ADDITION,2015-04-01,2015-04-02,96.7214,96.7858,True,2.3878,True,4.883,True,4.0933,True,5.1628
QQQ,C4_A_plus_B,DCA_ADDITION,2015-05-01,2015-05-04,100.4042,100.57,True,1.0894,True,1.1017,True,0.917,True,2.1142
QQQ,C4_A_plus_B,DCA_ADDITION,2015-06-01,2015-06-02,101.6656,101.3433,True,-2.5018,True,-10.679,True,-3.1558,True,-10.6263
QQQ,C4_A_plus_B,EXIT_SELL,2015-06-29,2015-06-30,98.4573,98.8079,True,3.7919,True,-2.5373,True,3.2711,True,-0.7057
QQQ,C4_A_plus_B,PANIC_BUY,2015-07-13,2015-07-14,101.0873,101.7517,True,-0.1088,True,-4.5388,True,1.8532,True,-3.4538
QQQ,C4_A_plus_B,DCA_ADDITION,2015-08-03,2015-08-04,102.9884,102.7946,True,-9.2827,True,1.7642,True,-6.5323,True,1.3661
QQQ,C4_A_plus_B,DCA_ADDITION,2015-09-01,2015-09-02,93.2525,95.8825,True,-1.8214,True,10.1325,True,-1.3241,True,13.1395
QQQ,C4_A_plus_B,DCA_ADDITION,2015-10-01,2015-10-02,94.5617,96.2176,True,8.9607,True,8.5798,True,11.3676,True,10.4811
QQQ,C4_A_plus_B,DCA_ADDITION,2015-11-02,2015-11-03,106.0234,106.3934,True,0.1305,True,-10.0382,True,-0.5148,True,-10.5294
QQQ,C4_A_plus_B,DCA_ADDITION,2015-12-01,2015-12-02,106.5322,105.8754,True,-0.7287,True,-10.1239,True,-0.4437,True,-11.5229
QQQ,C4_A_plus_B,DCA_ADDITION,2016-01-01,2016-01-04,103.7955,101.6056,True,-4.6484,True,-1.8925,True,-6.9104,True,-3.8279
QQQ,C4_A_plus_B,EXIT_SELL,2016-01-04,2016-01-05,101.6056,101.4293,True,-6.5502,True,-0.1438,True,-4.6484,True,-1.8925
QQQ,C4_A_plus_B,PANIC_BUY,2016-01-29,2016-02-01,96.6228,96.8826,True,-1.8293,True,4.6866,True,-0.6723,True,4.9681
QQQ,C4_A_plus_B,EXIT_SELL,2016-02-05,2016-02-08,91.0461,89.6542,True,8.6938,True,10.7809,True,7.6946,True,8.0652
QQQ,C4_A_plus_B,PANIC_BUY,2016-02-17,2016-02-18,95.1103,94.0247,True,6.1087,True,4.8101,True,4.9561,True,4.0736
QQQ,C4_A_plus_B,DCA_ADDITION,2016-03-01,2016-03-02,98.1631,98.2002,True,3.642,True,3.5283,True,3.1788,True,2.828
QQQ,C4_A_plus_B,DCA_ADDITION,2016-04-01,2016-04-04,102.7074,102.3165,True,-2.9289,True,-6.7744,True,-4.2044,True,-5.2485
QQQ,C4_A_plus_B,DCA_ADDITION,2016-05-02,2016-05-03,99.3198,98.3985,True,4.3601,True,7.9098,True,3.1953,True,6.7867
QQQ,C4_A_plus_B,EXIT_SELL,2016-05-17,2016-05-18,98.1658,98.5194,True,1.757,True,10.4578,True,2.4175,True,11.1409
QQQ,C4_A_plus_B,TREND_BUY,2016-05-26,2016-05-27,101.9629,102.4933,True,-5.0506,True,6.7578,True,-0.4566,True,7.3406
QQQ,C4_A_plus_B,DCA_ADDITION,2016-06-01,2016-06-02,102.6981,102.9121,True,-2.4901,True,5.7339,True,-3.4045,True,6.1269
QQQ,C4_A_plus_B,DCA_ADDITION,2016-07-01,2016-07-04,100.8534,100.8534,True,7.1799,True,8.8397,True,6.6155,True,9.758
QQQ,C4_A_plus_B,DCA_ADDITION,2016-08-01,2016-08-02,108.0946,107.2734,True,1.3918,True,3.9393,True,0.9496,True,3.4785
QQQ,C4_A_plus_B,DCA_ADDITION,2016-09-01,2016-09-02,108.9343,109.289,True,1.6201,True,1.6885,True,1.1952,True,1.6933
QQQ,C4_A_plus_B,DCA_ADDITION,2016-10-03,2016-10-04,110.9005,110.7321,True,-1.9093,True,2.3716,True,-1.3159,True,1.6916
QQQ,C4_A_plus_B,DCA_ADDITION,2016-11-01,2016-11-02,108.6179,107.7479,True,2.0143,True,9.2212,True,2.4373,True,7.2666
QQQ,C4_A_plus_B,DCA_ADDITION,2016-12-01,2016-12-02,108.0192,108.2344,True,2.7056,True,12.9172,True,3.9786,True,12.925
QQQ,C4_A_plus_B,DCA_ADDITION,2017-01-02,2017-01-03,111.1628,112.1573,True,4.2078,True,10.3512,True,5.3511,True,10.6618
QQQ,C4_A_plus_B,DCA_ADDITION,2017-02-01,2017-02-02,117.6836,117.5803,True,4.3569,True,8.548,True,4.7916,True,7.8057
QQQ,C4_A_plus_B,DCA_ADDITION,2017-03-01,2017-03-02,123.3224,122.7031,True,1.5029,True,8.0159,True,0.8255,True,6.5663
QQQ,C4_A_plus_B,DCA_ADDITION,2017-04-03,2017-04-04,124.3874,124.5849,True,3.713,True,4.4495,True,3.7037,True,6.548
QQQ,C4_A_plus_B,DCA_ADDITION,2017-05-01,2017-05-02,128.9944,129.2107,True,2.8451,True,5.3579,True,2.93,True,5.8049
QQQ,C4_A_plus_B,DCA_ADDITION,2017-06-01,2017-06-02,133.3569,134.88,True,-3.7955,True,-0.769,True,-2.7321,True,0.5764
QQQ,C4_A_plus_B,DCA_ADDITION,2017-07-03,2017-07-04,128.3936,128.3936,True,5.4115,True,5.3553,True,5.1692,True,5.083
QQQ,C4_A_plus_B,DCA_ADDITION,2017-08-01,2017-08-02,135.3417,135.7094,True,0.4863,True,2.6417,True,-0.4109,True,3.3115
QQQ,C4_A_plus_B,DCA_ADDITION,2017-09-01,2017-09-04,137.642,137.642,True,-0.0694,True,7.2136,True,-0.1586,True,7.2617
QQQ,C4_A_plus_B,DCA_ADDITION,2017-10-02,2017-10-03,137.5465,137.8394,True,4.2909,True,7.5107,True,4.1214,True,8.3247
QQQ,C4_A_plus_B,DCA_ADDITION,2017-11-01,2017-11-02,143.7067,143.4327,True,2.2001,True,11.1271,True,1.1572,True,10.9547
QQQ,C4_A_plus_B,DCA_ADDITION,2017-12-01,2017-12-04,145.9648,144.283,True,2.2106,True,11.8174,True,1.0329,True,9.0826
QQQ,C4_A_plus_B,DCA_ADDITION,2018-01-01,2018-01-02,147.4725,150.0572,True,6.4421,True,0.5351,True,9.2065,True,5.7182
QQQ,C4_A_plus_B,DCA_ADDITION,2018-02-01,2018-02-02,159.0234,155.8516,True,0.8383,True,-1.3712,True,-2.0719,True,-3.3979
QQQ,C4_A_plus_B,DCA_ADDITION,2018-03-01,2018-03-02,155.7285,157.1582,True,-3.3738,True,2.413,True,-2.4867,True,3.2497
QQQ,C4_A_plus_B,DCA_ADDITION,2018-04-02,2018-04-03,147.4747,149.1342,True,3.5101,True,9.6517,True,3.4917,True,10.4345
QQQ,C4_A_plus_B,DCA_ADDITION,2018-05-01,2018-05-02,154.369,153.4586,True,5.1662,True,13.2192,True,3.8027,True,11.0001
QQQ,C4_A_plus_B,DCA_ADDITION,2018-06-01,2018-06-04,163.8144,165.2938,True,-0.6484,True,5.9865,True,-0.4183,True,5.8646
QQQ,C4_A_plus_B,DCA_ADDITION,2018-07-02,2018-07-03,164.222,162.3213,True,3.3079,True,8.0043,True,1.3368,True,6.6093
QQQ,C4_A_plus_B,DCA_ADDITION,2018-08-01,2018-08-02,168.3276,170.618,True,3.8322,True,-4.5464,True,5.4313,True,-6.4829
QQQ,C4_A_plus_B,DCA_ADDITION,2018-09-03,2018-09-04,177.3845,176.6242,True,0.126,True,-11.8999,True,-0.0777,True,-12.5727
QQQ,C4_A_plus_B,DCA_ADDITION,2018-10-01,2018-10-02,177.2467,176.8468,True,-10.6756,True,-22.5246,True,-12.3221,True,-22.6994
QQQ,C4_A_plus_B,DCA_ADDITION,2018-11-01,2018-11-02,163.813,161.2615,True,-0.0059,True,-2.2184,True,-2.2725,True,-4.878
QQQ,C4_A_plus_B,EXIT_SELL,2018-11-14,2018-11-15,157.2818,160.0333,True,-1.7788,True,0.3696,True,-0.0908,True,3.5157
QQQ,C4_A_plus_B,PANIC_BUY,2018-11-28,2018-11-29,160.614,160.0904,True,-8.7196,True,2.3557,True,-9.368,True,2.3964
QQQ,C4_A_plus_B,DCA_ADDITION,2018-12-03,2018-12-04,164.0701,157.7769,True,-6.649,True,5.1152,True,-10.2296,True,0.9786
QQQ,C4_A_plus_B,DCA_ADDITION,2019-01-01,2019-01-02,147.2863,147.8784,True,6.9731,True,15.0722,True,4.7388,True,16.2815
QQQ,C4_A_plus_B,EXIT_SELL,2019-01-03,2019-01-04,143.0471,149.1673,True,7.1817,True,15.2064,True,12.2413,True,19.2327
QQQ,C4_A_plus_B,TREND_BUY,2019-01-17,2019-01-18,156.2328,157.7795,True,4.0484,True,12.6585,True,4.6385,True,13.2841
QQQ,C4_A_plus_B,DCA_ADDITION,2019-02-01,2019-02-04,159.8801,161.866,True,2.8845,True,12.8813,True,4.1445,True,14.0621
QQQ,C4_A_plus_B,DCA_ADDITION,2019-03-01,2019-03-04,166.5063,166.535,True,4.5587,True,2.3301,True,3.2095,True,2.3478
QQQ,C4_A_plus_B,EXIT_SELL,2019-03-07,2019-03-08,163.6802,163.4319,True,8.0774,True,1.8091,True,7.3583,True,3.3026
QQQ,C4_A_plus_B,TREND_BUY,2019-03-08,2019-03-11,163.4319,166.831,True,6.1449,True,-2.4612,True,8.0774,True,1.8091
QQQ,C4_A_plus_B,DCA_ADDITION,2019-04-01,2019-04-02,174.1268,174.7868,True,3.7268,True,1.4277,True,4.933,True,3.5904
QQQ,C4_A_plus_B,DCA_ADDITION,2019-05-01,2019-05-02,180.7173,179.933,True,-6.0284,True,2.9862,True,-6.8279,True,3.5206
QQQ,C4_A_plus_B,DCA_ADDITION,2019-06-03,2019-06-04,162.725,167.3068,True,8.8732,True,5.6759,True,11.4968,True,8.8812
QQQ,C4_A_plus_B,DCA_ADDITION,2019-07-01,2019-07-02,181.4332,182.1523,True,1.9841,True,-0.8741,True,2.8321,True,0.8582
QQQ,C4_A_plus_B,DCA_ADDITION,2019-08-01,2019-08-02,182.2864,179.6023,True,0.064,True,4.6355,True,-1.1727,True,2.2779
QQQ,C4_A_plus_B,DCA_ADDITION,2019-09-02,2019-09-03,179.7173,177.9725,True,1.076,True,10.435,True,0.9179,True,9.1544
QQQ,C4_A_plus_B,DCA_ADDITION,2019-10-01,2019-10-02,179.8876,176.7945,True,7.0307,True,15.3922,True,4.6831,True,13.4081
QQQ,C4_A_plus_B,DCA_ADDITION,2019-11-01,2019-11-04,191.0303,192.2118,True,1.4493,True,9.2318,True,3.1327,True,12.2255
QQQ,C4_A_plus_B,DCA_ADDITION,2019-12-02,2019-12-03,194.9975,193.4701,True,5.7897,True,7.163,True,4.7636,True,9.2956
QQQ,C4_A_plus_B,DCA_ADDITION,2020-01-01,2020-01-02,204.6714,208.0888,True,2.9793,True,-11.034,True,4.3272,True,-14.0734
QQQ,C4_A_plus_B,DCA_ADDITION,2020-02-03,2020-02-04,214.0766,218.9766,True,-7.9088,True,-6.8226,True,-2.6801,True,-2.8603
QQQ,C4_A_plus_B,DCA_ADDITION,2020-03-02,2020-03-03,208.3392,201.6583,True,-8.9146,True,9.5704,True,-11.076,True,6.3439
QQQ,C4_A_plus_B,EXIT_SELL,2020-03-27,2020-03-30,178.7613,185.2635,True,12.2474,True,28.7071,True,15.402,True,31.8079
QQQ,C4_A_plus_B,PANIC_BUY,2020-04-13,2020-04-14,195.8656,204.3841,True,4.8428,True,21.3331,True,11.7421,True,27.4882
QQQ,C4_A_plus_B,DCA_ADDITION,2020-05-01,2020-05-04,205.233,207.6255,True,8.7538,True,21.0725,True,9.6926,True,20.3368
QQQ,C4_A_plus_B,DCA_ADDITION,2020-06-01,2020-06-02,225.8007,227.3153,True,5.2627,True,21.5283,True,3.9316,True,21.389
QQQ,C4_A_plus_B,DCA_ADDITION,2020-07-01,2020-07-02,242.0712,243.714,True,3.5449,True,5.2342,True,3.7047,True,5.4573
QQQ,C4_A_plus_B,EXIT_SELL,2020-08-03,2020-08-04,260.3262,261.2927,True,10.9254,True,4.5417,True,9.4662,True,4.1169
QQQ,C4_A_plus_B,TREND_BUY,2020-08-04,2020-08-05,261.2927,261.9402,True,11.6989,True,0.2177,True,10.9254,True,4.5417
QQQ,C4_A_plus_B,DCA_ADDITION,2020-09-01,2020-09-02,289.8398,292.5843,True,-8.2309,True,-2.1403,True,-7.9921,True,-1.8171
QQQ,C4_A_plus_B,EXIT_SELL,2020-09-04,2020-09-07,274.049,274.049,True,-1.206,True,5.6562,True,-3.2689,True,5.4411
QQQ,C4_A_plus_B,TREND_BUY,2020-09-07,2020-09-08,274.049,260.8771,True,1.93,True,12.4134,True,-1.206,True,5.6562
QQQ,C4_A_plus_B,DCA_ADDITION,2020-10-01,2020-10-02,272.7636,265.0905,True,-1.7972,True,13.055,True,-2.0761,True,9.8747
QQQ,C4_A_plus_B,DCA_ADDITION,2020-11-02,2020-11-03,260.9061,265.4191,True,10.4897,True,19.8564,True,10.9786,True,21.7515
QQQ,C4_A_plus_B,DCA_ADDITION,2020-12-01,2020-12-02,293.2608,293.6378,True,3.1882,True,6.8677,True,3.3175,True,6.1302
QQQ,C4_A_plus_B,DCA_ADDITION,2021-01-01,2021-01-04,303.7448,299.456,True,4.2385,True,2.2628,True,0.2614,True,0.8476
QQQ,C4_A_plus_B,DCA_ADDITION,2021-02-01,2021-02-02,312.1484,317.2407,True,-2.832,True,3.9367,True,0.3629,True,6.0919
QQQ,C4_A_plus_B,DCA_ADDITION,2021-03-01,2021-03-02,313.2811,308.2565,True,-1.1568,True,4.7081,True,-2.2501,True,2.8864
QQQ,C4_A_plus_B,DCA_ADDITION,2021-04-01,2021-04-02,314.6267,314.6267,True,4.1347,True,7.7935,True,4.8218,True,7.9262
QQQ,C4_A_plus_B,DCA_ADDITION,2021-05-03,2021-05-04,325.8908,320.0261,True,0.8118,True,10.5145,True,-0.6722,True,9.7348
QQQ,C4_A_plus_B,DCA_ADDITION,2021-06-01,2021-06-02,322.624,323.2542,True,6.4087,True,12.5243,True,6.7849,True,12.6147
QQQ,C4_A_plus_B,DCA_ADDITION,2021-07-01,2021-07-02,344.1064,348.0562,True,1.6535,True,4.2114,True,3.359,True,5.3088
QQQ,C4_A_plus_B,DCA_ADDITION,2021-08-02,2021-08-03,353.8404,355.9851,True,3.5823,True,3.4706,True,4.2951,True,3.771
QQQ,C4_A_plus_B,DCA_ADDITION,2021-09-01,2021-09-02,369.3488,369.1742,True,-5.7947,True,4.9427,True,-5.492,True,4.8931
QQQ,C4_A_plus_B,DCA_ADDITION,2021-10-01,2021-10-04,349.9384,342.5934,True,9.8718,True,14.5696,True,7.1992,True,10.3412
QQQ,C4_A_plus_B,DCA_ADDITION,2021-11-01,2021-11-02,376.4135,377.9875,True,1.226,True,-11.1809,True,3.1644,True,-8.6929
QQQ,C4_A_plus_B,DCA_ADDITION,2021-12-01,2021-12-02,376.1123,378.823,True,2.8087,True,-12.5632,True,3.86,True,-14.7962
QQQ,C4_A_plus_B,DCA_ADDITION,2022-01-03,2022-01-04,390.7568,385.6885,True,-7.8064,True,-6.2605,True,-9.6171,True,-9.0417
QQQ,C4_A_plus_B,DCA_ADDITION,2022-02-01,2022-02-02,355.5801,358.4693,True,-5.7722,True,-13.9321,True,-6.5742,True,-13.1287
QQQ,C4_A_plus_B,EXIT_SELL,2022-02-03,2022-02-04,343.9357,348.2744,True,-5.7848,True,-12.3943,True,-3.1934,True,-7.1092
QQQ,C4_A_plus_B,PANIC_BUY,2022-03-17,2022-03-18,335.0733,341.9317,True,-3.5966,True,-17.7225,True,-1.6234,True,-12.9688
QQQ,C4_A_plus_B,DCA_ADDITION,2022-04-01,2022-04-04,352.4451,359.7015,True,-13.7611,True,-20.6574,True,-13.431,True,-18.4258
QQQ,C4_A_plus_B,DCA_ADDITION,2022-05-02,2022-05-03,310.2024,310.5336,True,-3.306,True,-7.4914,True,-2.9453,True,-5.5366
QQQ,C4_A_plus_B,DCA_ADDITION,2022-06-01,2022-06-02,298.0467,306.2089,True,-10.6754,True,2.1682,True,-7.0766,True,3.1423
QQQ,C4_A_plus_B,EXIT_SELL,2022-06-10,2022-06-13,281.3328,268.2518,True,5.1507,True,7.3808,True,2.4504,True,2.3879
QQQ,C4_A_plus_B,PANIC_BUY,2022-06-24,2022-06-27,287.5043,285.3965,True,2.674,True,-0.2999,True,2.505,True,-1.7956
QQQ,C4_A_plus_B,DCA_ADDITION,2022-07-01,2022-07-04,275.3254,275.3254,True,11.7463,True,-2.5758,True,11.8137,True,-2.1709
QQQ,C4_A_plus_B,DCA_ADDITION,2022-08-01,2022-08-02,307.666,306.7487,True,-4.2344,True,-9.4198,True,-3.4447,True,-11.5201
QQQ,C4_A_plus_B,EXIT_SELL,2022-08-22,2022-08-23,306.778,306.5243,True,-7.9119,True,-7.7014,True,-7.2487,True,-9.0365
QQQ,C4_A_plus_B,TREND_BUY,2022-08-23,2022-08-24,306.5243,307.4123,True,-9.8221,True,-9.2242,True,-7.9119,True,-7.7014
QQQ,C4_A_plus_B,DCA_ADDITION,2022-09-01,2022-09-02,292.1788,288.0508,True,-9.2929,True,-2.6203,True,-9.0319,True,-3.3604
QQQ,C4_A_plus_B,EXIT_SELL,2022-09-13,2022-09-14,286.6164,288.8901,True,-11.113,True,-5.0656,True,-10.3772,True,-3.9203
QQQ,C4_A_plus_B,PANIC_BUY,2022-10-05,2022-10-06,275.6735,273.5032,True,-6.8881,True,-4.5332,True,-5.7805,True,-7.5386
QQQ,C4_A_plus_B,EXIT_SELL,2022-10-07,2022-10-10,263.0816,260.4517,True,0.4429,True,0.1905,True,-1.6425,True,-0.8111
QQQ,C4_A_plus_B,PANIC_BUY,2022-10-21,2022-10-24,269.2602,272.2225,True,1.2354,True,1.1466,True,3.413,True,2.2593
QQQ,C4_A_plus_B,DCA_ADDITION,2022-11-01,2022-11-02,268.9571,259.7381,True,10.4185,True,8.5587,True,1.9847,True,5.0708
QQQ,C4_A_plus_B,EXIT_SELL,2022-11-02,2022-11-03,259.7381,254.6641,True,12.7567,True,12.8804,True,10.4185,True,8.5587
QQQ,C4_A_plus_B,PANIC_BUY,2022-11-10,2022-11-11,276.4262,281.5197,True,-2.0558,True,6.5818,True,0.3891,True,10.5097
QQQ,C4_A_plus_B,DCA_ADDITION,2022-12-01,2022-12-02,287.1509,286.0072,True,-8.7618,True,-0.0005,True,-9.0706,True,1.2974
QQQ,C4_A_plus_B,EXIT_SELL,2022-12-06,2022-12-07,275.3802,274.256,True,-5.0454,True,4.052,True,-5.8814,True,4.467
QQQ,C4_A_plus_B,TREND_BUY,2022-12-07,2022-12-08,274.256,277.5017,True,-7.6251,True,3.6861,True,-5.0454,True,4.052
QQQ,C4_A_plus_B,DCA_ADDITION,2023-01-02,2023-01-03,260.9478,259.184,True,11.3959,True,16.302,True,9.0093,True,16.1326
QQQ,C4_A_plus_B,EXIT_SELL,2023-01-03,2023-01-04,259.184,260.4186,True,13.2385,True,17.8612,True,11.3959,True,16.302
QQQ,C4_A_plus_B,PANIC_BUY,2023-01-06,2023-01-09,263.4174,265.1226,True,12.2163,True,18.5206,True,13.9062,True,19.5784
QQQ,C4_A_plus_B,DCA_ADDITION,2023-02-01,2023-02-02,294.8942,305.4779,True,-5.8097,True,2.9276,True,-3.2301,True,3.7993
QQQ,C4_A_plus_B,DCA_ADDITION,2023-03-01,2023-03-02,285.3688,287.7306,True,7.6832,True,15.8836,True,7.5564,True,14.0671
QQQ,C4_A_plus_B,EXIT_SELL,2023-03-09,2023-03-10,286.7996,282.7719,True,10.3942,True,23.0979,True,8.8438,True,20.4657
QQQ,C4_A_plus_B,TREND_BUY,2023-03-16,2023-03-17,300.6662,299.2452,True,4.4876,True,16.2722,True,4.1896,True,15.282
QQQ,C4_A_plus_B,DCA_ADDITION,2023-04-03,2023-04-04,314.2248,313.1648,True,0.0972,True,14.1847,True,0.6372,True,11.8759
QQQ,C4_A_plus_B,DCA_ADDITION,2023-05-01,2023-05-02,316.2271,313.4691,True,9.5811,True,18.7612,True,8.1349,True,16.9329
QQQ,C4_A_plus_B,DCA_ADDITION,2023-06-01,2023-06-02,345.4952,348.0863,True,4.3076,True,2.7828,True,3.4939,True,2.7571
QQQ,C4_A_plus_B,DCA_ADDITION,2023-07-03,2023-07-04,363.9355,363.9355,True,3.3757,True,-4.2041,True,3.6161,True,-2.7437
QQQ,C4_A_plus_B,DCA_ADDITION,2023-08-01,2023-08-02,376.2209,367.965,True,0.6597,True,-6.2883,True,-2.0952,True,-6.0451
QQQ,C4_A_plus_B,DCA_ADDITION,2023-09-01,2023-09-04,371.1101,371.1101,True,-4.1863,True,3.216,True,-4.9793,True,3.3062
QQQ,C4_A_plus_B,DCA_ADDITION,2023-10-02,2023-10-03,355.5743,349.3341,True,-1.1411,True,15.9982,True,-3.3383,True,13.269
QQQ,C4_A_plus_B,DCA_ADDITION,2023-11-01,2023-11-02,351.342,357.72,True,6.986,True,17.6057,True,9.2027,True,19.5946
QQQ,C4_A_plus_B,DCA_ADDITION,2023-12-01,2023-12-04,383.8029,380.24,True,6.273,True,13.2874,True,5.2864,True,12.2949
QQQ,C4_A_plus_B,DCA_ADDITION,2024-01-01,2024-01-02,404.0923,397.2542,True,5.641,True,10.2626,True,4.5492,True,8.7488
QQQ,C4_A_plus_B,DCA_ADDITION,2024-02-01,2024-02-02,416.2885,423.3241,True,3.8693,True,0.5967,True,4.058,True,0.7422
QQQ,C4_A_plus_B,DCA_ADDITION,2024-03-01,2024-03-04,439.704,438.1351,True,0.342,True,3.2736,True,-0.2273,True,2.9051
QQQ,C4_A_plus_B,DCA_ADDITION,2024-04-01,2024-04-02,439.6333,435.8392,True,-3.7451,True,8.8486,True,-2.7419,True,6.6891
QQQ,C4_A_plus_B,DCA_ADDITION,2024-05-01,2024-05-02,416.4833,421.799,True,5.7742,True,7.5189,True,8.2843,True,10.1055
QQQ,C4_A_plus_B,DCA_ADDITION,2024-06-03,2024-06-04,447.7156,448.9407,True,7.3473,True,5.0945,True,6.5226,True,5.0682
QQQ,C4_A_plus_B,DCA_ADDITION,2024-07-01,2024-07-02,476.9184,481.9259,True,-6.0475,True,-0.1906,True,-3.7392,True,0.3733
QQQ,C4_A_plus_B,DCA_ADDITION,2024-08-01,2024-08-02,454.8894,444.0927,True,6.1326,True,10.5328,True,2.3931,True,7.2558
QQQ,C4_A_plus_B,DCA_ADDITION,2024-09-02,2024-09-03,471.327,457.0171,True,4.3603,True,10.4406,True,2.6216,True,6.5156
QQQ,C4_A_plus_B,DCA_ADDITION,2024-10-01,2024-10-02,476.9444,477.6183,True,2.9941,True,10.1389,True,3.925,True,10.2945
QQQ,C4_A_plus_B,DCA_ADDITION,2024-11-01,2024-11-04,483.0491,481.6418,True,6.0246,True,5.973,True,4.5771,True,8.8329
QQQ,C4_A_plus_B,DCA_ADDITION,2024-12-02,2024-12-03,510.6586,512.2245,True,-0.9317,True,-0.5267,True,0.2235,True,1.0515
QQQ,C4_A_plus_B,DCA_ADDITION,2025-01-01,2025-01-02,507.4521,506.4595,True,2.5126,True,-5.4665,True,1.8778,True,-5.1107
QQQ,C4_A_plus_B,DCA_ADDITION,2025-02-03,2025-02-04,514.2813,520.5942,True,-5.5141,True,-9.1961,True,-4.0648,True,-8.6846
QQQ,C4_A_plus_B,DCA_ADDITION,2025-03-03,2025-03-04,493.3769,491.888,True,-4.4688,True,5.3369,True,-5.5187,True,2.6053
QQQ,C4_A_plus_B,DCA_ADDITION,2025-04-01,2025-04-02,469.9066,473.3362,True,-0.1428,True,13.7809,True,0.5987,True,14.3191
QQQ,C4_A_plus_B,DCA_ADDITION,2025-05-01,2025-05-02,478.8335,485.9412,True,6.1944,True,15.9925,True,7.941,True,17.4316
QQQ,C4_A_plus_B,DCA_ADDITION,2025-06-02,2025-06-03,520.1181,524.1838,True,3.8506,True,8.7148,True,5.5522,True,9.1265
QQQ,C4_A_plus_B,DCA_ADDITION,2025-07-01,2025-07-02,544.3682,548.1599,True,3.1264,True,8.3499,True,3.7057,True,9.4889
QQQ,C4_A_plus_B,DCA_ADDITION,2025-08-01,2025-08-04,551.2252,561.3961,True,1.1168,True,11.4728,True,2.9826,True,11.5432
QQQ,C4_A_plus_B,DCA_ADDITION,2025-09-01,2025-09-02,567.666,562.9089,True,6.2668,True,7.7748,True,5.0884,True,6.217
QQQ,C4_A_plus_B,DCA_ADDITION,2025-10-01,2025-10-02,601.0545,603.5255,True,3.3546,True,3.1374,True,5.3908,True,3.5614
QQQ,C4_A_plus_B,DCA_ADDITION,2025-11-03,2025-11-04,629.7796,616.9963,True,0.4441,True,2.0498,True,-2.3589,True,-0.9198
QQQ,C4_A_plus_B,DCA_ADDITION,2025-12-01,2025-12-02,614.9238,619.7363,True,-0.2849,True,-2.1458,True,0.7291,True,-2.428
QQQ,C4_A_plus_B,DCA_ADDITION,2026-01-01,2026-01-02,612.8629,611.6757,True,1.4271,True,-8.1274,True,2.4613,True,-6.4782
QQQ,C4_A_plus_B,DCA_ADDITION,2026-02-02,2026-02-03,624.665,615.0677,True,-2.4233,True,6.7896,True,-2.8827,True,6.2171
QQQ,C4_A_plus_B,DCA_ADDITION,2026-03-02,2026-03-03,606.6575,600.1629,True,-3.935,True,21.5467,True,-8.0755,True,18.1478
QQQ,C4_A_plus_B,DCA_ADDITION,2026-04-01,2026-04-02,583.6686,584.3378,True,14.1475,True,22.5969,True,13.2224,True,21.7506
QQQ,C4_A_plus_B,DCA_ADDITION,2026-05-01,2026-05-04,673.41,672.1414,True,10.3822,True,1.4846,True,9.5172,True,1.6067
QQQ,C4_A_plus_B,DCA_ADDITION,2026-06-01,2026-06-02,741.9247,745.3409,True,-1.1996,True,-4.645,True,-2.4052,True,-4.799
QQQ,C4_A_plus_B,DCA_ADDITION,2026-07-01,2026-07-02,725.17,712.6,True,-4.0766,False,,True,-8.7483,False,
QQQ,C4_A_plus_B,DCA_ADDITION,2026-08-03,2026-08-04,700.07,723.85,True,-2.2394,False,,True,2.384,False,
QQQ,C4_A_plus_B,DCA_ADDITION,2026-09-01,2026-09-02,707.64,709.24,False,,False,,False,,False,
QQQ,C5_A_plus_C,TREND_BUY,2014-05-14,2014-05-15,79.9759,79.3475,True,5.6347,True,8.4155,True,5.7611,True,7.9062
QQQ,C5_A_plus_C,DCA_ADDITION,2014-06-02,2014-06-03,83.0627,83.0263,True,4.4035,True,9.4181,True,3.2256,True,9.2602
QQQ,C5_A_plus_C,DCA_ADDITION,2014-07-01,2014-07-02,86.6824,86.8284,True,1.9768,True,5.2339,True,1.7485,True,4.2922
QQQ,C5_A_plus_C,DCA_ADDITION,2014-08-01,2014-08-04,86.4358,87.0293,True,4.6789,True,3.7817,True,5.3977,True,4.4202
QQQ,C5_A_plus_C,DCA_ADDITION,2014-09-01,2014-09-02,91.1013,91.3661,True,-1.0442,True,5.0159,True,-0.8973,True,5.1604
QQQ,C5_A_plus_C,DCA_ADDITION,2014-10-01,2014-10-02,88.966,88.966,True,2.8906,True,7.6933,True,2.6746,True,7.6933
QQQ,C5_A_plus_C,DCA_ADDITION,2014-11-03,2014-11-04,93.0753,92.7641,True,3.8181,True,0.4518,True,3.058,True,2.7807
QQQ,C5_A_plus_C,DCA_ADDITION,2014-12-01,2014-12-02,95.9215,96.3059,True,-0.4954,True,3.587,True,0.5737,True,3.9255
QQQ,C5_A_plus_C,DCA_ADDITION,2015-01-01,2015-01-02,94.8459,94.5612,True,-1.7875,True,2.742,True,-1.3172,True,2.0259
QQQ,C5_A_plus_C,DCA_ADDITION,2015-02-02,2015-02-03,93.6793,94.5795,True,5.7401,True,7.1223,True,7.2563,True,8.3679
QQQ,C5_A_plus_C,DCA_ADDITION,2015-03-02,2015-03-03,100.477,100.0085,True,-2.7805,True,0.5338,True,-2.1983,True,1.2288
QQQ,C5_A_plus_C,DCA_ADDITION,2015-04-01,2015-04-02,96.7214,96.7858,True,2.3878,True,4.883,True,4.0933,True,5.1628
QQQ,C5_A_plus_C,DCA_ADDITION,2015-05-01,2015-05-04,100.4042,100.57,True,1.0894,True,1.1017,True,0.917,True,2.1142
QQQ,C5_A_plus_C,DCA_ADDITION,2015-06-01,2015-06-02,101.6656,101.3433,True,-2.5018,True,-10.679,True,-3.1558,True,-10.6263
QQQ,C5_A_plus_C,EXIT_SELL,2015-06-29,2015-06-30,98.4573,98.8079,True,3.7919,True,-2.5373,True,3.2711,True,-0.7057
QQQ,C5_A_plus_C,REENTRY_BUY,2015-07-15,2015-07-16,101.8625,103.3022,True,-1.4294,True,-5.0313,True,0.1268,True,-4.0705
QQQ,C5_A_plus_C,DCA_ADDITION,2015-08-03,2015-08-04,102.9884,102.7946,True,-9.2827,True,1.7642,True,-6.5323,True,1.3661
QQQ,C5_A_plus_C,DCA_ADDITION,2015-09-01,2015-09-02,93.2525,95.8825,True,-1.8214,True,10.1325,True,-1.3241,True,13.1395
QQQ,C5_A_plus_C,DCA_ADDITION,2015-10-01,2015-10-02,94.5617,96.2176,True,8.9607,True,8.5798,True,11.3676,True,10.4811
QQQ,C5_A_plus_C,DCA_ADDITION,2015-11-02,2015-11-03,106.0234,106.3934,True,0.1305,True,-10.0382,True,-0.5148,True,-10.5294
QQQ,C5_A_plus_C,DCA_ADDITION,2015-12-01,2015-12-02,106.5322,105.8754,True,-0.7287,True,-10.1239,True,-0.4437,True,-11.5229
QQQ,C5_A_plus_C,DCA_ADDITION,2016-01-01,2016-01-04,103.7955,101.6056,True,-4.6484,True,-1.8925,True,-6.9104,True,-3.8279
QQQ,C5_A_plus_C,EXIT_SELL,2016-01-04,2016-01-05,101.6056,101.4293,True,-6.5502,True,-0.1438,True,-4.6484,True,-1.8925
QQQ,C5_A_plus_C,REENTRY_BUY,2016-03-11,2016-03-14,98.8127,98.9797,True,2.1113,True,3.8602,True,2.6606,True,3.659
QQQ,C5_A_plus_C,DCA_ADDITION,2016-04-01,2016-04-04,102.7074,102.3165,True,-2.9289,True,-6.7744,True,-4.2044,True,-5.2485
QQQ,C5_A_plus_C,DCA_ADDITION,2016-05-02,2016-05-03,99.3198,98.3985,True,4.3601,True,7.9098,True,3.1953,True,6.7867
QQQ,C5_A_plus_C,EXIT_SELL,2016-05-17,2016-05-18,98.1658,98.5194,True,1.757,True,10.4578,True,2.4175,True,11.1409
QQQ,C5_A_plus_C,REENTRY_BUY,2016-05-26,2016-05-27,101.9629,102.4933,True,-5.0506,True,6.7578,True,-0.4566,True,7.3406
QQQ,C5_A_plus_C,DCA_ADDITION,2016-06-01,2016-06-02,102.6981,102.9121,True,-2.4901,True,5.7339,True,-3.4045,True,6.1269
QQQ,C5_A_plus_C,DCA_ADDITION,2016-07-01,2016-07-04,100.8534,100.8534,True,7.1799,True,8.8397,True,6.6155,True,9.758
QQQ,C5_A_plus_C,DCA_ADDITION,2016-08-01,2016-08-02,108.0946,107.2734,True,1.3918,True,3.9393,True,0.9496,True,3.4785
QQQ,C5_A_plus_C,DCA_ADDITION,2016-09-01,2016-09-02,108.9343,109.289,True,1.6201,True,1.6885,True,1.1952,True,1.6933
QQQ,C5_A_plus_C,DCA_ADDITION,2016-10-03,2016-10-04,110.9005,110.7321,True,-1.9093,True,2.3716,True,-1.3159,True,1.6916
QQQ,C5_A_plus_C,DCA_ADDITION,2016-11-01,2016-11-02,108.6179,107.7479,True,2.0143,True,9.2212,True,2.4373,True,7.2666
QQQ,C5_A_plus_C,DCA_ADDITION,2016-12-01,2016-12-02,108.0192,108.2344,True,2.7056,True,12.9172,True,3.9786,True,12.925
QQQ,C5_A_plus_C,DCA_ADDITION,2017-01-02,2017-01-03,111.1628,112.1573,True,4.2078,True,10.3512,True,5.3511,True,10.6618
QQQ,C5_A_plus_C,DCA_ADDITION,2017-02-01,2017-02-02,117.6836,117.5803,True,4.3569,True,8.548,True,4.7916,True,7.8057
QQQ,C5_A_plus_C,DCA_ADDITION,2017-03-01,2017-03-02,123.3224,122.7031,True,1.5029,True,8.0159,True,0.8255,True,6.5663
QQQ,C5_A_plus_C,DCA_ADDITION,2017-04-03,2017-04-04,124.3874,124.5849,True,3.713,True,4.4495,True,3.7037,True,6.548
QQQ,C5_A_plus_C,DCA_ADDITION,2017-05-01,2017-05-02,128.9944,129.2107,True,2.8451,True,5.3579,True,2.93,True,5.8049
QQQ,C5_A_plus_C,DCA_ADDITION,2017-06-01,2017-06-02,133.3569,134.88,True,-3.7955,True,-0.769,True,-2.7321,True,0.5764
QQQ,C5_A_plus_C,DCA_ADDITION,2017-07-03,2017-07-04,128.3936,128.3936,True,5.4115,True,5.3553,True,5.1692,True,5.083
QQQ,C5_A_plus_C,DCA_ADDITION,2017-08-01,2017-08-02,135.3417,135.7094,True,0.4863,True,2.6417,True,-0.4109,True,3.3115
QQQ,C5_A_plus_C,DCA_ADDITION,2017-09-01,2017-09-04,137.642,137.642,True,-0.0694,True,7.2136,True,-0.1586,True,7.2617
QQQ,C5_A_plus_C,DCA_ADDITION,2017-10-02,2017-10-03,137.5465,137.8394,True,4.2909,True,7.5107,True,4.1214,True,8.3247
QQQ,C5_A_plus_C,DCA_ADDITION,2017-11-01,2017-11-02,143.7067,143.4327,True,2.2001,True,11.1271,True,1.1572,True,10.9547
QQQ,C5_A_plus_C,DCA_ADDITION,2017-12-01,2017-12-04,145.9648,144.283,True,2.2106,True,11.8174,True,1.0329,True,9.0826
QQQ,C5_A_plus_C,DCA_ADDITION,2018-01-01,2018-01-02,147.4725,150.0572,True,6.4421,True,0.5351,True,9.2065,True,5.7182
QQQ,C5_A_plus_C,DCA_ADDITION,2018-02-01,2018-02-02,159.0234,155.8516,True,0.8383,True,-1.3712,True,-2.0719,True,-3.3979
QQQ,C5_A_plus_C,DCA_ADDITION,2018-03-01,2018-03-02,155.7285,157.1582,True,-3.3738,True,2.413,True,-2.4867,True,3.2497
QQQ,C5_A_plus_C,DCA_ADDITION,2018-04-02,2018-04-03,147.4747,149.1342,True,3.5101,True,9.6517,True,3.4917,True,10.4345
QQQ,C5_A_plus_C,DCA_ADDITION,2018-05-01,2018-05-02,154.369,153.4586,True,5.1662,True,13.2192,True,3.8027,True,11.0001
QQQ,C5_A_plus_C,DCA_ADDITION,2018-06-01,2018-06-04,163.8144,165.2938,True,-0.6484,True,5.9865,True,-0.4183,True,5.8646
QQQ,C5_A_plus_C,DCA_ADDITION,2018-07-02,2018-07-03,164.222,162.3213,True,3.3079,True,8.0043,True,1.3368,True,6.6093
QQQ,C5_A_plus_C,DCA_ADDITION,2018-08-01,2018-08-02,168.3276,170.618,True,3.8322,True,-4.5464,True,5.4313,True,-6.4829
QQQ,C5_A_plus_C,DCA_ADDITION,2018-09-03,2018-09-04,177.3845,176.6242,True,0.126,True,-11.8999,True,-0.0777,True,-12.5727
QQQ,C5_A_plus_C,DCA_ADDITION,2018-10-01,2018-10-02,177.2467,176.8468,True,-10.6756,True,-22.5246,True,-12.3221,True,-22.6994
QQQ,C5_A_plus_C,DCA_ADDITION,2018-11-01,2018-11-02,163.813,161.2615,True,-0.0059,True,-2.2184,True,-2.2725,True,-4.878
QQQ,C5_A_plus_C,EXIT_SELL,2018-11-14,2018-11-15,157.2818,160.0333,True,-1.7788,True,0.3696,True,-0.0908,True,3.5157
QQQ,C5_A_plus_C,PANIC_BUY,2019-01-02,2019-01-03,147.8784,143.0471,True,12.2413,True,19.2327,True,6.9731,True,15.0722
QQQ,C5_A_plus_C,EXIT_SELL,2019-01-03,2019-01-04,143.0471,149.1673,True,7.1817,True,15.2064,True,12.2413,True,19.2327
QQQ,C5_A_plus_C,REENTRY_BUY,2019-01-17,2019-01-18,156.2328,157.7795,True,4.0484,True,12.6585,True,4.6385,True,13.2841
QQQ,C5_A_plus_C,DCA_ADDITION,2019-02-01,2019-02-04,159.8801,161.866,True,2.8845,True,12.8813,True,4.1445,True,14.0621
QQQ,C5_A_plus_C,DCA_ADDITION,2019-03-01,2019-03-04,166.5063,166.535,True,4.5587,True,2.3301,True,3.2095,True,2.3478
QQQ,C5_A_plus_C,EXIT_SELL,2019-03-07,2019-03-08,163.6802,163.4319,True,8.0774,True,1.8091,True,7.3583,True,3.3026
QQQ,C5_A_plus_C,REENTRY_BUY,2019-03-11,2019-03-12,166.831,167.7476,True,5.1942,True,-0.2628,True,6.1449,True,-2.4612
QQQ,C5_A_plus_C,DCA_ADDITION,2019-04-01,2019-04-02,174.1268,174.7868,True,3.7268,True,1.4277,True,4.933,True,3.5904
QQQ,C5_A_plus_C,DCA_ADDITION,2019-05-01,2019-05-02,180.7173,179.933,True,-6.0284,True,2.9862,True,-6.8279,True,3.5206
QQQ,C5_A_plus_C,DCA_ADDITION,2019-06-03,2019-06-04,162.725,167.3068,True,8.8732,True,5.6759,True,11.4968,True,8.8812
QQQ,C5_A_plus_C,DCA_ADDITION,2019-07-01,2019-07-02,181.4332,182.1523,True,1.9841,True,-0.8741,True,2.8321,True,0.8582
QQQ,C5_A_plus_C,DCA_ADDITION,2019-08-01,2019-08-02,182.2864,179.6023,True,0.064,True,4.6355,True,-1.1727,True,2.2779
QQQ,C5_A_plus_C,DCA_ADDITION,2019-09-02,2019-09-03,179.7173,177.9725,True,1.076,True,10.435,True,0.9179,True,9.1544
QQQ,C5_A_plus_C,DCA_ADDITION,2019-10-01,2019-10-02,179.8876,176.7945,True,7.0307,True,15.3922,True,4.6831,True,13.4081
QQQ,C5_A_plus_C,DCA_ADDITION,2019-11-01,2019-11-04,191.0303,192.2118,True,1.4493,True,9.2318,True,3.1327,True,12.2255
QQQ,C5_A_plus_C,DCA_ADDITION,2019-12-02,2019-12-03,194.9975,193.4701,True,5.7897,True,7.163,True,4.7636,True,9.2956
QQQ,C5_A_plus_C,DCA_ADDITION,2020-01-01,2020-01-02,204.6714,208.0888,True,2.9793,True,-11.034,True,4.3272,True,-14.0734
QQQ,C5_A_plus_C,DCA_ADDITION,2020-02-03,2020-02-04,214.0766,218.9766,True,-7.9088,True,-6.8226,True,-2.6801,True,-2.8603
QQQ,C5_A_plus_C,DCA_ADDITION,2020-03-02,2020-03-03,208.3392,201.6583,True,-8.9146,True,9.5704,True,-11.076,True,6.3439
QQQ,C5_A_plus_C,EXIT_SELL,2020-03-27,2020-03-30,178.7613,185.2635,True,12.2474,True,28.7071,True,15.402,True,31.8079
QQQ,C5_A_plus_C,REENTRY_BUY,2020-06-02,2020-06-03,227.3153,228.3379,True,6.0145,True,23.5657,True,5.2627,True,21.5283
QQQ,C5_A_plus_C,DCA_ADDITION,2020-07-01,2020-07-02,242.0712,243.714,True,3.5449,True,5.2342,True,3.7047,True,5.4573
QQQ,C5_A_plus_C,EXIT_SELL,2020-08-03,2020-08-04,260.3262,261.2927,True,10.9254,True,4.5417,True,9.4662,True,4.1169
QQQ,C5_A_plus_C,REENTRY_BUY,2020-08-17,2020-08-18,266.0665,268.6276,True,0.3921,True,1.9606,True,-0.0581,True,4.8199
QQQ,C5_A_plus_C,DCA_ADDITION,2020-09-01,2020-09-02,289.8398,292.5843,True,-8.2309,True,-2.1403,True,-7.9921,True,-1.8171
QQQ,C5_A_plus_C,EXIT_SELL,2020-09-04,2020-09-07,274.049,274.049,True,-1.206,True,5.6562,True,-3.2689,True,5.4411
QQQ,C5_A_plus_C,REENTRY_BUY,2020-10-05,2020-10-06,270.7439,265.912,True,-0.1853,True,13.9436,True,-3.6336,True,11.81
QQQ,C5_A_plus_C,DCA_ADDITION,2020-11-02,2020-11-03,260.9061,265.4191,True,10.4897,True,19.8564,True,10.9786,True,21.7515
QQQ,C5_A_plus_C,DCA_ADDITION,2020-12-01,2020-12-02,293.2608,293.6378,True,3.1882,True,6.8677,True,3.3175,True,6.1302
QQQ,C5_A_plus_C,DCA_ADDITION,2021-01-01,2021-01-04,303.7448,299.456,True,4.2385,True,2.2628,True,0.2614,True,0.8476
QQQ,C5_A_plus_C,DCA_ADDITION,2021-02-01,2021-02-02,312.1484,317.2407,True,-2.832,True,3.9367,True,0.3629,True,6.0919
QQQ,C5_A_plus_C,DCA_ADDITION,2021-03-01,2021-03-02,313.2811,308.2565,True,-1.1568,True,4.7081,True,-2.2501,True,2.8864
QQQ,C5_A_plus_C,DCA_ADDITION,2021-04-01,2021-04-02,314.6267,314.6267,True,4.1347,True,7.7935,True,4.8218,True,7.9262
QQQ,C5_A_plus_C,DCA_ADDITION,2021-05-03,2021-05-04,325.8908,320.0261,True,0.8118,True,10.5145,True,-0.6722,True,9.7348
QQQ,C5_A_plus_C,DCA_ADDITION,2021-06-01,2021-06-02,322.624,323.2542,True,6.4087,True,12.5243,True,6.7849,True,12.6147
QQQ,C5_A_plus_C,DCA_ADDITION,2021-07-01,2021-07-02,344.1064,348.0562,True,1.6535,True,4.2114,True,3.359,True,5.3088
QQQ,C5_A_plus_C,DCA_ADDITION,2021-08-02,2021-08-03,353.8404,355.9851,True,3.5823,True,3.4706,True,4.2951,True,3.771
QQQ,C5_A_plus_C,DCA_ADDITION,2021-09-01,2021-09-02,369.3488,369.1742,True,-5.7947,True,4.9427,True,-5.492,True,4.8931
QQQ,C5_A_plus_C,DCA_ADDITION,2021-10-01,2021-10-04,349.9384,342.5934,True,9.8718,True,14.5696,True,7.1992,True,10.3412
QQQ,C5_A_plus_C,DCA_ADDITION,2021-11-01,2021-11-02,376.4135,377.9875,True,1.226,True,-11.1809,True,3.1644,True,-8.6929
QQQ,C5_A_plus_C,DCA_ADDITION,2021-12-01,2021-12-02,376.1123,378.823,True,2.8087,True,-12.5632,True,3.86,True,-14.7962
QQQ,C5_A_plus_C,DCA_ADDITION,2022-01-03,2022-01-04,390.7568,385.6885,True,-7.8064,True,-6.2605,True,-9.6171,True,-9.0417
QQQ,C5_A_plus_C,DCA_ADDITION,2022-02-01,2022-02-02,355.5801,358.4693,True,-5.7722,True,-13.9321,True,-6.5742,True,-13.1287
QQQ,C5_A_plus_C,EXIT_SELL,2022-02-03,2022-02-04,343.9357,348.2744,True,-5.7848,True,-12.3943,True,-3.1934,True,-7.1092
QQQ,C5_A_plus_C,REENTRY_BUY,2022-03-22,2022-03-23,347.6822,342.6856,True,-3.0185,True,-19.6203,True,-2.9975,True,-22.7056
QQQ,C5_A_plus_C,DCA_ADDITION,2022-04-01,2022-04-04,352.4451,359.7015,True,-13.7611,True,-20.6574,True,-13.431,True,-18.4258
QQQ,C5_A_plus_C,DCA_ADDITION,2022-05-02,2022-05-03,310.2024,310.5336,True,-3.306,True,-7.4914,True,-2.9453,True,-5.5366
QQQ,C5_A_plus_C,DCA_ADDITION,2022-06-01,2022-06-02,298.0467,306.2089,True,-10.6754,True,2.1682,True,-7.0766,True,3.1423
QQQ,C5_A_plus_C,EXIT_SELL,2022-06-10,2022-06-13,281.3328,268.2518,True,5.1507,True,7.3808,True,2.4504,True,2.3879
QQQ,C5_A_plus_C,PANIC_BUY,2022-06-24,2022-06-27,287.5043,285.3965,True,2.674,True,-0.2999,True,2.505,True,-1.7956
QQQ,C5_A_plus_C,DCA_ADDITION,2022-07-01,2022-07-04,275.3254,275.3254,True,11.7463,True,-2.5758,True,11.8137,True,-2.1709
QQQ,C5_A_plus_C,DCA_ADDITION,2022-08-01,2022-08-02,307.666,306.7487,True,-4.2344,True,-9.4198,True,-3.4447,True,-11.5201
QQQ,C5_A_plus_C,EXIT_SELL,2022-08-22,2022-08-23,306.778,306.5243,True,-7.9119,True,-7.7014,True,-7.2487,True,-9.0365
QQQ,C5_A_plus_C,REENTRY_BUY,2022-08-23,2022-08-24,306.5243,307.4123,True,-9.8221,True,-9.2242,True,-7.9119,True,-7.7014
QQQ,C5_A_plus_C,DCA_ADDITION,2022-09-01,2022-09-02,292.1788,288.0508,True,-9.2929,True,-2.6203,True,-9.0319,True,-3.3604
QQQ,C5_A_plus_C,EXIT_SELL,2022-09-02,2022-09-05,288.0508,288.0508,True,-7.1648,True,-4.0492,True,-9.2929,True,-2.6203
QQQ,C5_A_plus_C,PANIC_BUY,2022-10-05,2022-10-06,275.6735,273.5032,True,-6.8881,True,-4.5332,True,-5.7805,True,-7.5386
QQQ,C5_A_plus_C,EXIT_SELL,2022-10-07,2022-10-10,263.0816,260.4517,True,0.4429,True,0.1905,True,-1.6425,True,-0.8111
QQQ,C5_A_plus_C,PANIC_BUY,2022-10-21,2022-10-24,269.2602,272.2225,True,1.2354,True,1.1466,True,3.413,True,2.2593
QQQ,C5_A_plus_C,DCA_ADDITION,2022-11-01,2022-11-02,268.9571,259.7381,True,10.4185,True,8.5587,True,1.9847,True,5.0708
QQQ,C5_A_plus_C,EXIT_SELL,2022-11-02,2022-11-03,259.7381,254.6641,True,12.7567,True,12.8804,True,10.4185,True,8.5587
QQQ,C5_A_plus_C,PANIC_BUY,2022-11-10,2022-11-11,276.4262,281.5197,True,-2.0558,True,6.5818,True,0.3891,True,10.5097
QQQ,C5_A_plus_C,DCA_ADDITION,2022-12-01,2022-12-02,287.1509,286.0072,True,-8.7618,True,-0.0005,True,-9.0706,True,1.2974
QQQ,C5_A_plus_C,EXIT_SELL,2022-12-06,2022-12-07,275.3802,274.256,True,-5.0454,True,4.052,True,-5.8814,True,4.467
QQQ,C5_A_plus_C,REENTRY_BUY,2022-12-12,2022-12-13,279.1929,282.1943,True,-5.2544,True,2.9099,True,-5.0397,True,5.3079
QQQ,C5_A_plus_C,EXIT_SELL,2022-12-19,2022-12-20,264.3484,264.1426,True,4.452,True,10.325,True,4.1594,True,7.7627
QQQ,C5_A_plus_C,REENTRY_BUY,2023-01-13,2023-01-16,275.3437,275.3437,True,8.3746,True,13.3082,True,6.6662,True,13.3724
QQQ,C5_A_plus_C,DCA_ADDITION,2023-02-01,2023-02-02,294.8942,305.4779,True,-5.8097,True,2.9276,True,-3.2301,True,3.7993
QQQ,C5_A_plus_C,DCA_ADDITION,2023-03-01,2023-03-02,285.3688,287.7306,True,7.6832,True,15.8836,True,7.5564,True,14.0671
QQQ,C5_A_plus_C,EXIT_SELL,2023-03-09,2023-03-10,286.7996,282.7719,True,10.3942,True,23.0979,True,8.8438,True,20.4657
QQQ,C5_A_plus_C,REENTRY_BUY,2023-03-16,2023-03-17,300.6662,299.2452,True,4.4876,True,16.2722,True,4.1896,True,15.282
QQQ,C5_A_plus_C,DCA_ADDITION,2023-04-03,2023-04-04,314.2248,313.1648,True,0.0972,True,14.1847,True,0.6372,True,11.8759
QQQ,C5_A_plus_C,DCA_ADDITION,2023-05-01,2023-05-02,316.2271,313.4691,True,9.5811,True,18.7612,True,8.1349,True,16.9329
QQQ,C5_A_plus_C,DCA_ADDITION,2023-06-01,2023-06-02,345.4952,348.0863,True,4.3076,True,2.7828,True,3.4939,True,2.7571
QQQ,C5_A_plus_C,DCA_ADDITION,2023-07-03,2023-07-04,363.9355,363.9355,True,3.3757,True,-4.2041,True,3.6161,True,-2.7437
QQQ,C5_A_plus_C,DCA_ADDITION,2023-08-01,2023-08-02,376.2209,367.965,True,0.6597,True,-6.2883,True,-2.0952,True,-6.0451
QQQ,C5_A_plus_C,DCA_ADDITION,2023-09-01,2023-09-04,371.1101,371.1101,True,-4.1863,True,3.216,True,-4.9793,True,3.3062
QQQ,C5_A_plus_C,DCA_ADDITION,2023-10-02,2023-10-03,355.5743,349.3341,True,-1.1411,True,15.9982,True,-3.3383,True,13.269
QQQ,C5_A_plus_C,DCA_ADDITION,2023-11-01,2023-11-02,351.342,357.72,True,6.986,True,17.6057,True,9.2027,True,19.5946
QQQ,C5_A_plus_C,DCA_ADDITION,2023-12-01,2023-12-04,383.8029,380.24,True,6.273,True,13.2874,True,5.2864,True,12.2949
QQQ,C5_A_plus_C,DCA_ADDITION,2024-01-01,2024-01-02,404.0923,397.2542,True,5.641,True,10.2626,True,4.5492,True,8.7488
QQQ,C5_A_plus_C,DCA_ADDITION,2024-02-01,2024-02-02,416.2885,423.3241,True,3.8693,True,0.5967,True,4.058,True,0.7422
QQQ,C5_A_plus_C,DCA_ADDITION,2024-03-01,2024-03-04,439.704,438.1351,True,0.342,True,3.2736,True,-0.2273,True,2.9051
QQQ,C5_A_plus_C,DCA_ADDITION,2024-04-01,2024-04-02,439.6333,435.8392,True,-3.7451,True,8.8486,True,-2.7419,True,6.6891
QQQ,C5_A_plus_C,DCA_ADDITION,2024-05-01,2024-05-02,416.4833,421.799,True,5.7742,True,7.5189,True,8.2843,True,10.1055
QQQ,C5_A_plus_C,DCA_ADDITION,2024-06-03,2024-06-04,447.7156,448.9407,True,7.3473,True,5.0945,True,6.5226,True,5.0682
QQQ,C5_A_plus_C,DCA_ADDITION,2024-07-01,2024-07-02,476.9184,481.9259,True,-6.0475,True,-0.1906,True,-3.7392,True,0.3733
QQQ,C5_A_plus_C,DCA_ADDITION,2024-08-01,2024-08-02,454.8894,444.0927,True,6.1326,True,10.5328,True,2.3931,True,7.2558
QQQ,C5_A_plus_C,DCA_ADDITION,2024-09-02,2024-09-03,471.327,457.0171,True,4.3603,True,10.4406,True,2.6216,True,6.5156
QQQ,C5_A_plus_C,DCA_ADDITION,2024-10-01,2024-10-02,476.9444,477.6183,True,2.9941,True,10.1389,True,3.925,True,10.2945
QQQ,C5_A_plus_C,DCA_ADDITION,2024-11-01,2024-11-04,483.0491,481.6418,True,6.0246,True,5.973,True,4.5771,True,8.8329
QQQ,C5_A_plus_C,DCA_ADDITION,2024-12-02,2024-12-03,510.6586,512.2245,True,-0.9317,True,-0.5267,True,0.2235,True,1.0515
QQQ,C5_A_plus_C,DCA_ADDITION,2025-01-01,2025-01-02,507.4521,506.4595,True,2.5126,True,-5.4665,True,1.8778,True,-5.1107
QQQ,C5_A_plus_C,DCA_ADDITION,2025-02-03,2025-02-04,514.2813,520.5942,True,-5.5141,True,-9.1961,True,-4.0648,True,-8.6846
QQQ,C5_A_plus_C,DCA_ADDITION,2025-03-03,2025-03-04,493.3769,491.888,True,-4.4688,True,5.3369,True,-5.5187,True,2.6053
QQQ,C5_A_plus_C,DCA_ADDITION,2025-04-01,2025-04-02,469.9066,473.3362,True,-0.1428,True,13.7809,True,0.5987,True,14.3191
QQQ,C5_A_plus_C,DCA_ADDITION,2025-05-01,2025-05-02,478.8335,485.9412,True,6.1944,True,15.9925,True,7.941,True,17.4316
QQQ,C5_A_plus_C,DCA_ADDITION,2025-06-02,2025-06-03,520.1181,524.1838,True,3.8506,True,8.7148,True,5.5522,True,9.1265
QQQ,C5_A_plus_C,DCA_ADDITION,2025-07-01,2025-07-02,544.3682,548.1599,True,3.1264,True,8.3499,True,3.7057,True,9.4889
QQQ,C5_A_plus_C,DCA_ADDITION,2025-08-01,2025-08-04,551.2252,561.3961,True,1.1168,True,11.4728,True,2.9826,True,11.5432
QQQ,C5_A_plus_C,DCA_ADDITION,2025-09-01,2025-09-02,567.666,562.9089,True,6.2668,True,7.7748,True,5.0884,True,6.217
QQQ,C5_A_plus_C,DCA_ADDITION,2025-10-01,2025-10-02,601.0545,603.5255,True,3.3546,True,3.1374,True,5.3908,True,3.5614
QQQ,C5_A_plus_C,DCA_ADDITION,2025-11-03,2025-11-04,629.7796,616.9963,True,0.4441,True,2.0498,True,-2.3589,True,-0.9198
QQQ,C5_A_plus_C,DCA_ADDITION,2025-12-01,2025-12-02,614.9238,619.7363,True,-0.2849,True,-2.1458,True,0.7291,True,-2.428
QQQ,C5_A_plus_C,DCA_ADDITION,2026-01-01,2026-01-02,612.8629,611.6757,True,1.4271,True,-8.1274,True,2.4613,True,-6.4782
QQQ,C5_A_plus_C,DCA_ADDITION,2026-02-02,2026-02-03,624.665,615.0677,True,-2.4233,True,6.7896,True,-2.8827,True,6.2171
QQQ,C5_A_plus_C,DCA_ADDITION,2026-03-02,2026-03-03,606.6575,600.1629,True,-3.935,True,21.5467,True,-8.0755,True,18.1478
QQQ,C5_A_plus_C,DCA_ADDITION,2026-04-01,2026-04-02,583.6686,584.3378,True,14.1475,True,22.5969,True,13.2224,True,21.7506
QQQ,C5_A_plus_C,DCA_ADDITION,2026-05-01,2026-05-04,673.41,672.1414,True,10.3822,True,1.4846,True,9.5172,True,1.6067
QQQ,C5_A_plus_C,DCA_ADDITION,2026-06-01,2026-06-02,741.9247,745.3409,True,-1.1996,True,-4.645,True,-2.4052,True,-4.799
QQQ,C5_A_plus_C,DCA_ADDITION,2026-07-01,2026-07-02,725.17,712.6,True,-4.0766,False,,True,-8.7483,False,
QQQ,C5_A_plus_C,DCA_ADDITION,2026-08-03,2026-08-04,700.07,723.85,True,-2.2394,False,,True,2.384,False,
QQQ,C5_A_plus_C,DCA_ADDITION,2026-09-01,2026-09-02,707.64,709.24,False,,False,,False,,False,
QQQ,C6_B_plus_C,PANIC_BUY,2014-04-21,2014-04-22,79.0744,79.7027,True,0.5369,True,9.4101,True,1.7043,True,10.6605
QQQ,C6_B_plus_C,DCA_ADDITION,2014-05-01,2014-05-02,79.8119,79.6662,True,4.3662,True,10.8698,True,4.1644,True,11.1021
QQQ,C6_B_plus_C,DCA_ADDITION,2014-06-02,2014-06-03,83.0627,83.0263,True,4.4035,True,9.4181,True,3.2256,True,9.2602
QQQ,C6_B_plus_C,DCA_ADDITION,2014-07-01,2014-07-02,86.6824,86.8284,True,1.9768,True,5.2339,True,1.7485,True,4.2922
QQQ,C6_B_plus_C,DCA_ADDITION,2014-08-01,2014-08-04,86.4358,87.0293,True,4.6789,True,3.7817,True,5.3977,True,4.4202
QQQ,C6_B_plus_C,DCA_ADDITION,2014-09-01,2014-09-02,91.1013,91.3661,True,-1.0442,True,5.0159,True,-0.8973,True,5.1604
QQQ,C6_B_plus_C,DCA_ADDITION,2014-10-01,2014-10-02,88.966,88.966,True,2.8906,True,7.6933,True,2.6746,True,7.6933
QQQ,C6_B_plus_C,DCA_ADDITION,2014-11-03,2014-11-04,93.0753,92.7641,True,3.8181,True,0.4518,True,3.058,True,2.7807
QQQ,C6_B_plus_C,DCA_ADDITION,2014-12-01,2014-12-02,95.9215,96.3059,True,-0.4954,True,3.587,True,0.5737,True,3.9255
QQQ,C6_B_plus_C,DCA_ADDITION,2015-01-01,2015-01-02,94.8459,94.5612,True,-1.7875,True,2.742,True,-1.3172,True,2.0259
QQQ,C6_B_plus_C,DCA_ADDITION,2015-02-02,2015-02-03,93.6793,94.5795,True,5.7401,True,7.1223,True,7.2563,True,8.3679
QQQ,C6_B_plus_C,DCA_ADDITION,2015-03-02,2015-03-03,100.477,100.0085,True,-2.7805,True,0.5338,True,-2.1983,True,1.2288
QQQ,C6_B_plus_C,DCA_ADDITION,2015-04-01,2015-04-02,96.7214,96.7858,True,2.3878,True,4.883,True,4.0933,True,5.1628
QQQ,C6_B_plus_C,DCA_ADDITION,2015-05-01,2015-05-04,100.4042,100.57,True,1.0894,True,1.1017,True,0.917,True,2.1142
QQQ,C6_B_plus_C,DCA_ADDITION,2015-06-01,2015-06-02,101.6656,101.3433,True,-2.5018,True,-10.679,True,-3.1558,True,-10.6263
QQQ,C6_B_plus_C,EXIT_SELL,2015-06-29,2015-06-30,98.4573,98.8079,True,3.7919,True,-2.5373,True,3.2711,True,-0.7057
QQQ,C6_B_plus_C,REENTRY_BUY,2015-07-15,2015-07-16,101.8625,103.3022,True,-1.4294,True,-5.0313,True,0.1268,True,-4.0705
QQQ,C6_B_plus_C,DCA_ADDITION,2015-08-03,2015-08-04,102.9884,102.7946,True,-9.2827,True,1.7642,True,-6.5323,True,1.3661
QQQ,C6_B_plus_C,DCA_ADDITION,2015-09-01,2015-09-02,93.2525,95.8825,True,-1.8214,True,10.1325,True,-1.3241,True,13.1395
QQQ,C6_B_plus_C,DCA_ADDITION,2015-10-01,2015-10-02,94.5617,96.2176,True,8.9607,True,8.5798,True,11.3676,True,10.4811
QQQ,C6_B_plus_C,DCA_ADDITION,2015-11-02,2015-11-03,106.0234,106.3934,True,0.1305,True,-10.0382,True,-0.5148,True,-10.5294
QQQ,C6_B_plus_C,DCA_ADDITION,2015-12-01,2015-12-02,106.5322,105.8754,True,-0.7287,True,-10.1239,True,-0.4437,True,-11.5229
QQQ,C6_B_plus_C,DCA_ADDITION,2016-01-01,2016-01-04,103.7955,101.6056,True,-4.6484,True,-1.8925,True,-6.9104,True,-3.8279
QQQ,C6_B_plus_C,EXIT_SELL,2016-01-04,2016-01-05,101.6056,101.4293,True,-6.5502,True,-0.1438,True,-4.6484,True,-1.8925
QQQ,C6_B_plus_C,PANIC_BUY,2016-01-29,2016-02-01,96.6228,96.8826,True,-1.8293,True,4.6866,True,-0.6723,True,4.9681
QQQ,C6_B_plus_C,EXIT_SELL,2016-02-05,2016-02-08,91.0461,89.6542,True,8.6938,True,10.7809,True,7.6946,True,8.0652
QQQ,C6_B_plus_C,PANIC_BUY,2016-02-17,2016-02-18,95.1103,94.0247,True,6.1087,True,4.8101,True,4.9561,True,4.0736
QQQ,C6_B_plus_C,DCA_ADDITION,2016-03-01,2016-03-02,98.1631,98.2002,True,3.642,True,3.5283,True,3.1788,True,2.828
QQQ,C6_B_plus_C,DCA_ADDITION,2016-04-01,2016-04-04,102.7074,102.3165,True,-2.9289,True,-6.7744,True,-4.2044,True,-5.2485
QQQ,C6_B_plus_C,DCA_ADDITION,2016-05-02,2016-05-03,99.3198,98.3985,True,4.3601,True,7.9098,True,3.1953,True,6.7867
QQQ,C6_B_plus_C,EXIT_SELL,2016-05-17,2016-05-18,98.1658,98.5194,True,1.757,True,10.4578,True,2.4175,True,11.1409
QQQ,C6_B_plus_C,REENTRY_BUY,2016-05-26,2016-05-27,101.9629,102.4933,True,-5.0506,True,6.7578,True,-0.4566,True,7.3406
QQQ,C6_B_plus_C,DCA_ADDITION,2016-06-01,2016-06-02,102.6981,102.9121,True,-2.4901,True,5.7339,True,-3.4045,True,6.1269
QQQ,C6_B_plus_C,DCA_ADDITION,2016-07-01,2016-07-04,100.8534,100.8534,True,7.1799,True,8.8397,True,6.6155,True,9.758
QQQ,C6_B_plus_C,DCA_ADDITION,2016-08-01,2016-08-02,108.0946,107.2734,True,1.3918,True,3.9393,True,0.9496,True,3.4785
QQQ,C6_B_plus_C,DCA_ADDITION,2016-09-01,2016-09-02,108.9343,109.289,True,1.6201,True,1.6885,True,1.1952,True,1.6933
QQQ,C6_B_plus_C,DCA_ADDITION,2016-10-03,2016-10-04,110.9005,110.7321,True,-1.9093,True,2.3716,True,-1.3159,True,1.6916
QQQ,C6_B_plus_C,DCA_ADDITION,2016-11-01,2016-11-02,108.6179,107.7479,True,2.0143,True,9.2212,True,2.4373,True,7.2666
QQQ,C6_B_plus_C,DCA_ADDITION,2016-12-01,2016-12-02,108.0192,108.2344,True,2.7056,True,12.9172,True,3.9786,True,12.925
QQQ,C6_B_plus_C,DCA_ADDITION,2017-01-02,2017-01-03,111.1628,112.1573,True,4.2078,True,10.3512,True,5.3511,True,10.6618
QQQ,C6_B_plus_C,DCA_ADDITION,2017-02-01,2017-02-02,117.6836,117.5803,True,4.3569,True,8.548,True,4.7916,True,7.8057
QQQ,C6_B_plus_C,DCA_ADDITION,2017-03-01,2017-03-02,123.3224,122.7031,True,1.5029,True,8.0159,True,0.8255,True,6.5663
QQQ,C6_B_plus_C,DCA_ADDITION,2017-04-03,2017-04-04,124.3874,124.5849,True,3.713,True,4.4495,True,3.7037,True,6.548
QQQ,C6_B_plus_C,DCA_ADDITION,2017-05-01,2017-05-02,128.9944,129.2107,True,2.8451,True,5.3579,True,2.93,True,5.8049
QQQ,C6_B_plus_C,DCA_ADDITION,2017-06-01,2017-06-02,133.3569,134.88,True,-3.7955,True,-0.769,True,-2.7321,True,0.5764
QQQ,C6_B_plus_C,DCA_ADDITION,2017-07-03,2017-07-04,128.3936,128.3936,True,5.4115,True,5.3553,True,5.1692,True,5.083
QQQ,C6_B_plus_C,DCA_ADDITION,2017-08-01,2017-08-02,135.3417,135.7094,True,0.4863,True,2.6417,True,-0.4109,True,3.3115
QQQ,C6_B_plus_C,DCA_ADDITION,2017-09-01,2017-09-04,137.642,137.642,True,-0.0694,True,7.2136,True,-0.1586,True,7.2617
QQQ,C6_B_plus_C,DCA_ADDITION,2017-10-02,2017-10-03,137.5465,137.8394,True,4.2909,True,7.5107,True,4.1214,True,8.3247
QQQ,C6_B_plus_C,DCA_ADDITION,2017-11-01,2017-11-02,143.7067,143.4327,True,2.2001,True,11.1271,True,1.1572,True,10.9547
QQQ,C6_B_plus_C,DCA_ADDITION,2017-12-01,2017-12-04,145.9648,144.283,True,2.2106,True,11.8174,True,1.0329,True,9.0826
QQQ,C6_B_plus_C,DCA_ADDITION,2018-01-01,2018-01-02,147.4725,150.0572,True,6.4421,True,0.5351,True,9.2065,True,5.7182
QQQ,C6_B_plus_C,DCA_ADDITION,2018-02-01,2018-02-02,159.0234,155.8516,True,0.8383,True,-1.3712,True,-2.0719,True,-3.3979
QQQ,C6_B_plus_C,DCA_ADDITION,2018-03-01,2018-03-02,155.7285,157.1582,True,-3.3738,True,2.413,True,-2.4867,True,3.2497
QQQ,C6_B_plus_C,DCA_ADDITION,2018-04-02,2018-04-03,147.4747,149.1342,True,3.5101,True,9.6517,True,3.4917,True,10.4345
QQQ,C6_B_plus_C,DCA_ADDITION,2018-05-01,2018-05-02,154.369,153.4586,True,5.1662,True,13.2192,True,3.8027,True,11.0001
QQQ,C6_B_plus_C,DCA_ADDITION,2018-06-01,2018-06-04,163.8144,165.2938,True,-0.6484,True,5.9865,True,-0.4183,True,5.8646
QQQ,C6_B_plus_C,DCA_ADDITION,2018-07-02,2018-07-03,164.222,162.3213,True,3.3079,True,8.0043,True,1.3368,True,6.6093
QQQ,C6_B_plus_C,DCA_ADDITION,2018-08-01,2018-08-02,168.3276,170.618,True,3.8322,True,-4.5464,True,5.4313,True,-6.4829
QQQ,C6_B_plus_C,DCA_ADDITION,2018-09-03,2018-09-04,177.3845,176.6242,True,0.126,True,-11.8999,True,-0.0777,True,-12.5727
QQQ,C6_B_plus_C,DCA_ADDITION,2018-10-01,2018-10-02,177.2467,176.8468,True,-10.6756,True,-22.5246,True,-12.3221,True,-22.6994
QQQ,C6_B_plus_C,DCA_ADDITION,2018-11-01,2018-11-02,163.813,161.2615,True,-0.0059,True,-2.2184,True,-2.2725,True,-4.878
QQQ,C6_B_plus_C,EXIT_SELL,2018-11-14,2018-11-15,157.2818,160.0333,True,-1.7788,True,0.3696,True,-0.0908,True,3.5157
QQQ,C6_B_plus_C,PANIC_BUY,2018-11-28,2018-11-29,160.614,160.0904,True,-8.7196,True,2.3557,True,-9.368,True,2.3964
QQQ,C6_B_plus_C,DCA_ADDITION,2018-12-03,2018-12-04,164.0701,157.7769,True,-6.649,True,5.1152,True,-10.2296,True,0.9786
QQQ,C6_B_plus_C,DCA_ADDITION,2019-01-01,2019-01-02,147.2863,147.8784,True,6.9731,True,15.0722,True,4.7388,True,16.2815
QQQ,C6_B_plus_C,EXIT_SELL,2019-01-03,2019-01-04,143.0471,149.1673,True,7.1817,True,15.2064,True,12.2413,True,19.2327
QQQ,C6_B_plus_C,REENTRY_BUY,2019-01-17,2019-01-18,156.2328,157.7795,True,4.0484,True,12.6585,True,4.6385,True,13.2841
QQQ,C6_B_plus_C,DCA_ADDITION,2019-02-01,2019-02-04,159.8801,161.866,True,2.8845,True,12.8813,True,4.1445,True,14.0621
QQQ,C6_B_plus_C,DCA_ADDITION,2019-03-01,2019-03-04,166.5063,166.535,True,4.5587,True,2.3301,True,3.2095,True,2.3478
QQQ,C6_B_plus_C,EXIT_SELL,2019-03-07,2019-03-08,163.6802,163.4319,True,8.0774,True,1.8091,True,7.3583,True,3.3026
QQQ,C6_B_plus_C,REENTRY_BUY,2019-03-11,2019-03-12,166.831,167.7476,True,5.1942,True,-0.2628,True,6.1449,True,-2.4612
QQQ,C6_B_plus_C,DCA_ADDITION,2019-04-01,2019-04-02,174.1268,174.7868,True,3.7268,True,1.4277,True,4.933,True,3.5904
QQQ,C6_B_plus_C,DCA_ADDITION,2019-05-01,2019-05-02,180.7173,179.933,True,-6.0284,True,2.9862,True,-6.8279,True,3.5206
QQQ,C6_B_plus_C,DCA_ADDITION,2019-06-03,2019-06-04,162.725,167.3068,True,8.8732,True,5.6759,True,11.4968,True,8.8812
QQQ,C6_B_plus_C,DCA_ADDITION,2019-07-01,2019-07-02,181.4332,182.1523,True,1.9841,True,-0.8741,True,2.8321,True,0.8582
QQQ,C6_B_plus_C,DCA_ADDITION,2019-08-01,2019-08-02,182.2864,179.6023,True,0.064,True,4.6355,True,-1.1727,True,2.2779
QQQ,C6_B_plus_C,DCA_ADDITION,2019-09-02,2019-09-03,179.7173,177.9725,True,1.076,True,10.435,True,0.9179,True,9.1544
QQQ,C6_B_plus_C,DCA_ADDITION,2019-10-01,2019-10-02,179.8876,176.7945,True,7.0307,True,15.3922,True,4.6831,True,13.4081
QQQ,C6_B_plus_C,DCA_ADDITION,2019-11-01,2019-11-04,191.0303,192.2118,True,1.4493,True,9.2318,True,3.1327,True,12.2255
QQQ,C6_B_plus_C,DCA_ADDITION,2019-12-02,2019-12-03,194.9975,193.4701,True,5.7897,True,7.163,True,4.7636,True,9.2956
QQQ,C6_B_plus_C,DCA_ADDITION,2020-01-01,2020-01-02,204.6714,208.0888,True,2.9793,True,-11.034,True,4.3272,True,-14.0734
QQQ,C6_B_plus_C,DCA_ADDITION,2020-02-03,2020-02-04,214.0766,218.9766,True,-7.9088,True,-6.8226,True,-2.6801,True,-2.8603
QQQ,C6_B_plus_C,DCA_ADDITION,2020-03-02,2020-03-03,208.3392,201.6583,True,-8.9146,True,9.5704,True,-11.076,True,6.3439
QQQ,C6_B_plus_C,EXIT_SELL,2020-03-27,2020-03-30,178.7613,185.2635,True,12.2474,True,28.7071,True,15.402,True,31.8079
QQQ,C6_B_plus_C,PANIC_BUY,2020-04-13,2020-04-14,195.8656,204.3841,True,4.8428,True,21.3331,True,11.7421,True,27.4882
QQQ,C6_B_plus_C,DCA_ADDITION,2020-05-01,2020-05-04,205.233,207.6255,True,8.7538,True,21.0725,True,9.6926,True,20.3368
QQQ,C6_B_plus_C,DCA_ADDITION,2020-06-01,2020-06-02,225.8007,227.3153,True,5.2627,True,21.5283,True,3.9316,True,21.389
QQQ,C6_B_plus_C,DCA_ADDITION,2020-07-01,2020-07-02,242.0712,243.714,True,3.5449,True,5.2342,True,3.7047,True,5.4573
QQQ,C6_B_plus_C,EXIT_SELL,2020-08-03,2020-08-04,260.3262,261.2927,True,10.9254,True,4.5417,True,9.4662,True,4.1169
QQQ,C6_B_plus_C,REENTRY_BUY,2020-08-17,2020-08-18,266.0665,268.6276,True,0.3921,True,1.9606,True,-0.0581,True,4.8199
QQQ,C6_B_plus_C,DCA_ADDITION,2020-09-01,2020-09-02,289.8398,292.5843,True,-8.2309,True,-2.1403,True,-7.9921,True,-1.8171
QQQ,C6_B_plus_C,EXIT_SELL,2020-09-04,2020-09-07,274.049,274.049,True,-1.206,True,5.6562,True,-3.2689,True,5.4411
QQQ,C6_B_plus_C,REENTRY_BUY,2020-10-05,2020-10-06,270.7439,265.912,True,-0.1853,True,13.9436,True,-3.6336,True,11.81
QQQ,C6_B_plus_C,DCA_ADDITION,2020-11-02,2020-11-03,260.9061,265.4191,True,10.4897,True,19.8564,True,10.9786,True,21.7515
QQQ,C6_B_plus_C,DCA_ADDITION,2020-12-01,2020-12-02,293.2608,293.6378,True,3.1882,True,6.8677,True,3.3175,True,6.1302
QQQ,C6_B_plus_C,DCA_ADDITION,2021-01-01,2021-01-04,303.7448,299.456,True,4.2385,True,2.2628,True,0.2614,True,0.8476
QQQ,C6_B_plus_C,DCA_ADDITION,2021-02-01,2021-02-02,312.1484,317.2407,True,-2.832,True,3.9367,True,0.3629,True,6.0919
QQQ,C6_B_plus_C,DCA_ADDITION,2021-03-01,2021-03-02,313.2811,308.2565,True,-1.1568,True,4.7081,True,-2.2501,True,2.8864
QQQ,C6_B_plus_C,DCA_ADDITION,2021-04-01,2021-04-02,314.6267,314.6267,True,4.1347,True,7.7935,True,4.8218,True,7.9262
QQQ,C6_B_plus_C,DCA_ADDITION,2021-05-03,2021-05-04,325.8908,320.0261,True,0.8118,True,10.5145,True,-0.6722,True,9.7348
QQQ,C6_B_plus_C,DCA_ADDITION,2021-06-01,2021-06-02,322.624,323.2542,True,6.4087,True,12.5243,True,6.7849,True,12.6147
QQQ,C6_B_plus_C,DCA_ADDITION,2021-07-01,2021-07-02,344.1064,348.0562,True,1.6535,True,4.2114,True,3.359,True,5.3088
QQQ,C6_B_plus_C,DCA_ADDITION,2021-08-02,2021-08-03,353.8404,355.9851,True,3.5823,True,3.4706,True,4.2951,True,3.771
QQQ,C6_B_plus_C,DCA_ADDITION,2021-09-01,2021-09-02,369.3488,369.1742,True,-5.7947,True,4.9427,True,-5.492,True,4.8931
QQQ,C6_B_plus_C,DCA_ADDITION,2021-10-01,2021-10-04,349.9384,342.5934,True,9.8718,True,14.5696,True,7.1992,True,10.3412
QQQ,C6_B_plus_C,DCA_ADDITION,2021-11-01,2021-11-02,376.4135,377.9875,True,1.226,True,-11.1809,True,3.1644,True,-8.6929
QQQ,C6_B_plus_C,DCA_ADDITION,2021-12-01,2021-12-02,376.1123,378.823,True,2.8087,True,-12.5632,True,3.86,True,-14.7962
QQQ,C6_B_plus_C,DCA_ADDITION,2022-01-03,2022-01-04,390.7568,385.6885,True,-7.8064,True,-6.2605,True,-9.6171,True,-9.0417
QQQ,C6_B_plus_C,DCA_ADDITION,2022-02-01,2022-02-02,355.5801,358.4693,True,-5.7722,True,-13.9321,True,-6.5742,True,-13.1287
QQQ,C6_B_plus_C,EXIT_SELL,2022-02-03,2022-02-04,343.9357,348.2744,True,-5.7848,True,-12.3943,True,-3.1934,True,-7.1092
QQQ,C6_B_plus_C,PANIC_BUY,2022-03-17,2022-03-18,335.0733,341.9317,True,-3.5966,True,-17.7225,True,-1.6234,True,-12.9688
QQQ,C6_B_plus_C,DCA_ADDITION,2022-04-01,2022-04-04,352.4451,359.7015,True,-13.7611,True,-20.6574,True,-13.431,True,-18.4258
QQQ,C6_B_plus_C,DCA_ADDITION,2022-05-02,2022-05-03,310.2024,310.5336,True,-3.306,True,-7.4914,True,-2.9453,True,-5.5366
QQQ,C6_B_plus_C,DCA_ADDITION,2022-06-01,2022-06-02,298.0467,306.2089,True,-10.6754,True,2.1682,True,-7.0766,True,3.1423
QQQ,C6_B_plus_C,EXIT_SELL,2022-06-10,2022-06-13,281.3328,268.2518,True,5.1507,True,7.3808,True,2.4504,True,2.3879
QQQ,C6_B_plus_C,PANIC_BUY,2022-06-24,2022-06-27,287.5043,285.3965,True,2.674,True,-0.2999,True,2.505,True,-1.7956
QQQ,C6_B_plus_C,DCA_ADDITION,2022-07-01,2022-07-04,275.3254,275.3254,True,11.7463,True,-2.5758,True,11.8137,True,-2.1709
QQQ,C6_B_plus_C,DCA_ADDITION,2022-08-01,2022-08-02,307.666,306.7487,True,-4.2344,True,-9.4198,True,-3.4447,True,-11.5201
QQQ,C6_B_plus_C,EXIT_SELL,2022-08-22,2022-08-23,306.778,306.5243,True,-7.9119,True,-7.7014,True,-7.2487,True,-9.0365
QQQ,C6_B_plus_C,REENTRY_BUY,2022-08-23,2022-08-24,306.5243,307.4123,True,-9.8221,True,-9.2242,True,-7.9119,True,-7.7014
QQQ,C6_B_plus_C,DCA_ADDITION,2022-09-01,2022-09-02,292.1788,288.0508,True,-9.2929,True,-2.6203,True,-9.0319,True,-3.3604
QQQ,C6_B_plus_C,EXIT_SELL,2022-09-02,2022-09-05,288.0508,288.0508,True,-7.1648,True,-4.0492,True,-9.2929,True,-2.6203
QQQ,C6_B_plus_C,PANIC_BUY,2022-09-09,2022-09-12,299.6833,303.2453,True,-14.1119,True,-7.2675,True,-12.2135,True,-4.5635
QQQ,C6_B_plus_C,EXIT_SELL,2022-09-13,2022-09-14,286.6164,288.8901,True,-11.113,True,-5.0656,True,-10.3772,True,-3.9203
QQQ,C6_B_plus_C,PANIC_BUY,2022-10-05,2022-10-06,275.6735,273.5032,True,-6.8881,True,-4.5332,True,-5.7805,True,-7.5386
QQQ,C6_B_plus_C,EXIT_SELL,2022-10-07,2022-10-10,263.0816,260.4517,True,0.4429,True,0.1905,True,-1.6425,True,-0.8111
QQQ,C6_B_plus_C,PANIC_BUY,2022-10-21,2022-10-24,269.2602,272.2225,True,1.2354,True,1.1466,True,3.413,True,2.2593
QQQ,C6_B_plus_C,DCA_ADDITION,2022-11-01,2022-11-02,268.9571,259.7381,True,10.4185,True,8.5587,True,1.9847,True,5.0708
QQQ,C6_B_plus_C,EXIT_SELL,2022-11-02,2022-11-03,259.7381,254.6641,True,12.7567,True,12.8804,True,10.4185,True,8.5587
QQQ,C6_B_plus_C,PANIC_BUY,2022-11-10,2022-11-11,276.4262,281.5197,True,-2.0558,True,6.5818,True,0.3891,True,10.5097
QQQ,C6_B_plus_C,DCA_ADDITION,2022-12-01,2022-12-02,287.1509,286.0072,True,-8.7618,True,-0.0005,True,-9.0706,True,1.2974
QQQ,C6_B_plus_C,EXIT_SELL,2022-12-06,2022-12-07,275.3802,274.256,True,-5.0454,True,4.052,True,-5.8814,True,4.467
QQQ,C6_B_plus_C,REENTRY_BUY,2022-12-12,2022-12-13,279.1929,282.1943,True,-5.2544,True,2.9099,True,-5.0397,True,5.3079
QQQ,C6_B_plus_C,EXIT_SELL,2022-12-19,2022-12-20,264.3484,264.1426,True,4.452,True,10.325,True,4.1594,True,7.7627
QQQ,C6_B_plus_C,PANIC_BUY,2023-01-06,2023-01-09,263.4174,265.1226,True,12.2163,True,18.5206,True,13.9062,True,19.5784
QQQ,C6_B_plus_C,DCA_ADDITION,2023-02-01,2023-02-02,294.8942,305.4779,True,-5.8097,True,2.9276,True,-3.2301,True,3.7993
QQQ,C6_B_plus_C,DCA_ADDITION,2023-03-01,2023-03-02,285.3688,287.7306,True,7.6832,True,15.8836,True,7.5564,True,14.0671
QQQ,C6_B_plus_C,EXIT_SELL,2023-03-09,2023-03-10,286.7996,282.7719,True,10.3942,True,23.0979,True,8.8438,True,20.4657
QQQ,C6_B_plus_C,REENTRY_BUY,2023-03-16,2023-03-17,300.6662,299.2452,True,4.4876,True,16.2722,True,4.1896,True,15.282
QQQ,C6_B_plus_C,DCA_ADDITION,2023-04-03,2023-04-04,314.2248,313.1648,True,0.0972,True,14.1847,True,0.6372,True,11.8759
QQQ,C6_B_plus_C,DCA_ADDITION,2023-05-01,2023-05-02,316.2271,313.4691,True,9.5811,True,18.7612,True,8.1349,True,16.9329
QQQ,C6_B_plus_C,DCA_ADDITION,2023-06-01,2023-06-02,345.4952,348.0863,True,4.3076,True,2.7828,True,3.4939,True,2.7571
QQQ,C6_B_plus_C,DCA_ADDITION,2023-07-03,2023-07-04,363.9355,363.9355,True,3.3757,True,-4.2041,True,3.6161,True,-2.7437
QQQ,C6_B_plus_C,DCA_ADDITION,2023-08-01,2023-08-02,376.2209,367.965,True,0.6597,True,-6.2883,True,-2.0952,True,-6.0451
QQQ,C6_B_plus_C,DCA_ADDITION,2023-09-01,2023-09-04,371.1101,371.1101,True,-4.1863,True,3.216,True,-4.9793,True,3.3062
QQQ,C6_B_plus_C,DCA_ADDITION,2023-10-02,2023-10-03,355.5743,349.3341,True,-1.1411,True,15.9982,True,-3.3383,True,13.269
QQQ,C6_B_plus_C,DCA_ADDITION,2023-11-01,2023-11-02,351.342,357.72,True,6.986,True,17.6057,True,9.2027,True,19.5946
QQQ,C6_B_plus_C,DCA_ADDITION,2023-12-01,2023-12-04,383.8029,380.24,True,6.273,True,13.2874,True,5.2864,True,12.2949
QQQ,C6_B_plus_C,DCA_ADDITION,2024-01-01,2024-01-02,404.0923,397.2542,True,5.641,True,10.2626,True,4.5492,True,8.7488
QQQ,C6_B_plus_C,DCA_ADDITION,2024-02-01,2024-02-02,416.2885,423.3241,True,3.8693,True,0.5967,True,4.058,True,0.7422
QQQ,C6_B_plus_C,DCA_ADDITION,2024-03-01,2024-03-04,439.704,438.1351,True,0.342,True,3.2736,True,-0.2273,True,2.9051
QQQ,C6_B_plus_C,DCA_ADDITION,2024-04-01,2024-04-02,439.6333,435.8392,True,-3.7451,True,8.8486,True,-2.7419,True,6.6891
QQQ,C6_B_plus_C,DCA_ADDITION,2024-05-01,2024-05-02,416.4833,421.799,True,5.7742,True,7.5189,True,8.2843,True,10.1055
QQQ,C6_B_plus_C,DCA_ADDITION,2024-06-03,2024-06-04,447.7156,448.9407,True,7.3473,True,5.0945,True,6.5226,True,5.0682
QQQ,C6_B_plus_C,DCA_ADDITION,2024-07-01,2024-07-02,476.9184,481.9259,True,-6.0475,True,-0.1906,True,-3.7392,True,0.3733
QQQ,C6_B_plus_C,DCA_ADDITION,2024-08-01,2024-08-02,454.8894,444.0927,True,6.1326,True,10.5328,True,2.3931,True,7.2558
QQQ,C6_B_plus_C,DCA_ADDITION,2024-09-02,2024-09-03,471.327,457.0171,True,4.3603,True,10.4406,True,2.6216,True,6.5156
QQQ,C6_B_plus_C,DCA_ADDITION,2024-10-01,2024-10-02,476.9444,477.6183,True,2.9941,True,10.1389,True,3.925,True,10.2945
QQQ,C6_B_plus_C,DCA_ADDITION,2024-11-01,2024-11-04,483.0491,481.6418,True,6.0246,True,5.973,True,4.5771,True,8.8329
QQQ,C6_B_plus_C,DCA_ADDITION,2024-12-02,2024-12-03,510.6586,512.2245,True,-0.9317,True,-0.5267,True,0.2235,True,1.0515
QQQ,C6_B_plus_C,DCA_ADDITION,2025-01-01,2025-01-02,507.4521,506.4595,True,2.5126,True,-5.4665,True,1.8778,True,-5.1107
QQQ,C6_B_plus_C,DCA_ADDITION,2025-02-03,2025-02-04,514.2813,520.5942,True,-5.5141,True,-9.1961,True,-4.0648,True,-8.6846
QQQ,C6_B_plus_C,DCA_ADDITION,2025-03-03,2025-03-04,493.3769,491.888,True,-4.4688,True,5.3369,True,-5.5187,True,2.6053
QQQ,C6_B_plus_C,DCA_ADDITION,2025-04-01,2025-04-02,469.9066,473.3362,True,-0.1428,True,13.7809,True,0.5987,True,14.3191
QQQ,C6_B_plus_C,DCA_ADDITION,2025-05-01,2025-05-02,478.8335,485.9412,True,6.1944,True,15.9925,True,7.941,True,17.4316
QQQ,C6_B_plus_C,DCA_ADDITION,2025-06-02,2025-06-03,520.1181,524.1838,True,3.8506,True,8.7148,True,5.5522,True,9.1265
QQQ,C6_B_plus_C,DCA_ADDITION,2025-07-01,2025-07-02,544.3682,548.1599,True,3.1264,True,8.3499,True,3.7057,True,9.4889
QQQ,C6_B_plus_C,DCA_ADDITION,2025-08-01,2025-08-04,551.2252,561.3961,True,1.1168,True,11.4728,True,2.9826,True,11.5432
QQQ,C6_B_plus_C,DCA_ADDITION,2025-09-01,2025-09-02,567.666,562.9089,True,6.2668,True,7.7748,True,5.0884,True,6.217
QQQ,C6_B_plus_C,DCA_ADDITION,2025-10-01,2025-10-02,601.0545,603.5255,True,3.3546,True,3.1374,True,5.3908,True,3.5614
QQQ,C6_B_plus_C,DCA_ADDITION,2025-11-03,2025-11-04,629.7796,616.9963,True,0.4441,True,2.0498,True,-2.3589,True,-0.9198
QQQ,C6_B_plus_C,DCA_ADDITION,2025-12-01,2025-12-02,614.9238,619.7363,True,-0.2849,True,-2.1458,True,0.7291,True,-2.428
QQQ,C6_B_plus_C,DCA_ADDITION,2026-01-01,2026-01-02,612.8629,611.6757,True,1.4271,True,-8.1274,True,2.4613,True,-6.4782
QQQ,C6_B_plus_C,DCA_ADDITION,2026-02-02,2026-02-03,624.665,615.0677,True,-2.4233,True,6.7896,True,-2.8827,True,6.2171
QQQ,C6_B_plus_C,DCA_ADDITION,2026-03-02,2026-03-03,606.6575,600.1629,True,-3.935,True,21.5467,True,-8.0755,True,18.1478
QQQ,C6_B_plus_C,DCA_ADDITION,2026-04-01,2026-04-02,583.6686,584.3378,True,14.1475,True,22.5969,True,13.2224,True,21.7506
QQQ,C6_B_plus_C,DCA_ADDITION,2026-05-01,2026-05-04,673.41,672.1414,True,10.3822,True,1.4846,True,9.5172,True,1.6067
QQQ,C6_B_plus_C,DCA_ADDITION,2026-06-01,2026-06-02,741.9247,745.3409,True,-1.1996,True,-4.645,True,-2.4052,True,-4.799
QQQ,C6_B_plus_C,DCA_ADDITION,2026-07-01,2026-07-02,725.17,712.6,True,-4.0766,False,,True,-8.7483,False,
QQQ,C6_B_plus_C,DCA_ADDITION,2026-08-03,2026-08-04,700.07,723.85,True,-2.2394,False,,True,2.384,False,
QQQ,C6_B_plus_C,DCA_ADDITION,2026-09-01,2026-09-02,707.64,709.24,False,,False,,False,,False,
QQQ,C7_Full_Candidate,TREND_BUY,2014-05-14,2014-05-15,79.9759,79.3475,True,5.6347,True,8.4155,True,5.7611,True,7.9062
QQQ,C7_Full_Candidate,DCA_ADDITION,2014-06-02,2014-06-03,83.0627,83.0263,True,4.4035,True,9.4181,True,3.2256,True,9.2602
QQQ,C7_Full_Candidate,DCA_ADDITION,2014-07-01,2014-07-02,86.6824,86.8284,True,1.9768,True,5.2339,True,1.7485,True,4.2922
QQQ,C7_Full_Candidate,DCA_ADDITION,2014-08-01,2014-08-04,86.4358,87.0293,True,4.6789,True,3.7817,True,5.3977,True,4.4202
QQQ,C7_Full_Candidate,DCA_ADDITION,2014-09-01,2014-09-02,91.1013,91.3661,True,-1.0442,True,5.0159,True,-0.8973,True,5.1604
QQQ,C7_Full_Candidate,DCA_ADDITION,2014-10-01,2014-10-02,88.966,88.966,True,2.8906,True,7.6933,True,2.6746,True,7.6933
QQQ,C7_Full_Candidate,DCA_ADDITION,2014-11-03,2014-11-04,93.0753,92.7641,True,3.8181,True,0.4518,True,3.058,True,2.7807
QQQ,C7_Full_Candidate,DCA_ADDITION,2014-12-01,2014-12-02,95.9215,96.3059,True,-0.4954,True,3.587,True,0.5737,True,3.9255
QQQ,C7_Full_Candidate,DCA_ADDITION,2015-01-01,2015-01-02,94.8459,94.5612,True,-1.7875,True,2.742,True,-1.3172,True,2.0259
QQQ,C7_Full_Candidate,DCA_ADDITION,2015-02-02,2015-02-03,93.6793,94.5795,True,5.7401,True,7.1223,True,7.2563,True,8.3679
QQQ,C7_Full_Candidate,DCA_ADDITION,2015-03-02,2015-03-03,100.477,100.0085,True,-2.7805,True,0.5338,True,-2.1983,True,1.2288
QQQ,C7_Full_Candidate,DCA_ADDITION,2015-04-01,2015-04-02,96.7214,96.7858,True,2.3878,True,4.883,True,4.0933,True,5.1628
QQQ,C7_Full_Candidate,DCA_ADDITION,2015-05-01,2015-05-04,100.4042,100.57,True,1.0894,True,1.1017,True,0.917,True,2.1142
QQQ,C7_Full_Candidate,DCA_ADDITION,2015-06-01,2015-06-02,101.6656,101.3433,True,-2.5018,True,-10.679,True,-3.1558,True,-10.6263
QQQ,C7_Full_Candidate,EXIT_SELL,2015-06-29,2015-06-30,98.4573,98.8079,True,3.7919,True,-2.5373,True,3.2711,True,-0.7057
QQQ,C7_Full_Candidate,PANIC_BUY,2015-07-13,2015-07-14,101.0873,101.7517,True,-0.1088,True,-4.5388,True,1.8532,True,-3.4538
QQQ,C7_Full_Candidate,DCA_ADDITION,2015-08-03,2015-08-04,102.9884,102.7946,True,-9.2827,True,1.7642,True,-6.5323,True,1.3661
QQQ,C7_Full_Candidate,DCA_ADDITION,2015-09-01,2015-09-02,93.2525,95.8825,True,-1.8214,True,10.1325,True,-1.3241,True,13.1395
QQQ,C7_Full_Candidate,DCA_ADDITION,2015-10-01,2015-10-02,94.5617,96.2176,True,8.9607,True,8.5798,True,11.3676,True,10.4811
QQQ,C7_Full_Candidate,DCA_ADDITION,2015-11-02,2015-11-03,106.0234,106.3934,True,0.1305,True,-10.0382,True,-0.5148,True,-10.5294
QQQ,C7_Full_Candidate,DCA_ADDITION,2015-12-01,2015-12-02,106.5322,105.8754,True,-0.7287,True,-10.1239,True,-0.4437,True,-11.5229
QQQ,C7_Full_Candidate,DCA_ADDITION,2016-01-01,2016-01-04,103.7955,101.6056,True,-4.6484,True,-1.8925,True,-6.9104,True,-3.8279
QQQ,C7_Full_Candidate,EXIT_SELL,2016-01-04,2016-01-05,101.6056,101.4293,True,-6.5502,True,-0.1438,True,-4.6484,True,-1.8925
QQQ,C7_Full_Candidate,PANIC_BUY,2016-01-29,2016-02-01,96.6228,96.8826,True,-1.8293,True,4.6866,True,-0.6723,True,4.9681
QQQ,C7_Full_Candidate,EXIT_SELL,2016-02-05,2016-02-08,91.0461,89.6542,True,8.6938,True,10.7809,True,7.6946,True,8.0652
QQQ,C7_Full_Candidate,PANIC_BUY,2016-02-17,2016-02-18,95.1103,94.0247,True,6.1087,True,4.8101,True,4.9561,True,4.0736
QQQ,C7_Full_Candidate,DCA_ADDITION,2016-03-01,2016-03-02,98.1631,98.2002,True,3.642,True,3.5283,True,3.1788,True,2.828
QQQ,C7_Full_Candidate,DCA_ADDITION,2016-04-01,2016-04-04,102.7074,102.3165,True,-2.9289,True,-6.7744,True,-4.2044,True,-5.2485
QQQ,C7_Full_Candidate,DCA_ADDITION,2016-05-02,2016-05-03,99.3198,98.3985,True,4.3601,True,7.9098,True,3.1953,True,6.7867
QQQ,C7_Full_Candidate,EXIT_SELL,2016-05-17,2016-05-18,98.1658,98.5194,True,1.757,True,10.4578,True,2.4175,True,11.1409
QQQ,C7_Full_Candidate,REENTRY_BUY,2016-05-26,2016-05-27,101.9629,102.4933,True,-5.0506,True,6.7578,True,-0.4566,True,7.3406
QQQ,C7_Full_Candidate,DCA_ADDITION,2016-06-01,2016-06-02,102.6981,102.9121,True,-2.4901,True,5.7339,True,-3.4045,True,6.1269
QQQ,C7_Full_Candidate,DCA_ADDITION,2016-07-01,2016-07-04,100.8534,100.8534,True,7.1799,True,8.8397,True,6.6155,True,9.758
QQQ,C7_Full_Candidate,DCA_ADDITION,2016-08-01,2016-08-02,108.0946,107.2734,True,1.3918,True,3.9393,True,0.9496,True,3.4785
QQQ,C7_Full_Candidate,DCA_ADDITION,2016-09-01,2016-09-02,108.9343,109.289,True,1.6201,True,1.6885,True,1.1952,True,1.6933
QQQ,C7_Full_Candidate,DCA_ADDITION,2016-10-03,2016-10-04,110.9005,110.7321,True,-1.9093,True,2.3716,True,-1.3159,True,1.6916
QQQ,C7_Full_Candidate,DCA_ADDITION,2016-11-01,2016-11-02,108.6179,107.7479,True,2.0143,True,9.2212,True,2.4373,True,7.2666
QQQ,C7_Full_Candidate,DCA_ADDITION,2016-12-01,2016-12-02,108.0192,108.2344,True,2.7056,True,12.9172,True,3.9786,True,12.925
QQQ,C7_Full_Candidate,DCA_ADDITION,2017-01-02,2017-01-03,111.1628,112.1573,True,4.2078,True,10.3512,True,5.3511,True,10.6618
QQQ,C7_Full_Candidate,DCA_ADDITION,2017-02-01,2017-02-02,117.6836,117.5803,True,4.3569,True,8.548,True,4.7916,True,7.8057
QQQ,C7_Full_Candidate,DCA_ADDITION,2017-03-01,2017-03-02,123.3224,122.7031,True,1.5029,True,8.0159,True,0.8255,True,6.5663
QQQ,C7_Full_Candidate,DCA_ADDITION,2017-04-03,2017-04-04,124.3874,124.5849,True,3.713,True,4.4495,True,3.7037,True,6.548
QQQ,C7_Full_Candidate,DCA_ADDITION,2017-05-01,2017-05-02,128.9944,129.2107,True,2.8451,True,5.3579,True,2.93,True,5.8049
QQQ,C7_Full_Candidate,DCA_ADDITION,2017-06-01,2017-06-02,133.3569,134.88,True,-3.7955,True,-0.769,True,-2.7321,True,0.5764
QQQ,C7_Full_Candidate,DCA_ADDITION,2017-07-03,2017-07-04,128.3936,128.3936,True,5.4115,True,5.3553,True,5.1692,True,5.083
QQQ,C7_Full_Candidate,DCA_ADDITION,2017-08-01,2017-08-02,135.3417,135.7094,True,0.4863,True,2.6417,True,-0.4109,True,3.3115
QQQ,C7_Full_Candidate,DCA_ADDITION,2017-09-01,2017-09-04,137.642,137.642,True,-0.0694,True,7.2136,True,-0.1586,True,7.2617
QQQ,C7_Full_Candidate,DCA_ADDITION,2017-10-02,2017-10-03,137.5465,137.8394,True,4.2909,True,7.5107,True,4.1214,True,8.3247
QQQ,C7_Full_Candidate,DCA_ADDITION,2017-11-01,2017-11-02,143.7067,143.4327,True,2.2001,True,11.1271,True,1.1572,True,10.9547
QQQ,C7_Full_Candidate,DCA_ADDITION,2017-12-01,2017-12-04,145.9648,144.283,True,2.2106,True,11.8174,True,1.0329,True,9.0826
QQQ,C7_Full_Candidate,DCA_ADDITION,2018-01-01,2018-01-02,147.4725,150.0572,True,6.4421,True,0.5351,True,9.2065,True,5.7182
QQQ,C7_Full_Candidate,DCA_ADDITION,2018-02-01,2018-02-02,159.0234,155.8516,True,0.8383,True,-1.3712,True,-2.0719,True,-3.3979
QQQ,C7_Full_Candidate,DCA_ADDITION,2018-03-01,2018-03-02,155.7285,157.1582,True,-3.3738,True,2.413,True,-2.4867,True,3.2497
QQQ,C7_Full_Candidate,DCA_ADDITION,2018-04-02,2018-04-03,147.4747,149.1342,True,3.5101,True,9.6517,True,3.4917,True,10.4345
QQQ,C7_Full_Candidate,DCA_ADDITION,2018-05-01,2018-05-02,154.369,153.4586,True,5.1662,True,13.2192,True,3.8027,True,11.0001
QQQ,C7_Full_Candidate,DCA_ADDITION,2018-06-01,2018-06-04,163.8144,165.2938,True,-0.6484,True,5.9865,True,-0.4183,True,5.8646
QQQ,C7_Full_Candidate,DCA_ADDITION,2018-07-02,2018-07-03,164.222,162.3213,True,3.3079,True,8.0043,True,1.3368,True,6.6093
QQQ,C7_Full_Candidate,DCA_ADDITION,2018-08-01,2018-08-02,168.3276,170.618,True,3.8322,True,-4.5464,True,5.4313,True,-6.4829
QQQ,C7_Full_Candidate,DCA_ADDITION,2018-09-03,2018-09-04,177.3845,176.6242,True,0.126,True,-11.8999,True,-0.0777,True,-12.5727
QQQ,C7_Full_Candidate,DCA_ADDITION,2018-10-01,2018-10-02,177.2467,176.8468,True,-10.6756,True,-22.5246,True,-12.3221,True,-22.6994
QQQ,C7_Full_Candidate,DCA_ADDITION,2018-11-01,2018-11-02,163.813,161.2615,True,-0.0059,True,-2.2184,True,-2.2725,True,-4.878
QQQ,C7_Full_Candidate,EXIT_SELL,2018-11-14,2018-11-15,157.2818,160.0333,True,-1.7788,True,0.3696,True,-0.0908,True,3.5157
QQQ,C7_Full_Candidate,PANIC_BUY,2018-11-28,2018-11-29,160.614,160.0904,True,-8.7196,True,2.3557,True,-9.368,True,2.3964
QQQ,C7_Full_Candidate,DCA_ADDITION,2018-12-03,2018-12-04,164.0701,157.7769,True,-6.649,True,5.1152,True,-10.2296,True,0.9786
QQQ,C7_Full_Candidate,DCA_ADDITION,2019-01-01,2019-01-02,147.2863,147.8784,True,6.9731,True,15.0722,True,4.7388,True,16.2815
QQQ,C7_Full_Candidate,EXIT_SELL,2019-01-03,2019-01-04,143.0471,149.1673,True,7.1817,True,15.2064,True,12.2413,True,19.2327
QQQ,C7_Full_Candidate,REENTRY_BUY,2019-01-17,2019-01-18,156.2328,157.7795,True,4.0484,True,12.6585,True,4.6385,True,13.2841
QQQ,C7_Full_Candidate,DCA_ADDITION,2019-02-01,2019-02-04,159.8801,161.866,True,2.8845,True,12.8813,True,4.1445,True,14.0621
QQQ,C7_Full_Candidate,DCA_ADDITION,2019-03-01,2019-03-04,166.5063,166.535,True,4.5587,True,2.3301,True,3.2095,True,2.3478
QQQ,C7_Full_Candidate,EXIT_SELL,2019-03-07,2019-03-08,163.6802,163.4319,True,8.0774,True,1.8091,True,7.3583,True,3.3026
QQQ,C7_Full_Candidate,REENTRY_BUY,2019-03-11,2019-03-12,166.831,167.7476,True,5.1942,True,-0.2628,True,6.1449,True,-2.4612
QQQ,C7_Full_Candidate,DCA_ADDITION,2019-04-01,2019-04-02,174.1268,174.7868,True,3.7268,True,1.4277,True,4.933,True,3.5904
QQQ,C7_Full_Candidate,DCA_ADDITION,2019-05-01,2019-05-02,180.7173,179.933,True,-6.0284,True,2.9862,True,-6.8279,True,3.5206
QQQ,C7_Full_Candidate,DCA_ADDITION,2019-06-03,2019-06-04,162.725,167.3068,True,8.8732,True,5.6759,True,11.4968,True,8.8812
QQQ,C7_Full_Candidate,DCA_ADDITION,2019-07-01,2019-07-02,181.4332,182.1523,True,1.9841,True,-0.8741,True,2.8321,True,0.8582
QQQ,C7_Full_Candidate,DCA_ADDITION,2019-08-01,2019-08-02,182.2864,179.6023,True,0.064,True,4.6355,True,-1.1727,True,2.2779
QQQ,C7_Full_Candidate,DCA_ADDITION,2019-09-02,2019-09-03,179.7173,177.9725,True,1.076,True,10.435,True,0.9179,True,9.1544
QQQ,C7_Full_Candidate,DCA_ADDITION,2019-10-01,2019-10-02,179.8876,176.7945,True,7.0307,True,15.3922,True,4.6831,True,13.4081
QQQ,C7_Full_Candidate,DCA_ADDITION,2019-11-01,2019-11-04,191.0303,192.2118,True,1.4493,True,9.2318,True,3.1327,True,12.2255
QQQ,C7_Full_Candidate,DCA_ADDITION,2019-12-02,2019-12-03,194.9975,193.4701,True,5.7897,True,7.163,True,4.7636,True,9.2956
QQQ,C7_Full_Candidate,DCA_ADDITION,2020-01-01,2020-01-02,204.6714,208.0888,True,2.9793,True,-11.034,True,4.3272,True,-14.0734
QQQ,C7_Full_Candidate,DCA_ADDITION,2020-02-03,2020-02-04,214.0766,218.9766,True,-7.9088,True,-6.8226,True,-2.6801,True,-2.8603
QQQ,C7_Full_Candidate,DCA_ADDITION,2020-03-02,2020-03-03,208.3392,201.6583,True,-8.9146,True,9.5704,True,-11.076,True,6.3439
QQQ,C7_Full_Candidate,EXIT_SELL,2020-03-27,2020-03-30,178.7613,185.2635,True,12.2474,True,28.7071,True,15.402,True,31.8079
QQQ,C7_Full_Candidate,PANIC_BUY,2020-04-13,2020-04-14,195.8656,204.3841,True,4.8428,True,21.3331,True,11.7421,True,27.4882
QQQ,C7_Full_Candidate,DCA_ADDITION,2020-05-01,2020-05-04,205.233,207.6255,True,8.7538,True,21.0725,True,9.6926,True,20.3368
QQQ,C7_Full_Candidate,DCA_ADDITION,2020-06-01,2020-06-02,225.8007,227.3153,True,5.2627,True,21.5283,True,3.9316,True,21.389
QQQ,C7_Full_Candidate,DCA_ADDITION,2020-07-01,2020-07-02,242.0712,243.714,True,3.5449,True,5.2342,True,3.7047,True,5.4573
QQQ,C7_Full_Candidate,EXIT_SELL,2020-08-03,2020-08-04,260.3262,261.2927,True,10.9254,True,4.5417,True,9.4662,True,4.1169
QQQ,C7_Full_Candidate,REENTRY_BUY,2020-08-17,2020-08-18,266.0665,268.6276,True,0.3921,True,1.9606,True,-0.0581,True,4.8199
QQQ,C7_Full_Candidate,DCA_ADDITION,2020-09-01,2020-09-02,289.8398,292.5843,True,-8.2309,True,-2.1403,True,-7.9921,True,-1.8171
QQQ,C7_Full_Candidate,EXIT_SELL,2020-09-04,2020-09-07,274.049,274.049,True,-1.206,True,5.6562,True,-3.2689,True,5.4411
QQQ,C7_Full_Candidate,REENTRY_BUY,2020-10-05,2020-10-06,270.7439,265.912,True,-0.1853,True,13.9436,True,-3.6336,True,11.81
QQQ,C7_Full_Candidate,DCA_ADDITION,2020-11-02,2020-11-03,260.9061,265.4191,True,10.4897,True,19.8564,True,10.9786,True,21.7515
QQQ,C7_Full_Candidate,DCA_ADDITION,2020-12-01,2020-12-02,293.2608,293.6378,True,3.1882,True,6.8677,True,3.3175,True,6.1302
QQQ,C7_Full_Candidate,DCA_ADDITION,2021-01-01,2021-01-04,303.7448,299.456,True,4.2385,True,2.2628,True,0.2614,True,0.8476
QQQ,C7_Full_Candidate,DCA_ADDITION,2021-02-01,2021-02-02,312.1484,317.2407,True,-2.832,True,3.9367,True,0.3629,True,6.0919
QQQ,C7_Full_Candidate,DCA_ADDITION,2021-03-01,2021-03-02,313.2811,308.2565,True,-1.1568,True,4.7081,True,-2.2501,True,2.8864
QQQ,C7_Full_Candidate,DCA_ADDITION,2021-04-01,2021-04-02,314.6267,314.6267,True,4.1347,True,7.7935,True,4.8218,True,7.9262
QQQ,C7_Full_Candidate,DCA_ADDITION,2021-05-03,2021-05-04,325.8908,320.0261,True,0.8118,True,10.5145,True,-0.6722,True,9.7348
QQQ,C7_Full_Candidate,DCA_ADDITION,2021-06-01,2021-06-02,322.624,323.2542,True,6.4087,True,12.5243,True,6.7849,True,12.6147
QQQ,C7_Full_Candidate,DCA_ADDITION,2021-07-01,2021-07-02,344.1064,348.0562,True,1.6535,True,4.2114,True,3.359,True,5.3088
QQQ,C7_Full_Candidate,DCA_ADDITION,2021-08-02,2021-08-03,353.8404,355.9851,True,3.5823,True,3.4706,True,4.2951,True,3.771
QQQ,C7_Full_Candidate,DCA_ADDITION,2021-09-01,2021-09-02,369.3488,369.1742,True,-5.7947,True,4.9427,True,-5.492,True,4.8931
QQQ,C7_Full_Candidate,DCA_ADDITION,2021-10-01,2021-10-04,349.9384,342.5934,True,9.8718,True,14.5696,True,7.1992,True,10.3412
QQQ,C7_Full_Candidate,DCA_ADDITION,2021-11-01,2021-11-02,376.4135,377.9875,True,1.226,True,-11.1809,True,3.1644,True,-8.6929
QQQ,C7_Full_Candidate,DCA_ADDITION,2021-12-01,2021-12-02,376.1123,378.823,True,2.8087,True,-12.5632,True,3.86,True,-14.7962
QQQ,C7_Full_Candidate,DCA_ADDITION,2022-01-03,2022-01-04,390.7568,385.6885,True,-7.8064,True,-6.2605,True,-9.6171,True,-9.0417
QQQ,C7_Full_Candidate,DCA_ADDITION,2022-02-01,2022-02-02,355.5801,358.4693,True,-5.7722,True,-13.9321,True,-6.5742,True,-13.1287
QQQ,C7_Full_Candidate,EXIT_SELL,2022-02-03,2022-02-04,343.9357,348.2744,True,-5.7848,True,-12.3943,True,-3.1934,True,-7.1092
QQQ,C7_Full_Candidate,PANIC_BUY,2022-03-17,2022-03-18,335.0733,341.9317,True,-3.5966,True,-17.7225,True,-1.6234,True,-12.9688
QQQ,C7_Full_Candidate,DCA_ADDITION,2022-04-01,2022-04-04,352.4451,359.7015,True,-13.7611,True,-20.6574,True,-13.431,True,-18.4258
QQQ,C7_Full_Candidate,DCA_ADDITION,2022-05-02,2022-05-03,310.2024,310.5336,True,-3.306,True,-7.4914,True,-2.9453,True,-5.5366
QQQ,C7_Full_Candidate,DCA_ADDITION,2022-06-01,2022-06-02,298.0467,306.2089,True,-10.6754,True,2.1682,True,-7.0766,True,3.1423
QQQ,C7_Full_Candidate,EXIT_SELL,2022-06-10,2022-06-13,281.3328,268.2518,True,5.1507,True,7.3808,True,2.4504,True,2.3879
QQQ,C7_Full_Candidate,PANIC_BUY,2022-06-24,2022-06-27,287.5043,285.3965,True,2.674,True,-0.2999,True,2.505,True,-1.7956
QQQ,C7_Full_Candidate,DCA_ADDITION,2022-07-01,2022-07-04,275.3254,275.3254,True,11.7463,True,-2.5758,True,11.8137,True,-2.1709
QQQ,C7_Full_Candidate,DCA_ADDITION,2022-08-01,2022-08-02,307.666,306.7487,True,-4.2344,True,-9.4198,True,-3.4447,True,-11.5201
QQQ,C7_Full_Candidate,EXIT_SELL,2022-08-22,2022-08-23,306.778,306.5243,True,-7.9119,True,-7.7014,True,-7.2487,True,-9.0365
QQQ,C7_Full_Candidate,REENTRY_BUY,2022-08-23,2022-08-24,306.5243,307.4123,True,-9.8221,True,-9.2242,True,-7.9119,True,-7.7014
QQQ,C7_Full_Candidate,DCA_ADDITION,2022-09-01,2022-09-02,292.1788,288.0508,True,-9.2929,True,-2.6203,True,-9.0319,True,-3.3604
QQQ,C7_Full_Candidate,EXIT_SELL,2022-09-02,2022-09-05,288.0508,288.0508,True,-7.1648,True,-4.0492,True,-9.2929,True,-2.6203
QQQ,C7_Full_Candidate,PANIC_BUY,2022-09-09,2022-09-12,299.6833,303.2453,True,-14.1119,True,-7.2675,True,-12.2135,True,-4.5635
QQQ,C7_Full_Candidate,EXIT_SELL,2022-09-13,2022-09-14,286.6164,288.8901,True,-11.113,True,-5.0656,True,-10.3772,True,-3.9203
QQQ,C7_Full_Candidate,PANIC_BUY,2022-10-05,2022-10-06,275.6735,273.5032,True,-6.8881,True,-4.5332,True,-5.7805,True,-7.5386
QQQ,C7_Full_Candidate,EXIT_SELL,2022-10-07,2022-10-10,263.0816,260.4517,True,0.4429,True,0.1905,True,-1.6425,True,-0.8111
QQQ,C7_Full_Candidate,PANIC_BUY,2022-10-21,2022-10-24,269.2602,272.2225,True,1.2354,True,1.1466,True,3.413,True,2.2593
QQQ,C7_Full_Candidate,DCA_ADDITION,2022-11-01,2022-11-02,268.9571,259.7381,True,10.4185,True,8.5587,True,1.9847,True,5.0708
QQQ,C7_Full_Candidate,EXIT_SELL,2022-11-02,2022-11-03,259.7381,254.6641,True,12.7567,True,12.8804,True,10.4185,True,8.5587
QQQ,C7_Full_Candidate,PANIC_BUY,2022-11-10,2022-11-11,276.4262,281.5197,True,-2.0558,True,6.5818,True,0.3891,True,10.5097
QQQ,C7_Full_Candidate,DCA_ADDITION,2022-12-01,2022-12-02,287.1509,286.0072,True,-8.7618,True,-0.0005,True,-9.0706,True,1.2974
QQQ,C7_Full_Candidate,EXIT_SELL,2022-12-06,2022-12-07,275.3802,274.256,True,-5.0454,True,4.052,True,-5.8814,True,4.467
QQQ,C7_Full_Candidate,REENTRY_BUY,2022-12-12,2022-12-13,279.1929,282.1943,True,-5.2544,True,2.9099,True,-5.0397,True,5.3079
QQQ,C7_Full_Candidate,EXIT_SELL,2022-12-19,2022-12-20,264.3484,264.1426,True,4.452,True,10.325,True,4.1594,True,7.7627
QQQ,C7_Full_Candidate,PANIC_BUY,2023-01-06,2023-01-09,263.4174,265.1226,True,12.2163,True,18.5206,True,13.9062,True,19.5784
QQQ,C7_Full_Candidate,DCA_ADDITION,2023-02-01,2023-02-02,294.8942,305.4779,True,-5.8097,True,2.9276,True,-3.2301,True,3.7993
QQQ,C7_Full_Candidate,DCA_ADDITION,2023-03-01,2023-03-02,285.3688,287.7306,True,7.6832,True,15.8836,True,7.5564,True,14.0671
QQQ,C7_Full_Candidate,EXIT_SELL,2023-03-09,2023-03-10,286.7996,282.7719,True,10.3942,True,23.0979,True,8.8438,True,20.4657
QQQ,C7_Full_Candidate,REENTRY_BUY,2023-03-16,2023-03-17,300.6662,299.2452,True,4.4876,True,16.2722,True,4.1896,True,15.282
QQQ,C7_Full_Candidate,DCA_ADDITION,2023-04-03,2023-04-04,314.2248,313.1648,True,0.0972,True,14.1847,True,0.6372,True,11.8759
QQQ,C7_Full_Candidate,DCA_ADDITION,2023-05-01,2023-05-02,316.2271,313.4691,True,9.5811,True,18.7612,True,8.1349,True,16.9329
QQQ,C7_Full_Candidate,DCA_ADDITION,2023-06-01,2023-06-02,345.4952,348.0863,True,4.3076,True,2.7828,True,3.4939,True,2.7571
QQQ,C7_Full_Candidate,DCA_ADDITION,2023-07-03,2023-07-04,363.9355,363.9355,True,3.3757,True,-4.2041,True,3.6161,True,-2.7437
QQQ,C7_Full_Candidate,DCA_ADDITION,2023-08-01,2023-08-02,376.2209,367.965,True,0.6597,True,-6.2883,True,-2.0952,True,-6.0451
QQQ,C7_Full_Candidate,DCA_ADDITION,2023-09-01,2023-09-04,371.1101,371.1101,True,-4.1863,True,3.216,True,-4.9793,True,3.3062
QQQ,C7_Full_Candidate,DCA_ADDITION,2023-10-02,2023-10-03,355.5743,349.3341,True,-1.1411,True,15.9982,True,-3.3383,True,13.269
QQQ,C7_Full_Candidate,DCA_ADDITION,2023-11-01,2023-11-02,351.342,357.72,True,6.986,True,17.6057,True,9.2027,True,19.5946
QQQ,C7_Full_Candidate,DCA_ADDITION,2023-12-01,2023-12-04,383.8029,380.24,True,6.273,True,13.2874,True,5.2864,True,12.2949
QQQ,C7_Full_Candidate,DCA_ADDITION,2024-01-01,2024-01-02,404.0923,397.2542,True,5.641,True,10.2626,True,4.5492,True,8.7488
QQQ,C7_Full_Candidate,DCA_ADDITION,2024-02-01,2024-02-02,416.2885,423.3241,True,3.8693,True,0.5967,True,4.058,True,0.7422
QQQ,C7_Full_Candidate,DCA_ADDITION,2024-03-01,2024-03-04,439.704,438.1351,True,0.342,True,3.2736,True,-0.2273,True,2.9051
QQQ,C7_Full_Candidate,DCA_ADDITION,2024-04-01,2024-04-02,439.6333,435.8392,True,-3.7451,True,8.8486,True,-2.7419,True,6.6891
QQQ,C7_Full_Candidate,DCA_ADDITION,2024-05-01,2024-05-02,416.4833,421.799,True,5.7742,True,7.5189,True,8.2843,True,10.1055
QQQ,C7_Full_Candidate,DCA_ADDITION,2024-06-03,2024-06-04,447.7156,448.9407,True,7.3473,True,5.0945,True,6.5226,True,5.0682
QQQ,C7_Full_Candidate,DCA_ADDITION,2024-07-01,2024-07-02,476.9184,481.9259,True,-6.0475,True,-0.1906,True,-3.7392,True,0.3733
QQQ,C7_Full_Candidate,DCA_ADDITION,2024-08-01,2024-08-02,454.8894,444.0927,True,6.1326,True,10.5328,True,2.3931,True,7.2558
QQQ,C7_Full_Candidate,DCA_ADDITION,2024-09-02,2024-09-03,471.327,457.0171,True,4.3603,True,10.4406,True,2.6216,True,6.5156
QQQ,C7_Full_Candidate,DCA_ADDITION,2024-10-01,2024-10-02,476.9444,477.6183,True,2.9941,True,10.1389,True,3.925,True,10.2945
QQQ,C7_Full_Candidate,DCA_ADDITION,2024-11-01,2024-11-04,483.0491,481.6418,True,6.0246,True,5.973,True,4.5771,True,8.8329
QQQ,C7_Full_Candidate,DCA_ADDITION,2024-12-02,2024-12-03,510.6586,512.2245,True,-0.9317,True,-0.5267,True,0.2235,True,1.0515
QQQ,C7_Full_Candidate,DCA_ADDITION,2025-01-01,2025-01-02,507.4521,506.4595,True,2.5126,True,-5.4665,True,1.8778,True,-5.1107
QQQ,C7_Full_Candidate,DCA_ADDITION,2025-02-03,2025-02-04,514.2813,520.5942,True,-5.5141,True,-9.1961,True,-4.0648,True,-8.6846
QQQ,C7_Full_Candidate,DCA_ADDITION,2025-03-03,2025-03-04,493.3769,491.888,True,-4.4688,True,5.3369,True,-5.5187,True,2.6053
QQQ,C7_Full_Candidate,DCA_ADDITION,2025-04-01,2025-04-02,469.9066,473.3362,True,-0.1428,True,13.7809,True,0.5987,True,14.3191
QQQ,C7_Full_Candidate,DCA_ADDITION,2025-05-01,2025-05-02,478.8335,485.9412,True,6.1944,True,15.9925,True,7.941,True,17.4316
QQQ,C7_Full_Candidate,DCA_ADDITION,2025-06-02,2025-06-03,520.1181,524.1838,True,3.8506,True,8.7148,True,5.5522,True,9.1265
QQQ,C7_Full_Candidate,DCA_ADDITION,2025-07-01,2025-07-02,544.3682,548.1599,True,3.1264,True,8.3499,True,3.7057,True,9.4889
QQQ,C7_Full_Candidate,DCA_ADDITION,2025-08-01,2025-08-04,551.2252,561.3961,True,1.1168,True,11.4728,True,2.9826,True,11.5432
QQQ,C7_Full_Candidate,DCA_ADDITION,2025-09-01,2025-09-02,567.666,562.9089,True,6.2668,True,7.7748,True,5.0884,True,6.217
QQQ,C7_Full_Candidate,DCA_ADDITION,2025-10-01,2025-10-02,601.0545,603.5255,True,3.3546,True,3.1374,True,5.3908,True,3.5614
QQQ,C7_Full_Candidate,DCA_ADDITION,2025-11-03,2025-11-04,629.7796,616.9963,True,0.4441,True,2.0498,True,-2.3589,True,-0.9198
QQQ,C7_Full_Candidate,DCA_ADDITION,2025-12-01,2025-12-02,614.9238,619.7363,True,-0.2849,True,-2.1458,True,0.7291,True,-2.428
QQQ,C7_Full_Candidate,DCA_ADDITION,2026-01-01,2026-01-02,612.8629,611.6757,True,1.4271,True,-8.1274,True,2.4613,True,-6.4782
QQQ,C7_Full_Candidate,DCA_ADDITION,2026-02-02,2026-02-03,624.665,615.0677,True,-2.4233,True,6.7896,True,-2.8827,True,6.2171
QQQ,C7_Full_Candidate,DCA_ADDITION,2026-03-02,2026-03-03,606.6575,600.1629,True,-3.935,True,21.5467,True,-8.0755,True,18.1478
QQQ,C7_Full_Candidate,DCA_ADDITION,2026-04-01,2026-04-02,583.6686,584.3378,True,14.1475,True,22.5969,True,13.2224,True,21.7506
QQQ,C7_Full_Candidate,DCA_ADDITION,2026-05-01,2026-05-04,673.41,672.1414,True,10.3822,True,1.4846,True,9.5172,True,1.6067
QQQ,C7_Full_Candidate,DCA_ADDITION,2026-06-01,2026-06-02,741.9247,745.3409,True,-1.1996,True,-4.645,True,-2.4052,True,-4.799
QQQ,C7_Full_Candidate,DCA_ADDITION,2026-07-01,2026-07-02,725.17,712.6,True,-4.0766,False,,True,-8.7483,False,
QQQ,C7_Full_Candidate,DCA_ADDITION,2026-08-03,2026-08-04,700.07,723.85,True,-2.2394,False,,True,2.384,False,
QQQ,C7_Full_Candidate,DCA_ADDITION,2026-09-01,2026-09-02,707.64,709.24,False,,False,,False,,False,
SPY,C0_Baseline,TREND_BUY,2014-04-18,2014-04-21,151.6763,152.2052,True,0.9089,True,6.1521,True,0.8906,True,5.9886
SPY,C0_Baseline,DCA_ADDITION,2014-05-01,2014-05-02,153.255,153.0353,True,2.4566,True,5.6404,True,2.1452,True,5.9852
SPY,C0_Baseline,DCA_ADDITION,2014-06-02,2014-06-03,156.9739,156.8925,True,2.6837,True,4.4035,True,1.9481,True,4.2816
SPY,C0_Baseline,DCA_ADDITION,2014-07-01,2014-07-02,161.103,161.2665,True,-0.1268,True,1.6543,True,-0.0406,True,0.9672
SPY,C0_Baseline,DCA_ADDITION,2014-08-01,2014-08-04,157.399,158.5356,True,3.5174,True,1.6436,True,4.2649,True,2.5185
SPY,C0_Baseline,DCA_ADDITION,2014-09-01,2014-09-02,164.1119,164.0302,True,-1.3305,True,3.7227,True,-1.1193,True,3.7461
SPY,C0_Baseline,DCA_ADDITION,2014-10-01,2014-10-02,159.6544,159.6791,True,2.5723,True,7.4786,True,1.9346,True,7.4951
SPY,C0_Baseline,DCA_ADDITION,2014-11-03,2014-11-04,165.7498,165.1748,True,2.994,True,1.3871,True,1.9775,True,2.3858
SPY,C0_Baseline,DCA_ADDITION,2014-12-01,2014-12-02,169.0275,170.1201,True,0.7995,True,2.8437,True,1.9984,True,3.2153
SPY,C0_Baseline,DCA_ADDITION,2015-01-01,2015-01-02,169.7787,169.6879,True,-2.911,True,0.5979,True,-1.7271,True,0.3145
SPY,C0_Baseline,DCA_ADDITION,2015-02-02,2015-02-03,166.7886,169.2005,True,3.0658,True,3.6828,True,4.9871,True,4.8488
SPY,C0_Baseline,DCA_ADDITION,2015-03-02,2015-03-03,175.1065,174.3879,True,-1.785,True,0.2465,True,-1.3258,True,0.9202
SPY,C0_Baseline,DCA_ADDITION,2015-04-01,2015-04-02,170.6693,171.2833,True,0.9785,True,2.1511,True,2.3675,True,2.8312
SPY,C0_Baseline,DCA_ADDITION,2015-05-01,2015-05-04,174.8344,175.3322,True,0.1183,True,-1.6677,True,0.1993,True,-0.8106
SPY,C0_Baseline,DCA_ADDITION,2015-06-01,2015-06-02,175.5397,175.3654,True,-2.1332,True,-10.9666,True,-2.4346,True,-9.9959
SPY,C0_Baseline,EXIT_SELL,2015-06-29,2015-06-30,171.2661,171.6245,True,1.6905,True,-5.3106,True,0.6669,True,-3.8646
SPY,C0_Baseline,TREND_BUY,2015-07-15,2015-07-16,175.5931,177.0022,True,-1.7146,True,-4.731,True,-0.8024,True,-4.8257
SPY,C0_Baseline,DCA_ADDITION,2015-08-03,2015-08-04,174.9095,174.5676,True,-8.4105,True,-0.8147,True,-5.7772,True,-0.8169
SPY,C0_Baseline,DCA_ADDITION,2015-09-01,2015-09-02,159.8855,162.9203,True,-1.4246,True,7.6753,True,-1.3933,True,9.7348
SPY,C0_Baseline,EXIT_SELL,2015-09-10,2015-09-11,163.2872,164.0293,True,2.865,True,7.1006,True,3.2709,True,5.5292
SPY,C0_Baseline,TREND_BUY,2015-10-09,2015-10-12,168.7287,168.888,True,3.2553,True,0.3455,True,4.3262,True,1.8643
SPY,C0_Baseline,DCA_ADDITION,2015-11-02,2015-11-03,176.3217,176.8329,True,-0.1517,True,-9.3214,True,-0.808,True,-10.2825
SPY,C0_Baseline,DCA_ADDITION,2015-12-01,2015-12-02,176.5647,174.7628,True,-0.6591,True,-6.8,True,-0.971,True,-8.1714
SPY,C0_Baseline,DCA_ADDITION,2016-01-01,2016-01-04,171.8743,169.4715,True,-3.6663,True,1.6259,True,-4.9787,True,0.146
SPY,C0_Baseline,EXIT_SELL,2016-01-04,2016-01-05,169.4715,169.7582,True,-5.5621,True,2.3927,True,-3.6663,True,1.6259
SPY,C0_Baseline,TREND_BUY,2016-02-29,2016-03-01,163.1824,167.0182,True,4.0724,True,5.4678,True,5.5426,True,6.5656
SPY,C0_Baseline,DCA_ADDITION,2016-04-01,2016-04-04,175.3453,174.7776,True,0.834,True,-2.721,True,-0.2851,True,-1.2676
SPY,C0_Baseline,DCA_ADDITION,2016-05-02,2016-05-03,176.2351,174.7013,True,1.785,True,5.6835,True,1.0915,True,4.7154
SPY,C0_Baseline,DCA_ADDITION,2016-06-01,2016-06-02,178.1841,178.7265,True,-0.1615,True,3.7562,True,-1.2057,True,4.1437
SPY,C0_Baseline,DCA_ADDITION,2016-07-01,2016-07-04,178.8126,178.8126,True,3.3442,True,2.5735,True,3.4299,True,3.4113
SPY,C0_Baseline,DCA_ADDITION,2016-08-01,2016-08-02,184.7924,183.6083,True,1.1366,True,-0.1383,True,0.6545,True,-0.4446
SPY,C0_Baseline,DCA_ADDITION,2016-09-01,2016-09-02,185.1757,186.0105,True,-0.4476,True,1.9549,True,-0.7478,True,2.0354
SPY,C0_Baseline,DCA_ADDITION,2016-10-03,2016-10-04,184.7328,183.791,True,-1.7095,True,6.02,True,-1.4969,True,5.2184
SPY,C0_Baseline,DCA_ADDITION,2016-11-01,2016-11-02,180.649,179.5617,True,5.073,True,10.0997,True,4.6918,True,8.498
SPY,C0_Baseline,DCA_ADDITION,2016-12-01,2016-12-02,187.9774,188.0715,True,2.3523,True,8.401,True,2.7792,True,8.3179
SPY,C0_Baseline,DCA_ADDITION,2017-01-02,2017-01-03,192.4955,193.9681,True,1.0167,True,4.9297,True,1.7984,True,4.9686
SPY,C0_Baseline,DCA_ADDITION,2017-02-01,2017-02-02,196.0177,196.1469,True,4.6099,True,5.2105,True,5.3423,True,5.1916
SPY,C0_Baseline,DCA_ADDITION,2017-03-01,2017-03-02,206.4895,205.1891,True,-0.3996,True,1.9061,True,-1.341,True,0.7827
SPY,C0_Baseline,DCA_ADDITION,2017-04-03,2017-04-04,203.539,203.6686,True,1.3972,True,2.9841,True,1.4235,True,3.8866
SPY,C0_Baseline,DCA_ADDITION,2017-05-01,2017-05-02,206.4364,206.5142,True,1.1433,True,4.128,True,1.2695,True,3.9147
SPY,C0_Baseline,DCA_ADDITION,2017-06-01,2017-06-02,210.4841,211.1847,True,-0.4877,True,0.6482,True,-0.3423,True,0.7478
SPY,C0_Baseline,DCA_ADDITION,2017-07-03,2017-07-04,210.5111,210.5111,True,2.1097,True,3.3467,True,1.8827,True,3.2845
SPY,C0_Baseline,DCA_ADDITION,2017-08-01,2017-08-02,214.9523,215.0566,True,-0.5779,True,3.6845,True,-0.9987,True,4.2509
SPY,C0_Baseline,DCA_ADDITION,2017-09-01,2017-09-04,215.4043,215.4043,True,2.3128,True,5.5203,True,1.8709,True,5.573
SPY,C0_Baseline,DCA_ADDITION,2017-10-02,2017-10-03,220.3863,220.8579,True,1.6966,True,6.2073,True,1.7557,True,6.5621
SPY,C0_Baseline,DCA_ADDITION,2017-11-01,2017-11-02,224.9019,224.9893,True,2.8805,True,10.5431,True,2.0273,True,10.5392
SPY,C0_Baseline,DCA_ADDITION,2017-12-01,2017-12-04,230.9898,230.7103,True,1.5461,True,5.7471,True,1.4233,True,4.4068
SPY,C0_Baseline,DCA_ADDITION,2018-01-01,2018-01-02,234.2774,235.9543,True,4.8332,True,-2.6514,True,6.6777,True,-0.2578
SPY,C0_Baseline,DCA_ADDITION,2018-02-01,2018-02-02,247.2003,241.8187,True,-2.3126,True,-2.8398,True,-4.9293,True,-5.0442
SPY,C0_Baseline,DCA_ADDITION,2018-03-01,2018-03-02,235.015,236.2265,True,-1.8122,True,1.546,True,-1.306,True,2.3132
SPY,C0_Baseline,DCA_ADDITION,2018-04-02,2018-04-03,226.9392,229.848,True,1.6145,True,4.6208,True,2.7343,True,5.7276
SPY,C0_Baseline,DCA_ADDITION,2018-05-01,2018-05-02,233.5587,231.9898,True,3.5752,True,8.3911,True,1.5246,True,6.7531
SPY,C0_Baseline,DCA_ADDITION,2018-06-01,2018-06-04,241.1565,242.3024,True,-0.6618,True,5.8863,True,-0.4027,True,5.5559
SPY,C0_Baseline,DCA_ADDITION,2018-07-02,2018-07-03,240.6989,239.8489,True,3.8501,True,7.8133,True,2.9758,True,7.5323
SPY,C0_Baseline,DCA_ADDITION,2018-08-01,2018-08-02,248.6673,250.0219,True,2.8011,True,-3.9263,True,3.7813,True,-5.1054
SPY,C0_Baseline,DCA_ADDITION,2018-09-03,2018-09-04,257.0341,256.5915,True,1.0593,True,-6.9684,True,0.944,True,-7.44
SPY,C0_Baseline,DCA_ADDITION,2018-10-01,2018-10-02,259.4606,259.3095,True,-8.1596,True,-19.1561,True,-9.5534,True,-19.2032
SPY,C0_Baseline,DCA_ADDITION,2018-11-01,2018-11-02,243.256,241.8152,True,1.3829,True,-1.6764,True,0.1719,True,-3.0789
SPY,C0_Baseline,EXIT_SELL,2018-11-14,2018-11-15,240.3121,242.8201,True,-2.802,True,-0.477,True,-1.7543,True,1.5295
SPY,C0_Baseline,TREND_BUY,2019-01-18,2019-01-21,238.3697,238.3697,True,4.0944,True,9.3024,True,4.0944,True,9.3741
SPY,C0_Baseline,DCA_ADDITION,2019-02-01,2019-02-04,241.5902,243.2899,True,2.7357,True,8.5323,True,3.8362,True,9.1248
SPY,C0_Baseline,DCA_ADDITION,2019-03-01,2019-03-04,250.8581,249.9456,True,2.7519,True,1.6556,True,1.1783,True,1.2858
SPY,C0_Baseline,DCA_ADDITION,2019-04-01,2019-04-02,256.824,256.9498,True,2.815,True,2.1695,True,2.8129,True,3.2321
SPY,C0_Baseline,DCA_ADDITION,2019-05-01,2019-05-02,262.1972,261.6311,True,-4.1727,True,3.5301,True,-4.64,True,3.8025
SPY,C0_Baseline,DCA_ADDITION,2019-06-03,2019-06-04,246.7067,252.0619,True,6.1818,True,2.7573,True,8.2048,True,5.4014
SPY,C0_Baseline,DCA_ADDITION,2019-07-01,2019-07-02,266.9485,267.6437,True,1.4473,True,0.272,True,1.9617,True,1.3283
SPY,C0_Baseline,DCA_ADDITION,2019-08-01,2019-08-02,266.2081,264.2037,True,-0.0581,True,3.5448,True,-0.7665,True,2.3461
SPY,C0_Baseline,DCA_ADDITION,2019-09-02,2019-09-03,264.0503,262.5063,True,1.3256,True,8.5266,True,1.9457,True,7.6482
SPY,C0_Baseline,DCA_ADDITION,2019-10-01,2019-10-02,265.9862,261.2876,True,5.5822,True,12.0632,True,3.4,True,10.0837
SPY,C0_Baseline,DCA_ADDITION,2019-11-01,2019-11-04,277.6873,278.803,True,1.3892,True,5.7652,True,2.6687,True,7.92
SPY,C0_Baseline,DCA_ADDITION,2019-12-02,2019-12-03,282.6761,280.7803,True,4.488,True,1.4981,True,3.5356,True,3.9678
SPY,C0_Baseline,DCA_ADDITION,2020-01-01,2020-01-02,293.3817,296.1253,True,0.865,True,-19.1258,True,1.4789,True,-22.873
SPY,C0_Baseline,DCA_ADDITION,2020-02-03,2020-02-04,295.4416,299.9446,True,-8.7583,True,-12.6572,True,-4.6371,True,-10.9163
SPY,C0_Baseline,DCA_ADDITION,2020-03-02,2020-03-03,281.7416,273.6746,True,-13.6472,True,0.1994,True,-14.8505,True,-3.8541
SPY,C0_Baseline,EXIT_SELL,2020-03-27,2020-03-30,232.3556,239.9015,True,9.7076,True,19.2382,True,11.6605,True,22.3259
SPY,C0_Baseline,TREND_BUY,2020-04-28,2020-04-29,261.9799,268.8382,True,3.5196,True,11.967,True,4.6723,True,14.2478
SPY,C0_Baseline,DCA_ADDITION,2020-05-01,2020-05-04,259.2843,259.9995,True,7.7512,True,14.484,True,7.6134,True,13.9687
SPY,C0_Baseline,EXIT_SELL,2020-05-13,2020-05-14,258.1932,261.2831,True,5.4883,True,17.8374,True,13.2813,True,18.4558
SPY,C0_Baseline,TREND_BUY,2020-05-14,2020-05-15,261.2831,262.4842,True,6.2631,True,17.3824,True,5.4883,True,17.8374
SPY,C0_Baseline,DCA_ADDITION,2020-06-01,2020-06-02,280.1525,282.4722,True,0.5313,True,12.1897,True,0.0817,True,12.7243
SPY,C0_Baseline,EXIT_SELL,2020-06-11,2020-06-12,275.6231,278.9239,True,4.8577,True,13.1052,True,5.0409,True,15.402
SPY,C0_Baseline,TREND_BUY,2020-06-12,2020-06-15,278.9239,281.5278,True,2.9883,True,12.0591,True,4.8577,True,13.1052
SPY,C0_Baseline,DCA_ADDITION,2020-07-01,2020-07-02,285.9622,287.537,True,3.7568,True,4.0243,True,4.7018,True,4.3191
SPY,C0_Baseline,DCA_ADDITION,2020-08-03,2020-08-04,302.7874,303.9569,True,6.8291,True,2.8825,True,6.2411,True,3.6372
SPY,C0_Baseline,DCA_ADDITION,2020-09-01,2020-09-02,324.7144,329.411,True,-6.0021,True,1.7925,True,-5.3601,True,3.4242
SPY,C0_Baseline,DCA_ADDITION,2020-10-01,2020-10-02,311.6274,308.6686,True,-2.1867,True,11.0032,True,-2.0947,True,9.9492
SPY,C0_Baseline,DCA_ADDITION,2020-11-02,2020-11-03,305.3031,310.6935,True,8.9248,True,14.6999,True,9.6487,True,16.9075
SPY,C0_Baseline,DCA_ADDITION,2020-12-01,2020-12-02,338.4222,339.1343,True,1.85,True,7.2657,True,1.9189,True,6.3198
SPY,C0_Baseline,DCA_ADDITION,2021-01-01,2021-01-04,347.1632,342.4369,True,2.0174,True,7.67,True,-1.0191,True,6.2579
SPY,C0_Baseline,DCA_ADDITION,2021-02-01,2021-02-02,349.3453,354.2851,True,1.3078,True,9.7858,True,3.5484,True,11.3621
SPY,C0_Baseline,DCA_ADDITION,2021-03-01,2021-03-02,361.7413,358.9185,True,2.4533,True,8.5553,True,1.9242,True,7.9478
SPY,C0_Baseline,DCA_ADDITION,2021-04-01,2021-04-02,373.2015,373.2015,True,4.1661,True,6.8385,True,4.8551,True,6.4603
SPY,C0_Baseline,DCA_ADDITION,2021-05-03,2021-05-04,389.588,387.1846,True,0.9744,True,5.9733,True,0.44,True,5.8017
SPY,C0_Baseline,DCA_ADDITION,2021-06-01,2021-06-02,390.9575,391.5723,True,2.1722,True,7.1488,True,2.2468,True,7.0926
SPY,C0_Baseline,DCA_ADDITION,2021-07-01,2021-07-02,402.2931,405.368,True,1.1044,True,2.6773,True,2.3744,True,3.292
SPY,C0_Baseline,DCA_ADDITION,2021-08-02,2021-08-03,408.985,412.3124,True,2.3597,True,3.6883,True,3.3456,True,4.4378
SPY,C0_Baseline,DCA_ADDITION,2021-09-01,2021-09-02,422.2661,423.5653,True,-5.0034,True,3.9175,True,-3.5321,True,4.2373
SPY,C0_Baseline,DCA_ADDITION,2021-10-01,2021-10-04,407.1543,401.9036,True,7.3255,True,11.734,True,5.7595,True,8.754
SPY,C0_Baseline,DCA_ADDITION,2021-11-01,2021-11-02,431.345,433.0891,True,-1.3726,True,-5.6081,True,0.9912,True,-4.055
SPY,C0_Baseline,DCA_ADDITION,2021-12-01,2021-12-02,422.4001,428.8697,True,4.4672,True,-6.0331,True,6.3613,True,-6.0083
SPY,C0_Baseline,DCA_ADDITION,2022-01-03,2022-01-04,449.4864,449.3358,True,-5.1513,True,-3.0502,True,-5.8194,True,-4.2669
SPY,C0_Baseline,DCA_ADDITION,2022-02-01,2022-02-02,426.1893,430.3293,True,-4.2549,True,-8.4801,True,-5.0712,True,-7.8502
SPY,C0_Baseline,EXIT_SELL,2022-02-03,2022-02-04,420.2145,422.1905,True,-3.684,True,-7.894,True,-2.4384,True,-3.9098
SPY,C0_Baseline,TREND_BUY,2022-03-22,2022-03-23,424.3419,418.8771,True,0.2051,True,-14.5561,True,-1.012,True,-16.842
SPY,C0_Baseline,DCA_ADDITION,2022-04-01,2022-04-04,427.485,431.1471,True,-9.2644,True,-14.5647,True,-9.0347,True,-13.5024
SPY,C0_Baseline,DCA_ADDITION,2022-05-02,2022-05-03,391.2037,392.997,True,-0.8286,True,-5.7163,True,0.1882,True,-4.1501
SPY,C0_Baseline,EXIT_SELL,2022-05-24,2022-05-25,371.7701,375.0545,True,-5.376,True,7.8323,True,-4.3667,True,9.5626
SPY,C0_Baseline,PANIC_BUY,2022-06-24,2022-06-27,369.7643,368.352,True,1.7962,True,0.4004,True,1.2844,True,-0.7527
SPY,C0_Baseline,DCA_ADDITION,2022-07-01,2022-07-04,361.3847,361.3847,True,7.7458,True,-4.0482,True,8.0658,True,-3.0895
SPY,C0_Baseline,DCA_ADDITION,2022-08-01,2022-08-02,389.3768,386.808,True,-2.4139,True,-5.2832,True,-1.9816,True,-7.387
SPY,C0_Baseline,EXIT_SELL,2022-08-24,2022-08-25,392.1259,397.6616,True,-10.4295,True,-5.6377,True,-8.3955,True,-4.0118
SPY,C0_Baseline,TREND_BUY,2022-08-25,2022-08-26,397.6616,384.2011,True,-8.8447,True,-1.8882,True,-10.4295,True,-5.6377
SPY,C0_Baseline,DCA_ADDITION,2022-09-01,2022-09-02,375.7742,371.8118,True,-8.5643,True,2.9938,True,-8.1075,True,1.9305
SPY,C0_Baseline,EXIT_SELL,2022-09-15,2022-09-16,369.8023,366.981,True,-7.244,True,2.0023,True,-5.805,True,1.986
SPY,C0_Baseline,PANIC_BUY,2022-10-13,2022-10-14,348.3351,340.3969,True,11.4308,True,9.0127,True,7.8476,True,4.1403
SPY,C0_Baseline,DCA_ADDITION,2022-11-01,2022-11-02,365.9912,356.8062,True,8.7524,True,7.2875,True,2.7853,True,4.5557
SPY,C0_Baseline,DCA_ADDITION,2022-12-01,2022-12-02,387.7497,387.3024,True,-5.5845,True,-2.1405,True,-5.4444,True,-1.198
SPY,C0_Baseline,EXIT_SELL,2022-12-06,2022-12-07,374.8525,374.2148,True,-1.9426,True,0.8629,True,-2.8594,True,1.0791
SPY,C0_Baseline,TREND_BUY,2022-12-07,2022-12-08,374.2148,377.1464,True,-3.8153,True,0.8573,True,-1.9426,True,0.8629
SPY,C0_Baseline,DCA_ADDITION,2023-01-02,2023-01-03,365.6734,364.1339,True,6.7381,True,4.2776,True,4.7486,True,4.0722
SPY,C0_Baseline,DCA_ADDITION,2023-02-01,2023-02-02,392.8004,398.5184,True,-4.5516,True,-0.6709,True,-3.9095,True,-1.192
SPY,C0_Baseline,DCA_ADDITION,2023-03-01,2023-03-02,377.444,380.3795,True,1.8679,True,4.631,True,2.0626,True,4.5394
SPY,C0_Baseline,DCA_ADDITION,2023-04-03,2023-04-04,394.4434,392.255,True,0.531,True,7.1256,True,1.1096,True,5.376
SPY,C0_Baseline,DCA_ADDITION,2023-05-01,2023-05-02,398.8203,394.3379,True,2.2734,True,11.2676,True,1.0854,True,9.7175
SPY,C0_Baseline,DCA_ADDITION,2023-06-01,2023-06-02,404.8769,410.7318,True,3.9742,True,3.1979,True,4.2476,True,3.9574
SPY,C0_Baseline,DCA_ADDITION,2023-07-03,2023-07-04,427.5467,427.5467,True,2.8594,True,-3.6972,True,3.1547,True,-2.2613
SPY,C0_Baseline,DCA_ADDITION,2023-08-01,2023-08-02,439.7722,433.6546,True,0.1955,True,-6.9107,True,-1.6036,True,-6.869
SPY,C0_Baseline,DCA_ADDITION,2023-09-01,2023-09-04,434.6758,434.6758,True,-4.9586,True,1.0845,True,-4.9208,True,1.2669
SPY,C0_Baseline,DCA_ADDITION,2023-10-02,2023-10-03,413.1219,407.5918,True,-0.8041,True,13.2803,True,-2.7427,True,11.294
SPY,C0_Baseline,EXIT_SELL,2023-10-19,2023-10-20,412.2712,407.2052,True,7.0277,True,13.6334,True,5.5812,True,12.1594
SPY,C0_Baseline,TREND_BUY,2023-11-07,2023-11-08,422.4225,422.7319,True,4.0046,True,10.8834,True,4.5019,True,12.8053
SPY,C0_Baseline,DCA_ADDITION,2023-12-01,2023-12-04,443.8565,441.5265,True,4.4991,True,11.2443,True,3.9506,True,11.0671
SPY,C0_Baseline,DCA_ADDITION,2024-01-01,2024-01-02,461.3913,458.8092,True,3.8591,True,10.1073,True,3.3578,True,9.6937
SPY,C0_Baseline,DCA_ADDITION,2024-02-01,2024-02-02,474.8746,479.8738,True,3.7423,True,3.1332,True,3.8594,True,3.2409
SPY,C0_Baseline,DCA_ADDITION,2024-03-01,2024-03-04,497.832,497.2981,True,2.2413,True,3.6668,True,2.3097,True,3.5556
SPY,C0_Baseline,DCA_ADDITION,2024-04-01,2024-04-02,508.4442,505.2115,True,-3.2496,True,5.348,True,-2.3173,True,4.2766
SPY,C0_Baseline,DCA_ADDITION,2024-05-01,2024-05-02,487.2072,491.7642,True,3.481,True,6.9534,True,5.1464,True,8.5192
SPY,C0_Baseline,DCA_ADDITION,2024-06-03,2024-06-04,513.936,514.5107,True,4.2376,True,6.6204,True,3.6566,True,6.5933
SPY,C0_Baseline,DCA_ADDITION,2024-07-01,2024-07-02,532.7285,536.3136,True,-1.2768,True,4.3792,True,-0.1063,True,4.7819
SPY,C0_Baseline,DCA_ADDITION,2024-08-01,2024-08-02,530.4524,520.5763,True,5.7759,True,8.9916,True,2.825,True,6.9992
SPY,C0_Baseline,DCA_ADDITION,2024-09-02,2024-09-03,550.6443,539.3126,True,3.3119,True,9.1313,True,2.1005,True,6.3303
SPY,C0_Baseline,DCA_ADDITION,2024-10-01,2024-10-02,557.1739,557.4091,True,1.9601,True,6.0584,True,2.3126,True,6.1031
SPY,C0_Baseline,DCA_ADDITION,2024-11-01,2024-11-04,559.5452,558.3399,True,5.9353,True,5.5417,True,5.518,True,6.8255
SPY,C0_Baseline,DCA_ADDITION,2024-12-02,2024-12-03,591.4792,591.7535,True,-2.6258,True,-1.2701,True,-2.2249,True,-0.7306
SPY,C0_Baseline,DCA_ADDITION,2025-01-01,2025-01-02,576.2153,574.7995,True,3.4893,True,-2.7118,True,2.6839,True,-2.6924
SPY,C0_Baseline,DCA_ADDITION,2025-02-03,2025-02-04,587.7085,591.6511,True,-4.1411,True,-7.6095,True,-2.342,True,-7.572
SPY,C0_Baseline,DCA_ADDITION,2025-03-03,2025-03-04,573.9442,567.1505,True,-2.462,True,2.7855,True,-3.8881,True,-0.4998
SPY,C0_Baseline,DCA_ADDITION,2025-04-01,2025-04-02,553.187,556.6877,True,-1.7679,True,7.8642,True,-1.1854,True,8.486
SPY,C0_Baseline,DCA_ADDITION,2025-05-01,2025-05-02,550.7217,558.8967,True,3.9929,True,12.7432,True,5.6547,True,13.9355
SPY,C0_Baseline,DCA_ADDITION,2025-06-02,2025-06-03,584.4867,587.8198,True,3.9232,True,8.5519,True,4.5497,True,8.7158
SPY,C0_Baseline,DCA_ADDITION,2025-07-01,2025-07-02,610.8813,613.6506,True,2.258,True,6.8471,True,2.8511,True,7.674
SPY,C0_Baseline,DCA_ADDITION,2025-08-01,2025-08-04,614.9066,624.2531,True,2.1991,True,8.8676,True,3.7525,True,9.2337
SPY,C0_Baseline,DCA_ADDITION,2025-09-01,2025-09-02,637.981,633.2534,True,4.3352,True,5.7197,True,3.1734,True,3.9584
SPY,C0_Baseline,DCA_ADDITION,2025-10-01,2025-10-02,662.9575,663.7211,True,1.5854,True,3.4667,True,2.8334,True,3.5859
SPY,C0_Baseline,DCA_ADDITION,2025-11-03,2025-11-04,677.7252,669.6917,True,0.9315,True,3.3033,True,-0.4493,True,1.6737
SPY,C0_Baseline,DCA_ADDITION,2025-12-01,2025-12-02,674.6804,675.9301,True,1.1019,True,1.152,True,1.413,True,0.6081
SPY,C0_Baseline,DCA_ADDITION,2026-01-01,2026-01-02,678.3152,679.5586,True,1.2881,True,-6.9307,True,1.7773,True,-5.1426
SPY,C0_Baseline,DCA_ADDITION,2026-02-02,2026-02-03,691.7339,685.885,True,-1.3342,True,3.4957,True,-1.2985,True,3.1223
SPY,C0_Baseline,DCA_ADDITION,2026-03-02,2026-03-03,682.7517,676.7337,True,-4.1471,True,10.6286,True,-7.6757,True,8.9304
SPY,C0_Baseline,DCA_ADDITION,2026-04-01,2026-04-02,653.5563,654.1448,True,9.5802,True,12.2534,True,8.5984,True,12.1923
SPY,C0_Baseline,DCA_ADDITION,2026-05-01,2026-05-04,718.7982,716.165,True,5.6448,True,3.2011,True,4.9719,True,2.8008
SPY,C0_Baseline,DCA_ADDITION,2026-06-01,2026-06-02,756.5908,757.6182,True,-1.4319,True,1.0944,True,-2.0607,True,0.9092
SPY,C0_Baseline,DCA_ADDITION,2026-07-01,2026-07-02,745.76,744.78,True,-0.4149,False,,True,-2.1857,False,
SPY,C0_Baseline,DCA_ADDITION,2026-08-03,2026-08-04,757.67,771.33,True,-1.2381,False,,True,1.238,False,
SPY,C0_Baseline,DCA_ADDITION,2026-09-01,2026-09-02,761.78,765.16,False,,False,,False,,False,
SPY,C1_Decoupled_Scores,TREND_BUY,2014-04-18,2014-04-21,151.6763,152.2052,True,0.9089,True,6.1521,True,0.8906,True,5.9886
SPY,C1_Decoupled_Scores,DCA_ADDITION,2014-05-01,2014-05-02,153.255,153.0353,True,2.4566,True,5.6404,True,2.1452,True,5.9852
SPY,C1_Decoupled_Scores,DCA_ADDITION,2014-06-02,2014-06-03,156.9739,156.8925,True,2.6837,True,4.4035,True,1.9481,True,4.2816
SPY,C1_Decoupled_Scores,DCA_ADDITION,2014-07-01,2014-07-02,161.103,161.2665,True,-0.1268,True,1.6543,True,-0.0406,True,0.9672
SPY,C1_Decoupled_Scores,DCA_ADDITION,2014-08-01,2014-08-04,157.399,158.5356,True,3.5174,True,1.6436,True,4.2649,True,2.5185
SPY,C1_Decoupled_Scores,DCA_ADDITION,2014-09-01,2014-09-02,164.1119,164.0302,True,-1.3305,True,3.7227,True,-1.1193,True,3.7461
SPY,C1_Decoupled_Scores,DCA_ADDITION,2014-10-01,2014-10-02,159.6544,159.6791,True,2.5723,True,7.4786,True,1.9346,True,7.4951
SPY,C1_Decoupled_Scores,DCA_ADDITION,2014-11-03,2014-11-04,165.7498,165.1748,True,2.994,True,1.3871,True,1.9775,True,2.3858
SPY,C1_Decoupled_Scores,DCA_ADDITION,2014-12-01,2014-12-02,169.0275,170.1201,True,0.7995,True,2.8437,True,1.9984,True,3.2153
SPY,C1_Decoupled_Scores,DCA_ADDITION,2015-01-01,2015-01-02,169.7787,169.6879,True,-2.911,True,0.5979,True,-1.7271,True,0.3145
SPY,C1_Decoupled_Scores,DCA_ADDITION,2015-02-02,2015-02-03,166.7886,169.2005,True,3.0658,True,3.6828,True,4.9871,True,4.8488
SPY,C1_Decoupled_Scores,DCA_ADDITION,2015-03-02,2015-03-03,175.1065,174.3879,True,-1.785,True,0.2465,True,-1.3258,True,0.9202
SPY,C1_Decoupled_Scores,DCA_ADDITION,2015-04-01,2015-04-02,170.6693,171.2833,True,0.9785,True,2.1511,True,2.3675,True,2.8312
SPY,C1_Decoupled_Scores,DCA_ADDITION,2015-05-01,2015-05-04,174.8344,175.3322,True,0.1183,True,-1.6677,True,0.1993,True,-0.8106
SPY,C1_Decoupled_Scores,DCA_ADDITION,2015-06-01,2015-06-02,175.5397,175.3654,True,-2.1332,True,-10.9666,True,-2.4346,True,-9.9959
SPY,C1_Decoupled_Scores,EXIT_SELL,2015-06-29,2015-06-30,171.2661,171.6245,True,1.6905,True,-5.3106,True,0.6669,True,-3.8646
SPY,C1_Decoupled_Scores,TREND_BUY,2015-07-15,2015-07-16,175.5931,177.0022,True,-1.7146,True,-4.731,True,-0.8024,True,-4.8257
SPY,C1_Decoupled_Scores,DCA_ADDITION,2015-08-03,2015-08-04,174.9095,174.5676,True,-8.4105,True,-0.8147,True,-5.7772,True,-0.8169
SPY,C1_Decoupled_Scores,DCA_ADDITION,2015-09-01,2015-09-02,159.8855,162.9203,True,-1.4246,True,7.6753,True,-1.3933,True,9.7348
SPY,C1_Decoupled_Scores,EXIT_SELL,2015-09-10,2015-09-11,163.2872,164.0293,True,2.865,True,7.1006,True,3.2709,True,5.5292
SPY,C1_Decoupled_Scores,TREND_BUY,2015-10-09,2015-10-12,168.7287,168.888,True,3.2553,True,0.3455,True,4.3262,True,1.8643
SPY,C1_Decoupled_Scores,DCA_ADDITION,2015-11-02,2015-11-03,176.3217,176.8329,True,-0.1517,True,-9.3214,True,-0.808,True,-10.2825
SPY,C1_Decoupled_Scores,DCA_ADDITION,2015-12-01,2015-12-02,176.5647,174.7628,True,-0.6591,True,-6.8,True,-0.971,True,-8.1714
SPY,C1_Decoupled_Scores,DCA_ADDITION,2016-01-01,2016-01-04,171.8743,169.4715,True,-3.6663,True,1.6259,True,-4.9787,True,0.146
SPY,C1_Decoupled_Scores,EXIT_SELL,2016-01-04,2016-01-05,169.4715,169.7582,True,-5.5621,True,2.3927,True,-3.6663,True,1.6259
SPY,C1_Decoupled_Scores,TREND_BUY,2016-02-29,2016-03-01,163.1824,167.0182,True,4.0724,True,5.4678,True,5.5426,True,6.5656
SPY,C1_Decoupled_Scores,DCA_ADDITION,2016-04-01,2016-04-04,175.3453,174.7776,True,0.834,True,-2.721,True,-0.2851,True,-1.2676
SPY,C1_Decoupled_Scores,DCA_ADDITION,2016-05-02,2016-05-03,176.2351,174.7013,True,1.785,True,5.6835,True,1.0915,True,4.7154
SPY,C1_Decoupled_Scores,DCA_ADDITION,2016-06-01,2016-06-02,178.1841,178.7265,True,-0.1615,True,3.7562,True,-1.2057,True,4.1437
SPY,C1_Decoupled_Scores,DCA_ADDITION,2016-07-01,2016-07-04,178.8126,178.8126,True,3.3442,True,2.5735,True,3.4299,True,3.4113
SPY,C1_Decoupled_Scores,DCA_ADDITION,2016-08-01,2016-08-02,184.7924,183.6083,True,1.1366,True,-0.1383,True,0.6545,True,-0.4446
SPY,C1_Decoupled_Scores,DCA_ADDITION,2016-09-01,2016-09-02,185.1757,186.0105,True,-0.4476,True,1.9549,True,-0.7478,True,2.0354
SPY,C1_Decoupled_Scores,DCA_ADDITION,2016-10-03,2016-10-04,184.7328,183.791,True,-1.7095,True,6.02,True,-1.4969,True,5.2184
SPY,C1_Decoupled_Scores,DCA_ADDITION,2016-11-01,2016-11-02,180.649,179.5617,True,5.073,True,10.0997,True,4.6918,True,8.498
SPY,C1_Decoupled_Scores,DCA_ADDITION,2016-12-01,2016-12-02,187.9774,188.0715,True,2.3523,True,8.401,True,2.7792,True,8.3179
SPY,C1_Decoupled_Scores,DCA_ADDITION,2017-01-02,2017-01-03,192.4955,193.9681,True,1.0167,True,4.9297,True,1.7984,True,4.9686
SPY,C1_Decoupled_Scores,DCA_ADDITION,2017-02-01,2017-02-02,196.0177,196.1469,True,4.6099,True,5.2105,True,5.3423,True,5.1916
SPY,C1_Decoupled_Scores,DCA_ADDITION,2017-03-01,2017-03-02,206.4895,205.1891,True,-0.3996,True,1.9061,True,-1.341,True,0.7827
SPY,C1_Decoupled_Scores,DCA_ADDITION,2017-04-03,2017-04-04,203.539,203.6686,True,1.3972,True,2.9841,True,1.4235,True,3.8866
SPY,C1_Decoupled_Scores,DCA_ADDITION,2017-05-01,2017-05-02,206.4364,206.5142,True,1.1433,True,4.128,True,1.2695,True,3.9147
SPY,C1_Decoupled_Scores,DCA_ADDITION,2017-06-01,2017-06-02,210.4841,211.1847,True,-0.4877,True,0.6482,True,-0.3423,True,0.7478
SPY,C1_Decoupled_Scores,DCA_ADDITION,2017-07-03,2017-07-04,210.5111,210.5111,True,2.1097,True,3.3467,True,1.8827,True,3.2845
SPY,C1_Decoupled_Scores,DCA_ADDITION,2017-08-01,2017-08-02,214.9523,215.0566,True,-0.5779,True,3.6845,True,-0.9987,True,4.2509
SPY,C1_Decoupled_Scores,DCA_ADDITION,2017-09-01,2017-09-04,215.4043,215.4043,True,2.3128,True,5.5203,True,1.8709,True,5.573
SPY,C1_Decoupled_Scores,DCA_ADDITION,2017-10-02,2017-10-03,220.3863,220.8579,True,1.6966,True,6.2073,True,1.7557,True,6.5621
SPY,C1_Decoupled_Scores,DCA_ADDITION,2017-11-01,2017-11-02,224.9019,224.9893,True,2.8805,True,10.5431,True,2.0273,True,10.5392
SPY,C1_Decoupled_Scores,DCA_ADDITION,2017-12-01,2017-12-04,230.9898,230.7103,True,1.5461,True,5.7471,True,1.4233,True,4.4068
SPY,C1_Decoupled_Scores,DCA_ADDITION,2018-01-01,2018-01-02,234.2774,235.9543,True,4.8332,True,-2.6514,True,6.6777,True,-0.2578
SPY,C1_Decoupled_Scores,DCA_ADDITION,2018-02-01,2018-02-02,247.2003,241.8187,True,-2.3126,True,-2.8398,True,-4.9293,True,-5.0442
SPY,C1_Decoupled_Scores,DCA_ADDITION,2018-03-01,2018-03-02,235.015,236.2265,True,-1.8122,True,1.546,True,-1.306,True,2.3132
SPY,C1_Decoupled_Scores,DCA_ADDITION,2018-04-02,2018-04-03,226.9392,229.848,True,1.6145,True,4.6208,True,2.7343,True,5.7276
SPY,C1_Decoupled_Scores,DCA_ADDITION,2018-05-01,2018-05-02,233.5587,231.9898,True,3.5752,True,8.3911,True,1.5246,True,6.7531
SPY,C1_Decoupled_Scores,DCA_ADDITION,2018-06-01,2018-06-04,241.1565,242.3024,True,-0.6618,True,5.8863,True,-0.4027,True,5.5559
SPY,C1_Decoupled_Scores,DCA_ADDITION,2018-07-02,2018-07-03,240.6989,239.8489,True,3.8501,True,7.8133,True,2.9758,True,7.5323
SPY,C1_Decoupled_Scores,DCA_ADDITION,2018-08-01,2018-08-02,248.6673,250.0219,True,2.8011,True,-3.9263,True,3.7813,True,-5.1054
SPY,C1_Decoupled_Scores,DCA_ADDITION,2018-09-03,2018-09-04,257.0341,256.5915,True,1.0593,True,-6.9684,True,0.944,True,-7.44
SPY,C1_Decoupled_Scores,DCA_ADDITION,2018-10-01,2018-10-02,259.4606,259.3095,True,-8.1596,True,-19.1561,True,-9.5534,True,-19.2032
SPY,C1_Decoupled_Scores,DCA_ADDITION,2018-11-01,2018-11-02,243.256,241.8152,True,1.3829,True,-1.6764,True,0.1719,True,-3.0789
SPY,C1_Decoupled_Scores,EXIT_SELL,2018-11-14,2018-11-15,240.3121,242.8201,True,-2.802,True,-0.477,True,-1.7543,True,1.5295
SPY,C1_Decoupled_Scores,TREND_BUY,2019-01-18,2019-01-21,238.3697,238.3697,True,4.0944,True,9.3024,True,4.0944,True,9.3741
SPY,C1_Decoupled_Scores,DCA_ADDITION,2019-02-01,2019-02-04,241.5902,243.2899,True,2.7357,True,8.5323,True,3.8362,True,9.1248
SPY,C1_Decoupled_Scores,DCA_ADDITION,2019-03-01,2019-03-04,250.8581,249.9456,True,2.7519,True,1.6556,True,1.1783,True,1.2858
SPY,C1_Decoupled_Scores,DCA_ADDITION,2019-04-01,2019-04-02,256.824,256.9498,True,2.815,True,2.1695,True,2.8129,True,3.2321
SPY,C1_Decoupled_Scores,DCA_ADDITION,2019-05-01,2019-05-02,262.1972,261.6311,True,-4.1727,True,3.5301,True,-4.64,True,3.8025
SPY,C1_Decoupled_Scores,DCA_ADDITION,2019-06-03,2019-06-04,246.7067,252.0619,True,6.1818,True,2.7573,True,8.2048,True,5.4014
SPY,C1_Decoupled_Scores,DCA_ADDITION,2019-07-01,2019-07-02,266.9485,267.6437,True,1.4473,True,0.272,True,1.9617,True,1.3283
SPY,C1_Decoupled_Scores,DCA_ADDITION,2019-08-01,2019-08-02,266.2081,264.2037,True,-0.0581,True,3.5448,True,-0.7665,True,2.3461
SPY,C1_Decoupled_Scores,DCA_ADDITION,2019-09-02,2019-09-03,264.0503,262.5063,True,1.3256,True,8.5266,True,1.9457,True,7.6482
SPY,C1_Decoupled_Scores,DCA_ADDITION,2019-10-01,2019-10-02,265.9862,261.2876,True,5.5822,True,12.0632,True,3.4,True,10.0837
SPY,C1_Decoupled_Scores,DCA_ADDITION,2019-11-01,2019-11-04,277.6873,278.803,True,1.3892,True,5.7652,True,2.6687,True,7.92
SPY,C1_Decoupled_Scores,DCA_ADDITION,2019-12-02,2019-12-03,282.6761,280.7803,True,4.488,True,1.4981,True,3.5356,True,3.9678
SPY,C1_Decoupled_Scores,DCA_ADDITION,2020-01-01,2020-01-02,293.3817,296.1253,True,0.865,True,-19.1258,True,1.4789,True,-22.873
SPY,C1_Decoupled_Scores,DCA_ADDITION,2020-02-03,2020-02-04,295.4416,299.9446,True,-8.7583,True,-12.6572,True,-4.6371,True,-10.9163
SPY,C1_Decoupled_Scores,DCA_ADDITION,2020-03-02,2020-03-03,281.7416,273.6746,True,-13.6472,True,0.1994,True,-14.8505,True,-3.8541
SPY,C1_Decoupled_Scores,EXIT_SELL,2020-03-27,2020-03-30,232.3556,239.9015,True,9.7076,True,19.2382,True,11.6605,True,22.3259
SPY,C1_Decoupled_Scores,TREND_BUY,2020-04-28,2020-04-29,261.9799,268.8382,True,3.5196,True,11.967,True,4.6723,True,14.2478
SPY,C1_Decoupled_Scores,DCA_ADDITION,2020-05-01,2020-05-04,259.2843,259.9995,True,7.7512,True,14.484,True,7.6134,True,13.9687
SPY,C1_Decoupled_Scores,EXIT_SELL,2020-05-13,2020-05-14,258.1932,261.2831,True,5.4883,True,17.8374,True,13.2813,True,18.4558
SPY,C1_Decoupled_Scores,TREND_BUY,2020-05-14,2020-05-15,261.2831,262.4842,True,6.2631,True,17.3824,True,5.4883,True,17.8374
SPY,C1_Decoupled_Scores,DCA_ADDITION,2020-06-01,2020-06-02,280.1525,282.4722,True,0.5313,True,12.1897,True,0.0817,True,12.7243
SPY,C1_Decoupled_Scores,EXIT_SELL,2020-06-11,2020-06-12,275.6231,278.9239,True,4.8577,True,13.1052,True,5.0409,True,15.402
SPY,C1_Decoupled_Scores,TREND_BUY,2020-06-12,2020-06-15,278.9239,281.5278,True,2.9883,True,12.0591,True,4.8577,True,13.1052
SPY,C1_Decoupled_Scores,DCA_ADDITION,2020-07-01,2020-07-02,285.9622,287.537,True,3.7568,True,4.0243,True,4.7018,True,4.3191
SPY,C1_Decoupled_Scores,DCA_ADDITION,2020-08-03,2020-08-04,302.7874,303.9569,True,6.8291,True,2.8825,True,6.2411,True,3.6372
SPY,C1_Decoupled_Scores,DCA_ADDITION,2020-09-01,2020-09-02,324.7144,329.411,True,-6.0021,True,1.7925,True,-5.3601,True,3.4242
SPY,C1_Decoupled_Scores,DCA_ADDITION,2020-10-01,2020-10-02,311.6274,308.6686,True,-2.1867,True,11.0032,True,-2.0947,True,9.9492
SPY,C1_Decoupled_Scores,DCA_ADDITION,2020-11-02,2020-11-03,305.3031,310.6935,True,8.9248,True,14.6999,True,9.6487,True,16.9075
SPY,C1_Decoupled_Scores,DCA_ADDITION,2020-12-01,2020-12-02,338.4222,339.1343,True,1.85,True,7.2657,True,1.9189,True,6.3198
SPY,C1_Decoupled_Scores,DCA_ADDITION,2021-01-01,2021-01-04,347.1632,342.4369,True,2.0174,True,7.67,True,-1.0191,True,6.2579
SPY,C1_Decoupled_Scores,DCA_ADDITION,2021-02-01,2021-02-02,349.3453,354.2851,True,1.3078,True,9.7858,True,3.5484,True,11.3621
SPY,C1_Decoupled_Scores,DCA_ADDITION,2021-03-01,2021-03-02,361.7413,358.9185,True,2.4533,True,8.5553,True,1.9242,True,7.9478
SPY,C1_Decoupled_Scores,DCA_ADDITION,2021-04-01,2021-04-02,373.2015,373.2015,True,4.1661,True,6.8385,True,4.8551,True,6.4603
SPY,C1_Decoupled_Scores,DCA_ADDITION,2021-05-03,2021-05-04,389.588,387.1846,True,0.9744,True,5.9733,True,0.44,True,5.8017
SPY,C1_Decoupled_Scores,DCA_ADDITION,2021-06-01,2021-06-02,390.9575,391.5723,True,2.1722,True,7.1488,True,2.2468,True,7.0926
SPY,C1_Decoupled_Scores,DCA_ADDITION,2021-07-01,2021-07-02,402.2931,405.368,True,1.1044,True,2.6773,True,2.3744,True,3.292
SPY,C1_Decoupled_Scores,DCA_ADDITION,2021-08-02,2021-08-03,408.985,412.3124,True,2.3597,True,3.6883,True,3.3456,True,4.4378
SPY,C1_Decoupled_Scores,DCA_ADDITION,2021-09-01,2021-09-02,422.2661,423.5653,True,-5.0034,True,3.9175,True,-3.5321,True,4.2373
SPY,C1_Decoupled_Scores,DCA_ADDITION,2021-10-01,2021-10-04,407.1543,401.9036,True,7.3255,True,11.734,True,5.7595,True,8.754
SPY,C1_Decoupled_Scores,DCA_ADDITION,2021-11-01,2021-11-02,431.345,433.0891,True,-1.3726,True,-5.6081,True,0.9912,True,-4.055
SPY,C1_Decoupled_Scores,DCA_ADDITION,2021-12-01,2021-12-02,422.4001,428.8697,True,4.4672,True,-6.0331,True,6.3613,True,-6.0083
SPY,C1_Decoupled_Scores,DCA_ADDITION,2022-01-03,2022-01-04,449.4864,449.3358,True,-5.1513,True,-3.0502,True,-5.8194,True,-4.2669
SPY,C1_Decoupled_Scores,DCA_ADDITION,2022-02-01,2022-02-02,426.1893,430.3293,True,-4.2549,True,-8.4801,True,-5.0712,True,-7.8502
SPY,C1_Decoupled_Scores,EXIT_SELL,2022-02-03,2022-02-04,420.2145,422.1905,True,-3.684,True,-7.894,True,-2.4384,True,-3.9098
SPY,C1_Decoupled_Scores,TREND_BUY,2022-03-22,2022-03-23,424.3419,418.8771,True,0.2051,True,-14.5561,True,-1.012,True,-16.842
SPY,C1_Decoupled_Scores,DCA_ADDITION,2022-04-01,2022-04-04,427.485,431.1471,True,-9.2644,True,-14.5647,True,-9.0347,True,-13.5024
SPY,C1_Decoupled_Scores,DCA_ADDITION,2022-05-02,2022-05-03,391.2037,392.997,True,-0.8286,True,-5.7163,True,0.1882,True,-4.1501
SPY,C1_Decoupled_Scores,EXIT_SELL,2022-05-24,2022-05-25,371.7701,375.0545,True,-5.376,True,7.8323,True,-4.3667,True,9.5626
SPY,C1_Decoupled_Scores,PANIC_BUY,2022-06-24,2022-06-27,369.7643,368.352,True,1.7962,True,0.4004,True,1.2844,True,-0.7527
SPY,C1_Decoupled_Scores,DCA_ADDITION,2022-07-01,2022-07-04,361.3847,361.3847,True,7.7458,True,-4.0482,True,8.0658,True,-3.0895
SPY,C1_Decoupled_Scores,DCA_ADDITION,2022-08-01,2022-08-02,389.3768,386.808,True,-2.4139,True,-5.2832,True,-1.9816,True,-7.387
SPY,C1_Decoupled_Scores,EXIT_SELL,2022-08-24,2022-08-25,392.1259,397.6616,True,-10.4295,True,-5.6377,True,-8.3955,True,-4.0118
SPY,C1_Decoupled_Scores,TREND_BUY,2022-08-25,2022-08-26,397.6616,384.2011,True,-8.8447,True,-1.8882,True,-10.4295,True,-5.6377
SPY,C1_Decoupled_Scores,DCA_ADDITION,2022-09-01,2022-09-02,375.7742,371.8118,True,-8.5643,True,2.9938,True,-8.1075,True,1.9305
SPY,C1_Decoupled_Scores,EXIT_SELL,2022-09-15,2022-09-16,369.8023,366.981,True,-7.244,True,2.0023,True,-5.805,True,1.986
SPY,C1_Decoupled_Scores,PANIC_BUY,2022-10-13,2022-10-14,348.3351,340.3969,True,11.4308,True,9.0127,True,7.8476,True,4.1403
SPY,C1_Decoupled_Scores,DCA_ADDITION,2022-11-01,2022-11-02,365.9912,356.8062,True,8.7524,True,7.2875,True,2.7853,True,4.5557
SPY,C1_Decoupled_Scores,DCA_ADDITION,2022-12-01,2022-12-02,387.7497,387.3024,True,-5.5845,True,-2.1405,True,-5.4444,True,-1.198
SPY,C1_Decoupled_Scores,EXIT_SELL,2022-12-06,2022-12-07,374.8525,374.2148,True,-1.9426,True,0.8629,True,-2.8594,True,1.0791
SPY,C1_Decoupled_Scores,TREND_BUY,2022-12-07,2022-12-08,374.2148,377.1464,True,-3.8153,True,0.8573,True,-1.9426,True,0.8629
SPY,C1_Decoupled_Scores,DCA_ADDITION,2023-01-02,2023-01-03,365.6734,364.1339,True,6.7381,True,4.2776,True,4.7486,True,4.0722
SPY,C1_Decoupled_Scores,DCA_ADDITION,2023-02-01,2023-02-02,392.8004,398.5184,True,-4.5516,True,-0.6709,True,-3.9095,True,-1.192
SPY,C1_Decoupled_Scores,DCA_ADDITION,2023-03-01,2023-03-02,377.444,380.3795,True,1.8679,True,4.631,True,2.0626,True,4.5394
SPY,C1_Decoupled_Scores,DCA_ADDITION,2023-04-03,2023-04-04,394.4434,392.255,True,0.531,True,7.1256,True,1.1096,True,5.376
SPY,C1_Decoupled_Scores,DCA_ADDITION,2023-05-01,2023-05-02,398.8203,394.3379,True,2.2734,True,11.2676,True,1.0854,True,9.7175
SPY,C1_Decoupled_Scores,DCA_ADDITION,2023-06-01,2023-06-02,404.8769,410.7318,True,3.9742,True,3.1979,True,4.2476,True,3.9574
SPY,C1_Decoupled_Scores,DCA_ADDITION,2023-07-03,2023-07-04,427.5467,427.5467,True,2.8594,True,-3.6972,True,3.1547,True,-2.2613
SPY,C1_Decoupled_Scores,DCA_ADDITION,2023-08-01,2023-08-02,439.7722,433.6546,True,0.1955,True,-6.9107,True,-1.6036,True,-6.869
SPY,C1_Decoupled_Scores,DCA_ADDITION,2023-09-01,2023-09-04,434.6758,434.6758,True,-4.9586,True,1.0845,True,-4.9208,True,1.2669
SPY,C1_Decoupled_Scores,DCA_ADDITION,2023-10-02,2023-10-03,413.1219,407.5918,True,-0.8041,True,13.2803,True,-2.7427,True,11.294
SPY,C1_Decoupled_Scores,EXIT_SELL,2023-10-19,2023-10-20,412.2712,407.2052,True,7.0277,True,13.6334,True,5.5812,True,12.1594
SPY,C1_Decoupled_Scores,TREND_BUY,2023-11-07,2023-11-08,422.4225,422.7319,True,4.0046,True,10.8834,True,4.5019,True,12.8053
SPY,C1_Decoupled_Scores,DCA_ADDITION,2023-12-01,2023-12-04,443.8565,441.5265,True,4.4991,True,11.2443,True,3.9506,True,11.0671
SPY,C1_Decoupled_Scores,DCA_ADDITION,2024-01-01,2024-01-02,461.3913,458.8092,True,3.8591,True,10.1073,True,3.3578,True,9.6937
SPY,C1_Decoupled_Scores,DCA_ADDITION,2024-02-01,2024-02-02,474.8746,479.8738,True,3.7423,True,3.1332,True,3.8594,True,3.2409
SPY,C1_Decoupled_Scores,DCA_ADDITION,2024-03-01,2024-03-04,497.832,497.2981,True,2.2413,True,3.6668,True,2.3097,True,3.5556
SPY,C1_Decoupled_Scores,DCA_ADDITION,2024-04-01,2024-04-02,508.4442,505.2115,True,-3.2496,True,5.348,True,-2.3173,True,4.2766
SPY,C1_Decoupled_Scores,DCA_ADDITION,2024-05-01,2024-05-02,487.2072,491.7642,True,3.481,True,6.9534,True,5.1464,True,8.5192
SPY,C1_Decoupled_Scores,DCA_ADDITION,2024-06-03,2024-06-04,513.936,514.5107,True,4.2376,True,6.6204,True,3.6566,True,6.5933
SPY,C1_Decoupled_Scores,DCA_ADDITION,2024-07-01,2024-07-02,532.7285,536.3136,True,-1.2768,True,4.3792,True,-0.1063,True,4.7819
SPY,C1_Decoupled_Scores,DCA_ADDITION,2024-08-01,2024-08-02,530.4524,520.5763,True,5.7759,True,8.9916,True,2.825,True,6.9992
SPY,C1_Decoupled_Scores,DCA_ADDITION,2024-09-02,2024-09-03,550.6443,539.3126,True,3.3119,True,9.1313,True,2.1005,True,6.3303
SPY,C1_Decoupled_Scores,DCA_ADDITION,2024-10-01,2024-10-02,557.1739,557.4091,True,1.9601,True,6.0584,True,2.3126,True,6.1031
SPY,C1_Decoupled_Scores,DCA_ADDITION,2024-11-01,2024-11-04,559.5452,558.3399,True,5.9353,True,5.5417,True,5.518,True,6.8255
SPY,C1_Decoupled_Scores,DCA_ADDITION,2024-12-02,2024-12-03,591.4792,591.7535,True,-2.6258,True,-1.2701,True,-2.2249,True,-0.7306
SPY,C1_Decoupled_Scores,DCA_ADDITION,2025-01-01,2025-01-02,576.2153,574.7995,True,3.4893,True,-2.7118,True,2.6839,True,-2.6924
SPY,C1_Decoupled_Scores,DCA_ADDITION,2025-02-03,2025-02-04,587.7085,591.6511,True,-4.1411,True,-7.6095,True,-2.342,True,-7.572
SPY,C1_Decoupled_Scores,DCA_ADDITION,2025-03-03,2025-03-04,573.9442,567.1505,True,-2.462,True,2.7855,True,-3.8881,True,-0.4998
SPY,C1_Decoupled_Scores,DCA_ADDITION,2025-04-01,2025-04-02,553.187,556.6877,True,-1.7679,True,7.8642,True,-1.1854,True,8.486
SPY,C1_Decoupled_Scores,DCA_ADDITION,2025-05-01,2025-05-02,550.7217,558.8967,True,3.9929,True,12.7432,True,5.6547,True,13.9355
SPY,C1_Decoupled_Scores,DCA_ADDITION,2025-06-02,2025-06-03,584.4867,587.8198,True,3.9232,True,8.5519,True,4.5497,True,8.7158
SPY,C1_Decoupled_Scores,DCA_ADDITION,2025-07-01,2025-07-02,610.8813,613.6506,True,2.258,True,6.8471,True,2.8511,True,7.674
SPY,C1_Decoupled_Scores,DCA_ADDITION,2025-08-01,2025-08-04,614.9066,624.2531,True,2.1991,True,8.8676,True,3.7525,True,9.2337
SPY,C1_Decoupled_Scores,DCA_ADDITION,2025-09-01,2025-09-02,637.981,633.2534,True,4.3352,True,5.7197,True,3.1734,True,3.9584
SPY,C1_Decoupled_Scores,DCA_ADDITION,2025-10-01,2025-10-02,662.9575,663.7211,True,1.5854,True,3.4667,True,2.8334,True,3.5859
SPY,C1_Decoupled_Scores,DCA_ADDITION,2025-11-03,2025-11-04,677.7252,669.6917,True,0.9315,True,3.3033,True,-0.4493,True,1.6737
SPY,C1_Decoupled_Scores,DCA_ADDITION,2025-12-01,2025-12-02,674.6804,675.9301,True,1.1019,True,1.152,True,1.413,True,0.6081
SPY,C1_Decoupled_Scores,DCA_ADDITION,2026-01-01,2026-01-02,678.3152,679.5586,True,1.2881,True,-6.9307,True,1.7773,True,-5.1426
SPY,C1_Decoupled_Scores,DCA_ADDITION,2026-02-02,2026-02-03,691.7339,685.885,True,-1.3342,True,3.4957,True,-1.2985,True,3.1223
SPY,C1_Decoupled_Scores,DCA_ADDITION,2026-03-02,2026-03-03,682.7517,676.7337,True,-4.1471,True,10.6286,True,-7.6757,True,8.9304
SPY,C1_Decoupled_Scores,DCA_ADDITION,2026-04-01,2026-04-02,653.5563,654.1448,True,9.5802,True,12.2534,True,8.5984,True,12.1923
SPY,C1_Decoupled_Scores,DCA_ADDITION,2026-05-01,2026-05-04,718.7982,716.165,True,5.6448,True,3.2011,True,4.9719,True,2.8008
SPY,C1_Decoupled_Scores,DCA_ADDITION,2026-06-01,2026-06-02,756.5908,757.6182,True,-1.4319,True,1.0944,True,-2.0607,True,0.9092
SPY,C1_Decoupled_Scores,DCA_ADDITION,2026-07-01,2026-07-02,745.76,744.78,True,-0.4149,False,,True,-2.1857,False,
SPY,C1_Decoupled_Scores,DCA_ADDITION,2026-08-03,2026-08-04,757.67,771.33,True,-1.2381,False,,True,1.238,False,
SPY,C1_Decoupled_Scores,DCA_ADDITION,2026-09-01,2026-09-02,761.78,765.16,False,,False,,False,,False,
SPY,C2_Panic_Latch,TREND_BUY,2014-04-18,2014-04-21,151.6763,152.2052,True,0.9089,True,6.1521,True,0.8906,True,5.9886
SPY,C2_Panic_Latch,DCA_ADDITION,2014-05-01,2014-05-02,153.255,153.0353,True,2.4566,True,5.6404,True,2.1452,True,5.9852
SPY,C2_Panic_Latch,DCA_ADDITION,2014-06-02,2014-06-03,156.9739,156.8925,True,2.6837,True,4.4035,True,1.9481,True,4.2816
SPY,C2_Panic_Latch,DCA_ADDITION,2014-07-01,2014-07-02,161.103,161.2665,True,-0.1268,True,1.6543,True,-0.0406,True,0.9672
SPY,C2_Panic_Latch,DCA_ADDITION,2014-08-01,2014-08-04,157.399,158.5356,True,3.5174,True,1.6436,True,4.2649,True,2.5185
SPY,C2_Panic_Latch,DCA_ADDITION,2014-09-01,2014-09-02,164.1119,164.0302,True,-1.3305,True,3.7227,True,-1.1193,True,3.7461
SPY,C2_Panic_Latch,DCA_ADDITION,2014-10-01,2014-10-02,159.6544,159.6791,True,2.5723,True,7.4786,True,1.9346,True,7.4951
SPY,C2_Panic_Latch,DCA_ADDITION,2014-11-03,2014-11-04,165.7498,165.1748,True,2.994,True,1.3871,True,1.9775,True,2.3858
SPY,C2_Panic_Latch,DCA_ADDITION,2014-12-01,2014-12-02,169.0275,170.1201,True,0.7995,True,2.8437,True,1.9984,True,3.2153
SPY,C2_Panic_Latch,DCA_ADDITION,2015-01-01,2015-01-02,169.7787,169.6879,True,-2.911,True,0.5979,True,-1.7271,True,0.3145
SPY,C2_Panic_Latch,DCA_ADDITION,2015-02-02,2015-02-03,166.7886,169.2005,True,3.0658,True,3.6828,True,4.9871,True,4.8488
SPY,C2_Panic_Latch,DCA_ADDITION,2015-03-02,2015-03-03,175.1065,174.3879,True,-1.785,True,0.2465,True,-1.3258,True,0.9202
SPY,C2_Panic_Latch,DCA_ADDITION,2015-04-01,2015-04-02,170.6693,171.2833,True,0.9785,True,2.1511,True,2.3675,True,2.8312
SPY,C2_Panic_Latch,DCA_ADDITION,2015-05-01,2015-05-04,174.8344,175.3322,True,0.1183,True,-1.6677,True,0.1993,True,-0.8106
SPY,C2_Panic_Latch,DCA_ADDITION,2015-06-01,2015-06-02,175.5397,175.3654,True,-2.1332,True,-10.9666,True,-2.4346,True,-9.9959
SPY,C2_Panic_Latch,EXIT_SELL,2015-06-29,2015-06-30,171.2661,171.6245,True,1.6905,True,-5.3106,True,0.6669,True,-3.8646
SPY,C2_Panic_Latch,TREND_BUY,2015-07-15,2015-07-16,175.5931,177.0022,True,-1.7146,True,-4.731,True,-0.8024,True,-4.8257
SPY,C2_Panic_Latch,DCA_ADDITION,2015-08-03,2015-08-04,174.9095,174.5676,True,-8.4105,True,-0.8147,True,-5.7772,True,-0.8169
SPY,C2_Panic_Latch,DCA_ADDITION,2015-09-01,2015-09-02,159.8855,162.9203,True,-1.4246,True,7.6753,True,-1.3933,True,9.7348
SPY,C2_Panic_Latch,EXIT_SELL,2015-09-10,2015-09-11,163.2872,164.0293,True,2.865,True,7.1006,True,3.2709,True,5.5292
SPY,C2_Panic_Latch,TREND_BUY,2015-10-09,2015-10-12,168.7287,168.888,True,3.2553,True,0.3455,True,4.3262,True,1.8643
SPY,C2_Panic_Latch,DCA_ADDITION,2015-11-02,2015-11-03,176.3217,176.8329,True,-0.1517,True,-9.3214,True,-0.808,True,-10.2825
SPY,C2_Panic_Latch,DCA_ADDITION,2015-12-01,2015-12-02,176.5647,174.7628,True,-0.6591,True,-6.8,True,-0.971,True,-8.1714
SPY,C2_Panic_Latch,DCA_ADDITION,2016-01-01,2016-01-04,171.8743,169.4715,True,-3.6663,True,1.6259,True,-4.9787,True,0.146
SPY,C2_Panic_Latch,EXIT_SELL,2016-01-04,2016-01-05,169.4715,169.7582,True,-5.5621,True,2.3927,True,-3.6663,True,1.6259
SPY,C2_Panic_Latch,TREND_BUY,2016-02-29,2016-03-01,163.1824,167.0182,True,4.0724,True,5.4678,True,5.5426,True,6.5656
SPY,C2_Panic_Latch,DCA_ADDITION,2016-04-01,2016-04-04,175.3453,174.7776,True,0.834,True,-2.721,True,-0.2851,True,-1.2676
SPY,C2_Panic_Latch,DCA_ADDITION,2016-05-02,2016-05-03,176.2351,174.7013,True,1.785,True,5.6835,True,1.0915,True,4.7154
SPY,C2_Panic_Latch,DCA_ADDITION,2016-06-01,2016-06-02,178.1841,178.7265,True,-0.1615,True,3.7562,True,-1.2057,True,4.1437
SPY,C2_Panic_Latch,DCA_ADDITION,2016-07-01,2016-07-04,178.8126,178.8126,True,3.3442,True,2.5735,True,3.4299,True,3.4113
SPY,C2_Panic_Latch,DCA_ADDITION,2016-08-01,2016-08-02,184.7924,183.6083,True,1.1366,True,-0.1383,True,0.6545,True,-0.4446
SPY,C2_Panic_Latch,DCA_ADDITION,2016-09-01,2016-09-02,185.1757,186.0105,True,-0.4476,True,1.9549,True,-0.7478,True,2.0354
SPY,C2_Panic_Latch,DCA_ADDITION,2016-10-03,2016-10-04,184.7328,183.791,True,-1.7095,True,6.02,True,-1.4969,True,5.2184
SPY,C2_Panic_Latch,DCA_ADDITION,2016-11-01,2016-11-02,180.649,179.5617,True,5.073,True,10.0997,True,4.6918,True,8.498
SPY,C2_Panic_Latch,DCA_ADDITION,2016-12-01,2016-12-02,187.9774,188.0715,True,2.3523,True,8.401,True,2.7792,True,8.3179
SPY,C2_Panic_Latch,DCA_ADDITION,2017-01-02,2017-01-03,192.4955,193.9681,True,1.0167,True,4.9297,True,1.7984,True,4.9686
SPY,C2_Panic_Latch,DCA_ADDITION,2017-02-01,2017-02-02,196.0177,196.1469,True,4.6099,True,5.2105,True,5.3423,True,5.1916
SPY,C2_Panic_Latch,DCA_ADDITION,2017-03-01,2017-03-02,206.4895,205.1891,True,-0.3996,True,1.9061,True,-1.341,True,0.7827
SPY,C2_Panic_Latch,DCA_ADDITION,2017-04-03,2017-04-04,203.539,203.6686,True,1.3972,True,2.9841,True,1.4235,True,3.8866
SPY,C2_Panic_Latch,DCA_ADDITION,2017-05-01,2017-05-02,206.4364,206.5142,True,1.1433,True,4.128,True,1.2695,True,3.9147
SPY,C2_Panic_Latch,DCA_ADDITION,2017-06-01,2017-06-02,210.4841,211.1847,True,-0.4877,True,0.6482,True,-0.3423,True,0.7478
SPY,C2_Panic_Latch,DCA_ADDITION,2017-07-03,2017-07-04,210.5111,210.5111,True,2.1097,True,3.3467,True,1.8827,True,3.2845
SPY,C2_Panic_Latch,DCA_ADDITION,2017-08-01,2017-08-02,214.9523,215.0566,True,-0.5779,True,3.6845,True,-0.9987,True,4.2509
SPY,C2_Panic_Latch,DCA_ADDITION,2017-09-01,2017-09-04,215.4043,215.4043,True,2.3128,True,5.5203,True,1.8709,True,5.573
SPY,C2_Panic_Latch,DCA_ADDITION,2017-10-02,2017-10-03,220.3863,220.8579,True,1.6966,True,6.2073,True,1.7557,True,6.5621
SPY,C2_Panic_Latch,DCA_ADDITION,2017-11-01,2017-11-02,224.9019,224.9893,True,2.8805,True,10.5431,True,2.0273,True,10.5392
SPY,C2_Panic_Latch,DCA_ADDITION,2017-12-01,2017-12-04,230.9898,230.7103,True,1.5461,True,5.7471,True,1.4233,True,4.4068
SPY,C2_Panic_Latch,DCA_ADDITION,2018-01-01,2018-01-02,234.2774,235.9543,True,4.8332,True,-2.6514,True,6.6777,True,-0.2578
SPY,C2_Panic_Latch,DCA_ADDITION,2018-02-01,2018-02-02,247.2003,241.8187,True,-2.3126,True,-2.8398,True,-4.9293,True,-5.0442
SPY,C2_Panic_Latch,DCA_ADDITION,2018-03-01,2018-03-02,235.015,236.2265,True,-1.8122,True,1.546,True,-1.306,True,2.3132
SPY,C2_Panic_Latch,DCA_ADDITION,2018-04-02,2018-04-03,226.9392,229.848,True,1.6145,True,4.6208,True,2.7343,True,5.7276
SPY,C2_Panic_Latch,DCA_ADDITION,2018-05-01,2018-05-02,233.5587,231.9898,True,3.5752,True,8.3911,True,1.5246,True,6.7531
SPY,C2_Panic_Latch,DCA_ADDITION,2018-06-01,2018-06-04,241.1565,242.3024,True,-0.6618,True,5.8863,True,-0.4027,True,5.5559
SPY,C2_Panic_Latch,DCA_ADDITION,2018-07-02,2018-07-03,240.6989,239.8489,True,3.8501,True,7.8133,True,2.9758,True,7.5323
SPY,C2_Panic_Latch,DCA_ADDITION,2018-08-01,2018-08-02,248.6673,250.0219,True,2.8011,True,-3.9263,True,3.7813,True,-5.1054
SPY,C2_Panic_Latch,DCA_ADDITION,2018-09-03,2018-09-04,257.0341,256.5915,True,1.0593,True,-6.9684,True,0.944,True,-7.44
SPY,C2_Panic_Latch,DCA_ADDITION,2018-10-01,2018-10-02,259.4606,259.3095,True,-8.1596,True,-19.1561,True,-9.5534,True,-19.2032
SPY,C2_Panic_Latch,DCA_ADDITION,2018-11-01,2018-11-02,243.256,241.8152,True,1.3829,True,-1.6764,True,0.1719,True,-3.0789
SPY,C2_Panic_Latch,EXIT_SELL,2018-11-14,2018-11-15,240.3121,242.8201,True,-2.802,True,-0.477,True,-1.7543,True,1.5295
SPY,C2_Panic_Latch,PANIC_BUY,2018-11-28,2018-11-29,244.2077,243.6741,True,-8.9282,True,1.8469,True,-9.8195,True,1.987
SPY,C2_Panic_Latch,DCA_ADDITION,2018-12-03,2018-12-04,248.4055,240.3566,True,-6.9827,True,3.9597,True,-9.9966,True,0.6632
SPY,C2_Panic_Latch,DCA_ADDITION,2019-01-01,2019-01-02,223.5733,223.806,True,6.955,True,12.2719,True,5.3977,True,12.9795
SPY,C2_Panic_Latch,EXIT_SELL,2019-01-03,2019-01-04,218.4653,225.783,True,7.0011,True,12.415,True,10.5319,True,15.4525
SPY,C2_Panic_Latch,PANIC_BUY,2019-01-18,2019-01-21,238.3697,238.3697,True,4.0944,True,9.3024,True,4.0944,True,9.3741
SPY,C2_Panic_Latch,DCA_ADDITION,2019-02-01,2019-02-04,241.5902,243.2899,True,2.7357,True,8.5323,True,3.8362,True,9.1248
SPY,C2_Panic_Latch,DCA_ADDITION,2019-03-01,2019-03-04,250.8581,249.9456,True,2.7519,True,1.6556,True,1.1783,True,1.2858
SPY,C2_Panic_Latch,DCA_ADDITION,2019-04-01,2019-04-02,256.824,256.9498,True,2.815,True,2.1695,True,2.8129,True,3.2321
SPY,C2_Panic_Latch,DCA_ADDITION,2019-05-01,2019-05-02,262.1972,261.6311,True,-4.1727,True,3.5301,True,-4.64,True,3.8025
SPY,C2_Panic_Latch,DCA_ADDITION,2019-06-03,2019-06-04,246.7067,252.0619,True,6.1818,True,2.7573,True,8.2048,True,5.4014
SPY,C2_Panic_Latch,DCA_ADDITION,2019-07-01,2019-07-02,266.9485,267.6437,True,1.4473,True,0.272,True,1.9617,True,1.3283
SPY,C2_Panic_Latch,DCA_ADDITION,2019-08-01,2019-08-02,266.2081,264.2037,True,-0.0581,True,3.5448,True,-0.7665,True,2.3461
SPY,C2_Panic_Latch,DCA_ADDITION,2019-09-02,2019-09-03,264.0503,262.5063,True,1.3256,True,8.5266,True,1.9457,True,7.6482
SPY,C2_Panic_Latch,DCA_ADDITION,2019-10-01,2019-10-02,265.9862,261.2876,True,5.5822,True,12.0632,True,3.4,True,10.0837
SPY,C2_Panic_Latch,DCA_ADDITION,2019-11-01,2019-11-04,277.6873,278.803,True,1.3892,True,5.7652,True,2.6687,True,7.92
SPY,C2_Panic_Latch,DCA_ADDITION,2019-12-02,2019-12-03,282.6761,280.7803,True,4.488,True,1.4981,True,3.5356,True,3.9678
SPY,C2_Panic_Latch,DCA_ADDITION,2020-01-01,2020-01-02,293.3817,296.1253,True,0.865,True,-19.1258,True,1.4789,True,-22.873
SPY,C2_Panic_Latch,DCA_ADDITION,2020-02-03,2020-02-04,295.4416,299.9446,True,-8.7583,True,-12.6572,True,-4.6371,True,-10.9163
SPY,C2_Panic_Latch,DCA_ADDITION,2020-03-02,2020-03-03,281.7416,273.6746,True,-13.6472,True,0.1994,True,-14.8505,True,-3.8541
SPY,C2_Panic_Latch,EXIT_SELL,2020-03-27,2020-03-30,232.3556,239.9015,True,9.7076,True,19.2382,True,11.6605,True,22.3259
SPY,C2_Panic_Latch,PANIC_BUY,2020-04-13,2020-04-14,252.747,260.2012,True,1.0148,True,11.0542,True,6.109,True,15.521
SPY,C2_Panic_Latch,DCA_ADDITION,2020-05-01,2020-05-04,259.2843,259.9995,True,7.7512,True,14.484,True,7.6134,True,13.9687
SPY,C2_Panic_Latch,EXIT_SELL,2020-05-13,2020-05-14,258.1932,261.2831,True,5.4883,True,17.8374,True,13.2813,True,18.4558
SPY,C2_Panic_Latch,TREND_BUY,2020-05-14,2020-05-15,261.2831,262.4842,True,6.2631,True,17.3824,True,5.4883,True,17.8374
SPY,C2_Panic_Latch,DCA_ADDITION,2020-06-01,2020-06-02,280.1525,282.4722,True,0.5313,True,12.1897,True,0.0817,True,12.7243
SPY,C2_Panic_Latch,EXIT_SELL,2020-06-11,2020-06-12,275.6231,278.9239,True,4.8577,True,13.1052,True,5.0409,True,15.402
SPY,C2_Panic_Latch,TREND_BUY,2020-06-12,2020-06-15,278.9239,281.5278,True,2.9883,True,12.0591,True,4.8577,True,13.1052
SPY,C2_Panic_Latch,DCA_ADDITION,2020-07-01,2020-07-02,285.9622,287.537,True,3.7568,True,4.0243,True,4.7018,True,4.3191
SPY,C2_Panic_Latch,DCA_ADDITION,2020-08-03,2020-08-04,302.7874,303.9569,True,6.8291,True,2.8825,True,6.2411,True,3.6372
SPY,C2_Panic_Latch,DCA_ADDITION,2020-09-01,2020-09-02,324.7144,329.411,True,-6.0021,True,1.7925,True,-5.3601,True,3.4242
SPY,C2_Panic_Latch,DCA_ADDITION,2020-10-01,2020-10-02,311.6274,308.6686,True,-2.1867,True,11.0032,True,-2.0947,True,9.9492
SPY,C2_Panic_Latch,DCA_ADDITION,2020-11-02,2020-11-03,305.3031,310.6935,True,8.9248,True,14.6999,True,9.6487,True,16.9075
SPY,C2_Panic_Latch,DCA_ADDITION,2020-12-01,2020-12-02,338.4222,339.1343,True,1.85,True,7.2657,True,1.9189,True,6.3198
SPY,C2_Panic_Latch,DCA_ADDITION,2021-01-01,2021-01-04,347.1632,342.4369,True,2.0174,True,7.67,True,-1.0191,True,6.2579
SPY,C2_Panic_Latch,DCA_ADDITION,2021-02-01,2021-02-02,349.3453,354.2851,True,1.3078,True,9.7858,True,3.5484,True,11.3621
SPY,C2_Panic_Latch,DCA_ADDITION,2021-03-01,2021-03-02,361.7413,358.9185,True,2.4533,True,8.5553,True,1.9242,True,7.9478
SPY,C2_Panic_Latch,DCA_ADDITION,2021-04-01,2021-04-02,373.2015,373.2015,True,4.1661,True,6.8385,True,4.8551,True,6.4603
SPY,C2_Panic_Latch,DCA_ADDITION,2021-05-03,2021-05-04,389.588,387.1846,True,0.9744,True,5.9733,True,0.44,True,5.8017
SPY,C2_Panic_Latch,DCA_ADDITION,2021-06-01,2021-06-02,390.9575,391.5723,True,2.1722,True,7.1488,True,2.2468,True,7.0926
SPY,C2_Panic_Latch,DCA_ADDITION,2021-07-01,2021-07-02,402.2931,405.368,True,1.1044,True,2.6773,True,2.3744,True,3.292
SPY,C2_Panic_Latch,DCA_ADDITION,2021-08-02,2021-08-03,408.985,412.3124,True,2.3597,True,3.6883,True,3.3456,True,4.4378
SPY,C2_Panic_Latch,DCA_ADDITION,2021-09-01,2021-09-02,422.2661,423.5653,True,-5.0034,True,3.9175,True,-3.5321,True,4.2373
SPY,C2_Panic_Latch,DCA_ADDITION,2021-10-01,2021-10-04,407.1543,401.9036,True,7.3255,True,11.734,True,5.7595,True,8.754
SPY,C2_Panic_Latch,DCA_ADDITION,2021-11-01,2021-11-02,431.345,433.0891,True,-1.3726,True,-5.6081,True,0.9912,True,-4.055
SPY,C2_Panic_Latch,DCA_ADDITION,2021-12-01,2021-12-02,422.4001,428.8697,True,4.4672,True,-6.0331,True,6.3613,True,-6.0083
SPY,C2_Panic_Latch,DCA_ADDITION,2022-01-03,2022-01-04,449.4864,449.3358,True,-5.1513,True,-3.0502,True,-5.8194,True,-4.2669
SPY,C2_Panic_Latch,DCA_ADDITION,2022-02-01,2022-02-02,426.1893,430.3293,True,-4.2549,True,-8.4801,True,-5.0712,True,-7.8502
SPY,C2_Panic_Latch,EXIT_SELL,2022-02-03,2022-02-04,420.2145,422.1905,True,-3.684,True,-7.894,True,-2.4384,True,-3.9098
SPY,C2_Panic_Latch,TREND_BUY,2022-03-22,2022-03-23,424.3419,418.8771,True,0.2051,True,-14.5561,True,-1.012,True,-16.842
SPY,C2_Panic_Latch,DCA_ADDITION,2022-04-01,2022-04-04,427.485,431.1471,True,-9.2644,True,-14.5647,True,-9.0347,True,-13.5024
SPY,C2_Panic_Latch,DCA_ADDITION,2022-05-02,2022-05-03,391.2037,392.997,True,-0.8286,True,-5.7163,True,0.1882,True,-4.1501
SPY,C2_Panic_Latch,EXIT_SELL,2022-05-24,2022-05-25,371.7701,375.0545,True,-5.376,True,7.8323,True,-4.3667,True,9.5626
SPY,C2_Panic_Latch,PANIC_BUY,2022-06-24,2022-06-27,369.7643,368.352,True,1.7962,True,0.4004,True,1.2844,True,-0.7527
SPY,C2_Panic_Latch,DCA_ADDITION,2022-07-01,2022-07-04,361.3847,361.3847,True,7.7458,True,-4.0482,True,8.0658,True,-3.0895
SPY,C2_Panic_Latch,DCA_ADDITION,2022-08-01,2022-08-02,389.3768,386.808,True,-2.4139,True,-5.2832,True,-1.9816,True,-7.387
SPY,C2_Panic_Latch,EXIT_SELL,2022-08-24,2022-08-25,392.1259,397.6616,True,-10.4295,True,-5.6377,True,-8.3955,True,-4.0118
SPY,C2_Panic_Latch,TREND_BUY,2022-08-25,2022-08-26,397.6616,384.2011,True,-8.8447,True,-1.8882,True,-10.4295,True,-5.6377
SPY,C2_Panic_Latch,DCA_ADDITION,2022-09-01,2022-09-02,375.7742,371.8118,True,-8.5643,True,2.9938,True,-8.1075,True,1.9305
SPY,C2_Panic_Latch,EXIT_SELL,2022-09-15,2022-09-16,369.8023,366.981,True,-7.244,True,2.0023,True,-5.805,True,1.986
SPY,C2_Panic_Latch,PANIC_BUY,2022-10-05,2022-10-06,358.9193,355.2167,True,-0.5868,True,3.2156,True,-0.5887,True,0.3446
SPY,C2_Panic_Latch,EXIT_SELL,2022-10-07,2022-10-10,345.3083,342.6717,True,5.5358,True,6.7125,True,3.7377,True,5.8977
SPY,C2_Panic_Latch,PANIC_BUY,2022-10-21,2022-10-24,356.2541,360.6134,True,4.1492,True,5.6642,True,5.8083,True,6.9572
SPY,C2_Panic_Latch,DCA_ADDITION,2022-11-01,2022-11-02,365.9912,356.8062,True,8.7524,True,7.2875,True,2.7853,True,4.5557
SPY,C2_Panic_Latch,DCA_ADDITION,2022-12-01,2022-12-02,387.7497,387.3024,True,-5.5845,True,-2.1405,True,-5.4444,True,-1.198
SPY,C2_Panic_Latch,EXIT_SELL,2022-12-06,2022-12-07,374.8525,374.2148,True,-1.9426,True,0.8629,True,-2.8594,True,1.0791
SPY,C2_Panic_Latch,TREND_BUY,2022-12-07,2022-12-08,374.2148,377.1464,True,-3.8153,True,0.8573,True,-1.9426,True,0.8629
SPY,C2_Panic_Latch,DCA_ADDITION,2023-01-02,2023-01-03,365.6734,364.1339,True,6.7381,True,4.2776,True,4.7486,True,4.0722
SPY,C2_Panic_Latch,DCA_ADDITION,2023-02-01,2023-02-02,392.8004,398.5184,True,-4.5516,True,-0.6709,True,-3.9095,True,-1.192
SPY,C2_Panic_Latch,DCA_ADDITION,2023-03-01,2023-03-02,377.444,380.3795,True,1.8679,True,4.631,True,2.0626,True,4.5394
SPY,C2_Panic_Latch,DCA_ADDITION,2023-04-03,2023-04-04,394.4434,392.255,True,0.531,True,7.1256,True,1.1096,True,5.376
SPY,C2_Panic_Latch,DCA_ADDITION,2023-05-01,2023-05-02,398.8203,394.3379,True,2.2734,True,11.2676,True,1.0854,True,9.7175
SPY,C2_Panic_Latch,DCA_ADDITION,2023-06-01,2023-06-02,404.8769,410.7318,True,3.9742,True,3.1979,True,4.2476,True,3.9574
SPY,C2_Panic_Latch,DCA_ADDITION,2023-07-03,2023-07-04,427.5467,427.5467,True,2.8594,True,-3.6972,True,3.1547,True,-2.2613
SPY,C2_Panic_Latch,DCA_ADDITION,2023-08-01,2023-08-02,439.7722,433.6546,True,0.1955,True,-6.9107,True,-1.6036,True,-6.869
SPY,C2_Panic_Latch,DCA_ADDITION,2023-09-01,2023-09-04,434.6758,434.6758,True,-4.9586,True,1.0845,True,-4.9208,True,1.2669
SPY,C2_Panic_Latch,DCA_ADDITION,2023-10-02,2023-10-03,413.1219,407.5918,True,-0.8041,True,13.2803,True,-2.7427,True,11.294
SPY,C2_Panic_Latch,EXIT_SELL,2023-10-19,2023-10-20,412.2712,407.2052,True,7.0277,True,13.6334,True,5.5812,True,12.1594
SPY,C2_Panic_Latch,PANIC_BUY,2023-11-02,2023-11-03,416.4574,420.2569,True,5.6155,True,12.5828,True,5.9523,True,13.7544
SPY,C2_Panic_Latch,DCA_ADDITION,2023-12-01,2023-12-04,443.8565,441.5265,True,4.4991,True,11.2443,True,3.9506,True,11.0671
SPY,C2_Panic_Latch,DCA_ADDITION,2024-01-01,2024-01-02,461.3913,458.8092,True,3.8591,True,10.1073,True,3.3578,True,9.6937
SPY,C2_Panic_Latch,DCA_ADDITION,2024-02-01,2024-02-02,474.8746,479.8738,True,3.7423,True,3.1332,True,3.8594,True,3.2409
SPY,C2_Panic_Latch,DCA_ADDITION,2024-03-01,2024-03-04,497.832,497.2981,True,2.2413,True,3.6668,True,2.3097,True,3.5556
SPY,C2_Panic_Latch,DCA_ADDITION,2024-04-01,2024-04-02,508.4442,505.2115,True,-3.2496,True,5.348,True,-2.3173,True,4.2766
SPY,C2_Panic_Latch,DCA_ADDITION,2024-05-01,2024-05-02,487.2072,491.7642,True,3.481,True,6.9534,True,5.1464,True,8.5192
SPY,C2_Panic_Latch,DCA_ADDITION,2024-06-03,2024-06-04,513.936,514.5107,True,4.2376,True,6.6204,True,3.6566,True,6.5933
SPY,C2_Panic_Latch,DCA_ADDITION,2024-07-01,2024-07-02,532.7285,536.3136,True,-1.2768,True,4.3792,True,-0.1063,True,4.7819
SPY,C2_Panic_Latch,DCA_ADDITION,2024-08-01,2024-08-02,530.4524,520.5763,True,5.7759,True,8.9916,True,2.825,True,6.9992
SPY,C2_Panic_Latch,DCA_ADDITION,2024-09-02,2024-09-03,550.6443,539.3126,True,3.3119,True,9.1313,True,2.1005,True,6.3303
SPY,C2_Panic_Latch,DCA_ADDITION,2024-10-01,2024-10-02,557.1739,557.4091,True,1.9601,True,6.0584,True,2.3126,True,6.1031
SPY,C2_Panic_Latch,DCA_ADDITION,2024-11-01,2024-11-04,559.5452,558.3399,True,5.9353,True,5.5417,True,5.518,True,6.8255
SPY,C2_Panic_Latch,DCA_ADDITION,2024-12-02,2024-12-03,591.4792,591.7535,True,-2.6258,True,-1.2701,True,-2.2249,True,-0.7306
SPY,C2_Panic_Latch,DCA_ADDITION,2025-01-01,2025-01-02,576.2153,574.7995,True,3.4893,True,-2.7118,True,2.6839,True,-2.6924
SPY,C2_Panic_Latch,DCA_ADDITION,2025-02-03,2025-02-04,587.7085,591.6511,True,-4.1411,True,-7.6095,True,-2.342,True,-7.572
SPY,C2_Panic_Latch,DCA_ADDITION,2025-03-03,2025-03-04,573.9442,567.1505,True,-2.462,True,2.7855,True,-3.8881,True,-0.4998
SPY,C2_Panic_Latch,DCA_ADDITION,2025-04-01,2025-04-02,553.187,556.6877,True,-1.7679,True,7.8642,True,-1.1854,True,8.486
SPY,C2_Panic_Latch,DCA_ADDITION,2025-05-01,2025-05-02,550.7217,558.8967,True,3.9929,True,12.7432,True,5.6547,True,13.9355
SPY,C2_Panic_Latch,DCA_ADDITION,2025-06-02,2025-06-03,584.4867,587.8198,True,3.9232,True,8.5519,True,4.5497,True,8.7158
SPY,C2_Panic_Latch,DCA_ADDITION,2025-07-01,2025-07-02,610.8813,613.6506,True,2.258,True,6.8471,True,2.8511,True,7.674
SPY,C2_Panic_Latch,DCA_ADDITION,2025-08-01,2025-08-04,614.9066,624.2531,True,2.1991,True,8.8676,True,3.7525,True,9.2337
SPY,C2_Panic_Latch,DCA_ADDITION,2025-09-01,2025-09-02,637.981,633.2534,True,4.3352,True,5.7197,True,3.1734,True,3.9584
SPY,C2_Panic_Latch,DCA_ADDITION,2025-10-01,2025-10-02,662.9575,663.7211,True,1.5854,True,3.4667,True,2.8334,True,3.5859
SPY,C2_Panic_Latch,DCA_ADDITION,2025-11-03,2025-11-04,677.7252,669.6917,True,0.9315,True,3.3033,True,-0.4493,True,1.6737
SPY,C2_Panic_Latch,DCA_ADDITION,2025-12-01,2025-12-02,674.6804,675.9301,True,1.1019,True,1.152,True,1.413,True,0.6081
SPY,C2_Panic_Latch,DCA_ADDITION,2026-01-01,2026-01-02,678.3152,679.5586,True,1.2881,True,-6.9307,True,1.7773,True,-5.1426
SPY,C2_Panic_Latch,DCA_ADDITION,2026-02-02,2026-02-03,691.7339,685.885,True,-1.3342,True,3.4957,True,-1.2985,True,3.1223
SPY,C2_Panic_Latch,DCA_ADDITION,2026-03-02,2026-03-03,682.7517,676.7337,True,-4.1471,True,10.6286,True,-7.6757,True,8.9304
SPY,C2_Panic_Latch,DCA_ADDITION,2026-04-01,2026-04-02,653.5563,654.1448,True,9.5802,True,12.2534,True,8.5984,True,12.1923
SPY,C2_Panic_Latch,DCA_ADDITION,2026-05-01,2026-05-04,718.7982,716.165,True,5.6448,True,3.2011,True,4.9719,True,2.8008
SPY,C2_Panic_Latch,DCA_ADDITION,2026-06-01,2026-06-02,756.5908,757.6182,True,-1.4319,True,1.0944,True,-2.0607,True,0.9092
SPY,C2_Panic_Latch,DCA_ADDITION,2026-07-01,2026-07-02,745.76,744.78,True,-0.4149,False,,True,-2.1857,False,
SPY,C2_Panic_Latch,DCA_ADDITION,2026-08-03,2026-08-04,757.67,771.33,True,-1.2381,False,,True,1.238,False,
SPY,C2_Panic_Latch,DCA_ADDITION,2026-09-01,2026-09-02,761.78,765.16,False,,False,,False,,False,
SPY,C3_Reentry_Stop,TREND_BUY,2014-04-18,2014-04-21,151.6763,152.2052,True,0.9089,True,6.1521,True,0.8906,True,5.9886
SPY,C3_Reentry_Stop,DCA_ADDITION,2014-05-01,2014-05-02,153.255,153.0353,True,2.4566,True,5.6404,True,2.1452,True,5.9852
SPY,C3_Reentry_Stop,DCA_ADDITION,2014-06-02,2014-06-03,156.9739,156.8925,True,2.6837,True,4.4035,True,1.9481,True,4.2816
SPY,C3_Reentry_Stop,DCA_ADDITION,2014-07-01,2014-07-02,161.103,161.2665,True,-0.1268,True,1.6543,True,-0.0406,True,0.9672
SPY,C3_Reentry_Stop,DCA_ADDITION,2014-08-01,2014-08-04,157.399,158.5356,True,3.5174,True,1.6436,True,4.2649,True,2.5185
SPY,C3_Reentry_Stop,DCA_ADDITION,2014-09-01,2014-09-02,164.1119,164.0302,True,-1.3305,True,3.7227,True,-1.1193,True,3.7461
SPY,C3_Reentry_Stop,DCA_ADDITION,2014-10-01,2014-10-02,159.6544,159.6791,True,2.5723,True,7.4786,True,1.9346,True,7.4951
SPY,C3_Reentry_Stop,DCA_ADDITION,2014-11-03,2014-11-04,165.7498,165.1748,True,2.994,True,1.3871,True,1.9775,True,2.3858
SPY,C3_Reentry_Stop,DCA_ADDITION,2014-12-01,2014-12-02,169.0275,170.1201,True,0.7995,True,2.8437,True,1.9984,True,3.2153
SPY,C3_Reentry_Stop,DCA_ADDITION,2015-01-01,2015-01-02,169.7787,169.6879,True,-2.911,True,0.5979,True,-1.7271,True,0.3145
SPY,C3_Reentry_Stop,DCA_ADDITION,2015-02-02,2015-02-03,166.7886,169.2005,True,3.0658,True,3.6828,True,4.9871,True,4.8488
SPY,C3_Reentry_Stop,DCA_ADDITION,2015-03-02,2015-03-03,175.1065,174.3879,True,-1.785,True,0.2465,True,-1.3258,True,0.9202
SPY,C3_Reentry_Stop,DCA_ADDITION,2015-04-01,2015-04-02,170.6693,171.2833,True,0.9785,True,2.1511,True,2.3675,True,2.8312
SPY,C3_Reentry_Stop,DCA_ADDITION,2015-05-01,2015-05-04,174.8344,175.3322,True,0.1183,True,-1.6677,True,0.1993,True,-0.8106
SPY,C3_Reentry_Stop,DCA_ADDITION,2015-06-01,2015-06-02,175.5397,175.3654,True,-2.1332,True,-10.9666,True,-2.4346,True,-9.9959
SPY,C3_Reentry_Stop,EXIT_SELL,2015-06-29,2015-06-30,171.2661,171.6245,True,1.6905,True,-5.3106,True,0.6669,True,-3.8646
SPY,C3_Reentry_Stop,REENTRY_BUY,2015-07-15,2015-07-16,175.5931,177.0022,True,-1.7146,True,-4.731,True,-0.8024,True,-4.8257
SPY,C3_Reentry_Stop,DCA_ADDITION,2015-08-03,2015-08-04,174.9095,174.5676,True,-8.4105,True,-0.8147,True,-5.7772,True,-0.8169
SPY,C3_Reentry_Stop,DCA_ADDITION,2015-09-01,2015-09-02,159.8855,162.9203,True,-1.4246,True,7.6753,True,-1.3933,True,9.7348
SPY,C3_Reentry_Stop,EXIT_SELL,2015-09-10,2015-09-11,163.2872,164.0293,True,2.865,True,7.1006,True,3.2709,True,5.5292
SPY,C3_Reentry_Stop,REENTRY_BUY,2015-11-09,2015-11-10,174.3857,174.788,True,-0.772,True,-8.2798,True,0.1297,True,-6.381
SPY,C3_Reentry_Stop,DCA_ADDITION,2015-12-01,2015-12-02,176.5647,174.7628,True,-0.6591,True,-6.8,True,-0.971,True,-8.1714
SPY,C3_Reentry_Stop,DCA_ADDITION,2016-01-01,2016-01-04,171.8743,169.4715,True,-3.6663,True,1.6259,True,-4.9787,True,0.146
SPY,C3_Reentry_Stop,EXIT_SELL,2016-01-04,2016-01-05,169.4715,169.7582,True,-5.5621,True,2.3927,True,-3.6663,True,1.6259
SPY,C3_Reentry_Stop,REENTRY_BUY,2016-03-11,2016-03-14,170.9384,170.7193,True,1.2702,True,4.9087,True,1.3784,True,4.2437
SPY,C3_Reentry_Stop,DCA_ADDITION,2016-04-01,2016-04-04,175.3453,174.7776,True,0.834,True,-2.721,True,-0.2851,True,-1.2676
SPY,C3_Reentry_Stop,DCA_ADDITION,2016-05-02,2016-05-03,176.2351,174.7013,True,1.785,True,5.6835,True,1.0915,True,4.7154
SPY,C3_Reentry_Stop,DCA_ADDITION,2016-06-01,2016-06-02,178.1841,178.7265,True,-0.1615,True,3.7562,True,-1.2057,True,4.1437
SPY,C3_Reentry_Stop,DCA_ADDITION,2016-07-01,2016-07-04,178.8126,178.8126,True,3.3442,True,2.5735,True,3.4299,True,3.4113
SPY,C3_Reentry_Stop,DCA_ADDITION,2016-08-01,2016-08-02,184.7924,183.6083,True,1.1366,True,-0.1383,True,0.6545,True,-0.4446
SPY,C3_Reentry_Stop,DCA_ADDITION,2016-09-01,2016-09-02,185.1757,186.0105,True,-0.4476,True,1.9549,True,-0.7478,True,2.0354
SPY,C3_Reentry_Stop,DCA_ADDITION,2016-10-03,2016-10-04,184.7328,183.791,True,-1.7095,True,6.02,True,-1.4969,True,5.2184
SPY,C3_Reentry_Stop,DCA_ADDITION,2016-11-01,2016-11-02,180.649,179.5617,True,5.073,True,10.0997,True,4.6918,True,8.498
SPY,C3_Reentry_Stop,DCA_ADDITION,2016-12-01,2016-12-02,187.9774,188.0715,True,2.3523,True,8.401,True,2.7792,True,8.3179
SPY,C3_Reentry_Stop,DCA_ADDITION,2017-01-02,2017-01-03,192.4955,193.9681,True,1.0167,True,4.9297,True,1.7984,True,4.9686
SPY,C3_Reentry_Stop,DCA_ADDITION,2017-02-01,2017-02-02,196.0177,196.1469,True,4.6099,True,5.2105,True,5.3423,True,5.1916
SPY,C3_Reentry_Stop,DCA_ADDITION,2017-03-01,2017-03-02,206.4895,205.1891,True,-0.3996,True,1.9061,True,-1.341,True,0.7827
SPY,C3_Reentry_Stop,DCA_ADDITION,2017-04-03,2017-04-04,203.539,203.6686,True,1.3972,True,2.9841,True,1.4235,True,3.8866
SPY,C3_Reentry_Stop,DCA_ADDITION,2017-05-01,2017-05-02,206.4364,206.5142,True,1.1433,True,4.128,True,1.2695,True,3.9147
SPY,C3_Reentry_Stop,DCA_ADDITION,2017-06-01,2017-06-02,210.4841,211.1847,True,-0.4877,True,0.6482,True,-0.3423,True,0.7478
SPY,C3_Reentry_Stop,DCA_ADDITION,2017-07-03,2017-07-04,210.5111,210.5111,True,2.1097,True,3.3467,True,1.8827,True,3.2845
SPY,C3_Reentry_Stop,DCA_ADDITION,2017-08-01,2017-08-02,214.9523,215.0566,True,-0.5779,True,3.6845,True,-0.9987,True,4.2509
SPY,C3_Reentry_Stop,DCA_ADDITION,2017-09-01,2017-09-04,215.4043,215.4043,True,2.3128,True,5.5203,True,1.8709,True,5.573
SPY,C3_Reentry_Stop,DCA_ADDITION,2017-10-02,2017-10-03,220.3863,220.8579,True,1.6966,True,6.2073,True,1.7557,True,6.5621
SPY,C3_Reentry_Stop,DCA_ADDITION,2017-11-01,2017-11-02,224.9019,224.9893,True,2.8805,True,10.5431,True,2.0273,True,10.5392
SPY,C3_Reentry_Stop,DCA_ADDITION,2017-12-01,2017-12-04,230.9898,230.7103,True,1.5461,True,5.7471,True,1.4233,True,4.4068
SPY,C3_Reentry_Stop,DCA_ADDITION,2018-01-01,2018-01-02,234.2774,235.9543,True,4.8332,True,-2.6514,True,6.6777,True,-0.2578
SPY,C3_Reentry_Stop,DCA_ADDITION,2018-02-01,2018-02-02,247.2003,241.8187,True,-2.3126,True,-2.8398,True,-4.9293,True,-5.0442
SPY,C3_Reentry_Stop,DCA_ADDITION,2018-03-01,2018-03-02,235.015,236.2265,True,-1.8122,True,1.546,True,-1.306,True,2.3132
SPY,C3_Reentry_Stop,DCA_ADDITION,2018-04-02,2018-04-03,226.9392,229.848,True,1.6145,True,4.6208,True,2.7343,True,5.7276
SPY,C3_Reentry_Stop,DCA_ADDITION,2018-05-01,2018-05-02,233.5587,231.9898,True,3.5752,True,8.3911,True,1.5246,True,6.7531
SPY,C3_Reentry_Stop,DCA_ADDITION,2018-06-01,2018-06-04,241.1565,242.3024,True,-0.6618,True,5.8863,True,-0.4027,True,5.5559
SPY,C3_Reentry_Stop,DCA_ADDITION,2018-07-02,2018-07-03,240.6989,239.8489,True,3.8501,True,7.8133,True,2.9758,True,7.5323
SPY,C3_Reentry_Stop,DCA_ADDITION,2018-08-01,2018-08-02,248.6673,250.0219,True,2.8011,True,-3.9263,True,3.7813,True,-5.1054
SPY,C3_Reentry_Stop,DCA_ADDITION,2018-09-03,2018-09-04,257.0341,256.5915,True,1.0593,True,-6.9684,True,0.944,True,-7.44
SPY,C3_Reentry_Stop,DCA_ADDITION,2018-10-01,2018-10-02,259.4606,259.3095,True,-8.1596,True,-19.1561,True,-9.5534,True,-19.2032
SPY,C3_Reentry_Stop,DCA_ADDITION,2018-11-01,2018-11-02,243.256,241.8152,True,1.3829,True,-1.6764,True,0.1719,True,-3.0789
SPY,C3_Reentry_Stop,EXIT_SELL,2018-11-14,2018-11-15,240.3121,242.8201,True,-2.802,True,-0.477,True,-1.7543,True,1.5295
SPY,C3_Reentry_Stop,REENTRY_BUY,2019-01-18,2019-01-21,238.3697,238.3697,True,4.0944,True,9.3024,True,4.0944,True,9.3741
SPY,C3_Reentry_Stop,DCA_ADDITION,2019-02-01,2019-02-04,241.5902,243.2899,True,2.7357,True,8.5323,True,3.8362,True,9.1248
SPY,C3_Reentry_Stop,DCA_ADDITION,2019-03-01,2019-03-04,250.8581,249.9456,True,2.7519,True,1.6556,True,1.1783,True,1.2858
SPY,C3_Reentry_Stop,DCA_ADDITION,2019-04-01,2019-04-02,256.824,256.9498,True,2.815,True,2.1695,True,2.8129,True,3.2321
SPY,C3_Reentry_Stop,DCA_ADDITION,2019-05-01,2019-05-02,262.1972,261.6311,True,-4.1727,True,3.5301,True,-4.64,True,3.8025
SPY,C3_Reentry_Stop,DCA_ADDITION,2019-06-03,2019-06-04,246.7067,252.0619,True,6.1818,True,2.7573,True,8.2048,True,5.4014
SPY,C3_Reentry_Stop,DCA_ADDITION,2019-07-01,2019-07-02,266.9485,267.6437,True,1.4473,True,0.272,True,1.9617,True,1.3283
SPY,C3_Reentry_Stop,DCA_ADDITION,2019-08-01,2019-08-02,266.2081,264.2037,True,-0.0581,True,3.5448,True,-0.7665,True,2.3461
SPY,C3_Reentry_Stop,DCA_ADDITION,2019-09-02,2019-09-03,264.0503,262.5063,True,1.3256,True,8.5266,True,1.9457,True,7.6482
SPY,C3_Reentry_Stop,DCA_ADDITION,2019-10-01,2019-10-02,265.9862,261.2876,True,5.5822,True,12.0632,True,3.4,True,10.0837
SPY,C3_Reentry_Stop,DCA_ADDITION,2019-11-01,2019-11-04,277.6873,278.803,True,1.3892,True,5.7652,True,2.6687,True,7.92
SPY,C3_Reentry_Stop,DCA_ADDITION,2019-12-02,2019-12-03,282.6761,280.7803,True,4.488,True,1.4981,True,3.5356,True,3.9678
SPY,C3_Reentry_Stop,DCA_ADDITION,2020-01-01,2020-01-02,293.3817,296.1253,True,0.865,True,-19.1258,True,1.4789,True,-22.873
SPY,C3_Reentry_Stop,DCA_ADDITION,2020-02-03,2020-02-04,295.4416,299.9446,True,-8.7583,True,-12.6572,True,-4.6371,True,-10.9163
SPY,C3_Reentry_Stop,DCA_ADDITION,2020-03-02,2020-03-03,281.7416,273.6746,True,-13.6472,True,0.1994,True,-14.8505,True,-3.8541
SPY,C3_Reentry_Stop,EXIT_SELL,2020-03-27,2020-03-30,232.3556,239.9015,True,9.7076,True,19.2382,True,11.6605,True,22.3259
SPY,C3_Reentry_Stop,REENTRY_BUY,2020-06-02,2020-06-03,282.4722,286.2315,True,-0.0941,True,11.8263,True,0.5313,True,12.1897
SPY,C3_Reentry_Stop,EXIT_SELL,2020-06-11,2020-06-12,275.6231,278.9239,True,4.8577,True,13.1052,True,5.0409,True,15.402
SPY,C3_Reentry_Stop,REENTRY_BUY,2020-06-15,2020-06-16,281.5278,286.9466,True,2.3528,True,6.939,True,2.9883,True,12.0591
SPY,C3_Reentry_Stop,DCA_ADDITION,2020-07-01,2020-07-02,285.9622,287.537,True,3.7568,True,4.0243,True,4.7018,True,4.3191
SPY,C3_Reentry_Stop,DCA_ADDITION,2020-08-03,2020-08-04,302.7874,303.9569,True,6.8291,True,2.8825,True,6.2411,True,3.6372
SPY,C3_Reentry_Stop,DCA_ADDITION,2020-09-01,2020-09-02,324.7144,329.411,True,-6.0021,True,1.7925,True,-5.3601,True,3.4242
SPY,C3_Reentry_Stop,DCA_ADDITION,2020-10-01,2020-10-02,311.6274,308.6686,True,-2.1867,True,11.0032,True,-2.0947,True,9.9492
SPY,C3_Reentry_Stop,DCA_ADDITION,2020-11-02,2020-11-03,305.3031,310.6935,True,8.9248,True,14.6999,True,9.6487,True,16.9075
SPY,C3_Reentry_Stop,DCA_ADDITION,2020-12-01,2020-12-02,338.4222,339.1343,True,1.85,True,7.2657,True,1.9189,True,6.3198
SPY,C3_Reentry_Stop,DCA_ADDITION,2021-01-01,2021-01-04,347.1632,342.4369,True,2.0174,True,7.67,True,-1.0191,True,6.2579
SPY,C3_Reentry_Stop,DCA_ADDITION,2021-02-01,2021-02-02,349.3453,354.2851,True,1.3078,True,9.7858,True,3.5484,True,11.3621
SPY,C3_Reentry_Stop,DCA_ADDITION,2021-03-01,2021-03-02,361.7413,358.9185,True,2.4533,True,8.5553,True,1.9242,True,7.9478
SPY,C3_Reentry_Stop,DCA_ADDITION,2021-04-01,2021-04-02,373.2015,373.2015,True,4.1661,True,6.8385,True,4.8551,True,6.4603
SPY,C3_Reentry_Stop,DCA_ADDITION,2021-05-03,2021-05-04,389.588,387.1846,True,0.9744,True,5.9733,True,0.44,True,5.8017
SPY,C3_Reentry_Stop,DCA_ADDITION,2021-06-01,2021-06-02,390.9575,391.5723,True,2.1722,True,7.1488,True,2.2468,True,7.0926
SPY,C3_Reentry_Stop,DCA_ADDITION,2021-07-01,2021-07-02,402.2931,405.368,True,1.1044,True,2.6773,True,2.3744,True,3.292
SPY,C3_Reentry_Stop,DCA_ADDITION,2021-08-02,2021-08-03,408.985,412.3124,True,2.3597,True,3.6883,True,3.3456,True,4.4378
SPY,C3_Reentry_Stop,DCA_ADDITION,2021-09-01,2021-09-02,422.2661,423.5653,True,-5.0034,True,3.9175,True,-3.5321,True,4.2373
SPY,C3_Reentry_Stop,DCA_ADDITION,2021-10-01,2021-10-04,407.1543,401.9036,True,7.3255,True,11.734,True,5.7595,True,8.754
SPY,C3_Reentry_Stop,DCA_ADDITION,2021-11-01,2021-11-02,431.345,433.0891,True,-1.3726,True,-5.6081,True,0.9912,True,-4.055
SPY,C3_Reentry_Stop,DCA_ADDITION,2021-12-01,2021-12-02,422.4001,428.8697,True,4.4672,True,-6.0331,True,6.3613,True,-6.0083
SPY,C3_Reentry_Stop,DCA_ADDITION,2022-01-03,2022-01-04,449.4864,449.3358,True,-5.1513,True,-3.0502,True,-5.8194,True,-4.2669
SPY,C3_Reentry_Stop,DCA_ADDITION,2022-02-01,2022-02-02,426.1893,430.3293,True,-4.2549,True,-8.4801,True,-5.0712,True,-7.8502
SPY,C3_Reentry_Stop,EXIT_SELL,2022-02-03,2022-02-04,420.2145,422.1905,True,-3.684,True,-7.894,True,-2.4384,True,-3.9098
SPY,C3_Reentry_Stop,REENTRY_BUY,2022-03-22,2022-03-23,424.3419,418.8771,True,0.2051,True,-14.5561,True,-1.012,True,-16.842
SPY,C3_Reentry_Stop,DCA_ADDITION,2022-04-01,2022-04-04,427.485,431.1471,True,-9.2644,True,-14.5647,True,-9.0347,True,-13.5024
SPY,C3_Reentry_Stop,DCA_ADDITION,2022-05-02,2022-05-03,391.2037,392.997,True,-0.8286,True,-5.7163,True,0.1882,True,-4.1501
SPY,C3_Reentry_Stop,EXIT_SELL,2022-05-24,2022-05-25,371.7701,375.0545,True,-5.376,True,7.8323,True,-4.3667,True,9.5626
SPY,C3_Reentry_Stop,PANIC_BUY,2022-06-24,2022-06-27,369.7643,368.352,True,1.7962,True,0.4004,True,1.2844,True,-0.7527
SPY,C3_Reentry_Stop,DCA_ADDITION,2022-07-01,2022-07-04,361.3847,361.3847,True,7.7458,True,-4.0482,True,8.0658,True,-3.0895
SPY,C3_Reentry_Stop,DCA_ADDITION,2022-08-01,2022-08-02,389.3768,386.808,True,-2.4139,True,-5.2832,True,-1.9816,True,-7.387
SPY,C3_Reentry_Stop,EXIT_SELL,2022-08-24,2022-08-25,392.1259,397.6616,True,-10.4295,True,-5.6377,True,-8.3955,True,-4.0118
SPY,C3_Reentry_Stop,REENTRY_BUY,2022-08-25,2022-08-26,397.6616,384.2011,True,-8.8447,True,-1.8882,True,-10.4295,True,-5.6377
SPY,C3_Reentry_Stop,DCA_ADDITION,2022-09-01,2022-09-02,375.7742,371.8118,True,-8.5643,True,2.9938,True,-8.1075,True,1.9305
SPY,C3_Reentry_Stop,EXIT_SELL,2022-09-15,2022-09-16,369.8023,366.981,True,-7.244,True,2.0023,True,-5.805,True,1.986
SPY,C3_Reentry_Stop,PANIC_BUY,2022-10-13,2022-10-14,348.3351,340.3969,True,11.4308,True,9.0127,True,7.8476,True,4.1403
SPY,C3_Reentry_Stop,DCA_ADDITION,2022-11-01,2022-11-02,365.9912,356.8062,True,8.7524,True,7.2875,True,2.7853,True,4.5557
SPY,C3_Reentry_Stop,DCA_ADDITION,2022-12-01,2022-12-02,387.7497,387.3024,True,-5.5845,True,-2.1405,True,-5.4444,True,-1.198
SPY,C3_Reentry_Stop,EXIT_SELL,2022-12-06,2022-12-07,374.8525,374.2148,True,-1.9426,True,0.8629,True,-2.8594,True,1.0791
SPY,C3_Reentry_Stop,REENTRY_BUY,2022-12-12,2022-12-13,379.7259,382.6004,True,-2.3874,True,-0.4655,True,-2.3334,True,1.8492
SPY,C3_Reentry_Stop,EXIT_SELL,2022-12-19,2022-12-20,363.369,363.8663,True,4.5278,True,2.9406,True,4.8629,True,1.4052
SPY,C3_Reentry_Stop,REENTRY_BUY,2023-01-12,2023-01-13,379.5668,381.0393,True,2.394,True,3.0745,True,2.5519,True,3.4743
SPY,C3_Reentry_Stop,DCA_ADDITION,2023-02-01,2023-02-02,392.8004,398.5184,True,-4.5516,True,-0.6709,True,-3.9095,True,-1.192
SPY,C3_Reentry_Stop,DCA_ADDITION,2023-03-01,2023-03-02,377.444,380.3795,True,1.8679,True,4.631,True,2.0626,True,4.5394
SPY,C3_Reentry_Stop,DCA_ADDITION,2023-04-03,2023-04-04,394.4434,392.255,True,0.531,True,7.1256,True,1.1096,True,5.376
SPY,C3_Reentry_Stop,DCA_ADDITION,2023-05-01,2023-05-02,398.8203,394.3379,True,2.2734,True,11.2676,True,1.0854,True,9.7175
SPY,C3_Reentry_Stop,DCA_ADDITION,2023-06-01,2023-06-02,404.8769,410.7318,True,3.9742,True,3.1979,True,4.2476,True,3.9574
SPY,C3_Reentry_Stop,DCA_ADDITION,2023-07-03,2023-07-04,427.5467,427.5467,True,2.8594,True,-3.6972,True,3.1547,True,-2.2613
SPY,C3_Reentry_Stop,DCA_ADDITION,2023-08-01,2023-08-02,439.7722,433.6546,True,0.1955,True,-6.9107,True,-1.6036,True,-6.869
SPY,C3_Reentry_Stop,DCA_ADDITION,2023-09-01,2023-09-04,434.6758,434.6758,True,-4.9586,True,1.0845,True,-4.9208,True,1.2669
SPY,C3_Reentry_Stop,DCA_ADDITION,2023-10-02,2023-10-03,413.1219,407.5918,True,-0.8041,True,13.2803,True,-2.7427,True,11.294
SPY,C3_Reentry_Stop,EXIT_SELL,2023-10-19,2023-10-20,412.2712,407.2052,True,7.0277,True,13.6334,True,5.5812,True,12.1594
SPY,C3_Reentry_Stop,REENTRY_BUY,2023-11-07,2023-11-08,422.4225,422.7319,True,4.0046,True,10.8834,True,4.5019,True,12.8053
SPY,C3_Reentry_Stop,DCA_ADDITION,2023-12-01,2023-12-04,443.8565,441.5265,True,4.4991,True,11.2443,True,3.9506,True,11.0671
SPY,C3_Reentry_Stop,DCA_ADDITION,2024-01-01,2024-01-02,461.3913,458.8092,True,3.8591,True,10.1073,True,3.3578,True,9.6937
SPY,C3_Reentry_Stop,DCA_ADDITION,2024-02-01,2024-02-02,474.8746,479.8738,True,3.7423,True,3.1332,True,3.8594,True,3.2409
SPY,C3_Reentry_Stop,DCA_ADDITION,2024-03-01,2024-03-04,497.832,497.2981,True,2.2413,True,3.6668,True,2.3097,True,3.5556
SPY,C3_Reentry_Stop,DCA_ADDITION,2024-04-01,2024-04-02,508.4442,505.2115,True,-3.2496,True,5.348,True,-2.3173,True,4.2766
SPY,C3_Reentry_Stop,DCA_ADDITION,2024-05-01,2024-05-02,487.2072,491.7642,True,3.481,True,6.9534,True,5.1464,True,8.5192
SPY,C3_Reentry_Stop,DCA_ADDITION,2024-06-03,2024-06-04,513.936,514.5107,True,4.2376,True,6.6204,True,3.6566,True,6.5933
SPY,C3_Reentry_Stop,DCA_ADDITION,2024-07-01,2024-07-02,532.7285,536.3136,True,-1.2768,True,4.3792,True,-0.1063,True,4.7819
SPY,C3_Reentry_Stop,DCA_ADDITION,2024-08-01,2024-08-02,530.4524,520.5763,True,5.7759,True,8.9916,True,2.825,True,6.9992
SPY,C3_Reentry_Stop,DCA_ADDITION,2024-09-02,2024-09-03,550.6443,539.3126,True,3.3119,True,9.1313,True,2.1005,True,6.3303
SPY,C3_Reentry_Stop,DCA_ADDITION,2024-10-01,2024-10-02,557.1739,557.4091,True,1.9601,True,6.0584,True,2.3126,True,6.1031
SPY,C3_Reentry_Stop,DCA_ADDITION,2024-11-01,2024-11-04,559.5452,558.3399,True,5.9353,True,5.5417,True,5.518,True,6.8255
SPY,C3_Reentry_Stop,DCA_ADDITION,2024-12-02,2024-12-03,591.4792,591.7535,True,-2.6258,True,-1.2701,True,-2.2249,True,-0.7306
SPY,C3_Reentry_Stop,DCA_ADDITION,2025-01-01,2025-01-02,576.2153,574.7995,True,3.4893,True,-2.7118,True,2.6839,True,-2.6924
SPY,C3_Reentry_Stop,DCA_ADDITION,2025-02-03,2025-02-04,587.7085,591.6511,True,-4.1411,True,-7.6095,True,-2.342,True,-7.572
SPY,C3_Reentry_Stop,DCA_ADDITION,2025-03-03,2025-03-04,573.9442,567.1505,True,-2.462,True,2.7855,True,-3.8881,True,-0.4998
SPY,C3_Reentry_Stop,DCA_ADDITION,2025-04-01,2025-04-02,553.187,556.6877,True,-1.7679,True,7.8642,True,-1.1854,True,8.486
SPY,C3_Reentry_Stop,DCA_ADDITION,2025-05-01,2025-05-02,550.7217,558.8967,True,3.9929,True,12.7432,True,5.6547,True,13.9355
SPY,C3_Reentry_Stop,DCA_ADDITION,2025-06-02,2025-06-03,584.4867,587.8198,True,3.9232,True,8.5519,True,4.5497,True,8.7158
SPY,C3_Reentry_Stop,DCA_ADDITION,2025-07-01,2025-07-02,610.8813,613.6506,True,2.258,True,6.8471,True,2.8511,True,7.674
SPY,C3_Reentry_Stop,DCA_ADDITION,2025-08-01,2025-08-04,614.9066,624.2531,True,2.1991,True,8.8676,True,3.7525,True,9.2337
SPY,C3_Reentry_Stop,DCA_ADDITION,2025-09-01,2025-09-02,637.981,633.2534,True,4.3352,True,5.7197,True,3.1734,True,3.9584
SPY,C3_Reentry_Stop,DCA_ADDITION,2025-10-01,2025-10-02,662.9575,663.7211,True,1.5854,True,3.4667,True,2.8334,True,3.5859
SPY,C3_Reentry_Stop,DCA_ADDITION,2025-11-03,2025-11-04,677.7252,669.6917,True,0.9315,True,3.3033,True,-0.4493,True,1.6737
SPY,C3_Reentry_Stop,DCA_ADDITION,2025-12-01,2025-12-02,674.6804,675.9301,True,1.1019,True,1.152,True,1.413,True,0.6081
SPY,C3_Reentry_Stop,DCA_ADDITION,2026-01-01,2026-01-02,678.3152,679.5586,True,1.2881,True,-6.9307,True,1.7773,True,-5.1426
SPY,C3_Reentry_Stop,DCA_ADDITION,2026-02-02,2026-02-03,691.7339,685.885,True,-1.3342,True,3.4957,True,-1.2985,True,3.1223
SPY,C3_Reentry_Stop,DCA_ADDITION,2026-03-02,2026-03-03,682.7517,676.7337,True,-4.1471,True,10.6286,True,-7.6757,True,8.9304
SPY,C3_Reentry_Stop,DCA_ADDITION,2026-04-01,2026-04-02,653.5563,654.1448,True,9.5802,True,12.2534,True,8.5984,True,12.1923
SPY,C3_Reentry_Stop,DCA_ADDITION,2026-05-01,2026-05-04,718.7982,716.165,True,5.6448,True,3.2011,True,4.9719,True,2.8008
SPY,C3_Reentry_Stop,DCA_ADDITION,2026-06-01,2026-06-02,756.5908,757.6182,True,-1.4319,True,1.0944,True,-2.0607,True,0.9092
SPY,C3_Reentry_Stop,DCA_ADDITION,2026-07-01,2026-07-02,745.76,744.78,True,-0.4149,False,,True,-2.1857,False,
SPY,C3_Reentry_Stop,DCA_ADDITION,2026-08-03,2026-08-04,757.67,771.33,True,-1.2381,False,,True,1.238,False,
SPY,C3_Reentry_Stop,DCA_ADDITION,2026-09-01,2026-09-02,761.78,765.16,False,,False,,False,,False,
SPY,C4_A_plus_B,TREND_BUY,2014-04-18,2014-04-21,151.6763,152.2052,True,0.9089,True,6.1521,True,0.8906,True,5.9886
SPY,C4_A_plus_B,DCA_ADDITION,2014-05-01,2014-05-02,153.255,153.0353,True,2.4566,True,5.6404,True,2.1452,True,5.9852
SPY,C4_A_plus_B,DCA_ADDITION,2014-06-02,2014-06-03,156.9739,156.8925,True,2.6837,True,4.4035,True,1.9481,True,4.2816
SPY,C4_A_plus_B,DCA_ADDITION,2014-07-01,2014-07-02,161.103,161.2665,True,-0.1268,True,1.6543,True,-0.0406,True,0.9672
SPY,C4_A_plus_B,DCA_ADDITION,2014-08-01,2014-08-04,157.399,158.5356,True,3.5174,True,1.6436,True,4.2649,True,2.5185
SPY,C4_A_plus_B,DCA_ADDITION,2014-09-01,2014-09-02,164.1119,164.0302,True,-1.3305,True,3.7227,True,-1.1193,True,3.7461
SPY,C4_A_plus_B,DCA_ADDITION,2014-10-01,2014-10-02,159.6544,159.6791,True,2.5723,True,7.4786,True,1.9346,True,7.4951
SPY,C4_A_plus_B,DCA_ADDITION,2014-11-03,2014-11-04,165.7498,165.1748,True,2.994,True,1.3871,True,1.9775,True,2.3858
SPY,C4_A_plus_B,DCA_ADDITION,2014-12-01,2014-12-02,169.0275,170.1201,True,0.7995,True,2.8437,True,1.9984,True,3.2153
SPY,C4_A_plus_B,DCA_ADDITION,2015-01-01,2015-01-02,169.7787,169.6879,True,-2.911,True,0.5979,True,-1.7271,True,0.3145
SPY,C4_A_plus_B,DCA_ADDITION,2015-02-02,2015-02-03,166.7886,169.2005,True,3.0658,True,3.6828,True,4.9871,True,4.8488
SPY,C4_A_plus_B,DCA_ADDITION,2015-03-02,2015-03-03,175.1065,174.3879,True,-1.785,True,0.2465,True,-1.3258,True,0.9202
SPY,C4_A_plus_B,DCA_ADDITION,2015-04-01,2015-04-02,170.6693,171.2833,True,0.9785,True,2.1511,True,2.3675,True,2.8312
SPY,C4_A_plus_B,DCA_ADDITION,2015-05-01,2015-05-04,174.8344,175.3322,True,0.1183,True,-1.6677,True,0.1993,True,-0.8106
SPY,C4_A_plus_B,DCA_ADDITION,2015-06-01,2015-06-02,175.5397,175.3654,True,-2.1332,True,-10.9666,True,-2.4346,True,-9.9959
SPY,C4_A_plus_B,EXIT_SELL,2015-06-29,2015-06-30,171.2661,171.6245,True,1.6905,True,-5.3106,True,0.6669,True,-3.8646
SPY,C4_A_plus_B,TREND_BUY,2015-07-15,2015-07-16,175.5931,177.0022,True,-1.7146,True,-4.731,True,-0.8024,True,-4.8257
SPY,C4_A_plus_B,DCA_ADDITION,2015-08-03,2015-08-04,174.9095,174.5676,True,-8.4105,True,-0.8147,True,-5.7772,True,-0.8169
SPY,C4_A_plus_B,DCA_ADDITION,2015-09-01,2015-09-02,159.8855,162.9203,True,-1.4246,True,7.6753,True,-1.3933,True,9.7348
SPY,C4_A_plus_B,EXIT_SELL,2015-09-10,2015-09-11,163.2872,164.0293,True,2.865,True,7.1006,True,3.2709,True,5.5292
SPY,C4_A_plus_B,PANIC_BUY,2015-10-05,2015-10-06,166.3319,165.7619,True,6.6788,True,5.4828,True,6.0059,True,4.0113
SPY,C4_A_plus_B,DCA_ADDITION,2015-11-02,2015-11-03,176.3217,176.8329,True,-0.1517,True,-9.3214,True,-0.808,True,-10.2825
SPY,C4_A_plus_B,DCA_ADDITION,2015-12-01,2015-12-02,176.5647,174.7628,True,-0.6591,True,-6.8,True,-0.971,True,-8.1714
SPY,C4_A_plus_B,DCA_ADDITION,2016-01-01,2016-01-04,171.8743,169.4715,True,-3.6663,True,1.6259,True,-4.9787,True,0.146
SPY,C4_A_plus_B,EXIT_SELL,2016-01-04,2016-01-05,169.4715,169.7582,True,-5.5621,True,2.3927,True,-3.6663,True,1.6259
SPY,C4_A_plus_B,PANIC_BUY,2016-01-29,2016-02-01,163.3173,163.2582,True,-0.0464,True,8.2809,True,0.7072,True,8.4285
SPY,C4_A_plus_B,DCA_ADDITION,2016-03-01,2016-03-02,167.0182,167.7686,True,4.0616,True,5.7082,True,4.0724,True,5.4678
SPY,C4_A_plus_B,DCA_ADDITION,2016-04-01,2016-04-04,175.3453,174.7776,True,0.834,True,-2.721,True,-0.2851,True,-1.2676
SPY,C4_A_plus_B,DCA_ADDITION,2016-05-02,2016-05-03,176.2351,174.7013,True,1.785,True,5.6835,True,1.0915,True,4.7154
SPY,C4_A_plus_B,DCA_ADDITION,2016-06-01,2016-06-02,178.1841,178.7265,True,-0.1615,True,3.7562,True,-1.2057,True,4.1437
SPY,C4_A_plus_B,DCA_ADDITION,2016-07-01,2016-07-04,178.8126,178.8126,True,3.3442,True,2.5735,True,3.4299,True,3.4113
SPY,C4_A_plus_B,DCA_ADDITION,2016-08-01,2016-08-02,184.7924,183.6083,True,1.1366,True,-0.1383,True,0.6545,True,-0.4446
SPY,C4_A_plus_B,DCA_ADDITION,2016-09-01,2016-09-02,185.1757,186.0105,True,-0.4476,True,1.9549,True,-0.7478,True,2.0354
SPY,C4_A_plus_B,DCA_ADDITION,2016-10-03,2016-10-04,184.7328,183.791,True,-1.7095,True,6.02,True,-1.4969,True,5.2184
SPY,C4_A_plus_B,DCA_ADDITION,2016-11-01,2016-11-02,180.649,179.5617,True,5.073,True,10.0997,True,4.6918,True,8.498
SPY,C4_A_plus_B,DCA_ADDITION,2016-12-01,2016-12-02,187.9774,188.0715,True,2.3523,True,8.401,True,2.7792,True,8.3179
SPY,C4_A_plus_B,DCA_ADDITION,2017-01-02,2017-01-03,192.4955,193.9681,True,1.0167,True,4.9297,True,1.7984,True,4.9686
SPY,C4_A_plus_B,DCA_ADDITION,2017-02-01,2017-02-02,196.0177,196.1469,True,4.6099,True,5.2105,True,5.3423,True,5.1916
SPY,C4_A_plus_B,DCA_ADDITION,2017-03-01,2017-03-02,206.4895,205.1891,True,-0.3996,True,1.9061,True,-1.341,True,0.7827
SPY,C4_A_plus_B,DCA_ADDITION,2017-04-03,2017-04-04,203.539,203.6686,True,1.3972,True,2.9841,True,1.4235,True,3.8866
SPY,C4_A_plus_B,DCA_ADDITION,2017-05-01,2017-05-02,206.4364,206.5142,True,1.1433,True,4.128,True,1.2695,True,3.9147
SPY,C4_A_plus_B,DCA_ADDITION,2017-06-01,2017-06-02,210.4841,211.1847,True,-0.4877,True,0.6482,True,-0.3423,True,0.7478
SPY,C4_A_plus_B,DCA_ADDITION,2017-07-03,2017-07-04,210.5111,210.5111,True,2.1097,True,3.3467,True,1.8827,True,3.2845
SPY,C4_A_plus_B,DCA_ADDITION,2017-08-01,2017-08-02,214.9523,215.0566,True,-0.5779,True,3.6845,True,-0.9987,True,4.2509
SPY,C4_A_plus_B,DCA_ADDITION,2017-09-01,2017-09-04,215.4043,215.4043,True,2.3128,True,5.5203,True,1.8709,True,5.573
SPY,C4_A_plus_B,DCA_ADDITION,2017-10-02,2017-10-03,220.3863,220.8579,True,1.6966,True,6.2073,True,1.7557,True,6.5621
SPY,C4_A_plus_B,DCA_ADDITION,2017-11-01,2017-11-02,224.9019,224.9893,True,2.8805,True,10.5431,True,2.0273,True,10.5392
SPY,C4_A_plus_B,DCA_ADDITION,2017-12-01,2017-12-04,230.9898,230.7103,True,1.5461,True,5.7471,True,1.4233,True,4.4068
SPY,C4_A_plus_B,DCA_ADDITION,2018-01-01,2018-01-02,234.2774,235.9543,True,4.8332,True,-2.6514,True,6.6777,True,-0.2578
SPY,C4_A_plus_B,DCA_ADDITION,2018-02-01,2018-02-02,247.2003,241.8187,True,-2.3126,True,-2.8398,True,-4.9293,True,-5.0442
SPY,C4_A_plus_B,DCA_ADDITION,2018-03-01,2018-03-02,235.015,236.2265,True,-1.8122,True,1.546,True,-1.306,True,2.3132
SPY,C4_A_plus_B,DCA_ADDITION,2018-04-02,2018-04-03,226.9392,229.848,True,1.6145,True,4.6208,True,2.7343,True,5.7276
SPY,C4_A_plus_B,DCA_ADDITION,2018-05-01,2018-05-02,233.5587,231.9898,True,3.5752,True,8.3911,True,1.5246,True,6.7531
SPY,C4_A_plus_B,DCA_ADDITION,2018-06-01,2018-06-04,241.1565,242.3024,True,-0.6618,True,5.8863,True,-0.4027,True,5.5559
SPY,C4_A_plus_B,DCA_ADDITION,2018-07-02,2018-07-03,240.6989,239.8489,True,3.8501,True,7.8133,True,2.9758,True,7.5323
SPY,C4_A_plus_B,DCA_ADDITION,2018-08-01,2018-08-02,248.6673,250.0219,True,2.8011,True,-3.9263,True,3.7813,True,-5.1054
SPY,C4_A_plus_B,DCA_ADDITION,2018-09-03,2018-09-04,257.0341,256.5915,True,1.0593,True,-6.9684,True,0.944,True,-7.44
SPY,C4_A_plus_B,DCA_ADDITION,2018-10-01,2018-10-02,259.4606,259.3095,True,-8.1596,True,-19.1561,True,-9.5534,True,-19.2032
SPY,C4_A_plus_B,DCA_ADDITION,2018-11-01,2018-11-02,243.256,241.8152,True,1.3829,True,-1.6764,True,0.1719,True,-3.0789
SPY,C4_A_plus_B,EXIT_SELL,2018-11-14,2018-11-15,240.3121,242.8201,True,-2.802,True,-0.477,True,-1.7543,True,1.5295
SPY,C4_A_plus_B,PANIC_BUY,2018-11-28,2018-11-29,244.2077,243.6741,True,-8.9282,True,1.8469,True,-9.8195,True,1.987
SPY,C4_A_plus_B,DCA_ADDITION,2018-12-03,2018-12-04,248.4055,240.3566,True,-6.9827,True,3.9597,True,-9.9966,True,0.6632
SPY,C4_A_plus_B,DCA_ADDITION,2019-01-01,2019-01-02,223.5733,223.806,True,6.955,True,12.2719,True,5.3977,True,12.9795
SPY,C4_A_plus_B,EXIT_SELL,2019-01-03,2019-01-04,218.4653,225.783,True,7.0011,True,12.415,True,10.5319,True,15.4525
SPY,C4_A_plus_B,PANIC_BUY,2019-01-18,2019-01-21,238.3697,238.3697,True,4.0944,True,9.3024,True,4.0944,True,9.3741
SPY,C4_A_plus_B,DCA_ADDITION,2019-02-01,2019-02-04,241.5902,243.2899,True,2.7357,True,8.5323,True,3.8362,True,9.1248
SPY,C4_A_plus_B,DCA_ADDITION,2019-03-01,2019-03-04,250.8581,249.9456,True,2.7519,True,1.6556,True,1.1783,True,1.2858
SPY,C4_A_plus_B,DCA_ADDITION,2019-04-01,2019-04-02,256.824,256.9498,True,2.815,True,2.1695,True,2.8129,True,3.2321
SPY,C4_A_plus_B,DCA_ADDITION,2019-05-01,2019-05-02,262.1972,261.6311,True,-4.1727,True,3.5301,True,-4.64,True,3.8025
SPY,C4_A_plus_B,DCA_ADDITION,2019-06-03,2019-06-04,246.7067,252.0619,True,6.1818,True,2.7573,True,8.2048,True,5.4014
SPY,C4_A_plus_B,DCA_ADDITION,2019-07-01,2019-07-02,266.9485,267.6437,True,1.4473,True,0.272,True,1.9617,True,1.3283
SPY,C4_A_plus_B,DCA_ADDITION,2019-08-01,2019-08-02,266.2081,264.2037,True,-0.0581,True,3.5448,True,-0.7665,True,2.3461
SPY,C4_A_plus_B,DCA_ADDITION,2019-09-02,2019-09-03,264.0503,262.5063,True,1.3256,True,8.5266,True,1.9457,True,7.6482
SPY,C4_A_plus_B,DCA_ADDITION,2019-10-01,2019-10-02,265.9862,261.2876,True,5.5822,True,12.0632,True,3.4,True,10.0837
SPY,C4_A_plus_B,DCA_ADDITION,2019-11-01,2019-11-04,277.6873,278.803,True,1.3892,True,5.7652,True,2.6687,True,7.92
SPY,C4_A_plus_B,DCA_ADDITION,2019-12-02,2019-12-03,282.6761,280.7803,True,4.488,True,1.4981,True,3.5356,True,3.9678
SPY,C4_A_plus_B,DCA_ADDITION,2020-01-01,2020-01-02,293.3817,296.1253,True,0.865,True,-19.1258,True,1.4789,True,-22.873
SPY,C4_A_plus_B,DCA_ADDITION,2020-02-03,2020-02-04,295.4416,299.9446,True,-8.7583,True,-12.6572,True,-4.6371,True,-10.9163
SPY,C4_A_plus_B,DCA_ADDITION,2020-03-02,2020-03-03,281.7416,273.6746,True,-13.6472,True,0.1994,True,-14.8505,True,-3.8541
SPY,C4_A_plus_B,EXIT_SELL,2020-03-27,2020-03-30,232.3556,239.9015,True,9.7076,True,19.2382,True,11.6605,True,22.3259
SPY,C4_A_plus_B,PANIC_BUY,2020-04-13,2020-04-14,252.747,260.2012,True,1.0148,True,11.0542,True,6.109,True,15.521
SPY,C4_A_plus_B,DCA_ADDITION,2020-05-01,2020-05-04,259.2843,259.9995,True,7.7512,True,14.484,True,7.6134,True,13.9687
SPY,C4_A_plus_B,EXIT_SELL,2020-05-13,2020-05-14,258.1932,261.2831,True,5.4883,True,17.8374,True,13.2813,True,18.4558
SPY,C4_A_plus_B,TREND_BUY,2020-05-14,2020-05-15,261.2831,262.4842,True,6.2631,True,17.3824,True,5.4883,True,17.8374
SPY,C4_A_plus_B,DCA_ADDITION,2020-06-01,2020-06-02,280.1525,282.4722,True,0.5313,True,12.1897,True,0.0817,True,12.7243
SPY,C4_A_plus_B,EXIT_SELL,2020-06-11,2020-06-12,275.6231,278.9239,True,4.8577,True,13.1052,True,5.0409,True,15.402
SPY,C4_A_plus_B,TREND_BUY,2020-06-12,2020-06-15,278.9239,281.5278,True,2.9883,True,12.0591,True,4.8577,True,13.1052
SPY,C4_A_plus_B,DCA_ADDITION,2020-07-01,2020-07-02,285.9622,287.537,True,3.7568,True,4.0243,True,4.7018,True,4.3191
SPY,C4_A_plus_B,DCA_ADDITION,2020-08-03,2020-08-04,302.7874,303.9569,True,6.8291,True,2.8825,True,6.2411,True,3.6372
SPY,C4_A_plus_B,DCA_ADDITION,2020-09-01,2020-09-02,324.7144,329.411,True,-6.0021,True,1.7925,True,-5.3601,True,3.4242
SPY,C4_A_plus_B,DCA_ADDITION,2020-10-01,2020-10-02,311.6274,308.6686,True,-2.1867,True,11.0032,True,-2.0947,True,9.9492
SPY,C4_A_plus_B,DCA_ADDITION,2020-11-02,2020-11-03,305.3031,310.6935,True,8.9248,True,14.6999,True,9.6487,True,16.9075
SPY,C4_A_plus_B,DCA_ADDITION,2020-12-01,2020-12-02,338.4222,339.1343,True,1.85,True,7.2657,True,1.9189,True,6.3198
SPY,C4_A_plus_B,DCA_ADDITION,2021-01-01,2021-01-04,347.1632,342.4369,True,2.0174,True,7.67,True,-1.0191,True,6.2579
SPY,C4_A_plus_B,DCA_ADDITION,2021-02-01,2021-02-02,349.3453,354.2851,True,1.3078,True,9.7858,True,3.5484,True,11.3621
SPY,C4_A_plus_B,DCA_ADDITION,2021-03-01,2021-03-02,361.7413,358.9185,True,2.4533,True,8.5553,True,1.9242,True,7.9478
SPY,C4_A_plus_B,DCA_ADDITION,2021-04-01,2021-04-02,373.2015,373.2015,True,4.1661,True,6.8385,True,4.8551,True,6.4603
SPY,C4_A_plus_B,DCA_ADDITION,2021-05-03,2021-05-04,389.588,387.1846,True,0.9744,True,5.9733,True,0.44,True,5.8017
SPY,C4_A_plus_B,DCA_ADDITION,2021-06-01,2021-06-02,390.9575,391.5723,True,2.1722,True,7.1488,True,2.2468,True,7.0926
SPY,C4_A_plus_B,DCA_ADDITION,2021-07-01,2021-07-02,402.2931,405.368,True,1.1044,True,2.6773,True,2.3744,True,3.292
SPY,C4_A_plus_B,DCA_ADDITION,2021-08-02,2021-08-03,408.985,412.3124,True,2.3597,True,3.6883,True,3.3456,True,4.4378
SPY,C4_A_plus_B,DCA_ADDITION,2021-09-01,2021-09-02,422.2661,423.5653,True,-5.0034,True,3.9175,True,-3.5321,True,4.2373
SPY,C4_A_plus_B,DCA_ADDITION,2021-10-01,2021-10-04,407.1543,401.9036,True,7.3255,True,11.734,True,5.7595,True,8.754
SPY,C4_A_plus_B,DCA_ADDITION,2021-11-01,2021-11-02,431.345,433.0891,True,-1.3726,True,-5.6081,True,0.9912,True,-4.055
SPY,C4_A_plus_B,DCA_ADDITION,2021-12-01,2021-12-02,422.4001,428.8697,True,4.4672,True,-6.0331,True,6.3613,True,-6.0083
SPY,C4_A_plus_B,DCA_ADDITION,2022-01-03,2022-01-04,449.4864,449.3358,True,-5.1513,True,-3.0502,True,-5.8194,True,-4.2669
SPY,C4_A_plus_B,DCA_ADDITION,2022-02-01,2022-02-02,426.1893,430.3293,True,-4.2549,True,-8.4801,True,-5.0712,True,-7.8502
SPY,C4_A_plus_B,EXIT_SELL,2022-02-03,2022-02-04,420.2145,422.1905,True,-3.684,True,-7.894,True,-2.4384,True,-3.9098
SPY,C4_A_plus_B,PANIC_BUY,2022-03-17,2022-03-18,415.0112,419.5566,True,-1.514,True,-12.3099,True,-0.4353,True,-8.7022
SPY,C4_A_plus_B,DCA_ADDITION,2022-04-01,2022-04-04,427.485,431.1471,True,-9.2644,True,-14.5647,True,-9.0347,True,-13.5024
SPY,C4_A_plus_B,DCA_ADDITION,2022-05-02,2022-05-03,391.2037,392.997,True,-0.8286,True,-5.7163,True,0.1882,True,-4.1501
SPY,C4_A_plus_B,EXIT_SELL,2022-05-24,2022-05-25,371.7701,375.0545,True,-5.376,True,7.8323,True,-4.3667,True,9.5626
SPY,C4_A_plus_B,PANIC_BUY,2022-06-24,2022-06-27,369.7643,368.352,True,1.7962,True,0.4004,True,1.2844,True,-0.7527
SPY,C4_A_plus_B,DCA_ADDITION,2022-07-01,2022-07-04,361.3847,361.3847,True,7.7458,True,-4.0482,True,8.0658,True,-3.0895
SPY,C4_A_plus_B,DCA_ADDITION,2022-08-01,2022-08-02,389.3768,386.808,True,-2.4139,True,-5.2832,True,-1.9816,True,-7.387
SPY,C4_A_plus_B,EXIT_SELL,2022-08-24,2022-08-25,392.1259,397.6616,True,-10.4295,True,-5.6377,True,-8.3955,True,-4.0118
SPY,C4_A_plus_B,TREND_BUY,2022-08-25,2022-08-26,397.6616,384.2011,True,-8.8447,True,-1.8882,True,-10.4295,True,-5.6377
SPY,C4_A_plus_B,DCA_ADDITION,2022-09-01,2022-09-02,375.7742,371.8118,True,-8.5643,True,2.9938,True,-8.1075,True,1.9305
SPY,C4_A_plus_B,EXIT_SELL,2022-09-15,2022-09-16,369.8023,366.981,True,-7.244,True,2.0023,True,-5.805,True,1.986
SPY,C4_A_plus_B,PANIC_BUY,2022-10-05,2022-10-06,358.9193,355.2167,True,-0.5868,True,3.2156,True,-0.5887,True,0.3446
SPY,C4_A_plus_B,EXIT_SELL,2022-10-07,2022-10-10,345.3083,342.6717,True,5.5358,True,6.7125,True,3.7377,True,5.8977
SPY,C4_A_plus_B,PANIC_BUY,2022-10-21,2022-10-24,356.2541,360.6134,True,4.1492,True,5.6642,True,5.8083,True,6.9572
SPY,C4_A_plus_B,DCA_ADDITION,2022-11-01,2022-11-02,365.9912,356.8062,True,8.7524,True,7.2875,True,2.7853,True,4.5557
SPY,C4_A_plus_B,DCA_ADDITION,2022-12-01,2022-12-02,387.7497,387.3024,True,-5.5845,True,-2.1405,True,-5.4444,True,-1.198
SPY,C4_A_plus_B,EXIT_SELL,2022-12-06,2022-12-07,374.8525,374.2148,True,-1.9426,True,0.8629,True,-2.8594,True,1.0791
SPY,C4_A_plus_B,TREND_BUY,2022-12-07,2022-12-08,374.2148,377.1464,True,-3.8153,True,0.8573,True,-1.9426,True,0.8629
SPY,C4_A_plus_B,DCA_ADDITION,2023-01-02,2023-01-03,365.6734,364.1339,True,6.7381,True,4.2776,True,4.7486,True,4.0722
SPY,C4_A_plus_B,DCA_ADDITION,2023-02-01,2023-02-02,392.8004,398.5184,True,-4.5516,True,-0.6709,True,-3.9095,True,-1.192
SPY,C4_A_plus_B,DCA_ADDITION,2023-03-01,2023-03-02,377.444,380.3795,True,1.8679,True,4.631,True,2.0626,True,4.5394
SPY,C4_A_plus_B,DCA_ADDITION,2023-04-03,2023-04-04,394.4434,392.255,True,0.531,True,7.1256,True,1.1096,True,5.376
SPY,C4_A_plus_B,DCA_ADDITION,2023-05-01,2023-05-02,398.8203,394.3379,True,2.2734,True,11.2676,True,1.0854,True,9.7175
SPY,C4_A_plus_B,DCA_ADDITION,2023-06-01,2023-06-02,404.8769,410.7318,True,3.9742,True,3.1979,True,4.2476,True,3.9574
SPY,C4_A_plus_B,DCA_ADDITION,2023-07-03,2023-07-04,427.5467,427.5467,True,2.8594,True,-3.6972,True,3.1547,True,-2.2613
SPY,C4_A_plus_B,DCA_ADDITION,2023-08-01,2023-08-02,439.7722,433.6546,True,0.1955,True,-6.9107,True,-1.6036,True,-6.869
SPY,C4_A_plus_B,DCA_ADDITION,2023-09-01,2023-09-04,434.6758,434.6758,True,-4.9586,True,1.0845,True,-4.9208,True,1.2669
SPY,C4_A_plus_B,DCA_ADDITION,2023-10-02,2023-10-03,413.1219,407.5918,True,-0.8041,True,13.2803,True,-2.7427,True,11.294
SPY,C4_A_plus_B,EXIT_SELL,2023-10-19,2023-10-20,412.2712,407.2052,True,7.0277,True,13.6334,True,5.5812,True,12.1594
SPY,C4_A_plus_B,PANIC_BUY,2023-11-02,2023-11-03,416.4574,420.2569,True,5.6155,True,12.5828,True,5.9523,True,13.7544
SPY,C4_A_plus_B,DCA_ADDITION,2023-12-01,2023-12-04,443.8565,441.5265,True,4.4991,True,11.2443,True,3.9506,True,11.0671
SPY,C4_A_plus_B,DCA_ADDITION,2024-01-01,2024-01-02,461.3913,458.8092,True,3.8591,True,10.1073,True,3.3578,True,9.6937
SPY,C4_A_plus_B,DCA_ADDITION,2024-02-01,2024-02-02,474.8746,479.8738,True,3.7423,True,3.1332,True,3.8594,True,3.2409
SPY,C4_A_plus_B,DCA_ADDITION,2024-03-01,2024-03-04,497.832,497.2981,True,2.2413,True,3.6668,True,2.3097,True,3.5556
SPY,C4_A_plus_B,DCA_ADDITION,2024-04-01,2024-04-02,508.4442,505.2115,True,-3.2496,True,5.348,True,-2.3173,True,4.2766
SPY,C4_A_plus_B,DCA_ADDITION,2024-05-01,2024-05-02,487.2072,491.7642,True,3.481,True,6.9534,True,5.1464,True,8.5192
SPY,C4_A_plus_B,DCA_ADDITION,2024-06-03,2024-06-04,513.936,514.5107,True,4.2376,True,6.6204,True,3.6566,True,6.5933
SPY,C4_A_plus_B,DCA_ADDITION,2024-07-01,2024-07-02,532.7285,536.3136,True,-1.2768,True,4.3792,True,-0.1063,True,4.7819
SPY,C4_A_plus_B,DCA_ADDITION,2024-08-01,2024-08-02,530.4524,520.5763,True,5.7759,True,8.9916,True,2.825,True,6.9992
SPY,C4_A_plus_B,DCA_ADDITION,2024-09-02,2024-09-03,550.6443,539.3126,True,3.3119,True,9.1313,True,2.1005,True,6.3303
SPY,C4_A_plus_B,DCA_ADDITION,2024-10-01,2024-10-02,557.1739,557.4091,True,1.9601,True,6.0584,True,2.3126,True,6.1031
SPY,C4_A_plus_B,DCA_ADDITION,2024-11-01,2024-11-04,559.5452,558.3399,True,5.9353,True,5.5417,True,5.518,True,6.8255
SPY,C4_A_plus_B,DCA_ADDITION,2024-12-02,2024-12-03,591.4792,591.7535,True,-2.6258,True,-1.2701,True,-2.2249,True,-0.7306
SPY,C4_A_plus_B,DCA_ADDITION,2025-01-01,2025-01-02,576.2153,574.7995,True,3.4893,True,-2.7118,True,2.6839,True,-2.6924
SPY,C4_A_plus_B,DCA_ADDITION,2025-02-03,2025-02-04,587.7085,591.6511,True,-4.1411,True,-7.6095,True,-2.342,True,-7.572
SPY,C4_A_plus_B,DCA_ADDITION,2025-03-03,2025-03-04,573.9442,567.1505,True,-2.462,True,2.7855,True,-3.8881,True,-0.4998
SPY,C4_A_plus_B,DCA_ADDITION,2025-04-01,2025-04-02,553.187,556.6877,True,-1.7679,True,7.8642,True,-1.1854,True,8.486
SPY,C4_A_plus_B,DCA_ADDITION,2025-05-01,2025-05-02,550.7217,558.8967,True,3.9929,True,12.7432,True,5.6547,True,13.9355
SPY,C4_A_plus_B,DCA_ADDITION,2025-06-02,2025-06-03,584.4867,587.8198,True,3.9232,True,8.5519,True,4.5497,True,8.7158
SPY,C4_A_plus_B,DCA_ADDITION,2025-07-01,2025-07-02,610.8813,613.6506,True,2.258,True,6.8471,True,2.8511,True,7.674
SPY,C4_A_plus_B,DCA_ADDITION,2025-08-01,2025-08-04,614.9066,624.2531,True,2.1991,True,8.8676,True,3.7525,True,9.2337
SPY,C4_A_plus_B,DCA_ADDITION,2025-09-01,2025-09-02,637.981,633.2534,True,4.3352,True,5.7197,True,3.1734,True,3.9584
SPY,C4_A_plus_B,DCA_ADDITION,2025-10-01,2025-10-02,662.9575,663.7211,True,1.5854,True,3.4667,True,2.8334,True,3.5859
SPY,C4_A_plus_B,DCA_ADDITION,2025-11-03,2025-11-04,677.7252,669.6917,True,0.9315,True,3.3033,True,-0.4493,True,1.6737
SPY,C4_A_plus_B,DCA_ADDITION,2025-12-01,2025-12-02,674.6804,675.9301,True,1.1019,True,1.152,True,1.413,True,0.6081
SPY,C4_A_plus_B,DCA_ADDITION,2026-01-01,2026-01-02,678.3152,679.5586,True,1.2881,True,-6.9307,True,1.7773,True,-5.1426
SPY,C4_A_plus_B,DCA_ADDITION,2026-02-02,2026-02-03,691.7339,685.885,True,-1.3342,True,3.4957,True,-1.2985,True,3.1223
SPY,C4_A_plus_B,DCA_ADDITION,2026-03-02,2026-03-03,682.7517,676.7337,True,-4.1471,True,10.6286,True,-7.6757,True,8.9304
SPY,C4_A_plus_B,DCA_ADDITION,2026-04-01,2026-04-02,653.5563,654.1448,True,9.5802,True,12.2534,True,8.5984,True,12.1923
SPY,C4_A_plus_B,DCA_ADDITION,2026-05-01,2026-05-04,718.7982,716.165,True,5.6448,True,3.2011,True,4.9719,True,2.8008
SPY,C4_A_plus_B,DCA_ADDITION,2026-06-01,2026-06-02,756.5908,757.6182,True,-1.4319,True,1.0944,True,-2.0607,True,0.9092
SPY,C4_A_plus_B,DCA_ADDITION,2026-07-01,2026-07-02,745.76,744.78,True,-0.4149,False,,True,-2.1857,False,
SPY,C4_A_plus_B,DCA_ADDITION,2026-08-03,2026-08-04,757.67,771.33,True,-1.2381,False,,True,1.238,False,
SPY,C4_A_plus_B,DCA_ADDITION,2026-09-01,2026-09-02,761.78,765.16,False,,False,,False,,False,
SPY,C5_A_plus_C,TREND_BUY,2014-04-18,2014-04-21,151.6763,152.2052,True,0.9089,True,6.1521,True,0.8906,True,5.9886
SPY,C5_A_plus_C,DCA_ADDITION,2014-05-01,2014-05-02,153.255,153.0353,True,2.4566,True,5.6404,True,2.1452,True,5.9852
SPY,C5_A_plus_C,DCA_ADDITION,2014-06-02,2014-06-03,156.9739,156.8925,True,2.6837,True,4.4035,True,1.9481,True,4.2816
SPY,C5_A_plus_C,DCA_ADDITION,2014-07-01,2014-07-02,161.103,161.2665,True,-0.1268,True,1.6543,True,-0.0406,True,0.9672
SPY,C5_A_plus_C,DCA_ADDITION,2014-08-01,2014-08-04,157.399,158.5356,True,3.5174,True,1.6436,True,4.2649,True,2.5185
SPY,C5_A_plus_C,DCA_ADDITION,2014-09-01,2014-09-02,164.1119,164.0302,True,-1.3305,True,3.7227,True,-1.1193,True,3.7461
SPY,C5_A_plus_C,DCA_ADDITION,2014-10-01,2014-10-02,159.6544,159.6791,True,2.5723,True,7.4786,True,1.9346,True,7.4951
SPY,C5_A_plus_C,DCA_ADDITION,2014-11-03,2014-11-04,165.7498,165.1748,True,2.994,True,1.3871,True,1.9775,True,2.3858
SPY,C5_A_plus_C,DCA_ADDITION,2014-12-01,2014-12-02,169.0275,170.1201,True,0.7995,True,2.8437,True,1.9984,True,3.2153
SPY,C5_A_plus_C,DCA_ADDITION,2015-01-01,2015-01-02,169.7787,169.6879,True,-2.911,True,0.5979,True,-1.7271,True,0.3145
SPY,C5_A_plus_C,DCA_ADDITION,2015-02-02,2015-02-03,166.7886,169.2005,True,3.0658,True,3.6828,True,4.9871,True,4.8488
SPY,C5_A_plus_C,DCA_ADDITION,2015-03-02,2015-03-03,175.1065,174.3879,True,-1.785,True,0.2465,True,-1.3258,True,0.9202
SPY,C5_A_plus_C,DCA_ADDITION,2015-04-01,2015-04-02,170.6693,171.2833,True,0.9785,True,2.1511,True,2.3675,True,2.8312
SPY,C5_A_plus_C,DCA_ADDITION,2015-05-01,2015-05-04,174.8344,175.3322,True,0.1183,True,-1.6677,True,0.1993,True,-0.8106
SPY,C5_A_plus_C,DCA_ADDITION,2015-06-01,2015-06-02,175.5397,175.3654,True,-2.1332,True,-10.9666,True,-2.4346,True,-9.9959
SPY,C5_A_plus_C,EXIT_SELL,2015-06-29,2015-06-30,171.2661,171.6245,True,1.6905,True,-5.3106,True,0.6669,True,-3.8646
SPY,C5_A_plus_C,REENTRY_BUY,2015-07-15,2015-07-16,175.5931,177.0022,True,-1.7146,True,-4.731,True,-0.8024,True,-4.8257
SPY,C5_A_plus_C,DCA_ADDITION,2015-08-03,2015-08-04,174.9095,174.5676,True,-8.4105,True,-0.8147,True,-5.7772,True,-0.8169
SPY,C5_A_plus_C,DCA_ADDITION,2015-09-01,2015-09-02,159.8855,162.9203,True,-1.4246,True,7.6753,True,-1.3933,True,9.7348
SPY,C5_A_plus_C,EXIT_SELL,2015-09-10,2015-09-11,163.2872,164.0293,True,2.865,True,7.1006,True,3.2709,True,5.5292
SPY,C5_A_plus_C,REENTRY_BUY,2015-11-09,2015-11-10,174.3857,174.788,True,-0.772,True,-8.2798,True,0.1297,True,-6.381
SPY,C5_A_plus_C,DCA_ADDITION,2015-12-01,2015-12-02,176.5647,174.7628,True,-0.6591,True,-6.8,True,-0.971,True,-8.1714
SPY,C5_A_plus_C,DCA_ADDITION,2016-01-01,2016-01-04,171.8743,169.4715,True,-3.6663,True,1.6259,True,-4.9787,True,0.146
SPY,C5_A_plus_C,EXIT_SELL,2016-01-04,2016-01-05,169.4715,169.7582,True,-5.5621,True,2.3927,True,-3.6663,True,1.6259
SPY,C5_A_plus_C,REENTRY_BUY,2016-03-11,2016-03-14,170.9384,170.7193,True,1.2702,True,4.9087,True,1.3784,True,4.2437
SPY,C5_A_plus_C,DCA_ADDITION,2016-04-01,2016-04-04,175.3453,174.7776,True,0.834,True,-2.721,True,-0.2851,True,-1.2676
SPY,C5_A_plus_C,DCA_ADDITION,2016-05-02,2016-05-03,176.2351,174.7013,True,1.785,True,5.6835,True,1.0915,True,4.7154
SPY,C5_A_plus_C,DCA_ADDITION,2016-06-01,2016-06-02,178.1841,178.7265,True,-0.1615,True,3.7562,True,-1.2057,True,4.1437
SPY,C5_A_plus_C,DCA_ADDITION,2016-07-01,2016-07-04,178.8126,178.8126,True,3.3442,True,2.5735,True,3.4299,True,3.4113
SPY,C5_A_plus_C,DCA_ADDITION,2016-08-01,2016-08-02,184.7924,183.6083,True,1.1366,True,-0.1383,True,0.6545,True,-0.4446
SPY,C5_A_plus_C,DCA_ADDITION,2016-09-01,2016-09-02,185.1757,186.0105,True,-0.4476,True,1.9549,True,-0.7478,True,2.0354
SPY,C5_A_plus_C,DCA_ADDITION,2016-10-03,2016-10-04,184.7328,183.791,True,-1.7095,True,6.02,True,-1.4969,True,5.2184
SPY,C5_A_plus_C,DCA_ADDITION,2016-11-01,2016-11-02,180.649,179.5617,True,5.073,True,10.0997,True,4.6918,True,8.498
SPY,C5_A_plus_C,DCA_ADDITION,2016-12-01,2016-12-02,187.9774,188.0715,True,2.3523,True,8.401,True,2.7792,True,8.3179
SPY,C5_A_plus_C,DCA_ADDITION,2017-01-02,2017-01-03,192.4955,193.9681,True,1.0167,True,4.9297,True,1.7984,True,4.9686
SPY,C5_A_plus_C,DCA_ADDITION,2017-02-01,2017-02-02,196.0177,196.1469,True,4.6099,True,5.2105,True,5.3423,True,5.1916
SPY,C5_A_plus_C,DCA_ADDITION,2017-03-01,2017-03-02,206.4895,205.1891,True,-0.3996,True,1.9061,True,-1.341,True,0.7827
SPY,C5_A_plus_C,DCA_ADDITION,2017-04-03,2017-04-04,203.539,203.6686,True,1.3972,True,2.9841,True,1.4235,True,3.8866
SPY,C5_A_plus_C,DCA_ADDITION,2017-05-01,2017-05-02,206.4364,206.5142,True,1.1433,True,4.128,True,1.2695,True,3.9147
SPY,C5_A_plus_C,DCA_ADDITION,2017-06-01,2017-06-02,210.4841,211.1847,True,-0.4877,True,0.6482,True,-0.3423,True,0.7478
SPY,C5_A_plus_C,DCA_ADDITION,2017-07-03,2017-07-04,210.5111,210.5111,True,2.1097,True,3.3467,True,1.8827,True,3.2845
SPY,C5_A_plus_C,DCA_ADDITION,2017-08-01,2017-08-02,214.9523,215.0566,True,-0.5779,True,3.6845,True,-0.9987,True,4.2509
SPY,C5_A_plus_C,DCA_ADDITION,2017-09-01,2017-09-04,215.4043,215.4043,True,2.3128,True,5.5203,True,1.8709,True,5.573
SPY,C5_A_plus_C,DCA_ADDITION,2017-10-02,2017-10-03,220.3863,220.8579,True,1.6966,True,6.2073,True,1.7557,True,6.5621
SPY,C5_A_plus_C,DCA_ADDITION,2017-11-01,2017-11-02,224.9019,224.9893,True,2.8805,True,10.5431,True,2.0273,True,10.5392
SPY,C5_A_plus_C,DCA_ADDITION,2017-12-01,2017-12-04,230.9898,230.7103,True,1.5461,True,5.7471,True,1.4233,True,4.4068
SPY,C5_A_plus_C,DCA_ADDITION,2018-01-01,2018-01-02,234.2774,235.9543,True,4.8332,True,-2.6514,True,6.6777,True,-0.2578
SPY,C5_A_plus_C,DCA_ADDITION,2018-02-01,2018-02-02,247.2003,241.8187,True,-2.3126,True,-2.8398,True,-4.9293,True,-5.0442
SPY,C5_A_plus_C,DCA_ADDITION,2018-03-01,2018-03-02,235.015,236.2265,True,-1.8122,True,1.546,True,-1.306,True,2.3132
SPY,C5_A_plus_C,DCA_ADDITION,2018-04-02,2018-04-03,226.9392,229.848,True,1.6145,True,4.6208,True,2.7343,True,5.7276
SPY,C5_A_plus_C,DCA_ADDITION,2018-05-01,2018-05-02,233.5587,231.9898,True,3.5752,True,8.3911,True,1.5246,True,6.7531
SPY,C5_A_plus_C,DCA_ADDITION,2018-06-01,2018-06-04,241.1565,242.3024,True,-0.6618,True,5.8863,True,-0.4027,True,5.5559
SPY,C5_A_plus_C,DCA_ADDITION,2018-07-02,2018-07-03,240.6989,239.8489,True,3.8501,True,7.8133,True,2.9758,True,7.5323
SPY,C5_A_plus_C,DCA_ADDITION,2018-08-01,2018-08-02,248.6673,250.0219,True,2.8011,True,-3.9263,True,3.7813,True,-5.1054
SPY,C5_A_plus_C,DCA_ADDITION,2018-09-03,2018-09-04,257.0341,256.5915,True,1.0593,True,-6.9684,True,0.944,True,-7.44
SPY,C5_A_plus_C,DCA_ADDITION,2018-10-01,2018-10-02,259.4606,259.3095,True,-8.1596,True,-19.1561,True,-9.5534,True,-19.2032
SPY,C5_A_plus_C,DCA_ADDITION,2018-11-01,2018-11-02,243.256,241.8152,True,1.3829,True,-1.6764,True,0.1719,True,-3.0789
SPY,C5_A_plus_C,EXIT_SELL,2018-11-14,2018-11-15,240.3121,242.8201,True,-2.802,True,-0.477,True,-1.7543,True,1.5295
SPY,C5_A_plus_C,REENTRY_BUY,2019-01-18,2019-01-21,238.3697,238.3697,True,4.0944,True,9.3024,True,4.0944,True,9.3741
SPY,C5_A_plus_C,DCA_ADDITION,2019-02-01,2019-02-04,241.5902,243.2899,True,2.7357,True,8.5323,True,3.8362,True,9.1248
SPY,C5_A_plus_C,DCA_ADDITION,2019-03-01,2019-03-04,250.8581,249.9456,True,2.7519,True,1.6556,True,1.1783,True,1.2858
SPY,C5_A_plus_C,DCA_ADDITION,2019-04-01,2019-04-02,256.824,256.9498,True,2.815,True,2.1695,True,2.8129,True,3.2321
SPY,C5_A_plus_C,DCA_ADDITION,2019-05-01,2019-05-02,262.1972,261.6311,True,-4.1727,True,3.5301,True,-4.64,True,3.8025
SPY,C5_A_plus_C,DCA_ADDITION,2019-06-03,2019-06-04,246.7067,252.0619,True,6.1818,True,2.7573,True,8.2048,True,5.4014
SPY,C5_A_plus_C,DCA_ADDITION,2019-07-01,2019-07-02,266.9485,267.6437,True,1.4473,True,0.272,True,1.9617,True,1.3283
SPY,C5_A_plus_C,DCA_ADDITION,2019-08-01,2019-08-02,266.2081,264.2037,True,-0.0581,True,3.5448,True,-0.7665,True,2.3461
SPY,C5_A_plus_C,DCA_ADDITION,2019-09-02,2019-09-03,264.0503,262.5063,True,1.3256,True,8.5266,True,1.9457,True,7.6482
SPY,C5_A_plus_C,DCA_ADDITION,2019-10-01,2019-10-02,265.9862,261.2876,True,5.5822,True,12.0632,True,3.4,True,10.0837
SPY,C5_A_plus_C,DCA_ADDITION,2019-11-01,2019-11-04,277.6873,278.803,True,1.3892,True,5.7652,True,2.6687,True,7.92
SPY,C5_A_plus_C,DCA_ADDITION,2019-12-02,2019-12-03,282.6761,280.7803,True,4.488,True,1.4981,True,3.5356,True,3.9678
SPY,C5_A_plus_C,DCA_ADDITION,2020-01-01,2020-01-02,293.3817,296.1253,True,0.865,True,-19.1258,True,1.4789,True,-22.873
SPY,C5_A_plus_C,DCA_ADDITION,2020-02-03,2020-02-04,295.4416,299.9446,True,-8.7583,True,-12.6572,True,-4.6371,True,-10.9163
SPY,C5_A_plus_C,DCA_ADDITION,2020-03-02,2020-03-03,281.7416,273.6746,True,-13.6472,True,0.1994,True,-14.8505,True,-3.8541
SPY,C5_A_plus_C,EXIT_SELL,2020-03-27,2020-03-30,232.3556,239.9015,True,9.7076,True,19.2382,True,11.6605,True,22.3259
SPY,C5_A_plus_C,REENTRY_BUY,2020-06-02,2020-06-03,282.4722,286.2315,True,-0.0941,True,11.8263,True,0.5313,True,12.1897
SPY,C5_A_plus_C,EXIT_SELL,2020-06-11,2020-06-12,275.6231,278.9239,True,4.8577,True,13.1052,True,5.0409,True,15.402
SPY,C5_A_plus_C,REENTRY_BUY,2020-06-15,2020-06-16,281.5278,286.9466,True,2.3528,True,6.939,True,2.9883,True,12.0591
SPY,C5_A_plus_C,DCA_ADDITION,2020-07-01,2020-07-02,285.9622,287.537,True,3.7568,True,4.0243,True,4.7018,True,4.3191
SPY,C5_A_plus_C,DCA_ADDITION,2020-08-03,2020-08-04,302.7874,303.9569,True,6.8291,True,2.8825,True,6.2411,True,3.6372
SPY,C5_A_plus_C,DCA_ADDITION,2020-09-01,2020-09-02,324.7144,329.411,True,-6.0021,True,1.7925,True,-5.3601,True,3.4242
SPY,C5_A_plus_C,DCA_ADDITION,2020-10-01,2020-10-02,311.6274,308.6686,True,-2.1867,True,11.0032,True,-2.0947,True,9.9492
SPY,C5_A_plus_C,DCA_ADDITION,2020-11-02,2020-11-03,305.3031,310.6935,True,8.9248,True,14.6999,True,9.6487,True,16.9075
SPY,C5_A_plus_C,DCA_ADDITION,2020-12-01,2020-12-02,338.4222,339.1343,True,1.85,True,7.2657,True,1.9189,True,6.3198
SPY,C5_A_plus_C,DCA_ADDITION,2021-01-01,2021-01-04,347.1632,342.4369,True,2.0174,True,7.67,True,-1.0191,True,6.2579
SPY,C5_A_plus_C,DCA_ADDITION,2021-02-01,2021-02-02,349.3453,354.2851,True,1.3078,True,9.7858,True,3.5484,True,11.3621
SPY,C5_A_plus_C,DCA_ADDITION,2021-03-01,2021-03-02,361.7413,358.9185,True,2.4533,True,8.5553,True,1.9242,True,7.9478
SPY,C5_A_plus_C,DCA_ADDITION,2021-04-01,2021-04-02,373.2015,373.2015,True,4.1661,True,6.8385,True,4.8551,True,6.4603
SPY,C5_A_plus_C,DCA_ADDITION,2021-05-03,2021-05-04,389.588,387.1846,True,0.9744,True,5.9733,True,0.44,True,5.8017
SPY,C5_A_plus_C,DCA_ADDITION,2021-06-01,2021-06-02,390.9575,391.5723,True,2.1722,True,7.1488,True,2.2468,True,7.0926
SPY,C5_A_plus_C,DCA_ADDITION,2021-07-01,2021-07-02,402.2931,405.368,True,1.1044,True,2.6773,True,2.3744,True,3.292
SPY,C5_A_plus_C,DCA_ADDITION,2021-08-02,2021-08-03,408.985,412.3124,True,2.3597,True,3.6883,True,3.3456,True,4.4378
SPY,C5_A_plus_C,DCA_ADDITION,2021-09-01,2021-09-02,422.2661,423.5653,True,-5.0034,True,3.9175,True,-3.5321,True,4.2373
SPY,C5_A_plus_C,DCA_ADDITION,2021-10-01,2021-10-04,407.1543,401.9036,True,7.3255,True,11.734,True,5.7595,True,8.754
SPY,C5_A_plus_C,DCA_ADDITION,2021-11-01,2021-11-02,431.345,433.0891,True,-1.3726,True,-5.6081,True,0.9912,True,-4.055
SPY,C5_A_plus_C,DCA_ADDITION,2021-12-01,2021-12-02,422.4001,428.8697,True,4.4672,True,-6.0331,True,6.3613,True,-6.0083
SPY,C5_A_plus_C,DCA_ADDITION,2022-01-03,2022-01-04,449.4864,449.3358,True,-5.1513,True,-3.0502,True,-5.8194,True,-4.2669
SPY,C5_A_plus_C,DCA_ADDITION,2022-02-01,2022-02-02,426.1893,430.3293,True,-4.2549,True,-8.4801,True,-5.0712,True,-7.8502
SPY,C5_A_plus_C,EXIT_SELL,2022-02-03,2022-02-04,420.2145,422.1905,True,-3.684,True,-7.894,True,-2.4384,True,-3.9098
SPY,C5_A_plus_C,REENTRY_BUY,2022-03-22,2022-03-23,424.3419,418.8771,True,0.2051,True,-14.5561,True,-1.012,True,-16.842
SPY,C5_A_plus_C,DCA_ADDITION,2022-04-01,2022-04-04,427.485,431.1471,True,-9.2644,True,-14.5647,True,-9.0347,True,-13.5024
SPY,C5_A_plus_C,DCA_ADDITION,2022-05-02,2022-05-03,391.2037,392.997,True,-0.8286,True,-5.7163,True,0.1882,True,-4.1501
SPY,C5_A_plus_C,EXIT_SELL,2022-05-24,2022-05-25,371.7701,375.0545,True,-5.376,True,7.8323,True,-4.3667,True,9.5626
SPY,C5_A_plus_C,PANIC_BUY,2022-06-24,2022-06-27,369.7643,368.352,True,1.7962,True,0.4004,True,1.2844,True,-0.7527
SPY,C5_A_plus_C,DCA_ADDITION,2022-07-01,2022-07-04,361.3847,361.3847,True,7.7458,True,-4.0482,True,8.0658,True,-3.0895
SPY,C5_A_plus_C,DCA_ADDITION,2022-08-01,2022-08-02,389.3768,386.808,True,-2.4139,True,-5.2832,True,-1.9816,True,-7.387
SPY,C5_A_plus_C,EXIT_SELL,2022-08-24,2022-08-25,392.1259,397.6616,True,-10.4295,True,-5.6377,True,-8.3955,True,-4.0118
SPY,C5_A_plus_C,REENTRY_BUY,2022-08-25,2022-08-26,397.6616,384.2011,True,-8.8447,True,-1.8882,True,-10.4295,True,-5.6377
SPY,C5_A_plus_C,DCA_ADDITION,2022-09-01,2022-09-02,375.7742,371.8118,True,-8.5643,True,2.9938,True,-8.1075,True,1.9305
SPY,C5_A_plus_C,EXIT_SELL,2022-09-15,2022-09-16,369.8023,366.981,True,-7.244,True,2.0023,True,-5.805,True,1.986
SPY,C5_A_plus_C,PANIC_BUY,2022-10-13,2022-10-14,348.3351,340.3969,True,11.4308,True,9.0127,True,7.8476,True,4.1403
SPY,C5_A_plus_C,DCA_ADDITION,2022-11-01,2022-11-02,365.9912,356.8062,True,8.7524,True,7.2875,True,2.7853,True,4.5557
SPY,C5_A_plus_C,DCA_ADDITION,2022-12-01,2022-12-02,387.7497,387.3024,True,-5.5845,True,-2.1405,True,-5.4444,True,-1.198
SPY,C5_A_plus_C,EXIT_SELL,2022-12-06,2022-12-07,374.8525,374.2148,True,-1.9426,True,0.8629,True,-2.8594,True,1.0791
SPY,C5_A_plus_C,REENTRY_BUY,2022-12-12,2022-12-13,379.7259,382.6004,True,-2.3874,True,-0.4655,True,-2.3334,True,1.8492
SPY,C5_A_plus_C,EXIT_SELL,2022-12-19,2022-12-20,363.369,363.8663,True,4.5278,True,2.9406,True,4.8629,True,1.4052
SPY,C5_A_plus_C,REENTRY_BUY,2023-01-12,2023-01-13,379.5668,381.0393,True,2.394,True,3.0745,True,2.5519,True,3.4743
SPY,C5_A_plus_C,DCA_ADDITION,2023-02-01,2023-02-02,392.8004,398.5184,True,-4.5516,True,-0.6709,True,-3.9095,True,-1.192
SPY,C5_A_plus_C,DCA_ADDITION,2023-03-01,2023-03-02,377.444,380.3795,True,1.8679,True,4.631,True,2.0626,True,4.5394
SPY,C5_A_plus_C,DCA_ADDITION,2023-04-03,2023-04-04,394.4434,392.255,True,0.531,True,7.1256,True,1.1096,True,5.376
SPY,C5_A_plus_C,DCA_ADDITION,2023-05-01,2023-05-02,398.8203,394.3379,True,2.2734,True,11.2676,True,1.0854,True,9.7175
SPY,C5_A_plus_C,DCA_ADDITION,2023-06-01,2023-06-02,404.8769,410.7318,True,3.9742,True,3.1979,True,4.2476,True,3.9574
SPY,C5_A_plus_C,DCA_ADDITION,2023-07-03,2023-07-04,427.5467,427.5467,True,2.8594,True,-3.6972,True,3.1547,True,-2.2613
SPY,C5_A_plus_C,DCA_ADDITION,2023-08-01,2023-08-02,439.7722,433.6546,True,0.1955,True,-6.9107,True,-1.6036,True,-6.869
SPY,C5_A_plus_C,DCA_ADDITION,2023-09-01,2023-09-04,434.6758,434.6758,True,-4.9586,True,1.0845,True,-4.9208,True,1.2669
SPY,C5_A_plus_C,DCA_ADDITION,2023-10-02,2023-10-03,413.1219,407.5918,True,-0.8041,True,13.2803,True,-2.7427,True,11.294
SPY,C5_A_plus_C,EXIT_SELL,2023-10-19,2023-10-20,412.2712,407.2052,True,7.0277,True,13.6334,True,5.5812,True,12.1594
SPY,C5_A_plus_C,REENTRY_BUY,2023-11-07,2023-11-08,422.4225,422.7319,True,4.0046,True,10.8834,True,4.5019,True,12.8053
SPY,C5_A_plus_C,DCA_ADDITION,2023-12-01,2023-12-04,443.8565,441.5265,True,4.4991,True,11.2443,True,3.9506,True,11.0671
SPY,C5_A_plus_C,DCA_ADDITION,2024-01-01,2024-01-02,461.3913,458.8092,True,3.8591,True,10.1073,True,3.3578,True,9.6937
SPY,C5_A_plus_C,DCA_ADDITION,2024-02-01,2024-02-02,474.8746,479.8738,True,3.7423,True,3.1332,True,3.8594,True,3.2409
SPY,C5_A_plus_C,DCA_ADDITION,2024-03-01,2024-03-04,497.832,497.2981,True,2.2413,True,3.6668,True,2.3097,True,3.5556
SPY,C5_A_plus_C,DCA_ADDITION,2024-04-01,2024-04-02,508.4442,505.2115,True,-3.2496,True,5.348,True,-2.3173,True,4.2766
SPY,C5_A_plus_C,DCA_ADDITION,2024-05-01,2024-05-02,487.2072,491.7642,True,3.481,True,6.9534,True,5.1464,True,8.5192
SPY,C5_A_plus_C,DCA_ADDITION,2024-06-03,2024-06-04,513.936,514.5107,True,4.2376,True,6.6204,True,3.6566,True,6.5933
SPY,C5_A_plus_C,DCA_ADDITION,2024-07-01,2024-07-02,532.7285,536.3136,True,-1.2768,True,4.3792,True,-0.1063,True,4.7819
SPY,C5_A_plus_C,DCA_ADDITION,2024-08-01,2024-08-02,530.4524,520.5763,True,5.7759,True,8.9916,True,2.825,True,6.9992
SPY,C5_A_plus_C,DCA_ADDITION,2024-09-02,2024-09-03,550.6443,539.3126,True,3.3119,True,9.1313,True,2.1005,True,6.3303
SPY,C5_A_plus_C,DCA_ADDITION,2024-10-01,2024-10-02,557.1739,557.4091,True,1.9601,True,6.0584,True,2.3126,True,6.1031
SPY,C5_A_plus_C,DCA_ADDITION,2024-11-01,2024-11-04,559.5452,558.3399,True,5.9353,True,5.5417,True,5.518,True,6.8255
SPY,C5_A_plus_C,DCA_ADDITION,2024-12-02,2024-12-03,591.4792,591.7535,True,-2.6258,True,-1.2701,True,-2.2249,True,-0.7306
SPY,C5_A_plus_C,DCA_ADDITION,2025-01-01,2025-01-02,576.2153,574.7995,True,3.4893,True,-2.7118,True,2.6839,True,-2.6924
SPY,C5_A_plus_C,DCA_ADDITION,2025-02-03,2025-02-04,587.7085,591.6511,True,-4.1411,True,-7.6095,True,-2.342,True,-7.572
SPY,C5_A_plus_C,DCA_ADDITION,2025-03-03,2025-03-04,573.9442,567.1505,True,-2.462,True,2.7855,True,-3.8881,True,-0.4998
SPY,C5_A_plus_C,DCA_ADDITION,2025-04-01,2025-04-02,553.187,556.6877,True,-1.7679,True,7.8642,True,-1.1854,True,8.486
SPY,C5_A_plus_C,DCA_ADDITION,2025-05-01,2025-05-02,550.7217,558.8967,True,3.9929,True,12.7432,True,5.6547,True,13.9355
SPY,C5_A_plus_C,DCA_ADDITION,2025-06-02,2025-06-03,584.4867,587.8198,True,3.9232,True,8.5519,True,4.5497,True,8.7158
SPY,C5_A_plus_C,DCA_ADDITION,2025-07-01,2025-07-02,610.8813,613.6506,True,2.258,True,6.8471,True,2.8511,True,7.674
SPY,C5_A_plus_C,DCA_ADDITION,2025-08-01,2025-08-04,614.9066,624.2531,True,2.1991,True,8.8676,True,3.7525,True,9.2337
SPY,C5_A_plus_C,DCA_ADDITION,2025-09-01,2025-09-02,637.981,633.2534,True,4.3352,True,5.7197,True,3.1734,True,3.9584
SPY,C5_A_plus_C,DCA_ADDITION,2025-10-01,2025-10-02,662.9575,663.7211,True,1.5854,True,3.4667,True,2.8334,True,3.5859
SPY,C5_A_plus_C,DCA_ADDITION,2025-11-03,2025-11-04,677.7252,669.6917,True,0.9315,True,3.3033,True,-0.4493,True,1.6737
SPY,C5_A_plus_C,DCA_ADDITION,2025-12-01,2025-12-02,674.6804,675.9301,True,1.1019,True,1.152,True,1.413,True,0.6081
SPY,C5_A_plus_C,DCA_ADDITION,2026-01-01,2026-01-02,678.3152,679.5586,True,1.2881,True,-6.9307,True,1.7773,True,-5.1426
SPY,C5_A_plus_C,DCA_ADDITION,2026-02-02,2026-02-03,691.7339,685.885,True,-1.3342,True,3.4957,True,-1.2985,True,3.1223
SPY,C5_A_plus_C,DCA_ADDITION,2026-03-02,2026-03-03,682.7517,676.7337,True,-4.1471,True,10.6286,True,-7.6757,True,8.9304
SPY,C5_A_plus_C,DCA_ADDITION,2026-04-01,2026-04-02,653.5563,654.1448,True,9.5802,True,12.2534,True,8.5984,True,12.1923
SPY,C5_A_plus_C,DCA_ADDITION,2026-05-01,2026-05-04,718.7982,716.165,True,5.6448,True,3.2011,True,4.9719,True,2.8008
SPY,C5_A_plus_C,DCA_ADDITION,2026-06-01,2026-06-02,756.5908,757.6182,True,-1.4319,True,1.0944,True,-2.0607,True,0.9092
SPY,C5_A_plus_C,DCA_ADDITION,2026-07-01,2026-07-02,745.76,744.78,True,-0.4149,False,,True,-2.1857,False,
SPY,C5_A_plus_C,DCA_ADDITION,2026-08-03,2026-08-04,757.67,771.33,True,-1.2381,False,,True,1.238,False,
SPY,C5_A_plus_C,DCA_ADDITION,2026-09-01,2026-09-02,761.78,765.16,False,,False,,False,,False,
SPY,C6_B_plus_C,TREND_BUY,2014-04-18,2014-04-21,151.6763,152.2052,True,0.9089,True,6.1521,True,0.8906,True,5.9886
SPY,C6_B_plus_C,DCA_ADDITION,2014-05-01,2014-05-02,153.255,153.0353,True,2.4566,True,5.6404,True,2.1452,True,5.9852
SPY,C6_B_plus_C,DCA_ADDITION,2014-06-02,2014-06-03,156.9739,156.8925,True,2.6837,True,4.4035,True,1.9481,True,4.2816
SPY,C6_B_plus_C,DCA_ADDITION,2014-07-01,2014-07-02,161.103,161.2665,True,-0.1268,True,1.6543,True,-0.0406,True,0.9672
SPY,C6_B_plus_C,DCA_ADDITION,2014-08-01,2014-08-04,157.399,158.5356,True,3.5174,True,1.6436,True,4.2649,True,2.5185
SPY,C6_B_plus_C,DCA_ADDITION,2014-09-01,2014-09-02,164.1119,164.0302,True,-1.3305,True,3.7227,True,-1.1193,True,3.7461
SPY,C6_B_plus_C,DCA_ADDITION,2014-10-01,2014-10-02,159.6544,159.6791,True,2.5723,True,7.4786,True,1.9346,True,7.4951
SPY,C6_B_plus_C,DCA_ADDITION,2014-11-03,2014-11-04,165.7498,165.1748,True,2.994,True,1.3871,True,1.9775,True,2.3858
SPY,C6_B_plus_C,DCA_ADDITION,2014-12-01,2014-12-02,169.0275,170.1201,True,0.7995,True,2.8437,True,1.9984,True,3.2153
SPY,C6_B_plus_C,DCA_ADDITION,2015-01-01,2015-01-02,169.7787,169.6879,True,-2.911,True,0.5979,True,-1.7271,True,0.3145
SPY,C6_B_plus_C,DCA_ADDITION,2015-02-02,2015-02-03,166.7886,169.2005,True,3.0658,True,3.6828,True,4.9871,True,4.8488
SPY,C6_B_plus_C,DCA_ADDITION,2015-03-02,2015-03-03,175.1065,174.3879,True,-1.785,True,0.2465,True,-1.3258,True,0.9202
SPY,C6_B_plus_C,DCA_ADDITION,2015-04-01,2015-04-02,170.6693,171.2833,True,0.9785,True,2.1511,True,2.3675,True,2.8312
SPY,C6_B_plus_C,DCA_ADDITION,2015-05-01,2015-05-04,174.8344,175.3322,True,0.1183,True,-1.6677,True,0.1993,True,-0.8106
SPY,C6_B_plus_C,DCA_ADDITION,2015-06-01,2015-06-02,175.5397,175.3654,True,-2.1332,True,-10.9666,True,-2.4346,True,-9.9959
SPY,C6_B_plus_C,EXIT_SELL,2015-06-29,2015-06-30,171.2661,171.6245,True,1.6905,True,-5.3106,True,0.6669,True,-3.8646
SPY,C6_B_plus_C,REENTRY_BUY,2015-07-15,2015-07-16,175.5931,177.0022,True,-1.7146,True,-4.731,True,-0.8024,True,-4.8257
SPY,C6_B_plus_C,DCA_ADDITION,2015-08-03,2015-08-04,174.9095,174.5676,True,-8.4105,True,-0.8147,True,-5.7772,True,-0.8169
SPY,C6_B_plus_C,DCA_ADDITION,2015-09-01,2015-09-02,159.8855,162.9203,True,-1.4246,True,7.6753,True,-1.3933,True,9.7348
SPY,C6_B_plus_C,EXIT_SELL,2015-09-10,2015-09-11,163.2872,164.0293,True,2.865,True,7.1006,True,3.2709,True,5.5292
SPY,C6_B_plus_C,REENTRY_BUY,2015-11-09,2015-11-10,174.3857,174.788,True,-0.772,True,-8.2798,True,0.1297,True,-6.381
SPY,C6_B_plus_C,DCA_ADDITION,2015-12-01,2015-12-02,176.5647,174.7628,True,-0.6591,True,-6.8,True,-0.971,True,-8.1714
SPY,C6_B_plus_C,DCA_ADDITION,2016-01-01,2016-01-04,171.8743,169.4715,True,-3.6663,True,1.6259,True,-4.9787,True,0.146
SPY,C6_B_plus_C,EXIT_SELL,2016-01-04,2016-01-05,169.4715,169.7582,True,-5.5621,True,2.3927,True,-3.6663,True,1.6259
SPY,C6_B_plus_C,REENTRY_BUY,2016-03-11,2016-03-14,170.9384,170.7193,True,1.2702,True,4.9087,True,1.3784,True,4.2437
SPY,C6_B_plus_C,DCA_ADDITION,2016-04-01,2016-04-04,175.3453,174.7776,True,0.834,True,-2.721,True,-0.2851,True,-1.2676
SPY,C6_B_plus_C,DCA_ADDITION,2016-05-02,2016-05-03,176.2351,174.7013,True,1.785,True,5.6835,True,1.0915,True,4.7154
SPY,C6_B_plus_C,DCA_ADDITION,2016-06-01,2016-06-02,178.1841,178.7265,True,-0.1615,True,3.7562,True,-1.2057,True,4.1437
SPY,C6_B_plus_C,DCA_ADDITION,2016-07-01,2016-07-04,178.8126,178.8126,True,3.3442,True,2.5735,True,3.4299,True,3.4113
SPY,C6_B_plus_C,DCA_ADDITION,2016-08-01,2016-08-02,184.7924,183.6083,True,1.1366,True,-0.1383,True,0.6545,True,-0.4446
SPY,C6_B_plus_C,DCA_ADDITION,2016-09-01,2016-09-02,185.1757,186.0105,True,-0.4476,True,1.9549,True,-0.7478,True,2.0354
SPY,C6_B_plus_C,DCA_ADDITION,2016-10-03,2016-10-04,184.7328,183.791,True,-1.7095,True,6.02,True,-1.4969,True,5.2184
SPY,C6_B_plus_C,DCA_ADDITION,2016-11-01,2016-11-02,180.649,179.5617,True,5.073,True,10.0997,True,4.6918,True,8.498
SPY,C6_B_plus_C,DCA_ADDITION,2016-12-01,2016-12-02,187.9774,188.0715,True,2.3523,True,8.401,True,2.7792,True,8.3179
SPY,C6_B_plus_C,DCA_ADDITION,2017-01-02,2017-01-03,192.4955,193.9681,True,1.0167,True,4.9297,True,1.7984,True,4.9686
SPY,C6_B_plus_C,DCA_ADDITION,2017-02-01,2017-02-02,196.0177,196.1469,True,4.6099,True,5.2105,True,5.3423,True,5.1916
SPY,C6_B_plus_C,DCA_ADDITION,2017-03-01,2017-03-02,206.4895,205.1891,True,-0.3996,True,1.9061,True,-1.341,True,0.7827
SPY,C6_B_plus_C,DCA_ADDITION,2017-04-03,2017-04-04,203.539,203.6686,True,1.3972,True,2.9841,True,1.4235,True,3.8866
SPY,C6_B_plus_C,DCA_ADDITION,2017-05-01,2017-05-02,206.4364,206.5142,True,1.1433,True,4.128,True,1.2695,True,3.9147
SPY,C6_B_plus_C,DCA_ADDITION,2017-06-01,2017-06-02,210.4841,211.1847,True,-0.4877,True,0.6482,True,-0.3423,True,0.7478
SPY,C6_B_plus_C,DCA_ADDITION,2017-07-03,2017-07-04,210.5111,210.5111,True,2.1097,True,3.3467,True,1.8827,True,3.2845
SPY,C6_B_plus_C,DCA_ADDITION,2017-08-01,2017-08-02,214.9523,215.0566,True,-0.5779,True,3.6845,True,-0.9987,True,4.2509
SPY,C6_B_plus_C,DCA_ADDITION,2017-09-01,2017-09-04,215.4043,215.4043,True,2.3128,True,5.5203,True,1.8709,True,5.573
SPY,C6_B_plus_C,DCA_ADDITION,2017-10-02,2017-10-03,220.3863,220.8579,True,1.6966,True,6.2073,True,1.7557,True,6.5621
SPY,C6_B_plus_C,DCA_ADDITION,2017-11-01,2017-11-02,224.9019,224.9893,True,2.8805,True,10.5431,True,2.0273,True,10.5392
SPY,C6_B_plus_C,DCA_ADDITION,2017-12-01,2017-12-04,230.9898,230.7103,True,1.5461,True,5.7471,True,1.4233,True,4.4068
SPY,C6_B_plus_C,DCA_ADDITION,2018-01-01,2018-01-02,234.2774,235.9543,True,4.8332,True,-2.6514,True,6.6777,True,-0.2578
SPY,C6_B_plus_C,DCA_ADDITION,2018-02-01,2018-02-02,247.2003,241.8187,True,-2.3126,True,-2.8398,True,-4.9293,True,-5.0442
SPY,C6_B_plus_C,DCA_ADDITION,2018-03-01,2018-03-02,235.015,236.2265,True,-1.8122,True,1.546,True,-1.306,True,2.3132
SPY,C6_B_plus_C,DCA_ADDITION,2018-04-02,2018-04-03,226.9392,229.848,True,1.6145,True,4.6208,True,2.7343,True,5.7276
SPY,C6_B_plus_C,DCA_ADDITION,2018-05-01,2018-05-02,233.5587,231.9898,True,3.5752,True,8.3911,True,1.5246,True,6.7531
SPY,C6_B_plus_C,DCA_ADDITION,2018-06-01,2018-06-04,241.1565,242.3024,True,-0.6618,True,5.8863,True,-0.4027,True,5.5559
SPY,C6_B_plus_C,DCA_ADDITION,2018-07-02,2018-07-03,240.6989,239.8489,True,3.8501,True,7.8133,True,2.9758,True,7.5323
SPY,C6_B_plus_C,DCA_ADDITION,2018-08-01,2018-08-02,248.6673,250.0219,True,2.8011,True,-3.9263,True,3.7813,True,-5.1054
SPY,C6_B_plus_C,DCA_ADDITION,2018-09-03,2018-09-04,257.0341,256.5915,True,1.0593,True,-6.9684,True,0.944,True,-7.44
SPY,C6_B_plus_C,DCA_ADDITION,2018-10-01,2018-10-02,259.4606,259.3095,True,-8.1596,True,-19.1561,True,-9.5534,True,-19.2032
SPY,C6_B_plus_C,DCA_ADDITION,2018-11-01,2018-11-02,243.256,241.8152,True,1.3829,True,-1.6764,True,0.1719,True,-3.0789
SPY,C6_B_plus_C,EXIT_SELL,2018-11-14,2018-11-15,240.3121,242.8201,True,-2.802,True,-0.477,True,-1.7543,True,1.5295
SPY,C6_B_plus_C,PANIC_BUY,2018-11-28,2018-11-29,244.2077,243.6741,True,-8.9282,True,1.8469,True,-9.8195,True,1.987
SPY,C6_B_plus_C,DCA_ADDITION,2018-12-03,2018-12-04,248.4055,240.3566,True,-6.9827,True,3.9597,True,-9.9966,True,0.6632
SPY,C6_B_plus_C,DCA_ADDITION,2019-01-01,2019-01-02,223.5733,223.806,True,6.955,True,12.2719,True,5.3977,True,12.9795
SPY,C6_B_plus_C,EXIT_SELL,2019-01-03,2019-01-04,218.4653,225.783,True,7.0011,True,12.415,True,10.5319,True,15.4525
SPY,C6_B_plus_C,PANIC_BUY,2019-01-18,2019-01-21,238.3697,238.3697,True,4.0944,True,9.3024,True,4.0944,True,9.3741
SPY,C6_B_plus_C,DCA_ADDITION,2019-02-01,2019-02-04,241.5902,243.2899,True,2.7357,True,8.5323,True,3.8362,True,9.1248
SPY,C6_B_plus_C,DCA_ADDITION,2019-03-01,2019-03-04,250.8581,249.9456,True,2.7519,True,1.6556,True,1.1783,True,1.2858
SPY,C6_B_plus_C,DCA_ADDITION,2019-04-01,2019-04-02,256.824,256.9498,True,2.815,True,2.1695,True,2.8129,True,3.2321
SPY,C6_B_plus_C,DCA_ADDITION,2019-05-01,2019-05-02,262.1972,261.6311,True,-4.1727,True,3.5301,True,-4.64,True,3.8025
SPY,C6_B_plus_C,DCA_ADDITION,2019-06-03,2019-06-04,246.7067,252.0619,True,6.1818,True,2.7573,True,8.2048,True,5.4014
SPY,C6_B_plus_C,DCA_ADDITION,2019-07-01,2019-07-02,266.9485,267.6437,True,1.4473,True,0.272,True,1.9617,True,1.3283
SPY,C6_B_plus_C,DCA_ADDITION,2019-08-01,2019-08-02,266.2081,264.2037,True,-0.0581,True,3.5448,True,-0.7665,True,2.3461
SPY,C6_B_plus_C,DCA_ADDITION,2019-09-02,2019-09-03,264.0503,262.5063,True,1.3256,True,8.5266,True,1.9457,True,7.6482
SPY,C6_B_plus_C,DCA_ADDITION,2019-10-01,2019-10-02,265.9862,261.2876,True,5.5822,True,12.0632,True,3.4,True,10.0837
SPY,C6_B_plus_C,DCA_ADDITION,2019-11-01,2019-11-04,277.6873,278.803,True,1.3892,True,5.7652,True,2.6687,True,7.92
SPY,C6_B_plus_C,DCA_ADDITION,2019-12-02,2019-12-03,282.6761,280.7803,True,4.488,True,1.4981,True,3.5356,True,3.9678
SPY,C6_B_plus_C,DCA_ADDITION,2020-01-01,2020-01-02,293.3817,296.1253,True,0.865,True,-19.1258,True,1.4789,True,-22.873
SPY,C6_B_plus_C,DCA_ADDITION,2020-02-03,2020-02-04,295.4416,299.9446,True,-8.7583,True,-12.6572,True,-4.6371,True,-10.9163
SPY,C6_B_plus_C,DCA_ADDITION,2020-03-02,2020-03-03,281.7416,273.6746,True,-13.6472,True,0.1994,True,-14.8505,True,-3.8541
SPY,C6_B_plus_C,EXIT_SELL,2020-03-27,2020-03-30,232.3556,239.9015,True,9.7076,True,19.2382,True,11.6605,True,22.3259
SPY,C6_B_plus_C,PANIC_BUY,2020-04-13,2020-04-14,252.747,260.2012,True,1.0148,True,11.0542,True,6.109,True,15.521
SPY,C6_B_plus_C,DCA_ADDITION,2020-05-01,2020-05-04,259.2843,259.9995,True,7.7512,True,14.484,True,7.6134,True,13.9687
SPY,C6_B_plus_C,EXIT_SELL,2020-05-13,2020-05-14,258.1932,261.2831,True,5.4883,True,17.8374,True,13.2813,True,18.4558
SPY,C6_B_plus_C,PANIC_BUY,2020-05-18,2020-05-19,270.4794,267.7012,True,7.1891,True,14.4859,True,4.0847,True,14.2531
SPY,C6_B_plus_C,DCA_ADDITION,2020-06-01,2020-06-02,280.1525,282.4722,True,0.5313,True,12.1897,True,0.0817,True,12.7243
SPY,C6_B_plus_C,EXIT_SELL,2020-06-11,2020-06-12,275.6231,278.9239,True,4.8577,True,13.1052,True,5.0409,True,15.402
SPY,C6_B_plus_C,REENTRY_BUY,2020-06-15,2020-06-16,281.5278,286.9466,True,2.3528,True,6.939,True,2.9883,True,12.0591
SPY,C6_B_plus_C,DCA_ADDITION,2020-07-01,2020-07-02,285.9622,287.537,True,3.7568,True,4.0243,True,4.7018,True,4.3191
SPY,C6_B_plus_C,DCA_ADDITION,2020-08-03,2020-08-04,302.7874,303.9569,True,6.8291,True,2.8825,True,6.2411,True,3.6372
SPY,C6_B_plus_C,DCA_ADDITION,2020-09-01,2020-09-02,324.7144,329.411,True,-6.0021,True,1.7925,True,-5.3601,True,3.4242
SPY,C6_B_plus_C,DCA_ADDITION,2020-10-01,2020-10-02,311.6274,308.6686,True,-2.1867,True,11.0032,True,-2.0947,True,9.9492
SPY,C6_B_plus_C,DCA_ADDITION,2020-11-02,2020-11-03,305.3031,310.6935,True,8.9248,True,14.6999,True,9.6487,True,16.9075
SPY,C6_B_plus_C,DCA_ADDITION,2020-12-01,2020-12-02,338.4222,339.1343,True,1.85,True,7.2657,True,1.9189,True,6.3198
SPY,C6_B_plus_C,DCA_ADDITION,2021-01-01,2021-01-04,347.1632,342.4369,True,2.0174,True,7.67,True,-1.0191,True,6.2579
SPY,C6_B_plus_C,DCA_ADDITION,2021-02-01,2021-02-02,349.3453,354.2851,True,1.3078,True,9.7858,True,3.5484,True,11.3621
SPY,C6_B_plus_C,DCA_ADDITION,2021-03-01,2021-03-02,361.7413,358.9185,True,2.4533,True,8.5553,True,1.9242,True,7.9478
SPY,C6_B_plus_C,DCA_ADDITION,2021-04-01,2021-04-02,373.2015,373.2015,True,4.1661,True,6.8385,True,4.8551,True,6.4603
SPY,C6_B_plus_C,DCA_ADDITION,2021-05-03,2021-05-04,389.588,387.1846,True,0.9744,True,5.9733,True,0.44,True,5.8017
SPY,C6_B_plus_C,DCA_ADDITION,2021-06-01,2021-06-02,390.9575,391.5723,True,2.1722,True,7.1488,True,2.2468,True,7.0926
SPY,C6_B_plus_C,DCA_ADDITION,2021-07-01,2021-07-02,402.2931,405.368,True,1.1044,True,2.6773,True,2.3744,True,3.292
SPY,C6_B_plus_C,DCA_ADDITION,2021-08-02,2021-08-03,408.985,412.3124,True,2.3597,True,3.6883,True,3.3456,True,4.4378
SPY,C6_B_plus_C,DCA_ADDITION,2021-09-01,2021-09-02,422.2661,423.5653,True,-5.0034,True,3.9175,True,-3.5321,True,4.2373
SPY,C6_B_plus_C,DCA_ADDITION,2021-10-01,2021-10-04,407.1543,401.9036,True,7.3255,True,11.734,True,5.7595,True,8.754
SPY,C6_B_plus_C,DCA_ADDITION,2021-11-01,2021-11-02,431.345,433.0891,True,-1.3726,True,-5.6081,True,0.9912,True,-4.055
SPY,C6_B_plus_C,DCA_ADDITION,2021-12-01,2021-12-02,422.4001,428.8697,True,4.4672,True,-6.0331,True,6.3613,True,-6.0083
SPY,C6_B_plus_C,DCA_ADDITION,2022-01-03,2022-01-04,449.4864,449.3358,True,-5.1513,True,-3.0502,True,-5.8194,True,-4.2669
SPY,C6_B_plus_C,DCA_ADDITION,2022-02-01,2022-02-02,426.1893,430.3293,True,-4.2549,True,-8.4801,True,-5.0712,True,-7.8502
SPY,C6_B_plus_C,EXIT_SELL,2022-02-03,2022-02-04,420.2145,422.1905,True,-3.684,True,-7.894,True,-2.4384,True,-3.9098
SPY,C6_B_plus_C,REENTRY_BUY,2022-03-22,2022-03-23,424.3419,418.8771,True,0.2051,True,-14.5561,True,-1.012,True,-16.842
SPY,C6_B_plus_C,DCA_ADDITION,2022-04-01,2022-04-04,427.485,431.1471,True,-9.2644,True,-14.5647,True,-9.0347,True,-13.5024
SPY,C6_B_plus_C,DCA_ADDITION,2022-05-02,2022-05-03,391.2037,392.997,True,-0.8286,True,-5.7163,True,0.1882,True,-4.1501
SPY,C6_B_plus_C,EXIT_SELL,2022-05-24,2022-05-25,371.7701,375.0545,True,-5.376,True,7.8323,True,-4.3667,True,9.5626
SPY,C6_B_plus_C,PANIC_BUY,2022-06-24,2022-06-27,369.7643,368.352,True,1.7962,True,0.4004,True,1.2844,True,-0.7527
SPY,C6_B_plus_C,DCA_ADDITION,2022-07-01,2022-07-04,361.3847,361.3847,True,7.7458,True,-4.0482,True,8.0658,True,-3.0895
SPY,C6_B_plus_C,DCA_ADDITION,2022-08-01,2022-08-02,389.3768,386.808,True,-2.4139,True,-5.2832,True,-1.9816,True,-7.387
SPY,C6_B_plus_C,EXIT_SELL,2022-08-24,2022-08-25,392.1259,397.6616,True,-10.4295,True,-5.6377,True,-8.3955,True,-4.0118
SPY,C6_B_plus_C,REENTRY_BUY,2022-08-25,2022-08-26,397.6616,384.2011,True,-8.8447,True,-1.8882,True,-10.4295,True,-5.6377
SPY,C6_B_plus_C,DCA_ADDITION,2022-09-01,2022-09-02,375.7742,371.8118,True,-8.5643,True,2.9938,True,-8.1075,True,1.9305
SPY,C6_B_plus_C,EXIT_SELL,2022-09-15,2022-09-16,369.8023,366.981,True,-7.244,True,2.0023,True,-5.805,True,1.986
SPY,C6_B_plus_C,PANIC_BUY,2022-10-05,2022-10-06,358.9193,355.2167,True,-0.5868,True,3.2156,True,-0.5887,True,0.3446
SPY,C6_B_plus_C,EXIT_SELL,2022-10-07,2022-10-10,345.3083,342.6717,True,5.5358,True,6.7125,True,3.7377,True,5.8977
SPY,C6_B_plus_C,PANIC_BUY,2022-10-21,2022-10-24,356.2541,360.6134,True,4.1492,True,5.6642,True,5.8083,True,6.9572
SPY,C6_B_plus_C,DCA_ADDITION,2022-11-01,2022-11-02,365.9912,356.8062,True,8.7524,True,7.2875,True,2.7853,True,4.5557
SPY,C6_B_plus_C,DCA_ADDITION,2022-12-01,2022-12-02,387.7497,387.3024,True,-5.5845,True,-2.1405,True,-5.4444,True,-1.198
SPY,C6_B_plus_C,EXIT_SELL,2022-12-06,2022-12-07,374.8525,374.2148,True,-1.9426,True,0.8629,True,-2.8594,True,1.0791
SPY,C6_B_plus_C,REENTRY_BUY,2022-12-12,2022-12-13,379.7259,382.6004,True,-2.3874,True,-0.4655,True,-2.3334,True,1.8492
SPY,C6_B_plus_C,EXIT_SELL,2022-12-19,2022-12-20,363.369,363.8663,True,4.5278,True,2.9406,True,4.8629,True,1.4052
SPY,C6_B_plus_C,PANIC_BUY,2022-12-30,2023-01-02,365.6734,365.6734,True,4.7486,True,4.0722,True,6.0795,True,3.8779
SPY,C6_B_plus_C,DCA_ADDITION,2023-02-01,2023-02-02,392.8004,398.5184,True,-4.5516,True,-0.6709,True,-3.9095,True,-1.192
SPY,C6_B_plus_C,DCA_ADDITION,2023-03-01,2023-03-02,377.444,380.3795,True,1.8679,True,4.631,True,2.0626,True,4.5394
SPY,C6_B_plus_C,DCA_ADDITION,2023-04-03,2023-04-04,394.4434,392.255,True,0.531,True,7.1256,True,1.1096,True,5.376
SPY,C6_B_plus_C,DCA_ADDITION,2023-05-01,2023-05-02,398.8203,394.3379,True,2.2734,True,11.2676,True,1.0854,True,9.7175
SPY,C6_B_plus_C,DCA_ADDITION,2023-06-01,2023-06-02,404.8769,410.7318,True,3.9742,True,3.1979,True,4.2476,True,3.9574
SPY,C6_B_plus_C,DCA_ADDITION,2023-07-03,2023-07-04,427.5467,427.5467,True,2.8594,True,-3.6972,True,3.1547,True,-2.2613
SPY,C6_B_plus_C,DCA_ADDITION,2023-08-01,2023-08-02,439.7722,433.6546,True,0.1955,True,-6.9107,True,-1.6036,True,-6.869
SPY,C6_B_plus_C,DCA_ADDITION,2023-09-01,2023-09-04,434.6758,434.6758,True,-4.9586,True,1.0845,True,-4.9208,True,1.2669
SPY,C6_B_plus_C,DCA_ADDITION,2023-10-02,2023-10-03,413.1219,407.5918,True,-0.8041,True,13.2803,True,-2.7427,True,11.294
SPY,C6_B_plus_C,EXIT_SELL,2023-10-19,2023-10-20,412.2712,407.2052,True,7.0277,True,13.6334,True,5.5812,True,12.1594
SPY,C6_B_plus_C,PANIC_BUY,2023-11-02,2023-11-03,416.4574,420.2569,True,5.6155,True,12.5828,True,5.9523,True,13.7544
SPY,C6_B_plus_C,DCA_ADDITION,2023-12-01,2023-12-04,443.8565,441.5265,True,4.4991,True,11.2443,True,3.9506,True,11.0671
SPY,C6_B_plus_C,DCA_ADDITION,2024-01-01,2024-01-02,461.3913,458.8092,True,3.8591,True,10.1073,True,3.3578,True,9.6937
SPY,C6_B_plus_C,DCA_ADDITION,2024-02-01,2024-02-02,474.8746,479.8738,True,3.7423,True,3.1332,True,3.8594,True,3.2409
SPY,C6_B_plus_C,DCA_ADDITION,2024-03-01,2024-03-04,497.832,497.2981,True,2.2413,True,3.6668,True,2.3097,True,3.5556
SPY,C6_B_plus_C,DCA_ADDITION,2024-04-01,2024-04-02,508.4442,505.2115,True,-3.2496,True,5.348,True,-2.3173,True,4.2766
SPY,C6_B_plus_C,DCA_ADDITION,2024-05-01,2024-05-02,487.2072,491.7642,True,3.481,True,6.9534,True,5.1464,True,8.5192
SPY,C6_B_plus_C,DCA_ADDITION,2024-06-03,2024-06-04,513.936,514.5107,True,4.2376,True,6.6204,True,3.6566,True,6.5933
SPY,C6_B_plus_C,DCA_ADDITION,2024-07-01,2024-07-02,532.7285,536.3136,True,-1.2768,True,4.3792,True,-0.1063,True,4.7819
SPY,C6_B_plus_C,DCA_ADDITION,2024-08-01,2024-08-02,530.4524,520.5763,True,5.7759,True,8.9916,True,2.825,True,6.9992
SPY,C6_B_plus_C,DCA_ADDITION,2024-09-02,2024-09-03,550.6443,539.3126,True,3.3119,True,9.1313,True,2.1005,True,6.3303
SPY,C6_B_plus_C,DCA_ADDITION,2024-10-01,2024-10-02,557.1739,557.4091,True,1.9601,True,6.0584,True,2.3126,True,6.1031
SPY,C6_B_plus_C,DCA_ADDITION,2024-11-01,2024-11-04,559.5452,558.3399,True,5.9353,True,5.5417,True,5.518,True,6.8255
SPY,C6_B_plus_C,DCA_ADDITION,2024-12-02,2024-12-03,591.4792,591.7535,True,-2.6258,True,-1.2701,True,-2.2249,True,-0.7306
SPY,C6_B_plus_C,DCA_ADDITION,2025-01-01,2025-01-02,576.2153,574.7995,True,3.4893,True,-2.7118,True,2.6839,True,-2.6924
SPY,C6_B_plus_C,DCA_ADDITION,2025-02-03,2025-02-04,587.7085,591.6511,True,-4.1411,True,-7.6095,True,-2.342,True,-7.572
SPY,C6_B_plus_C,DCA_ADDITION,2025-03-03,2025-03-04,573.9442,567.1505,True,-2.462,True,2.7855,True,-3.8881,True,-0.4998
SPY,C6_B_plus_C,DCA_ADDITION,2025-04-01,2025-04-02,553.187,556.6877,True,-1.7679,True,7.8642,True,-1.1854,True,8.486
SPY,C6_B_plus_C,DCA_ADDITION,2025-05-01,2025-05-02,550.7217,558.8967,True,3.9929,True,12.7432,True,5.6547,True,13.9355
SPY,C6_B_plus_C,DCA_ADDITION,2025-06-02,2025-06-03,584.4867,587.8198,True,3.9232,True,8.5519,True,4.5497,True,8.7158
SPY,C6_B_plus_C,DCA_ADDITION,2025-07-01,2025-07-02,610.8813,613.6506,True,2.258,True,6.8471,True,2.8511,True,7.674
SPY,C6_B_plus_C,DCA_ADDITION,2025-08-01,2025-08-04,614.9066,624.2531,True,2.1991,True,8.8676,True,3.7525,True,9.2337
SPY,C6_B_plus_C,DCA_ADDITION,2025-09-01,2025-09-02,637.981,633.2534,True,4.3352,True,5.7197,True,3.1734,True,3.9584
SPY,C6_B_plus_C,DCA_ADDITION,2025-10-01,2025-10-02,662.9575,663.7211,True,1.5854,True,3.4667,True,2.8334,True,3.5859
SPY,C6_B_plus_C,DCA_ADDITION,2025-11-03,2025-11-04,677.7252,669.6917,True,0.9315,True,3.3033,True,-0.4493,True,1.6737
SPY,C6_B_plus_C,DCA_ADDITION,2025-12-01,2025-12-02,674.6804,675.9301,True,1.1019,True,1.152,True,1.413,True,0.6081
SPY,C6_B_plus_C,DCA_ADDITION,2026-01-01,2026-01-02,678.3152,679.5586,True,1.2881,True,-6.9307,True,1.7773,True,-5.1426
SPY,C6_B_plus_C,DCA_ADDITION,2026-02-02,2026-02-03,691.7339,685.885,True,-1.3342,True,3.4957,True,-1.2985,True,3.1223
SPY,C6_B_plus_C,DCA_ADDITION,2026-03-02,2026-03-03,682.7517,676.7337,True,-4.1471,True,10.6286,True,-7.6757,True,8.9304
SPY,C6_B_plus_C,DCA_ADDITION,2026-04-01,2026-04-02,653.5563,654.1448,True,9.5802,True,12.2534,True,8.5984,True,12.1923
SPY,C6_B_plus_C,DCA_ADDITION,2026-05-01,2026-05-04,718.7982,716.165,True,5.6448,True,3.2011,True,4.9719,True,2.8008
SPY,C6_B_plus_C,DCA_ADDITION,2026-06-01,2026-06-02,756.5908,757.6182,True,-1.4319,True,1.0944,True,-2.0607,True,0.9092
SPY,C6_B_plus_C,DCA_ADDITION,2026-07-01,2026-07-02,745.76,744.78,True,-0.4149,False,,True,-2.1857,False,
SPY,C6_B_plus_C,DCA_ADDITION,2026-08-03,2026-08-04,757.67,771.33,True,-1.2381,False,,True,1.238,False,
SPY,C6_B_plus_C,DCA_ADDITION,2026-09-01,2026-09-02,761.78,765.16,False,,False,,False,,False,
SPY,C7_Full_Candidate,TREND_BUY,2014-04-18,2014-04-21,151.6763,152.2052,True,0.9089,True,6.1521,True,0.8906,True,5.9886
SPY,C7_Full_Candidate,DCA_ADDITION,2014-05-01,2014-05-02,153.255,153.0353,True,2.4566,True,5.6404,True,2.1452,True,5.9852
SPY,C7_Full_Candidate,DCA_ADDITION,2014-06-02,2014-06-03,156.9739,156.8925,True,2.6837,True,4.4035,True,1.9481,True,4.2816
SPY,C7_Full_Candidate,DCA_ADDITION,2014-07-01,2014-07-02,161.103,161.2665,True,-0.1268,True,1.6543,True,-0.0406,True,0.9672
SPY,C7_Full_Candidate,DCA_ADDITION,2014-08-01,2014-08-04,157.399,158.5356,True,3.5174,True,1.6436,True,4.2649,True,2.5185
SPY,C7_Full_Candidate,DCA_ADDITION,2014-09-01,2014-09-02,164.1119,164.0302,True,-1.3305,True,3.7227,True,-1.1193,True,3.7461
SPY,C7_Full_Candidate,DCA_ADDITION,2014-10-01,2014-10-02,159.6544,159.6791,True,2.5723,True,7.4786,True,1.9346,True,7.4951
SPY,C7_Full_Candidate,DCA_ADDITION,2014-11-03,2014-11-04,165.7498,165.1748,True,2.994,True,1.3871,True,1.9775,True,2.3858
SPY,C7_Full_Candidate,DCA_ADDITION,2014-12-01,2014-12-02,169.0275,170.1201,True,0.7995,True,2.8437,True,1.9984,True,3.2153
SPY,C7_Full_Candidate,DCA_ADDITION,2015-01-01,2015-01-02,169.7787,169.6879,True,-2.911,True,0.5979,True,-1.7271,True,0.3145
SPY,C7_Full_Candidate,DCA_ADDITION,2015-02-02,2015-02-03,166.7886,169.2005,True,3.0658,True,3.6828,True,4.9871,True,4.8488
SPY,C7_Full_Candidate,DCA_ADDITION,2015-03-02,2015-03-03,175.1065,174.3879,True,-1.785,True,0.2465,True,-1.3258,True,0.9202
SPY,C7_Full_Candidate,DCA_ADDITION,2015-04-01,2015-04-02,170.6693,171.2833,True,0.9785,True,2.1511,True,2.3675,True,2.8312
SPY,C7_Full_Candidate,DCA_ADDITION,2015-05-01,2015-05-04,174.8344,175.3322,True,0.1183,True,-1.6677,True,0.1993,True,-0.8106
SPY,C7_Full_Candidate,DCA_ADDITION,2015-06-01,2015-06-02,175.5397,175.3654,True,-2.1332,True,-10.9666,True,-2.4346,True,-9.9959
SPY,C7_Full_Candidate,EXIT_SELL,2015-06-29,2015-06-30,171.2661,171.6245,True,1.6905,True,-5.3106,True,0.6669,True,-3.8646
SPY,C7_Full_Candidate,REENTRY_BUY,2015-07-15,2015-07-16,175.5931,177.0022,True,-1.7146,True,-4.731,True,-0.8024,True,-4.8257
SPY,C7_Full_Candidate,DCA_ADDITION,2015-08-03,2015-08-04,174.9095,174.5676,True,-8.4105,True,-0.8147,True,-5.7772,True,-0.8169
SPY,C7_Full_Candidate,DCA_ADDITION,2015-09-01,2015-09-02,159.8855,162.9203,True,-1.4246,True,7.6753,True,-1.3933,True,9.7348
SPY,C7_Full_Candidate,EXIT_SELL,2015-09-10,2015-09-11,163.2872,164.0293,True,2.865,True,7.1006,True,3.2709,True,5.5292
SPY,C7_Full_Candidate,PANIC_BUY,2015-10-05,2015-10-06,166.3319,165.7619,True,6.6788,True,5.4828,True,6.0059,True,4.0113
SPY,C7_Full_Candidate,DCA_ADDITION,2015-11-02,2015-11-03,176.3217,176.8329,True,-0.1517,True,-9.3214,True,-0.808,True,-10.2825
SPY,C7_Full_Candidate,DCA_ADDITION,2015-12-01,2015-12-02,176.5647,174.7628,True,-0.6591,True,-6.8,True,-0.971,True,-8.1714
SPY,C7_Full_Candidate,DCA_ADDITION,2016-01-01,2016-01-04,171.8743,169.4715,True,-3.6663,True,1.6259,True,-4.9787,True,0.146
SPY,C7_Full_Candidate,EXIT_SELL,2016-01-04,2016-01-05,169.4715,169.7582,True,-5.5621,True,2.3927,True,-3.6663,True,1.6259
SPY,C7_Full_Candidate,PANIC_BUY,2016-01-29,2016-02-01,163.3173,163.2582,True,-0.0464,True,8.2809,True,0.7072,True,8.4285
SPY,C7_Full_Candidate,EXIT_SELL,2016-02-11,2016-02-12,154.1616,157.34,True,8.6427,True,10.7973,True,9.1218,True,12.6694
SPY,C7_Full_Candidate,PANIC_BUY,2016-02-16,2016-02-17,159.9956,162.6091,True,5.423,True,7.6135,True,6.5286,True,10.4042
SPY,C7_Full_Candidate,DCA_ADDITION,2016-03-01,2016-03-02,167.0182,167.7686,True,4.0616,True,5.7082,True,4.0724,True,5.4678
SPY,C7_Full_Candidate,DCA_ADDITION,2016-04-01,2016-04-04,175.3453,174.7776,True,0.834,True,-2.721,True,-0.2851,True,-1.2676
SPY,C7_Full_Candidate,DCA_ADDITION,2016-05-02,2016-05-03,176.2351,174.7013,True,1.785,True,5.6835,True,1.0915,True,4.7154
SPY,C7_Full_Candidate,DCA_ADDITION,2016-06-01,2016-06-02,178.1841,178.7265,True,-0.1615,True,3.7562,True,-1.2057,True,4.1437
SPY,C7_Full_Candidate,DCA_ADDITION,2016-07-01,2016-07-04,178.8126,178.8126,True,3.3442,True,2.5735,True,3.4299,True,3.4113
SPY,C7_Full_Candidate,DCA_ADDITION,2016-08-01,2016-08-02,184.7924,183.6083,True,1.1366,True,-0.1383,True,0.6545,True,-0.4446
SPY,C7_Full_Candidate,DCA_ADDITION,2016-09-01,2016-09-02,185.1757,186.0105,True,-0.4476,True,1.9549,True,-0.7478,True,2.0354
SPY,C7_Full_Candidate,DCA_ADDITION,2016-10-03,2016-10-04,184.7328,183.791,True,-1.7095,True,6.02,True,-1.4969,True,5.2184
SPY,C7_Full_Candidate,DCA_ADDITION,2016-11-01,2016-11-02,180.649,179.5617,True,5.073,True,10.0997,True,4.6918,True,8.498
SPY,C7_Full_Candidate,DCA_ADDITION,2016-12-01,2016-12-02,187.9774,188.0715,True,2.3523,True,8.401,True,2.7792,True,8.3179
SPY,C7_Full_Candidate,DCA_ADDITION,2017-01-02,2017-01-03,192.4955,193.9681,True,1.0167,True,4.9297,True,1.7984,True,4.9686
SPY,C7_Full_Candidate,DCA_ADDITION,2017-02-01,2017-02-02,196.0177,196.1469,True,4.6099,True,5.2105,True,5.3423,True,5.1916
SPY,C7_Full_Candidate,DCA_ADDITION,2017-03-01,2017-03-02,206.4895,205.1891,True,-0.3996,True,1.9061,True,-1.341,True,0.7827
SPY,C7_Full_Candidate,DCA_ADDITION,2017-04-03,2017-04-04,203.539,203.6686,True,1.3972,True,2.9841,True,1.4235,True,3.8866
SPY,C7_Full_Candidate,DCA_ADDITION,2017-05-01,2017-05-02,206.4364,206.5142,True,1.1433,True,4.128,True,1.2695,True,3.9147
SPY,C7_Full_Candidate,DCA_ADDITION,2017-06-01,2017-06-02,210.4841,211.1847,True,-0.4877,True,0.6482,True,-0.3423,True,0.7478
SPY,C7_Full_Candidate,DCA_ADDITION,2017-07-03,2017-07-04,210.5111,210.5111,True,2.1097,True,3.3467,True,1.8827,True,3.2845
SPY,C7_Full_Candidate,DCA_ADDITION,2017-08-01,2017-08-02,214.9523,215.0566,True,-0.5779,True,3.6845,True,-0.9987,True,4.2509
SPY,C7_Full_Candidate,DCA_ADDITION,2017-09-01,2017-09-04,215.4043,215.4043,True,2.3128,True,5.5203,True,1.8709,True,5.573
SPY,C7_Full_Candidate,DCA_ADDITION,2017-10-02,2017-10-03,220.3863,220.8579,True,1.6966,True,6.2073,True,1.7557,True,6.5621
SPY,C7_Full_Candidate,DCA_ADDITION,2017-11-01,2017-11-02,224.9019,224.9893,True,2.8805,True,10.5431,True,2.0273,True,10.5392
SPY,C7_Full_Candidate,DCA_ADDITION,2017-12-01,2017-12-04,230.9898,230.7103,True,1.5461,True,5.7471,True,1.4233,True,4.4068
SPY,C7_Full_Candidate,DCA_ADDITION,2018-01-01,2018-01-02,234.2774,235.9543,True,4.8332,True,-2.6514,True,6.6777,True,-0.2578
SPY,C7_Full_Candidate,DCA_ADDITION,2018-02-01,2018-02-02,247.2003,241.8187,True,-2.3126,True,-2.8398,True,-4.9293,True,-5.0442
SPY,C7_Full_Candidate,DCA_ADDITION,2018-03-01,2018-03-02,235.015,236.2265,True,-1.8122,True,1.546,True,-1.306,True,2.3132
SPY,C7_Full_Candidate,DCA_ADDITION,2018-04-02,2018-04-03,226.9392,229.848,True,1.6145,True,4.6208,True,2.7343,True,5.7276
SPY,C7_Full_Candidate,DCA_ADDITION,2018-05-01,2018-05-02,233.5587,231.9898,True,3.5752,True,8.3911,True,1.5246,True,6.7531
SPY,C7_Full_Candidate,DCA_ADDITION,2018-06-01,2018-06-04,241.1565,242.3024,True,-0.6618,True,5.8863,True,-0.4027,True,5.5559
SPY,C7_Full_Candidate,DCA_ADDITION,2018-07-02,2018-07-03,240.6989,239.8489,True,3.8501,True,7.8133,True,2.9758,True,7.5323
SPY,C7_Full_Candidate,DCA_ADDITION,2018-08-01,2018-08-02,248.6673,250.0219,True,2.8011,True,-3.9263,True,3.7813,True,-5.1054
SPY,C7_Full_Candidate,DCA_ADDITION,2018-09-03,2018-09-04,257.0341,256.5915,True,1.0593,True,-6.9684,True,0.944,True,-7.44
SPY,C7_Full_Candidate,DCA_ADDITION,2018-10-01,2018-10-02,259.4606,259.3095,True,-8.1596,True,-19.1561,True,-9.5534,True,-19.2032
SPY,C7_Full_Candidate,DCA_ADDITION,2018-11-01,2018-11-02,243.256,241.8152,True,1.3829,True,-1.6764,True,0.1719,True,-3.0789
SPY,C7_Full_Candidate,EXIT_SELL,2018-11-14,2018-11-15,240.3121,242.8201,True,-2.802,True,-0.477,True,-1.7543,True,1.5295
SPY,C7_Full_Candidate,PANIC_BUY,2018-11-28,2018-11-29,244.2077,243.6741,True,-8.9282,True,1.8469,True,-9.8195,True,1.987
SPY,C7_Full_Candidate,DCA_ADDITION,2018-12-03,2018-12-04,248.4055,240.3566,True,-6.9827,True,3.9597,True,-9.9966,True,0.6632
SPY,C7_Full_Candidate,DCA_ADDITION,2019-01-01,2019-01-02,223.5733,223.806,True,6.955,True,12.2719,True,5.3977,True,12.9795
SPY,C7_Full_Candidate,EXIT_SELL,2019-01-03,2019-01-04,218.4653,225.783,True,7.0011,True,12.415,True,10.5319,True,15.4525
SPY,C7_Full_Candidate,PANIC_BUY,2019-01-18,2019-01-21,238.3697,238.3697,True,4.0944,True,9.3024,True,4.0944,True,9.3741
SPY,C7_Full_Candidate,DCA_ADDITION,2019-02-01,2019-02-04,241.5902,243.2899,True,2.7357,True,8.5323,True,3.8362,True,9.1248
SPY,C7_Full_Candidate,DCA_ADDITION,2019-03-01,2019-03-04,250.8581,249.9456,True,2.7519,True,1.6556,True,1.1783,True,1.2858
SPY,C7_Full_Candidate,DCA_ADDITION,2019-04-01,2019-04-02,256.824,256.9498,True,2.815,True,2.1695,True,2.8129,True,3.2321
SPY,C7_Full_Candidate,DCA_ADDITION,2019-05-01,2019-05-02,262.1972,261.6311,True,-4.1727,True,3.5301,True,-4.64,True,3.8025
SPY,C7_Full_Candidate,DCA_ADDITION,2019-06-03,2019-06-04,246.7067,252.0619,True,6.1818,True,2.7573,True,8.2048,True,5.4014
SPY,C7_Full_Candidate,DCA_ADDITION,2019-07-01,2019-07-02,266.9485,267.6437,True,1.4473,True,0.272,True,1.9617,True,1.3283
SPY,C7_Full_Candidate,DCA_ADDITION,2019-08-01,2019-08-02,266.2081,264.2037,True,-0.0581,True,3.5448,True,-0.7665,True,2.3461
SPY,C7_Full_Candidate,DCA_ADDITION,2019-09-02,2019-09-03,264.0503,262.5063,True,1.3256,True,8.5266,True,1.9457,True,7.6482
SPY,C7_Full_Candidate,DCA_ADDITION,2019-10-01,2019-10-02,265.9862,261.2876,True,5.5822,True,12.0632,True,3.4,True,10.0837
SPY,C7_Full_Candidate,DCA_ADDITION,2019-11-01,2019-11-04,277.6873,278.803,True,1.3892,True,5.7652,True,2.6687,True,7.92
SPY,C7_Full_Candidate,DCA_ADDITION,2019-12-02,2019-12-03,282.6761,280.7803,True,4.488,True,1.4981,True,3.5356,True,3.9678
SPY,C7_Full_Candidate,DCA_ADDITION,2020-01-01,2020-01-02,293.3817,296.1253,True,0.865,True,-19.1258,True,1.4789,True,-22.873
SPY,C7_Full_Candidate,DCA_ADDITION,2020-02-03,2020-02-04,295.4416,299.9446,True,-8.7583,True,-12.6572,True,-4.6371,True,-10.9163
SPY,C7_Full_Candidate,DCA_ADDITION,2020-03-02,2020-03-03,281.7416,273.6746,True,-13.6472,True,0.1994,True,-14.8505,True,-3.8541
SPY,C7_Full_Candidate,EXIT_SELL,2020-03-27,2020-03-30,232.3556,239.9015,True,9.7076,True,19.2382,True,11.6605,True,22.3259
SPY,C7_Full_Candidate,PANIC_BUY,2020-04-13,2020-04-14,252.747,260.2012,True,1.0148,True,11.0542,True,6.109,True,15.521
SPY,C7_Full_Candidate,DCA_ADDITION,2020-05-01,2020-05-04,259.2843,259.9995,True,7.7512,True,14.484,True,7.6134,True,13.9687
SPY,C7_Full_Candidate,EXIT_SELL,2020-05-13,2020-05-14,258.1932,261.2831,True,5.4883,True,17.8374,True,13.2813,True,18.4558
SPY,C7_Full_Candidate,PANIC_BUY,2020-05-18,2020-05-19,270.4794,267.7012,True,7.1891,True,14.4859,True,4.0847,True,14.2531
SPY,C7_Full_Candidate,DCA_ADDITION,2020-06-01,2020-06-02,280.1525,282.4722,True,0.5313,True,12.1897,True,0.0817,True,12.7243
SPY,C7_Full_Candidate,EXIT_SELL,2020-06-11,2020-06-12,275.6231,278.9239,True,4.8577,True,13.1052,True,5.0409,True,15.402
SPY,C7_Full_Candidate,REENTRY_BUY,2020-06-15,2020-06-16,281.5278,286.9466,True,2.3528,True,6.939,True,2.9883,True,12.0591
SPY,C7_Full_Candidate,DCA_ADDITION,2020-07-01,2020-07-02,285.9622,287.537,True,3.7568,True,4.0243,True,4.7018,True,4.3191
SPY,C7_Full_Candidate,DCA_ADDITION,2020-08-03,2020-08-04,302.7874,303.9569,True,6.8291,True,2.8825,True,6.2411,True,3.6372
SPY,C7_Full_Candidate,DCA_ADDITION,2020-09-01,2020-09-02,324.7144,329.411,True,-6.0021,True,1.7925,True,-5.3601,True,3.4242
SPY,C7_Full_Candidate,DCA_ADDITION,2020-10-01,2020-10-02,311.6274,308.6686,True,-2.1867,True,11.0032,True,-2.0947,True,9.9492
SPY,C7_Full_Candidate,DCA_ADDITION,2020-11-02,2020-11-03,305.3031,310.6935,True,8.9248,True,14.6999,True,9.6487,True,16.9075
SPY,C7_Full_Candidate,DCA_ADDITION,2020-12-01,2020-12-02,338.4222,339.1343,True,1.85,True,7.2657,True,1.9189,True,6.3198
SPY,C7_Full_Candidate,DCA_ADDITION,2021-01-01,2021-01-04,347.1632,342.4369,True,2.0174,True,7.67,True,-1.0191,True,6.2579
SPY,C7_Full_Candidate,DCA_ADDITION,2021-02-01,2021-02-02,349.3453,354.2851,True,1.3078,True,9.7858,True,3.5484,True,11.3621
SPY,C7_Full_Candidate,DCA_ADDITION,2021-03-01,2021-03-02,361.7413,358.9185,True,2.4533,True,8.5553,True,1.9242,True,7.9478
SPY,C7_Full_Candidate,DCA_ADDITION,2021-04-01,2021-04-02,373.2015,373.2015,True,4.1661,True,6.8385,True,4.8551,True,6.4603
SPY,C7_Full_Candidate,DCA_ADDITION,2021-05-03,2021-05-04,389.588,387.1846,True,0.9744,True,5.9733,True,0.44,True,5.8017
SPY,C7_Full_Candidate,DCA_ADDITION,2021-06-01,2021-06-02,390.9575,391.5723,True,2.1722,True,7.1488,True,2.2468,True,7.0926
SPY,C7_Full_Candidate,DCA_ADDITION,2021-07-01,2021-07-02,402.2931,405.368,True,1.1044,True,2.6773,True,2.3744,True,3.292
SPY,C7_Full_Candidate,DCA_ADDITION,2021-08-02,2021-08-03,408.985,412.3124,True,2.3597,True,3.6883,True,3.3456,True,4.4378
SPY,C7_Full_Candidate,DCA_ADDITION,2021-09-01,2021-09-02,422.2661,423.5653,True,-5.0034,True,3.9175,True,-3.5321,True,4.2373
SPY,C7_Full_Candidate,DCA_ADDITION,2021-10-01,2021-10-04,407.1543,401.9036,True,7.3255,True,11.734,True,5.7595,True,8.754
SPY,C7_Full_Candidate,DCA_ADDITION,2021-11-01,2021-11-02,431.345,433.0891,True,-1.3726,True,-5.6081,True,0.9912,True,-4.055
SPY,C7_Full_Candidate,DCA_ADDITION,2021-12-01,2021-12-02,422.4001,428.8697,True,4.4672,True,-6.0331,True,6.3613,True,-6.0083
SPY,C7_Full_Candidate,DCA_ADDITION,2022-01-03,2022-01-04,449.4864,449.3358,True,-5.1513,True,-3.0502,True,-5.8194,True,-4.2669
SPY,C7_Full_Candidate,DCA_ADDITION,2022-02-01,2022-02-02,426.1893,430.3293,True,-4.2549,True,-8.4801,True,-5.0712,True,-7.8502
SPY,C7_Full_Candidate,EXIT_SELL,2022-02-03,2022-02-04,420.2145,422.1905,True,-3.684,True,-7.894,True,-2.4384,True,-3.9098
SPY,C7_Full_Candidate,PANIC_BUY,2022-03-17,2022-03-18,415.0112,419.5566,True,-1.514,True,-12.3099,True,-0.4353,True,-8.7022
SPY,C7_Full_Candidate,DCA_ADDITION,2022-04-01,2022-04-04,427.485,431.1471,True,-9.2644,True,-14.5647,True,-9.0347,True,-13.5024
SPY,C7_Full_Candidate,DCA_ADDITION,2022-05-02,2022-05-03,391.2037,392.997,True,-0.8286,True,-5.7163,True,0.1882,True,-4.1501
SPY,C7_Full_Candidate,EXIT_SELL,2022-05-24,2022-05-25,371.7701,375.0545,True,-5.376,True,7.8323,True,-4.3667,True,9.5626
SPY,C7_Full_Candidate,PANIC_BUY,2022-06-24,2022-06-27,369.7643,368.352,True,1.7962,True,0.4004,True,1.2844,True,-0.7527
SPY,C7_Full_Candidate,DCA_ADDITION,2022-07-01,2022-07-04,361.3847,361.3847,True,7.7458,True,-4.0482,True,8.0658,True,-3.0895
SPY,C7_Full_Candidate,DCA_ADDITION,2022-08-01,2022-08-02,389.3768,386.808,True,-2.4139,True,-5.2832,True,-1.9816,True,-7.387
SPY,C7_Full_Candidate,EXIT_SELL,2022-08-24,2022-08-25,392.1259,397.6616,True,-10.4295,True,-5.6377,True,-8.3955,True,-4.0118
SPY,C7_Full_Candidate,REENTRY_BUY,2022-08-25,2022-08-26,397.6616,384.2011,True,-8.8447,True,-1.8882,True,-10.4295,True,-5.6377
SPY,C7_Full_Candidate,DCA_ADDITION,2022-09-01,2022-09-02,375.7742,371.8118,True,-8.5643,True,2.9938,True,-8.1075,True,1.9305
SPY,C7_Full_Candidate,EXIT_SELL,2022-09-15,2022-09-16,369.8023,366.981,True,-7.244,True,2.0023,True,-5.805,True,1.986
SPY,C7_Full_Candidate,PANIC_BUY,2022-10-05,2022-10-06,358.9193,355.2167,True,-0.5868,True,3.2156,True,-0.5887,True,0.3446
SPY,C7_Full_Candidate,EXIT_SELL,2022-10-07,2022-10-10,345.3083,342.6717,True,5.5358,True,6.7125,True,3.7377,True,5.8977
SPY,C7_Full_Candidate,PANIC_BUY,2022-10-21,2022-10-24,356.2541,360.6134,True,4.1492,True,5.6642,True,5.8083,True,6.9572
SPY,C7_Full_Candidate,DCA_ADDITION,2022-11-01,2022-11-02,365.9912,356.8062,True,8.7524,True,7.2875,True,2.7853,True,4.5557
SPY,C7_Full_Candidate,DCA_ADDITION,2022-12-01,2022-12-02,387.7497,387.3024,True,-5.5845,True,-2.1405,True,-5.4444,True,-1.198
SPY,C7_Full_Candidate,EXIT_SELL,2022-12-06,2022-12-07,374.8525,374.2148,True,-1.9426,True,0.8629,True,-2.8594,True,1.0791
SPY,C7_Full_Candidate,REENTRY_BUY,2022-12-12,2022-12-13,379.7259,382.6004,True,-2.3874,True,-0.4655,True,-2.3334,True,1.8492
SPY,C7_Full_Candidate,EXIT_SELL,2022-12-19,2022-12-20,363.369,363.8663,True,4.5278,True,2.9406,True,4.8629,True,1.4052
SPY,C7_Full_Candidate,PANIC_BUY,2022-12-30,2023-01-02,365.6734,365.6734,True,4.7486,True,4.0722,True,6.0795,True,3.8779
SPY,C7_Full_Candidate,DCA_ADDITION,2023-02-01,2023-02-02,392.8004,398.5184,True,-4.5516,True,-0.6709,True,-3.9095,True,-1.192
SPY,C7_Full_Candidate,DCA_ADDITION,2023-03-01,2023-03-02,377.444,380.3795,True,1.8679,True,4.631,True,2.0626,True,4.5394
SPY,C7_Full_Candidate,DCA_ADDITION,2023-04-03,2023-04-04,394.4434,392.255,True,0.531,True,7.1256,True,1.1096,True,5.376
SPY,C7_Full_Candidate,DCA_ADDITION,2023-05-01,2023-05-02,398.8203,394.3379,True,2.2734,True,11.2676,True,1.0854,True,9.7175
SPY,C7_Full_Candidate,DCA_ADDITION,2023-06-01,2023-06-02,404.8769,410.7318,True,3.9742,True,3.1979,True,4.2476,True,3.9574
SPY,C7_Full_Candidate,DCA_ADDITION,2023-07-03,2023-07-04,427.5467,427.5467,True,2.8594,True,-3.6972,True,3.1547,True,-2.2613
SPY,C7_Full_Candidate,DCA_ADDITION,2023-08-01,2023-08-02,439.7722,433.6546,True,0.1955,True,-6.9107,True,-1.6036,True,-6.869
SPY,C7_Full_Candidate,DCA_ADDITION,2023-09-01,2023-09-04,434.6758,434.6758,True,-4.9586,True,1.0845,True,-4.9208,True,1.2669
SPY,C7_Full_Candidate,DCA_ADDITION,2023-10-02,2023-10-03,413.1219,407.5918,True,-0.8041,True,13.2803,True,-2.7427,True,11.294
SPY,C7_Full_Candidate,EXIT_SELL,2023-10-19,2023-10-20,412.2712,407.2052,True,7.0277,True,13.6334,True,5.5812,True,12.1594
SPY,C7_Full_Candidate,PANIC_BUY,2023-11-02,2023-11-03,416.4574,420.2569,True,5.6155,True,12.5828,True,5.9523,True,13.7544
SPY,C7_Full_Candidate,DCA_ADDITION,2023-12-01,2023-12-04,443.8565,441.5265,True,4.4991,True,11.2443,True,3.9506,True,11.0671
SPY,C7_Full_Candidate,DCA_ADDITION,2024-01-01,2024-01-02,461.3913,458.8092,True,3.8591,True,10.1073,True,3.3578,True,9.6937
SPY,C7_Full_Candidate,DCA_ADDITION,2024-02-01,2024-02-02,474.8746,479.8738,True,3.7423,True,3.1332,True,3.8594,True,3.2409
SPY,C7_Full_Candidate,DCA_ADDITION,2024-03-01,2024-03-04,497.832,497.2981,True,2.2413,True,3.6668,True,2.3097,True,3.5556
SPY,C7_Full_Candidate,DCA_ADDITION,2024-04-01,2024-04-02,508.4442,505.2115,True,-3.2496,True,5.348,True,-2.3173,True,4.2766
SPY,C7_Full_Candidate,DCA_ADDITION,2024-05-01,2024-05-02,487.2072,491.7642,True,3.481,True,6.9534,True,5.1464,True,8.5192
SPY,C7_Full_Candidate,DCA_ADDITION,2024-06-03,2024-06-04,513.936,514.5107,True,4.2376,True,6.6204,True,3.6566,True,6.5933
SPY,C7_Full_Candidate,DCA_ADDITION,2024-07-01,2024-07-02,532.7285,536.3136,True,-1.2768,True,4.3792,True,-0.1063,True,4.7819
SPY,C7_Full_Candidate,DCA_ADDITION,2024-08-01,2024-08-02,530.4524,520.5763,True,5.7759,True,8.9916,True,2.825,True,6.9992
SPY,C7_Full_Candidate,DCA_ADDITION,2024-09-02,2024-09-03,550.6443,539.3126,True,3.3119,True,9.1313,True,2.1005,True,6.3303
SPY,C7_Full_Candidate,DCA_ADDITION,2024-10-01,2024-10-02,557.1739,557.4091,True,1.9601,True,6.0584,True,2.3126,True,6.1031
SPY,C7_Full_Candidate,DCA_ADDITION,2024-11-01,2024-11-04,559.5452,558.3399,True,5.9353,True,5.5417,True,5.518,True,6.8255
SPY,C7_Full_Candidate,DCA_ADDITION,2024-12-02,2024-12-03,591.4792,591.7535,True,-2.6258,True,-1.2701,True,-2.2249,True,-0.7306
SPY,C7_Full_Candidate,DCA_ADDITION,2025-01-01,2025-01-02,576.2153,574.7995,True,3.4893,True,-2.7118,True,2.6839,True,-2.6924
SPY,C7_Full_Candidate,DCA_ADDITION,2025-02-03,2025-02-04,587.7085,591.6511,True,-4.1411,True,-7.6095,True,-2.342,True,-7.572
SPY,C7_Full_Candidate,DCA_ADDITION,2025-03-03,2025-03-04,573.9442,567.1505,True,-2.462,True,2.7855,True,-3.8881,True,-0.4998
SPY,C7_Full_Candidate,DCA_ADDITION,2025-04-01,2025-04-02,553.187,556.6877,True,-1.7679,True,7.8642,True,-1.1854,True,8.486
SPY,C7_Full_Candidate,DCA_ADDITION,2025-05-01,2025-05-02,550.7217,558.8967,True,3.9929,True,12.7432,True,5.6547,True,13.9355
SPY,C7_Full_Candidate,DCA_ADDITION,2025-06-02,2025-06-03,584.4867,587.8198,True,3.9232,True,8.5519,True,4.5497,True,8.7158
SPY,C7_Full_Candidate,DCA_ADDITION,2025-07-01,2025-07-02,610.8813,613.6506,True,2.258,True,6.8471,True,2.8511,True,7.674
SPY,C7_Full_Candidate,DCA_ADDITION,2025-08-01,2025-08-04,614.9066,624.2531,True,2.1991,True,8.8676,True,3.7525,True,9.2337
SPY,C7_Full_Candidate,DCA_ADDITION,2025-09-01,2025-09-02,637.981,633.2534,True,4.3352,True,5.7197,True,3.1734,True,3.9584
SPY,C7_Full_Candidate,DCA_ADDITION,2025-10-01,2025-10-02,662.9575,663.7211,True,1.5854,True,3.4667,True,2.8334,True,3.5859
SPY,C7_Full_Candidate,DCA_ADDITION,2025-11-03,2025-11-04,677.7252,669.6917,True,0.9315,True,3.3033,True,-0.4493,True,1.6737
SPY,C7_Full_Candidate,DCA_ADDITION,2025-12-01,2025-12-02,674.6804,675.9301,True,1.1019,True,1.152,True,1.413,True,0.6081
SPY,C7_Full_Candidate,DCA_ADDITION,2026-01-01,2026-01-02,678.3152,679.5586,True,1.2881,True,-6.9307,True,1.7773,True,-5.1426
SPY,C7_Full_Candidate,DCA_ADDITION,2026-02-02,2026-02-03,691.7339,685.885,True,-1.3342,True,3.4957,True,-1.2985,True,3.1223
SPY,C7_Full_Candidate,DCA_ADDITION,2026-03-02,2026-03-03,682.7517,676.7337,True,-4.1471,True,10.6286,True,-7.6757,True,8.9304
SPY,C7_Full_Candidate,DCA_ADDITION,2026-04-01,2026-04-02,653.5563,654.1448,True,9.5802,True,12.2534,True,8.5984,True,12.1923
SPY,C7_Full_Candidate,DCA_ADDITION,2026-05-01,2026-05-04,718.7982,716.165,True,5.6448,True,3.2011,True,4.9719,True,2.8008
SPY,C7_Full_Candidate,DCA_ADDITION,2026-06-01,2026-06-02,756.5908,757.6182,True,-1.4319,True,1.0944,True,-2.0607,True,0.9092
SPY,C7_Full_Candidate,DCA_ADDITION,2026-07-01,2026-07-02,745.76,744.78,True,-0.4149,False,,True,-2.1857,False,
SPY,C7_Full_Candidate,DCA_ADDITION,2026-08-03,2026-08-04,757.67,771.33,True,-1.2381,False,,True,1.238,False,
SPY,C7_Full_Candidate,DCA_ADDITION,2026-09-01,2026-09-02,761.78,765.16,False,,False,,False,,False,
