order_id,status,submit_dt,planned_dt,target,reason,validity,actual_dt
ord_strat_20090102,FILLED,2009-01-02,,1.0,Standing Order / DCA,GTC,2009-01-05
ord_strat_20090105,FILLED,2009-01-05,,1.0,Standing Order / DCA,GTC,2009-01-06
ord_strat_20090106,FILLED,2009-01-06,,1.0,Standing Order / DCA,GTC,2009-01-07
ord_strat_20090107,FILLED,2009-01-07,,1.0,Standing Order / DCA,GTC,2009-01-08
ord_strat_20090108,FILLED,2009-01-08,,1.0,Standing Order / DCA,GTC,2009-01-09
ord_strat_20090109,FILLED,2009-01-09,,1.0,Standing Order / DCA,GTC,2009-01-12
ord_strat_20090112,FILLED,2009-01-12,,0.0,油价击穿成本线与宏观熊市,GTC,2009-01-13
ord_strat_20090123,FILLED,2009-01-23,,1.0,极端出清黄金坑抄底,GTC,2009-01-26
ord_strat_20090126,FILLED,2009-01-26,,1.0,Standing Order / DCA,GTC,2009-01-27
ord_strat_20090127,FILLED,2009-01-27,,1.0,Standing Order / DCA,GTC,2009-01-28
ord_strat_20090128,FILLED,2009-01-28,,1.0,Standing Order / DCA,GTC,2009-01-29
ord_strat_20090129,FILLED,2009-01-29,,1.0,Standing Order / DCA,GTC,2009-01-30
ord_strat_20090130,FILLED,2009-01-30,,0.0,油价击穿成本线与宏观熊市,GTC,2009-02-02
ord_strat_20090204,FILLED,2009-02-04,,1.0,极端出清黄金坑抄底,GTC,2009-02-05
ord_strat_20090205,FILLED,2009-02-05,,1.0,Standing Order / DCA,GTC,2009-02-06
ord_strat_20090206,FILLED,2009-02-06,,1.0,Standing Order / DCA,GTC,2009-02-09
ord_strat_20090209,FILLED,2009-02-09,,1.0,Standing Order / DCA,GTC,2009-02-10
ord_strat_20090210,FILLED,2009-02-10,,1.0,Standing Order / DCA,GTC,2009-02-11
ord_strat_20090211,FILLED,2009-02-11,,0.0,油价击穿成本线与宏观熊市,GTC,2009-02-12
ord_strat_20090310,FILLED,2009-03-10,,1.0,极端出清黄金坑抄底,GTC,2009-03-11
ord_strat_20090311,FILLED,2009-03-11,,0.0,油价击穿成本线与宏观熊市,GTC,2009-03-12
ord_strat_20090312,FILLED,2009-03-12,,1.0,极端出清黄金坑抄底,GTC,2009-03-13
ord_strat_20090313,FILLED,2009-03-13,,0.0,油价击穿成本线与宏观熊市,GTC,2009-03-16
ord_strat_20090316,FILLED,2009-03-16,,1.0,极端出清黄金坑抄底,GTC,2009-03-17
ord_strat_20090317,FILLED,2009-03-17,,0.0,油价击穿成本线与宏观熊市,GTC,2009-03-18
ord_strat_20090318,FILLED,2009-03-18,,1.0,极端出清黄金坑抄底,GTC,2009-03-19
ord_strat_20090319,FILLED,2009-03-19,,1.0,Standing Order / DCA,GTC,2009-03-20
ord_strat_20090320,FILLED,2009-03-20,,0.0,油价击穿成本线与宏观熊市,GTC,2009-03-23
ord_strat_20090323,FILLED,2009-03-23,,1.0,极端出清黄金坑抄底,GTC,2009-03-24
ord_strat_20090324,FILLED,2009-03-24,,1.0,Standing Order / DCA,GTC,2009-03-25
ord_strat_20090325,FILLED,2009-03-25,,1.0,Standing Order / DCA,GTC,2009-03-26
ord_strat_20090326,FILLED,2009-03-26,,1.0,Standing Order / DCA,GTC,2009-03-27
ord_strat_20090327,FILLED,2009-03-27,,1.0,Standing Order / DCA,GTC,2009-03-30
ord_strat_20090330,FILLED,2009-03-30,,0.0,油价击穿成本线与宏观熊市,GTC,2009-03-31
ord_strat_20090402,FILLED,2009-04-02,,1.0,极端出清黄金坑抄底,GTC,2009-04-03
ord_strat_20090403,FILLED,2009-04-03,,1.0,Standing Order / DCA,GTC,2009-04-06
ord_strat_20090406,FILLED,2009-04-06,,1.0,Standing Order / DCA,GTC,2009-04-07
ord_strat_20090407,FILLED,2009-04-07,,0.0,油价击穿成本线与宏观熊市,GTC,2009-04-08
ord_strat_20090409,FILLED,2009-04-09,,1.0,极端出清黄金坑抄底,GTC,2009-04-13
ord_strat_20090413,FILLED,2009-04-13,,1.0,Standing Order / DCA,GTC,2009-04-14
ord_strat_20090414,FILLED,2009-04-14,,1.0,Standing Order / DCA,GTC,2009-04-15
ord_strat_20090415,FILLED,2009-04-15,,1.0,Standing Order / DCA,GTC,2009-04-16
ord_strat_20090416,FILLED,2009-04-16,,1.0,Standing Order / DCA,GTC,2009-04-17
ord_strat_20090417,FILLED,2009-04-17,,1.0,Standing Order / DCA,GTC,2009-04-20
ord_strat_20090420,FILLED,2009-04-20,,1.0,Standing Order / DCA,GTC,2009-04-21
ord_strat_20090421,FILLED,2009-04-21,,1.0,Standing Order / DCA,GTC,2009-04-22
ord_strat_20090422,FILLED,2009-04-22,,1.0,Standing Order / DCA,GTC,2009-04-23
ord_strat_20090423,FILLED,2009-04-23,,1.0,Standing Order / DCA,GTC,2009-04-24
ord_strat_20090424,FILLED,2009-04-24,,1.0,Standing Order / DCA,GTC,2009-04-27
ord_strat_20090427,FILLED,2009-04-27,,1.0,Standing Order / DCA,GTC,2009-04-28
ord_strat_20090428,FILLED,2009-04-28,,1.0,Standing Order / DCA,GTC,2009-04-29
ord_strat_20090429,FILLED,2009-04-29,,1.0,Standing Order / DCA,GTC,2009-04-30
ord_strat_20090430,FILLED,2009-04-30,,1.0,Standing Order / DCA,GTC,2009-05-01
ord_strat_20090501,FILLED,2009-05-01,,1.0,Standing Order / DCA,GTC,2009-05-04
ord_strat_20090504,FILLED,2009-05-04,,1.0,Standing Order / DCA,GTC,2009-05-05
ord_strat_20090505,FILLED,2009-05-05,,1.0,Standing Order / DCA,GTC,2009-05-06
ord_strat_20090506,FILLED,2009-05-06,,1.0,Standing Order / DCA,GTC,2009-05-07
ord_strat_20090507,FILLED,2009-05-07,,1.0,Standing Order / DCA,GTC,2009-05-08
ord_strat_20090508,FILLED,2009-05-08,,1.0,Standing Order / DCA,GTC,2009-05-11
ord_strat_20090511,FILLED,2009-05-11,,1.0,Standing Order / DCA,GTC,2009-05-12
ord_strat_20090512,FILLED,2009-05-12,,1.0,Standing Order / DCA,GTC,2009-05-13
ord_strat_20090513,FILLED,2009-05-13,,1.0,Standing Order / DCA,GTC,2009-05-14
ord_strat_20090514,FILLED,2009-05-14,,1.0,Standing Order / DCA,GTC,2009-05-15
ord_strat_20090515,FILLED,2009-05-15,,1.0,Standing Order / DCA,GTC,2009-05-18
ord_strat_20090518,FILLED,2009-05-18,,1.0,Standing Order / DCA,GTC,2009-05-19
ord_strat_20090519,FILLED,2009-05-19,,1.0,Standing Order / DCA,GTC,2009-05-20
ord_strat_20090520,FILLED,2009-05-20,,1.0,Standing Order / DCA,GTC,2009-05-21
ord_strat_20090521,FILLED,2009-05-21,,1.0,Standing Order / DCA,GTC,2009-05-22
ord_strat_20090522,FILLED,2009-05-22,,1.0,Standing Order / DCA,GTC,2009-05-26
ord_strat_20090526,FILLED,2009-05-26,,1.0,Standing Order / DCA,GTC,2009-05-27
ord_strat_20090527,FILLED,2009-05-27,,1.0,Standing Order / DCA,GTC,2009-05-28
ord_strat_20090528,FILLED,2009-05-28,,1.0,Standing Order / DCA,GTC,2009-05-29
ord_strat_20090529,FILLED,2009-05-29,,1.0,Standing Order / DCA,GTC,2009-06-01
ord_strat_20090601,FILLED,2009-06-01,,1.0,Standing Order / DCA,GTC,2009-06-02
ord_strat_20090602,FILLED,2009-06-02,,1.0,Standing Order / DCA,GTC,2009-06-03
ord_strat_20090603,FILLED,2009-06-03,,1.0,Standing Order / DCA,GTC,2009-06-04
ord_strat_20090604,FILLED,2009-06-04,,1.0,Standing Order / DCA,GTC,2009-06-05
ord_strat_20090605,FILLED,2009-06-05,,1.0,Standing Order / DCA,GTC,2009-06-08
ord_strat_20090608,FILLED,2009-06-08,,1.0,Standing Order / DCA,GTC,2009-06-09
ord_strat_20090609,FILLED,2009-06-09,,1.0,Standing Order / DCA,GTC,2009-06-10
ord_strat_20090610,FILLED,2009-06-10,,1.0,Standing Order / DCA,GTC,2009-06-11
ord_strat_20090611,FILLED,2009-06-11,,1.0,Standing Order / DCA,GTC,2009-06-12
ord_strat_20090612,FILLED,2009-06-12,,1.0,Standing Order / DCA,GTC,2009-06-15
ord_strat_20090615,FILLED,2009-06-15,,1.0,Standing Order / DCA,GTC,2009-06-16
ord_strat_20090616,FILLED,2009-06-16,,1.0,Standing Order / DCA,GTC,2009-06-17
ord_strat_20090617,FILLED,2009-06-17,,1.0,Standing Order / DCA,GTC,2009-06-18
ord_strat_20090618,FILLED,2009-06-18,,1.0,Standing Order / DCA,GTC,2009-06-19
ord_strat_20090619,FILLED,2009-06-19,,1.0,Standing Order / DCA,GTC,2009-06-22
ord_strat_20090622,FILLED,2009-06-22,,1.0,Standing Order / DCA,GTC,2009-06-23
ord_strat_20090623,FILLED,2009-06-23,,1.0,Standing Order / DCA,GTC,2009-06-24
ord_strat_20090624,FILLED,2009-06-24,,1.0,Standing Order / DCA,GTC,2009-06-25
ord_strat_20090625,FILLED,2009-06-25,,1.0,Standing Order / DCA,GTC,2009-06-26
ord_strat_20090626,FILLED,2009-06-26,,1.0,Standing Order / DCA,GTC,2009-06-29
ord_strat_20090629,FILLED,2009-06-29,,1.0,Standing Order / DCA,GTC,2009-06-30
ord_strat_20090630,FILLED,2009-06-30,,1.0,Standing Order / DCA,GTC,2009-07-01
ord_strat_20090701,FILLED,2009-07-01,,1.0,Standing Order / DCA,GTC,2009-07-02
ord_strat_20090702,FILLED,2009-07-02,,1.0,Standing Order / DCA,GTC,2009-07-06
ord_strat_20090706,FILLED,2009-07-06,,1.0,Standing Order / DCA,GTC,2009-07-07
ord_strat_20090707,FILLED,2009-07-07,,1.0,Standing Order / DCA,GTC,2009-07-08
ord_strat_20090708,FILLED,2009-07-08,,1.0,Standing Order / DCA,GTC,2009-07-09
ord_strat_20090709,FILLED,2009-07-09,,1.0,Standing Order / DCA,GTC,2009-07-10
ord_strat_20090710,FILLED,2009-07-10,,1.0,Standing Order / DCA,GTC,2009-07-13
ord_strat_20090713,FILLED,2009-07-13,,1.0,Standing Order / DCA,GTC,2009-07-14
ord_strat_20090714,FILLED,2009-07-14,,1.0,Standing Order / DCA,GTC,2009-07-15
ord_strat_20090715,FILLED,2009-07-15,,1.0,Standing Order / DCA,GTC,2009-07-16
ord_strat_20090716,FILLED,2009-07-16,,1.0,Standing Order / DCA,GTC,2009-07-17
ord_strat_20090717,FILLED,2009-07-17,,1.0,Standing Order / DCA,GTC,2009-07-20
ord_strat_20090720,FILLED,2009-07-20,,1.0,Standing Order / DCA,GTC,2009-07-21
ord_strat_20090721,FILLED,2009-07-21,,1.0,Standing Order / DCA,GTC,2009-07-22
ord_strat_20090722,FILLED,2009-07-22,,1.0,Standing Order / DCA,GTC,2009-07-23
ord_strat_20090723,FILLED,2009-07-23,,1.0,Standing Order / DCA,GTC,2009-07-24
ord_strat_20090724,FILLED,2009-07-24,,1.0,Standing Order / DCA,GTC,2009-07-27
ord_strat_20090727,FILLED,2009-07-27,,1.0,Standing Order / DCA,GTC,2009-07-28
ord_strat_20090728,FILLED,2009-07-28,,1.0,Standing Order / DCA,GTC,2009-07-29
ord_strat_20090729,FILLED,2009-07-29,,1.0,Standing Order / DCA,GTC,2009-07-30
ord_strat_20090730,FILLED,2009-07-30,,1.0,Standing Order / DCA,GTC,2009-07-31
ord_strat_20090731,FILLED,2009-07-31,,1.0,Standing Order / DCA,GTC,2009-08-03
ord_strat_20090803,FILLED,2009-08-03,,1.0,Standing Order / DCA,GTC,2009-08-04
ord_strat_20090804,FILLED,2009-08-04,,1.0,Standing Order / DCA,GTC,2009-08-05
ord_strat_20090805,FILLED,2009-08-05,,1.0,Standing Order / DCA,GTC,2009-08-06
ord_strat_20090806,FILLED,2009-08-06,,1.0,Standing Order / DCA,GTC,2009-08-07
ord_strat_20090807,FILLED,2009-08-07,,1.0,Standing Order / DCA,GTC,2009-08-10
ord_strat_20090810,FILLED,2009-08-10,,1.0,Standing Order / DCA,GTC,2009-08-11
ord_strat_20090811,FILLED,2009-08-11,,1.0,Standing Order / DCA,GTC,2009-08-12
ord_strat_20090812,FILLED,2009-08-12,,1.0,Standing Order / DCA,GTC,2009-08-13
ord_strat_20090813,FILLED,2009-08-13,,1.0,Standing Order / DCA,GTC,2009-08-14
ord_strat_20090814,FILLED,2009-08-14,,1.0,Standing Order / DCA,GTC,2009-08-17
ord_strat_20090817,FILLED,2009-08-17,,1.0,Standing Order / DCA,GTC,2009-08-18
ord_strat_20090818,FILLED,2009-08-18,,1.0,Standing Order / DCA,GTC,2009-08-19
ord_strat_20090819,FILLED,2009-08-19,,1.0,Standing Order / DCA,GTC,2009-08-20
ord_strat_20090820,FILLED,2009-08-20,,1.0,Standing Order / DCA,GTC,2009-08-21
ord_strat_20090821,FILLED,2009-08-21,,1.0,Standing Order / DCA,GTC,2009-08-24
ord_strat_20090824,FILLED,2009-08-24,,1.0,Standing Order / DCA,GTC,2009-08-25
ord_strat_20090825,FILLED,2009-08-25,,1.0,Standing Order / DCA,GTC,2009-08-26
ord_strat_20090826,FILLED,2009-08-26,,1.0,Standing Order / DCA,GTC,2009-08-27
ord_strat_20090827,FILLED,2009-08-27,,1.0,Standing Order / DCA,GTC,2009-08-28
ord_strat_20090828,FILLED,2009-08-28,,1.0,Standing Order / DCA,GTC,2009-08-31
ord_strat_20090831,FILLED,2009-08-31,,1.0,Standing Order / DCA,GTC,2009-09-01
ord_strat_20090901,FILLED,2009-09-01,,1.0,Standing Order / DCA,GTC,2009-09-02
ord_strat_20090902,FILLED,2009-09-02,,1.0,Standing Order / DCA,GTC,2009-09-03
ord_strat_20090903,FILLED,2009-09-03,,1.0,Standing Order / DCA,GTC,2009-09-04
ord_strat_20090904,FILLED,2009-09-04,,1.0,Standing Order / DCA,GTC,2009-09-08
ord_strat_20090908,FILLED,2009-09-08,,1.0,Standing Order / DCA,GTC,2009-09-09
ord_strat_20090909,FILLED,2009-09-09,,1.0,Standing Order / DCA,GTC,2009-09-10
ord_strat_20090910,FILLED,2009-09-10,,1.0,Standing Order / DCA,GTC,2009-09-11
ord_strat_20090911,FILLED,2009-09-11,,1.0,Standing Order / DCA,GTC,2009-09-14
ord_strat_20090914,FILLED,2009-09-14,,1.0,Standing Order / DCA,GTC,2009-09-15
ord_strat_20090915,FILLED,2009-09-15,,1.0,Standing Order / DCA,GTC,2009-09-16
ord_strat_20090916,FILLED,2009-09-16,,1.0,Standing Order / DCA,GTC,2009-09-17
ord_strat_20090917,FILLED,2009-09-17,,1.0,Standing Order / DCA,GTC,2009-09-18
ord_strat_20090918,FILLED,2009-09-18,,1.0,Standing Order / DCA,GTC,2009-09-21
ord_strat_20090921,FILLED,2009-09-21,,1.0,Standing Order / DCA,GTC,2009-09-22
ord_strat_20090922,FILLED,2009-09-22,,1.0,Standing Order / DCA,GTC,2009-09-23
ord_strat_20090923,FILLED,2009-09-23,,1.0,Standing Order / DCA,GTC,2009-09-24
ord_strat_20090924,FILLED,2009-09-24,,1.0,Standing Order / DCA,GTC,2009-09-25
ord_strat_20090925,FILLED,2009-09-25,,1.0,Standing Order / DCA,GTC,2009-09-28
ord_strat_20090928,FILLED,2009-09-28,,1.0,Standing Order / DCA,GTC,2009-09-29
ord_strat_20090929,FILLED,2009-09-29,,1.0,Standing Order / DCA,GTC,2009-09-30
ord_strat_20090930,FILLED,2009-09-30,,1.0,Standing Order / DCA,GTC,2009-10-01
ord_strat_20091001,FILLED,2009-10-01,,1.0,Standing Order / DCA,GTC,2009-10-02
ord_strat_20091002,FILLED,2009-10-02,,1.0,Standing Order / DCA,GTC,2009-10-05
ord_strat_20091005,FILLED,2009-10-05,,1.0,Standing Order / DCA,GTC,2009-10-06
ord_strat_20091006,FILLED,2009-10-06,,1.0,Standing Order / DCA,GTC,2009-10-07
ord_strat_20091007,FILLED,2009-10-07,,1.0,Standing Order / DCA,GTC,2009-10-08
ord_strat_20091008,FILLED,2009-10-08,,1.0,Standing Order / DCA,GTC,2009-10-09
ord_strat_20091009,FILLED,2009-10-09,,1.0,Standing Order / DCA,GTC,2009-10-12
ord_strat_20091012,FILLED,2009-10-12,,1.0,Standing Order / DCA,GTC,2009-10-13
ord_strat_20091013,FILLED,2009-10-13,,1.0,Standing Order / DCA,GTC,2009-10-14
ord_strat_20091014,FILLED,2009-10-14,,1.0,Standing Order / DCA,GTC,2009-10-15
ord_strat_20091015,FILLED,2009-10-15,,1.0,Standing Order / DCA,GTC,2009-10-16
ord_strat_20091016,FILLED,2009-10-16,,1.0,Standing Order / DCA,GTC,2009-10-19
ord_strat_20091019,FILLED,2009-10-19,,1.0,Standing Order / DCA,GTC,2009-10-20
ord_strat_20091020,FILLED,2009-10-20,,1.0,Standing Order / DCA,GTC,2009-10-21
ord_strat_20091021,FILLED,2009-10-21,,1.0,Standing Order / DCA,GTC,2009-10-22
ord_strat_20091022,FILLED,2009-10-22,,1.0,Standing Order / DCA,GTC,2009-10-23
ord_strat_20091023,FILLED,2009-10-23,,1.0,Standing Order / DCA,GTC,2009-10-26
ord_strat_20091026,FILLED,2009-10-26,,1.0,Standing Order / DCA,GTC,2009-10-27
ord_strat_20091027,FILLED,2009-10-27,,1.0,Standing Order / DCA,GTC,2009-10-28
ord_strat_20091028,FILLED,2009-10-28,,1.0,Standing Order / DCA,GTC,2009-10-29
ord_strat_20091029,FILLED,2009-10-29,,1.0,Standing Order / DCA,GTC,2009-10-30
ord_strat_20091030,FILLED,2009-10-30,,1.0,Standing Order / DCA,GTC,2009-11-02
ord_strat_20091102,FILLED,2009-11-02,,1.0,Standing Order / DCA,GTC,2009-11-03
ord_strat_20091103,FILLED,2009-11-03,,1.0,Standing Order / DCA,GTC,2009-11-04
ord_strat_20091104,FILLED,2009-11-04,,1.0,Standing Order / DCA,GTC,2009-11-05
ord_strat_20091105,FILLED,2009-11-05,,1.0,Standing Order / DCA,GTC,2009-11-06
ord_strat_20091106,FILLED,2009-11-06,,1.0,Standing Order / DCA,GTC,2009-11-09
ord_strat_20091109,FILLED,2009-11-09,,1.0,Standing Order / DCA,GTC,2009-11-10
ord_strat_20091110,FILLED,2009-11-10,,1.0,Standing Order / DCA,GTC,2009-11-11
ord_strat_20091111,FILLED,2009-11-11,,1.0,Standing Order / DCA,GTC,2009-11-12
ord_strat_20091112,FILLED,2009-11-12,,1.0,Standing Order / DCA,GTC,2009-11-13
ord_strat_20091113,FILLED,2009-11-13,,1.0,Standing Order / DCA,GTC,2009-11-16
ord_strat_20091116,FILLED,2009-11-16,,1.0,Standing Order / DCA,GTC,2009-11-17
ord_strat_20091117,FILLED,2009-11-17,,1.0,Standing Order / DCA,GTC,2009-11-18
ord_strat_20091118,FILLED,2009-11-18,,1.0,Standing Order / DCA,GTC,2009-11-19
ord_strat_20091119,FILLED,2009-11-19,,1.0,Standing Order / DCA,GTC,2009-11-20
ord_strat_20091120,FILLED,2009-11-20,,1.0,Standing Order / DCA,GTC,2009-11-23
ord_strat_20091123,FILLED,2009-11-23,,1.0,Standing Order / DCA,GTC,2009-11-24
ord_strat_20091124,FILLED,2009-11-24,,1.0,Standing Order / DCA,GTC,2009-11-25
ord_strat_20091125,FILLED,2009-11-25,,1.0,Standing Order / DCA,GTC,2009-11-27
ord_strat_20091127,FILLED,2009-11-27,,1.0,Standing Order / DCA,GTC,2009-11-30
ord_strat_20091130,FILLED,2009-11-30,,1.0,Standing Order / DCA,GTC,2009-12-01
ord_strat_20091201,FILLED,2009-12-01,,1.0,Standing Order / DCA,GTC,2009-12-02
ord_strat_20091202,FILLED,2009-12-02,,1.0,Standing Order / DCA,GTC,2009-12-03
ord_strat_20091203,FILLED,2009-12-03,,1.0,Standing Order / DCA,GTC,2009-12-04
ord_strat_20091204,FILLED,2009-12-04,,1.0,Standing Order / DCA,GTC,2009-12-07
ord_strat_20091207,FILLED,2009-12-07,,1.0,Standing Order / DCA,GTC,2009-12-08
ord_strat_20091208,FILLED,2009-12-08,,1.0,Standing Order / DCA,GTC,2009-12-09
ord_strat_20091209,FILLED,2009-12-09,,1.0,Standing Order / DCA,GTC,2009-12-10
ord_strat_20091210,FILLED,2009-12-10,,1.0,Standing Order / DCA,GTC,2009-12-11
ord_strat_20091211,FILLED,2009-12-11,,1.0,Standing Order / DCA,GTC,2009-12-14
ord_strat_20091214,FILLED,2009-12-14,,1.0,Standing Order / DCA,GTC,2009-12-15
ord_strat_20091215,FILLED,2009-12-15,,1.0,Standing Order / DCA,GTC,2009-12-16
ord_strat_20091216,FILLED,2009-12-16,,1.0,Standing Order / DCA,GTC,2009-12-17
ord_strat_20091217,FILLED,2009-12-17,,1.0,Standing Order / DCA,GTC,2009-12-18
ord_strat_20091218,FILLED,2009-12-18,,1.0,Standing Order / DCA,GTC,2009-12-21
ord_strat_20091221,FILLED,2009-12-21,,1.0,Standing Order / DCA,GTC,2009-12-22
ord_strat_20091222,FILLED,2009-12-22,,1.0,Standing Order / DCA,GTC,2009-12-23
ord_strat_20091223,FILLED,2009-12-23,,1.0,Standing Order / DCA,GTC,2009-12-24
ord_strat_20091224,FILLED,2009-12-24,,1.0,Standing Order / DCA,GTC,2009-12-28
ord_strat_20091228,FILLED,2009-12-28,,1.0,Standing Order / DCA,GTC,2009-12-29
ord_strat_20091229,FILLED,2009-12-29,,1.0,Standing Order / DCA,GTC,2009-12-30
ord_strat_20091230,FILLED,2009-12-30,,1.0,Standing Order / DCA,GTC,2009-12-31
ord_strat_20091231,FILLED,2009-12-31,,1.0,Standing Order / DCA,GTC,2010-01-04
ord_strat_20100104,FILLED,2010-01-04,,1.0,Standing Order / DCA,GTC,2010-01-05
ord_strat_20100105,FILLED,2010-01-05,,1.0,Standing Order / DCA,GTC,2010-01-06
ord_strat_20100106,FILLED,2010-01-06,,1.0,Standing Order / DCA,GTC,2010-01-07
ord_strat_20100107,FILLED,2010-01-07,,1.0,Standing Order / DCA,GTC,2010-01-08
ord_strat_20100108,FILLED,2010-01-08,,1.0,Standing Order / DCA,GTC,2010-01-11
ord_strat_20100111,FILLED,2010-01-11,,1.0,Standing Order / DCA,GTC,2010-01-12
ord_strat_20100112,FILLED,2010-01-12,,1.0,Standing Order / DCA,GTC,2010-01-13
ord_strat_20100113,FILLED,2010-01-13,,1.0,Standing Order / DCA,GTC,2010-01-14
ord_strat_20100114,FILLED,2010-01-14,,1.0,Standing Order / DCA,GTC,2010-01-15
ord_strat_20100115,FILLED,2010-01-15,,1.0,Standing Order / DCA,GTC,2010-01-19
ord_strat_20100119,FILLED,2010-01-19,,1.0,Standing Order / DCA,GTC,2010-01-20
ord_strat_20100120,FILLED,2010-01-20,,1.0,Standing Order / DCA,GTC,2010-01-21
ord_strat_20100121,FILLED,2010-01-21,,1.0,Standing Order / DCA,GTC,2010-01-22
ord_strat_20100122,FILLED,2010-01-22,,1.0,Standing Order / DCA,GTC,2010-01-25
ord_strat_20100125,FILLED,2010-01-25,,1.0,Standing Order / DCA,GTC,2010-01-26
ord_strat_20100126,FILLED,2010-01-26,,1.0,Standing Order / DCA,GTC,2010-01-27
ord_strat_20100127,FILLED,2010-01-27,,1.0,Standing Order / DCA,GTC,2010-01-28
ord_strat_20100128,FILLED,2010-01-28,,1.0,Standing Order / DCA,GTC,2010-01-29
ord_strat_20100129,FILLED,2010-01-29,,1.0,Standing Order / DCA,GTC,2010-02-01
ord_strat_20100201,FILLED,2010-02-01,,1.0,Standing Order / DCA,GTC,2010-02-02
ord_strat_20100202,FILLED,2010-02-02,,1.0,Standing Order / DCA,GTC,2010-02-03
ord_strat_20100203,FILLED,2010-02-03,,1.0,Standing Order / DCA,GTC,2010-02-04
ord_strat_20100204,FILLED,2010-02-04,,1.0,Standing Order / DCA,GTC,2010-02-05
ord_strat_20100205,FILLED,2010-02-05,,1.0,Standing Order / DCA,GTC,2010-02-08
ord_strat_20100208,FILLED,2010-02-08,,1.0,Standing Order / DCA,GTC,2010-02-09
ord_strat_20100209,FILLED,2010-02-09,,1.0,Standing Order / DCA,GTC,2010-02-10
ord_strat_20100210,FILLED,2010-02-10,,1.0,Standing Order / DCA,GTC,2010-02-11
ord_strat_20100211,FILLED,2010-02-11,,1.0,Standing Order / DCA,GTC,2010-02-12
ord_strat_20100212,FILLED,2010-02-12,,1.0,Standing Order / DCA,GTC,2010-02-16
ord_strat_20100216,FILLED,2010-02-16,,1.0,Standing Order / DCA,GTC,2010-02-17
ord_strat_20100217,FILLED,2010-02-17,,1.0,Standing Order / DCA,GTC,2010-02-18
ord_strat_20100218,FILLED,2010-02-18,,1.0,Standing Order / DCA,GTC,2010-02-19
ord_strat_20100219,FILLED,2010-02-19,,1.0,Standing Order / DCA,GTC,2010-02-22
ord_strat_20100222,FILLED,2010-02-22,,1.0,Standing Order / DCA,GTC,2010-02-23
ord_strat_20100223,FILLED,2010-02-23,,1.0,Standing Order / DCA,GTC,2010-02-24
ord_strat_20100224,FILLED,2010-02-24,,1.0,Standing Order / DCA,GTC,2010-02-25
ord_strat_20100225,FILLED,2010-02-25,,1.0,Standing Order / DCA,GTC,2010-02-26
ord_strat_20100226,FILLED,2010-02-26,,1.0,Standing Order / DCA,GTC,2010-03-01
ord_strat_20100301,FILLED,2010-03-01,,1.0,Standing Order / DCA,GTC,2010-03-02
ord_strat_20100302,FILLED,2010-03-02,,1.0,Standing Order / DCA,GTC,2010-03-03
ord_strat_20100303,FILLED,2010-03-03,,1.0,Standing Order / DCA,GTC,2010-03-04
ord_strat_20100304,FILLED,2010-03-04,,1.0,Standing Order / DCA,GTC,2010-03-05
ord_strat_20100305,FILLED,2010-03-05,,1.0,Standing Order / DCA,GTC,2010-03-08
ord_strat_20100308,FILLED,2010-03-08,,1.0,Standing Order / DCA,GTC,2010-03-09
ord_strat_20100309,FILLED,2010-03-09,,1.0,Standing Order / DCA,GTC,2010-03-10
ord_strat_20100310,FILLED,2010-03-10,,1.0,Standing Order / DCA,GTC,2010-03-11
ord_strat_20100311,FILLED,2010-03-11,,1.0,Standing Order / DCA,GTC,2010-03-12
ord_strat_20100312,FILLED,2010-03-12,,1.0,Standing Order / DCA,GTC,2010-03-15
ord_strat_20100315,FILLED,2010-03-15,,1.0,Standing Order / DCA,GTC,2010-03-16
ord_strat_20100316,FILLED,2010-03-16,,1.0,Standing Order / DCA,GTC,2010-03-17
ord_strat_20100317,FILLED,2010-03-17,,1.0,Standing Order / DCA,GTC,2010-03-18
ord_strat_20100318,FILLED,2010-03-18,,1.0,Standing Order / DCA,GTC,2010-03-19
ord_strat_20100319,FILLED,2010-03-19,,1.0,Standing Order / DCA,GTC,2010-03-22
ord_strat_20100322,FILLED,2010-03-22,,1.0,Standing Order / DCA,GTC,2010-03-23
ord_strat_20100323,FILLED,2010-03-23,,1.0,Standing Order / DCA,GTC,2010-03-24
ord_strat_20100324,FILLED,2010-03-24,,1.0,Standing Order / DCA,GTC,2010-03-25
ord_strat_20100325,FILLED,2010-03-25,,1.0,Standing Order / DCA,GTC,2010-03-26
ord_strat_20100326,FILLED,2010-03-26,,1.0,Standing Order / DCA,GTC,2010-03-29
ord_strat_20100329,FILLED,2010-03-29,,1.0,Standing Order / DCA,GTC,2010-03-30
ord_strat_20100330,FILLED,2010-03-30,,1.0,Standing Order / DCA,GTC,2010-03-31
ord_strat_20100331,FILLED,2010-03-31,,1.0,Standing Order / DCA,GTC,2010-04-01
ord_strat_20100401,FILLED,2010-04-01,,1.0,Standing Order / DCA,GTC,2010-04-05
ord_strat_20100405,FILLED,2010-04-05,,1.0,Standing Order / DCA,GTC,2010-04-06
ord_strat_20100406,FILLED,2010-04-06,,1.0,Standing Order / DCA,GTC,2010-04-07
ord_strat_20100407,FILLED,2010-04-07,,1.0,Standing Order / DCA,GTC,2010-04-08
ord_strat_20100408,FILLED,2010-04-08,,1.0,Standing Order / DCA,GTC,2010-04-09
ord_strat_20100409,FILLED,2010-04-09,,1.0,Standing Order / DCA,GTC,2010-04-12
ord_strat_20100412,FILLED,2010-04-12,,1.0,Standing Order / DCA,GTC,2010-04-13
ord_strat_20100413,FILLED,2010-04-13,,1.0,Standing Order / DCA,GTC,2010-04-14
ord_strat_20100414,FILLED,2010-04-14,,1.0,Standing Order / DCA,GTC,2010-04-15
ord_strat_20100415,FILLED,2010-04-15,,1.0,Standing Order / DCA,GTC,2010-04-16
ord_strat_20100416,FILLED,2010-04-16,,1.0,Standing Order / DCA,GTC,2010-04-19
ord_strat_20100419,FILLED,2010-04-19,,1.0,Standing Order / DCA,GTC,2010-04-20
ord_strat_20100420,FILLED,2010-04-20,,1.0,Standing Order / DCA,GTC,2010-04-21
ord_strat_20100421,FILLED,2010-04-21,,1.0,Standing Order / DCA,GTC,2010-04-22
ord_strat_20100422,FILLED,2010-04-22,,1.0,Standing Order / DCA,GTC,2010-04-23
ord_strat_20100423,FILLED,2010-04-23,,1.0,Standing Order / DCA,GTC,2010-04-26
ord_strat_20100426,FILLED,2010-04-26,,1.0,Standing Order / DCA,GTC,2010-04-27
ord_strat_20100427,FILLED,2010-04-27,,1.0,Standing Order / DCA,GTC,2010-04-28
ord_strat_20100428,FILLED,2010-04-28,,1.0,Standing Order / DCA,GTC,2010-04-29
ord_strat_20100429,FILLED,2010-04-29,,1.0,Standing Order / DCA,GTC,2010-04-30
ord_strat_20100430,FILLED,2010-04-30,,1.0,Standing Order / DCA,GTC,2010-05-03
ord_strat_20100503,FILLED,2010-05-03,,1.0,Standing Order / DCA,GTC,2010-05-04
ord_strat_20100504,FILLED,2010-05-04,,1.0,Standing Order / DCA,GTC,2010-05-05
ord_strat_20100505,FILLED,2010-05-05,,1.0,Standing Order / DCA,GTC,2010-05-06
ord_strat_20100506,FILLED,2010-05-06,,1.0,Standing Order / DCA,GTC,2010-05-07
ord_strat_20100507,FILLED,2010-05-07,,1.0,Standing Order / DCA,GTC,2010-05-10
ord_strat_20100510,FILLED,2010-05-10,,1.0,Standing Order / DCA,GTC,2010-05-11
ord_strat_20100511,FILLED,2010-05-11,,1.0,Standing Order / DCA,GTC,2010-05-12
ord_strat_20100512,FILLED,2010-05-12,,1.0,Standing Order / DCA,GTC,2010-05-13
ord_strat_20100513,FILLED,2010-05-13,,1.0,Standing Order / DCA,GTC,2010-05-14
ord_strat_20100514,FILLED,2010-05-14,,1.0,Standing Order / DCA,GTC,2010-05-17
ord_strat_20100517,FILLED,2010-05-17,,1.0,Standing Order / DCA,GTC,2010-05-18
ord_strat_20100518,FILLED,2010-05-18,,1.0,Standing Order / DCA,GTC,2010-05-19
ord_strat_20100519,FILLED,2010-05-19,,1.0,Standing Order / DCA,GTC,2010-05-20
ord_strat_20100520,FILLED,2010-05-20,,1.0,Standing Order / DCA,GTC,2010-05-21
ord_strat_20100521,FILLED,2010-05-21,,1.0,Standing Order / DCA,GTC,2010-05-24
ord_strat_20100524,FILLED,2010-05-24,,1.0,Standing Order / DCA,GTC,2010-05-25
ord_strat_20100525,FILLED,2010-05-25,,1.0,Standing Order / DCA,GTC,2010-05-26
ord_strat_20100526,FILLED,2010-05-26,,1.0,Standing Order / DCA,GTC,2010-05-27
ord_strat_20100527,FILLED,2010-05-27,,1.0,Standing Order / DCA,GTC,2010-05-28
ord_strat_20100528,FILLED,2010-05-28,,1.0,Standing Order / DCA,GTC,2010-06-01
ord_strat_20100601,FILLED,2010-06-01,,1.0,Standing Order / DCA,GTC,2010-06-02
ord_strat_20100602,FILLED,2010-06-02,,1.0,Standing Order / DCA,GTC,2010-06-03
ord_strat_20100603,FILLED,2010-06-03,,1.0,Standing Order / DCA,GTC,2010-06-04
ord_strat_20100604,FILLED,2010-06-04,,1.0,Standing Order / DCA,GTC,2010-06-07
ord_strat_20100607,FILLED,2010-06-07,,1.0,Standing Order / DCA,GTC,2010-06-08
ord_strat_20100608,FILLED,2010-06-08,,1.0,Standing Order / DCA,GTC,2010-06-09
ord_strat_20100609,FILLED,2010-06-09,,1.0,Standing Order / DCA,GTC,2010-06-10
ord_strat_20100610,FILLED,2010-06-10,,1.0,Standing Order / DCA,GTC,2010-06-11
ord_strat_20100611,FILLED,2010-06-11,,1.0,Standing Order / DCA,GTC,2010-06-14
ord_strat_20100614,FILLED,2010-06-14,,1.0,Standing Order / DCA,GTC,2010-06-15
ord_strat_20100615,FILLED,2010-06-15,,1.0,Standing Order / DCA,GTC,2010-06-16
ord_strat_20100616,FILLED,2010-06-16,,1.0,Standing Order / DCA,GTC,2010-06-17
ord_strat_20100617,FILLED,2010-06-17,,1.0,Standing Order / DCA,GTC,2010-06-18
ord_strat_20100618,FILLED,2010-06-18,,1.0,Standing Order / DCA,GTC,2010-06-21
ord_strat_20100621,FILLED,2010-06-21,,1.0,Standing Order / DCA,GTC,2010-06-22
ord_strat_20100622,FILLED,2010-06-22,,1.0,Standing Order / DCA,GTC,2010-06-23
ord_strat_20100623,FILLED,2010-06-23,,1.0,Standing Order / DCA,GTC,2010-06-24
ord_strat_20100624,FILLED,2010-06-24,,1.0,Standing Order / DCA,GTC,2010-06-25
ord_strat_20100625,FILLED,2010-06-25,,1.0,Standing Order / DCA,GTC,2010-06-28
ord_strat_20100628,FILLED,2010-06-28,,1.0,Standing Order / DCA,GTC,2010-06-29
ord_strat_20100629,FILLED,2010-06-29,,1.0,Standing Order / DCA,GTC,2010-06-30
ord_strat_20100630,FILLED,2010-06-30,,1.0,Standing Order / DCA,GTC,2010-07-01
ord_strat_20100701,FILLED,2010-07-01,,1.0,Standing Order / DCA,GTC,2010-07-02
ord_strat_20100702,FILLED,2010-07-02,,1.0,Standing Order / DCA,GTC,2010-07-06
ord_strat_20100706,FILLED,2010-07-06,,1.0,Standing Order / DCA,GTC,2010-07-07
ord_strat_20100707,FILLED,2010-07-07,,1.0,Standing Order / DCA,GTC,2010-07-08
ord_strat_20100708,FILLED,2010-07-08,,1.0,Standing Order / DCA,GTC,2010-07-09
ord_strat_20100709,FILLED,2010-07-09,,1.0,Standing Order / DCA,GTC,2010-07-12
ord_strat_20100712,FILLED,2010-07-12,,1.0,Standing Order / DCA,GTC,2010-07-13
ord_strat_20100713,FILLED,2010-07-13,,1.0,Standing Order / DCA,GTC,2010-07-14
ord_strat_20100714,FILLED,2010-07-14,,1.0,Standing Order / DCA,GTC,2010-07-15
ord_strat_20100715,FILLED,2010-07-15,,1.0,Standing Order / DCA,GTC,2010-07-16
ord_strat_20100716,FILLED,2010-07-16,,1.0,Standing Order / DCA,GTC,2010-07-19
ord_strat_20100719,FILLED,2010-07-19,,1.0,Standing Order / DCA,GTC,2010-07-20
ord_strat_20100720,FILLED,2010-07-20,,1.0,Standing Order / DCA,GTC,2010-07-21
ord_strat_20100721,FILLED,2010-07-21,,1.0,Standing Order / DCA,GTC,2010-07-22
ord_strat_20100722,FILLED,2010-07-22,,1.0,Standing Order / DCA,GTC,2010-07-23
ord_strat_20100723,FILLED,2010-07-23,,1.0,Standing Order / DCA,GTC,2010-07-26
ord_strat_20100726,FILLED,2010-07-26,,1.0,Standing Order / DCA,GTC,2010-07-27
ord_strat_20100727,FILLED,2010-07-27,,1.0,Standing Order / DCA,GTC,2010-07-28
ord_strat_20100728,FILLED,2010-07-28,,1.0,Standing Order / DCA,GTC,2010-07-29
ord_strat_20100729,FILLED,2010-07-29,,1.0,Standing Order / DCA,GTC,2010-07-30
ord_strat_20100730,FILLED,2010-07-30,,1.0,Standing Order / DCA,GTC,2010-08-02
ord_strat_20100802,FILLED,2010-08-02,,1.0,Standing Order / DCA,GTC,2010-08-03
ord_strat_20100803,FILLED,2010-08-03,,1.0,Standing Order / DCA,GTC,2010-08-04
ord_strat_20100804,FILLED,2010-08-04,,1.0,Standing Order / DCA,GTC,2010-08-05
ord_strat_20100805,FILLED,2010-08-05,,1.0,Standing Order / DCA,GTC,2010-08-06
ord_strat_20100806,FILLED,2010-08-06,,1.0,Standing Order / DCA,GTC,2010-08-09
ord_strat_20100809,FILLED,2010-08-09,,1.0,Standing Order / DCA,GTC,2010-08-10
ord_strat_20100810,FILLED,2010-08-10,,1.0,Standing Order / DCA,GTC,2010-08-11
ord_strat_20100811,FILLED,2010-08-11,,1.0,Standing Order / DCA,GTC,2010-08-12
ord_strat_20100812,FILLED,2010-08-12,,1.0,Standing Order / DCA,GTC,2010-08-13
ord_strat_20100813,FILLED,2010-08-13,,1.0,Standing Order / DCA,GTC,2010-08-16
ord_strat_20100816,FILLED,2010-08-16,,1.0,Standing Order / DCA,GTC,2010-08-17
ord_strat_20100817,FILLED,2010-08-17,,1.0,Standing Order / DCA,GTC,2010-08-18
ord_strat_20100818,FILLED,2010-08-18,,1.0,Standing Order / DCA,GTC,2010-08-19
ord_strat_20100819,FILLED,2010-08-19,,1.0,Standing Order / DCA,GTC,2010-08-20
ord_strat_20100820,FILLED,2010-08-20,,1.0,Standing Order / DCA,GTC,2010-08-23
ord_strat_20100823,FILLED,2010-08-23,,1.0,Standing Order / DCA,GTC,2010-08-24
ord_strat_20100824,FILLED,2010-08-24,,1.0,Standing Order / DCA,GTC,2010-08-25
ord_strat_20100825,FILLED,2010-08-25,,1.0,Standing Order / DCA,GTC,2010-08-26
ord_strat_20100826,FILLED,2010-08-26,,1.0,Standing Order / DCA,GTC,2010-08-27
ord_strat_20100827,FILLED,2010-08-27,,1.0,Standing Order / DCA,GTC,2010-08-30
ord_strat_20100830,FILLED,2010-08-30,,1.0,Standing Order / DCA,GTC,2010-08-31
ord_strat_20100831,FILLED,2010-08-31,,1.0,Standing Order / DCA,GTC,2010-09-01
ord_strat_20100901,FILLED,2010-09-01,,1.0,Standing Order / DCA,GTC,2010-09-02
ord_strat_20100902,FILLED,2010-09-02,,1.0,Standing Order / DCA,GTC,2010-09-03
ord_strat_20100903,FILLED,2010-09-03,,1.0,Standing Order / DCA,GTC,2010-09-07
ord_strat_20100907,FILLED,2010-09-07,,1.0,Standing Order / DCA,GTC,2010-09-08
ord_strat_20100908,FILLED,2010-09-08,,1.0,Standing Order / DCA,GTC,2010-09-09
ord_strat_20100909,FILLED,2010-09-09,,1.0,Standing Order / DCA,GTC,2010-09-10
ord_strat_20100910,FILLED,2010-09-10,,1.0,Standing Order / DCA,GTC,2010-09-13
ord_strat_20100913,FILLED,2010-09-13,,1.0,Standing Order / DCA,GTC,2010-09-14
ord_strat_20100914,FILLED,2010-09-14,,1.0,Standing Order / DCA,GTC,2010-09-15
ord_strat_20100915,FILLED,2010-09-15,,1.0,Standing Order / DCA,GTC,2010-09-16
ord_strat_20100916,FILLED,2010-09-16,,1.0,Standing Order / DCA,GTC,2010-09-17
ord_strat_20100917,FILLED,2010-09-17,,1.0,Standing Order / DCA,GTC,2010-09-20
ord_strat_20100920,FILLED,2010-09-20,,1.0,Standing Order / DCA,GTC,2010-09-21
ord_strat_20100921,FILLED,2010-09-21,,1.0,Standing Order / DCA,GTC,2010-09-22
ord_strat_20100922,FILLED,2010-09-22,,1.0,Standing Order / DCA,GTC,2010-09-23
ord_strat_20100923,FILLED,2010-09-23,,1.0,Standing Order / DCA,GTC,2010-09-24
ord_strat_20100924,FILLED,2010-09-24,,1.0,Standing Order / DCA,GTC,2010-09-27
ord_strat_20100927,FILLED,2010-09-27,,1.0,Standing Order / DCA,GTC,2010-09-28
ord_strat_20100928,FILLED,2010-09-28,,1.0,Standing Order / DCA,GTC,2010-09-29
ord_strat_20100929,FILLED,2010-09-29,,1.0,Standing Order / DCA,GTC,2010-09-30
ord_strat_20100930,FILLED,2010-09-30,,1.0,Standing Order / DCA,GTC,2010-10-01
ord_strat_20101001,FILLED,2010-10-01,,1.0,Standing Order / DCA,GTC,2010-10-04
ord_strat_20101004,FILLED,2010-10-04,,1.0,Standing Order / DCA,GTC,2010-10-05
ord_strat_20101005,FILLED,2010-10-05,,1.0,Standing Order / DCA,GTC,2010-10-06
ord_strat_20101006,FILLED,2010-10-06,,1.0,Standing Order / DCA,GTC,2010-10-07
ord_strat_20101007,FILLED,2010-10-07,,1.0,Standing Order / DCA,GTC,2010-10-08
ord_strat_20101008,FILLED,2010-10-08,,1.0,Standing Order / DCA,GTC,2010-10-11
ord_strat_20101011,FILLED,2010-10-11,,1.0,Standing Order / DCA,GTC,2010-10-12
ord_strat_20101012,FILLED,2010-10-12,,1.0,Standing Order / DCA,GTC,2010-10-13
ord_strat_20101013,FILLED,2010-10-13,,1.0,Standing Order / DCA,GTC,2010-10-14
ord_strat_20101014,FILLED,2010-10-14,,1.0,Standing Order / DCA,GTC,2010-10-15
ord_strat_20101015,FILLED,2010-10-15,,1.0,Standing Order / DCA,GTC,2010-10-18
ord_strat_20101018,FILLED,2010-10-18,,1.0,Standing Order / DCA,GTC,2010-10-19
ord_strat_20101019,FILLED,2010-10-19,,1.0,Standing Order / DCA,GTC,2010-10-20
ord_strat_20101020,FILLED,2010-10-20,,1.0,Standing Order / DCA,GTC,2010-10-21
ord_strat_20101021,FILLED,2010-10-21,,1.0,Standing Order / DCA,GTC,2010-10-22
ord_strat_20101022,FILLED,2010-10-22,,1.0,Standing Order / DCA,GTC,2010-10-25
ord_strat_20101025,FILLED,2010-10-25,,1.0,Standing Order / DCA,GTC,2010-10-26
ord_strat_20101026,FILLED,2010-10-26,,1.0,Standing Order / DCA,GTC,2010-10-27
ord_strat_20101027,FILLED,2010-10-27,,1.0,Standing Order / DCA,GTC,2010-10-28
ord_strat_20101028,FILLED,2010-10-28,,1.0,Standing Order / DCA,GTC,2010-10-29
ord_strat_20101029,FILLED,2010-10-29,,1.0,Standing Order / DCA,GTC,2010-11-01
ord_strat_20101101,FILLED,2010-11-01,,1.0,Standing Order / DCA,GTC,2010-11-02
ord_strat_20101102,FILLED,2010-11-02,,1.0,Standing Order / DCA,GTC,2010-11-03
ord_strat_20101103,FILLED,2010-11-03,,1.0,Standing Order / DCA,GTC,2010-11-04
ord_strat_20101104,FILLED,2010-11-04,,1.0,Standing Order / DCA,GTC,2010-11-05
ord_strat_20101105,FILLED,2010-11-05,,1.0,Standing Order / DCA,GTC,2010-11-08
ord_strat_20101108,FILLED,2010-11-08,,1.0,Standing Order / DCA,GTC,2010-11-09
ord_strat_20101109,FILLED,2010-11-09,,1.0,Standing Order / DCA,GTC,2010-11-10
ord_strat_20101110,FILLED,2010-11-10,,1.0,Standing Order / DCA,GTC,2010-11-11
ord_strat_20101111,FILLED,2010-11-11,,1.0,Standing Order / DCA,GTC,2010-11-12
ord_strat_20101112,FILLED,2010-11-12,,1.0,Standing Order / DCA,GTC,2010-11-15
ord_strat_20101115,FILLED,2010-11-15,,1.0,Standing Order / DCA,GTC,2010-11-16
ord_strat_20101116,FILLED,2010-11-16,,1.0,Standing Order / DCA,GTC,2010-11-17
ord_strat_20101117,FILLED,2010-11-17,,1.0,Standing Order / DCA,GTC,2010-11-18
ord_strat_20101118,FILLED,2010-11-18,,1.0,Standing Order / DCA,GTC,2010-11-19
ord_strat_20101119,FILLED,2010-11-19,,1.0,Standing Order / DCA,GTC,2010-11-22
ord_strat_20101122,FILLED,2010-11-22,,1.0,Standing Order / DCA,GTC,2010-11-23
ord_strat_20101123,FILLED,2010-11-23,,1.0,Standing Order / DCA,GTC,2010-11-24
ord_strat_20101124,FILLED,2010-11-24,,1.0,Standing Order / DCA,GTC,2010-11-26
ord_strat_20101126,FILLED,2010-11-26,,1.0,Standing Order / DCA,GTC,2010-11-29
ord_strat_20101129,FILLED,2010-11-29,,1.0,Standing Order / DCA,GTC,2010-11-30
ord_strat_20101130,FILLED,2010-11-30,,1.0,Standing Order / DCA,GTC,2010-12-01
ord_strat_20101201,FILLED,2010-12-01,,1.0,Standing Order / DCA,GTC,2010-12-02
ord_strat_20101202,FILLED,2010-12-02,,1.0,Standing Order / DCA,GTC,2010-12-03
ord_strat_20101203,FILLED,2010-12-03,,1.0,Standing Order / DCA,GTC,2010-12-06
ord_strat_20101206,FILLED,2010-12-06,,1.0,Standing Order / DCA,GTC,2010-12-07
ord_strat_20101207,FILLED,2010-12-07,,1.0,Standing Order / DCA,GTC,2010-12-08
ord_strat_20101208,FILLED,2010-12-08,,1.0,Standing Order / DCA,GTC,2010-12-09
ord_strat_20101209,FILLED,2010-12-09,,1.0,Standing Order / DCA,GTC,2010-12-10
ord_strat_20101210,FILLED,2010-12-10,,1.0,Standing Order / DCA,GTC,2010-12-13
ord_strat_20101213,FILLED,2010-12-13,,1.0,Standing Order / DCA,GTC,2010-12-14
ord_strat_20101214,FILLED,2010-12-14,,1.0,Standing Order / DCA,GTC,2010-12-15
ord_strat_20101215,FILLED,2010-12-15,,1.0,Standing Order / DCA,GTC,2010-12-16
ord_strat_20101216,FILLED,2010-12-16,,1.0,Standing Order / DCA,GTC,2010-12-17
ord_strat_20101217,FILLED,2010-12-17,,1.0,Standing Order / DCA,GTC,2010-12-20
ord_strat_20101220,FILLED,2010-12-20,,1.0,Standing Order / DCA,GTC,2010-12-21
ord_strat_20101221,FILLED,2010-12-21,,1.0,Standing Order / DCA,GTC,2010-12-22
ord_strat_20101222,FILLED,2010-12-22,,1.0,Standing Order / DCA,GTC,2010-12-23
ord_strat_20101223,FILLED,2010-12-23,,1.0,Standing Order / DCA,GTC,2010-12-27
ord_strat_20101227,FILLED,2010-12-27,,1.0,Standing Order / DCA,GTC,2010-12-28
ord_strat_20101228,FILLED,2010-12-28,,1.0,Standing Order / DCA,GTC,2010-12-29
ord_strat_20101229,FILLED,2010-12-29,,1.0,Standing Order / DCA,GTC,2010-12-30
ord_strat_20101230,FILLED,2010-12-30,,1.0,Standing Order / DCA,GTC,2010-12-31
ord_strat_20101231,FILLED,2010-12-31,,1.0,Standing Order / DCA,GTC,2011-01-03
ord_strat_20110103,FILLED,2011-01-03,,1.0,Standing Order / DCA,GTC,2011-01-04
ord_strat_20110104,FILLED,2011-01-04,,1.0,Standing Order / DCA,GTC,2011-01-05
ord_strat_20110105,FILLED,2011-01-05,,1.0,Standing Order / DCA,GTC,2011-01-06
ord_strat_20110106,FILLED,2011-01-06,,1.0,Standing Order / DCA,GTC,2011-01-07
ord_strat_20110107,FILLED,2011-01-07,,1.0,Standing Order / DCA,GTC,2011-01-10
ord_strat_20110110,FILLED,2011-01-10,,1.0,Standing Order / DCA,GTC,2011-01-11
ord_strat_20110111,FILLED,2011-01-11,,1.0,Standing Order / DCA,GTC,2011-01-12
ord_strat_20110112,FILLED,2011-01-12,,1.0,Standing Order / DCA,GTC,2011-01-13
ord_strat_20110113,FILLED,2011-01-13,,1.0,Standing Order / DCA,GTC,2011-01-14
ord_strat_20110114,FILLED,2011-01-14,,1.0,Standing Order / DCA,GTC,2011-01-18
ord_strat_20110118,FILLED,2011-01-18,,1.0,Standing Order / DCA,GTC,2011-01-19
ord_strat_20110119,FILLED,2011-01-19,,1.0,Standing Order / DCA,GTC,2011-01-20
ord_strat_20110120,FILLED,2011-01-20,,1.0,Standing Order / DCA,GTC,2011-01-21
ord_strat_20110121,FILLED,2011-01-21,,1.0,Standing Order / DCA,GTC,2011-01-24
ord_strat_20110124,FILLED,2011-01-24,,1.0,Standing Order / DCA,GTC,2011-01-25
ord_strat_20110125,FILLED,2011-01-25,,1.0,Standing Order / DCA,GTC,2011-01-26
ord_strat_20110126,FILLED,2011-01-26,,1.0,Standing Order / DCA,GTC,2011-01-27
ord_strat_20110127,FILLED,2011-01-27,,1.0,Standing Order / DCA,GTC,2011-01-28
ord_strat_20110128,FILLED,2011-01-28,,1.0,Standing Order / DCA,GTC,2011-01-31
ord_strat_20110131,FILLED,2011-01-31,,1.0,Standing Order / DCA,GTC,2011-02-01
ord_strat_20110201,FILLED,2011-02-01,,1.0,Standing Order / DCA,GTC,2011-02-02
ord_strat_20110202,FILLED,2011-02-02,,1.0,Standing Order / DCA,GTC,2011-02-03
ord_strat_20110203,FILLED,2011-02-03,,1.0,Standing Order / DCA,GTC,2011-02-04
ord_strat_20110204,FILLED,2011-02-04,,1.0,Standing Order / DCA,GTC,2011-02-07
ord_strat_20110207,FILLED,2011-02-07,,1.0,Standing Order / DCA,GTC,2011-02-08
ord_strat_20110208,FILLED,2011-02-08,,1.0,Standing Order / DCA,GTC,2011-02-09
ord_strat_20110209,FILLED,2011-02-09,,1.0,Standing Order / DCA,GTC,2011-02-10
ord_strat_20110210,FILLED,2011-02-10,,1.0,Standing Order / DCA,GTC,2011-02-11
ord_strat_20110211,FILLED,2011-02-11,,1.0,Standing Order / DCA,GTC,2011-02-14
ord_strat_20110214,FILLED,2011-02-14,,1.0,Standing Order / DCA,GTC,2011-02-15
ord_strat_20110215,FILLED,2011-02-15,,1.0,Standing Order / DCA,GTC,2011-02-16
ord_strat_20110216,FILLED,2011-02-16,,1.0,Standing Order / DCA,GTC,2011-02-17
ord_strat_20110217,FILLED,2011-02-17,,1.0,Standing Order / DCA,GTC,2011-02-18
ord_strat_20110218,FILLED,2011-02-18,,1.0,Standing Order / DCA,GTC,2011-02-22
ord_strat_20110222,FILLED,2011-02-22,,1.0,Standing Order / DCA,GTC,2011-02-23
ord_strat_20110223,FILLED,2011-02-23,,1.0,Standing Order / DCA,GTC,2011-02-24
ord_strat_20110224,FILLED,2011-02-24,,1.0,Standing Order / DCA,GTC,2011-02-25
ord_strat_20110225,FILLED,2011-02-25,,1.0,Standing Order / DCA,GTC,2011-02-28
ord_strat_20110228,FILLED,2011-02-28,,1.0,Standing Order / DCA,GTC,2011-03-01
ord_strat_20110301,FILLED,2011-03-01,,1.0,Standing Order / DCA,GTC,2011-03-02
ord_strat_20110302,FILLED,2011-03-02,,1.0,Standing Order / DCA,GTC,2011-03-03
ord_strat_20110303,FILLED,2011-03-03,,1.0,Standing Order / DCA,GTC,2011-03-04
ord_strat_20110304,FILLED,2011-03-04,,1.0,Standing Order / DCA,GTC,2011-03-07
ord_strat_20110307,FILLED,2011-03-07,,1.0,Standing Order / DCA,GTC,2011-03-08
ord_strat_20110308,FILLED,2011-03-08,,1.0,Standing Order / DCA,GTC,2011-03-09
ord_strat_20110309,FILLED,2011-03-09,,1.0,Standing Order / DCA,GTC,2011-03-10
ord_strat_20110310,FILLED,2011-03-10,,1.0,Standing Order / DCA,GTC,2011-03-11
ord_strat_20110311,FILLED,2011-03-11,,1.0,Standing Order / DCA,GTC,2011-03-14
ord_strat_20110314,FILLED,2011-03-14,,1.0,Standing Order / DCA,GTC,2011-03-15
ord_strat_20110315,FILLED,2011-03-15,,1.0,Standing Order / DCA,GTC,2011-03-16
ord_strat_20110316,FILLED,2011-03-16,,1.0,Standing Order / DCA,GTC,2011-03-17
ord_strat_20110317,FILLED,2011-03-17,,1.0,Standing Order / DCA,GTC,2011-03-18
ord_strat_20110318,FILLED,2011-03-18,,1.0,Standing Order / DCA,GTC,2011-03-21
ord_strat_20110321,FILLED,2011-03-21,,1.0,Standing Order / DCA,GTC,2011-03-22
ord_strat_20110322,FILLED,2011-03-22,,1.0,Standing Order / DCA,GTC,2011-03-23
ord_strat_20110323,FILLED,2011-03-23,,1.0,Standing Order / DCA,GTC,2011-03-24
ord_strat_20110324,FILLED,2011-03-24,,1.0,Standing Order / DCA,GTC,2011-03-25
ord_strat_20110325,FILLED,2011-03-25,,1.0,Standing Order / DCA,GTC,2011-03-28
ord_strat_20110328,FILLED,2011-03-28,,1.0,Standing Order / DCA,GTC,2011-03-29
ord_strat_20110329,FILLED,2011-03-29,,1.0,Standing Order / DCA,GTC,2011-03-30
ord_strat_20110330,FILLED,2011-03-30,,1.0,Standing Order / DCA,GTC,2011-03-31
ord_strat_20110331,FILLED,2011-03-31,,1.0,Standing Order / DCA,GTC,2011-04-01
ord_strat_20110401,FILLED,2011-04-01,,1.0,Standing Order / DCA,GTC,2011-04-04
ord_strat_20110404,FILLED,2011-04-04,,1.0,Standing Order / DCA,GTC,2011-04-05
ord_strat_20110405,FILLED,2011-04-05,,1.0,Standing Order / DCA,GTC,2011-04-06
ord_strat_20110406,FILLED,2011-04-06,,1.0,Standing Order / DCA,GTC,2011-04-07
ord_strat_20110407,FILLED,2011-04-07,,1.0,Standing Order / DCA,GTC,2011-04-08
ord_strat_20110408,FILLED,2011-04-08,,1.0,Standing Order / DCA,GTC,2011-04-11
ord_strat_20110411,FILLED,2011-04-11,,1.0,Standing Order / DCA,GTC,2011-04-12
ord_strat_20110412,FILLED,2011-04-12,,1.0,Standing Order / DCA,GTC,2011-04-13
ord_strat_20110413,FILLED,2011-04-13,,1.0,Standing Order / DCA,GTC,2011-04-14
ord_strat_20110414,FILLED,2011-04-14,,1.0,Standing Order / DCA,GTC,2011-04-15
ord_strat_20110415,FILLED,2011-04-15,,1.0,Standing Order / DCA,GTC,2011-04-18
ord_strat_20110418,FILLED,2011-04-18,,1.0,Standing Order / DCA,GTC,2011-04-19
ord_strat_20110419,FILLED,2011-04-19,,1.0,Standing Order / DCA,GTC,2011-04-20
ord_strat_20110420,FILLED,2011-04-20,,1.0,Standing Order / DCA,GTC,2011-04-21
ord_strat_20110421,FILLED,2011-04-21,,1.0,Standing Order / DCA,GTC,2011-04-25
ord_strat_20110425,FILLED,2011-04-25,,1.0,Standing Order / DCA,GTC,2011-04-26
ord_strat_20110426,FILLED,2011-04-26,,1.0,Standing Order / DCA,GTC,2011-04-27
ord_strat_20110427,FILLED,2011-04-27,,1.0,Standing Order / DCA,GTC,2011-04-28
ord_strat_20110428,FILLED,2011-04-28,,1.0,Standing Order / DCA,GTC,2011-04-29
ord_strat_20110429,FILLED,2011-04-29,,1.0,Standing Order / DCA,GTC,2011-05-02
ord_strat_20110502,FILLED,2011-05-02,,1.0,Standing Order / DCA,GTC,2011-05-03
ord_strat_20110503,FILLED,2011-05-03,,1.0,Standing Order / DCA,GTC,2011-05-04
ord_strat_20110504,FILLED,2011-05-04,,1.0,Standing Order / DCA,GTC,2011-05-05
ord_strat_20110505,FILLED,2011-05-05,,1.0,Standing Order / DCA,GTC,2011-05-06
ord_strat_20110506,FILLED,2011-05-06,,1.0,Standing Order / DCA,GTC,2011-05-09
ord_strat_20110509,FILLED,2011-05-09,,1.0,Standing Order / DCA,GTC,2011-05-10
ord_strat_20110510,FILLED,2011-05-10,,1.0,Standing Order / DCA,GTC,2011-05-11
ord_strat_20110511,FILLED,2011-05-11,,1.0,Standing Order / DCA,GTC,2011-05-12
ord_strat_20110512,FILLED,2011-05-12,,1.0,Standing Order / DCA,GTC,2011-05-13
ord_strat_20110513,FILLED,2011-05-13,,1.0,Standing Order / DCA,GTC,2011-05-16
ord_strat_20110516,FILLED,2011-05-16,,1.0,Standing Order / DCA,GTC,2011-05-17
ord_strat_20110517,FILLED,2011-05-17,,1.0,Standing Order / DCA,GTC,2011-05-18
ord_strat_20110518,FILLED,2011-05-18,,1.0,Standing Order / DCA,GTC,2011-05-19
ord_strat_20110519,FILLED,2011-05-19,,1.0,Standing Order / DCA,GTC,2011-05-20
ord_strat_20110520,FILLED,2011-05-20,,1.0,Standing Order / DCA,GTC,2011-05-23
ord_strat_20110523,FILLED,2011-05-23,,1.0,Standing Order / DCA,GTC,2011-05-24
ord_strat_20110524,FILLED,2011-05-24,,1.0,Standing Order / DCA,GTC,2011-05-25
ord_strat_20110525,FILLED,2011-05-25,,1.0,Standing Order / DCA,GTC,2011-05-26
ord_strat_20110526,FILLED,2011-05-26,,1.0,Standing Order / DCA,GTC,2011-05-27
ord_strat_20110527,FILLED,2011-05-27,,1.0,Standing Order / DCA,GTC,2011-05-31
ord_strat_20110531,FILLED,2011-05-31,,1.0,Standing Order / DCA,GTC,2011-06-01
ord_strat_20110601,FILLED,2011-06-01,,1.0,Standing Order / DCA,GTC,2011-06-02
ord_strat_20110602,FILLED,2011-06-02,,1.0,Standing Order / DCA,GTC,2011-06-03
ord_strat_20110603,FILLED,2011-06-03,,1.0,Standing Order / DCA,GTC,2011-06-06
ord_strat_20110606,FILLED,2011-06-06,,1.0,Standing Order / DCA,GTC,2011-06-07
ord_strat_20110607,FILLED,2011-06-07,,1.0,Standing Order / DCA,GTC,2011-06-08
ord_strat_20110608,FILLED,2011-06-08,,1.0,Standing Order / DCA,GTC,2011-06-09
ord_strat_20110609,FILLED,2011-06-09,,1.0,Standing Order / DCA,GTC,2011-06-10
ord_strat_20110610,FILLED,2011-06-10,,1.0,Standing Order / DCA,GTC,2011-06-13
ord_strat_20110613,FILLED,2011-06-13,,1.0,Standing Order / DCA,GTC,2011-06-14
ord_strat_20110614,FILLED,2011-06-14,,1.0,Standing Order / DCA,GTC,2011-06-15
ord_strat_20110615,FILLED,2011-06-15,,1.0,Standing Order / DCA,GTC,2011-06-16
ord_strat_20110616,FILLED,2011-06-16,,1.0,Standing Order / DCA,GTC,2011-06-17
ord_strat_20110617,FILLED,2011-06-17,,1.0,Standing Order / DCA,GTC,2011-06-20
ord_strat_20110620,FILLED,2011-06-20,,1.0,Standing Order / DCA,GTC,2011-06-21
ord_strat_20110621,FILLED,2011-06-21,,1.0,Standing Order / DCA,GTC,2011-06-22
ord_strat_20110622,FILLED,2011-06-22,,1.0,Standing Order / DCA,GTC,2011-06-23
ord_strat_20110623,FILLED,2011-06-23,,1.0,Standing Order / DCA,GTC,2011-06-24
ord_strat_20110624,FILLED,2011-06-24,,1.0,Standing Order / DCA,GTC,2011-06-27
ord_strat_20110627,FILLED,2011-06-27,,1.0,Standing Order / DCA,GTC,2011-06-28
ord_strat_20110628,FILLED,2011-06-28,,1.0,Standing Order / DCA,GTC,2011-06-29
ord_strat_20110629,FILLED,2011-06-29,,1.0,Standing Order / DCA,GTC,2011-06-30
ord_strat_20110630,FILLED,2011-06-30,,1.0,Standing Order / DCA,GTC,2011-07-01
ord_strat_20110701,FILLED,2011-07-01,,1.0,Standing Order / DCA,GTC,2011-07-05
ord_strat_20110705,FILLED,2011-07-05,,1.0,Standing Order / DCA,GTC,2011-07-06
ord_strat_20110706,FILLED,2011-07-06,,1.0,Standing Order / DCA,GTC,2011-07-07
ord_strat_20110707,FILLED,2011-07-07,,1.0,Standing Order / DCA,GTC,2011-07-08
ord_strat_20110708,FILLED,2011-07-08,,1.0,Standing Order / DCA,GTC,2011-07-11
ord_strat_20110711,FILLED,2011-07-11,,1.0,Standing Order / DCA,GTC,2011-07-12
ord_strat_20110712,FILLED,2011-07-12,,1.0,Standing Order / DCA,GTC,2011-07-13
ord_strat_20110713,FILLED,2011-07-13,,1.0,Standing Order / DCA,GTC,2011-07-14
ord_strat_20110714,FILLED,2011-07-14,,1.0,Standing Order / DCA,GTC,2011-07-15
ord_strat_20110715,FILLED,2011-07-15,,1.0,Standing Order / DCA,GTC,2011-07-18
ord_strat_20110718,FILLED,2011-07-18,,1.0,Standing Order / DCA,GTC,2011-07-19
ord_strat_20110719,FILLED,2011-07-19,,1.0,Standing Order / DCA,GTC,2011-07-20
ord_strat_20110720,FILLED,2011-07-20,,1.0,Standing Order / DCA,GTC,2011-07-21
ord_strat_20110721,FILLED,2011-07-21,,1.0,Standing Order / DCA,GTC,2011-07-22
ord_strat_20110722,FILLED,2011-07-22,,1.0,Standing Order / DCA,GTC,2011-07-25
ord_strat_20110725,FILLED,2011-07-25,,1.0,Standing Order / DCA,GTC,2011-07-26
ord_strat_20110726,FILLED,2011-07-26,,1.0,Standing Order / DCA,GTC,2011-07-27
ord_strat_20110727,FILLED,2011-07-27,,1.0,Standing Order / DCA,GTC,2011-07-28
ord_strat_20110728,FILLED,2011-07-28,,1.0,Standing Order / DCA,GTC,2011-07-29
ord_strat_20110729,FILLED,2011-07-29,,1.0,Standing Order / DCA,GTC,2011-08-01
ord_strat_20110801,FILLED,2011-08-01,,1.0,Standing Order / DCA,GTC,2011-08-02
ord_strat_20110802,FILLED,2011-08-02,,1.0,Standing Order / DCA,GTC,2011-08-03
ord_strat_20110803,FILLED,2011-08-03,,1.0,Standing Order / DCA,GTC,2011-08-04
ord_strat_20110804,FILLED,2011-08-04,,1.0,Standing Order / DCA,GTC,2011-08-05
ord_strat_20110805,FILLED,2011-08-05,,1.0,Standing Order / DCA,GTC,2011-08-08
ord_strat_20110808,FILLED,2011-08-08,,1.0,Standing Order / DCA,GTC,2011-08-09
ord_strat_20110809,FILLED,2011-08-09,,1.0,Standing Order / DCA,GTC,2011-08-10
ord_strat_20110810,FILLED,2011-08-10,,1.0,Standing Order / DCA,GTC,2011-08-11
ord_strat_20110811,FILLED,2011-08-11,,1.0,Standing Order / DCA,GTC,2011-08-12
ord_strat_20110812,FILLED,2011-08-12,,1.0,Standing Order / DCA,GTC,2011-08-15
ord_strat_20110815,FILLED,2011-08-15,,1.0,Standing Order / DCA,GTC,2011-08-16
ord_strat_20110816,FILLED,2011-08-16,,1.0,Standing Order / DCA,GTC,2011-08-17
ord_strat_20110817,FILLED,2011-08-17,,1.0,Standing Order / DCA,GTC,2011-08-18
ord_strat_20110818,FILLED,2011-08-18,,1.0,Standing Order / DCA,GTC,2011-08-19
ord_strat_20110819,FILLED,2011-08-19,,1.0,Standing Order / DCA,GTC,2011-08-22
ord_strat_20110822,FILLED,2011-08-22,,1.0,Standing Order / DCA,GTC,2011-08-23
ord_strat_20110823,FILLED,2011-08-23,,1.0,Standing Order / DCA,GTC,2011-08-24
ord_strat_20110824,FILLED,2011-08-24,,1.0,Standing Order / DCA,GTC,2011-08-25
ord_strat_20110825,FILLED,2011-08-25,,1.0,Standing Order / DCA,GTC,2011-08-26
ord_strat_20110826,FILLED,2011-08-26,,1.0,Standing Order / DCA,GTC,2011-08-29
ord_strat_20110829,FILLED,2011-08-29,,1.0,Standing Order / DCA,GTC,2011-08-30
ord_strat_20110830,FILLED,2011-08-30,,1.0,Standing Order / DCA,GTC,2011-08-31
ord_strat_20110831,FILLED,2011-08-31,,1.0,Standing Order / DCA,GTC,2011-09-01
ord_strat_20110901,FILLED,2011-09-01,,1.0,Standing Order / DCA,GTC,2011-09-02
ord_strat_20110902,FILLED,2011-09-02,,1.0,Standing Order / DCA,GTC,2011-09-06
ord_strat_20110906,FILLED,2011-09-06,,1.0,Standing Order / DCA,GTC,2011-09-07
ord_strat_20110907,FILLED,2011-09-07,,1.0,Standing Order / DCA,GTC,2011-09-08
ord_strat_20110908,FILLED,2011-09-08,,1.0,Standing Order / DCA,GTC,2011-09-09
ord_strat_20110909,FILLED,2011-09-09,,1.0,Standing Order / DCA,GTC,2011-09-12
ord_strat_20110912,FILLED,2011-09-12,,1.0,Standing Order / DCA,GTC,2011-09-13
ord_strat_20110913,FILLED,2011-09-13,,1.0,Standing Order / DCA,GTC,2011-09-14
ord_strat_20110914,FILLED,2011-09-14,,1.0,Standing Order / DCA,GTC,2011-09-15
ord_strat_20110915,FILLED,2011-09-15,,1.0,Standing Order / DCA,GTC,2011-09-16
ord_strat_20110916,FILLED,2011-09-16,,1.0,Standing Order / DCA,GTC,2011-09-19
ord_strat_20110919,FILLED,2011-09-19,,1.0,Standing Order / DCA,GTC,2011-09-20
ord_strat_20110920,FILLED,2011-09-20,,1.0,Standing Order / DCA,GTC,2011-09-21
ord_strat_20110921,FILLED,2011-09-21,,1.0,Standing Order / DCA,GTC,2011-09-22
ord_strat_20110922,FILLED,2011-09-22,,1.0,Standing Order / DCA,GTC,2011-09-23
ord_strat_20110923,FILLED,2011-09-23,,1.0,Standing Order / DCA,GTC,2011-09-26
ord_strat_20110926,FILLED,2011-09-26,,1.0,Standing Order / DCA,GTC,2011-09-27
ord_strat_20110927,FILLED,2011-09-27,,1.0,Standing Order / DCA,GTC,2011-09-28
ord_strat_20110928,FILLED,2011-09-28,,1.0,Standing Order / DCA,GTC,2011-09-29
ord_strat_20110929,FILLED,2011-09-29,,1.0,Standing Order / DCA,GTC,2011-09-30
ord_strat_20110930,FILLED,2011-09-30,,1.0,Standing Order / DCA,GTC,2011-10-03
ord_strat_20111003,FILLED,2011-10-03,,1.0,Standing Order / DCA,GTC,2011-10-04
ord_strat_20111004,FILLED,2011-10-04,,1.0,Standing Order / DCA,GTC,2011-10-05
ord_strat_20111005,FILLED,2011-10-05,,1.0,Standing Order / DCA,GTC,2011-10-06
ord_strat_20111006,FILLED,2011-10-06,,1.0,Standing Order / DCA,GTC,2011-10-07
ord_strat_20111007,FILLED,2011-10-07,,1.0,Standing Order / DCA,GTC,2011-10-10
ord_strat_20111010,FILLED,2011-10-10,,1.0,Standing Order / DCA,GTC,2011-10-11
ord_strat_20111011,FILLED,2011-10-11,,1.0,Standing Order / DCA,GTC,2011-10-12
ord_strat_20111012,FILLED,2011-10-12,,1.0,Standing Order / DCA,GTC,2011-10-13
ord_strat_20111013,FILLED,2011-10-13,,1.0,Standing Order / DCA,GTC,2011-10-14
ord_strat_20111014,FILLED,2011-10-14,,1.0,Standing Order / DCA,GTC,2011-10-17
ord_strat_20111017,FILLED,2011-10-17,,1.0,Standing Order / DCA,GTC,2011-10-18
ord_strat_20111018,FILLED,2011-10-18,,1.0,Standing Order / DCA,GTC,2011-10-19
ord_strat_20111019,FILLED,2011-10-19,,1.0,Standing Order / DCA,GTC,2011-10-20
ord_strat_20111020,FILLED,2011-10-20,,1.0,Standing Order / DCA,GTC,2011-10-21
ord_strat_20111021,FILLED,2011-10-21,,1.0,Standing Order / DCA,GTC,2011-10-24
ord_strat_20111024,FILLED,2011-10-24,,1.0,Standing Order / DCA,GTC,2011-10-25
ord_strat_20111025,FILLED,2011-10-25,,1.0,Standing Order / DCA,GTC,2011-10-26
ord_strat_20111026,FILLED,2011-10-26,,1.0,Standing Order / DCA,GTC,2011-10-27
ord_strat_20111027,FILLED,2011-10-27,,1.0,Standing Order / DCA,GTC,2011-10-28
ord_strat_20111028,FILLED,2011-10-28,,1.0,Standing Order / DCA,GTC,2011-10-31
ord_strat_20111031,FILLED,2011-10-31,,1.0,Standing Order / DCA,GTC,2011-11-01
ord_strat_20111101,FILLED,2011-11-01,,1.0,Standing Order / DCA,GTC,2011-11-02
ord_strat_20111102,FILLED,2011-11-02,,1.0,Standing Order / DCA,GTC,2011-11-03
ord_strat_20111103,FILLED,2011-11-03,,1.0,Standing Order / DCA,GTC,2011-11-04
ord_strat_20111104,FILLED,2011-11-04,,1.0,Standing Order / DCA,GTC,2011-11-07
ord_strat_20111107,FILLED,2011-11-07,,1.0,Standing Order / DCA,GTC,2011-11-08
ord_strat_20111108,FILLED,2011-11-08,,1.0,Standing Order / DCA,GTC,2011-11-09
ord_strat_20111109,FILLED,2011-11-09,,1.0,Standing Order / DCA,GTC,2011-11-10
ord_strat_20111110,FILLED,2011-11-10,,1.0,Standing Order / DCA,GTC,2011-11-11
ord_strat_20111111,FILLED,2011-11-11,,1.0,Standing Order / DCA,GTC,2011-11-14
ord_strat_20111114,FILLED,2011-11-14,,1.0,Standing Order / DCA,GTC,2011-11-15
ord_strat_20111115,FILLED,2011-11-15,,1.0,Standing Order / DCA,GTC,2011-11-16
ord_strat_20111116,FILLED,2011-11-16,,1.0,Standing Order / DCA,GTC,2011-11-17
ord_strat_20111117,FILLED,2011-11-17,,1.0,Standing Order / DCA,GTC,2011-11-18
ord_strat_20111118,FILLED,2011-11-18,,1.0,Standing Order / DCA,GTC,2011-11-21
ord_strat_20111121,FILLED,2011-11-21,,1.0,Standing Order / DCA,GTC,2011-11-22
ord_strat_20111122,FILLED,2011-11-22,,1.0,Standing Order / DCA,GTC,2011-11-23
ord_strat_20111123,FILLED,2011-11-23,,1.0,Standing Order / DCA,GTC,2011-11-25
ord_strat_20111125,FILLED,2011-11-25,,1.0,Standing Order / DCA,GTC,2011-11-28
ord_strat_20111128,FILLED,2011-11-28,,1.0,Standing Order / DCA,GTC,2011-11-29
ord_strat_20111129,FILLED,2011-11-29,,1.0,Standing Order / DCA,GTC,2011-11-30
ord_strat_20111130,FILLED,2011-11-30,,1.0,Standing Order / DCA,GTC,2011-12-01
ord_strat_20111201,FILLED,2011-12-01,,1.0,Standing Order / DCA,GTC,2011-12-02
ord_strat_20111202,FILLED,2011-12-02,,1.0,Standing Order / DCA,GTC,2011-12-05
ord_strat_20111205,FILLED,2011-12-05,,1.0,Standing Order / DCA,GTC,2011-12-06
ord_strat_20111206,FILLED,2011-12-06,,1.0,Standing Order / DCA,GTC,2011-12-07
ord_strat_20111207,FILLED,2011-12-07,,1.0,Standing Order / DCA,GTC,2011-12-08
ord_strat_20111208,FILLED,2011-12-08,,1.0,Standing Order / DCA,GTC,2011-12-09
ord_strat_20111209,FILLED,2011-12-09,,1.0,Standing Order / DCA,GTC,2011-12-12
ord_strat_20111212,FILLED,2011-12-12,,1.0,Standing Order / DCA,GTC,2011-12-13
ord_strat_20111213,FILLED,2011-12-13,,1.0,Standing Order / DCA,GTC,2011-12-14
ord_strat_20111214,FILLED,2011-12-14,,1.0,Standing Order / DCA,GTC,2011-12-15
ord_strat_20111215,FILLED,2011-12-15,,1.0,Standing Order / DCA,GTC,2011-12-16
ord_strat_20111216,FILLED,2011-12-16,,1.0,Standing Order / DCA,GTC,2011-12-19
ord_strat_20111219,FILLED,2011-12-19,,1.0,Standing Order / DCA,GTC,2011-12-20
ord_strat_20111220,FILLED,2011-12-20,,1.0,Standing Order / DCA,GTC,2011-12-21
ord_strat_20111221,FILLED,2011-12-21,,1.0,Standing Order / DCA,GTC,2011-12-22
ord_strat_20111222,FILLED,2011-12-22,,1.0,Standing Order / DCA,GTC,2011-12-23
ord_strat_20111223,FILLED,2011-12-23,,1.0,Standing Order / DCA,GTC,2011-12-27
ord_strat_20111227,FILLED,2011-12-27,,1.0,Standing Order / DCA,GTC,2011-12-28
ord_strat_20111228,FILLED,2011-12-28,,1.0,Standing Order / DCA,GTC,2011-12-29
ord_strat_20111229,FILLED,2011-12-29,,1.0,Standing Order / DCA,GTC,2011-12-30
ord_strat_20111230,FILLED,2011-12-30,,1.0,Standing Order / DCA,GTC,2012-01-03
ord_strat_20120103,FILLED,2012-01-03,,1.0,Standing Order / DCA,GTC,2012-01-04
ord_strat_20120104,FILLED,2012-01-04,,1.0,Standing Order / DCA,GTC,2012-01-05
ord_strat_20120105,FILLED,2012-01-05,,1.0,Standing Order / DCA,GTC,2012-01-06
ord_strat_20120106,FILLED,2012-01-06,,1.0,Standing Order / DCA,GTC,2012-01-09
ord_strat_20120109,FILLED,2012-01-09,,1.0,Standing Order / DCA,GTC,2012-01-10
ord_strat_20120110,FILLED,2012-01-10,,1.0,Standing Order / DCA,GTC,2012-01-11
ord_strat_20120111,FILLED,2012-01-11,,1.0,Standing Order / DCA,GTC,2012-01-12
ord_strat_20120112,FILLED,2012-01-12,,1.0,Standing Order / DCA,GTC,2012-01-13
ord_strat_20120113,FILLED,2012-01-13,,1.0,Standing Order / DCA,GTC,2012-01-17
ord_strat_20120117,FILLED,2012-01-17,,1.0,Standing Order / DCA,GTC,2012-01-18
ord_strat_20120118,FILLED,2012-01-18,,1.0,Standing Order / DCA,GTC,2012-01-19
ord_strat_20120119,FILLED,2012-01-19,,1.0,Standing Order / DCA,GTC,2012-01-20
ord_strat_20120120,FILLED,2012-01-20,,1.0,Standing Order / DCA,GTC,2012-01-23
ord_strat_20120123,FILLED,2012-01-23,,1.0,Standing Order / DCA,GTC,2012-01-24
ord_strat_20120124,FILLED,2012-01-24,,1.0,Standing Order / DCA,GTC,2012-01-25
ord_strat_20120125,FILLED,2012-01-25,,1.0,Standing Order / DCA,GTC,2012-01-26
ord_strat_20120126,FILLED,2012-01-26,,1.0,Standing Order / DCA,GTC,2012-01-27
ord_strat_20120127,FILLED,2012-01-27,,1.0,Standing Order / DCA,GTC,2012-01-30
ord_strat_20120130,FILLED,2012-01-30,,1.0,Standing Order / DCA,GTC,2012-01-31
ord_strat_20120131,FILLED,2012-01-31,,1.0,Standing Order / DCA,GTC,2012-02-01
ord_strat_20120201,FILLED,2012-02-01,,1.0,Standing Order / DCA,GTC,2012-02-02
ord_strat_20120202,FILLED,2012-02-02,,1.0,Standing Order / DCA,GTC,2012-02-03
ord_strat_20120203,FILLED,2012-02-03,,1.0,Standing Order / DCA,GTC,2012-02-06
ord_strat_20120206,FILLED,2012-02-06,,1.0,Standing Order / DCA,GTC,2012-02-07
ord_strat_20120207,FILLED,2012-02-07,,1.0,Standing Order / DCA,GTC,2012-02-08
ord_strat_20120208,FILLED,2012-02-08,,1.0,Standing Order / DCA,GTC,2012-02-09
ord_strat_20120209,FILLED,2012-02-09,,1.0,Standing Order / DCA,GTC,2012-02-10
ord_strat_20120210,FILLED,2012-02-10,,1.0,Standing Order / DCA,GTC,2012-02-13
ord_strat_20120213,FILLED,2012-02-13,,1.0,Standing Order / DCA,GTC,2012-02-14
ord_strat_20120214,FILLED,2012-02-14,,1.0,Standing Order / DCA,GTC,2012-02-15
ord_strat_20120215,FILLED,2012-02-15,,1.0,Standing Order / DCA,GTC,2012-02-16
ord_strat_20120216,FILLED,2012-02-16,,1.0,Standing Order / DCA,GTC,2012-02-17
ord_strat_20120217,FILLED,2012-02-17,,1.0,Standing Order / DCA,GTC,2012-02-21
ord_strat_20120221,FILLED,2012-02-21,,1.0,Standing Order / DCA,GTC,2012-02-22
ord_strat_20120222,FILLED,2012-02-22,,1.0,Standing Order / DCA,GTC,2012-02-23
ord_strat_20120223,FILLED,2012-02-23,,1.0,Standing Order / DCA,GTC,2012-02-24
ord_strat_20120224,FILLED,2012-02-24,,1.0,Standing Order / DCA,GTC,2012-02-27
ord_strat_20120227,FILLED,2012-02-27,,1.0,Standing Order / DCA,GTC,2012-02-28
ord_strat_20120228,FILLED,2012-02-28,,1.0,Standing Order / DCA,GTC,2012-02-29
ord_strat_20120229,FILLED,2012-02-29,,1.0,Standing Order / DCA,GTC,2012-03-01
ord_strat_20120301,FILLED,2012-03-01,,1.0,Standing Order / DCA,GTC,2012-03-02
ord_strat_20120302,FILLED,2012-03-02,,1.0,Standing Order / DCA,GTC,2012-03-05
ord_strat_20120305,FILLED,2012-03-05,,1.0,Standing Order / DCA,GTC,2012-03-06
ord_strat_20120306,FILLED,2012-03-06,,1.0,Standing Order / DCA,GTC,2012-03-07
ord_strat_20120307,FILLED,2012-03-07,,1.0,Standing Order / DCA,GTC,2012-03-08
ord_strat_20120308,FILLED,2012-03-08,,1.0,Standing Order / DCA,GTC,2012-03-09
ord_strat_20120309,FILLED,2012-03-09,,1.0,Standing Order / DCA,GTC,2012-03-12
ord_strat_20120312,FILLED,2012-03-12,,1.0,Standing Order / DCA,GTC,2012-03-13
ord_strat_20120313,FILLED,2012-03-13,,1.0,Standing Order / DCA,GTC,2012-03-14
ord_strat_20120314,FILLED,2012-03-14,,1.0,Standing Order / DCA,GTC,2012-03-15
ord_strat_20120315,FILLED,2012-03-15,,1.0,Standing Order / DCA,GTC,2012-03-16
ord_strat_20120316,FILLED,2012-03-16,,1.0,Standing Order / DCA,GTC,2012-03-19
ord_strat_20120319,FILLED,2012-03-19,,1.0,Standing Order / DCA,GTC,2012-03-20
ord_strat_20120320,FILLED,2012-03-20,,1.0,Standing Order / DCA,GTC,2012-03-21
ord_strat_20120321,FILLED,2012-03-21,,1.0,Standing Order / DCA,GTC,2012-03-22
ord_strat_20120322,FILLED,2012-03-22,,1.0,Standing Order / DCA,GTC,2012-03-23
ord_strat_20120323,FILLED,2012-03-23,,1.0,Standing Order / DCA,GTC,2012-03-26
ord_strat_20120326,FILLED,2012-03-26,,1.0,Standing Order / DCA,GTC,2012-03-27
ord_strat_20120327,FILLED,2012-03-27,,1.0,Standing Order / DCA,GTC,2012-03-28
ord_strat_20120328,FILLED,2012-03-28,,1.0,Standing Order / DCA,GTC,2012-03-29
ord_strat_20120329,FILLED,2012-03-29,,1.0,Standing Order / DCA,GTC,2012-03-30
ord_strat_20120330,FILLED,2012-03-30,,1.0,Standing Order / DCA,GTC,2012-04-02
ord_strat_20120402,FILLED,2012-04-02,,1.0,Standing Order / DCA,GTC,2012-04-03
ord_strat_20120403,FILLED,2012-04-03,,1.0,Standing Order / DCA,GTC,2012-04-04
ord_strat_20120404,FILLED,2012-04-04,,1.0,Standing Order / DCA,GTC,2012-04-05
ord_strat_20120405,FILLED,2012-04-05,,1.0,Standing Order / DCA,GTC,2012-04-09
ord_strat_20120409,FILLED,2012-04-09,,1.0,Standing Order / DCA,GTC,2012-04-10
ord_strat_20120410,FILLED,2012-04-10,,1.0,Standing Order / DCA,GTC,2012-04-11
ord_strat_20120411,FILLED,2012-04-11,,1.0,Standing Order / DCA,GTC,2012-04-12
ord_strat_20120412,FILLED,2012-04-12,,1.0,Standing Order / DCA,GTC,2012-04-13
ord_strat_20120413,FILLED,2012-04-13,,1.0,Standing Order / DCA,GTC,2012-04-16
ord_strat_20120416,FILLED,2012-04-16,,1.0,Standing Order / DCA,GTC,2012-04-17
ord_strat_20120417,FILLED,2012-04-17,,1.0,Standing Order / DCA,GTC,2012-04-18
ord_strat_20120418,FILLED,2012-04-18,,1.0,Standing Order / DCA,GTC,2012-04-19
ord_strat_20120419,FILLED,2012-04-19,,1.0,Standing Order / DCA,GTC,2012-04-20
ord_strat_20120420,FILLED,2012-04-20,,1.0,Standing Order / DCA,GTC,2012-04-23
ord_strat_20120423,FILLED,2012-04-23,,1.0,Standing Order / DCA,GTC,2012-04-24
ord_strat_20120424,FILLED,2012-04-24,,1.0,Standing Order / DCA,GTC,2012-04-25
ord_strat_20120425,FILLED,2012-04-25,,1.0,Standing Order / DCA,GTC,2012-04-26
ord_strat_20120426,FILLED,2012-04-26,,1.0,Standing Order / DCA,GTC,2012-04-27
ord_strat_20120427,FILLED,2012-04-27,,1.0,Standing Order / DCA,GTC,2012-04-30
ord_strat_20120430,FILLED,2012-04-30,,1.0,Standing Order / DCA,GTC,2012-05-01
ord_strat_20120501,FILLED,2012-05-01,,1.0,Standing Order / DCA,GTC,2012-05-02
ord_strat_20120502,FILLED,2012-05-02,,1.0,Standing Order / DCA,GTC,2012-05-03
ord_strat_20120503,FILLED,2012-05-03,,1.0,Standing Order / DCA,GTC,2012-05-04
ord_strat_20120504,FILLED,2012-05-04,,1.0,Standing Order / DCA,GTC,2012-05-07
ord_strat_20120507,FILLED,2012-05-07,,1.0,Standing Order / DCA,GTC,2012-05-08
ord_strat_20120508,FILLED,2012-05-08,,1.0,Standing Order / DCA,GTC,2012-05-09
ord_strat_20120509,FILLED,2012-05-09,,1.0,Standing Order / DCA,GTC,2012-05-10
ord_strat_20120510,FILLED,2012-05-10,,1.0,Standing Order / DCA,GTC,2012-05-11
ord_strat_20120511,FILLED,2012-05-11,,1.0,Standing Order / DCA,GTC,2012-05-14
ord_strat_20120514,FILLED,2012-05-14,,1.0,Standing Order / DCA,GTC,2012-05-15
ord_strat_20120515,FILLED,2012-05-15,,1.0,Standing Order / DCA,GTC,2012-05-16
ord_strat_20120516,FILLED,2012-05-16,,1.0,Standing Order / DCA,GTC,2012-05-17
ord_strat_20120517,FILLED,2012-05-17,,1.0,Standing Order / DCA,GTC,2012-05-18
ord_strat_20120518,FILLED,2012-05-18,,1.0,Standing Order / DCA,GTC,2012-05-21
ord_strat_20120521,FILLED,2012-05-21,,1.0,Standing Order / DCA,GTC,2012-05-22
ord_strat_20120522,FILLED,2012-05-22,,1.0,Standing Order / DCA,GTC,2012-05-23
ord_strat_20120523,FILLED,2012-05-23,,1.0,Standing Order / DCA,GTC,2012-05-24
ord_strat_20120524,FILLED,2012-05-24,,1.0,Standing Order / DCA,GTC,2012-05-25
ord_strat_20120525,FILLED,2012-05-25,,1.0,Standing Order / DCA,GTC,2012-05-29
ord_strat_20120529,FILLED,2012-05-29,,1.0,Standing Order / DCA,GTC,2012-05-30
ord_strat_20120530,FILLED,2012-05-30,,1.0,Standing Order / DCA,GTC,2012-05-31
ord_strat_20120531,FILLED,2012-05-31,,1.0,Standing Order / DCA,GTC,2012-06-01
ord_strat_20120601,FILLED,2012-06-01,,1.0,Standing Order / DCA,GTC,2012-06-04
ord_strat_20120604,FILLED,2012-06-04,,1.0,Standing Order / DCA,GTC,2012-06-05
ord_strat_20120605,FILLED,2012-06-05,,1.0,Standing Order / DCA,GTC,2012-06-06
ord_strat_20120606,FILLED,2012-06-06,,1.0,Standing Order / DCA,GTC,2012-06-07
ord_strat_20120607,FILLED,2012-06-07,,1.0,Standing Order / DCA,GTC,2012-06-08
ord_strat_20120608,FILLED,2012-06-08,,1.0,Standing Order / DCA,GTC,2012-06-11
ord_strat_20120611,FILLED,2012-06-11,,1.0,Standing Order / DCA,GTC,2012-06-12
ord_strat_20120612,FILLED,2012-06-12,,1.0,Standing Order / DCA,GTC,2012-06-13
ord_strat_20120613,FILLED,2012-06-13,,1.0,Standing Order / DCA,GTC,2012-06-14
ord_strat_20120614,FILLED,2012-06-14,,1.0,Standing Order / DCA,GTC,2012-06-15
ord_strat_20120615,FILLED,2012-06-15,,1.0,Standing Order / DCA,GTC,2012-06-18
ord_strat_20120618,FILLED,2012-06-18,,1.0,Standing Order / DCA,GTC,2012-06-19
ord_strat_20120619,FILLED,2012-06-19,,1.0,Standing Order / DCA,GTC,2012-06-20
ord_strat_20120620,FILLED,2012-06-20,,1.0,Standing Order / DCA,GTC,2012-06-21
ord_strat_20120621,FILLED,2012-06-21,,1.0,Standing Order / DCA,GTC,2012-06-22
ord_strat_20120622,FILLED,2012-06-22,,1.0,Standing Order / DCA,GTC,2012-06-25
ord_strat_20120625,FILLED,2012-06-25,,1.0,Standing Order / DCA,GTC,2012-06-26
ord_strat_20120626,FILLED,2012-06-26,,1.0,Standing Order / DCA,GTC,2012-06-27
ord_strat_20120627,FILLED,2012-06-27,,1.0,Standing Order / DCA,GTC,2012-06-28
ord_strat_20120628,FILLED,2012-06-28,,1.0,Standing Order / DCA,GTC,2012-06-29
ord_strat_20120629,FILLED,2012-06-29,,1.0,Standing Order / DCA,GTC,2012-07-02
ord_strat_20120702,FILLED,2012-07-02,,1.0,Standing Order / DCA,GTC,2012-07-03
ord_strat_20120703,FILLED,2012-07-03,,1.0,Standing Order / DCA,GTC,2012-07-05
ord_strat_20120705,FILLED,2012-07-05,,1.0,Standing Order / DCA,GTC,2012-07-06
ord_strat_20120706,FILLED,2012-07-06,,1.0,Standing Order / DCA,GTC,2012-07-09
ord_strat_20120709,FILLED,2012-07-09,,1.0,Standing Order / DCA,GTC,2012-07-10
ord_strat_20120710,FILLED,2012-07-10,,1.0,Standing Order / DCA,GTC,2012-07-11
ord_strat_20120711,FILLED,2012-07-11,,1.0,Standing Order / DCA,GTC,2012-07-12
ord_strat_20120712,FILLED,2012-07-12,,1.0,Standing Order / DCA,GTC,2012-07-13
ord_strat_20120713,FILLED,2012-07-13,,1.0,Standing Order / DCA,GTC,2012-07-16
ord_strat_20120716,FILLED,2012-07-16,,1.0,Standing Order / DCA,GTC,2012-07-17
ord_strat_20120717,FILLED,2012-07-17,,1.0,Standing Order / DCA,GTC,2012-07-18
ord_strat_20120718,FILLED,2012-07-18,,1.0,Standing Order / DCA,GTC,2012-07-19
ord_strat_20120719,FILLED,2012-07-19,,1.0,Standing Order / DCA,GTC,2012-07-20
ord_strat_20120720,FILLED,2012-07-20,,1.0,Standing Order / DCA,GTC,2012-07-23
ord_strat_20120723,FILLED,2012-07-23,,1.0,Standing Order / DCA,GTC,2012-07-24
ord_strat_20120724,FILLED,2012-07-24,,1.0,Standing Order / DCA,GTC,2012-07-25
ord_strat_20120725,FILLED,2012-07-25,,1.0,Standing Order / DCA,GTC,2012-07-26
ord_strat_20120726,FILLED,2012-07-26,,1.0,Standing Order / DCA,GTC,2012-07-27
ord_strat_20120727,FILLED,2012-07-27,,1.0,Standing Order / DCA,GTC,2012-07-30
ord_strat_20120730,FILLED,2012-07-30,,1.0,Standing Order / DCA,GTC,2012-07-31
ord_strat_20120731,FILLED,2012-07-31,,1.0,Standing Order / DCA,GTC,2012-08-01
ord_strat_20120801,FILLED,2012-08-01,,1.0,Standing Order / DCA,GTC,2012-08-02
ord_strat_20120802,FILLED,2012-08-02,,1.0,Standing Order / DCA,GTC,2012-08-03
ord_strat_20120803,FILLED,2012-08-03,,1.0,Standing Order / DCA,GTC,2012-08-06
ord_strat_20120806,FILLED,2012-08-06,,1.0,Standing Order / DCA,GTC,2012-08-07
ord_strat_20120807,FILLED,2012-08-07,,1.0,Standing Order / DCA,GTC,2012-08-08
ord_strat_20120808,FILLED,2012-08-08,,1.0,Standing Order / DCA,GTC,2012-08-09
ord_strat_20120809,FILLED,2012-08-09,,1.0,Standing Order / DCA,GTC,2012-08-10
ord_strat_20120810,FILLED,2012-08-10,,1.0,Standing Order / DCA,GTC,2012-08-13
ord_strat_20120813,FILLED,2012-08-13,,1.0,Standing Order / DCA,GTC,2012-08-14
ord_strat_20120814,FILLED,2012-08-14,,1.0,Standing Order / DCA,GTC,2012-08-15
ord_strat_20120815,FILLED,2012-08-15,,1.0,Standing Order / DCA,GTC,2012-08-16
ord_strat_20120816,FILLED,2012-08-16,,1.0,Standing Order / DCA,GTC,2012-08-17
ord_strat_20120817,FILLED,2012-08-17,,1.0,Standing Order / DCA,GTC,2012-08-20
ord_strat_20120820,FILLED,2012-08-20,,1.0,Standing Order / DCA,GTC,2012-08-21
ord_strat_20120821,FILLED,2012-08-21,,1.0,Standing Order / DCA,GTC,2012-08-22
ord_strat_20120822,FILLED,2012-08-22,,1.0,Standing Order / DCA,GTC,2012-08-23
ord_strat_20120823,FILLED,2012-08-23,,1.0,Standing Order / DCA,GTC,2012-08-24
ord_strat_20120824,FILLED,2012-08-24,,1.0,Standing Order / DCA,GTC,2012-08-27
ord_strat_20120827,FILLED,2012-08-27,,1.0,Standing Order / DCA,GTC,2012-08-28
ord_strat_20120828,FILLED,2012-08-28,,1.0,Standing Order / DCA,GTC,2012-08-29
ord_strat_20120829,FILLED,2012-08-29,,1.0,Standing Order / DCA,GTC,2012-08-30
ord_strat_20120830,FILLED,2012-08-30,,1.0,Standing Order / DCA,GTC,2012-08-31
ord_strat_20120831,FILLED,2012-08-31,,1.0,Standing Order / DCA,GTC,2012-09-04
ord_strat_20120904,FILLED,2012-09-04,,1.0,Standing Order / DCA,GTC,2012-09-05
ord_strat_20120905,FILLED,2012-09-05,,1.0,Standing Order / DCA,GTC,2012-09-06
ord_strat_20120906,FILLED,2012-09-06,,1.0,Standing Order / DCA,GTC,2012-09-07
ord_strat_20120907,FILLED,2012-09-07,,1.0,Standing Order / DCA,GTC,2012-09-10
ord_strat_20120910,FILLED,2012-09-10,,1.0,Standing Order / DCA,GTC,2012-09-11
ord_strat_20120911,FILLED,2012-09-11,,1.0,Standing Order / DCA,GTC,2012-09-12
ord_strat_20120912,FILLED,2012-09-12,,1.0,Standing Order / DCA,GTC,2012-09-13
ord_strat_20120913,FILLED,2012-09-13,,1.0,Standing Order / DCA,GTC,2012-09-14
ord_strat_20120914,FILLED,2012-09-14,,1.0,Standing Order / DCA,GTC,2012-09-17
ord_strat_20120917,FILLED,2012-09-17,,1.0,Standing Order / DCA,GTC,2012-09-18
ord_strat_20120918,FILLED,2012-09-18,,1.0,Standing Order / DCA,GTC,2012-09-19
ord_strat_20120919,FILLED,2012-09-19,,1.0,Standing Order / DCA,GTC,2012-09-20
ord_strat_20120920,FILLED,2012-09-20,,1.0,Standing Order / DCA,GTC,2012-09-21
ord_strat_20120921,FILLED,2012-09-21,,1.0,Standing Order / DCA,GTC,2012-09-24
ord_strat_20120924,FILLED,2012-09-24,,1.0,Standing Order / DCA,GTC,2012-09-25
ord_strat_20120925,FILLED,2012-09-25,,1.0,Standing Order / DCA,GTC,2012-09-26
ord_strat_20120926,FILLED,2012-09-26,,1.0,Standing Order / DCA,GTC,2012-09-27
ord_strat_20120927,FILLED,2012-09-27,,1.0,Standing Order / DCA,GTC,2012-09-28
ord_strat_20120928,FILLED,2012-09-28,,1.0,Standing Order / DCA,GTC,2012-10-01
ord_strat_20121001,FILLED,2012-10-01,,1.0,Standing Order / DCA,GTC,2012-10-02
ord_strat_20121002,FILLED,2012-10-02,,1.0,Standing Order / DCA,GTC,2012-10-03
ord_strat_20121003,FILLED,2012-10-03,,1.0,Standing Order / DCA,GTC,2012-10-04
ord_strat_20121004,FILLED,2012-10-04,,1.0,Standing Order / DCA,GTC,2012-10-05
ord_strat_20121005,FILLED,2012-10-05,,1.0,Standing Order / DCA,GTC,2012-10-08
ord_strat_20121008,FILLED,2012-10-08,,1.0,Standing Order / DCA,GTC,2012-10-09
ord_strat_20121009,FILLED,2012-10-09,,1.0,Standing Order / DCA,GTC,2012-10-10
ord_strat_20121010,FILLED,2012-10-10,,1.0,Standing Order / DCA,GTC,2012-10-11
ord_strat_20121011,FILLED,2012-10-11,,1.0,Standing Order / DCA,GTC,2012-10-12
ord_strat_20121012,FILLED,2012-10-12,,1.0,Standing Order / DCA,GTC,2012-10-15
ord_strat_20121015,FILLED,2012-10-15,,1.0,Standing Order / DCA,GTC,2012-10-16
ord_strat_20121016,FILLED,2012-10-16,,1.0,Standing Order / DCA,GTC,2012-10-17
ord_strat_20121017,FILLED,2012-10-17,,1.0,Standing Order / DCA,GTC,2012-10-18
ord_strat_20121018,FILLED,2012-10-18,,1.0,Standing Order / DCA,GTC,2012-10-19
ord_strat_20121019,FILLED,2012-10-19,,1.0,Standing Order / DCA,GTC,2012-10-22
ord_strat_20121022,FILLED,2012-10-22,,1.0,Standing Order / DCA,GTC,2012-10-23
ord_strat_20121023,FILLED,2012-10-23,,1.0,Standing Order / DCA,GTC,2012-10-24
ord_strat_20121024,FILLED,2012-10-24,,1.0,Standing Order / DCA,GTC,2012-10-25
ord_strat_20121025,FILLED,2012-10-25,,1.0,Standing Order / DCA,GTC,2012-10-26
ord_strat_20121026,FILLED,2012-10-26,,1.0,Standing Order / DCA,GTC,2012-10-31
ord_strat_20121031,FILLED,2012-10-31,,1.0,Standing Order / DCA,GTC,2012-11-01
ord_strat_20121101,FILLED,2012-11-01,,1.0,Standing Order / DCA,GTC,2012-11-02
ord_strat_20121102,FILLED,2012-11-02,,1.0,Standing Order / DCA,GTC,2012-11-05
ord_strat_20121105,FILLED,2012-11-05,,1.0,Standing Order / DCA,GTC,2012-11-06
ord_strat_20121106,FILLED,2012-11-06,,1.0,Standing Order / DCA,GTC,2012-11-07
ord_strat_20121107,FILLED,2012-11-07,,1.0,Standing Order / DCA,GTC,2012-11-08
ord_strat_20121108,FILLED,2012-11-08,,1.0,Standing Order / DCA,GTC,2012-11-09
ord_strat_20121109,FILLED,2012-11-09,,1.0,Standing Order / DCA,GTC,2012-11-12
ord_strat_20121112,FILLED,2012-11-12,,1.0,Standing Order / DCA,GTC,2012-11-13
ord_strat_20121113,FILLED,2012-11-13,,1.0,Standing Order / DCA,GTC,2012-11-14
ord_strat_20121114,FILLED,2012-11-14,,1.0,Standing Order / DCA,GTC,2012-11-15
ord_strat_20121115,FILLED,2012-11-15,,1.0,Standing Order / DCA,GTC,2012-11-16
ord_strat_20121116,FILLED,2012-11-16,,1.0,Standing Order / DCA,GTC,2012-11-19
ord_strat_20121119,FILLED,2012-11-19,,1.0,Standing Order / DCA,GTC,2012-11-20
ord_strat_20121120,FILLED,2012-11-20,,1.0,Standing Order / DCA,GTC,2012-11-21
ord_strat_20121121,FILLED,2012-11-21,,1.0,Standing Order / DCA,GTC,2012-11-23
ord_strat_20121123,FILLED,2012-11-23,,1.0,Standing Order / DCA,GTC,2012-11-26
ord_strat_20121126,FILLED,2012-11-26,,1.0,Standing Order / DCA,GTC,2012-11-27
ord_strat_20121127,FILLED,2012-11-27,,1.0,Standing Order / DCA,GTC,2012-11-28
ord_strat_20121128,FILLED,2012-11-28,,1.0,Standing Order / DCA,GTC,2012-11-29
ord_strat_20121129,FILLED,2012-11-29,,1.0,Standing Order / DCA,GTC,2012-11-30
ord_strat_20121130,FILLED,2012-11-30,,1.0,Standing Order / DCA,GTC,2012-12-03
ord_strat_20121203,FILLED,2012-12-03,,1.0,Standing Order / DCA,GTC,2012-12-04
ord_strat_20121204,FILLED,2012-12-04,,1.0,Standing Order / DCA,GTC,2012-12-05
ord_strat_20121205,FILLED,2012-12-05,,1.0,Standing Order / DCA,GTC,2012-12-06
ord_strat_20121206,FILLED,2012-12-06,,1.0,Standing Order / DCA,GTC,2012-12-07
ord_strat_20121207,FILLED,2012-12-07,,1.0,Standing Order / DCA,GTC,2012-12-10
ord_strat_20121210,FILLED,2012-12-10,,1.0,Standing Order / DCA,GTC,2012-12-11
ord_strat_20121211,FILLED,2012-12-11,,1.0,Standing Order / DCA,GTC,2012-12-12
ord_strat_20121212,FILLED,2012-12-12,,1.0,Standing Order / DCA,GTC,2012-12-13
ord_strat_20121213,FILLED,2012-12-13,,1.0,Standing Order / DCA,GTC,2012-12-14
ord_strat_20121214,FILLED,2012-12-14,,1.0,Standing Order / DCA,GTC,2012-12-17
ord_strat_20121217,FILLED,2012-12-17,,1.0,Standing Order / DCA,GTC,2012-12-18
ord_strat_20121218,FILLED,2012-12-18,,1.0,Standing Order / DCA,GTC,2012-12-19
ord_strat_20121219,FILLED,2012-12-19,,1.0,Standing Order / DCA,GTC,2012-12-20
ord_strat_20121220,FILLED,2012-12-20,,1.0,Standing Order / DCA,GTC,2012-12-21
ord_strat_20121221,FILLED,2012-12-21,,1.0,Standing Order / DCA,GTC,2012-12-24
ord_strat_20121224,FILLED,2012-12-24,,1.0,Standing Order / DCA,GTC,2012-12-26
ord_strat_20121226,FILLED,2012-12-26,,1.0,Standing Order / DCA,GTC,2012-12-27
ord_strat_20121227,FILLED,2012-12-27,,1.0,Standing Order / DCA,GTC,2012-12-28
ord_strat_20121228,FILLED,2012-12-28,,1.0,Standing Order / DCA,GTC,2012-12-31
ord_strat_20121231,FILLED,2012-12-31,,1.0,Standing Order / DCA,GTC,2013-01-02
ord_strat_20130102,FILLED,2013-01-02,,1.0,Standing Order / DCA,GTC,2013-01-03
ord_strat_20130103,FILLED,2013-01-03,,1.0,Standing Order / DCA,GTC,2013-01-04
ord_strat_20130104,FILLED,2013-01-04,,1.0,Standing Order / DCA,GTC,2013-01-07
ord_strat_20130107,FILLED,2013-01-07,,1.0,Standing Order / DCA,GTC,2013-01-08
ord_strat_20130108,FILLED,2013-01-08,,1.0,Standing Order / DCA,GTC,2013-01-09
ord_strat_20130109,FILLED,2013-01-09,,1.0,Standing Order / DCA,GTC,2013-01-10
ord_strat_20130110,FILLED,2013-01-10,,1.0,Standing Order / DCA,GTC,2013-01-11
ord_strat_20130111,FILLED,2013-01-11,,1.0,Standing Order / DCA,GTC,2013-01-14
ord_strat_20130114,FILLED,2013-01-14,,1.0,Standing Order / DCA,GTC,2013-01-15
ord_strat_20130115,FILLED,2013-01-15,,1.0,Standing Order / DCA,GTC,2013-01-16
ord_strat_20130116,FILLED,2013-01-16,,1.0,Standing Order / DCA,GTC,2013-01-17
ord_strat_20130117,FILLED,2013-01-17,,1.0,Standing Order / DCA,GTC,2013-01-18
ord_strat_20130118,FILLED,2013-01-18,,1.0,Standing Order / DCA,GTC,2013-01-22
ord_strat_20130122,FILLED,2013-01-22,,1.0,Standing Order / DCA,GTC,2013-01-23
ord_strat_20130123,FILLED,2013-01-23,,1.0,Standing Order / DCA,GTC,2013-01-24
ord_strat_20130124,FILLED,2013-01-24,,1.0,Standing Order / DCA,GTC,2013-01-25
ord_strat_20130125,FILLED,2013-01-25,,1.0,Standing Order / DCA,GTC,2013-01-28
ord_strat_20130128,FILLED,2013-01-28,,1.0,Standing Order / DCA,GTC,2013-01-29
ord_strat_20130129,FILLED,2013-01-29,,1.0,Standing Order / DCA,GTC,2013-01-30
ord_strat_20130130,FILLED,2013-01-30,,1.0,Standing Order / DCA,GTC,2013-01-31
ord_strat_20130131,FILLED,2013-01-31,,1.0,Standing Order / DCA,GTC,2013-02-01
ord_strat_20130201,FILLED,2013-02-01,,1.0,Standing Order / DCA,GTC,2013-02-04
ord_strat_20130204,FILLED,2013-02-04,,1.0,Standing Order / DCA,GTC,2013-02-05
ord_strat_20130205,FILLED,2013-02-05,,1.0,Standing Order / DCA,GTC,2013-02-06
ord_strat_20130206,FILLED,2013-02-06,,1.0,Standing Order / DCA,GTC,2013-02-07
ord_strat_20130207,FILLED,2013-02-07,,1.0,Standing Order / DCA,GTC,2013-02-08
ord_strat_20130208,FILLED,2013-02-08,,1.0,Standing Order / DCA,GTC,2013-02-11
ord_strat_20130211,FILLED,2013-02-11,,1.0,Standing Order / DCA,GTC,2013-02-12
ord_strat_20130212,FILLED,2013-02-12,,1.0,Standing Order / DCA,GTC,2013-02-13
ord_strat_20130213,FILLED,2013-02-13,,1.0,Standing Order / DCA,GTC,2013-02-14
ord_strat_20130214,FILLED,2013-02-14,,1.0,Standing Order / DCA,GTC,2013-02-15
ord_strat_20130215,FILLED,2013-02-15,,1.0,Standing Order / DCA,GTC,2013-02-19
ord_strat_20130219,FILLED,2013-02-19,,1.0,Standing Order / DCA,GTC,2013-02-20
ord_strat_20130220,FILLED,2013-02-20,,1.0,Standing Order / DCA,GTC,2013-02-21
ord_strat_20130221,FILLED,2013-02-21,,1.0,Standing Order / DCA,GTC,2013-02-22
ord_strat_20130222,FILLED,2013-02-22,,1.0,Standing Order / DCA,GTC,2013-02-25
ord_strat_20130225,FILLED,2013-02-25,,1.0,Standing Order / DCA,GTC,2013-02-26
ord_strat_20130226,FILLED,2013-02-26,,1.0,Standing Order / DCA,GTC,2013-02-27
ord_strat_20130227,FILLED,2013-02-27,,1.0,Standing Order / DCA,GTC,2013-02-28
ord_strat_20130228,FILLED,2013-02-28,,1.0,Standing Order / DCA,GTC,2013-03-01
ord_strat_20130301,FILLED,2013-03-01,,1.0,Standing Order / DCA,GTC,2013-03-04
ord_strat_20130304,FILLED,2013-03-04,,1.0,Standing Order / DCA,GTC,2013-03-05
ord_strat_20130305,FILLED,2013-03-05,,1.0,Standing Order / DCA,GTC,2013-03-06
ord_strat_20130306,FILLED,2013-03-06,,1.0,Standing Order / DCA,GTC,2013-03-07
ord_strat_20130307,FILLED,2013-03-07,,1.0,Standing Order / DCA,GTC,2013-03-08
ord_strat_20130308,FILLED,2013-03-08,,1.0,Standing Order / DCA,GTC,2013-03-11
ord_strat_20130311,FILLED,2013-03-11,,1.0,Standing Order / DCA,GTC,2013-03-12
ord_strat_20130312,FILLED,2013-03-12,,1.0,Standing Order / DCA,GTC,2013-03-13
ord_strat_20130313,FILLED,2013-03-13,,1.0,Standing Order / DCA,GTC,2013-03-14
ord_strat_20130314,FILLED,2013-03-14,,1.0,Standing Order / DCA,GTC,2013-03-15
ord_strat_20130315,FILLED,2013-03-15,,1.0,Standing Order / DCA,GTC,2013-03-18
ord_strat_20130318,FILLED,2013-03-18,,1.0,Standing Order / DCA,GTC,2013-03-19
ord_strat_20130319,FILLED,2013-03-19,,1.0,Standing Order / DCA,GTC,2013-03-20
ord_strat_20130320,FILLED,2013-03-20,,1.0,Standing Order / DCA,GTC,2013-03-21
ord_strat_20130321,FILLED,2013-03-21,,1.0,Standing Order / DCA,GTC,2013-03-22
ord_strat_20130322,FILLED,2013-03-22,,1.0,Standing Order / DCA,GTC,2013-03-25
ord_strat_20130325,FILLED,2013-03-25,,1.0,Standing Order / DCA,GTC,2013-03-26
ord_strat_20130326,FILLED,2013-03-26,,1.0,Standing Order / DCA,GTC,2013-03-27
ord_strat_20130327,FILLED,2013-03-27,,1.0,Standing Order / DCA,GTC,2013-03-28
ord_strat_20130328,FILLED,2013-03-28,,1.0,Standing Order / DCA,GTC,2013-04-01
ord_strat_20130401,FILLED,2013-04-01,,1.0,Standing Order / DCA,GTC,2013-04-02
ord_strat_20130402,FILLED,2013-04-02,,1.0,Standing Order / DCA,GTC,2013-04-03
ord_strat_20130403,FILLED,2013-04-03,,1.0,Standing Order / DCA,GTC,2013-04-04
ord_strat_20130404,FILLED,2013-04-04,,1.0,Standing Order / DCA,GTC,2013-04-05
ord_strat_20130405,FILLED,2013-04-05,,1.0,Standing Order / DCA,GTC,2013-04-08
ord_strat_20130408,FILLED,2013-04-08,,1.0,Standing Order / DCA,GTC,2013-04-09
ord_strat_20130409,FILLED,2013-04-09,,1.0,Standing Order / DCA,GTC,2013-04-10
ord_strat_20130410,FILLED,2013-04-10,,1.0,Standing Order / DCA,GTC,2013-04-11
ord_strat_20130411,FILLED,2013-04-11,,1.0,Standing Order / DCA,GTC,2013-04-12
ord_strat_20130412,FILLED,2013-04-12,,1.0,Standing Order / DCA,GTC,2013-04-15
ord_strat_20130415,FILLED,2013-04-15,,1.0,Standing Order / DCA,GTC,2013-04-16
ord_strat_20130416,FILLED,2013-04-16,,1.0,Standing Order / DCA,GTC,2013-04-17
ord_strat_20130417,FILLED,2013-04-17,,1.0,Standing Order / DCA,GTC,2013-04-18
ord_strat_20130418,FILLED,2013-04-18,,1.0,Standing Order / DCA,GTC,2013-04-19
ord_strat_20130419,FILLED,2013-04-19,,1.0,Standing Order / DCA,GTC,2013-04-22
ord_strat_20130422,FILLED,2013-04-22,,1.0,Standing Order / DCA,GTC,2013-04-23
ord_strat_20130423,FILLED,2013-04-23,,1.0,Standing Order / DCA,GTC,2013-04-24
ord_strat_20130424,FILLED,2013-04-24,,1.0,Standing Order / DCA,GTC,2013-04-25
ord_strat_20130425,FILLED,2013-04-25,,1.0,Standing Order / DCA,GTC,2013-04-26
ord_strat_20130426,FILLED,2013-04-26,,1.0,Standing Order / DCA,GTC,2013-04-29
ord_strat_20130429,FILLED,2013-04-29,,1.0,Standing Order / DCA,GTC,2013-04-30
ord_strat_20130430,FILLED,2013-04-30,,1.0,Standing Order / DCA,GTC,2013-05-01
ord_strat_20130501,FILLED,2013-05-01,,1.0,Standing Order / DCA,GTC,2013-05-02
ord_strat_20130502,FILLED,2013-05-02,,1.0,Standing Order / DCA,GTC,2013-05-03
ord_strat_20130503,FILLED,2013-05-03,,1.0,Standing Order / DCA,GTC,2013-05-06
ord_strat_20130506,FILLED,2013-05-06,,1.0,Standing Order / DCA,GTC,2013-05-07
ord_strat_20130507,FILLED,2013-05-07,,1.0,Standing Order / DCA,GTC,2013-05-08
ord_strat_20130508,FILLED,2013-05-08,,1.0,Standing Order / DCA,GTC,2013-05-09
ord_strat_20130509,FILLED,2013-05-09,,1.0,Standing Order / DCA,GTC,2013-05-10
ord_strat_20130510,FILLED,2013-05-10,,1.0,Standing Order / DCA,GTC,2013-05-13
ord_strat_20130513,FILLED,2013-05-13,,1.0,Standing Order / DCA,GTC,2013-05-14
ord_strat_20130514,FILLED,2013-05-14,,1.0,Standing Order / DCA,GTC,2013-05-15
ord_strat_20130515,FILLED,2013-05-15,,1.0,Standing Order / DCA,GTC,2013-05-16
ord_strat_20130516,FILLED,2013-05-16,,1.0,Standing Order / DCA,GTC,2013-05-17
ord_strat_20130517,FILLED,2013-05-17,,1.0,Standing Order / DCA,GTC,2013-05-20
ord_strat_20130520,FILLED,2013-05-20,,1.0,Standing Order / DCA,GTC,2013-05-21
ord_strat_20130521,FILLED,2013-05-21,,1.0,Standing Order / DCA,GTC,2013-05-22
ord_strat_20130522,FILLED,2013-05-22,,1.0,Standing Order / DCA,GTC,2013-05-23
ord_strat_20130523,FILLED,2013-05-23,,1.0,Standing Order / DCA,GTC,2013-05-24
ord_strat_20130524,FILLED,2013-05-24,,1.0,Standing Order / DCA,GTC,2013-05-28
ord_strat_20130528,FILLED,2013-05-28,,1.0,Standing Order / DCA,GTC,2013-05-29
ord_strat_20130529,FILLED,2013-05-29,,1.0,Standing Order / DCA,GTC,2013-05-30
ord_strat_20130530,FILLED,2013-05-30,,1.0,Standing Order / DCA,GTC,2013-05-31
ord_strat_20130531,FILLED,2013-05-31,,1.0,Standing Order / DCA,GTC,2013-06-03
ord_strat_20130603,FILLED,2013-06-03,,1.0,Standing Order / DCA,GTC,2013-06-04
ord_strat_20130604,FILLED,2013-06-04,,1.0,Standing Order / DCA,GTC,2013-06-05
ord_strat_20130605,FILLED,2013-06-05,,1.0,Standing Order / DCA,GTC,2013-06-06
ord_strat_20130606,FILLED,2013-06-06,,1.0,Standing Order / DCA,GTC,2013-06-07
ord_strat_20130607,FILLED,2013-06-07,,1.0,Standing Order / DCA,GTC,2013-06-10
ord_strat_20130610,FILLED,2013-06-10,,1.0,Standing Order / DCA,GTC,2013-06-11
ord_strat_20130611,FILLED,2013-06-11,,1.0,Standing Order / DCA,GTC,2013-06-12
ord_strat_20130612,FILLED,2013-06-12,,1.0,Standing Order / DCA,GTC,2013-06-13
ord_strat_20130613,FILLED,2013-06-13,,1.0,Standing Order / DCA,GTC,2013-06-14
ord_strat_20130614,FILLED,2013-06-14,,1.0,Standing Order / DCA,GTC,2013-06-17
ord_strat_20130617,FILLED,2013-06-17,,1.0,Standing Order / DCA,GTC,2013-06-18
ord_strat_20130618,FILLED,2013-06-18,,1.0,Standing Order / DCA,GTC,2013-06-19
ord_strat_20130619,FILLED,2013-06-19,,1.0,Standing Order / DCA,GTC,2013-06-20
ord_strat_20130620,FILLED,2013-06-20,,1.0,Standing Order / DCA,GTC,2013-06-21
ord_strat_20130621,FILLED,2013-06-21,,1.0,Standing Order / DCA,GTC,2013-06-24
ord_strat_20130624,FILLED,2013-06-24,,1.0,Standing Order / DCA,GTC,2013-06-25
ord_strat_20130625,FILLED,2013-06-25,,1.0,Standing Order / DCA,GTC,2013-06-26
ord_strat_20130626,FILLED,2013-06-26,,1.0,Standing Order / DCA,GTC,2013-06-27
ord_strat_20130627,FILLED,2013-06-27,,1.0,Standing Order / DCA,GTC,2013-06-28
ord_strat_20130628,FILLED,2013-06-28,,1.0,Standing Order / DCA,GTC,2013-07-01
ord_strat_20130701,FILLED,2013-07-01,,1.0,Standing Order / DCA,GTC,2013-07-02
ord_strat_20130702,FILLED,2013-07-02,,1.0,Standing Order / DCA,GTC,2013-07-03
ord_strat_20130703,FILLED,2013-07-03,,1.0,Standing Order / DCA,GTC,2013-07-05
ord_strat_20130705,FILLED,2013-07-05,,1.0,Standing Order / DCA,GTC,2013-07-08
ord_strat_20130708,FILLED,2013-07-08,,1.0,Standing Order / DCA,GTC,2013-07-09
ord_strat_20130709,FILLED,2013-07-09,,1.0,Standing Order / DCA,GTC,2013-07-10
ord_strat_20130710,FILLED,2013-07-10,,1.0,Standing Order / DCA,GTC,2013-07-11
ord_strat_20130711,FILLED,2013-07-11,,1.0,Standing Order / DCA,GTC,2013-07-12
ord_strat_20130712,FILLED,2013-07-12,,1.0,Standing Order / DCA,GTC,2013-07-15
ord_strat_20130715,FILLED,2013-07-15,,1.0,Standing Order / DCA,GTC,2013-07-16
ord_strat_20130716,FILLED,2013-07-16,,1.0,Standing Order / DCA,GTC,2013-07-17
ord_strat_20130717,FILLED,2013-07-17,,1.0,Standing Order / DCA,GTC,2013-07-18
ord_strat_20130718,FILLED,2013-07-18,,1.0,Standing Order / DCA,GTC,2013-07-19
ord_strat_20130719,FILLED,2013-07-19,,1.0,Standing Order / DCA,GTC,2013-07-22
ord_strat_20130722,FILLED,2013-07-22,,1.0,Standing Order / DCA,GTC,2013-07-23
ord_strat_20130723,FILLED,2013-07-23,,1.0,Standing Order / DCA,GTC,2013-07-24
ord_strat_20130724,FILLED,2013-07-24,,1.0,Standing Order / DCA,GTC,2013-07-25
ord_strat_20130725,FILLED,2013-07-25,,1.0,Standing Order / DCA,GTC,2013-07-26
ord_strat_20130726,FILLED,2013-07-26,,1.0,Standing Order / DCA,GTC,2013-07-29
ord_strat_20130729,FILLED,2013-07-29,,1.0,Standing Order / DCA,GTC,2013-07-30
ord_strat_20130730,FILLED,2013-07-30,,1.0,Standing Order / DCA,GTC,2013-07-31
ord_strat_20130731,FILLED,2013-07-31,,1.0,Standing Order / DCA,GTC,2013-08-01
ord_strat_20130801,FILLED,2013-08-01,,1.0,Standing Order / DCA,GTC,2013-08-02
ord_strat_20130802,FILLED,2013-08-02,,1.0,Standing Order / DCA,GTC,2013-08-05
ord_strat_20130805,FILLED,2013-08-05,,1.0,Standing Order / DCA,GTC,2013-08-06
ord_strat_20130806,FILLED,2013-08-06,,1.0,Standing Order / DCA,GTC,2013-08-07
ord_strat_20130807,FILLED,2013-08-07,,1.0,Standing Order / DCA,GTC,2013-08-08
ord_strat_20130808,FILLED,2013-08-08,,1.0,Standing Order / DCA,GTC,2013-08-09
ord_strat_20130809,FILLED,2013-08-09,,1.0,Standing Order / DCA,GTC,2013-08-12
ord_strat_20130812,FILLED,2013-08-12,,1.0,Standing Order / DCA,GTC,2013-08-13
ord_strat_20130813,FILLED,2013-08-13,,1.0,Standing Order / DCA,GTC,2013-08-14
ord_strat_20130814,FILLED,2013-08-14,,1.0,Standing Order / DCA,GTC,2013-08-15
ord_strat_20130815,FILLED,2013-08-15,,1.0,Standing Order / DCA,GTC,2013-08-16
ord_strat_20130816,FILLED,2013-08-16,,1.0,Standing Order / DCA,GTC,2013-08-19
ord_strat_20130819,FILLED,2013-08-19,,1.0,Standing Order / DCA,GTC,2013-08-20
ord_strat_20130820,FILLED,2013-08-20,,1.0,Standing Order / DCA,GTC,2013-08-21
ord_strat_20130821,FILLED,2013-08-21,,1.0,Standing Order / DCA,GTC,2013-08-22
ord_strat_20130822,FILLED,2013-08-22,,1.0,Standing Order / DCA,GTC,2013-08-23
ord_strat_20130823,FILLED,2013-08-23,,1.0,Standing Order / DCA,GTC,2013-08-26
ord_strat_20130826,FILLED,2013-08-26,,1.0,Standing Order / DCA,GTC,2013-08-27
ord_strat_20130827,FILLED,2013-08-27,,1.0,Standing Order / DCA,GTC,2013-08-28
ord_strat_20130828,FILLED,2013-08-28,,1.0,Standing Order / DCA,GTC,2013-08-29
ord_strat_20130829,FILLED,2013-08-29,,1.0,Standing Order / DCA,GTC,2013-08-30
ord_strat_20130830,FILLED,2013-08-30,,1.0,Standing Order / DCA,GTC,2013-09-03
ord_strat_20130903,FILLED,2013-09-03,,1.0,Standing Order / DCA,GTC,2013-09-04
ord_strat_20130904,FILLED,2013-09-04,,1.0,Standing Order / DCA,GTC,2013-09-05
ord_strat_20130905,FILLED,2013-09-05,,1.0,Standing Order / DCA,GTC,2013-09-06
ord_strat_20130906,FILLED,2013-09-06,,1.0,Standing Order / DCA,GTC,2013-09-09
ord_strat_20130909,FILLED,2013-09-09,,1.0,Standing Order / DCA,GTC,2013-09-10
ord_strat_20130910,FILLED,2013-09-10,,1.0,Standing Order / DCA,GTC,2013-09-11
ord_strat_20130911,FILLED,2013-09-11,,1.0,Standing Order / DCA,GTC,2013-09-12
ord_strat_20130912,FILLED,2013-09-12,,1.0,Standing Order / DCA,GTC,2013-09-13
ord_strat_20130913,FILLED,2013-09-13,,1.0,Standing Order / DCA,GTC,2013-09-16
ord_strat_20130916,FILLED,2013-09-16,,1.0,Standing Order / DCA,GTC,2013-09-17
ord_strat_20130917,FILLED,2013-09-17,,1.0,Standing Order / DCA,GTC,2013-09-18
ord_strat_20130918,FILLED,2013-09-18,,1.0,Standing Order / DCA,GTC,2013-09-19
ord_strat_20130919,FILLED,2013-09-19,,1.0,Standing Order / DCA,GTC,2013-09-20
ord_strat_20130920,FILLED,2013-09-20,,1.0,Standing Order / DCA,GTC,2013-09-23
ord_strat_20130923,FILLED,2013-09-23,,1.0,Standing Order / DCA,GTC,2013-09-24
ord_strat_20130924,FILLED,2013-09-24,,1.0,Standing Order / DCA,GTC,2013-09-25
ord_strat_20130925,FILLED,2013-09-25,,1.0,Standing Order / DCA,GTC,2013-09-26
ord_strat_20130926,FILLED,2013-09-26,,1.0,Standing Order / DCA,GTC,2013-09-27
ord_strat_20130927,FILLED,2013-09-27,,1.0,Standing Order / DCA,GTC,2013-09-30
ord_strat_20130930,FILLED,2013-09-30,,1.0,Standing Order / DCA,GTC,2013-10-01
ord_strat_20131001,FILLED,2013-10-01,,1.0,Standing Order / DCA,GTC,2013-10-02
ord_strat_20131002,FILLED,2013-10-02,,1.0,Standing Order / DCA,GTC,2013-10-03
ord_strat_20131003,FILLED,2013-10-03,,1.0,Standing Order / DCA,GTC,2013-10-04
ord_strat_20131004,FILLED,2013-10-04,,1.0,Standing Order / DCA,GTC,2013-10-07
ord_strat_20131007,FILLED,2013-10-07,,1.0,Standing Order / DCA,GTC,2013-10-08
ord_strat_20131008,FILLED,2013-10-08,,1.0,Standing Order / DCA,GTC,2013-10-09
ord_strat_20131009,FILLED,2013-10-09,,1.0,Standing Order / DCA,GTC,2013-10-10
ord_strat_20131010,FILLED,2013-10-10,,1.0,Standing Order / DCA,GTC,2013-10-11
ord_strat_20131011,FILLED,2013-10-11,,1.0,Standing Order / DCA,GTC,2013-10-14
ord_strat_20131014,FILLED,2013-10-14,,1.0,Standing Order / DCA,GTC,2013-10-15
ord_strat_20131015,FILLED,2013-10-15,,1.0,Standing Order / DCA,GTC,2013-10-16
ord_strat_20131016,FILLED,2013-10-16,,1.0,Standing Order / DCA,GTC,2013-10-17
ord_strat_20131017,FILLED,2013-10-17,,1.0,Standing Order / DCA,GTC,2013-10-18
ord_strat_20131018,FILLED,2013-10-18,,1.0,Standing Order / DCA,GTC,2013-10-21
ord_strat_20131021,FILLED,2013-10-21,,1.0,Standing Order / DCA,GTC,2013-10-22
ord_strat_20131022,FILLED,2013-10-22,,1.0,Standing Order / DCA,GTC,2013-10-23
ord_strat_20131023,FILLED,2013-10-23,,1.0,Standing Order / DCA,GTC,2013-10-24
ord_strat_20131024,FILLED,2013-10-24,,1.0,Standing Order / DCA,GTC,2013-10-25
ord_strat_20131025,FILLED,2013-10-25,,1.0,Standing Order / DCA,GTC,2013-10-28
ord_strat_20131028,FILLED,2013-10-28,,1.0,Standing Order / DCA,GTC,2013-10-29
ord_strat_20131029,FILLED,2013-10-29,,1.0,Standing Order / DCA,GTC,2013-10-30
ord_strat_20131030,FILLED,2013-10-30,,1.0,Standing Order / DCA,GTC,2013-10-31
ord_strat_20131031,FILLED,2013-10-31,,1.0,Standing Order / DCA,GTC,2013-11-01
ord_strat_20131101,FILLED,2013-11-01,,1.0,Standing Order / DCA,GTC,2013-11-04
ord_strat_20131104,FILLED,2013-11-04,,1.0,Standing Order / DCA,GTC,2013-11-05
ord_strat_20131105,FILLED,2013-11-05,,1.0,Standing Order / DCA,GTC,2013-11-06
ord_strat_20131106,FILLED,2013-11-06,,1.0,Standing Order / DCA,GTC,2013-11-07
ord_strat_20131107,FILLED,2013-11-07,,1.0,Standing Order / DCA,GTC,2013-11-08
ord_strat_20131108,FILLED,2013-11-08,,1.0,Standing Order / DCA,GTC,2013-11-11
ord_strat_20131111,FILLED,2013-11-11,,1.0,Standing Order / DCA,GTC,2013-11-12
ord_strat_20131112,FILLED,2013-11-12,,1.0,Standing Order / DCA,GTC,2013-11-13
ord_strat_20131113,FILLED,2013-11-13,,1.0,Standing Order / DCA,GTC,2013-11-14
ord_strat_20131114,FILLED,2013-11-14,,1.0,Standing Order / DCA,GTC,2013-11-15
ord_strat_20131115,FILLED,2013-11-15,,1.0,Standing Order / DCA,GTC,2013-11-18
ord_strat_20131118,FILLED,2013-11-18,,1.0,Standing Order / DCA,GTC,2013-11-19
ord_strat_20131119,FILLED,2013-11-19,,1.0,Standing Order / DCA,GTC,2013-11-20
ord_strat_20131120,FILLED,2013-11-20,,1.0,Standing Order / DCA,GTC,2013-11-21
ord_strat_20131121,FILLED,2013-11-21,,1.0,Standing Order / DCA,GTC,2013-11-22
ord_strat_20131122,FILLED,2013-11-22,,1.0,Standing Order / DCA,GTC,2013-11-25
ord_strat_20131125,FILLED,2013-11-25,,1.0,Standing Order / DCA,GTC,2013-11-26
ord_strat_20131126,FILLED,2013-11-26,,1.0,Standing Order / DCA,GTC,2013-11-27
ord_strat_20131127,FILLED,2013-11-27,,1.0,Standing Order / DCA,GTC,2013-11-29
ord_strat_20131129,FILLED,2013-11-29,,1.0,Standing Order / DCA,GTC,2013-12-02
ord_strat_20131202,FILLED,2013-12-02,,1.0,Standing Order / DCA,GTC,2013-12-03
ord_strat_20131203,FILLED,2013-12-03,,1.0,Standing Order / DCA,GTC,2013-12-04
ord_strat_20131204,FILLED,2013-12-04,,1.0,Standing Order / DCA,GTC,2013-12-05
ord_strat_20131205,FILLED,2013-12-05,,1.0,Standing Order / DCA,GTC,2013-12-06
ord_strat_20131206,FILLED,2013-12-06,,1.0,Standing Order / DCA,GTC,2013-12-09
ord_strat_20131209,FILLED,2013-12-09,,1.0,Standing Order / DCA,GTC,2013-12-10
ord_strat_20131210,FILLED,2013-12-10,,1.0,Standing Order / DCA,GTC,2013-12-11
ord_strat_20131211,FILLED,2013-12-11,,1.0,Standing Order / DCA,GTC,2013-12-12
ord_strat_20131212,FILLED,2013-12-12,,1.0,Standing Order / DCA,GTC,2013-12-13
ord_strat_20131213,FILLED,2013-12-13,,1.0,Standing Order / DCA,GTC,2013-12-16
ord_strat_20131216,FILLED,2013-12-16,,1.0,Standing Order / DCA,GTC,2013-12-17
ord_strat_20131217,FILLED,2013-12-17,,1.0,Standing Order / DCA,GTC,2013-12-18
ord_strat_20131218,FILLED,2013-12-18,,1.0,Standing Order / DCA,GTC,2013-12-19
ord_strat_20131219,FILLED,2013-12-19,,1.0,Standing Order / DCA,GTC,2013-12-20
ord_strat_20131220,FILLED,2013-12-20,,1.0,Standing Order / DCA,GTC,2013-12-23
ord_strat_20131223,FILLED,2013-12-23,,1.0,Standing Order / DCA,GTC,2013-12-24
ord_strat_20131224,FILLED,2013-12-24,,1.0,Standing Order / DCA,GTC,2013-12-26
ord_strat_20131226,FILLED,2013-12-26,,1.0,Standing Order / DCA,GTC,2013-12-27
ord_strat_20131227,FILLED,2013-12-27,,1.0,Standing Order / DCA,GTC,2013-12-30
ord_strat_20131230,FILLED,2013-12-30,,1.0,Standing Order / DCA,GTC,2013-12-31
ord_strat_20131231,FILLED,2013-12-31,,1.0,Standing Order / DCA,GTC,2014-01-02
ord_strat_20140102,FILLED,2014-01-02,,1.0,Standing Order / DCA,GTC,2014-01-03
ord_strat_20140103,FILLED,2014-01-03,,1.0,Standing Order / DCA,GTC,2014-01-06
ord_strat_20140106,FILLED,2014-01-06,,1.0,Standing Order / DCA,GTC,2014-01-07
ord_strat_20140107,FILLED,2014-01-07,,1.0,Standing Order / DCA,GTC,2014-01-08
ord_strat_20140108,FILLED,2014-01-08,,1.0,Standing Order / DCA,GTC,2014-01-09
ord_strat_20140109,FILLED,2014-01-09,,1.0,Standing Order / DCA,GTC,2014-01-10
ord_strat_20140110,FILLED,2014-01-10,,1.0,Standing Order / DCA,GTC,2014-01-13
ord_strat_20140113,FILLED,2014-01-13,,1.0,Standing Order / DCA,GTC,2014-01-14
ord_strat_20140114,FILLED,2014-01-14,,1.0,Standing Order / DCA,GTC,2014-01-15
ord_strat_20140115,FILLED,2014-01-15,,1.0,Standing Order / DCA,GTC,2014-01-16
ord_strat_20140116,FILLED,2014-01-16,,1.0,Standing Order / DCA,GTC,2014-01-17
ord_strat_20140117,FILLED,2014-01-17,,1.0,Standing Order / DCA,GTC,2014-01-21
ord_strat_20140121,FILLED,2014-01-21,,1.0,Standing Order / DCA,GTC,2014-01-22
ord_strat_20140122,FILLED,2014-01-22,,1.0,Standing Order / DCA,GTC,2014-01-23
ord_strat_20140123,FILLED,2014-01-23,,1.0,Standing Order / DCA,GTC,2014-01-24
ord_strat_20140124,FILLED,2014-01-24,,1.0,Standing Order / DCA,GTC,2014-01-27
ord_strat_20140127,FILLED,2014-01-27,,1.0,Standing Order / DCA,GTC,2014-01-28
ord_strat_20140128,FILLED,2014-01-28,,1.0,Standing Order / DCA,GTC,2014-01-29
ord_strat_20140129,FILLED,2014-01-29,,1.0,Standing Order / DCA,GTC,2014-01-30
ord_strat_20140130,FILLED,2014-01-30,,1.0,Standing Order / DCA,GTC,2014-01-31
ord_strat_20140131,FILLED,2014-01-31,,1.0,Standing Order / DCA,GTC,2014-02-03
ord_strat_20140203,FILLED,2014-02-03,,1.0,Standing Order / DCA,GTC,2014-02-04
ord_strat_20140204,FILLED,2014-02-04,,1.0,Standing Order / DCA,GTC,2014-02-05
ord_strat_20140205,FILLED,2014-02-05,,1.0,Standing Order / DCA,GTC,2014-02-06
ord_strat_20140206,FILLED,2014-02-06,,1.0,Standing Order / DCA,GTC,2014-02-07
ord_strat_20140207,FILLED,2014-02-07,,1.0,Standing Order / DCA,GTC,2014-02-10
ord_strat_20140210,FILLED,2014-02-10,,1.0,Standing Order / DCA,GTC,2014-02-11
ord_strat_20140211,FILLED,2014-02-11,,1.0,Standing Order / DCA,GTC,2014-02-12
ord_strat_20140212,FILLED,2014-02-12,,1.0,Standing Order / DCA,GTC,2014-02-13
ord_strat_20140213,FILLED,2014-02-13,,1.0,Standing Order / DCA,GTC,2014-02-14
ord_strat_20140214,FILLED,2014-02-14,,1.0,Standing Order / DCA,GTC,2014-02-18
ord_strat_20140218,FILLED,2014-02-18,,1.0,Standing Order / DCA,GTC,2014-02-19
ord_strat_20140219,FILLED,2014-02-19,,1.0,Standing Order / DCA,GTC,2014-02-20
ord_strat_20140220,FILLED,2014-02-20,,1.0,Standing Order / DCA,GTC,2014-02-21
ord_strat_20140221,FILLED,2014-02-21,,1.0,Standing Order / DCA,GTC,2014-02-24
ord_strat_20140224,FILLED,2014-02-24,,1.0,Standing Order / DCA,GTC,2014-02-25
ord_strat_20140225,FILLED,2014-02-25,,1.0,Standing Order / DCA,GTC,2014-02-26
ord_strat_20140226,FILLED,2014-02-26,,1.0,Standing Order / DCA,GTC,2014-02-27
ord_strat_20140227,FILLED,2014-02-27,,1.0,Standing Order / DCA,GTC,2014-02-28
ord_strat_20140228,FILLED,2014-02-28,,1.0,Standing Order / DCA,GTC,2014-03-03
ord_strat_20140303,FILLED,2014-03-03,,1.0,Standing Order / DCA,GTC,2014-03-04
ord_strat_20140304,FILLED,2014-03-04,,1.0,Standing Order / DCA,GTC,2014-03-05
ord_strat_20140305,FILLED,2014-03-05,,1.0,Standing Order / DCA,GTC,2014-03-06
ord_strat_20140306,FILLED,2014-03-06,,1.0,Standing Order / DCA,GTC,2014-03-07
ord_strat_20140307,FILLED,2014-03-07,,1.0,Standing Order / DCA,GTC,2014-03-10
ord_strat_20140310,FILLED,2014-03-10,,1.0,Standing Order / DCA,GTC,2014-03-11
ord_strat_20140311,FILLED,2014-03-11,,1.0,Standing Order / DCA,GTC,2014-03-12
ord_strat_20140312,FILLED,2014-03-12,,1.0,Standing Order / DCA,GTC,2014-03-13
ord_strat_20140313,FILLED,2014-03-13,,1.0,Standing Order / DCA,GTC,2014-03-14
ord_strat_20140314,FILLED,2014-03-14,,1.0,Standing Order / DCA,GTC,2014-03-17
ord_strat_20140317,FILLED,2014-03-17,,1.0,Standing Order / DCA,GTC,2014-03-18
ord_strat_20140318,FILLED,2014-03-18,,1.0,Standing Order / DCA,GTC,2014-03-19
ord_strat_20140319,FILLED,2014-03-19,,1.0,Standing Order / DCA,GTC,2014-03-20
ord_strat_20140320,FILLED,2014-03-20,,1.0,Standing Order / DCA,GTC,2014-03-21
ord_strat_20140321,FILLED,2014-03-21,,1.0,Standing Order / DCA,GTC,2014-03-24
ord_strat_20140324,FILLED,2014-03-24,,1.0,Standing Order / DCA,GTC,2014-03-25
ord_strat_20140325,FILLED,2014-03-25,,1.0,Standing Order / DCA,GTC,2014-03-26
ord_strat_20140326,FILLED,2014-03-26,,1.0,Standing Order / DCA,GTC,2014-03-27
ord_strat_20140327,FILLED,2014-03-27,,1.0,Standing Order / DCA,GTC,2014-03-28
ord_strat_20140328,FILLED,2014-03-28,,1.0,Standing Order / DCA,GTC,2014-03-31
ord_strat_20140331,FILLED,2014-03-31,,1.0,Standing Order / DCA,GTC,2014-04-01
ord_strat_20140401,FILLED,2014-04-01,,1.0,Standing Order / DCA,GTC,2014-04-02
ord_strat_20140402,FILLED,2014-04-02,,1.0,Standing Order / DCA,GTC,2014-04-03
ord_strat_20140403,FILLED,2014-04-03,,1.0,Standing Order / DCA,GTC,2014-04-04
ord_strat_20140404,FILLED,2014-04-04,,1.0,Standing Order / DCA,GTC,2014-04-07
ord_strat_20140407,FILLED,2014-04-07,,1.0,Standing Order / DCA,GTC,2014-04-08
ord_strat_20140408,FILLED,2014-04-08,,1.0,Standing Order / DCA,GTC,2014-04-09
ord_strat_20140409,FILLED,2014-04-09,,1.0,Standing Order / DCA,GTC,2014-04-10
ord_strat_20140410,FILLED,2014-04-10,,1.0,Standing Order / DCA,GTC,2014-04-11
ord_strat_20140411,FILLED,2014-04-11,,1.0,Standing Order / DCA,GTC,2014-04-14
ord_strat_20140414,FILLED,2014-04-14,,1.0,Standing Order / DCA,GTC,2014-04-15
ord_strat_20140415,FILLED,2014-04-15,,1.0,Standing Order / DCA,GTC,2014-04-16
ord_strat_20140416,FILLED,2014-04-16,,1.0,Standing Order / DCA,GTC,2014-04-17
ord_strat_20140417,FILLED,2014-04-17,,1.0,Standing Order / DCA,GTC,2014-04-21
ord_strat_20140421,FILLED,2014-04-21,,1.0,Standing Order / DCA,GTC,2014-04-22
ord_strat_20140422,FILLED,2014-04-22,,1.0,Standing Order / DCA,GTC,2014-04-23
ord_strat_20140423,FILLED,2014-04-23,,1.0,Standing Order / DCA,GTC,2014-04-24
ord_strat_20140424,FILLED,2014-04-24,,1.0,Standing Order / DCA,GTC,2014-04-25
ord_strat_20140425,FILLED,2014-04-25,,1.0,Standing Order / DCA,GTC,2014-04-28
ord_strat_20140428,FILLED,2014-04-28,,1.0,Standing Order / DCA,GTC,2014-04-29
ord_strat_20140429,FILLED,2014-04-29,,1.0,Standing Order / DCA,GTC,2014-04-30
ord_strat_20140430,FILLED,2014-04-30,,1.0,Standing Order / DCA,GTC,2014-05-01
ord_strat_20140501,FILLED,2014-05-01,,1.0,Standing Order / DCA,GTC,2014-05-02
ord_strat_20140502,FILLED,2014-05-02,,1.0,Standing Order / DCA,GTC,2014-05-05
ord_strat_20140505,FILLED,2014-05-05,,1.0,Standing Order / DCA,GTC,2014-05-06
ord_strat_20140506,FILLED,2014-05-06,,1.0,Standing Order / DCA,GTC,2014-05-07
ord_strat_20140507,FILLED,2014-05-07,,1.0,Standing Order / DCA,GTC,2014-05-08
ord_strat_20140508,FILLED,2014-05-08,,1.0,Standing Order / DCA,GTC,2014-05-09
ord_strat_20140509,FILLED,2014-05-09,,1.0,Standing Order / DCA,GTC,2014-05-12
ord_strat_20140512,FILLED,2014-05-12,,1.0,Standing Order / DCA,GTC,2014-05-13
ord_strat_20140513,FILLED,2014-05-13,,1.0,Standing Order / DCA,GTC,2014-05-14
ord_strat_20140514,FILLED,2014-05-14,,1.0,Standing Order / DCA,GTC,2014-05-15
ord_strat_20140515,FILLED,2014-05-15,,1.0,Standing Order / DCA,GTC,2014-05-16
ord_strat_20140516,FILLED,2014-05-16,,1.0,Standing Order / DCA,GTC,2014-05-19
ord_strat_20140519,FILLED,2014-05-19,,1.0,Standing Order / DCA,GTC,2014-05-20
ord_strat_20140520,FILLED,2014-05-20,,1.0,Standing Order / DCA,GTC,2014-05-21
ord_strat_20140521,FILLED,2014-05-21,,1.0,Standing Order / DCA,GTC,2014-05-22
ord_strat_20140522,FILLED,2014-05-22,,1.0,Standing Order / DCA,GTC,2014-05-23
ord_strat_20140523,FILLED,2014-05-23,,1.0,Standing Order / DCA,GTC,2014-05-27
ord_strat_20140527,FILLED,2014-05-27,,1.0,Standing Order / DCA,GTC,2014-05-28
ord_strat_20140528,FILLED,2014-05-28,,1.0,Standing Order / DCA,GTC,2014-05-29
ord_strat_20140529,FILLED,2014-05-29,,1.0,Standing Order / DCA,GTC,2014-05-30
ord_strat_20140530,FILLED,2014-05-30,,1.0,Standing Order / DCA,GTC,2014-06-02
ord_strat_20140602,FILLED,2014-06-02,,1.0,Standing Order / DCA,GTC,2014-06-03
ord_strat_20140603,FILLED,2014-06-03,,1.0,Standing Order / DCA,GTC,2014-06-04
ord_strat_20140604,FILLED,2014-06-04,,1.0,Standing Order / DCA,GTC,2014-06-05
ord_strat_20140605,FILLED,2014-06-05,,1.0,Standing Order / DCA,GTC,2014-06-06
ord_strat_20140606,FILLED,2014-06-06,,1.0,Standing Order / DCA,GTC,2014-06-09
ord_strat_20140609,FILLED,2014-06-09,,1.0,Standing Order / DCA,GTC,2014-06-10
ord_strat_20140610,FILLED,2014-06-10,,1.0,Standing Order / DCA,GTC,2014-06-11
ord_strat_20140611,FILLED,2014-06-11,,1.0,Standing Order / DCA,GTC,2014-06-12
ord_strat_20140612,FILLED,2014-06-12,,1.0,Standing Order / DCA,GTC,2014-06-13
ord_strat_20140613,FILLED,2014-06-13,,1.0,Standing Order / DCA,GTC,2014-06-16
ord_strat_20140616,FILLED,2014-06-16,,1.0,Standing Order / DCA,GTC,2014-06-17
ord_strat_20140617,FILLED,2014-06-17,,1.0,Standing Order / DCA,GTC,2014-06-18
ord_strat_20140618,FILLED,2014-06-18,,1.0,Standing Order / DCA,GTC,2014-06-19
ord_strat_20140619,FILLED,2014-06-19,,1.0,Standing Order / DCA,GTC,2014-06-20
ord_strat_20140620,FILLED,2014-06-20,,1.0,Standing Order / DCA,GTC,2014-06-23
ord_strat_20140623,FILLED,2014-06-23,,1.0,Standing Order / DCA,GTC,2014-06-24
ord_strat_20140624,FILLED,2014-06-24,,1.0,Standing Order / DCA,GTC,2014-06-25
ord_strat_20140625,FILLED,2014-06-25,,1.0,Standing Order / DCA,GTC,2014-06-26
ord_strat_20140626,FILLED,2014-06-26,,1.0,Standing Order / DCA,GTC,2014-06-27
ord_strat_20140627,FILLED,2014-06-27,,1.0,Standing Order / DCA,GTC,2014-06-30
ord_strat_20140630,FILLED,2014-06-30,,1.0,Standing Order / DCA,GTC,2014-07-01
ord_strat_20140701,FILLED,2014-07-01,,1.0,Standing Order / DCA,GTC,2014-07-02
ord_strat_20140702,FILLED,2014-07-02,,1.0,Standing Order / DCA,GTC,2014-07-03
ord_strat_20140703,FILLED,2014-07-03,,1.0,Standing Order / DCA,GTC,2014-07-07
ord_strat_20140707,FILLED,2014-07-07,,1.0,Standing Order / DCA,GTC,2014-07-08
ord_strat_20140708,FILLED,2014-07-08,,1.0,Standing Order / DCA,GTC,2014-07-09
ord_strat_20140709,FILLED,2014-07-09,,1.0,Standing Order / DCA,GTC,2014-07-10
ord_strat_20140710,FILLED,2014-07-10,,1.0,Standing Order / DCA,GTC,2014-07-11
ord_strat_20140711,FILLED,2014-07-11,,1.0,Standing Order / DCA,GTC,2014-07-14
ord_strat_20140714,FILLED,2014-07-14,,1.0,Standing Order / DCA,GTC,2014-07-15
ord_strat_20140715,FILLED,2014-07-15,,1.0,Standing Order / DCA,GTC,2014-07-16
ord_strat_20140716,FILLED,2014-07-16,,1.0,Standing Order / DCA,GTC,2014-07-17
ord_strat_20140717,FILLED,2014-07-17,,1.0,Standing Order / DCA,GTC,2014-07-18
ord_strat_20140718,FILLED,2014-07-18,,1.0,Standing Order / DCA,GTC,2014-07-21
ord_strat_20140721,FILLED,2014-07-21,,1.0,Standing Order / DCA,GTC,2014-07-22
ord_strat_20140722,FILLED,2014-07-22,,1.0,Standing Order / DCA,GTC,2014-07-23
ord_strat_20140723,FILLED,2014-07-23,,1.0,Standing Order / DCA,GTC,2014-07-24
ord_strat_20140724,FILLED,2014-07-24,,1.0,Standing Order / DCA,GTC,2014-07-25
ord_strat_20140725,FILLED,2014-07-25,,1.0,Standing Order / DCA,GTC,2014-07-28
ord_strat_20140728,FILLED,2014-07-28,,1.0,Standing Order / DCA,GTC,2014-07-29
ord_strat_20140729,FILLED,2014-07-29,,1.0,Standing Order / DCA,GTC,2014-07-30
ord_strat_20140730,FILLED,2014-07-30,,1.0,Standing Order / DCA,GTC,2014-07-31
ord_strat_20140731,FILLED,2014-07-31,,1.0,Standing Order / DCA,GTC,2014-08-01
ord_strat_20140801,FILLED,2014-08-01,,1.0,Standing Order / DCA,GTC,2014-08-04
ord_strat_20140804,FILLED,2014-08-04,,1.0,Standing Order / DCA,GTC,2014-08-05
ord_strat_20140805,FILLED,2014-08-05,,1.0,Standing Order / DCA,GTC,2014-08-06
ord_strat_20140806,FILLED,2014-08-06,,1.0,Standing Order / DCA,GTC,2014-08-07
ord_strat_20140807,FILLED,2014-08-07,,1.0,Standing Order / DCA,GTC,2014-08-08
ord_strat_20140808,FILLED,2014-08-08,,1.0,Standing Order / DCA,GTC,2014-08-11
ord_strat_20140811,FILLED,2014-08-11,,1.0,Standing Order / DCA,GTC,2014-08-12
ord_strat_20140812,FILLED,2014-08-12,,1.0,Standing Order / DCA,GTC,2014-08-13
ord_strat_20140813,FILLED,2014-08-13,,1.0,Standing Order / DCA,GTC,2014-08-14
ord_strat_20140814,FILLED,2014-08-14,,1.0,Standing Order / DCA,GTC,2014-08-15
ord_strat_20140815,FILLED,2014-08-15,,1.0,Standing Order / DCA,GTC,2014-08-18
ord_strat_20140818,FILLED,2014-08-18,,1.0,Standing Order / DCA,GTC,2014-08-19
ord_strat_20140819,FILLED,2014-08-19,,1.0,Standing Order / DCA,GTC,2014-08-20
ord_strat_20140820,FILLED,2014-08-20,,1.0,Standing Order / DCA,GTC,2014-08-21
ord_strat_20140821,FILLED,2014-08-21,,1.0,Standing Order / DCA,GTC,2014-08-22
ord_strat_20140822,FILLED,2014-08-22,,1.0,Standing Order / DCA,GTC,2014-08-25
ord_strat_20140825,FILLED,2014-08-25,,1.0,Standing Order / DCA,GTC,2014-08-26
ord_strat_20140826,FILLED,2014-08-26,,1.0,Standing Order / DCA,GTC,2014-08-27
ord_strat_20140827,FILLED,2014-08-27,,1.0,Standing Order / DCA,GTC,2014-08-28
ord_strat_20140828,FILLED,2014-08-28,,1.0,Standing Order / DCA,GTC,2014-08-29
ord_strat_20140829,FILLED,2014-08-29,,1.0,Standing Order / DCA,GTC,2014-09-02
ord_strat_20140902,FILLED,2014-09-02,,1.0,Standing Order / DCA,GTC,2014-09-03
ord_strat_20140903,FILLED,2014-09-03,,1.0,Standing Order / DCA,GTC,2014-09-04
ord_strat_20140904,FILLED,2014-09-04,,1.0,Standing Order / DCA,GTC,2014-09-05
ord_strat_20140905,FILLED,2014-09-05,,1.0,Standing Order / DCA,GTC,2014-09-08
ord_strat_20140908,FILLED,2014-09-08,,1.0,Standing Order / DCA,GTC,2014-09-09
ord_strat_20140909,FILLED,2014-09-09,,1.0,Standing Order / DCA,GTC,2014-09-10
ord_strat_20140910,FILLED,2014-09-10,,1.0,Standing Order / DCA,GTC,2014-09-11
ord_strat_20140911,FILLED,2014-09-11,,1.0,Standing Order / DCA,GTC,2014-09-12
ord_strat_20140912,FILLED,2014-09-12,,1.0,Standing Order / DCA,GTC,2014-09-15
ord_strat_20140915,FILLED,2014-09-15,,1.0,Standing Order / DCA,GTC,2014-09-16
ord_strat_20140916,FILLED,2014-09-16,,1.0,Standing Order / DCA,GTC,2014-09-17
ord_strat_20140917,FILLED,2014-09-17,,1.0,Standing Order / DCA,GTC,2014-09-18
ord_strat_20140918,FILLED,2014-09-18,,1.0,Standing Order / DCA,GTC,2014-09-19
ord_strat_20140919,FILLED,2014-09-19,,1.0,Standing Order / DCA,GTC,2014-09-22
ord_strat_20140922,FILLED,2014-09-22,,1.0,Standing Order / DCA,GTC,2014-09-23
ord_strat_20140923,FILLED,2014-09-23,,1.0,Standing Order / DCA,GTC,2014-09-24
ord_strat_20140924,FILLED,2014-09-24,,1.0,Standing Order / DCA,GTC,2014-09-25
ord_strat_20140925,FILLED,2014-09-25,,1.0,Standing Order / DCA,GTC,2014-09-26
ord_strat_20140926,FILLED,2014-09-26,,1.0,Standing Order / DCA,GTC,2014-09-29
ord_strat_20140929,FILLED,2014-09-29,,1.0,Standing Order / DCA,GTC,2014-09-30
ord_strat_20140930,FILLED,2014-09-30,,1.0,Standing Order / DCA,GTC,2014-10-01
ord_strat_20141001,FILLED,2014-10-01,,1.0,Standing Order / DCA,GTC,2014-10-02
ord_strat_20141002,FILLED,2014-10-02,,1.0,Standing Order / DCA,GTC,2014-10-03
ord_strat_20141003,FILLED,2014-10-03,,1.0,Standing Order / DCA,GTC,2014-10-06
ord_strat_20141006,FILLED,2014-10-06,,1.0,Standing Order / DCA,GTC,2014-10-07
ord_strat_20141007,FILLED,2014-10-07,,1.0,Standing Order / DCA,GTC,2014-10-08
ord_strat_20141008,FILLED,2014-10-08,,1.0,Standing Order / DCA,GTC,2014-10-09
ord_strat_20141009,FILLED,2014-10-09,,1.0,Standing Order / DCA,GTC,2014-10-10
ord_strat_20141010,FILLED,2014-10-10,,1.0,Standing Order / DCA,GTC,2014-10-13
ord_strat_20141013,FILLED,2014-10-13,,1.0,Standing Order / DCA,GTC,2014-10-14
ord_strat_20141014,FILLED,2014-10-14,,1.0,Standing Order / DCA,GTC,2014-10-15
ord_strat_20141015,FILLED,2014-10-15,,1.0,Standing Order / DCA,GTC,2014-10-16
ord_strat_20141016,FILLED,2014-10-16,,1.0,Standing Order / DCA,GTC,2014-10-17
ord_strat_20141017,FILLED,2014-10-17,,1.0,Standing Order / DCA,GTC,2014-10-20
ord_strat_20141020,FILLED,2014-10-20,,1.0,Standing Order / DCA,GTC,2014-10-21
ord_strat_20141021,FILLED,2014-10-21,,1.0,Standing Order / DCA,GTC,2014-10-22
ord_strat_20141022,FILLED,2014-10-22,,1.0,Standing Order / DCA,GTC,2014-10-23
ord_strat_20141023,FILLED,2014-10-23,,1.0,Standing Order / DCA,GTC,2014-10-24
ord_strat_20141024,FILLED,2014-10-24,,1.0,Standing Order / DCA,GTC,2014-10-27
ord_strat_20141027,FILLED,2014-10-27,,1.0,Standing Order / DCA,GTC,2014-10-28
ord_strat_20141028,FILLED,2014-10-28,,1.0,Standing Order / DCA,GTC,2014-10-29
ord_strat_20141029,FILLED,2014-10-29,,1.0,Standing Order / DCA,GTC,2014-10-30
ord_strat_20141030,FILLED,2014-10-30,,1.0,Standing Order / DCA,GTC,2014-10-31
ord_strat_20141031,FILLED,2014-10-31,,1.0,Standing Order / DCA,GTC,2014-11-03
ord_strat_20141103,FILLED,2014-11-03,,1.0,Standing Order / DCA,GTC,2014-11-04
ord_strat_20141104,FILLED,2014-11-04,,1.0,Standing Order / DCA,GTC,2014-11-05
ord_strat_20141105,FILLED,2014-11-05,,1.0,Standing Order / DCA,GTC,2014-11-06
ord_strat_20141106,FILLED,2014-11-06,,1.0,Standing Order / DCA,GTC,2014-11-07
ord_strat_20141107,FILLED,2014-11-07,,1.0,Standing Order / DCA,GTC,2014-11-10
ord_strat_20141110,FILLED,2014-11-10,,1.0,Standing Order / DCA,GTC,2014-11-11
ord_strat_20141111,FILLED,2014-11-11,,1.0,Standing Order / DCA,GTC,2014-11-12
ord_strat_20141112,FILLED,2014-11-12,,1.0,Standing Order / DCA,GTC,2014-11-13
ord_strat_20141113,FILLED,2014-11-13,,1.0,Standing Order / DCA,GTC,2014-11-14
ord_strat_20141114,FILLED,2014-11-14,,1.0,Standing Order / DCA,GTC,2014-11-17
ord_strat_20141117,FILLED,2014-11-17,,1.0,Standing Order / DCA,GTC,2014-11-18
ord_strat_20141118,FILLED,2014-11-18,,1.0,Standing Order / DCA,GTC,2014-11-19
ord_strat_20141119,FILLED,2014-11-19,,1.0,Standing Order / DCA,GTC,2014-11-20
ord_strat_20141120,FILLED,2014-11-20,,1.0,Standing Order / DCA,GTC,2014-11-21
ord_strat_20141121,FILLED,2014-11-21,,1.0,Standing Order / DCA,GTC,2014-11-24
ord_strat_20141124,FILLED,2014-11-24,,1.0,Standing Order / DCA,GTC,2014-11-25
ord_strat_20141125,FILLED,2014-11-25,,1.0,Standing Order / DCA,GTC,2014-11-26
ord_strat_20141126,FILLED,2014-11-26,,1.0,Standing Order / DCA,GTC,2014-11-28
ord_strat_20141128,FILLED,2014-11-28,,1.0,Standing Order / DCA,GTC,2014-12-01
ord_strat_20141201,FILLED,2014-12-01,,1.0,Standing Order / DCA,GTC,2014-12-02
ord_strat_20141202,FILLED,2014-12-02,,1.0,Standing Order / DCA,GTC,2014-12-03
ord_strat_20141203,FILLED,2014-12-03,,1.0,Standing Order / DCA,GTC,2014-12-04
ord_strat_20141204,FILLED,2014-12-04,,1.0,Standing Order / DCA,GTC,2014-12-05
ord_strat_20141205,FILLED,2014-12-05,,1.0,Standing Order / DCA,GTC,2014-12-08
ord_strat_20141208,FILLED,2014-12-08,,0.0,油价击穿成本线与宏观熊市,GTC,2014-12-09
ord_strat_20150205,FILLED,2015-02-05,,1.0,突破卖出价右侧防踏空接回,GTC,2015-02-06
ord_strat_20150206,FILLED,2015-02-06,,1.0,Standing Order / DCA,GTC,2015-02-09
ord_strat_20150209,FILLED,2015-02-09,,1.0,Standing Order / DCA,GTC,2015-02-10
ord_strat_20150210,FILLED,2015-02-10,,1.0,Standing Order / DCA,GTC,2015-02-11
ord_strat_20150211,FILLED,2015-02-11,,1.0,Standing Order / DCA,GTC,2015-02-12
ord_strat_20150212,FILLED,2015-02-12,,1.0,Standing Order / DCA,GTC,2015-02-13
ord_strat_20150213,FILLED,2015-02-13,,1.0,Standing Order / DCA,GTC,2015-02-17
ord_strat_20150217,FILLED,2015-02-17,,1.0,Standing Order / DCA,GTC,2015-02-18
ord_strat_20150218,FILLED,2015-02-18,,1.0,Standing Order / DCA,GTC,2015-02-19
ord_strat_20150219,FILLED,2015-02-19,,1.0,Standing Order / DCA,GTC,2015-02-20
ord_strat_20150220,FILLED,2015-02-20,,1.0,Standing Order / DCA,GTC,2015-02-23
ord_strat_20150223,FILLED,2015-02-23,,1.0,Standing Order / DCA,GTC,2015-02-24
ord_strat_20150224,FILLED,2015-02-24,,1.0,Standing Order / DCA,GTC,2015-02-25
ord_strat_20150225,FILLED,2015-02-25,,1.0,Standing Order / DCA,GTC,2015-02-26
ord_strat_20150226,FILLED,2015-02-26,,1.0,Standing Order / DCA,GTC,2015-02-27
ord_strat_20150227,FILLED,2015-02-27,,1.0,Standing Order / DCA,GTC,2015-03-02
ord_strat_20150302,FILLED,2015-03-02,,1.0,Standing Order / DCA,GTC,2015-03-03
ord_strat_20150303,FILLED,2015-03-03,,1.0,Standing Order / DCA,GTC,2015-03-04
ord_strat_20150304,FILLED,2015-03-04,,1.0,Standing Order / DCA,GTC,2015-03-05
ord_strat_20150305,FILLED,2015-03-05,,1.0,Standing Order / DCA,GTC,2015-03-06
ord_strat_20150306,FILLED,2015-03-06,,0.0,油价击穿成本线与宏观熊市,GTC,2015-03-09
ord_strat_20150401,FILLED,2015-04-01,,1.0,突破卖出价右侧防踏空接回,GTC,2015-04-02
ord_strat_20150402,FILLED,2015-04-02,,1.0,Standing Order / DCA,GTC,2015-04-06
ord_strat_20150406,FILLED,2015-04-06,,1.0,Standing Order / DCA,GTC,2015-04-07
ord_strat_20150407,FILLED,2015-04-07,,1.0,Standing Order / DCA,GTC,2015-04-08
ord_strat_20150408,FILLED,2015-04-08,,1.0,Standing Order / DCA,GTC,2015-04-09
ord_strat_20150409,FILLED,2015-04-09,,1.0,Standing Order / DCA,GTC,2015-04-10
ord_strat_20150410,FILLED,2015-04-10,,1.0,Standing Order / DCA,GTC,2015-04-13
ord_strat_20150413,FILLED,2015-04-13,,1.0,Standing Order / DCA,GTC,2015-04-14
ord_strat_20150414,FILLED,2015-04-14,,1.0,Standing Order / DCA,GTC,2015-04-15
ord_strat_20150415,FILLED,2015-04-15,,1.0,Standing Order / DCA,GTC,2015-04-16
ord_strat_20150416,FILLED,2015-04-16,,1.0,Standing Order / DCA,GTC,2015-04-17
ord_strat_20150417,FILLED,2015-04-17,,1.0,Standing Order / DCA,GTC,2015-04-20
ord_strat_20150420,FILLED,2015-04-20,,1.0,Standing Order / DCA,GTC,2015-04-21
ord_strat_20150421,FILLED,2015-04-21,,1.0,Standing Order / DCA,GTC,2015-04-22
ord_strat_20150422,FILLED,2015-04-22,,1.0,Standing Order / DCA,GTC,2015-04-23
ord_strat_20150423,FILLED,2015-04-23,,1.0,Standing Order / DCA,GTC,2015-04-24
ord_strat_20150424,FILLED,2015-04-24,,1.0,Standing Order / DCA,GTC,2015-04-27
ord_strat_20150427,FILLED,2015-04-27,,1.0,Standing Order / DCA,GTC,2015-04-28
ord_strat_20150428,FILLED,2015-04-28,,1.0,Standing Order / DCA,GTC,2015-04-29
ord_strat_20150429,FILLED,2015-04-29,,1.0,Standing Order / DCA,GTC,2015-04-30
ord_strat_20150430,FILLED,2015-04-30,,1.0,Standing Order / DCA,GTC,2015-05-01
ord_strat_20150501,FILLED,2015-05-01,,1.0,Standing Order / DCA,GTC,2015-05-04
ord_strat_20150504,FILLED,2015-05-04,,1.0,Standing Order / DCA,GTC,2015-05-05
ord_strat_20150505,FILLED,2015-05-05,,1.0,Standing Order / DCA,GTC,2015-05-06
ord_strat_20150506,FILLED,2015-05-06,,1.0,Standing Order / DCA,GTC,2015-05-07
ord_strat_20150507,FILLED,2015-05-07,,1.0,Standing Order / DCA,GTC,2015-05-08
ord_strat_20150508,FILLED,2015-05-08,,1.0,Standing Order / DCA,GTC,2015-05-11
ord_strat_20150511,FILLED,2015-05-11,,1.0,Standing Order / DCA,GTC,2015-05-12
ord_strat_20150512,FILLED,2015-05-12,,1.0,Standing Order / DCA,GTC,2015-05-13
ord_strat_20150513,FILLED,2015-05-13,,1.0,Standing Order / DCA,GTC,2015-05-14
ord_strat_20150514,FILLED,2015-05-14,,1.0,Standing Order / DCA,GTC,2015-05-15
ord_strat_20150515,FILLED,2015-05-15,,1.0,Standing Order / DCA,GTC,2015-05-18
ord_strat_20150518,FILLED,2015-05-18,,1.0,Standing Order / DCA,GTC,2015-05-19
ord_strat_20150519,FILLED,2015-05-19,,1.0,Standing Order / DCA,GTC,2015-05-20
ord_strat_20150520,FILLED,2015-05-20,,1.0,Standing Order / DCA,GTC,2015-05-21
ord_strat_20150521,FILLED,2015-05-21,,1.0,Standing Order / DCA,GTC,2015-05-22
ord_strat_20150522,FILLED,2015-05-22,,1.0,Standing Order / DCA,GTC,2015-05-26
ord_strat_20150526,FILLED,2015-05-26,,0.0,油价击穿成本线与宏观熊市,GTC,2015-05-27
ord_strat_20150828,FILLED,2015-08-28,,1.0,极端出清黄金坑抄底,GTC,2015-08-31
ord_strat_20150831,FILLED,2015-08-31,,0.0,油价击穿成本线与宏观熊市,GTC,2015-09-01
ord_strat_20150901,FILLED,2015-09-01,,1.0,极端出清黄金坑抄底,GTC,2015-09-02
ord_strat_20150902,FILLED,2015-09-02,,0.0,油价击穿成本线与宏观熊市,GTC,2015-09-03
ord_strat_20150903,FILLED,2015-09-03,,1.0,极端出清黄金坑抄底,GTC,2015-09-04
ord_strat_20150904,FILLED,2015-09-04,,0.0,油价击穿成本线与宏观熊市,GTC,2015-09-08
ord_strat_20150908,FILLED,2015-09-08,,1.0,极端出清黄金坑抄底,GTC,2015-09-09
ord_strat_20150909,FILLED,2015-09-09,,0.0,油价击穿成本线与宏观熊市,GTC,2015-09-10
ord_strat_20151007,FILLED,2015-10-07,,1.0,突破卖出价右侧防踏空接回,GTC,2015-10-08
ord_strat_20151008,FILLED,2015-10-08,,1.0,Standing Order / DCA,GTC,2015-10-09
ord_strat_20151009,FILLED,2015-10-09,,1.0,Standing Order / DCA,GTC,2015-10-12
ord_strat_20151012,FILLED,2015-10-12,,1.0,Standing Order / DCA,GTC,2015-10-13
ord_strat_20151013,FILLED,2015-10-13,,1.0,Standing Order / DCA,GTC,2015-10-14
ord_strat_20151014,FILLED,2015-10-14,,1.0,Standing Order / DCA,GTC,2015-10-15
ord_strat_20151015,FILLED,2015-10-15,,1.0,Standing Order / DCA,GTC,2015-10-16
ord_strat_20151016,FILLED,2015-10-16,,1.0,Standing Order / DCA,GTC,2015-10-19
ord_strat_20151019,FILLED,2015-10-19,,1.0,Standing Order / DCA,GTC,2015-10-20
ord_strat_20151020,FILLED,2015-10-20,,1.0,Standing Order / DCA,GTC,2015-10-21
ord_strat_20151021,FILLED,2015-10-21,,1.0,Standing Order / DCA,GTC,2015-10-22
ord_strat_20151022,FILLED,2015-10-22,,1.0,Standing Order / DCA,GTC,2015-10-23
ord_strat_20151023,FILLED,2015-10-23,,1.0,Standing Order / DCA,GTC,2015-10-26
ord_strat_20151026,FILLED,2015-10-26,,1.0,Standing Order / DCA,GTC,2015-10-27
ord_strat_20151027,FILLED,2015-10-27,,1.0,Standing Order / DCA,GTC,2015-10-28
ord_strat_20151028,FILLED,2015-10-28,,1.0,Standing Order / DCA,GTC,2015-10-29
ord_strat_20151029,FILLED,2015-10-29,,1.0,Standing Order / DCA,GTC,2015-10-30
ord_strat_20151030,FILLED,2015-10-30,,1.0,Standing Order / DCA,GTC,2015-11-02
ord_strat_20151102,FILLED,2015-11-02,,1.0,Standing Order / DCA,GTC,2015-11-03
ord_strat_20151103,FILLED,2015-11-03,,1.0,Standing Order / DCA,GTC,2015-11-04
ord_strat_20151104,FILLED,2015-11-04,,1.0,Standing Order / DCA,GTC,2015-11-05
ord_strat_20151105,FILLED,2015-11-05,,1.0,Standing Order / DCA,GTC,2015-11-06
ord_strat_20151106,FILLED,2015-11-06,,1.0,Standing Order / DCA,GTC,2015-11-09
ord_strat_20151109,FILLED,2015-11-09,,1.0,Standing Order / DCA,GTC,2015-11-10
ord_strat_20151110,FILLED,2015-11-10,,1.0,Standing Order / DCA,GTC,2015-11-11
ord_strat_20151111,FILLED,2015-11-11,,1.0,Standing Order / DCA,GTC,2015-11-12
ord_strat_20151112,FILLED,2015-11-12,,1.0,Standing Order / DCA,GTC,2015-11-13
ord_strat_20151113,FILLED,2015-11-13,,1.0,Standing Order / DCA,GTC,2015-11-16
ord_strat_20151116,FILLED,2015-11-16,,1.0,Standing Order / DCA,GTC,2015-11-17
ord_strat_20151117,FILLED,2015-11-17,,1.0,Standing Order / DCA,GTC,2015-11-18
ord_strat_20151118,FILLED,2015-11-18,,1.0,Standing Order / DCA,GTC,2015-11-19
ord_strat_20151119,FILLED,2015-11-19,,1.0,Standing Order / DCA,GTC,2015-11-20
ord_strat_20151120,FILLED,2015-11-20,,1.0,Standing Order / DCA,GTC,2015-11-23
ord_strat_20151123,FILLED,2015-11-23,,1.0,Standing Order / DCA,GTC,2015-11-24
ord_strat_20151124,FILLED,2015-11-24,,1.0,Standing Order / DCA,GTC,2015-11-25
ord_strat_20151125,FILLED,2015-11-25,,1.0,Standing Order / DCA,GTC,2015-11-27
ord_strat_20151127,FILLED,2015-11-27,,1.0,Standing Order / DCA,GTC,2015-11-30
ord_strat_20151130,FILLED,2015-11-30,,1.0,Standing Order / DCA,GTC,2015-12-01
ord_strat_20151201,FILLED,2015-12-01,,1.0,Standing Order / DCA,GTC,2015-12-02
ord_strat_20151202,FILLED,2015-12-02,,0.0,油价击穿成本线与宏观熊市,GTC,2015-12-03
ord_strat_20160122,FILLED,2016-01-22,,1.0,极端出清黄金坑抄底,GTC,2016-01-25
ord_strat_20160125,FILLED,2016-01-25,,0.0,油价击穿成本线与宏观熊市,GTC,2016-01-26
ord_strat_20160126,FILLED,2016-01-26,,1.0,极端出清黄金坑抄底,GTC,2016-01-27
ord_strat_20160127,FILLED,2016-01-27,,0.0,油价击穿成本线与宏观熊市,GTC,2016-01-28
ord_strat_20160128,FILLED,2016-01-28,,1.0,极端出清黄金坑抄底,GTC,2016-01-29
ord_strat_20160129,FILLED,2016-01-29,,0.0,油价击穿成本线与宏观熊市,GTC,2016-02-01
ord_strat_20160201,FILLED,2016-02-01,,1.0,极端出清黄金坑抄底,GTC,2016-02-02
ord_strat_20160202,FILLED,2016-02-02,,0.0,油价击穿成本线与宏观熊市,GTC,2016-02-03
ord_strat_20160203,FILLED,2016-02-03,,1.0,极端出清黄金坑抄底,GTC,2016-02-04
ord_strat_20160204,FILLED,2016-02-04,,0.0,油价击穿成本线与宏观熊市,GTC,2016-02-05
ord_strat_20160303,FILLED,2016-03-03,,1.0,突破卖出价右侧防踏空接回,GTC,2016-03-04
ord_strat_20160304,FILLED,2016-03-04,,1.0,Standing Order / DCA,GTC,2016-03-07
ord_strat_20160307,FILLED,2016-03-07,,1.0,Standing Order / DCA,GTC,2016-03-08
ord_strat_20160308,FILLED,2016-03-08,,1.0,Standing Order / DCA,GTC,2016-03-09
ord_strat_20160309,FILLED,2016-03-09,,1.0,Standing Order / DCA,GTC,2016-03-10
ord_strat_20160310,FILLED,2016-03-10,,1.0,Standing Order / DCA,GTC,2016-03-11
ord_strat_20160311,FILLED,2016-03-11,,1.0,Standing Order / DCA,GTC,2016-03-14
ord_strat_20160314,FILLED,2016-03-14,,1.0,Standing Order / DCA,GTC,2016-03-15
ord_strat_20160315,FILLED,2016-03-15,,1.0,Standing Order / DCA,GTC,2016-03-16
ord_strat_20160316,FILLED,2016-03-16,,1.0,Standing Order / DCA,GTC,2016-03-17
ord_strat_20160317,FILLED,2016-03-17,,1.0,Standing Order / DCA,GTC,2016-03-18
ord_strat_20160318,FILLED,2016-03-18,,1.0,Standing Order / DCA,GTC,2016-03-21
ord_strat_20160321,FILLED,2016-03-21,,1.0,Standing Order / DCA,GTC,2016-03-22
ord_strat_20160322,FILLED,2016-03-22,,1.0,Standing Order / DCA,GTC,2016-03-23
ord_strat_20160323,FILLED,2016-03-23,,1.0,Standing Order / DCA,GTC,2016-03-24
ord_strat_20160324,FILLED,2016-03-24,,1.0,Standing Order / DCA,GTC,2016-03-28
ord_strat_20160328,FILLED,2016-03-28,,1.0,Standing Order / DCA,GTC,2016-03-29
ord_strat_20160329,FILLED,2016-03-29,,1.0,Standing Order / DCA,GTC,2016-03-30
ord_strat_20160330,FILLED,2016-03-30,,1.0,Standing Order / DCA,GTC,2016-03-31
ord_strat_20160331,FILLED,2016-03-31,,1.0,Standing Order / DCA,GTC,2016-04-01
ord_strat_20160401,FILLED,2016-04-01,,1.0,Standing Order / DCA,GTC,2016-04-04
ord_strat_20160404,FILLED,2016-04-04,,1.0,Standing Order / DCA,GTC,2016-04-05
ord_strat_20160405,FILLED,2016-04-05,,1.0,Standing Order / DCA,GTC,2016-04-06
ord_strat_20160406,FILLED,2016-04-06,,1.0,Standing Order / DCA,GTC,2016-04-07
ord_strat_20160407,FILLED,2016-04-07,,1.0,Standing Order / DCA,GTC,2016-04-08
ord_strat_20160408,FILLED,2016-04-08,,1.0,Standing Order / DCA,GTC,2016-04-11
ord_strat_20160411,FILLED,2016-04-11,,1.0,Standing Order / DCA,GTC,2016-04-12
ord_strat_20160412,FILLED,2016-04-12,,1.0,Standing Order / DCA,GTC,2016-04-13
ord_strat_20160413,FILLED,2016-04-13,,1.0,Standing Order / DCA,GTC,2016-04-14
ord_strat_20160414,FILLED,2016-04-14,,1.0,Standing Order / DCA,GTC,2016-04-15
ord_strat_20160415,FILLED,2016-04-15,,1.0,Standing Order / DCA,GTC,2016-04-18
ord_strat_20160418,FILLED,2016-04-18,,1.0,Standing Order / DCA,GTC,2016-04-19
ord_strat_20160419,FILLED,2016-04-19,,1.0,Standing Order / DCA,GTC,2016-04-20
ord_strat_20160420,FILLED,2016-04-20,,1.0,Standing Order / DCA,GTC,2016-04-21
ord_strat_20160421,FILLED,2016-04-21,,1.0,Standing Order / DCA,GTC,2016-04-22
ord_strat_20160422,FILLED,2016-04-22,,1.0,Standing Order / DCA,GTC,2016-04-25
ord_strat_20160425,FILLED,2016-04-25,,1.0,Standing Order / DCA,GTC,2016-04-26
ord_strat_20160426,FILLED,2016-04-26,,1.0,Standing Order / DCA,GTC,2016-04-27
ord_strat_20160427,FILLED,2016-04-27,,1.0,Standing Order / DCA,GTC,2016-04-28
ord_strat_20160428,FILLED,2016-04-28,,1.0,Standing Order / DCA,GTC,2016-04-29
ord_strat_20160429,FILLED,2016-04-29,,1.0,Standing Order / DCA,GTC,2016-05-02
ord_strat_20160502,FILLED,2016-05-02,,1.0,Standing Order / DCA,GTC,2016-05-03
ord_strat_20160503,FILLED,2016-05-03,,1.0,Standing Order / DCA,GTC,2016-05-04
ord_strat_20160504,FILLED,2016-05-04,,1.0,Standing Order / DCA,GTC,2016-05-05
ord_strat_20160505,FILLED,2016-05-05,,1.0,Standing Order / DCA,GTC,2016-05-06
ord_strat_20160506,FILLED,2016-05-06,,1.0,Standing Order / DCA,GTC,2016-05-09
ord_strat_20160509,FILLED,2016-05-09,,1.0,Standing Order / DCA,GTC,2016-05-10
ord_strat_20160510,FILLED,2016-05-10,,1.0,Standing Order / DCA,GTC,2016-05-11
ord_strat_20160511,FILLED,2016-05-11,,1.0,Standing Order / DCA,GTC,2016-05-12
ord_strat_20160512,FILLED,2016-05-12,,1.0,Standing Order / DCA,GTC,2016-05-13
ord_strat_20160513,FILLED,2016-05-13,,1.0,Standing Order / DCA,GTC,2016-05-16
ord_strat_20160516,FILLED,2016-05-16,,1.0,Standing Order / DCA,GTC,2016-05-17
ord_strat_20160517,FILLED,2016-05-17,,1.0,Standing Order / DCA,GTC,2016-05-18
ord_strat_20160518,FILLED,2016-05-18,,1.0,Standing Order / DCA,GTC,2016-05-19
ord_strat_20160519,FILLED,2016-05-19,,1.0,Standing Order / DCA,GTC,2016-05-20
ord_strat_20160520,FILLED,2016-05-20,,1.0,Standing Order / DCA,GTC,2016-05-23
ord_strat_20160523,FILLED,2016-05-23,,1.0,Standing Order / DCA,GTC,2016-05-24
ord_strat_20160524,FILLED,2016-05-24,,1.0,Standing Order / DCA,GTC,2016-05-25
ord_strat_20160525,FILLED,2016-05-25,,1.0,Standing Order / DCA,GTC,2016-05-26
ord_strat_20160526,FILLED,2016-05-26,,1.0,Standing Order / DCA,GTC,2016-05-27
ord_strat_20160527,FILLED,2016-05-27,,1.0,Standing Order / DCA,GTC,2016-05-31
ord_strat_20160531,FILLED,2016-05-31,,1.0,Standing Order / DCA,GTC,2016-06-01
ord_strat_20160601,FILLED,2016-06-01,,1.0,Standing Order / DCA,GTC,2016-06-02
ord_strat_20160602,FILLED,2016-06-02,,1.0,Standing Order / DCA,GTC,2016-06-03
ord_strat_20160603,FILLED,2016-06-03,,1.0,Standing Order / DCA,GTC,2016-06-06
ord_strat_20160606,FILLED,2016-06-06,,1.0,Standing Order / DCA,GTC,2016-06-07
ord_strat_20160607,FILLED,2016-06-07,,1.0,Standing Order / DCA,GTC,2016-06-08
ord_strat_20160608,FILLED,2016-06-08,,1.0,Standing Order / DCA,GTC,2016-06-09
ord_strat_20160609,FILLED,2016-06-09,,1.0,Standing Order / DCA,GTC,2016-06-10
ord_strat_20160610,FILLED,2016-06-10,,1.0,Standing Order / DCA,GTC,2016-06-13
ord_strat_20160613,FILLED,2016-06-13,,1.0,Standing Order / DCA,GTC,2016-06-14
ord_strat_20160614,FILLED,2016-06-14,,1.0,Standing Order / DCA,GTC,2016-06-15
ord_strat_20160615,FILLED,2016-06-15,,1.0,Standing Order / DCA,GTC,2016-06-16
ord_strat_20160616,FILLED,2016-06-16,,1.0,Standing Order / DCA,GTC,2016-06-17
ord_strat_20160617,FILLED,2016-06-17,,1.0,Standing Order / DCA,GTC,2016-06-20
ord_strat_20160620,FILLED,2016-06-20,,1.0,Standing Order / DCA,GTC,2016-06-21
ord_strat_20160621,FILLED,2016-06-21,,1.0,Standing Order / DCA,GTC,2016-06-22
ord_strat_20160622,FILLED,2016-06-22,,1.0,Standing Order / DCA,GTC,2016-06-23
ord_strat_20160623,FILLED,2016-06-23,,1.0,Standing Order / DCA,GTC,2016-06-24
ord_strat_20160624,FILLED,2016-06-24,,1.0,Standing Order / DCA,GTC,2016-06-27
ord_strat_20160627,FILLED,2016-06-27,,1.0,Standing Order / DCA,GTC,2016-06-28
ord_strat_20160628,FILLED,2016-06-28,,1.0,Standing Order / DCA,GTC,2016-06-29
ord_strat_20160629,FILLED,2016-06-29,,1.0,Standing Order / DCA,GTC,2016-06-30
ord_strat_20160630,FILLED,2016-06-30,,1.0,Standing Order / DCA,GTC,2016-07-01
ord_strat_20160701,FILLED,2016-07-01,,1.0,Standing Order / DCA,GTC,2016-07-05
ord_strat_20160705,FILLED,2016-07-05,,1.0,Standing Order / DCA,GTC,2016-07-06
ord_strat_20160706,FILLED,2016-07-06,,1.0,Standing Order / DCA,GTC,2016-07-07
ord_strat_20160707,FILLED,2016-07-07,,1.0,Standing Order / DCA,GTC,2016-07-08
ord_strat_20160708,FILLED,2016-07-08,,1.0,Standing Order / DCA,GTC,2016-07-11
ord_strat_20160711,FILLED,2016-07-11,,1.0,Standing Order / DCA,GTC,2016-07-12
ord_strat_20160712,FILLED,2016-07-12,,1.0,Standing Order / DCA,GTC,2016-07-13
ord_strat_20160713,FILLED,2016-07-13,,1.0,Standing Order / DCA,GTC,2016-07-14
ord_strat_20160714,FILLED,2016-07-14,,1.0,Standing Order / DCA,GTC,2016-07-15
ord_strat_20160715,FILLED,2016-07-15,,1.0,Standing Order / DCA,GTC,2016-07-18
ord_strat_20160718,FILLED,2016-07-18,,1.0,Standing Order / DCA,GTC,2016-07-19
ord_strat_20160719,FILLED,2016-07-19,,1.0,Standing Order / DCA,GTC,2016-07-20
ord_strat_20160720,FILLED,2016-07-20,,1.0,Standing Order / DCA,GTC,2016-07-21
ord_strat_20160721,FILLED,2016-07-21,,1.0,Standing Order / DCA,GTC,2016-07-22
ord_strat_20160722,FILLED,2016-07-22,,1.0,Standing Order / DCA,GTC,2016-07-25
ord_strat_20160725,FILLED,2016-07-25,,1.0,Standing Order / DCA,GTC,2016-07-26
ord_strat_20160726,FILLED,2016-07-26,,1.0,Standing Order / DCA,GTC,2016-07-27
ord_strat_20160727,FILLED,2016-07-27,,1.0,Standing Order / DCA,GTC,2016-07-28
ord_strat_20160728,FILLED,2016-07-28,,1.0,Standing Order / DCA,GTC,2016-07-29
ord_strat_20160729,FILLED,2016-07-29,,1.0,Standing Order / DCA,GTC,2016-08-01
ord_strat_20160801,FILLED,2016-08-01,,1.0,Standing Order / DCA,GTC,2016-08-02
ord_strat_20160802,FILLED,2016-08-02,,1.0,Standing Order / DCA,GTC,2016-08-03
ord_strat_20160803,FILLED,2016-08-03,,1.0,Standing Order / DCA,GTC,2016-08-04
ord_strat_20160804,FILLED,2016-08-04,,1.0,Standing Order / DCA,GTC,2016-08-05
ord_strat_20160805,FILLED,2016-08-05,,1.0,Standing Order / DCA,GTC,2016-08-08
ord_strat_20160808,FILLED,2016-08-08,,1.0,Standing Order / DCA,GTC,2016-08-09
ord_strat_20160809,FILLED,2016-08-09,,1.0,Standing Order / DCA,GTC,2016-08-10
ord_strat_20160810,FILLED,2016-08-10,,1.0,Standing Order / DCA,GTC,2016-08-11
ord_strat_20160811,FILLED,2016-08-11,,1.0,Standing Order / DCA,GTC,2016-08-12
ord_strat_20160812,FILLED,2016-08-12,,1.0,Standing Order / DCA,GTC,2016-08-15
ord_strat_20160815,FILLED,2016-08-15,,1.0,Standing Order / DCA,GTC,2016-08-16
ord_strat_20160816,FILLED,2016-08-16,,1.0,Standing Order / DCA,GTC,2016-08-17
ord_strat_20160817,FILLED,2016-08-17,,1.0,Standing Order / DCA,GTC,2016-08-18
ord_strat_20160818,FILLED,2016-08-18,,1.0,Standing Order / DCA,GTC,2016-08-19
ord_strat_20160819,FILLED,2016-08-19,,1.0,Standing Order / DCA,GTC,2016-08-22
ord_strat_20160822,FILLED,2016-08-22,,1.0,Standing Order / DCA,GTC,2016-08-23
ord_strat_20160823,FILLED,2016-08-23,,1.0,Standing Order / DCA,GTC,2016-08-24
ord_strat_20160824,FILLED,2016-08-24,,1.0,Standing Order / DCA,GTC,2016-08-25
ord_strat_20160825,FILLED,2016-08-25,,1.0,Standing Order / DCA,GTC,2016-08-26
ord_strat_20160826,FILLED,2016-08-26,,1.0,Standing Order / DCA,GTC,2016-08-29
ord_strat_20160829,FILLED,2016-08-29,,1.0,Standing Order / DCA,GTC,2016-08-30
ord_strat_20160830,FILLED,2016-08-30,,1.0,Standing Order / DCA,GTC,2016-08-31
ord_strat_20160831,FILLED,2016-08-31,,1.0,Standing Order / DCA,GTC,2016-09-01
ord_strat_20160901,FILLED,2016-09-01,,1.0,Standing Order / DCA,GTC,2016-09-02
ord_strat_20160902,FILLED,2016-09-02,,1.0,Standing Order / DCA,GTC,2016-09-06
ord_strat_20160906,FILLED,2016-09-06,,1.0,Standing Order / DCA,GTC,2016-09-07
ord_strat_20160907,FILLED,2016-09-07,,1.0,Standing Order / DCA,GTC,2016-09-08
ord_strat_20160908,FILLED,2016-09-08,,1.0,Standing Order / DCA,GTC,2016-09-09
ord_strat_20160909,FILLED,2016-09-09,,1.0,Standing Order / DCA,GTC,2016-09-12
ord_strat_20160912,FILLED,2016-09-12,,1.0,Standing Order / DCA,GTC,2016-09-13
ord_strat_20160913,FILLED,2016-09-13,,1.0,Standing Order / DCA,GTC,2016-09-14
ord_strat_20160914,FILLED,2016-09-14,,1.0,Standing Order / DCA,GTC,2016-09-15
ord_strat_20160915,FILLED,2016-09-15,,1.0,Standing Order / DCA,GTC,2016-09-16
ord_strat_20160916,FILLED,2016-09-16,,1.0,Standing Order / DCA,GTC,2016-09-19
ord_strat_20160919,FILLED,2016-09-19,,1.0,Standing Order / DCA,GTC,2016-09-20
ord_strat_20160920,FILLED,2016-09-20,,1.0,Standing Order / DCA,GTC,2016-09-21
ord_strat_20160921,FILLED,2016-09-21,,1.0,Standing Order / DCA,GTC,2016-09-22
ord_strat_20160922,FILLED,2016-09-22,,1.0,Standing Order / DCA,GTC,2016-09-23
ord_strat_20160923,FILLED,2016-09-23,,1.0,Standing Order / DCA,GTC,2016-09-26
ord_strat_20160926,FILLED,2016-09-26,,1.0,Standing Order / DCA,GTC,2016-09-27
ord_strat_20160927,FILLED,2016-09-27,,1.0,Standing Order / DCA,GTC,2016-09-28
ord_strat_20160928,FILLED,2016-09-28,,1.0,Standing Order / DCA,GTC,2016-09-29
ord_strat_20160929,FILLED,2016-09-29,,1.0,Standing Order / DCA,GTC,2016-09-30
ord_strat_20160930,FILLED,2016-09-30,,1.0,Standing Order / DCA,GTC,2016-10-03
ord_strat_20161003,FILLED,2016-10-03,,1.0,Standing Order / DCA,GTC,2016-10-04
ord_strat_20161004,FILLED,2016-10-04,,1.0,Standing Order / DCA,GTC,2016-10-05
ord_strat_20161005,FILLED,2016-10-05,,1.0,Standing Order / DCA,GTC,2016-10-06
ord_strat_20161006,FILLED,2016-10-06,,1.0,Standing Order / DCA,GTC,2016-10-07
ord_strat_20161007,FILLED,2016-10-07,,1.0,Standing Order / DCA,GTC,2016-10-10
ord_strat_20161010,FILLED,2016-10-10,,1.0,Standing Order / DCA,GTC,2016-10-11
ord_strat_20161011,FILLED,2016-10-11,,1.0,Standing Order / DCA,GTC,2016-10-12
ord_strat_20161012,FILLED,2016-10-12,,1.0,Standing Order / DCA,GTC,2016-10-13
ord_strat_20161013,FILLED,2016-10-13,,1.0,Standing Order / DCA,GTC,2016-10-14
ord_strat_20161014,FILLED,2016-10-14,,1.0,Standing Order / DCA,GTC,2016-10-17
ord_strat_20161017,FILLED,2016-10-17,,1.0,Standing Order / DCA,GTC,2016-10-18
ord_strat_20161018,FILLED,2016-10-18,,1.0,Standing Order / DCA,GTC,2016-10-19
ord_strat_20161019,FILLED,2016-10-19,,1.0,Standing Order / DCA,GTC,2016-10-20
ord_strat_20161020,FILLED,2016-10-20,,1.0,Standing Order / DCA,GTC,2016-10-21
ord_strat_20161021,FILLED,2016-10-21,,1.0,Standing Order / DCA,GTC,2016-10-24
ord_strat_20161024,FILLED,2016-10-24,,1.0,Standing Order / DCA,GTC,2016-10-25
ord_strat_20161025,FILLED,2016-10-25,,1.0,Standing Order / DCA,GTC,2016-10-26
ord_strat_20161026,FILLED,2016-10-26,,1.0,Standing Order / DCA,GTC,2016-10-27
ord_strat_20161027,FILLED,2016-10-27,,1.0,Standing Order / DCA,GTC,2016-10-28
ord_strat_20161028,FILLED,2016-10-28,,1.0,Standing Order / DCA,GTC,2016-10-31
ord_strat_20161031,FILLED,2016-10-31,,1.0,Standing Order / DCA,GTC,2016-11-01
ord_strat_20161101,FILLED,2016-11-01,,1.0,Standing Order / DCA,GTC,2016-11-02
ord_strat_20161102,FILLED,2016-11-02,,1.0,Standing Order / DCA,GTC,2016-11-03
ord_strat_20161103,FILLED,2016-11-03,,1.0,Standing Order / DCA,GTC,2016-11-04
ord_strat_20161104,FILLED,2016-11-04,,1.0,Standing Order / DCA,GTC,2016-11-07
ord_strat_20161107,FILLED,2016-11-07,,1.0,Standing Order / DCA,GTC,2016-11-08
ord_strat_20161108,FILLED,2016-11-08,,1.0,Standing Order / DCA,GTC,2016-11-09
ord_strat_20161109,FILLED,2016-11-09,,1.0,Standing Order / DCA,GTC,2016-11-10
ord_strat_20161110,FILLED,2016-11-10,,1.0,Standing Order / DCA,GTC,2016-11-11
ord_strat_20161111,FILLED,2016-11-11,,1.0,Standing Order / DCA,GTC,2016-11-14
ord_strat_20161114,FILLED,2016-11-14,,1.0,Standing Order / DCA,GTC,2016-11-15
ord_strat_20161115,FILLED,2016-11-15,,1.0,Standing Order / DCA,GTC,2016-11-16
ord_strat_20161116,FILLED,2016-11-16,,1.0,Standing Order / DCA,GTC,2016-11-17
ord_strat_20161117,FILLED,2016-11-17,,1.0,Standing Order / DCA,GTC,2016-11-18
ord_strat_20161118,FILLED,2016-11-18,,1.0,Standing Order / DCA,GTC,2016-11-21
ord_strat_20161121,FILLED,2016-11-21,,1.0,Standing Order / DCA,GTC,2016-11-22
ord_strat_20161122,FILLED,2016-11-22,,1.0,Standing Order / DCA,GTC,2016-11-23
ord_strat_20161123,FILLED,2016-11-23,,1.0,Standing Order / DCA,GTC,2016-11-25
ord_strat_20161125,FILLED,2016-11-25,,1.0,Standing Order / DCA,GTC,2016-11-28
ord_strat_20161128,FILLED,2016-11-28,,1.0,Standing Order / DCA,GTC,2016-11-29
ord_strat_20161129,FILLED,2016-11-29,,1.0,Standing Order / DCA,GTC,2016-11-30
ord_strat_20161130,FILLED,2016-11-30,,1.0,Standing Order / DCA,GTC,2016-12-01
ord_strat_20161201,FILLED,2016-12-01,,1.0,Standing Order / DCA,GTC,2016-12-02
ord_strat_20161202,FILLED,2016-12-02,,1.0,Standing Order / DCA,GTC,2016-12-05
ord_strat_20161205,FILLED,2016-12-05,,1.0,Standing Order / DCA,GTC,2016-12-06
ord_strat_20161206,FILLED,2016-12-06,,1.0,Standing Order / DCA,GTC,2016-12-07
ord_strat_20161207,FILLED,2016-12-07,,1.0,Standing Order / DCA,GTC,2016-12-08
ord_strat_20161208,FILLED,2016-12-08,,1.0,Standing Order / DCA,GTC,2016-12-09
ord_strat_20161209,FILLED,2016-12-09,,1.0,Standing Order / DCA,GTC,2016-12-12
ord_strat_20161212,FILLED,2016-12-12,,1.0,Standing Order / DCA,GTC,2016-12-13
ord_strat_20161213,FILLED,2016-12-13,,1.0,Standing Order / DCA,GTC,2016-12-14
ord_strat_20161214,FILLED,2016-12-14,,1.0,Standing Order / DCA,GTC,2016-12-15
ord_strat_20161215,FILLED,2016-12-15,,1.0,Standing Order / DCA,GTC,2016-12-16
ord_strat_20161216,FILLED,2016-12-16,,1.0,Standing Order / DCA,GTC,2016-12-19
ord_strat_20161219,FILLED,2016-12-19,,1.0,Standing Order / DCA,GTC,2016-12-20
ord_strat_20161220,FILLED,2016-12-20,,1.0,Standing Order / DCA,GTC,2016-12-21
ord_strat_20161221,FILLED,2016-12-21,,1.0,Standing Order / DCA,GTC,2016-12-22
ord_strat_20161222,FILLED,2016-12-22,,1.0,Standing Order / DCA,GTC,2016-12-23
ord_strat_20161223,FILLED,2016-12-23,,1.0,Standing Order / DCA,GTC,2016-12-27
ord_strat_20161227,FILLED,2016-12-27,,1.0,Standing Order / DCA,GTC,2016-12-28
ord_strat_20161228,FILLED,2016-12-28,,1.0,Standing Order / DCA,GTC,2016-12-29
ord_strat_20161229,FILLED,2016-12-29,,1.0,Standing Order / DCA,GTC,2016-12-30
ord_strat_20161230,FILLED,2016-12-30,,1.0,Standing Order / DCA,GTC,2017-01-03
ord_strat_20170103,FILLED,2017-01-03,,1.0,Standing Order / DCA,GTC,2017-01-04
ord_strat_20170104,FILLED,2017-01-04,,1.0,Standing Order / DCA,GTC,2017-01-05
ord_strat_20170105,FILLED,2017-01-05,,1.0,Standing Order / DCA,GTC,2017-01-06
ord_strat_20170106,FILLED,2017-01-06,,1.0,Standing Order / DCA,GTC,2017-01-09
ord_strat_20170109,FILLED,2017-01-09,,1.0,Standing Order / DCA,GTC,2017-01-10
ord_strat_20170110,FILLED,2017-01-10,,1.0,Standing Order / DCA,GTC,2017-01-11
ord_strat_20170111,FILLED,2017-01-11,,1.0,Standing Order / DCA,GTC,2017-01-12
ord_strat_20170112,FILLED,2017-01-12,,1.0,Standing Order / DCA,GTC,2017-01-13
ord_strat_20170113,FILLED,2017-01-13,,1.0,Standing Order / DCA,GTC,2017-01-17
ord_strat_20170117,FILLED,2017-01-17,,1.0,Standing Order / DCA,GTC,2017-01-18
ord_strat_20170118,FILLED,2017-01-18,,1.0,Standing Order / DCA,GTC,2017-01-19
ord_strat_20170119,FILLED,2017-01-19,,1.0,Standing Order / DCA,GTC,2017-01-20
ord_strat_20170120,FILLED,2017-01-20,,1.0,Standing Order / DCA,GTC,2017-01-23
ord_strat_20170123,FILLED,2017-01-23,,1.0,Standing Order / DCA,GTC,2017-01-24
ord_strat_20170124,FILLED,2017-01-24,,1.0,Standing Order / DCA,GTC,2017-01-25
ord_strat_20170125,FILLED,2017-01-25,,1.0,Standing Order / DCA,GTC,2017-01-26
ord_strat_20170126,FILLED,2017-01-26,,1.0,Standing Order / DCA,GTC,2017-01-27
ord_strat_20170127,FILLED,2017-01-27,,1.0,Standing Order / DCA,GTC,2017-01-30
ord_strat_20170130,FILLED,2017-01-30,,1.0,Standing Order / DCA,GTC,2017-01-31
ord_strat_20170131,FILLED,2017-01-31,,1.0,Standing Order / DCA,GTC,2017-02-01
ord_strat_20170201,FILLED,2017-02-01,,1.0,Standing Order / DCA,GTC,2017-02-02
ord_strat_20170202,FILLED,2017-02-02,,1.0,Standing Order / DCA,GTC,2017-02-03
ord_strat_20170203,FILLED,2017-02-03,,1.0,Standing Order / DCA,GTC,2017-02-06
ord_strat_20170206,FILLED,2017-02-06,,1.0,Standing Order / DCA,GTC,2017-02-07
ord_strat_20170207,FILLED,2017-02-07,,1.0,Standing Order / DCA,GTC,2017-02-08
ord_strat_20170208,FILLED,2017-02-08,,1.0,Standing Order / DCA,GTC,2017-02-09
ord_strat_20170209,FILLED,2017-02-09,,1.0,Standing Order / DCA,GTC,2017-02-10
ord_strat_20170210,FILLED,2017-02-10,,1.0,Standing Order / DCA,GTC,2017-02-13
ord_strat_20170213,FILLED,2017-02-13,,1.0,Standing Order / DCA,GTC,2017-02-14
ord_strat_20170214,FILLED,2017-02-14,,1.0,Standing Order / DCA,GTC,2017-02-15
ord_strat_20170215,FILLED,2017-02-15,,1.0,Standing Order / DCA,GTC,2017-02-16
ord_strat_20170216,FILLED,2017-02-16,,1.0,Standing Order / DCA,GTC,2017-02-17
ord_strat_20170217,FILLED,2017-02-17,,1.0,Standing Order / DCA,GTC,2017-02-21
ord_strat_20170221,FILLED,2017-02-21,,1.0,Standing Order / DCA,GTC,2017-02-22
ord_strat_20170222,FILLED,2017-02-22,,1.0,Standing Order / DCA,GTC,2017-02-23
ord_strat_20170223,FILLED,2017-02-23,,1.0,Standing Order / DCA,GTC,2017-02-24
ord_strat_20170224,FILLED,2017-02-24,,1.0,Standing Order / DCA,GTC,2017-02-27
ord_strat_20170227,FILLED,2017-02-27,,1.0,Standing Order / DCA,GTC,2017-02-28
ord_strat_20170228,FILLED,2017-02-28,,1.0,Standing Order / DCA,GTC,2017-03-01
ord_strat_20170301,FILLED,2017-03-01,,1.0,Standing Order / DCA,GTC,2017-03-02
ord_strat_20170302,FILLED,2017-03-02,,1.0,Standing Order / DCA,GTC,2017-03-03
ord_strat_20170303,FILLED,2017-03-03,,1.0,Standing Order / DCA,GTC,2017-03-06
ord_strat_20170306,FILLED,2017-03-06,,1.0,Standing Order / DCA,GTC,2017-03-07
ord_strat_20170307,FILLED,2017-03-07,,1.0,Standing Order / DCA,GTC,2017-03-08
ord_strat_20170308,FILLED,2017-03-08,,1.0,Standing Order / DCA,GTC,2017-03-09
ord_strat_20170309,FILLED,2017-03-09,,1.0,Standing Order / DCA,GTC,2017-03-10
ord_strat_20170310,FILLED,2017-03-10,,0.0,油价击穿成本线与宏观熊市,GTC,2017-03-13
ord_strat_20170728,FILLED,2017-07-28,,1.0,油价企稳成本线且趋势重构,GTC,2017-07-31
ord_strat_20170731,FILLED,2017-07-31,,1.0,Standing Order / DCA,GTC,2017-08-01
ord_strat_20170801,FILLED,2017-08-01,,1.0,Standing Order / DCA,GTC,2017-08-02
ord_strat_20170802,FILLED,2017-08-02,,1.0,Standing Order / DCA,GTC,2017-08-03
ord_strat_20170803,FILLED,2017-08-03,,1.0,Standing Order / DCA,GTC,2017-08-04
ord_strat_20170804,FILLED,2017-08-04,,1.0,Standing Order / DCA,GTC,2017-08-07
ord_strat_20170807,FILLED,2017-08-07,,1.0,Standing Order / DCA,GTC,2017-08-08
ord_strat_20170808,FILLED,2017-08-08,,1.0,Standing Order / DCA,GTC,2017-08-09
ord_strat_20170809,FILLED,2017-08-09,,1.0,Standing Order / DCA,GTC,2017-08-10
ord_strat_20170810,FILLED,2017-08-10,,1.0,Standing Order / DCA,GTC,2017-08-11
ord_strat_20170811,FILLED,2017-08-11,,1.0,Standing Order / DCA,GTC,2017-08-14
ord_strat_20170814,FILLED,2017-08-14,,1.0,Standing Order / DCA,GTC,2017-08-15
ord_strat_20170815,FILLED,2017-08-15,,1.0,Standing Order / DCA,GTC,2017-08-16
ord_strat_20170816,FILLED,2017-08-16,,1.0,Standing Order / DCA,GTC,2017-08-17
ord_strat_20170817,FILLED,2017-08-17,,1.0,Standing Order / DCA,GTC,2017-08-18
ord_strat_20170818,FILLED,2017-08-18,,1.0,Standing Order / DCA,GTC,2017-08-21
ord_strat_20170821,FILLED,2017-08-21,,1.0,Standing Order / DCA,GTC,2017-08-22
ord_strat_20170822,FILLED,2017-08-22,,1.0,Standing Order / DCA,GTC,2017-08-23
ord_strat_20170823,FILLED,2017-08-23,,1.0,Standing Order / DCA,GTC,2017-08-24
ord_strat_20170824,FILLED,2017-08-24,,1.0,Standing Order / DCA,GTC,2017-08-25
ord_strat_20170825,FILLED,2017-08-25,,1.0,Standing Order / DCA,GTC,2017-08-28
ord_strat_20170828,FILLED,2017-08-28,,1.0,Standing Order / DCA,GTC,2017-08-29
ord_strat_20170829,FILLED,2017-08-29,,1.0,Standing Order / DCA,GTC,2017-08-30
ord_strat_20170830,FILLED,2017-08-30,,1.0,Standing Order / DCA,GTC,2017-08-31
ord_strat_20170831,FILLED,2017-08-31,,1.0,Standing Order / DCA,GTC,2017-09-01
ord_strat_20170901,FILLED,2017-09-01,,1.0,Standing Order / DCA,GTC,2017-09-05
ord_strat_20170905,FILLED,2017-09-05,,1.0,Standing Order / DCA,GTC,2017-09-06
ord_strat_20170906,FILLED,2017-09-06,,1.0,Standing Order / DCA,GTC,2017-09-07
ord_strat_20170907,FILLED,2017-09-07,,1.0,Standing Order / DCA,GTC,2017-09-08
ord_strat_20170908,FILLED,2017-09-08,,1.0,Standing Order / DCA,GTC,2017-09-11
ord_strat_20170911,FILLED,2017-09-11,,1.0,Standing Order / DCA,GTC,2017-09-12
ord_strat_20170912,FILLED,2017-09-12,,1.0,Standing Order / DCA,GTC,2017-09-13
ord_strat_20170913,FILLED,2017-09-13,,1.0,Standing Order / DCA,GTC,2017-09-14
ord_strat_20170914,FILLED,2017-09-14,,1.0,Standing Order / DCA,GTC,2017-09-15
ord_strat_20170915,FILLED,2017-09-15,,1.0,Standing Order / DCA,GTC,2017-09-18
ord_strat_20170918,FILLED,2017-09-18,,1.0,Standing Order / DCA,GTC,2017-09-19
ord_strat_20170919,FILLED,2017-09-19,,1.0,Standing Order / DCA,GTC,2017-09-20
ord_strat_20170920,FILLED,2017-09-20,,1.0,Standing Order / DCA,GTC,2017-09-21
ord_strat_20170921,FILLED,2017-09-21,,1.0,Standing Order / DCA,GTC,2017-09-22
ord_strat_20170922,FILLED,2017-09-22,,1.0,Standing Order / DCA,GTC,2017-09-25
ord_strat_20170925,FILLED,2017-09-25,,1.0,Standing Order / DCA,GTC,2017-09-26
ord_strat_20170926,FILLED,2017-09-26,,1.0,Standing Order / DCA,GTC,2017-09-27
ord_strat_20170927,FILLED,2017-09-27,,1.0,Standing Order / DCA,GTC,2017-09-28
ord_strat_20170928,FILLED,2017-09-28,,1.0,Standing Order / DCA,GTC,2017-09-29
ord_strat_20170929,FILLED,2017-09-29,,1.0,Standing Order / DCA,GTC,2017-10-02
ord_strat_20171002,FILLED,2017-10-02,,1.0,Standing Order / DCA,GTC,2017-10-03
ord_strat_20171003,FILLED,2017-10-03,,1.0,Standing Order / DCA,GTC,2017-10-04
ord_strat_20171004,FILLED,2017-10-04,,1.0,Standing Order / DCA,GTC,2017-10-05
ord_strat_20171005,FILLED,2017-10-05,,1.0,Standing Order / DCA,GTC,2017-10-06
ord_strat_20171006,FILLED,2017-10-06,,1.0,Standing Order / DCA,GTC,2017-10-09
ord_strat_20171009,FILLED,2017-10-09,,1.0,Standing Order / DCA,GTC,2017-10-10
ord_strat_20171010,FILLED,2017-10-10,,1.0,Standing Order / DCA,GTC,2017-10-11
ord_strat_20171011,FILLED,2017-10-11,,1.0,Standing Order / DCA,GTC,2017-10-12
ord_strat_20171012,FILLED,2017-10-12,,1.0,Standing Order / DCA,GTC,2017-10-13
ord_strat_20171013,FILLED,2017-10-13,,1.0,Standing Order / DCA,GTC,2017-10-16
ord_strat_20171016,FILLED,2017-10-16,,1.0,Standing Order / DCA,GTC,2017-10-17
ord_strat_20171017,FILLED,2017-10-17,,1.0,Standing Order / DCA,GTC,2017-10-18
ord_strat_20171018,FILLED,2017-10-18,,1.0,Standing Order / DCA,GTC,2017-10-19
ord_strat_20171019,FILLED,2017-10-19,,1.0,Standing Order / DCA,GTC,2017-10-20
ord_strat_20171020,FILLED,2017-10-20,,1.0,Standing Order / DCA,GTC,2017-10-23
ord_strat_20171023,FILLED,2017-10-23,,1.0,Standing Order / DCA,GTC,2017-10-24
ord_strat_20171024,FILLED,2017-10-24,,1.0,Standing Order / DCA,GTC,2017-10-25
ord_strat_20171025,FILLED,2017-10-25,,1.0,Standing Order / DCA,GTC,2017-10-26
ord_strat_20171026,FILLED,2017-10-26,,1.0,Standing Order / DCA,GTC,2017-10-27
ord_strat_20171027,FILLED,2017-10-27,,1.0,Standing Order / DCA,GTC,2017-10-30
ord_strat_20171030,FILLED,2017-10-30,,1.0,Standing Order / DCA,GTC,2017-10-31
ord_strat_20171031,FILLED,2017-10-31,,1.0,Standing Order / DCA,GTC,2017-11-01
ord_strat_20171101,FILLED,2017-11-01,,1.0,Standing Order / DCA,GTC,2017-11-02
ord_strat_20171102,FILLED,2017-11-02,,1.0,Standing Order / DCA,GTC,2017-11-03
ord_strat_20171103,FILLED,2017-11-03,,1.0,Standing Order / DCA,GTC,2017-11-06
ord_strat_20171106,FILLED,2017-11-06,,1.0,Standing Order / DCA,GTC,2017-11-07
ord_strat_20171107,FILLED,2017-11-07,,1.0,Standing Order / DCA,GTC,2017-11-08
ord_strat_20171108,FILLED,2017-11-08,,1.0,Standing Order / DCA,GTC,2017-11-09
ord_strat_20171109,FILLED,2017-11-09,,1.0,Standing Order / DCA,GTC,2017-11-10
ord_strat_20171110,FILLED,2017-11-10,,1.0,Standing Order / DCA,GTC,2017-11-13
ord_strat_20171113,FILLED,2017-11-13,,1.0,Standing Order / DCA,GTC,2017-11-14
ord_strat_20171114,FILLED,2017-11-14,,1.0,Standing Order / DCA,GTC,2017-11-15
ord_strat_20171115,FILLED,2017-11-15,,1.0,Standing Order / DCA,GTC,2017-11-16
ord_strat_20171116,FILLED,2017-11-16,,1.0,Standing Order / DCA,GTC,2017-11-17
ord_strat_20171117,FILLED,2017-11-17,,1.0,Standing Order / DCA,GTC,2017-11-20
ord_strat_20171120,FILLED,2017-11-20,,1.0,Standing Order / DCA,GTC,2017-11-21
ord_strat_20171121,FILLED,2017-11-21,,1.0,Standing Order / DCA,GTC,2017-11-22
ord_strat_20171122,FILLED,2017-11-22,,1.0,Standing Order / DCA,GTC,2017-11-24
ord_strat_20171124,FILLED,2017-11-24,,1.0,Standing Order / DCA,GTC,2017-11-27
ord_strat_20171127,FILLED,2017-11-27,,1.0,Standing Order / DCA,GTC,2017-11-28
ord_strat_20171128,FILLED,2017-11-28,,1.0,Standing Order / DCA,GTC,2017-11-29
ord_strat_20171129,FILLED,2017-11-29,,1.0,Standing Order / DCA,GTC,2017-11-30
ord_strat_20171130,FILLED,2017-11-30,,1.0,Standing Order / DCA,GTC,2017-12-01
ord_strat_20171201,FILLED,2017-12-01,,1.0,Standing Order / DCA,GTC,2017-12-04
ord_strat_20171204,FILLED,2017-12-04,,1.0,Standing Order / DCA,GTC,2017-12-05
ord_strat_20171205,FILLED,2017-12-05,,1.0,Standing Order / DCA,GTC,2017-12-06
ord_strat_20171206,FILLED,2017-12-06,,1.0,Standing Order / DCA,GTC,2017-12-07
ord_strat_20171207,FILLED,2017-12-07,,1.0,Standing Order / DCA,GTC,2017-12-08
ord_strat_20171208,FILLED,2017-12-08,,1.0,Standing Order / DCA,GTC,2017-12-11
ord_strat_20171211,FILLED,2017-12-11,,1.0,Standing Order / DCA,GTC,2017-12-12
ord_strat_20171212,FILLED,2017-12-12,,1.0,Standing Order / DCA,GTC,2017-12-13
ord_strat_20171213,FILLED,2017-12-13,,1.0,Standing Order / DCA,GTC,2017-12-14
ord_strat_20171214,FILLED,2017-12-14,,1.0,Standing Order / DCA,GTC,2017-12-15
ord_strat_20171215,FILLED,2017-12-15,,1.0,Standing Order / DCA,GTC,2017-12-18
ord_strat_20171218,FILLED,2017-12-18,,1.0,Standing Order / DCA,GTC,2017-12-19
ord_strat_20171219,FILLED,2017-12-19,,1.0,Standing Order / DCA,GTC,2017-12-20
ord_strat_20171220,FILLED,2017-12-20,,1.0,Standing Order / DCA,GTC,2017-12-21
ord_strat_20171221,FILLED,2017-12-21,,1.0,Standing Order / DCA,GTC,2017-12-22
ord_strat_20171222,FILLED,2017-12-22,,1.0,Standing Order / DCA,GTC,2017-12-26
ord_strat_20171226,FILLED,2017-12-26,,1.0,Standing Order / DCA,GTC,2017-12-27
ord_strat_20171227,FILLED,2017-12-27,,1.0,Standing Order / DCA,GTC,2017-12-28
ord_strat_20171228,FILLED,2017-12-28,,1.0,Standing Order / DCA,GTC,2017-12-29
ord_strat_20171229,FILLED,2017-12-29,,1.0,Standing Order / DCA,GTC,2018-01-02
ord_strat_20180102,FILLED,2018-01-02,,1.0,Standing Order / DCA,GTC,2018-01-03
ord_strat_20180103,FILLED,2018-01-03,,1.0,Standing Order / DCA,GTC,2018-01-04
ord_strat_20180104,FILLED,2018-01-04,,1.0,Standing Order / DCA,GTC,2018-01-05
ord_strat_20180105,FILLED,2018-01-05,,1.0,Standing Order / DCA,GTC,2018-01-08
ord_strat_20180108,FILLED,2018-01-08,,1.0,Standing Order / DCA,GTC,2018-01-09
ord_strat_20180109,FILLED,2018-01-09,,1.0,Standing Order / DCA,GTC,2018-01-10
ord_strat_20180110,FILLED,2018-01-10,,1.0,Standing Order / DCA,GTC,2018-01-11
ord_strat_20180111,FILLED,2018-01-11,,1.0,Standing Order / DCA,GTC,2018-01-12
ord_strat_20180112,FILLED,2018-01-12,,1.0,Standing Order / DCA,GTC,2018-01-16
ord_strat_20180116,FILLED,2018-01-16,,1.0,Standing Order / DCA,GTC,2018-01-17
ord_strat_20180117,FILLED,2018-01-17,,1.0,Standing Order / DCA,GTC,2018-01-18
ord_strat_20180118,FILLED,2018-01-18,,1.0,Standing Order / DCA,GTC,2018-01-19
ord_strat_20180119,FILLED,2018-01-19,,1.0,Standing Order / DCA,GTC,2018-01-22
ord_strat_20180122,FILLED,2018-01-22,,1.0,Standing Order / DCA,GTC,2018-01-23
ord_strat_20180123,FILLED,2018-01-23,,1.0,Standing Order / DCA,GTC,2018-01-24
ord_strat_20180124,FILLED,2018-01-24,,1.0,Standing Order / DCA,GTC,2018-01-25
ord_strat_20180125,FILLED,2018-01-25,,1.0,Standing Order / DCA,GTC,2018-01-26
ord_strat_20180126,FILLED,2018-01-26,,1.0,Standing Order / DCA,GTC,2018-01-29
ord_strat_20180129,FILLED,2018-01-29,,1.0,Standing Order / DCA,GTC,2018-01-30
ord_strat_20180130,FILLED,2018-01-30,,1.0,Standing Order / DCA,GTC,2018-01-31
ord_strat_20180131,FILLED,2018-01-31,,1.0,Standing Order / DCA,GTC,2018-02-01
ord_strat_20180201,FILLED,2018-02-01,,1.0,Standing Order / DCA,GTC,2018-02-02
ord_strat_20180202,FILLED,2018-02-02,,1.0,Standing Order / DCA,GTC,2018-02-05
ord_strat_20180205,FILLED,2018-02-05,,1.0,Standing Order / DCA,GTC,2018-02-06
ord_strat_20180206,FILLED,2018-02-06,,1.0,Standing Order / DCA,GTC,2018-02-07
ord_strat_20180207,FILLED,2018-02-07,,1.0,Standing Order / DCA,GTC,2018-02-08
ord_strat_20180208,FILLED,2018-02-08,,1.0,Standing Order / DCA,GTC,2018-02-09
ord_strat_20180209,FILLED,2018-02-09,,1.0,Standing Order / DCA,GTC,2018-02-12
ord_strat_20180212,FILLED,2018-02-12,,1.0,Standing Order / DCA,GTC,2018-02-13
ord_strat_20180213,FILLED,2018-02-13,,1.0,Standing Order / DCA,GTC,2018-02-14
ord_strat_20180214,FILLED,2018-02-14,,1.0,Standing Order / DCA,GTC,2018-02-15
ord_strat_20180215,FILLED,2018-02-15,,1.0,Standing Order / DCA,GTC,2018-02-16
ord_strat_20180216,FILLED,2018-02-16,,1.0,Standing Order / DCA,GTC,2018-02-20
ord_strat_20180220,FILLED,2018-02-20,,1.0,Standing Order / DCA,GTC,2018-02-21
ord_strat_20180221,FILLED,2018-02-21,,1.0,Standing Order / DCA,GTC,2018-02-22
ord_strat_20180222,FILLED,2018-02-22,,1.0,Standing Order / DCA,GTC,2018-02-23
ord_strat_20180223,FILLED,2018-02-23,,1.0,Standing Order / DCA,GTC,2018-02-26
ord_strat_20180226,FILLED,2018-02-26,,1.0,Standing Order / DCA,GTC,2018-02-27
ord_strat_20180227,FILLED,2018-02-27,,1.0,Standing Order / DCA,GTC,2018-02-28
ord_strat_20180228,FILLED,2018-02-28,,1.0,Standing Order / DCA,GTC,2018-03-01
ord_strat_20180301,FILLED,2018-03-01,,1.0,Standing Order / DCA,GTC,2018-03-02
ord_strat_20180302,FILLED,2018-03-02,,1.0,Standing Order / DCA,GTC,2018-03-05
ord_strat_20180305,FILLED,2018-03-05,,1.0,Standing Order / DCA,GTC,2018-03-06
ord_strat_20180306,FILLED,2018-03-06,,1.0,Standing Order / DCA,GTC,2018-03-07
ord_strat_20180307,FILLED,2018-03-07,,1.0,Standing Order / DCA,GTC,2018-03-08
ord_strat_20180308,FILLED,2018-03-08,,1.0,Standing Order / DCA,GTC,2018-03-09
ord_strat_20180309,FILLED,2018-03-09,,1.0,Standing Order / DCA,GTC,2018-03-12
ord_strat_20180312,FILLED,2018-03-12,,1.0,Standing Order / DCA,GTC,2018-03-13
ord_strat_20180313,FILLED,2018-03-13,,1.0,Standing Order / DCA,GTC,2018-03-14
ord_strat_20180314,FILLED,2018-03-14,,1.0,Standing Order / DCA,GTC,2018-03-15
ord_strat_20180315,FILLED,2018-03-15,,1.0,Standing Order / DCA,GTC,2018-03-16
ord_strat_20180316,FILLED,2018-03-16,,1.0,Standing Order / DCA,GTC,2018-03-19
ord_strat_20180319,FILLED,2018-03-19,,1.0,Standing Order / DCA,GTC,2018-03-20
ord_strat_20180320,FILLED,2018-03-20,,1.0,Standing Order / DCA,GTC,2018-03-21
ord_strat_20180321,FILLED,2018-03-21,,1.0,Standing Order / DCA,GTC,2018-03-22
ord_strat_20180322,FILLED,2018-03-22,,1.0,Standing Order / DCA,GTC,2018-03-23
ord_strat_20180323,FILLED,2018-03-23,,1.0,Standing Order / DCA,GTC,2018-03-26
ord_strat_20180326,FILLED,2018-03-26,,1.0,Standing Order / DCA,GTC,2018-03-27
ord_strat_20180327,FILLED,2018-03-27,,1.0,Standing Order / DCA,GTC,2018-03-28
ord_strat_20180328,FILLED,2018-03-28,,1.0,Standing Order / DCA,GTC,2018-03-29
ord_strat_20180329,FILLED,2018-03-29,,1.0,Standing Order / DCA,GTC,2018-04-02
ord_strat_20180402,FILLED,2018-04-02,,1.0,Standing Order / DCA,GTC,2018-04-03
ord_strat_20180403,FILLED,2018-04-03,,1.0,Standing Order / DCA,GTC,2018-04-04
ord_strat_20180404,FILLED,2018-04-04,,1.0,Standing Order / DCA,GTC,2018-04-05
ord_strat_20180405,FILLED,2018-04-05,,1.0,Standing Order / DCA,GTC,2018-04-06
ord_strat_20180406,FILLED,2018-04-06,,1.0,Standing Order / DCA,GTC,2018-04-09
ord_strat_20180409,FILLED,2018-04-09,,1.0,Standing Order / DCA,GTC,2018-04-10
ord_strat_20180410,FILLED,2018-04-10,,1.0,Standing Order / DCA,GTC,2018-04-11
ord_strat_20180411,FILLED,2018-04-11,,1.0,Standing Order / DCA,GTC,2018-04-12
ord_strat_20180412,FILLED,2018-04-12,,1.0,Standing Order / DCA,GTC,2018-04-13
ord_strat_20180413,FILLED,2018-04-13,,1.0,Standing Order / DCA,GTC,2018-04-16
ord_strat_20180416,FILLED,2018-04-16,,1.0,Standing Order / DCA,GTC,2018-04-17
ord_strat_20180417,FILLED,2018-04-17,,1.0,Standing Order / DCA,GTC,2018-04-18
ord_strat_20180418,FILLED,2018-04-18,,1.0,Standing Order / DCA,GTC,2018-04-19
ord_strat_20180419,FILLED,2018-04-19,,1.0,Standing Order / DCA,GTC,2018-04-20
ord_strat_20180420,FILLED,2018-04-20,,1.0,Standing Order / DCA,GTC,2018-04-23
ord_strat_20180423,FILLED,2018-04-23,,1.0,Standing Order / DCA,GTC,2018-04-24
ord_strat_20180424,FILLED,2018-04-24,,1.0,Standing Order / DCA,GTC,2018-04-25
ord_strat_20180425,FILLED,2018-04-25,,1.0,Standing Order / DCA,GTC,2018-04-26
ord_strat_20180426,FILLED,2018-04-26,,1.0,Standing Order / DCA,GTC,2018-04-27
ord_strat_20180427,FILLED,2018-04-27,,1.0,Standing Order / DCA,GTC,2018-04-30
ord_strat_20180430,FILLED,2018-04-30,,1.0,Standing Order / DCA,GTC,2018-05-01
ord_strat_20180501,FILLED,2018-05-01,,1.0,Standing Order / DCA,GTC,2018-05-02
ord_strat_20180502,FILLED,2018-05-02,,1.0,Standing Order / DCA,GTC,2018-05-03
ord_strat_20180503,FILLED,2018-05-03,,1.0,Standing Order / DCA,GTC,2018-05-04
ord_strat_20180504,FILLED,2018-05-04,,1.0,Standing Order / DCA,GTC,2018-05-07
ord_strat_20180507,FILLED,2018-05-07,,1.0,Standing Order / DCA,GTC,2018-05-08
ord_strat_20180508,FILLED,2018-05-08,,1.0,Standing Order / DCA,GTC,2018-05-09
ord_strat_20180509,FILLED,2018-05-09,,1.0,Standing Order / DCA,GTC,2018-05-10
ord_strat_20180510,FILLED,2018-05-10,,1.0,Standing Order / DCA,GTC,2018-05-11
ord_strat_20180511,FILLED,2018-05-11,,1.0,Standing Order / DCA,GTC,2018-05-14
ord_strat_20180514,FILLED,2018-05-14,,1.0,Standing Order / DCA,GTC,2018-05-15
ord_strat_20180515,FILLED,2018-05-15,,1.0,Standing Order / DCA,GTC,2018-05-16
ord_strat_20180516,FILLED,2018-05-16,,1.0,Standing Order / DCA,GTC,2018-05-17
ord_strat_20180517,FILLED,2018-05-17,,1.0,Standing Order / DCA,GTC,2018-05-18
ord_strat_20180518,FILLED,2018-05-18,,1.0,Standing Order / DCA,GTC,2018-05-21
ord_strat_20180521,FILLED,2018-05-21,,1.0,Standing Order / DCA,GTC,2018-05-22
ord_strat_20180522,FILLED,2018-05-22,,1.0,Standing Order / DCA,GTC,2018-05-23
ord_strat_20180523,FILLED,2018-05-23,,1.0,Standing Order / DCA,GTC,2018-05-24
ord_strat_20180524,FILLED,2018-05-24,,1.0,Standing Order / DCA,GTC,2018-05-25
ord_strat_20180525,FILLED,2018-05-25,,1.0,Standing Order / DCA,GTC,2018-05-29
ord_strat_20180529,FILLED,2018-05-29,,1.0,Standing Order / DCA,GTC,2018-05-30
ord_strat_20180530,FILLED,2018-05-30,,1.0,Standing Order / DCA,GTC,2018-05-31
ord_strat_20180531,FILLED,2018-05-31,,1.0,Standing Order / DCA,GTC,2018-06-01
ord_strat_20180601,FILLED,2018-06-01,,1.0,Standing Order / DCA,GTC,2018-06-04
ord_strat_20180604,FILLED,2018-06-04,,1.0,Standing Order / DCA,GTC,2018-06-05
ord_strat_20180605,FILLED,2018-06-05,,1.0,Standing Order / DCA,GTC,2018-06-06
ord_strat_20180606,FILLED,2018-06-06,,1.0,Standing Order / DCA,GTC,2018-06-07
ord_strat_20180607,FILLED,2018-06-07,,1.0,Standing Order / DCA,GTC,2018-06-08
ord_strat_20180608,FILLED,2018-06-08,,1.0,Standing Order / DCA,GTC,2018-06-11
ord_strat_20180611,FILLED,2018-06-11,,1.0,Standing Order / DCA,GTC,2018-06-12
ord_strat_20180612,FILLED,2018-06-12,,1.0,Standing Order / DCA,GTC,2018-06-13
ord_strat_20180613,FILLED,2018-06-13,,1.0,Standing Order / DCA,GTC,2018-06-14
ord_strat_20180614,FILLED,2018-06-14,,1.0,Standing Order / DCA,GTC,2018-06-15
ord_strat_20180615,FILLED,2018-06-15,,1.0,Standing Order / DCA,GTC,2018-06-18
ord_strat_20180618,FILLED,2018-06-18,,1.0,Standing Order / DCA,GTC,2018-06-19
ord_strat_20180619,FILLED,2018-06-19,,1.0,Standing Order / DCA,GTC,2018-06-20
ord_strat_20180620,FILLED,2018-06-20,,1.0,Standing Order / DCA,GTC,2018-06-21
ord_strat_20180621,FILLED,2018-06-21,,1.0,Standing Order / DCA,GTC,2018-06-22
ord_strat_20180622,FILLED,2018-06-22,,1.0,Standing Order / DCA,GTC,2018-06-25
ord_strat_20180625,FILLED,2018-06-25,,1.0,Standing Order / DCA,GTC,2018-06-26
ord_strat_20180626,FILLED,2018-06-26,,1.0,Standing Order / DCA,GTC,2018-06-27
ord_strat_20180627,FILLED,2018-06-27,,1.0,Standing Order / DCA,GTC,2018-06-28
ord_strat_20180628,FILLED,2018-06-28,,1.0,Standing Order / DCA,GTC,2018-06-29
ord_strat_20180629,FILLED,2018-06-29,,1.0,Standing Order / DCA,GTC,2018-07-02
ord_strat_20180702,FILLED,2018-07-02,,1.0,Standing Order / DCA,GTC,2018-07-03
ord_strat_20180703,FILLED,2018-07-03,,1.0,Standing Order / DCA,GTC,2018-07-05
ord_strat_20180705,FILLED,2018-07-05,,1.0,Standing Order / DCA,GTC,2018-07-06
ord_strat_20180706,FILLED,2018-07-06,,1.0,Standing Order / DCA,GTC,2018-07-09
ord_strat_20180709,FILLED,2018-07-09,,1.0,Standing Order / DCA,GTC,2018-07-10
ord_strat_20180710,FILLED,2018-07-10,,1.0,Standing Order / DCA,GTC,2018-07-11
ord_strat_20180711,FILLED,2018-07-11,,1.0,Standing Order / DCA,GTC,2018-07-12
ord_strat_20180712,FILLED,2018-07-12,,1.0,Standing Order / DCA,GTC,2018-07-13
ord_strat_20180713,FILLED,2018-07-13,,1.0,Standing Order / DCA,GTC,2018-07-16
ord_strat_20180716,FILLED,2018-07-16,,1.0,Standing Order / DCA,GTC,2018-07-17
ord_strat_20180717,FILLED,2018-07-17,,1.0,Standing Order / DCA,GTC,2018-07-18
ord_strat_20180718,FILLED,2018-07-18,,1.0,Standing Order / DCA,GTC,2018-07-19
ord_strat_20180719,FILLED,2018-07-19,,1.0,Standing Order / DCA,GTC,2018-07-20
ord_strat_20180720,FILLED,2018-07-20,,1.0,Standing Order / DCA,GTC,2018-07-23
ord_strat_20180723,FILLED,2018-07-23,,1.0,Standing Order / DCA,GTC,2018-07-24
ord_strat_20180724,FILLED,2018-07-24,,1.0,Standing Order / DCA,GTC,2018-07-25
ord_strat_20180725,FILLED,2018-07-25,,1.0,Standing Order / DCA,GTC,2018-07-26
ord_strat_20180726,FILLED,2018-07-26,,1.0,Standing Order / DCA,GTC,2018-07-27
ord_strat_20180727,FILLED,2018-07-27,,1.0,Standing Order / DCA,GTC,2018-07-30
ord_strat_20180730,FILLED,2018-07-30,,1.0,Standing Order / DCA,GTC,2018-07-31
ord_strat_20180731,FILLED,2018-07-31,,1.0,Standing Order / DCA,GTC,2018-08-01
ord_strat_20180801,FILLED,2018-08-01,,1.0,Standing Order / DCA,GTC,2018-08-02
ord_strat_20180802,FILLED,2018-08-02,,1.0,Standing Order / DCA,GTC,2018-08-03
ord_strat_20180803,FILLED,2018-08-03,,1.0,Standing Order / DCA,GTC,2018-08-06
ord_strat_20180806,FILLED,2018-08-06,,1.0,Standing Order / DCA,GTC,2018-08-07
ord_strat_20180807,FILLED,2018-08-07,,1.0,Standing Order / DCA,GTC,2018-08-08
ord_strat_20180808,FILLED,2018-08-08,,1.0,Standing Order / DCA,GTC,2018-08-09
ord_strat_20180809,FILLED,2018-08-09,,1.0,Standing Order / DCA,GTC,2018-08-10
ord_strat_20180810,FILLED,2018-08-10,,1.0,Standing Order / DCA,GTC,2018-08-13
ord_strat_20180813,FILLED,2018-08-13,,1.0,Standing Order / DCA,GTC,2018-08-14
ord_strat_20180814,FILLED,2018-08-14,,1.0,Standing Order / DCA,GTC,2018-08-15
ord_strat_20180815,FILLED,2018-08-15,,1.0,Standing Order / DCA,GTC,2018-08-16
ord_strat_20180816,FILLED,2018-08-16,,1.0,Standing Order / DCA,GTC,2018-08-17
ord_strat_20180817,FILLED,2018-08-17,,1.0,Standing Order / DCA,GTC,2018-08-20
ord_strat_20180820,FILLED,2018-08-20,,1.0,Standing Order / DCA,GTC,2018-08-21
ord_strat_20180821,FILLED,2018-08-21,,1.0,Standing Order / DCA,GTC,2018-08-22
ord_strat_20180822,FILLED,2018-08-22,,1.0,Standing Order / DCA,GTC,2018-08-23
ord_strat_20180823,FILLED,2018-08-23,,1.0,Standing Order / DCA,GTC,2018-08-24
ord_strat_20180824,FILLED,2018-08-24,,1.0,Standing Order / DCA,GTC,2018-08-27
ord_strat_20180827,FILLED,2018-08-27,,1.0,Standing Order / DCA,GTC,2018-08-28
ord_strat_20180828,FILLED,2018-08-28,,1.0,Standing Order / DCA,GTC,2018-08-29
ord_strat_20180829,FILLED,2018-08-29,,1.0,Standing Order / DCA,GTC,2018-08-30
ord_strat_20180830,FILLED,2018-08-30,,1.0,Standing Order / DCA,GTC,2018-08-31
ord_strat_20180831,FILLED,2018-08-31,,1.0,Standing Order / DCA,GTC,2018-09-04
ord_strat_20180904,FILLED,2018-09-04,,1.0,Standing Order / DCA,GTC,2018-09-05
ord_strat_20180905,FILLED,2018-09-05,,1.0,Standing Order / DCA,GTC,2018-09-06
ord_strat_20180906,FILLED,2018-09-06,,1.0,Standing Order / DCA,GTC,2018-09-07
ord_strat_20180907,FILLED,2018-09-07,,1.0,Standing Order / DCA,GTC,2018-09-10
ord_strat_20180910,FILLED,2018-09-10,,1.0,Standing Order / DCA,GTC,2018-09-11
ord_strat_20180911,FILLED,2018-09-11,,1.0,Standing Order / DCA,GTC,2018-09-12
ord_strat_20180912,FILLED,2018-09-12,,1.0,Standing Order / DCA,GTC,2018-09-13
ord_strat_20180913,FILLED,2018-09-13,,1.0,Standing Order / DCA,GTC,2018-09-14
ord_strat_20180914,FILLED,2018-09-14,,1.0,Standing Order / DCA,GTC,2018-09-17
ord_strat_20180917,FILLED,2018-09-17,,1.0,Standing Order / DCA,GTC,2018-09-18
ord_strat_20180918,FILLED,2018-09-18,,1.0,Standing Order / DCA,GTC,2018-09-19
ord_strat_20180919,FILLED,2018-09-19,,1.0,Standing Order / DCA,GTC,2018-09-20
ord_strat_20180920,FILLED,2018-09-20,,1.0,Standing Order / DCA,GTC,2018-09-21
ord_strat_20180921,FILLED,2018-09-21,,1.0,Standing Order / DCA,GTC,2018-09-24
ord_strat_20180924,FILLED,2018-09-24,,1.0,Standing Order / DCA,GTC,2018-09-25
ord_strat_20180925,FILLED,2018-09-25,,1.0,Standing Order / DCA,GTC,2018-09-26
ord_strat_20180926,FILLED,2018-09-26,,1.0,Standing Order / DCA,GTC,2018-09-27
ord_strat_20180927,FILLED,2018-09-27,,1.0,Standing Order / DCA,GTC,2018-09-28
ord_strat_20180928,FILLED,2018-09-28,,1.0,Standing Order / DCA,GTC,2018-10-01
ord_strat_20181001,FILLED,2018-10-01,,1.0,Standing Order / DCA,GTC,2018-10-02
ord_strat_20181002,FILLED,2018-10-02,,1.0,Standing Order / DCA,GTC,2018-10-03
ord_strat_20181003,FILLED,2018-10-03,,1.0,Standing Order / DCA,GTC,2018-10-04
ord_strat_20181004,FILLED,2018-10-04,,1.0,Standing Order / DCA,GTC,2018-10-05
ord_strat_20181005,FILLED,2018-10-05,,1.0,Standing Order / DCA,GTC,2018-10-08
ord_strat_20181008,FILLED,2018-10-08,,1.0,Standing Order / DCA,GTC,2018-10-09
ord_strat_20181009,FILLED,2018-10-09,,1.0,Standing Order / DCA,GTC,2018-10-10
ord_strat_20181010,FILLED,2018-10-10,,1.0,Standing Order / DCA,GTC,2018-10-11
ord_strat_20181011,FILLED,2018-10-11,,1.0,Standing Order / DCA,GTC,2018-10-12
ord_strat_20181012,FILLED,2018-10-12,,1.0,Standing Order / DCA,GTC,2018-10-15
ord_strat_20181015,FILLED,2018-10-15,,1.0,Standing Order / DCA,GTC,2018-10-16
ord_strat_20181016,FILLED,2018-10-16,,1.0,Standing Order / DCA,GTC,2018-10-17
ord_strat_20181017,FILLED,2018-10-17,,1.0,Standing Order / DCA,GTC,2018-10-18
ord_strat_20181018,FILLED,2018-10-18,,1.0,Standing Order / DCA,GTC,2018-10-19
ord_strat_20181019,FILLED,2018-10-19,,1.0,Standing Order / DCA,GTC,2018-10-22
ord_strat_20181022,FILLED,2018-10-22,,1.0,Standing Order / DCA,GTC,2018-10-23
ord_strat_20181023,FILLED,2018-10-23,,1.0,Standing Order / DCA,GTC,2018-10-24
ord_strat_20181024,FILLED,2018-10-24,,1.0,Standing Order / DCA,GTC,2018-10-25
ord_strat_20181025,FILLED,2018-10-25,,1.0,Standing Order / DCA,GTC,2018-10-26
ord_strat_20181026,FILLED,2018-10-26,,1.0,Standing Order / DCA,GTC,2018-10-29
ord_strat_20181029,FILLED,2018-10-29,,1.0,Standing Order / DCA,GTC,2018-10-30
ord_strat_20181030,FILLED,2018-10-30,,1.0,Standing Order / DCA,GTC,2018-10-31
ord_strat_20181031,FILLED,2018-10-31,,1.0,Standing Order / DCA,GTC,2018-11-01
ord_strat_20181101,FILLED,2018-11-01,,0.0,油价击穿成本线与宏观熊市,GTC,2018-11-02
ord_strat_20181231,FILLED,2018-12-31,,1.0,极端出清黄金坑抄底,GTC,2019-01-02
ord_strat_20190102,FILLED,2019-01-02,,0.0,油价击穿成本线与宏观熊市,GTC,2019-01-03
ord_strat_20190103,FILLED,2019-01-03,,1.0,极端出清黄金坑抄底,GTC,2019-01-04
ord_strat_20190104,FILLED,2019-01-04,,0.0,油价击穿成本线与宏观熊市,GTC,2019-01-07
ord_strat_20190107,FILLED,2019-01-07,,1.0,极端出清黄金坑抄底,GTC,2019-01-08
ord_strat_20190108,FILLED,2019-01-08,,0.0,油价击穿成本线与宏观熊市,GTC,2019-01-09
ord_strat_20190131,FILLED,2019-01-31,,1.0,突破卖出价右侧防踏空接回,GTC,2019-02-01
ord_strat_20190201,FILLED,2019-02-01,,1.0,Standing Order / DCA,GTC,2019-02-04
ord_strat_20190204,FILLED,2019-02-04,,1.0,Standing Order / DCA,GTC,2019-02-05
ord_strat_20190205,FILLED,2019-02-05,,1.0,Standing Order / DCA,GTC,2019-02-06
ord_strat_20190206,FILLED,2019-02-06,,1.0,Standing Order / DCA,GTC,2019-02-07
ord_strat_20190207,FILLED,2019-02-07,,1.0,Standing Order / DCA,GTC,2019-02-08
ord_strat_20190208,FILLED,2019-02-08,,1.0,Standing Order / DCA,GTC,2019-02-11
ord_strat_20190211,FILLED,2019-02-11,,1.0,Standing Order / DCA,GTC,2019-02-12
ord_strat_20190212,FILLED,2019-02-12,,1.0,Standing Order / DCA,GTC,2019-02-13
ord_strat_20190213,FILLED,2019-02-13,,1.0,Standing Order / DCA,GTC,2019-02-14
ord_strat_20190214,FILLED,2019-02-14,,1.0,Standing Order / DCA,GTC,2019-02-15
ord_strat_20190215,FILLED,2019-02-15,,1.0,Standing Order / DCA,GTC,2019-02-19
ord_strat_20190219,FILLED,2019-02-19,,1.0,Standing Order / DCA,GTC,2019-02-20
ord_strat_20190220,FILLED,2019-02-20,,1.0,Standing Order / DCA,GTC,2019-02-21
ord_strat_20190221,FILLED,2019-02-21,,1.0,Standing Order / DCA,GTC,2019-02-22
ord_strat_20190222,FILLED,2019-02-22,,1.0,Standing Order / DCA,GTC,2019-02-25
ord_strat_20190225,FILLED,2019-02-25,,1.0,Standing Order / DCA,GTC,2019-02-26
ord_strat_20190226,FILLED,2019-02-26,,1.0,Standing Order / DCA,GTC,2019-02-27
ord_strat_20190227,FILLED,2019-02-27,,1.0,Standing Order / DCA,GTC,2019-02-28
ord_strat_20190228,FILLED,2019-02-28,,1.0,Standing Order / DCA,GTC,2019-03-01
ord_strat_20190301,FILLED,2019-03-01,,1.0,Standing Order / DCA,GTC,2019-03-04
ord_strat_20190304,FILLED,2019-03-04,,1.0,Standing Order / DCA,GTC,2019-03-05
ord_strat_20190305,FILLED,2019-03-05,,1.0,Standing Order / DCA,GTC,2019-03-06
ord_strat_20190306,FILLED,2019-03-06,,1.0,Standing Order / DCA,GTC,2019-03-07
ord_strat_20190307,FILLED,2019-03-07,,1.0,Standing Order / DCA,GTC,2019-03-08
ord_strat_20190308,FILLED,2019-03-08,,1.0,Standing Order / DCA,GTC,2019-03-11
ord_strat_20190311,FILLED,2019-03-11,,1.0,Standing Order / DCA,GTC,2019-03-12
ord_strat_20190312,FILLED,2019-03-12,,1.0,Standing Order / DCA,GTC,2019-03-13
ord_strat_20190313,FILLED,2019-03-13,,1.0,Standing Order / DCA,GTC,2019-03-14
ord_strat_20190314,FILLED,2019-03-14,,1.0,Standing Order / DCA,GTC,2019-03-15
ord_strat_20190315,FILLED,2019-03-15,,1.0,Standing Order / DCA,GTC,2019-03-18
ord_strat_20190318,FILLED,2019-03-18,,1.0,Standing Order / DCA,GTC,2019-03-19
ord_strat_20190319,FILLED,2019-03-19,,1.0,Standing Order / DCA,GTC,2019-03-20
ord_strat_20190320,FILLED,2019-03-20,,1.0,Standing Order / DCA,GTC,2019-03-21
ord_strat_20190321,FILLED,2019-03-21,,1.0,Standing Order / DCA,GTC,2019-03-22
ord_strat_20190322,FILLED,2019-03-22,,1.0,Standing Order / DCA,GTC,2019-03-25
ord_strat_20190325,FILLED,2019-03-25,,1.0,Standing Order / DCA,GTC,2019-03-26
ord_strat_20190326,FILLED,2019-03-26,,1.0,Standing Order / DCA,GTC,2019-03-27
ord_strat_20190327,FILLED,2019-03-27,,1.0,Standing Order / DCA,GTC,2019-03-28
ord_strat_20190328,FILLED,2019-03-28,,1.0,Standing Order / DCA,GTC,2019-03-29
ord_strat_20190329,FILLED,2019-03-29,,1.0,Standing Order / DCA,GTC,2019-04-01
ord_strat_20190401,FILLED,2019-04-01,,1.0,Standing Order / DCA,GTC,2019-04-02
ord_strat_20190402,FILLED,2019-04-02,,1.0,Standing Order / DCA,GTC,2019-04-03
ord_strat_20190403,FILLED,2019-04-03,,1.0,Standing Order / DCA,GTC,2019-04-04
ord_strat_20190404,FILLED,2019-04-04,,1.0,Standing Order / DCA,GTC,2019-04-05
ord_strat_20190405,FILLED,2019-04-05,,1.0,Standing Order / DCA,GTC,2019-04-08
ord_strat_20190408,FILLED,2019-04-08,,1.0,Standing Order / DCA,GTC,2019-04-09
ord_strat_20190409,FILLED,2019-04-09,,1.0,Standing Order / DCA,GTC,2019-04-10
ord_strat_20190410,FILLED,2019-04-10,,1.0,Standing Order / DCA,GTC,2019-04-11
ord_strat_20190411,FILLED,2019-04-11,,1.0,Standing Order / DCA,GTC,2019-04-12
ord_strat_20190412,FILLED,2019-04-12,,1.0,Standing Order / DCA,GTC,2019-04-15
ord_strat_20190415,FILLED,2019-04-15,,1.0,Standing Order / DCA,GTC,2019-04-16
ord_strat_20190416,FILLED,2019-04-16,,1.0,Standing Order / DCA,GTC,2019-04-17
ord_strat_20190417,FILLED,2019-04-17,,1.0,Standing Order / DCA,GTC,2019-04-18
ord_strat_20190418,FILLED,2019-04-18,,1.0,Standing Order / DCA,GTC,2019-04-22
ord_strat_20190422,FILLED,2019-04-22,,1.0,Standing Order / DCA,GTC,2019-04-23
ord_strat_20190423,FILLED,2019-04-23,,1.0,Standing Order / DCA,GTC,2019-04-24
ord_strat_20190424,FILLED,2019-04-24,,1.0,Standing Order / DCA,GTC,2019-04-25
ord_strat_20190425,FILLED,2019-04-25,,1.0,Standing Order / DCA,GTC,2019-04-26
ord_strat_20190426,FILLED,2019-04-26,,1.0,Standing Order / DCA,GTC,2019-04-29
ord_strat_20190429,FILLED,2019-04-29,,1.0,Standing Order / DCA,GTC,2019-04-30
ord_strat_20190430,FILLED,2019-04-30,,1.0,Standing Order / DCA,GTC,2019-05-01
ord_strat_20190501,FILLED,2019-05-01,,1.0,Standing Order / DCA,GTC,2019-05-02
ord_strat_20190502,FILLED,2019-05-02,,1.0,Standing Order / DCA,GTC,2019-05-03
ord_strat_20190503,FILLED,2019-05-03,,1.0,Standing Order / DCA,GTC,2019-05-06
ord_strat_20190506,FILLED,2019-05-06,,1.0,Standing Order / DCA,GTC,2019-05-07
ord_strat_20190507,FILLED,2019-05-07,,1.0,Standing Order / DCA,GTC,2019-05-08
ord_strat_20190508,FILLED,2019-05-08,,1.0,Standing Order / DCA,GTC,2019-05-09
ord_strat_20190509,FILLED,2019-05-09,,1.0,Standing Order / DCA,GTC,2019-05-10
ord_strat_20190510,FILLED,2019-05-10,,1.0,Standing Order / DCA,GTC,2019-05-13
ord_strat_20190513,FILLED,2019-05-13,,1.0,Standing Order / DCA,GTC,2019-05-14
ord_strat_20190514,FILLED,2019-05-14,,1.0,Standing Order / DCA,GTC,2019-05-15
ord_strat_20190515,FILLED,2019-05-15,,1.0,Standing Order / DCA,GTC,2019-05-16
ord_strat_20190516,FILLED,2019-05-16,,1.0,Standing Order / DCA,GTC,2019-05-17
ord_strat_20190517,FILLED,2019-05-17,,1.0,Standing Order / DCA,GTC,2019-05-20
ord_strat_20190520,FILLED,2019-05-20,,1.0,Standing Order / DCA,GTC,2019-05-21
ord_strat_20190521,FILLED,2019-05-21,,1.0,Standing Order / DCA,GTC,2019-05-22
ord_strat_20190522,FILLED,2019-05-22,,1.0,Standing Order / DCA,GTC,2019-05-23
ord_strat_20190523,FILLED,2019-05-23,,0.0,油价击穿成本线与宏观熊市,GTC,2019-05-24
ord_strat_20190628,FILLED,2019-06-28,,1.0,突破卖出价右侧防踏空接回,GTC,2019-07-01
ord_strat_20190701,FILLED,2019-07-01,,1.0,Standing Order / DCA,GTC,2019-07-02
ord_strat_20190702,FILLED,2019-07-02,,1.0,Standing Order / DCA,GTC,2019-07-03
ord_strat_20190703,FILLED,2019-07-03,,1.0,Standing Order / DCA,GTC,2019-07-05
ord_strat_20190705,FILLED,2019-07-05,,1.0,Standing Order / DCA,GTC,2019-07-08
ord_strat_20190708,FILLED,2019-07-08,,1.0,Standing Order / DCA,GTC,2019-07-09
ord_strat_20190709,FILLED,2019-07-09,,1.0,Standing Order / DCA,GTC,2019-07-10
ord_strat_20190710,FILLED,2019-07-10,,1.0,Standing Order / DCA,GTC,2019-07-11
ord_strat_20190711,FILLED,2019-07-11,,1.0,Standing Order / DCA,GTC,2019-07-12
ord_strat_20190712,FILLED,2019-07-12,,1.0,Standing Order / DCA,GTC,2019-07-15
ord_strat_20190715,FILLED,2019-07-15,,1.0,Standing Order / DCA,GTC,2019-07-16
ord_strat_20190716,FILLED,2019-07-16,,1.0,Standing Order / DCA,GTC,2019-07-17
ord_strat_20190717,FILLED,2019-07-17,,1.0,Standing Order / DCA,GTC,2019-07-18
ord_strat_20190718,FILLED,2019-07-18,,1.0,Standing Order / DCA,GTC,2019-07-19
ord_strat_20190719,FILLED,2019-07-19,,1.0,Standing Order / DCA,GTC,2019-07-22
ord_strat_20190722,FILLED,2019-07-22,,1.0,Standing Order / DCA,GTC,2019-07-23
ord_strat_20190723,FILLED,2019-07-23,,1.0,Standing Order / DCA,GTC,2019-07-24
ord_strat_20190724,FILLED,2019-07-24,,1.0,Standing Order / DCA,GTC,2019-07-25
ord_strat_20190725,FILLED,2019-07-25,,1.0,Standing Order / DCA,GTC,2019-07-26
ord_strat_20190726,FILLED,2019-07-26,,1.0,Standing Order / DCA,GTC,2019-07-29
ord_strat_20190729,FILLED,2019-07-29,,1.0,Standing Order / DCA,GTC,2019-07-30
ord_strat_20190730,FILLED,2019-07-30,,1.0,Standing Order / DCA,GTC,2019-07-31
ord_strat_20190731,FILLED,2019-07-31,,1.0,Standing Order / DCA,GTC,2019-08-01
ord_strat_20190801,FILLED,2019-08-01,,0.0,油价击穿成本线与宏观熊市,GTC,2019-08-02
ord_strat_20190916,FILLED,2019-09-16,,1.0,突破卖出价右侧防踏空接回,GTC,2019-09-17
ord_strat_20190917,FILLED,2019-09-17,,1.0,Standing Order / DCA,GTC,2019-09-18
ord_strat_20190918,FILLED,2019-09-18,,1.0,Standing Order / DCA,GTC,2019-09-19
ord_strat_20190919,FILLED,2019-09-19,,1.0,Standing Order / DCA,GTC,2019-09-20
ord_strat_20190920,FILLED,2019-09-20,,1.0,Standing Order / DCA,GTC,2019-09-23
ord_strat_20190923,FILLED,2019-09-23,,1.0,Standing Order / DCA,GTC,2019-09-24
ord_strat_20190924,FILLED,2019-09-24,,1.0,Standing Order / DCA,GTC,2019-09-25
ord_strat_20190925,FILLED,2019-09-25,,1.0,Standing Order / DCA,GTC,2019-09-26
ord_strat_20190926,FILLED,2019-09-26,,1.0,Standing Order / DCA,GTC,2019-09-27
ord_strat_20190927,FILLED,2019-09-27,,1.0,Standing Order / DCA,GTC,2019-09-30
ord_strat_20190930,FILLED,2019-09-30,,1.0,Standing Order / DCA,GTC,2019-10-01
ord_strat_20191001,FILLED,2019-10-01,,0.0,油价击穿成本线与宏观熊市,GTC,2019-10-02
ord_strat_20191024,FILLED,2019-10-24,,1.0,突破卖出价右侧防踏空接回,GTC,2019-10-25
ord_strat_20191025,FILLED,2019-10-25,,1.0,Standing Order / DCA,GTC,2019-10-28
ord_strat_20191028,FILLED,2019-10-28,,1.0,Standing Order / DCA,GTC,2019-10-29
ord_strat_20191029,FILLED,2019-10-29,,1.0,Standing Order / DCA,GTC,2019-10-30
ord_strat_20191030,FILLED,2019-10-30,,0.0,油价击穿成本线与宏观熊市,GTC,2019-10-31
ord_strat_20191105,FILLED,2019-11-05,,1.0,突破卖出价右侧防踏空接回,GTC,2019-11-06
ord_strat_20191106,FILLED,2019-11-06,,1.0,Standing Order / DCA,GTC,2019-11-07
ord_strat_20191107,FILLED,2019-11-07,,1.0,Standing Order / DCA,GTC,2019-11-08
ord_strat_20191108,FILLED,2019-11-08,,1.0,Standing Order / DCA,GTC,2019-11-11
ord_strat_20191111,FILLED,2019-11-11,,1.0,Standing Order / DCA,GTC,2019-11-12
ord_strat_20191112,FILLED,2019-11-12,,1.0,Standing Order / DCA,GTC,2019-11-13
ord_strat_20191113,FILLED,2019-11-13,,1.0,Standing Order / DCA,GTC,2019-11-14
ord_strat_20191114,FILLED,2019-11-14,,1.0,Standing Order / DCA,GTC,2019-11-15
ord_strat_20191115,FILLED,2019-11-15,,1.0,Standing Order / DCA,GTC,2019-11-18
ord_strat_20191118,FILLED,2019-11-18,,1.0,Standing Order / DCA,GTC,2019-11-19
ord_strat_20191119,FILLED,2019-11-19,,0.0,油价击穿成本线与宏观熊市,GTC,2019-11-20
ord_strat_20191125,FILLED,2019-11-25,,1.0,油价企稳成本线且趋势重构,GTC,2019-11-26
ord_strat_20191126,FILLED,2019-11-26,,1.0,Standing Order / DCA,GTC,2019-11-27
ord_strat_20191127,FILLED,2019-11-27,,1.0,Standing Order / DCA,GTC,2019-11-29
ord_strat_20191129,FILLED,2019-11-29,,0.0,油价击穿成本线与宏观熊市,GTC,2019-12-02
ord_strat_20191210,FILLED,2019-12-10,,1.0,油价企稳成本线且趋势重构,GTC,2019-12-11
ord_strat_20191211,FILLED,2019-12-11,,1.0,Standing Order / DCA,GTC,2019-12-12
ord_strat_20191212,FILLED,2019-12-12,,1.0,Standing Order / DCA,GTC,2019-12-13
ord_strat_20191213,FILLED,2019-12-13,,1.0,Standing Order / DCA,GTC,2019-12-16
ord_strat_20191216,FILLED,2019-12-16,,1.0,Standing Order / DCA,GTC,2019-12-17
ord_strat_20191217,FILLED,2019-12-17,,1.0,Standing Order / DCA,GTC,2019-12-18
ord_strat_20191218,FILLED,2019-12-18,,1.0,Standing Order / DCA,GTC,2019-12-19
ord_strat_20191219,FILLED,2019-12-19,,1.0,Standing Order / DCA,GTC,2019-12-20
ord_strat_20191220,FILLED,2019-12-20,,1.0,Standing Order / DCA,GTC,2019-12-23
ord_strat_20191223,FILLED,2019-12-23,,1.0,Standing Order / DCA,GTC,2019-12-24
ord_strat_20191224,FILLED,2019-12-24,,1.0,Standing Order / DCA,GTC,2019-12-26
ord_strat_20191226,FILLED,2019-12-26,,1.0,Standing Order / DCA,GTC,2019-12-27
ord_strat_20191227,FILLED,2019-12-27,,1.0,Standing Order / DCA,GTC,2019-12-30
ord_strat_20191230,FILLED,2019-12-30,,1.0,Standing Order / DCA,GTC,2019-12-31
ord_strat_20191231,FILLED,2019-12-31,,1.0,Standing Order / DCA,GTC,2020-01-02
ord_strat_20200102,FILLED,2020-01-02,,1.0,Standing Order / DCA,GTC,2020-01-03
ord_strat_20200103,FILLED,2020-01-03,,1.0,Standing Order / DCA,GTC,2020-01-06
ord_strat_20200106,FILLED,2020-01-06,,1.0,Standing Order / DCA,GTC,2020-01-07
ord_strat_20200107,FILLED,2020-01-07,,1.0,Standing Order / DCA,GTC,2020-01-08
ord_strat_20200108,FILLED,2020-01-08,,1.0,Standing Order / DCA,GTC,2020-01-09
ord_strat_20200109,FILLED,2020-01-09,,1.0,Standing Order / DCA,GTC,2020-01-10
ord_strat_20200110,FILLED,2020-01-10,,1.0,Standing Order / DCA,GTC,2020-01-13
ord_strat_20200113,FILLED,2020-01-13,,1.0,Standing Order / DCA,GTC,2020-01-14
ord_strat_20200114,FILLED,2020-01-14,,1.0,Standing Order / DCA,GTC,2020-01-15
ord_strat_20200115,FILLED,2020-01-15,,1.0,Standing Order / DCA,GTC,2020-01-16
ord_strat_20200116,FILLED,2020-01-16,,1.0,Standing Order / DCA,GTC,2020-01-17
ord_strat_20200117,FILLED,2020-01-17,,1.0,Standing Order / DCA,GTC,2020-01-21
ord_strat_20200121,FILLED,2020-01-21,,1.0,Standing Order / DCA,GTC,2020-01-22
ord_strat_20200122,FILLED,2020-01-22,,1.0,Standing Order / DCA,GTC,2020-01-23
ord_strat_20200123,FILLED,2020-01-23,,1.0,Standing Order / DCA,GTC,2020-01-24
ord_strat_20200124,FILLED,2020-01-24,,1.0,Standing Order / DCA,GTC,2020-01-27
ord_strat_20200127,FILLED,2020-01-27,,1.0,Standing Order / DCA,GTC,2020-01-28
ord_strat_20200128,FILLED,2020-01-28,,1.0,Standing Order / DCA,GTC,2020-01-29
ord_strat_20200129,FILLED,2020-01-29,,1.0,Standing Order / DCA,GTC,2020-01-30
ord_strat_20200130,FILLED,2020-01-30,,1.0,Standing Order / DCA,GTC,2020-01-31
ord_strat_20200131,FILLED,2020-01-31,,1.0,Standing Order / DCA,GTC,2020-02-03
ord_strat_20200203,FILLED,2020-02-03,,0.0,油价击穿成本线与宏观熊市,GTC,2020-02-04
ord_strat_20200324,FILLED,2020-03-24,,1.0,极端出清黄金坑抄底,GTC,2020-03-25
ord_strat_20200325,FILLED,2020-03-25,,0.0,油价击穿成本线与宏观熊市,GTC,2020-03-26
ord_strat_20200326,FILLED,2020-03-26,,1.0,极端出清黄金坑抄底,GTC,2020-03-27
ord_strat_20200327,FILLED,2020-03-27,,0.0,油价击穿成本线与宏观熊市,GTC,2020-03-30
ord_strat_20200330,FILLED,2020-03-30,,1.0,极端出清黄金坑抄底,GTC,2020-03-31
ord_strat_20200331,FILLED,2020-03-31,,0.0,油价击穿成本线与宏观熊市,GTC,2020-04-01
ord_strat_20200401,FILLED,2020-04-01,,1.0,极端出清黄金坑抄底,GTC,2020-04-02
ord_strat_20200402,FILLED,2020-04-02,,0.0,油价击穿成本线与宏观熊市,GTC,2020-04-03
ord_strat_20200403,FILLED,2020-04-03,,1.0,极端出清黄金坑抄底,GTC,2020-04-06
ord_strat_20200406,FILLED,2020-04-06,,0.0,油价击穿成本线与宏观熊市,GTC,2020-04-07
ord_strat_20200407,FILLED,2020-04-07,,1.0,极端出清黄金坑抄底,GTC,2020-04-08
ord_strat_20200408,FILLED,2020-04-08,,0.0,油价击穿成本线与宏观熊市,GTC,2020-04-09
ord_strat_20200409,FILLED,2020-04-09,,1.0,极端出清黄金坑抄底,GTC,2020-04-13
ord_strat_20200413,FILLED,2020-04-13,,0.0,油价击穿成本线与宏观熊市,GTC,2020-04-14
ord_strat_20200414,FILLED,2020-04-14,,1.0,极端出清黄金坑抄底,GTC,2020-04-15
ord_strat_20200415,FILLED,2020-04-15,,0.0,油价击穿成本线与宏观熊市,GTC,2020-04-16
ord_strat_20200417,FILLED,2020-04-17,,1.0,极端出清黄金坑抄底,GTC,2020-04-20
ord_strat_20200420,FILLED,2020-04-20,,0.0,油价击穿成本线与宏观熊市,GTC,2020-04-21
ord_strat_20200422,FILLED,2020-04-22,,1.0,极端出清黄金坑抄底,GTC,2020-04-23
ord_strat_20200423,FILLED,2020-04-23,,0.0,油价击穿成本线与宏观熊市,GTC,2020-04-24
ord_strat_20200424,FILLED,2020-04-24,,1.0,极端出清黄金坑抄底,GTC,2020-04-27
ord_strat_20200427,FILLED,2020-04-27,,0.0,油价击穿成本线与宏观熊市,GTC,2020-04-28
ord_strat_20200428,FILLED,2020-04-28,,1.0,极端出清黄金坑抄底,GTC,2020-04-29
ord_strat_20200429,FILLED,2020-04-29,,1.0,Standing Order / DCA,GTC,2020-04-30
ord_strat_20200430,FILLED,2020-04-30,,1.0,Standing Order / DCA,GTC,2020-05-01
ord_strat_20200501,FILLED,2020-05-01,,1.0,Standing Order / DCA,GTC,2020-05-04
ord_strat_20200504,FILLED,2020-05-04,,1.0,Standing Order / DCA,GTC,2020-05-05
ord_strat_20200505,FILLED,2020-05-05,,1.0,Standing Order / DCA,GTC,2020-05-06
ord_strat_20200506,FILLED,2020-05-06,,1.0,Standing Order / DCA,GTC,2020-05-07
ord_strat_20200507,FILLED,2020-05-07,,1.0,Standing Order / DCA,GTC,2020-05-08
ord_strat_20200508,FILLED,2020-05-08,,1.0,Standing Order / DCA,GTC,2020-05-11
ord_strat_20200511,FILLED,2020-05-11,,1.0,Standing Order / DCA,GTC,2020-05-12
ord_strat_20200512,FILLED,2020-05-12,,1.0,Standing Order / DCA,GTC,2020-05-13
ord_strat_20200513,FILLED,2020-05-13,,1.0,Standing Order / DCA,GTC,2020-05-14
ord_strat_20200514,FILLED,2020-05-14,,1.0,Standing Order / DCA,GTC,2020-05-15
ord_strat_20200515,FILLED,2020-05-15,,1.0,Standing Order / DCA,GTC,2020-05-18
ord_strat_20200518,FILLED,2020-05-18,,1.0,Standing Order / DCA,GTC,2020-05-19
ord_strat_20200519,FILLED,2020-05-19,,1.0,Standing Order / DCA,GTC,2020-05-20
ord_strat_20200520,FILLED,2020-05-20,,1.0,Standing Order / DCA,GTC,2020-05-21
ord_strat_20200521,FILLED,2020-05-21,,1.0,Standing Order / DCA,GTC,2020-05-22
ord_strat_20200522,FILLED,2020-05-22,,1.0,Standing Order / DCA,GTC,2020-05-26
ord_strat_20200526,FILLED,2020-05-26,,1.0,Standing Order / DCA,GTC,2020-05-27
ord_strat_20200527,FILLED,2020-05-27,,1.0,Standing Order / DCA,GTC,2020-05-28
ord_strat_20200528,FILLED,2020-05-28,,1.0,Standing Order / DCA,GTC,2020-05-29
ord_strat_20200529,FILLED,2020-05-29,,1.0,Standing Order / DCA,GTC,2020-06-01
ord_strat_20200601,FILLED,2020-06-01,,1.0,Standing Order / DCA,GTC,2020-06-02
ord_strat_20200602,FILLED,2020-06-02,,1.0,Standing Order / DCA,GTC,2020-06-03
ord_strat_20200603,FILLED,2020-06-03,,1.0,Standing Order / DCA,GTC,2020-06-04
ord_strat_20200604,FILLED,2020-06-04,,1.0,Standing Order / DCA,GTC,2020-06-05
ord_strat_20200605,FILLED,2020-06-05,,1.0,Standing Order / DCA,GTC,2020-06-08
ord_strat_20200608,FILLED,2020-06-08,,1.0,Standing Order / DCA,GTC,2020-06-09
ord_strat_20200609,FILLED,2020-06-09,,1.0,Standing Order / DCA,GTC,2020-06-10
ord_strat_20200610,FILLED,2020-06-10,,1.0,Standing Order / DCA,GTC,2020-06-11
ord_strat_20200611,FILLED,2020-06-11,,1.0,Standing Order / DCA,GTC,2020-06-12
ord_strat_20200612,FILLED,2020-06-12,,1.0,Standing Order / DCA,GTC,2020-06-15
ord_strat_20200615,FILLED,2020-06-15,,1.0,Standing Order / DCA,GTC,2020-06-16
ord_strat_20200616,FILLED,2020-06-16,,1.0,Standing Order / DCA,GTC,2020-06-17
ord_strat_20200617,FILLED,2020-06-17,,1.0,Standing Order / DCA,GTC,2020-06-18
ord_strat_20200618,FILLED,2020-06-18,,1.0,Standing Order / DCA,GTC,2020-06-19
ord_strat_20200619,FILLED,2020-06-19,,1.0,Standing Order / DCA,GTC,2020-06-22
ord_strat_20200622,FILLED,2020-06-22,,1.0,Standing Order / DCA,GTC,2020-06-23
ord_strat_20200623,FILLED,2020-06-23,,1.0,Standing Order / DCA,GTC,2020-06-24
ord_strat_20200624,FILLED,2020-06-24,,0.0,油价击穿成本线与宏观熊市,GTC,2020-06-25
ord_strat_20200714,FILLED,2020-07-14,,1.0,极端出清黄金坑抄底,GTC,2020-07-15
ord_strat_20200715,FILLED,2020-07-15,,1.0,Standing Order / DCA,GTC,2020-07-16
ord_strat_20200716,FILLED,2020-07-16,,0.0,油价击穿成本线与宏观熊市,GTC,2020-07-17
ord_strat_20200717,FILLED,2020-07-17,,1.0,极端出清黄金坑抄底,GTC,2020-07-20
ord_strat_20200720,FILLED,2020-07-20,,0.0,油价击穿成本线与宏观熊市,GTC,2020-07-21
ord_strat_20200721,FILLED,2020-07-21,,1.0,极端出清黄金坑抄底,GTC,2020-07-22
ord_strat_20200722,FILLED,2020-07-22,,1.0,Standing Order / DCA,GTC,2020-07-23
ord_strat_20200723,FILLED,2020-07-23,,1.0,Standing Order / DCA,GTC,2020-07-24
ord_strat_20200724,FILLED,2020-07-24,,1.0,Standing Order / DCA,GTC,2020-07-27
ord_strat_20200727,FILLED,2020-07-27,,1.0,Standing Order / DCA,GTC,2020-07-28
ord_strat_20200728,FILLED,2020-07-28,,1.0,Standing Order / DCA,GTC,2020-07-29
ord_strat_20200729,FILLED,2020-07-29,,1.0,Standing Order / DCA,GTC,2020-07-30
ord_strat_20200730,FILLED,2020-07-30,,1.0,Standing Order / DCA,GTC,2020-07-31
ord_strat_20200731,FILLED,2020-07-31,,1.0,Standing Order / DCA,GTC,2020-08-03
ord_strat_20200803,FILLED,2020-08-03,,1.0,Standing Order / DCA,GTC,2020-08-04
ord_strat_20200804,FILLED,2020-08-04,,1.0,Standing Order / DCA,GTC,2020-08-05
ord_strat_20200805,FILLED,2020-08-05,,1.0,Standing Order / DCA,GTC,2020-08-06
ord_strat_20200806,FILLED,2020-08-06,,1.0,Standing Order / DCA,GTC,2020-08-07
ord_strat_20200807,FILLED,2020-08-07,,1.0,Standing Order / DCA,GTC,2020-08-10
ord_strat_20200810,FILLED,2020-08-10,,1.0,Standing Order / DCA,GTC,2020-08-11
ord_strat_20200811,FILLED,2020-08-11,,1.0,Standing Order / DCA,GTC,2020-08-12
ord_strat_20200812,FILLED,2020-08-12,,1.0,Standing Order / DCA,GTC,2020-08-13
ord_strat_20200813,FILLED,2020-08-13,,1.0,Standing Order / DCA,GTC,2020-08-14
ord_strat_20200814,FILLED,2020-08-14,,1.0,Standing Order / DCA,GTC,2020-08-17
ord_strat_20200817,FILLED,2020-08-17,,1.0,Standing Order / DCA,GTC,2020-08-18
ord_strat_20200818,FILLED,2020-08-18,,1.0,Standing Order / DCA,GTC,2020-08-19
ord_strat_20200819,FILLED,2020-08-19,,1.0,Standing Order / DCA,GTC,2020-08-20
ord_strat_20200820,FILLED,2020-08-20,,1.0,Standing Order / DCA,GTC,2020-08-21
ord_strat_20200821,FILLED,2020-08-21,,1.0,Standing Order / DCA,GTC,2020-08-24
ord_strat_20200824,FILLED,2020-08-24,,1.0,Standing Order / DCA,GTC,2020-08-25
ord_strat_20200825,FILLED,2020-08-25,,1.0,Standing Order / DCA,GTC,2020-08-26
ord_strat_20200826,FILLED,2020-08-26,,1.0,Standing Order / DCA,GTC,2020-08-27
ord_strat_20200827,FILLED,2020-08-27,,1.0,Standing Order / DCA,GTC,2020-08-28
ord_strat_20200828,FILLED,2020-08-28,,1.0,Standing Order / DCA,GTC,2020-08-31
ord_strat_20200831,FILLED,2020-08-31,,1.0,Standing Order / DCA,GTC,2020-09-01
ord_strat_20200901,FILLED,2020-09-01,,1.0,Standing Order / DCA,GTC,2020-09-02
ord_strat_20200902,FILLED,2020-09-02,,1.0,Standing Order / DCA,GTC,2020-09-03
ord_strat_20200903,FILLED,2020-09-03,,1.0,Standing Order / DCA,GTC,2020-09-04
ord_strat_20200904,FILLED,2020-09-04,,1.0,Standing Order / DCA,GTC,2020-09-08
ord_strat_20200908,FILLED,2020-09-08,,1.0,Standing Order / DCA,GTC,2020-09-09
ord_strat_20200909,FILLED,2020-09-09,,1.0,Standing Order / DCA,GTC,2020-09-10
ord_strat_20200910,FILLED,2020-09-10,,1.0,Standing Order / DCA,GTC,2020-09-11
ord_strat_20200911,FILLED,2020-09-11,,1.0,Standing Order / DCA,GTC,2020-09-14
ord_strat_20200914,FILLED,2020-09-14,,1.0,Standing Order / DCA,GTC,2020-09-15
ord_strat_20200915,FILLED,2020-09-15,,1.0,Standing Order / DCA,GTC,2020-09-16
ord_strat_20200916,FILLED,2020-09-16,,1.0,Standing Order / DCA,GTC,2020-09-17
ord_strat_20200917,FILLED,2020-09-17,,1.0,Standing Order / DCA,GTC,2020-09-18
ord_strat_20200918,FILLED,2020-09-18,,1.0,Standing Order / DCA,GTC,2020-09-21
ord_strat_20200921,FILLED,2020-09-21,,1.0,Standing Order / DCA,GTC,2020-09-22
ord_strat_20200922,FILLED,2020-09-22,,1.0,Standing Order / DCA,GTC,2020-09-23
ord_strat_20200923,FILLED,2020-09-23,,1.0,Standing Order / DCA,GTC,2020-09-24
ord_strat_20200924,FILLED,2020-09-24,,1.0,Standing Order / DCA,GTC,2020-09-25
ord_strat_20200925,FILLED,2020-09-25,,1.0,Standing Order / DCA,GTC,2020-09-28
ord_strat_20200928,FILLED,2020-09-28,,1.0,Standing Order / DCA,GTC,2020-09-29
ord_strat_20200929,FILLED,2020-09-29,,1.0,Standing Order / DCA,GTC,2020-09-30
ord_strat_20200930,FILLED,2020-09-30,,1.0,Standing Order / DCA,GTC,2020-10-01
ord_strat_20201001,FILLED,2020-10-01,,1.0,Standing Order / DCA,GTC,2020-10-02
ord_strat_20201002,FILLED,2020-10-02,,1.0,Standing Order / DCA,GTC,2020-10-05
ord_strat_20201005,FILLED,2020-10-05,,1.0,Standing Order / DCA,GTC,2020-10-06
ord_strat_20201006,FILLED,2020-10-06,,1.0,Standing Order / DCA,GTC,2020-10-07
ord_strat_20201007,FILLED,2020-10-07,,1.0,Standing Order / DCA,GTC,2020-10-08
ord_strat_20201008,FILLED,2020-10-08,,1.0,Standing Order / DCA,GTC,2020-10-09
ord_strat_20201009,FILLED,2020-10-09,,1.0,Standing Order / DCA,GTC,2020-10-12
ord_strat_20201012,FILLED,2020-10-12,,1.0,Standing Order / DCA,GTC,2020-10-13
ord_strat_20201013,FILLED,2020-10-13,,1.0,Standing Order / DCA,GTC,2020-10-14
ord_strat_20201014,FILLED,2020-10-14,,1.0,Standing Order / DCA,GTC,2020-10-15
ord_strat_20201015,FILLED,2020-10-15,,1.0,Standing Order / DCA,GTC,2020-10-16
ord_strat_20201016,FILLED,2020-10-16,,1.0,Standing Order / DCA,GTC,2020-10-19
ord_strat_20201019,FILLED,2020-10-19,,1.0,Standing Order / DCA,GTC,2020-10-20
ord_strat_20201020,FILLED,2020-10-20,,1.0,Standing Order / DCA,GTC,2020-10-21
ord_strat_20201021,FILLED,2020-10-21,,1.0,Standing Order / DCA,GTC,2020-10-22
ord_strat_20201022,FILLED,2020-10-22,,1.0,Standing Order / DCA,GTC,2020-10-23
ord_strat_20201023,FILLED,2020-10-23,,1.0,Standing Order / DCA,GTC,2020-10-26
ord_strat_20201026,FILLED,2020-10-26,,1.0,Standing Order / DCA,GTC,2020-10-27
ord_strat_20201027,FILLED,2020-10-27,,1.0,Standing Order / DCA,GTC,2020-10-28
ord_strat_20201028,FILLED,2020-10-28,,1.0,Standing Order / DCA,GTC,2020-10-29
ord_strat_20201029,FILLED,2020-10-29,,1.0,Standing Order / DCA,GTC,2020-10-30
ord_strat_20201030,FILLED,2020-10-30,,1.0,Standing Order / DCA,GTC,2020-11-02
ord_strat_20201102,FILLED,2020-11-02,,1.0,Standing Order / DCA,GTC,2020-11-03
ord_strat_20201103,FILLED,2020-11-03,,1.0,Standing Order / DCA,GTC,2020-11-04
ord_strat_20201104,FILLED,2020-11-04,,1.0,Standing Order / DCA,GTC,2020-11-05
ord_strat_20201105,FILLED,2020-11-05,,1.0,Standing Order / DCA,GTC,2020-11-06
ord_strat_20201106,FILLED,2020-11-06,,1.0,Standing Order / DCA,GTC,2020-11-09
ord_strat_20201109,FILLED,2020-11-09,,1.0,Standing Order / DCA,GTC,2020-11-10
ord_strat_20201110,FILLED,2020-11-10,,1.0,Standing Order / DCA,GTC,2020-11-11
ord_strat_20201111,FILLED,2020-11-11,,1.0,Standing Order / DCA,GTC,2020-11-12
ord_strat_20201112,FILLED,2020-11-12,,1.0,Standing Order / DCA,GTC,2020-11-13
ord_strat_20201113,FILLED,2020-11-13,,1.0,Standing Order / DCA,GTC,2020-11-16
ord_strat_20201116,FILLED,2020-11-16,,1.0,Standing Order / DCA,GTC,2020-11-17
ord_strat_20201117,FILLED,2020-11-17,,1.0,Standing Order / DCA,GTC,2020-11-18
ord_strat_20201118,FILLED,2020-11-18,,1.0,Standing Order / DCA,GTC,2020-11-19
ord_strat_20201119,FILLED,2020-11-19,,1.0,Standing Order / DCA,GTC,2020-11-20
ord_strat_20201120,FILLED,2020-11-20,,1.0,Standing Order / DCA,GTC,2020-11-23
ord_strat_20201123,FILLED,2020-11-23,,1.0,Standing Order / DCA,GTC,2020-11-24
ord_strat_20201124,FILLED,2020-11-24,,1.0,Standing Order / DCA,GTC,2020-11-25
ord_strat_20201125,FILLED,2020-11-25,,1.0,Standing Order / DCA,GTC,2020-11-27
ord_strat_20201127,FILLED,2020-11-27,,1.0,Standing Order / DCA,GTC,2020-11-30
ord_strat_20201130,FILLED,2020-11-30,,1.0,Standing Order / DCA,GTC,2020-12-01
ord_strat_20201201,FILLED,2020-12-01,,1.0,Standing Order / DCA,GTC,2020-12-02
ord_strat_20201202,FILLED,2020-12-02,,1.0,Standing Order / DCA,GTC,2020-12-03
ord_strat_20201203,FILLED,2020-12-03,,1.0,Standing Order / DCA,GTC,2020-12-04
ord_strat_20201204,FILLED,2020-12-04,,1.0,Standing Order / DCA,GTC,2020-12-07
ord_strat_20201207,FILLED,2020-12-07,,1.0,Standing Order / DCA,GTC,2020-12-08
ord_strat_20201208,FILLED,2020-12-08,,1.0,Standing Order / DCA,GTC,2020-12-09
ord_strat_20201209,FILLED,2020-12-09,,1.0,Standing Order / DCA,GTC,2020-12-10
ord_strat_20201210,FILLED,2020-12-10,,1.0,Standing Order / DCA,GTC,2020-12-11
ord_strat_20201211,FILLED,2020-12-11,,1.0,Standing Order / DCA,GTC,2020-12-14
ord_strat_20201214,FILLED,2020-12-14,,1.0,Standing Order / DCA,GTC,2020-12-15
ord_strat_20201215,FILLED,2020-12-15,,1.0,Standing Order / DCA,GTC,2020-12-16
ord_strat_20201216,FILLED,2020-12-16,,1.0,Standing Order / DCA,GTC,2020-12-17
ord_strat_20201217,FILLED,2020-12-17,,1.0,Standing Order / DCA,GTC,2020-12-18
ord_strat_20201218,FILLED,2020-12-18,,1.0,Standing Order / DCA,GTC,2020-12-21
ord_strat_20201221,FILLED,2020-12-21,,1.0,Standing Order / DCA,GTC,2020-12-22
ord_strat_20201222,FILLED,2020-12-22,,1.0,Standing Order / DCA,GTC,2020-12-23
ord_strat_20201223,FILLED,2020-12-23,,1.0,Standing Order / DCA,GTC,2020-12-24
ord_strat_20201224,FILLED,2020-12-24,,1.0,Standing Order / DCA,GTC,2020-12-28
ord_strat_20201228,FILLED,2020-12-28,,1.0,Standing Order / DCA,GTC,2020-12-29
ord_strat_20201229,FILLED,2020-12-29,,1.0,Standing Order / DCA,GTC,2020-12-30
ord_strat_20201230,FILLED,2020-12-30,,1.0,Standing Order / DCA,GTC,2020-12-31
ord_strat_20201231,FILLED,2020-12-31,,1.0,Standing Order / DCA,GTC,2021-01-04
ord_strat_20210104,FILLED,2021-01-04,,1.0,Standing Order / DCA,GTC,2021-01-05
ord_strat_20210105,FILLED,2021-01-05,,1.0,Standing Order / DCA,GTC,2021-01-06
ord_strat_20210106,FILLED,2021-01-06,,1.0,Standing Order / DCA,GTC,2021-01-07
ord_strat_20210107,FILLED,2021-01-07,,1.0,Standing Order / DCA,GTC,2021-01-08
ord_strat_20210108,FILLED,2021-01-08,,1.0,Standing Order / DCA,GTC,2021-01-11
ord_strat_20210111,FILLED,2021-01-11,,1.0,Standing Order / DCA,GTC,2021-01-12
ord_strat_20210112,FILLED,2021-01-12,,1.0,Standing Order / DCA,GTC,2021-01-13
ord_strat_20210113,FILLED,2021-01-13,,1.0,Standing Order / DCA,GTC,2021-01-14
ord_strat_20210114,FILLED,2021-01-14,,1.0,Standing Order / DCA,GTC,2021-01-15
ord_strat_20210115,FILLED,2021-01-15,,1.0,Standing Order / DCA,GTC,2021-01-19
ord_strat_20210119,FILLED,2021-01-19,,1.0,Standing Order / DCA,GTC,2021-01-20
ord_strat_20210120,FILLED,2021-01-20,,1.0,Standing Order / DCA,GTC,2021-01-21
ord_strat_20210121,FILLED,2021-01-21,,1.0,Standing Order / DCA,GTC,2021-01-22
ord_strat_20210122,FILLED,2021-01-22,,1.0,Standing Order / DCA,GTC,2021-01-25
ord_strat_20210125,FILLED,2021-01-25,,1.0,Standing Order / DCA,GTC,2021-01-26
ord_strat_20210126,FILLED,2021-01-26,,1.0,Standing Order / DCA,GTC,2021-01-27
ord_strat_20210127,FILLED,2021-01-27,,1.0,Standing Order / DCA,GTC,2021-01-28
ord_strat_20210128,FILLED,2021-01-28,,1.0,Standing Order / DCA,GTC,2021-01-29
ord_strat_20210129,FILLED,2021-01-29,,1.0,Standing Order / DCA,GTC,2021-02-01
ord_strat_20210201,FILLED,2021-02-01,,1.0,Standing Order / DCA,GTC,2021-02-02
ord_strat_20210202,FILLED,2021-02-02,,1.0,Standing Order / DCA,GTC,2021-02-03
ord_strat_20210203,FILLED,2021-02-03,,1.0,Standing Order / DCA,GTC,2021-02-04
ord_strat_20210204,FILLED,2021-02-04,,1.0,Standing Order / DCA,GTC,2021-02-05
ord_strat_20210205,FILLED,2021-02-05,,1.0,Standing Order / DCA,GTC,2021-02-08
ord_strat_20210208,FILLED,2021-02-08,,1.0,Standing Order / DCA,GTC,2021-02-09
ord_strat_20210209,FILLED,2021-02-09,,1.0,Standing Order / DCA,GTC,2021-02-10
ord_strat_20210210,FILLED,2021-02-10,,1.0,Standing Order / DCA,GTC,2021-02-11
ord_strat_20210211,FILLED,2021-02-11,,1.0,Standing Order / DCA,GTC,2021-02-12
ord_strat_20210212,FILLED,2021-02-12,,1.0,Standing Order / DCA,GTC,2021-02-16
ord_strat_20210216,FILLED,2021-02-16,,1.0,Standing Order / DCA,GTC,2021-02-17
ord_strat_20210217,FILLED,2021-02-17,,1.0,Standing Order / DCA,GTC,2021-02-18
ord_strat_20210218,FILLED,2021-02-18,,1.0,Standing Order / DCA,GTC,2021-02-19
ord_strat_20210219,FILLED,2021-02-19,,1.0,Standing Order / DCA,GTC,2021-02-22
ord_strat_20210222,FILLED,2021-02-22,,1.0,Standing Order / DCA,GTC,2021-02-23
ord_strat_20210223,FILLED,2021-02-23,,1.0,Standing Order / DCA,GTC,2021-02-24
ord_strat_20210224,FILLED,2021-02-24,,1.0,Standing Order / DCA,GTC,2021-02-25
ord_strat_20210225,FILLED,2021-02-25,,1.0,Standing Order / DCA,GTC,2021-02-26
ord_strat_20210226,FILLED,2021-02-26,,1.0,Standing Order / DCA,GTC,2021-03-01
ord_strat_20210301,FILLED,2021-03-01,,1.0,Standing Order / DCA,GTC,2021-03-02
ord_strat_20210302,FILLED,2021-03-02,,1.0,Standing Order / DCA,GTC,2021-03-03
ord_strat_20210303,FILLED,2021-03-03,,1.0,Standing Order / DCA,GTC,2021-03-04
ord_strat_20210304,FILLED,2021-03-04,,1.0,Standing Order / DCA,GTC,2021-03-05
ord_strat_20210305,FILLED,2021-03-05,,1.0,Standing Order / DCA,GTC,2021-03-08
ord_strat_20210308,FILLED,2021-03-08,,1.0,Standing Order / DCA,GTC,2021-03-09
ord_strat_20210309,FILLED,2021-03-09,,1.0,Standing Order / DCA,GTC,2021-03-10
ord_strat_20210310,FILLED,2021-03-10,,1.0,Standing Order / DCA,GTC,2021-03-11
ord_strat_20210311,FILLED,2021-03-11,,1.0,Standing Order / DCA,GTC,2021-03-12
ord_strat_20210312,FILLED,2021-03-12,,1.0,Standing Order / DCA,GTC,2021-03-15
ord_strat_20210315,FILLED,2021-03-15,,1.0,Standing Order / DCA,GTC,2021-03-16
ord_strat_20210316,FILLED,2021-03-16,,1.0,Standing Order / DCA,GTC,2021-03-17
ord_strat_20210317,FILLED,2021-03-17,,1.0,Standing Order / DCA,GTC,2021-03-18
ord_strat_20210318,FILLED,2021-03-18,,1.0,Standing Order / DCA,GTC,2021-03-19
ord_strat_20210319,FILLED,2021-03-19,,1.0,Standing Order / DCA,GTC,2021-03-22
ord_strat_20210322,FILLED,2021-03-22,,1.0,Standing Order / DCA,GTC,2021-03-23
ord_strat_20210323,FILLED,2021-03-23,,1.0,Standing Order / DCA,GTC,2021-03-24
ord_strat_20210324,FILLED,2021-03-24,,1.0,Standing Order / DCA,GTC,2021-03-25
ord_strat_20210325,FILLED,2021-03-25,,1.0,Standing Order / DCA,GTC,2021-03-26
ord_strat_20210326,FILLED,2021-03-26,,1.0,Standing Order / DCA,GTC,2021-03-29
ord_strat_20210329,FILLED,2021-03-29,,1.0,Standing Order / DCA,GTC,2021-03-30
ord_strat_20210330,FILLED,2021-03-30,,1.0,Standing Order / DCA,GTC,2021-03-31
ord_strat_20210331,FILLED,2021-03-31,,1.0,Standing Order / DCA,GTC,2021-04-01
ord_strat_20210401,FILLED,2021-04-01,,1.0,Standing Order / DCA,GTC,2021-04-05
ord_strat_20210405,FILLED,2021-04-05,,1.0,Standing Order / DCA,GTC,2021-04-06
ord_strat_20210406,FILLED,2021-04-06,,1.0,Standing Order / DCA,GTC,2021-04-07
ord_strat_20210407,FILLED,2021-04-07,,1.0,Standing Order / DCA,GTC,2021-04-08
ord_strat_20210408,FILLED,2021-04-08,,1.0,Standing Order / DCA,GTC,2021-04-09
ord_strat_20210409,FILLED,2021-04-09,,1.0,Standing Order / DCA,GTC,2021-04-12
ord_strat_20210412,FILLED,2021-04-12,,1.0,Standing Order / DCA,GTC,2021-04-13
ord_strat_20210413,FILLED,2021-04-13,,1.0,Standing Order / DCA,GTC,2021-04-14
ord_strat_20210414,FILLED,2021-04-14,,1.0,Standing Order / DCA,GTC,2021-04-15
ord_strat_20210415,FILLED,2021-04-15,,1.0,Standing Order / DCA,GTC,2021-04-16
ord_strat_20210416,FILLED,2021-04-16,,1.0,Standing Order / DCA,GTC,2021-04-19
ord_strat_20210419,FILLED,2021-04-19,,1.0,Standing Order / DCA,GTC,2021-04-20
ord_strat_20210420,FILLED,2021-04-20,,1.0,Standing Order / DCA,GTC,2021-04-21
ord_strat_20210421,FILLED,2021-04-21,,1.0,Standing Order / DCA,GTC,2021-04-22
ord_strat_20210422,FILLED,2021-04-22,,1.0,Standing Order / DCA,GTC,2021-04-23
ord_strat_20210423,FILLED,2021-04-23,,1.0,Standing Order / DCA,GTC,2021-04-26
ord_strat_20210426,FILLED,2021-04-26,,1.0,Standing Order / DCA,GTC,2021-04-27
ord_strat_20210427,FILLED,2021-04-27,,1.0,Standing Order / DCA,GTC,2021-04-28
ord_strat_20210428,FILLED,2021-04-28,,1.0,Standing Order / DCA,GTC,2021-04-29
ord_strat_20210429,FILLED,2021-04-29,,1.0,Standing Order / DCA,GTC,2021-04-30
ord_strat_20210430,FILLED,2021-04-30,,1.0,Standing Order / DCA,GTC,2021-05-03
ord_strat_20210503,FILLED,2021-05-03,,1.0,Standing Order / DCA,GTC,2021-05-04
ord_strat_20210504,FILLED,2021-05-04,,1.0,Standing Order / DCA,GTC,2021-05-05
ord_strat_20210505,FILLED,2021-05-05,,1.0,Standing Order / DCA,GTC,2021-05-06
ord_strat_20210506,FILLED,2021-05-06,,1.0,Standing Order / DCA,GTC,2021-05-07
ord_strat_20210507,FILLED,2021-05-07,,1.0,Standing Order / DCA,GTC,2021-05-10
ord_strat_20210510,FILLED,2021-05-10,,1.0,Standing Order / DCA,GTC,2021-05-11
ord_strat_20210511,FILLED,2021-05-11,,1.0,Standing Order / DCA,GTC,2021-05-12
ord_strat_20210512,FILLED,2021-05-12,,1.0,Standing Order / DCA,GTC,2021-05-13
ord_strat_20210513,FILLED,2021-05-13,,1.0,Standing Order / DCA,GTC,2021-05-14
ord_strat_20210514,FILLED,2021-05-14,,1.0,Standing Order / DCA,GTC,2021-05-17
ord_strat_20210517,FILLED,2021-05-17,,1.0,Standing Order / DCA,GTC,2021-05-18
ord_strat_20210518,FILLED,2021-05-18,,1.0,Standing Order / DCA,GTC,2021-05-19
ord_strat_20210519,FILLED,2021-05-19,,1.0,Standing Order / DCA,GTC,2021-05-20
ord_strat_20210520,FILLED,2021-05-20,,1.0,Standing Order / DCA,GTC,2021-05-21
ord_strat_20210521,FILLED,2021-05-21,,1.0,Standing Order / DCA,GTC,2021-05-24
ord_strat_20210524,FILLED,2021-05-24,,1.0,Standing Order / DCA,GTC,2021-05-25
ord_strat_20210525,FILLED,2021-05-25,,1.0,Standing Order / DCA,GTC,2021-05-26
ord_strat_20210526,FILLED,2021-05-26,,1.0,Standing Order / DCA,GTC,2021-05-27
ord_strat_20210527,FILLED,2021-05-27,,1.0,Standing Order / DCA,GTC,2021-05-28
ord_strat_20210528,FILLED,2021-05-28,,1.0,Standing Order / DCA,GTC,2021-06-01
ord_strat_20210601,FILLED,2021-06-01,,1.0,Standing Order / DCA,GTC,2021-06-02
ord_strat_20210602,FILLED,2021-06-02,,1.0,Standing Order / DCA,GTC,2021-06-03
ord_strat_20210603,FILLED,2021-06-03,,1.0,Standing Order / DCA,GTC,2021-06-04
ord_strat_20210604,FILLED,2021-06-04,,1.0,Standing Order / DCA,GTC,2021-06-07
ord_strat_20210607,FILLED,2021-06-07,,1.0,Standing Order / DCA,GTC,2021-06-08
ord_strat_20210608,FILLED,2021-06-08,,1.0,Standing Order / DCA,GTC,2021-06-09
ord_strat_20210609,FILLED,2021-06-09,,1.0,Standing Order / DCA,GTC,2021-06-10
ord_strat_20210610,FILLED,2021-06-10,,1.0,Standing Order / DCA,GTC,2021-06-11
ord_strat_20210611,FILLED,2021-06-11,,1.0,Standing Order / DCA,GTC,2021-06-14
ord_strat_20210614,FILLED,2021-06-14,,1.0,Standing Order / DCA,GTC,2021-06-15
ord_strat_20210615,FILLED,2021-06-15,,1.0,Standing Order / DCA,GTC,2021-06-16
ord_strat_20210616,FILLED,2021-06-16,,1.0,Standing Order / DCA,GTC,2021-06-17
ord_strat_20210617,FILLED,2021-06-17,,1.0,Standing Order / DCA,GTC,2021-06-18
ord_strat_20210618,FILLED,2021-06-18,,1.0,Standing Order / DCA,GTC,2021-06-21
ord_strat_20210621,FILLED,2021-06-21,,1.0,Standing Order / DCA,GTC,2021-06-22
ord_strat_20210622,FILLED,2021-06-22,,1.0,Standing Order / DCA,GTC,2021-06-23
ord_strat_20210623,FILLED,2021-06-23,,1.0,Standing Order / DCA,GTC,2021-06-24
ord_strat_20210624,FILLED,2021-06-24,,1.0,Standing Order / DCA,GTC,2021-06-25
ord_strat_20210625,FILLED,2021-06-25,,1.0,Standing Order / DCA,GTC,2021-06-28
ord_strat_20210628,FILLED,2021-06-28,,1.0,Standing Order / DCA,GTC,2021-06-29
ord_strat_20210629,FILLED,2021-06-29,,1.0,Standing Order / DCA,GTC,2021-06-30
ord_strat_20210630,FILLED,2021-06-30,,1.0,Standing Order / DCA,GTC,2021-07-01
ord_strat_20210701,FILLED,2021-07-01,,1.0,Standing Order / DCA,GTC,2021-07-02
ord_strat_20210702,FILLED,2021-07-02,,1.0,Standing Order / DCA,GTC,2021-07-06
ord_strat_20210706,FILLED,2021-07-06,,1.0,Standing Order / DCA,GTC,2021-07-07
ord_strat_20210707,FILLED,2021-07-07,,1.0,Standing Order / DCA,GTC,2021-07-08
ord_strat_20210708,FILLED,2021-07-08,,1.0,Standing Order / DCA,GTC,2021-07-09
ord_strat_20210709,FILLED,2021-07-09,,1.0,Standing Order / DCA,GTC,2021-07-12
ord_strat_20210712,FILLED,2021-07-12,,1.0,Standing Order / DCA,GTC,2021-07-13
ord_strat_20210713,FILLED,2021-07-13,,0.0,微观雷达泡沫与CapEx过热,GTC,2021-07-14
ord_strat_20210917,FILLED,2021-09-17,,1.0,微观雷达降温且右侧重构,GTC,2021-09-20
ord_strat_20210920,FILLED,2021-09-20,,1.0,Standing Order / DCA,GTC,2021-09-21
ord_strat_20210921,FILLED,2021-09-21,,1.0,Standing Order / DCA,GTC,2021-09-22
ord_strat_20210922,FILLED,2021-09-22,,1.0,Standing Order / DCA,GTC,2021-09-23
ord_strat_20210923,FILLED,2021-09-23,,1.0,Standing Order / DCA,GTC,2021-09-24
ord_strat_20210924,FILLED,2021-09-24,,1.0,Standing Order / DCA,GTC,2021-09-27
ord_strat_20210927,FILLED,2021-09-27,,1.0,Standing Order / DCA,GTC,2021-09-28
ord_strat_20210928,FILLED,2021-09-28,,1.0,Standing Order / DCA,GTC,2021-09-29
ord_strat_20210929,FILLED,2021-09-29,,1.0,Standing Order / DCA,GTC,2021-09-30
ord_strat_20210930,FILLED,2021-09-30,,1.0,Standing Order / DCA,GTC,2021-10-01
ord_strat_20211001,FILLED,2021-10-01,,1.0,Standing Order / DCA,GTC,2021-10-04
ord_strat_20211004,FILLED,2021-10-04,,1.0,Standing Order / DCA,GTC,2021-10-05
ord_strat_20211005,FILLED,2021-10-05,,1.0,Standing Order / DCA,GTC,2021-10-06
ord_strat_20211006,FILLED,2021-10-06,,1.0,Standing Order / DCA,GTC,2021-10-07
ord_strat_20211007,FILLED,2021-10-07,,1.0,Standing Order / DCA,GTC,2021-10-08
ord_strat_20211008,FILLED,2021-10-08,,1.0,Standing Order / DCA,GTC,2021-10-11
ord_strat_20211011,FILLED,2021-10-11,,1.0,Standing Order / DCA,GTC,2021-10-12
ord_strat_20211012,FILLED,2021-10-12,,1.0,Standing Order / DCA,GTC,2021-10-13
ord_strat_20211013,FILLED,2021-10-13,,1.0,Standing Order / DCA,GTC,2021-10-14
ord_strat_20211014,FILLED,2021-10-14,,1.0,Standing Order / DCA,GTC,2021-10-15
ord_strat_20211015,FILLED,2021-10-15,,1.0,Standing Order / DCA,GTC,2021-10-18
ord_strat_20211018,FILLED,2021-10-18,,1.0,Standing Order / DCA,GTC,2021-10-19
ord_strat_20211019,FILLED,2021-10-19,,1.0,Standing Order / DCA,GTC,2021-10-20
ord_strat_20211020,FILLED,2021-10-20,,1.0,Standing Order / DCA,GTC,2021-10-21
ord_strat_20211021,FILLED,2021-10-21,,1.0,Standing Order / DCA,GTC,2021-10-22
ord_strat_20211022,FILLED,2021-10-22,,1.0,Standing Order / DCA,GTC,2021-10-25
ord_strat_20211025,FILLED,2021-10-25,,1.0,Standing Order / DCA,GTC,2021-10-26
ord_strat_20211026,FILLED,2021-10-26,,1.0,Standing Order / DCA,GTC,2021-10-27
ord_strat_20211027,FILLED,2021-10-27,,1.0,Standing Order / DCA,GTC,2021-10-28
ord_strat_20211028,FILLED,2021-10-28,,1.0,Standing Order / DCA,GTC,2021-10-29
ord_strat_20211029,FILLED,2021-10-29,,1.0,Standing Order / DCA,GTC,2021-11-01
ord_strat_20211101,FILLED,2021-11-01,,1.0,Standing Order / DCA,GTC,2021-11-02
ord_strat_20211102,FILLED,2021-11-02,,1.0,Standing Order / DCA,GTC,2021-11-03
ord_strat_20211103,FILLED,2021-11-03,,1.0,Standing Order / DCA,GTC,2021-11-04
ord_strat_20211104,FILLED,2021-11-04,,1.0,Standing Order / DCA,GTC,2021-11-05
ord_strat_20211105,FILLED,2021-11-05,,1.0,Standing Order / DCA,GTC,2021-11-08
ord_strat_20211108,FILLED,2021-11-08,,1.0,Standing Order / DCA,GTC,2021-11-09
ord_strat_20211109,FILLED,2021-11-09,,1.0,Standing Order / DCA,GTC,2021-11-10
ord_strat_20211110,FILLED,2021-11-10,,1.0,Standing Order / DCA,GTC,2021-11-11
ord_strat_20211111,FILLED,2021-11-11,,1.0,Standing Order / DCA,GTC,2021-11-12
ord_strat_20211112,FILLED,2021-11-12,,1.0,Standing Order / DCA,GTC,2021-11-15
ord_strat_20211115,FILLED,2021-11-15,,1.0,Standing Order / DCA,GTC,2021-11-16
ord_strat_20211116,FILLED,2021-11-16,,1.0,Standing Order / DCA,GTC,2021-11-17
ord_strat_20211117,FILLED,2021-11-17,,1.0,Standing Order / DCA,GTC,2021-11-18
ord_strat_20211118,FILLED,2021-11-18,,1.0,Standing Order / DCA,GTC,2021-11-19
ord_strat_20211119,FILLED,2021-11-19,,1.0,Standing Order / DCA,GTC,2021-11-22
ord_strat_20211122,FILLED,2021-11-22,,1.0,Standing Order / DCA,GTC,2021-11-23
ord_strat_20211123,FILLED,2021-11-23,,1.0,Standing Order / DCA,GTC,2021-11-24
ord_strat_20211124,FILLED,2021-11-24,,1.0,Standing Order / DCA,GTC,2021-11-26
ord_strat_20211126,FILLED,2021-11-26,,1.0,Standing Order / DCA,GTC,2021-11-29
ord_strat_20211129,FILLED,2021-11-29,,1.0,Standing Order / DCA,GTC,2021-11-30
ord_strat_20211130,FILLED,2021-11-30,,1.0,Standing Order / DCA,GTC,2021-12-01
ord_strat_20211201,FILLED,2021-12-01,,1.0,Standing Order / DCA,GTC,2021-12-02
ord_strat_20211202,FILLED,2021-12-02,,1.0,Standing Order / DCA,GTC,2021-12-03
ord_strat_20211203,FILLED,2021-12-03,,1.0,Standing Order / DCA,GTC,2021-12-06
ord_strat_20211206,FILLED,2021-12-06,,1.0,Standing Order / DCA,GTC,2021-12-07
ord_strat_20211207,FILLED,2021-12-07,,1.0,Standing Order / DCA,GTC,2021-12-08
ord_strat_20211208,FILLED,2021-12-08,,1.0,Standing Order / DCA,GTC,2021-12-09
ord_strat_20211209,FILLED,2021-12-09,,1.0,Standing Order / DCA,GTC,2021-12-10
ord_strat_20211210,FILLED,2021-12-10,,1.0,Standing Order / DCA,GTC,2021-12-13
ord_strat_20211213,FILLED,2021-12-13,,1.0,Standing Order / DCA,GTC,2021-12-14
ord_strat_20211214,FILLED,2021-12-14,,1.0,Standing Order / DCA,GTC,2021-12-15
ord_strat_20211215,FILLED,2021-12-15,,1.0,Standing Order / DCA,GTC,2021-12-16
ord_strat_20211216,FILLED,2021-12-16,,1.0,Standing Order / DCA,GTC,2021-12-17
ord_strat_20211217,FILLED,2021-12-17,,1.0,Standing Order / DCA,GTC,2021-12-20
ord_strat_20211220,FILLED,2021-12-20,,1.0,Standing Order / DCA,GTC,2021-12-21
ord_strat_20211221,FILLED,2021-12-21,,1.0,Standing Order / DCA,GTC,2021-12-22
ord_strat_20211222,FILLED,2021-12-22,,1.0,Standing Order / DCA,GTC,2021-12-23
ord_strat_20211223,FILLED,2021-12-23,,1.0,Standing Order / DCA,GTC,2021-12-27
ord_strat_20211227,FILLED,2021-12-27,,1.0,Standing Order / DCA,GTC,2021-12-28
ord_strat_20211228,FILLED,2021-12-28,,1.0,Standing Order / DCA,GTC,2021-12-29
ord_strat_20211229,FILLED,2021-12-29,,1.0,Standing Order / DCA,GTC,2021-12-30
ord_strat_20211230,FILLED,2021-12-30,,1.0,Standing Order / DCA,GTC,2021-12-31
ord_strat_20211231,FILLED,2021-12-31,,1.0,Standing Order / DCA,GTC,2022-01-03
ord_strat_20220103,FILLED,2022-01-03,,1.0,Standing Order / DCA,GTC,2022-01-04
ord_strat_20220104,FILLED,2022-01-04,,1.0,Standing Order / DCA,GTC,2022-01-05
ord_strat_20220105,FILLED,2022-01-05,,1.0,Standing Order / DCA,GTC,2022-01-06
ord_strat_20220106,FILLED,2022-01-06,,1.0,Standing Order / DCA,GTC,2022-01-07
ord_strat_20220107,FILLED,2022-01-07,,1.0,Standing Order / DCA,GTC,2022-01-10
ord_strat_20220110,FILLED,2022-01-10,,1.0,Standing Order / DCA,GTC,2022-01-11
ord_strat_20220111,FILLED,2022-01-11,,1.0,Standing Order / DCA,GTC,2022-01-12
ord_strat_20220112,FILLED,2022-01-12,,1.0,Standing Order / DCA,GTC,2022-01-13
ord_strat_20220113,FILLED,2022-01-13,,1.0,Standing Order / DCA,GTC,2022-01-14
ord_strat_20220114,FILLED,2022-01-14,,1.0,Standing Order / DCA,GTC,2022-01-18
ord_strat_20220118,FILLED,2022-01-18,,1.0,Standing Order / DCA,GTC,2022-01-19
ord_strat_20220119,FILLED,2022-01-19,,1.0,Standing Order / DCA,GTC,2022-01-20
ord_strat_20220120,FILLED,2022-01-20,,1.0,Standing Order / DCA,GTC,2022-01-21
ord_strat_20220121,FILLED,2022-01-21,,1.0,Standing Order / DCA,GTC,2022-01-24
ord_strat_20220124,FILLED,2022-01-24,,1.0,Standing Order / DCA,GTC,2022-01-25
ord_strat_20220125,FILLED,2022-01-25,,1.0,Standing Order / DCA,GTC,2022-01-26
ord_strat_20220126,FILLED,2022-01-26,,1.0,Standing Order / DCA,GTC,2022-01-27
ord_strat_20220127,FILLED,2022-01-27,,1.0,Standing Order / DCA,GTC,2022-01-28
ord_strat_20220128,FILLED,2022-01-28,,1.0,Standing Order / DCA,GTC,2022-01-31
ord_strat_20220131,FILLED,2022-01-31,,1.0,Standing Order / DCA,GTC,2022-02-01
ord_strat_20220201,FILLED,2022-02-01,,1.0,Standing Order / DCA,GTC,2022-02-02
ord_strat_20220202,FILLED,2022-02-02,,1.0,Standing Order / DCA,GTC,2022-02-03
ord_strat_20220203,FILLED,2022-02-03,,1.0,Standing Order / DCA,GTC,2022-02-04
ord_strat_20220204,FILLED,2022-02-04,,1.0,Standing Order / DCA,GTC,2022-02-07
ord_strat_20220207,FILLED,2022-02-07,,1.0,Standing Order / DCA,GTC,2022-02-08
ord_strat_20220208,FILLED,2022-02-08,,1.0,Standing Order / DCA,GTC,2022-02-09
ord_strat_20220209,FILLED,2022-02-09,,1.0,Standing Order / DCA,GTC,2022-02-10
ord_strat_20220210,FILLED,2022-02-10,,1.0,Standing Order / DCA,GTC,2022-02-11
ord_strat_20220211,FILLED,2022-02-11,,1.0,Standing Order / DCA,GTC,2022-02-14
ord_strat_20220214,FILLED,2022-02-14,,1.0,Standing Order / DCA,GTC,2022-02-15
ord_strat_20220215,FILLED,2022-02-15,,1.0,Standing Order / DCA,GTC,2022-02-16
ord_strat_20220216,FILLED,2022-02-16,,1.0,Standing Order / DCA,GTC,2022-02-17
ord_strat_20220217,FILLED,2022-02-17,,1.0,Standing Order / DCA,GTC,2022-02-18
ord_strat_20220218,FILLED,2022-02-18,,1.0,Standing Order / DCA,GTC,2022-02-22
ord_strat_20220222,FILLED,2022-02-22,,1.0,Standing Order / DCA,GTC,2022-02-23
ord_strat_20220223,FILLED,2022-02-23,,1.0,Standing Order / DCA,GTC,2022-02-24
ord_strat_20220224,FILLED,2022-02-24,,1.0,Standing Order / DCA,GTC,2022-02-25
ord_strat_20220225,FILLED,2022-02-25,,1.0,Standing Order / DCA,GTC,2022-02-28
ord_strat_20220228,FILLED,2022-02-28,,1.0,Standing Order / DCA,GTC,2022-03-01
ord_strat_20220301,FILLED,2022-03-01,,1.0,Standing Order / DCA,GTC,2022-03-02
ord_strat_20220302,FILLED,2022-03-02,,1.0,Standing Order / DCA,GTC,2022-03-03
ord_strat_20220303,FILLED,2022-03-03,,1.0,Standing Order / DCA,GTC,2022-03-04
ord_strat_20220304,FILLED,2022-03-04,,1.0,Standing Order / DCA,GTC,2022-03-07
ord_strat_20220307,FILLED,2022-03-07,,1.0,Standing Order / DCA,GTC,2022-03-08
ord_strat_20220308,FILLED,2022-03-08,,1.0,Standing Order / DCA,GTC,2022-03-09
ord_strat_20220309,FILLED,2022-03-09,,1.0,Standing Order / DCA,GTC,2022-03-10
ord_strat_20220310,FILLED,2022-03-10,,1.0,Standing Order / DCA,GTC,2022-03-11
ord_strat_20220311,FILLED,2022-03-11,,1.0,Standing Order / DCA,GTC,2022-03-14
ord_strat_20220314,FILLED,2022-03-14,,1.0,Standing Order / DCA,GTC,2022-03-15
ord_strat_20220315,FILLED,2022-03-15,,1.0,Standing Order / DCA,GTC,2022-03-16
ord_strat_20220316,FILLED,2022-03-16,,1.0,Standing Order / DCA,GTC,2022-03-17
ord_strat_20220317,FILLED,2022-03-17,,1.0,Standing Order / DCA,GTC,2022-03-18
ord_strat_20220318,FILLED,2022-03-18,,1.0,Standing Order / DCA,GTC,2022-03-21
ord_strat_20220321,FILLED,2022-03-21,,1.0,Standing Order / DCA,GTC,2022-03-22
ord_strat_20220322,FILLED,2022-03-22,,1.0,Standing Order / DCA,GTC,2022-03-23
ord_strat_20220323,FILLED,2022-03-23,,1.0,Standing Order / DCA,GTC,2022-03-24
ord_strat_20220324,FILLED,2022-03-24,,1.0,Standing Order / DCA,GTC,2022-03-25
ord_strat_20220325,FILLED,2022-03-25,,1.0,Standing Order / DCA,GTC,2022-03-28
ord_strat_20220328,FILLED,2022-03-28,,1.0,Standing Order / DCA,GTC,2022-03-29
ord_strat_20220329,FILLED,2022-03-29,,1.0,Standing Order / DCA,GTC,2022-03-30
ord_strat_20220330,FILLED,2022-03-30,,1.0,Standing Order / DCA,GTC,2022-03-31
ord_strat_20220331,FILLED,2022-03-31,,1.0,Standing Order / DCA,GTC,2022-04-01
ord_strat_20220401,FILLED,2022-04-01,,1.0,Standing Order / DCA,GTC,2022-04-04
ord_strat_20220404,FILLED,2022-04-04,,1.0,Standing Order / DCA,GTC,2022-04-05
ord_strat_20220405,FILLED,2022-04-05,,1.0,Standing Order / DCA,GTC,2022-04-06
ord_strat_20220406,FILLED,2022-04-06,,1.0,Standing Order / DCA,GTC,2022-04-07
ord_strat_20220407,FILLED,2022-04-07,,1.0,Standing Order / DCA,GTC,2022-04-08
ord_strat_20220408,FILLED,2022-04-08,,1.0,Standing Order / DCA,GTC,2022-04-11
ord_strat_20220411,FILLED,2022-04-11,,1.0,Standing Order / DCA,GTC,2022-04-12
ord_strat_20220412,FILLED,2022-04-12,,1.0,Standing Order / DCA,GTC,2022-04-13
ord_strat_20220413,FILLED,2022-04-13,,1.0,Standing Order / DCA,GTC,2022-04-14
ord_strat_20220414,FILLED,2022-04-14,,1.0,Standing Order / DCA,GTC,2022-04-18
ord_strat_20220418,FILLED,2022-04-18,,1.0,Standing Order / DCA,GTC,2022-04-19
ord_strat_20220419,FILLED,2022-04-19,,1.0,Standing Order / DCA,GTC,2022-04-20
ord_strat_20220420,FILLED,2022-04-20,,1.0,Standing Order / DCA,GTC,2022-04-21
ord_strat_20220421,FILLED,2022-04-21,,1.0,Standing Order / DCA,GTC,2022-04-22
ord_strat_20220422,FILLED,2022-04-22,,1.0,Standing Order / DCA,GTC,2022-04-25
ord_strat_20220425,FILLED,2022-04-25,,1.0,Standing Order / DCA,GTC,2022-04-26
ord_strat_20220426,FILLED,2022-04-26,,1.0,Standing Order / DCA,GTC,2022-04-27
ord_strat_20220427,FILLED,2022-04-27,,1.0,Standing Order / DCA,GTC,2022-04-28
ord_strat_20220428,FILLED,2022-04-28,,1.0,Standing Order / DCA,GTC,2022-04-29
ord_strat_20220429,FILLED,2022-04-29,,1.0,Standing Order / DCA,GTC,2022-05-02
ord_strat_20220502,FILLED,2022-05-02,,1.0,Standing Order / DCA,GTC,2022-05-03
ord_strat_20220503,FILLED,2022-05-03,,1.0,Standing Order / DCA,GTC,2022-05-04
ord_strat_20220504,FILLED,2022-05-04,,1.0,Standing Order / DCA,GTC,2022-05-05
ord_strat_20220505,FILLED,2022-05-05,,1.0,Standing Order / DCA,GTC,2022-05-06
ord_strat_20220506,FILLED,2022-05-06,,1.0,Standing Order / DCA,GTC,2022-05-09
ord_strat_20220509,FILLED,2022-05-09,,1.0,Standing Order / DCA,GTC,2022-05-10
ord_strat_20220510,FILLED,2022-05-10,,1.0,Standing Order / DCA,GTC,2022-05-11
ord_strat_20220511,FILLED,2022-05-11,,1.0,Standing Order / DCA,GTC,2022-05-12
ord_strat_20220512,FILLED,2022-05-12,,1.0,Standing Order / DCA,GTC,2022-05-13
ord_strat_20220513,FILLED,2022-05-13,,1.0,Standing Order / DCA,GTC,2022-05-16
ord_strat_20220516,FILLED,2022-05-16,,1.0,Standing Order / DCA,GTC,2022-05-17
ord_strat_20220517,FILLED,2022-05-17,,1.0,Standing Order / DCA,GTC,2022-05-18
ord_strat_20220518,FILLED,2022-05-18,,1.0,Standing Order / DCA,GTC,2022-05-19
ord_strat_20220519,FILLED,2022-05-19,,1.0,Standing Order / DCA,GTC,2022-05-20
ord_strat_20220520,FILLED,2022-05-20,,1.0,Standing Order / DCA,GTC,2022-05-23
ord_strat_20220523,FILLED,2022-05-23,,1.0,Standing Order / DCA,GTC,2022-05-24
ord_strat_20220524,FILLED,2022-05-24,,1.0,Standing Order / DCA,GTC,2022-05-25
ord_strat_20220525,FILLED,2022-05-25,,1.0,Standing Order / DCA,GTC,2022-05-26
ord_strat_20220526,FILLED,2022-05-26,,1.0,Standing Order / DCA,GTC,2022-05-27
ord_strat_20220527,FILLED,2022-05-27,,1.0,Standing Order / DCA,GTC,2022-05-31
ord_strat_20220531,FILLED,2022-05-31,,1.0,Standing Order / DCA,GTC,2022-06-01
ord_strat_20220601,FILLED,2022-06-01,,1.0,Standing Order / DCA,GTC,2022-06-02
ord_strat_20220602,FILLED,2022-06-02,,1.0,Standing Order / DCA,GTC,2022-06-03
ord_strat_20220603,FILLED,2022-06-03,,1.0,Standing Order / DCA,GTC,2022-06-06
ord_strat_20220606,FILLED,2022-06-06,,1.0,Standing Order / DCA,GTC,2022-06-07
ord_strat_20220607,FILLED,2022-06-07,,1.0,Standing Order / DCA,GTC,2022-06-08
ord_strat_20220608,FILLED,2022-06-08,,1.0,Standing Order / DCA,GTC,2022-06-09
ord_strat_20220609,FILLED,2022-06-09,,1.0,Standing Order / DCA,GTC,2022-06-10
ord_strat_20220610,FILLED,2022-06-10,,1.0,Standing Order / DCA,GTC,2022-06-13
ord_strat_20220613,FILLED,2022-06-13,,1.0,Standing Order / DCA,GTC,2022-06-14
ord_strat_20220614,FILLED,2022-06-14,,1.0,Standing Order / DCA,GTC,2022-06-15
ord_strat_20220615,FILLED,2022-06-15,,1.0,Standing Order / DCA,GTC,2022-06-16
ord_strat_20220616,FILLED,2022-06-16,,1.0,Standing Order / DCA,GTC,2022-06-17
ord_strat_20220617,FILLED,2022-06-17,,1.0,Standing Order / DCA,GTC,2022-06-21
ord_strat_20220621,FILLED,2022-06-21,,1.0,Standing Order / DCA,GTC,2022-06-22
ord_strat_20220622,FILLED,2022-06-22,,1.0,Standing Order / DCA,GTC,2022-06-23
ord_strat_20220623,FILLED,2022-06-23,,1.0,Standing Order / DCA,GTC,2022-06-24
ord_strat_20220624,FILLED,2022-06-24,,1.0,Standing Order / DCA,GTC,2022-06-27
ord_strat_20220627,FILLED,2022-06-27,,1.0,Standing Order / DCA,GTC,2022-06-28
ord_strat_20220628,FILLED,2022-06-28,,1.0,Standing Order / DCA,GTC,2022-06-29
ord_strat_20220629,FILLED,2022-06-29,,1.0,Standing Order / DCA,GTC,2022-06-30
ord_strat_20220630,FILLED,2022-06-30,,1.0,Standing Order / DCA,GTC,2022-07-01
ord_strat_20220701,FILLED,2022-07-01,,1.0,Standing Order / DCA,GTC,2022-07-05
ord_strat_20220705,FILLED,2022-07-05,,1.0,Standing Order / DCA,GTC,2022-07-06
ord_strat_20220706,FILLED,2022-07-06,,1.0,Standing Order / DCA,GTC,2022-07-07
ord_strat_20220707,FILLED,2022-07-07,,1.0,Standing Order / DCA,GTC,2022-07-08
ord_strat_20220708,FILLED,2022-07-08,,1.0,Standing Order / DCA,GTC,2022-07-11
ord_strat_20220711,FILLED,2022-07-11,,1.0,Standing Order / DCA,GTC,2022-07-12
ord_strat_20220712,FILLED,2022-07-12,,1.0,Standing Order / DCA,GTC,2022-07-13
ord_strat_20220713,FILLED,2022-07-13,,1.0,Standing Order / DCA,GTC,2022-07-14
ord_strat_20220714,FILLED,2022-07-14,,1.0,Standing Order / DCA,GTC,2022-07-15
ord_strat_20220715,FILLED,2022-07-15,,1.0,Standing Order / DCA,GTC,2022-07-18
ord_strat_20220718,FILLED,2022-07-18,,1.0,Standing Order / DCA,GTC,2022-07-19
ord_strat_20220719,FILLED,2022-07-19,,1.0,Standing Order / DCA,GTC,2022-07-20
ord_strat_20220720,FILLED,2022-07-20,,1.0,Standing Order / DCA,GTC,2022-07-21
ord_strat_20220721,FILLED,2022-07-21,,1.0,Standing Order / DCA,GTC,2022-07-22
ord_strat_20220722,FILLED,2022-07-22,,1.0,Standing Order / DCA,GTC,2022-07-25
ord_strat_20220725,FILLED,2022-07-25,,1.0,Standing Order / DCA,GTC,2022-07-26
ord_strat_20220726,FILLED,2022-07-26,,1.0,Standing Order / DCA,GTC,2022-07-27
ord_strat_20220727,FILLED,2022-07-27,,1.0,Standing Order / DCA,GTC,2022-07-28
ord_strat_20220728,FILLED,2022-07-28,,1.0,Standing Order / DCA,GTC,2022-07-29
ord_strat_20220729,FILLED,2022-07-29,,1.0,Standing Order / DCA,GTC,2022-08-01
ord_strat_20220801,FILLED,2022-08-01,,1.0,Standing Order / DCA,GTC,2022-08-02
ord_strat_20220802,FILLED,2022-08-02,,1.0,Standing Order / DCA,GTC,2022-08-03
ord_strat_20220803,FILLED,2022-08-03,,1.0,Standing Order / DCA,GTC,2022-08-04
ord_strat_20220804,FILLED,2022-08-04,,1.0,Standing Order / DCA,GTC,2022-08-05
ord_strat_20220805,FILLED,2022-08-05,,1.0,Standing Order / DCA,GTC,2022-08-08
ord_strat_20220808,FILLED,2022-08-08,,1.0,Standing Order / DCA,GTC,2022-08-09
ord_strat_20220809,FILLED,2022-08-09,,1.0,Standing Order / DCA,GTC,2022-08-10
ord_strat_20220810,FILLED,2022-08-10,,1.0,Standing Order / DCA,GTC,2022-08-11
ord_strat_20220811,FILLED,2022-08-11,,1.0,Standing Order / DCA,GTC,2022-08-12
ord_strat_20220812,FILLED,2022-08-12,,1.0,Standing Order / DCA,GTC,2022-08-15
ord_strat_20220815,FILLED,2022-08-15,,1.0,Standing Order / DCA,GTC,2022-08-16
ord_strat_20220816,FILLED,2022-08-16,,1.0,Standing Order / DCA,GTC,2022-08-17
ord_strat_20220817,FILLED,2022-08-17,,1.0,Standing Order / DCA,GTC,2022-08-18
ord_strat_20220818,FILLED,2022-08-18,,1.0,Standing Order / DCA,GTC,2022-08-19
ord_strat_20220819,FILLED,2022-08-19,,1.0,Standing Order / DCA,GTC,2022-08-22
ord_strat_20220822,FILLED,2022-08-22,,1.0,Standing Order / DCA,GTC,2022-08-23
ord_strat_20220823,FILLED,2022-08-23,,1.0,Standing Order / DCA,GTC,2022-08-24
ord_strat_20220824,FILLED,2022-08-24,,1.0,Standing Order / DCA,GTC,2022-08-25
ord_strat_20220825,FILLED,2022-08-25,,1.0,Standing Order / DCA,GTC,2022-08-26
ord_strat_20220826,FILLED,2022-08-26,,1.0,Standing Order / DCA,GTC,2022-08-29
ord_strat_20220829,FILLED,2022-08-29,,1.0,Standing Order / DCA,GTC,2022-08-30
ord_strat_20220830,FILLED,2022-08-30,,1.0,Standing Order / DCA,GTC,2022-08-31
ord_strat_20220831,FILLED,2022-08-31,,1.0,Standing Order / DCA,GTC,2022-09-01
ord_strat_20220901,FILLED,2022-09-01,,1.0,Standing Order / DCA,GTC,2022-09-02
ord_strat_20220902,FILLED,2022-09-02,,1.0,Standing Order / DCA,GTC,2022-09-06
ord_strat_20220906,FILLED,2022-09-06,,1.0,Standing Order / DCA,GTC,2022-09-07
ord_strat_20220907,FILLED,2022-09-07,,1.0,Standing Order / DCA,GTC,2022-09-08
ord_strat_20220908,FILLED,2022-09-08,,1.0,Standing Order / DCA,GTC,2022-09-09
ord_strat_20220909,FILLED,2022-09-09,,1.0,Standing Order / DCA,GTC,2022-09-12
ord_strat_20220912,FILLED,2022-09-12,,1.0,Standing Order / DCA,GTC,2022-09-13
ord_strat_20220913,FILLED,2022-09-13,,1.0,Standing Order / DCA,GTC,2022-09-14
ord_strat_20220914,FILLED,2022-09-14,,1.0,Standing Order / DCA,GTC,2022-09-15
ord_strat_20220915,FILLED,2022-09-15,,1.0,Standing Order / DCA,GTC,2022-09-16
ord_strat_20220916,FILLED,2022-09-16,,1.0,Standing Order / DCA,GTC,2022-09-19
ord_strat_20220919,FILLED,2022-09-19,,1.0,Standing Order / DCA,GTC,2022-09-20
ord_strat_20220920,FILLED,2022-09-20,,1.0,Standing Order / DCA,GTC,2022-09-21
ord_strat_20220921,FILLED,2022-09-21,,1.0,Standing Order / DCA,GTC,2022-09-22
ord_strat_20220922,FILLED,2022-09-22,,1.0,Standing Order / DCA,GTC,2022-09-23
ord_strat_20220923,FILLED,2022-09-23,,1.0,Standing Order / DCA,GTC,2022-09-26
ord_strat_20220926,FILLED,2022-09-26,,1.0,Standing Order / DCA,GTC,2022-09-27
ord_strat_20220927,FILLED,2022-09-27,,1.0,Standing Order / DCA,GTC,2022-09-28
ord_strat_20220928,FILLED,2022-09-28,,1.0,Standing Order / DCA,GTC,2022-09-29
ord_strat_20220929,FILLED,2022-09-29,,1.0,Standing Order / DCA,GTC,2022-09-30
ord_strat_20220930,FILLED,2022-09-30,,1.0,Standing Order / DCA,GTC,2022-10-03
ord_strat_20221003,FILLED,2022-10-03,,1.0,Standing Order / DCA,GTC,2022-10-04
ord_strat_20221004,FILLED,2022-10-04,,1.0,Standing Order / DCA,GTC,2022-10-05
ord_strat_20221005,FILLED,2022-10-05,,1.0,Standing Order / DCA,GTC,2022-10-06
ord_strat_20221006,FILLED,2022-10-06,,1.0,Standing Order / DCA,GTC,2022-10-07
ord_strat_20221007,FILLED,2022-10-07,,1.0,Standing Order / DCA,GTC,2022-10-10
ord_strat_20221010,FILLED,2022-10-10,,1.0,Standing Order / DCA,GTC,2022-10-11
ord_strat_20221011,FILLED,2022-10-11,,1.0,Standing Order / DCA,GTC,2022-10-12
ord_strat_20221012,FILLED,2022-10-12,,1.0,Standing Order / DCA,GTC,2022-10-13
ord_strat_20221013,FILLED,2022-10-13,,1.0,Standing Order / DCA,GTC,2022-10-14
ord_strat_20221014,FILLED,2022-10-14,,1.0,Standing Order / DCA,GTC,2022-10-17
ord_strat_20221017,FILLED,2022-10-17,,1.0,Standing Order / DCA,GTC,2022-10-18
ord_strat_20221018,FILLED,2022-10-18,,1.0,Standing Order / DCA,GTC,2022-10-19
ord_strat_20221019,FILLED,2022-10-19,,1.0,Standing Order / DCA,GTC,2022-10-20
ord_strat_20221020,FILLED,2022-10-20,,1.0,Standing Order / DCA,GTC,2022-10-21
ord_strat_20221021,FILLED,2022-10-21,,1.0,Standing Order / DCA,GTC,2022-10-24
ord_strat_20221024,FILLED,2022-10-24,,1.0,Standing Order / DCA,GTC,2022-10-25
ord_strat_20221025,FILLED,2022-10-25,,1.0,Standing Order / DCA,GTC,2022-10-26
ord_strat_20221026,FILLED,2022-10-26,,1.0,Standing Order / DCA,GTC,2022-10-27
ord_strat_20221027,FILLED,2022-10-27,,1.0,Standing Order / DCA,GTC,2022-10-28
ord_strat_20221028,FILLED,2022-10-28,,1.0,Standing Order / DCA,GTC,2022-10-31
ord_strat_20221031,FILLED,2022-10-31,,1.0,Standing Order / DCA,GTC,2022-11-01
ord_strat_20221101,FILLED,2022-11-01,,1.0,Standing Order / DCA,GTC,2022-11-02
ord_strat_20221102,FILLED,2022-11-02,,1.0,Standing Order / DCA,GTC,2022-11-03
ord_strat_20221103,FILLED,2022-11-03,,1.0,Standing Order / DCA,GTC,2022-11-04
ord_strat_20221104,FILLED,2022-11-04,,1.0,Standing Order / DCA,GTC,2022-11-07
ord_strat_20221107,FILLED,2022-11-07,,1.0,Standing Order / DCA,GTC,2022-11-08
ord_strat_20221108,FILLED,2022-11-08,,1.0,Standing Order / DCA,GTC,2022-11-09
ord_strat_20221109,FILLED,2022-11-09,,1.0,Standing Order / DCA,GTC,2022-11-10
ord_strat_20221110,FILLED,2022-11-10,,1.0,Standing Order / DCA,GTC,2022-11-11
ord_strat_20221111,FILLED,2022-11-11,,1.0,Standing Order / DCA,GTC,2022-11-14
ord_strat_20221114,FILLED,2022-11-14,,1.0,Standing Order / DCA,GTC,2022-11-15
ord_strat_20221115,FILLED,2022-11-15,,1.0,Standing Order / DCA,GTC,2022-11-16
ord_strat_20221116,FILLED,2022-11-16,,1.0,Standing Order / DCA,GTC,2022-11-17
ord_strat_20221117,FILLED,2022-11-17,,1.0,Standing Order / DCA,GTC,2022-11-18
ord_strat_20221118,FILLED,2022-11-18,,1.0,Standing Order / DCA,GTC,2022-11-21
ord_strat_20221121,FILLED,2022-11-21,,1.0,Standing Order / DCA,GTC,2022-11-22
ord_strat_20221122,FILLED,2022-11-22,,1.0,Standing Order / DCA,GTC,2022-11-23
ord_strat_20221123,FILLED,2022-11-23,,1.0,Standing Order / DCA,GTC,2022-11-25
ord_strat_20221125,FILLED,2022-11-25,,1.0,Standing Order / DCA,GTC,2022-11-28
ord_strat_20221128,FILLED,2022-11-28,,1.0,Standing Order / DCA,GTC,2022-11-29
ord_strat_20221129,FILLED,2022-11-29,,1.0,Standing Order / DCA,GTC,2022-11-30
ord_strat_20221130,FILLED,2022-11-30,,1.0,Standing Order / DCA,GTC,2022-12-01
ord_strat_20221201,FILLED,2022-12-01,,1.0,Standing Order / DCA,GTC,2022-12-02
ord_strat_20221202,FILLED,2022-12-02,,1.0,Standing Order / DCA,GTC,2022-12-05
ord_strat_20221205,FILLED,2022-12-05,,1.0,Standing Order / DCA,GTC,2022-12-06
ord_strat_20221206,FILLED,2022-12-06,,1.0,Standing Order / DCA,GTC,2022-12-07
ord_strat_20221207,FILLED,2022-12-07,,1.0,Standing Order / DCA,GTC,2022-12-08
ord_strat_20221208,FILLED,2022-12-08,,1.0,Standing Order / DCA,GTC,2022-12-09
ord_strat_20221209,FILLED,2022-12-09,,1.0,Standing Order / DCA,GTC,2022-12-12
ord_strat_20221212,FILLED,2022-12-12,,1.0,Standing Order / DCA,GTC,2022-12-13
ord_strat_20221213,FILLED,2022-12-13,,1.0,Standing Order / DCA,GTC,2022-12-14
ord_strat_20221214,FILLED,2022-12-14,,1.0,Standing Order / DCA,GTC,2022-12-15
ord_strat_20221215,FILLED,2022-12-15,,1.0,Standing Order / DCA,GTC,2022-12-16
ord_strat_20221216,FILLED,2022-12-16,,1.0,Standing Order / DCA,GTC,2022-12-19
ord_strat_20221219,FILLED,2022-12-19,,1.0,Standing Order / DCA,GTC,2022-12-20
ord_strat_20221220,FILLED,2022-12-20,,1.0,Standing Order / DCA,GTC,2022-12-21
ord_strat_20221221,FILLED,2022-12-21,,1.0,Standing Order / DCA,GTC,2022-12-22
ord_strat_20221222,FILLED,2022-12-22,,1.0,Standing Order / DCA,GTC,2022-12-23
ord_strat_20221223,FILLED,2022-12-23,,1.0,Standing Order / DCA,GTC,2022-12-27
ord_strat_20221227,FILLED,2022-12-27,,1.0,Standing Order / DCA,GTC,2022-12-28
ord_strat_20221228,FILLED,2022-12-28,,1.0,Standing Order / DCA,GTC,2022-12-29
ord_strat_20221229,FILLED,2022-12-29,,1.0,Standing Order / DCA,GTC,2022-12-30
ord_strat_20221230,FILLED,2022-12-30,,1.0,Standing Order / DCA,GTC,2023-01-03
ord_strat_20230103,FILLED,2023-01-03,,1.0,Standing Order / DCA,GTC,2023-01-04
ord_strat_20230104,FILLED,2023-01-04,,1.0,Standing Order / DCA,GTC,2023-01-05
ord_strat_20230105,FILLED,2023-01-05,,1.0,Standing Order / DCA,GTC,2023-01-06
ord_strat_20230106,FILLED,2023-01-06,,1.0,Standing Order / DCA,GTC,2023-01-09
ord_strat_20230109,FILLED,2023-01-09,,1.0,Standing Order / DCA,GTC,2023-01-10
ord_strat_20230110,FILLED,2023-01-10,,1.0,Standing Order / DCA,GTC,2023-01-11
ord_strat_20230111,FILLED,2023-01-11,,1.0,Standing Order / DCA,GTC,2023-01-12
ord_strat_20230112,FILLED,2023-01-12,,1.0,Standing Order / DCA,GTC,2023-01-13
ord_strat_20230113,FILLED,2023-01-13,,1.0,Standing Order / DCA,GTC,2023-01-17
ord_strat_20230117,FILLED,2023-01-17,,1.0,Standing Order / DCA,GTC,2023-01-18
ord_strat_20230118,FILLED,2023-01-18,,1.0,Standing Order / DCA,GTC,2023-01-19
ord_strat_20230119,FILLED,2023-01-19,,1.0,Standing Order / DCA,GTC,2023-01-20
ord_strat_20230120,FILLED,2023-01-20,,1.0,Standing Order / DCA,GTC,2023-01-23
ord_strat_20230123,FILLED,2023-01-23,,1.0,Standing Order / DCA,GTC,2023-01-24
ord_strat_20230124,FILLED,2023-01-24,,1.0,Standing Order / DCA,GTC,2023-01-25
ord_strat_20230125,FILLED,2023-01-25,,1.0,Standing Order / DCA,GTC,2023-01-26
ord_strat_20230126,FILLED,2023-01-26,,1.0,Standing Order / DCA,GTC,2023-01-27
ord_strat_20230127,FILLED,2023-01-27,,1.0,Standing Order / DCA,GTC,2023-01-30
ord_strat_20230130,FILLED,2023-01-30,,1.0,Standing Order / DCA,GTC,2023-01-31
ord_strat_20230131,FILLED,2023-01-31,,1.0,Standing Order / DCA,GTC,2023-02-01
ord_strat_20230201,FILLED,2023-02-01,,1.0,Standing Order / DCA,GTC,2023-02-02
ord_strat_20230202,FILLED,2023-02-02,,1.0,Standing Order / DCA,GTC,2023-02-03
ord_strat_20230203,FILLED,2023-02-03,,1.0,Standing Order / DCA,GTC,2023-02-06
ord_strat_20230206,FILLED,2023-02-06,,1.0,Standing Order / DCA,GTC,2023-02-07
ord_strat_20230207,FILLED,2023-02-07,,1.0,Standing Order / DCA,GTC,2023-02-08
ord_strat_20230208,FILLED,2023-02-08,,1.0,Standing Order / DCA,GTC,2023-02-09
ord_strat_20230209,FILLED,2023-02-09,,1.0,Standing Order / DCA,GTC,2023-02-10
ord_strat_20230210,FILLED,2023-02-10,,1.0,Standing Order / DCA,GTC,2023-02-13
ord_strat_20230213,FILLED,2023-02-13,,1.0,Standing Order / DCA,GTC,2023-02-14
ord_strat_20230214,FILLED,2023-02-14,,1.0,Standing Order / DCA,GTC,2023-02-15
ord_strat_20230215,FILLED,2023-02-15,,1.0,Standing Order / DCA,GTC,2023-02-16
ord_strat_20230216,FILLED,2023-02-16,,1.0,Standing Order / DCA,GTC,2023-02-17
ord_strat_20230217,FILLED,2023-02-17,,1.0,Standing Order / DCA,GTC,2023-02-21
ord_strat_20230221,FILLED,2023-02-21,,1.0,Standing Order / DCA,GTC,2023-02-22
ord_strat_20230222,FILLED,2023-02-22,,1.0,Standing Order / DCA,GTC,2023-02-23
ord_strat_20230223,FILLED,2023-02-23,,1.0,Standing Order / DCA,GTC,2023-02-24
ord_strat_20230224,FILLED,2023-02-24,,1.0,Standing Order / DCA,GTC,2023-02-27
ord_strat_20230227,FILLED,2023-02-27,,1.0,Standing Order / DCA,GTC,2023-02-28
ord_strat_20230228,FILLED,2023-02-28,,1.0,Standing Order / DCA,GTC,2023-03-01
ord_strat_20230301,FILLED,2023-03-01,,1.0,Standing Order / DCA,GTC,2023-03-02
ord_strat_20230302,FILLED,2023-03-02,,1.0,Standing Order / DCA,GTC,2023-03-03
ord_strat_20230303,FILLED,2023-03-03,,1.0,Standing Order / DCA,GTC,2023-03-06
ord_strat_20230306,FILLED,2023-03-06,,1.0,Standing Order / DCA,GTC,2023-03-07
ord_strat_20230307,FILLED,2023-03-07,,1.0,Standing Order / DCA,GTC,2023-03-08
ord_strat_20230308,FILLED,2023-03-08,,1.0,Standing Order / DCA,GTC,2023-03-09
ord_strat_20230309,FILLED,2023-03-09,,1.0,Standing Order / DCA,GTC,2023-03-10
ord_strat_20230310,FILLED,2023-03-10,,1.0,Standing Order / DCA,GTC,2023-03-13
ord_strat_20230313,FILLED,2023-03-13,,1.0,Standing Order / DCA,GTC,2023-03-14
ord_strat_20230314,FILLED,2023-03-14,,1.0,Standing Order / DCA,GTC,2023-03-15
ord_strat_20230315,FILLED,2023-03-15,,1.0,Standing Order / DCA,GTC,2023-03-16
ord_strat_20230316,FILLED,2023-03-16,,1.0,Standing Order / DCA,GTC,2023-03-17
ord_strat_20230317,FILLED,2023-03-17,,1.0,Standing Order / DCA,GTC,2023-03-20
ord_strat_20230320,FILLED,2023-03-20,,1.0,Standing Order / DCA,GTC,2023-03-21
ord_strat_20230321,FILLED,2023-03-21,,1.0,Standing Order / DCA,GTC,2023-03-22
ord_strat_20230322,FILLED,2023-03-22,,1.0,Standing Order / DCA,GTC,2023-03-23
ord_strat_20230323,FILLED,2023-03-23,,1.0,Standing Order / DCA,GTC,2023-03-24
ord_strat_20230324,FILLED,2023-03-24,,1.0,Standing Order / DCA,GTC,2023-03-27
ord_strat_20230327,FILLED,2023-03-27,,1.0,Standing Order / DCA,GTC,2023-03-28
ord_strat_20230328,FILLED,2023-03-28,,1.0,Standing Order / DCA,GTC,2023-03-29
ord_strat_20230329,FILLED,2023-03-29,,1.0,Standing Order / DCA,GTC,2023-03-30
ord_strat_20230330,FILLED,2023-03-30,,1.0,Standing Order / DCA,GTC,2023-03-31
ord_strat_20230331,FILLED,2023-03-31,,1.0,Standing Order / DCA,GTC,2023-04-03
ord_strat_20230403,FILLED,2023-04-03,,1.0,Standing Order / DCA,GTC,2023-04-04
ord_strat_20230404,FILLED,2023-04-04,,1.0,Standing Order / DCA,GTC,2023-04-05
ord_strat_20230405,FILLED,2023-04-05,,1.0,Standing Order / DCA,GTC,2023-04-06
ord_strat_20230406,FILLED,2023-04-06,,1.0,Standing Order / DCA,GTC,2023-04-10
ord_strat_20230410,FILLED,2023-04-10,,1.0,Standing Order / DCA,GTC,2023-04-11
ord_strat_20230411,FILLED,2023-04-11,,1.0,Standing Order / DCA,GTC,2023-04-12
ord_strat_20230412,FILLED,2023-04-12,,1.0,Standing Order / DCA,GTC,2023-04-13
ord_strat_20230413,FILLED,2023-04-13,,1.0,Standing Order / DCA,GTC,2023-04-14
ord_strat_20230414,FILLED,2023-04-14,,1.0,Standing Order / DCA,GTC,2023-04-17
ord_strat_20230417,FILLED,2023-04-17,,1.0,Standing Order / DCA,GTC,2023-04-18
ord_strat_20230418,FILLED,2023-04-18,,1.0,Standing Order / DCA,GTC,2023-04-19
ord_strat_20230419,FILLED,2023-04-19,,1.0,Standing Order / DCA,GTC,2023-04-20
ord_strat_20230420,FILLED,2023-04-20,,1.0,Standing Order / DCA,GTC,2023-04-21
ord_strat_20230421,FILLED,2023-04-21,,1.0,Standing Order / DCA,GTC,2023-04-24
ord_strat_20230424,FILLED,2023-04-24,,1.0,Standing Order / DCA,GTC,2023-04-25
ord_strat_20230425,FILLED,2023-04-25,,1.0,Standing Order / DCA,GTC,2023-04-26
ord_strat_20230426,FILLED,2023-04-26,,1.0,Standing Order / DCA,GTC,2023-04-27
ord_strat_20230427,FILLED,2023-04-27,,1.0,Standing Order / DCA,GTC,2023-04-28
ord_strat_20230428,FILLED,2023-04-28,,1.0,Standing Order / DCA,GTC,2023-05-01
ord_strat_20230501,FILLED,2023-05-01,,1.0,Standing Order / DCA,GTC,2023-05-02
ord_strat_20230502,FILLED,2023-05-02,,1.0,Standing Order / DCA,GTC,2023-05-03
ord_strat_20230503,FILLED,2023-05-03,,1.0,Standing Order / DCA,GTC,2023-05-04
ord_strat_20230504,FILLED,2023-05-04,,1.0,Standing Order / DCA,GTC,2023-05-05
ord_strat_20230505,FILLED,2023-05-05,,1.0,Standing Order / DCA,GTC,2023-05-08
ord_strat_20230508,FILLED,2023-05-08,,1.0,Standing Order / DCA,GTC,2023-05-09
ord_strat_20230509,FILLED,2023-05-09,,1.0,Standing Order / DCA,GTC,2023-05-10
ord_strat_20230510,FILLED,2023-05-10,,1.0,Standing Order / DCA,GTC,2023-05-11
ord_strat_20230511,FILLED,2023-05-11,,1.0,Standing Order / DCA,GTC,2023-05-12
ord_strat_20230512,FILLED,2023-05-12,,1.0,Standing Order / DCA,GTC,2023-05-15
ord_strat_20230515,FILLED,2023-05-15,,1.0,Standing Order / DCA,GTC,2023-05-16
ord_strat_20230516,FILLED,2023-05-16,,1.0,Standing Order / DCA,GTC,2023-05-17
ord_strat_20230517,FILLED,2023-05-17,,1.0,Standing Order / DCA,GTC,2023-05-18
ord_strat_20230518,FILLED,2023-05-18,,1.0,Standing Order / DCA,GTC,2023-05-19
ord_strat_20230519,FILLED,2023-05-19,,1.0,Standing Order / DCA,GTC,2023-05-22
ord_strat_20230522,FILLED,2023-05-22,,1.0,Standing Order / DCA,GTC,2023-05-23
ord_strat_20230523,FILLED,2023-05-23,,1.0,Standing Order / DCA,GTC,2023-05-24
ord_strat_20230524,FILLED,2023-05-24,,1.0,Standing Order / DCA,GTC,2023-05-25
ord_strat_20230525,FILLED,2023-05-25,,1.0,Standing Order / DCA,GTC,2023-05-26
ord_strat_20230526,FILLED,2023-05-26,,1.0,Standing Order / DCA,GTC,2023-05-30
ord_strat_20230530,FILLED,2023-05-30,,1.0,Standing Order / DCA,GTC,2023-05-31
ord_strat_20230531,FILLED,2023-05-31,,1.0,Standing Order / DCA,GTC,2023-06-01
ord_strat_20230601,FILLED,2023-06-01,,1.0,Standing Order / DCA,GTC,2023-06-02
ord_strat_20230602,FILLED,2023-06-02,,1.0,Standing Order / DCA,GTC,2023-06-05
ord_strat_20230605,FILLED,2023-06-05,,1.0,Standing Order / DCA,GTC,2023-06-06
ord_strat_20230606,FILLED,2023-06-06,,1.0,Standing Order / DCA,GTC,2023-06-07
ord_strat_20230607,FILLED,2023-06-07,,1.0,Standing Order / DCA,GTC,2023-06-08
ord_strat_20230608,FILLED,2023-06-08,,1.0,Standing Order / DCA,GTC,2023-06-09
ord_strat_20230609,FILLED,2023-06-09,,1.0,Standing Order / DCA,GTC,2023-06-12
ord_strat_20230612,FILLED,2023-06-12,,1.0,Standing Order / DCA,GTC,2023-06-13
ord_strat_20230613,FILLED,2023-06-13,,1.0,Standing Order / DCA,GTC,2023-06-14
ord_strat_20230614,FILLED,2023-06-14,,1.0,Standing Order / DCA,GTC,2023-06-15
ord_strat_20230615,FILLED,2023-06-15,,1.0,Standing Order / DCA,GTC,2023-06-16
ord_strat_20230616,FILLED,2023-06-16,,1.0,Standing Order / DCA,GTC,2023-06-20
ord_strat_20230620,FILLED,2023-06-20,,1.0,Standing Order / DCA,GTC,2023-06-21
ord_strat_20230621,FILLED,2023-06-21,,1.0,Standing Order / DCA,GTC,2023-06-22
ord_strat_20230622,FILLED,2023-06-22,,1.0,Standing Order / DCA,GTC,2023-06-23
ord_strat_20230623,FILLED,2023-06-23,,1.0,Standing Order / DCA,GTC,2023-06-26
ord_strat_20230626,FILLED,2023-06-26,,1.0,Standing Order / DCA,GTC,2023-06-27
ord_strat_20230627,FILLED,2023-06-27,,1.0,Standing Order / DCA,GTC,2023-06-28
ord_strat_20230628,FILLED,2023-06-28,,1.0,Standing Order / DCA,GTC,2023-06-29
ord_strat_20230629,FILLED,2023-06-29,,1.0,Standing Order / DCA,GTC,2023-06-30
ord_strat_20230630,FILLED,2023-06-30,,1.0,Standing Order / DCA,GTC,2023-07-03
ord_strat_20230703,FILLED,2023-07-03,,1.0,Standing Order / DCA,GTC,2023-07-05
ord_strat_20230705,FILLED,2023-07-05,,1.0,Standing Order / DCA,GTC,2023-07-06
ord_strat_20230706,FILLED,2023-07-06,,1.0,Standing Order / DCA,GTC,2023-07-07
ord_strat_20230707,FILLED,2023-07-07,,1.0,Standing Order / DCA,GTC,2023-07-10
ord_strat_20230710,FILLED,2023-07-10,,1.0,Standing Order / DCA,GTC,2023-07-11
ord_strat_20230711,FILLED,2023-07-11,,1.0,Standing Order / DCA,GTC,2023-07-12
ord_strat_20230712,FILLED,2023-07-12,,1.0,Standing Order / DCA,GTC,2023-07-13
ord_strat_20230713,FILLED,2023-07-13,,1.0,Standing Order / DCA,GTC,2023-07-14
ord_strat_20230714,FILLED,2023-07-14,,1.0,Standing Order / DCA,GTC,2023-07-17
ord_strat_20230717,FILLED,2023-07-17,,1.0,Standing Order / DCA,GTC,2023-07-18
ord_strat_20230718,FILLED,2023-07-18,,1.0,Standing Order / DCA,GTC,2023-07-19
ord_strat_20230719,FILLED,2023-07-19,,1.0,Standing Order / DCA,GTC,2023-07-20
ord_strat_20230720,FILLED,2023-07-20,,1.0,Standing Order / DCA,GTC,2023-07-21
ord_strat_20230721,FILLED,2023-07-21,,1.0,Standing Order / DCA,GTC,2023-07-24
ord_strat_20230724,FILLED,2023-07-24,,1.0,Standing Order / DCA,GTC,2023-07-25
ord_strat_20230725,FILLED,2023-07-25,,1.0,Standing Order / DCA,GTC,2023-07-26
ord_strat_20230726,FILLED,2023-07-26,,1.0,Standing Order / DCA,GTC,2023-07-27
ord_strat_20230727,FILLED,2023-07-27,,1.0,Standing Order / DCA,GTC,2023-07-28
ord_strat_20230728,FILLED,2023-07-28,,1.0,Standing Order / DCA,GTC,2023-07-31
ord_strat_20230731,FILLED,2023-07-31,,1.0,Standing Order / DCA,GTC,2023-08-01
ord_strat_20230801,FILLED,2023-08-01,,1.0,Standing Order / DCA,GTC,2023-08-02
ord_strat_20230802,FILLED,2023-08-02,,1.0,Standing Order / DCA,GTC,2023-08-03
ord_strat_20230803,FILLED,2023-08-03,,1.0,Standing Order / DCA,GTC,2023-08-04
ord_strat_20230804,FILLED,2023-08-04,,1.0,Standing Order / DCA,GTC,2023-08-07
ord_strat_20230807,FILLED,2023-08-07,,1.0,Standing Order / DCA,GTC,2023-08-08
ord_strat_20230808,FILLED,2023-08-08,,1.0,Standing Order / DCA,GTC,2023-08-09
ord_strat_20230809,FILLED,2023-08-09,,1.0,Standing Order / DCA,GTC,2023-08-10
ord_strat_20230810,FILLED,2023-08-10,,1.0,Standing Order / DCA,GTC,2023-08-11
ord_strat_20230811,FILLED,2023-08-11,,1.0,Standing Order / DCA,GTC,2023-08-14
ord_strat_20230814,FILLED,2023-08-14,,1.0,Standing Order / DCA,GTC,2023-08-15
ord_strat_20230815,FILLED,2023-08-15,,1.0,Standing Order / DCA,GTC,2023-08-16
ord_strat_20230816,FILLED,2023-08-16,,1.0,Standing Order / DCA,GTC,2023-08-17
ord_strat_20230817,FILLED,2023-08-17,,1.0,Standing Order / DCA,GTC,2023-08-18
ord_strat_20230818,FILLED,2023-08-18,,1.0,Standing Order / DCA,GTC,2023-08-21
ord_strat_20230821,FILLED,2023-08-21,,1.0,Standing Order / DCA,GTC,2023-08-22
ord_strat_20230822,FILLED,2023-08-22,,1.0,Standing Order / DCA,GTC,2023-08-23
ord_strat_20230823,FILLED,2023-08-23,,1.0,Standing Order / DCA,GTC,2023-08-24
ord_strat_20230824,FILLED,2023-08-24,,1.0,Standing Order / DCA,GTC,2023-08-25
ord_strat_20230825,FILLED,2023-08-25,,1.0,Standing Order / DCA,GTC,2023-08-28
ord_strat_20230828,FILLED,2023-08-28,,1.0,Standing Order / DCA,GTC,2023-08-29
ord_strat_20230829,FILLED,2023-08-29,,1.0,Standing Order / DCA,GTC,2023-08-30
ord_strat_20230830,FILLED,2023-08-30,,1.0,Standing Order / DCA,GTC,2023-08-31
ord_strat_20230831,FILLED,2023-08-31,,1.0,Standing Order / DCA,GTC,2023-09-01
ord_strat_20230901,FILLED,2023-09-01,,1.0,Standing Order / DCA,GTC,2023-09-05
ord_strat_20230905,FILLED,2023-09-05,,1.0,Standing Order / DCA,GTC,2023-09-06
ord_strat_20230906,FILLED,2023-09-06,,1.0,Standing Order / DCA,GTC,2023-09-07
ord_strat_20230907,FILLED,2023-09-07,,1.0,Standing Order / DCA,GTC,2023-09-08
ord_strat_20230908,FILLED,2023-09-08,,1.0,Standing Order / DCA,GTC,2023-09-11
ord_strat_20230911,FILLED,2023-09-11,,1.0,Standing Order / DCA,GTC,2023-09-12
ord_strat_20230912,FILLED,2023-09-12,,1.0,Standing Order / DCA,GTC,2023-09-13
ord_strat_20230913,FILLED,2023-09-13,,1.0,Standing Order / DCA,GTC,2023-09-14
ord_strat_20230914,FILLED,2023-09-14,,1.0,Standing Order / DCA,GTC,2023-09-15
ord_strat_20230915,FILLED,2023-09-15,,1.0,Standing Order / DCA,GTC,2023-09-18
ord_strat_20230918,FILLED,2023-09-18,,1.0,Standing Order / DCA,GTC,2023-09-19
ord_strat_20230919,FILLED,2023-09-19,,1.0,Standing Order / DCA,GTC,2023-09-20
ord_strat_20230920,FILLED,2023-09-20,,1.0,Standing Order / DCA,GTC,2023-09-21
ord_strat_20230921,FILLED,2023-09-21,,1.0,Standing Order / DCA,GTC,2023-09-22
ord_strat_20230922,FILLED,2023-09-22,,1.0,Standing Order / DCA,GTC,2023-09-25
ord_strat_20230925,FILLED,2023-09-25,,1.0,Standing Order / DCA,GTC,2023-09-26
ord_strat_20230926,FILLED,2023-09-26,,1.0,Standing Order / DCA,GTC,2023-09-27
ord_strat_20230927,FILLED,2023-09-27,,1.0,Standing Order / DCA,GTC,2023-09-28
ord_strat_20230928,FILLED,2023-09-28,,1.0,Standing Order / DCA,GTC,2023-09-29
ord_strat_20230929,FILLED,2023-09-29,,1.0,Standing Order / DCA,GTC,2023-10-02
ord_strat_20231002,FILLED,2023-10-02,,1.0,Standing Order / DCA,GTC,2023-10-03
ord_strat_20231003,FILLED,2023-10-03,,1.0,Standing Order / DCA,GTC,2023-10-04
ord_strat_20231004,FILLED,2023-10-04,,1.0,Standing Order / DCA,GTC,2023-10-05
ord_strat_20231005,FILLED,2023-10-05,,1.0,Standing Order / DCA,GTC,2023-10-06
ord_strat_20231006,FILLED,2023-10-06,,1.0,Standing Order / DCA,GTC,2023-10-09
ord_strat_20231009,FILLED,2023-10-09,,1.0,Standing Order / DCA,GTC,2023-10-10
ord_strat_20231010,FILLED,2023-10-10,,1.0,Standing Order / DCA,GTC,2023-10-11
ord_strat_20231011,FILLED,2023-10-11,,1.0,Standing Order / DCA,GTC,2023-10-12
ord_strat_20231012,FILLED,2023-10-12,,1.0,Standing Order / DCA,GTC,2023-10-13
ord_strat_20231013,FILLED,2023-10-13,,1.0,Standing Order / DCA,GTC,2023-10-16
ord_strat_20231016,FILLED,2023-10-16,,1.0,Standing Order / DCA,GTC,2023-10-17
ord_strat_20231017,FILLED,2023-10-17,,1.0,Standing Order / DCA,GTC,2023-10-18
ord_strat_20231018,FILLED,2023-10-18,,1.0,Standing Order / DCA,GTC,2023-10-19
ord_strat_20231019,FILLED,2023-10-19,,1.0,Standing Order / DCA,GTC,2023-10-20
ord_strat_20231020,FILLED,2023-10-20,,1.0,Standing Order / DCA,GTC,2023-10-23
ord_strat_20231023,FILLED,2023-10-23,,1.0,Standing Order / DCA,GTC,2023-10-24
ord_strat_20231024,FILLED,2023-10-24,,1.0,Standing Order / DCA,GTC,2023-10-25
ord_strat_20231025,FILLED,2023-10-25,,1.0,Standing Order / DCA,GTC,2023-10-26
ord_strat_20231026,FILLED,2023-10-26,,1.0,Standing Order / DCA,GTC,2023-10-27
ord_strat_20231027,FILLED,2023-10-27,,1.0,Standing Order / DCA,GTC,2023-10-30
ord_strat_20231030,FILLED,2023-10-30,,1.0,Standing Order / DCA,GTC,2023-10-31
ord_strat_20231031,FILLED,2023-10-31,,1.0,Standing Order / DCA,GTC,2023-11-01
ord_strat_20231101,FILLED,2023-11-01,,1.0,Standing Order / DCA,GTC,2023-11-02
ord_strat_20231102,FILLED,2023-11-02,,1.0,Standing Order / DCA,GTC,2023-11-03
ord_strat_20231103,FILLED,2023-11-03,,1.0,Standing Order / DCA,GTC,2023-11-06
ord_strat_20231106,FILLED,2023-11-06,,1.0,Standing Order / DCA,GTC,2023-11-07
ord_strat_20231107,FILLED,2023-11-07,,1.0,Standing Order / DCA,GTC,2023-11-08
ord_strat_20231108,FILLED,2023-11-08,,1.0,Standing Order / DCA,GTC,2023-11-09
ord_strat_20231109,FILLED,2023-11-09,,1.0,Standing Order / DCA,GTC,2023-11-10
ord_strat_20231110,FILLED,2023-11-10,,1.0,Standing Order / DCA,GTC,2023-11-13
ord_strat_20231113,FILLED,2023-11-13,,1.0,Standing Order / DCA,GTC,2023-11-14
ord_strat_20231114,FILLED,2023-11-14,,1.0,Standing Order / DCA,GTC,2023-11-15
ord_strat_20231115,FILLED,2023-11-15,,1.0,Standing Order / DCA,GTC,2023-11-16
ord_strat_20231116,FILLED,2023-11-16,,1.0,Standing Order / DCA,GTC,2023-11-17
ord_strat_20231117,FILLED,2023-11-17,,1.0,Standing Order / DCA,GTC,2023-11-20
ord_strat_20231120,FILLED,2023-11-20,,1.0,Standing Order / DCA,GTC,2023-11-21
ord_strat_20231121,FILLED,2023-11-21,,1.0,Standing Order / DCA,GTC,2023-11-22
ord_strat_20231122,FILLED,2023-11-22,,1.0,Standing Order / DCA,GTC,2023-11-24
ord_strat_20231124,FILLED,2023-11-24,,1.0,Standing Order / DCA,GTC,2023-11-27
ord_strat_20231127,FILLED,2023-11-27,,1.0,Standing Order / DCA,GTC,2023-11-28
ord_strat_20231128,FILLED,2023-11-28,,1.0,Standing Order / DCA,GTC,2023-11-29
ord_strat_20231129,FILLED,2023-11-29,,1.0,Standing Order / DCA,GTC,2023-11-30
ord_strat_20231130,FILLED,2023-11-30,,1.0,Standing Order / DCA,GTC,2023-12-01
ord_strat_20231201,FILLED,2023-12-01,,1.0,Standing Order / DCA,GTC,2023-12-04
ord_strat_20231204,FILLED,2023-12-04,,1.0,Standing Order / DCA,GTC,2023-12-05
ord_strat_20231205,FILLED,2023-12-05,,1.0,Standing Order / DCA,GTC,2023-12-06
ord_strat_20231206,FILLED,2023-12-06,,1.0,Standing Order / DCA,GTC,2023-12-07
ord_strat_20231207,FILLED,2023-12-07,,1.0,Standing Order / DCA,GTC,2023-12-08
ord_strat_20231208,FILLED,2023-12-08,,1.0,Standing Order / DCA,GTC,2023-12-11
ord_strat_20231211,FILLED,2023-12-11,,1.0,Standing Order / DCA,GTC,2023-12-12
ord_strat_20231212,FILLED,2023-12-12,,1.0,Standing Order / DCA,GTC,2023-12-13
ord_strat_20231213,FILLED,2023-12-13,,1.0,Standing Order / DCA,GTC,2023-12-14
ord_strat_20231214,FILLED,2023-12-14,,1.0,Standing Order / DCA,GTC,2023-12-15
ord_strat_20231215,FILLED,2023-12-15,,1.0,Standing Order / DCA,GTC,2023-12-18
ord_strat_20231218,FILLED,2023-12-18,,1.0,Standing Order / DCA,GTC,2023-12-19
ord_strat_20231219,FILLED,2023-12-19,,1.0,Standing Order / DCA,GTC,2023-12-20
ord_strat_20231220,FILLED,2023-12-20,,1.0,Standing Order / DCA,GTC,2023-12-21
ord_strat_20231221,FILLED,2023-12-21,,1.0,Standing Order / DCA,GTC,2023-12-22
ord_strat_20231222,FILLED,2023-12-22,,1.0,Standing Order / DCA,GTC,2023-12-26
ord_strat_20231226,FILLED,2023-12-26,,1.0,Standing Order / DCA,GTC,2023-12-27
ord_strat_20231227,FILLED,2023-12-27,,1.0,Standing Order / DCA,GTC,2023-12-28
ord_strat_20231228,FILLED,2023-12-28,,1.0,Standing Order / DCA,GTC,2023-12-29
ord_strat_20231229,FILLED,2023-12-29,,1.0,Standing Order / DCA,GTC,2024-01-02
ord_strat_20240102,FILLED,2024-01-02,,1.0,Standing Order / DCA,GTC,2024-01-03
ord_strat_20240103,FILLED,2024-01-03,,1.0,Standing Order / DCA,GTC,2024-01-04
ord_strat_20240104,FILLED,2024-01-04,,1.0,Standing Order / DCA,GTC,2024-01-05
ord_strat_20240105,FILLED,2024-01-05,,1.0,Standing Order / DCA,GTC,2024-01-08
ord_strat_20240108,FILLED,2024-01-08,,1.0,Standing Order / DCA,GTC,2024-01-09
ord_strat_20240109,FILLED,2024-01-09,,1.0,Standing Order / DCA,GTC,2024-01-10
ord_strat_20240110,FILLED,2024-01-10,,1.0,Standing Order / DCA,GTC,2024-01-11
ord_strat_20240111,FILLED,2024-01-11,,1.0,Standing Order / DCA,GTC,2024-01-12
ord_strat_20240112,FILLED,2024-01-12,,1.0,Standing Order / DCA,GTC,2024-01-16
ord_strat_20240116,FILLED,2024-01-16,,1.0,Standing Order / DCA,GTC,2024-01-17
ord_strat_20240117,FILLED,2024-01-17,,1.0,Standing Order / DCA,GTC,2024-01-18
ord_strat_20240118,FILLED,2024-01-18,,1.0,Standing Order / DCA,GTC,2024-01-19
ord_strat_20240119,FILLED,2024-01-19,,1.0,Standing Order / DCA,GTC,2024-01-22
ord_strat_20240122,FILLED,2024-01-22,,1.0,Standing Order / DCA,GTC,2024-01-23
ord_strat_20240123,FILLED,2024-01-23,,1.0,Standing Order / DCA,GTC,2024-01-24
ord_strat_20240124,FILLED,2024-01-24,,1.0,Standing Order / DCA,GTC,2024-01-25
ord_strat_20240125,FILLED,2024-01-25,,1.0,Standing Order / DCA,GTC,2024-01-26
ord_strat_20240126,FILLED,2024-01-26,,1.0,Standing Order / DCA,GTC,2024-01-29
ord_strat_20240129,FILLED,2024-01-29,,1.0,Standing Order / DCA,GTC,2024-01-30
ord_strat_20240130,FILLED,2024-01-30,,1.0,Standing Order / DCA,GTC,2024-01-31
ord_strat_20240131,FILLED,2024-01-31,,1.0,Standing Order / DCA,GTC,2024-02-01
ord_strat_20240201,FILLED,2024-02-01,,1.0,Standing Order / DCA,GTC,2024-02-02
ord_strat_20240202,FILLED,2024-02-02,,1.0,Standing Order / DCA,GTC,2024-02-05
ord_strat_20240205,FILLED,2024-02-05,,1.0,Standing Order / DCA,GTC,2024-02-06
ord_strat_20240206,FILLED,2024-02-06,,1.0,Standing Order / DCA,GTC,2024-02-07
ord_strat_20240207,FILLED,2024-02-07,,1.0,Standing Order / DCA,GTC,2024-02-08
ord_strat_20240208,FILLED,2024-02-08,,1.0,Standing Order / DCA,GTC,2024-02-09
ord_strat_20240209,FILLED,2024-02-09,,1.0,Standing Order / DCA,GTC,2024-02-12
ord_strat_20240212,FILLED,2024-02-12,,1.0,Standing Order / DCA,GTC,2024-02-13
ord_strat_20240213,FILLED,2024-02-13,,1.0,Standing Order / DCA,GTC,2024-02-14
ord_strat_20240214,FILLED,2024-02-14,,1.0,Standing Order / DCA,GTC,2024-02-15
ord_strat_20240215,FILLED,2024-02-15,,1.0,Standing Order / DCA,GTC,2024-02-16
ord_strat_20240216,FILLED,2024-02-16,,1.0,Standing Order / DCA,GTC,2024-02-20
ord_strat_20240220,FILLED,2024-02-20,,1.0,Standing Order / DCA,GTC,2024-02-21
ord_strat_20240221,FILLED,2024-02-21,,1.0,Standing Order / DCA,GTC,2024-02-22
ord_strat_20240222,FILLED,2024-02-22,,1.0,Standing Order / DCA,GTC,2024-02-23
ord_strat_20240223,FILLED,2024-02-23,,1.0,Standing Order / DCA,GTC,2024-02-26
ord_strat_20240226,FILLED,2024-02-26,,1.0,Standing Order / DCA,GTC,2024-02-27
ord_strat_20240227,FILLED,2024-02-27,,1.0,Standing Order / DCA,GTC,2024-02-28
ord_strat_20240228,FILLED,2024-02-28,,1.0,Standing Order / DCA,GTC,2024-02-29
ord_strat_20240229,FILLED,2024-02-29,,1.0,Standing Order / DCA,GTC,2024-03-01
ord_strat_20240301,FILLED,2024-03-01,,1.0,Standing Order / DCA,GTC,2024-03-04
ord_strat_20240304,FILLED,2024-03-04,,1.0,Standing Order / DCA,GTC,2024-03-05
ord_strat_20240305,FILLED,2024-03-05,,1.0,Standing Order / DCA,GTC,2024-03-06
ord_strat_20240306,FILLED,2024-03-06,,1.0,Standing Order / DCA,GTC,2024-03-07
ord_strat_20240307,FILLED,2024-03-07,,1.0,Standing Order / DCA,GTC,2024-03-08
ord_strat_20240308,FILLED,2024-03-08,,1.0,Standing Order / DCA,GTC,2024-03-11
ord_strat_20240311,FILLED,2024-03-11,,1.0,Standing Order / DCA,GTC,2024-03-12
ord_strat_20240312,FILLED,2024-03-12,,1.0,Standing Order / DCA,GTC,2024-03-13
ord_strat_20240313,FILLED,2024-03-13,,1.0,Standing Order / DCA,GTC,2024-03-14
ord_strat_20240314,FILLED,2024-03-14,,1.0,Standing Order / DCA,GTC,2024-03-15
ord_strat_20240315,FILLED,2024-03-15,,1.0,Standing Order / DCA,GTC,2024-03-18
ord_strat_20240318,FILLED,2024-03-18,,1.0,Standing Order / DCA,GTC,2024-03-19
ord_strat_20240319,FILLED,2024-03-19,,1.0,Standing Order / DCA,GTC,2024-03-20
ord_strat_20240320,FILLED,2024-03-20,,1.0,Standing Order / DCA,GTC,2024-03-21
ord_strat_20240321,FILLED,2024-03-21,,1.0,Standing Order / DCA,GTC,2024-03-22
ord_strat_20240322,FILLED,2024-03-22,,1.0,Standing Order / DCA,GTC,2024-03-25
ord_strat_20240325,FILLED,2024-03-25,,1.0,Standing Order / DCA,GTC,2024-03-26
ord_strat_20240326,FILLED,2024-03-26,,1.0,Standing Order / DCA,GTC,2024-03-27
ord_strat_20240327,FILLED,2024-03-27,,1.0,Standing Order / DCA,GTC,2024-03-28
ord_strat_20240328,FILLED,2024-03-28,,1.0,Standing Order / DCA,GTC,2024-04-01
ord_strat_20240401,FILLED,2024-04-01,,1.0,Standing Order / DCA,GTC,2024-04-02
ord_strat_20240402,FILLED,2024-04-02,,1.0,Standing Order / DCA,GTC,2024-04-03
ord_strat_20240403,FILLED,2024-04-03,,1.0,Standing Order / DCA,GTC,2024-04-04
ord_strat_20240404,FILLED,2024-04-04,,1.0,Standing Order / DCA,GTC,2024-04-05
ord_strat_20240405,FILLED,2024-04-05,,1.0,Standing Order / DCA,GTC,2024-04-08
ord_strat_20240408,FILLED,2024-04-08,,1.0,Standing Order / DCA,GTC,2024-04-09
ord_strat_20240409,FILLED,2024-04-09,,1.0,Standing Order / DCA,GTC,2024-04-10
ord_strat_20240410,FILLED,2024-04-10,,1.0,Standing Order / DCA,GTC,2024-04-11
ord_strat_20240411,FILLED,2024-04-11,,1.0,Standing Order / DCA,GTC,2024-04-12
ord_strat_20240412,FILLED,2024-04-12,,1.0,Standing Order / DCA,GTC,2024-04-15
ord_strat_20240415,FILLED,2024-04-15,,1.0,Standing Order / DCA,GTC,2024-04-16
ord_strat_20240416,FILLED,2024-04-16,,1.0,Standing Order / DCA,GTC,2024-04-17
ord_strat_20240417,FILLED,2024-04-17,,1.0,Standing Order / DCA,GTC,2024-04-18
ord_strat_20240418,FILLED,2024-04-18,,1.0,Standing Order / DCA,GTC,2024-04-19
ord_strat_20240419,FILLED,2024-04-19,,1.0,Standing Order / DCA,GTC,2024-04-22
ord_strat_20240422,FILLED,2024-04-22,,1.0,Standing Order / DCA,GTC,2024-04-23
ord_strat_20240423,FILLED,2024-04-23,,1.0,Standing Order / DCA,GTC,2024-04-24
ord_strat_20240424,FILLED,2024-04-24,,1.0,Standing Order / DCA,GTC,2024-04-25
ord_strat_20240425,FILLED,2024-04-25,,1.0,Standing Order / DCA,GTC,2024-04-26
ord_strat_20240426,FILLED,2024-04-26,,1.0,Standing Order / DCA,GTC,2024-04-29
ord_strat_20240429,FILLED,2024-04-29,,1.0,Standing Order / DCA,GTC,2024-04-30
ord_strat_20240430,FILLED,2024-04-30,,1.0,Standing Order / DCA,GTC,2024-05-01
ord_strat_20240501,FILLED,2024-05-01,,1.0,Standing Order / DCA,GTC,2024-05-02
ord_strat_20240502,FILLED,2024-05-02,,1.0,Standing Order / DCA,GTC,2024-05-03
ord_strat_20240503,FILLED,2024-05-03,,1.0,Standing Order / DCA,GTC,2024-05-06
ord_strat_20240506,FILLED,2024-05-06,,1.0,Standing Order / DCA,GTC,2024-05-07
ord_strat_20240507,FILLED,2024-05-07,,1.0,Standing Order / DCA,GTC,2024-05-08
ord_strat_20240508,FILLED,2024-05-08,,1.0,Standing Order / DCA,GTC,2024-05-09
ord_strat_20240509,FILLED,2024-05-09,,1.0,Standing Order / DCA,GTC,2024-05-10
ord_strat_20240510,FILLED,2024-05-10,,1.0,Standing Order / DCA,GTC,2024-05-13
ord_strat_20240513,FILLED,2024-05-13,,1.0,Standing Order / DCA,GTC,2024-05-14
ord_strat_20240514,FILLED,2024-05-14,,1.0,Standing Order / DCA,GTC,2024-05-15
ord_strat_20240515,FILLED,2024-05-15,,1.0,Standing Order / DCA,GTC,2024-05-16
ord_strat_20240516,FILLED,2024-05-16,,1.0,Standing Order / DCA,GTC,2024-05-17
ord_strat_20240517,FILLED,2024-05-17,,1.0,Standing Order / DCA,GTC,2024-05-20
ord_strat_20240520,FILLED,2024-05-20,,1.0,Standing Order / DCA,GTC,2024-05-21
ord_strat_20240521,FILLED,2024-05-21,,1.0,Standing Order / DCA,GTC,2024-05-22
ord_strat_20240522,FILLED,2024-05-22,,1.0,Standing Order / DCA,GTC,2024-05-23
ord_strat_20240523,FILLED,2024-05-23,,1.0,Standing Order / DCA,GTC,2024-05-24
ord_strat_20240524,FILLED,2024-05-24,,1.0,Standing Order / DCA,GTC,2024-05-28
ord_strat_20240528,FILLED,2024-05-28,,1.0,Standing Order / DCA,GTC,2024-05-29
ord_strat_20240529,FILLED,2024-05-29,,1.0,Standing Order / DCA,GTC,2024-05-30
ord_strat_20240530,FILLED,2024-05-30,,1.0,Standing Order / DCA,GTC,2024-05-31
ord_strat_20240531,FILLED,2024-05-31,,1.0,Standing Order / DCA,GTC,2024-06-03
ord_strat_20240603,FILLED,2024-06-03,,1.0,Standing Order / DCA,GTC,2024-06-04
ord_strat_20240604,FILLED,2024-06-04,,1.0,Standing Order / DCA,GTC,2024-06-05
ord_strat_20240605,FILLED,2024-06-05,,1.0,Standing Order / DCA,GTC,2024-06-06
ord_strat_20240606,FILLED,2024-06-06,,1.0,Standing Order / DCA,GTC,2024-06-07
ord_strat_20240607,FILLED,2024-06-07,,1.0,Standing Order / DCA,GTC,2024-06-10
ord_strat_20240610,FILLED,2024-06-10,,1.0,Standing Order / DCA,GTC,2024-06-11
ord_strat_20240611,FILLED,2024-06-11,,1.0,Standing Order / DCA,GTC,2024-06-12
ord_strat_20240612,FILLED,2024-06-12,,1.0,Standing Order / DCA,GTC,2024-06-13
ord_strat_20240613,FILLED,2024-06-13,,1.0,Standing Order / DCA,GTC,2024-06-14
ord_strat_20240614,FILLED,2024-06-14,,1.0,Standing Order / DCA,GTC,2024-06-17
ord_strat_20240617,FILLED,2024-06-17,,1.0,Standing Order / DCA,GTC,2024-06-18
ord_strat_20240618,FILLED,2024-06-18,,1.0,Standing Order / DCA,GTC,2024-06-20
ord_strat_20240620,FILLED,2024-06-20,,1.0,Standing Order / DCA,GTC,2024-06-21
ord_strat_20240621,FILLED,2024-06-21,,1.0,Standing Order / DCA,GTC,2024-06-24
ord_strat_20240624,FILLED,2024-06-24,,1.0,Standing Order / DCA,GTC,2024-06-25
ord_strat_20240625,FILLED,2024-06-25,,1.0,Standing Order / DCA,GTC,2024-06-26
ord_strat_20240626,FILLED,2024-06-26,,1.0,Standing Order / DCA,GTC,2024-06-27
ord_strat_20240627,FILLED,2024-06-27,,1.0,Standing Order / DCA,GTC,2024-06-28
ord_strat_20240628,FILLED,2024-06-28,,1.0,Standing Order / DCA,GTC,2024-07-01
ord_strat_20240701,FILLED,2024-07-01,,1.0,Standing Order / DCA,GTC,2024-07-02
ord_strat_20240702,FILLED,2024-07-02,,1.0,Standing Order / DCA,GTC,2024-07-03
ord_strat_20240703,FILLED,2024-07-03,,1.0,Standing Order / DCA,GTC,2024-07-05
ord_strat_20240705,FILLED,2024-07-05,,1.0,Standing Order / DCA,GTC,2024-07-08
ord_strat_20240708,FILLED,2024-07-08,,1.0,Standing Order / DCA,GTC,2024-07-09
ord_strat_20240709,FILLED,2024-07-09,,1.0,Standing Order / DCA,GTC,2024-07-10
ord_strat_20240710,FILLED,2024-07-10,,1.0,Standing Order / DCA,GTC,2024-07-11
ord_strat_20240711,FILLED,2024-07-11,,1.0,Standing Order / DCA,GTC,2024-07-12
ord_strat_20240712,FILLED,2024-07-12,,1.0,Standing Order / DCA,GTC,2024-07-15
ord_strat_20240715,FILLED,2024-07-15,,1.0,Standing Order / DCA,GTC,2024-07-16
ord_strat_20240716,FILLED,2024-07-16,,1.0,Standing Order / DCA,GTC,2024-07-17
ord_strat_20240717,FILLED,2024-07-17,,1.0,Standing Order / DCA,GTC,2024-07-18
ord_strat_20240718,FILLED,2024-07-18,,1.0,Standing Order / DCA,GTC,2024-07-19
ord_strat_20240719,FILLED,2024-07-19,,1.0,Standing Order / DCA,GTC,2024-07-22
ord_strat_20240722,FILLED,2024-07-22,,1.0,Standing Order / DCA,GTC,2024-07-23
ord_strat_20240723,FILLED,2024-07-23,,1.0,Standing Order / DCA,GTC,2024-07-24
ord_strat_20240724,FILLED,2024-07-24,,1.0,Standing Order / DCA,GTC,2024-07-25
ord_strat_20240725,FILLED,2024-07-25,,1.0,Standing Order / DCA,GTC,2024-07-26
ord_strat_20240726,FILLED,2024-07-26,,1.0,Standing Order / DCA,GTC,2024-07-29
ord_strat_20240729,FILLED,2024-07-29,,1.0,Standing Order / DCA,GTC,2024-07-30
ord_strat_20240730,FILLED,2024-07-30,,1.0,Standing Order / DCA,GTC,2024-07-31
ord_strat_20240731,FILLED,2024-07-31,,1.0,Standing Order / DCA,GTC,2024-08-01
ord_strat_20240801,FILLED,2024-08-01,,1.0,Standing Order / DCA,GTC,2024-08-02
ord_strat_20240802,FILLED,2024-08-02,,1.0,Standing Order / DCA,GTC,2024-08-05
ord_strat_20240805,FILLED,2024-08-05,,1.0,Standing Order / DCA,GTC,2024-08-06
ord_strat_20240806,FILLED,2024-08-06,,1.0,Standing Order / DCA,GTC,2024-08-07
ord_strat_20240807,FILLED,2024-08-07,,1.0,Standing Order / DCA,GTC,2024-08-08
ord_strat_20240808,FILLED,2024-08-08,,1.0,Standing Order / DCA,GTC,2024-08-09
ord_strat_20240809,FILLED,2024-08-09,,1.0,Standing Order / DCA,GTC,2024-08-12
ord_strat_20240812,FILLED,2024-08-12,,1.0,Standing Order / DCA,GTC,2024-08-13
ord_strat_20240813,FILLED,2024-08-13,,1.0,Standing Order / DCA,GTC,2024-08-14
ord_strat_20240814,FILLED,2024-08-14,,1.0,Standing Order / DCA,GTC,2024-08-15
ord_strat_20240815,FILLED,2024-08-15,,1.0,Standing Order / DCA,GTC,2024-08-16
ord_strat_20240816,FILLED,2024-08-16,,1.0,Standing Order / DCA,GTC,2024-08-19
ord_strat_20240819,FILLED,2024-08-19,,1.0,Standing Order / DCA,GTC,2024-08-20
ord_strat_20240820,FILLED,2024-08-20,,1.0,Standing Order / DCA,GTC,2024-08-21
ord_strat_20240821,FILLED,2024-08-21,,1.0,Standing Order / DCA,GTC,2024-08-22
ord_strat_20240822,FILLED,2024-08-22,,1.0,Standing Order / DCA,GTC,2024-08-23
ord_strat_20240823,FILLED,2024-08-23,,1.0,Standing Order / DCA,GTC,2024-08-26
ord_strat_20240826,FILLED,2024-08-26,,1.0,Standing Order / DCA,GTC,2024-08-27
ord_strat_20240827,FILLED,2024-08-27,,1.0,Standing Order / DCA,GTC,2024-08-28
ord_strat_20240828,FILLED,2024-08-28,,1.0,Standing Order / DCA,GTC,2024-08-29
ord_strat_20240829,FILLED,2024-08-29,,1.0,Standing Order / DCA,GTC,2024-08-30
ord_strat_20240830,FILLED,2024-08-30,,1.0,Standing Order / DCA,GTC,2024-09-03
ord_strat_20240903,FILLED,2024-09-03,,1.0,Standing Order / DCA,GTC,2024-09-04
ord_strat_20240904,FILLED,2024-09-04,,1.0,Standing Order / DCA,GTC,2024-09-05
ord_strat_20240905,FILLED,2024-09-05,,1.0,Standing Order / DCA,GTC,2024-09-06
ord_strat_20240906,FILLED,2024-09-06,,1.0,Standing Order / DCA,GTC,2024-09-09
ord_strat_20240909,FILLED,2024-09-09,,1.0,Standing Order / DCA,GTC,2024-09-10
ord_strat_20240910,FILLED,2024-09-10,,1.0,Standing Order / DCA,GTC,2024-09-11
ord_strat_20240911,FILLED,2024-09-11,,1.0,Standing Order / DCA,GTC,2024-09-12
ord_strat_20240912,FILLED,2024-09-12,,1.0,Standing Order / DCA,GTC,2024-09-13
ord_strat_20240913,FILLED,2024-09-13,,1.0,Standing Order / DCA,GTC,2024-09-16
ord_strat_20240916,FILLED,2024-09-16,,1.0,Standing Order / DCA,GTC,2024-09-17
ord_strat_20240917,FILLED,2024-09-17,,1.0,Standing Order / DCA,GTC,2024-09-18
ord_strat_20240918,FILLED,2024-09-18,,1.0,Standing Order / DCA,GTC,2024-09-19
ord_strat_20240919,FILLED,2024-09-19,,1.0,Standing Order / DCA,GTC,2024-09-20
ord_strat_20240920,FILLED,2024-09-20,,1.0,Standing Order / DCA,GTC,2024-09-23
ord_strat_20240923,FILLED,2024-09-23,,1.0,Standing Order / DCA,GTC,2024-09-24
ord_strat_20240924,FILLED,2024-09-24,,1.0,Standing Order / DCA,GTC,2024-09-25
ord_strat_20240925,FILLED,2024-09-25,,1.0,Standing Order / DCA,GTC,2024-09-26
ord_strat_20240926,FILLED,2024-09-26,,1.0,Standing Order / DCA,GTC,2024-09-27
ord_strat_20240927,FILLED,2024-09-27,,1.0,Standing Order / DCA,GTC,2024-09-30
ord_strat_20240930,FILLED,2024-09-30,,1.0,Standing Order / DCA,GTC,2024-10-01
ord_strat_20241001,FILLED,2024-10-01,,1.0,Standing Order / DCA,GTC,2024-10-02
ord_strat_20241002,FILLED,2024-10-02,,1.0,Standing Order / DCA,GTC,2024-10-03
ord_strat_20241003,FILLED,2024-10-03,,1.0,Standing Order / DCA,GTC,2024-10-04
ord_strat_20241004,FILLED,2024-10-04,,1.0,Standing Order / DCA,GTC,2024-10-07
ord_strat_20241007,FILLED,2024-10-07,,1.0,Standing Order / DCA,GTC,2024-10-08
ord_strat_20241008,FILLED,2024-10-08,,1.0,Standing Order / DCA,GTC,2024-10-09
ord_strat_20241009,FILLED,2024-10-09,,1.0,Standing Order / DCA,GTC,2024-10-10
ord_strat_20241010,FILLED,2024-10-10,,1.0,Standing Order / DCA,GTC,2024-10-11
ord_strat_20241011,FILLED,2024-10-11,,1.0,Standing Order / DCA,GTC,2024-10-14
ord_strat_20241014,FILLED,2024-10-14,,1.0,Standing Order / DCA,GTC,2024-10-15
ord_strat_20241015,FILLED,2024-10-15,,1.0,Standing Order / DCA,GTC,2024-10-16
ord_strat_20241016,FILLED,2024-10-16,,1.0,Standing Order / DCA,GTC,2024-10-17
ord_strat_20241017,FILLED,2024-10-17,,1.0,Standing Order / DCA,GTC,2024-10-18
ord_strat_20241018,FILLED,2024-10-18,,1.0,Standing Order / DCA,GTC,2024-10-21
ord_strat_20241021,FILLED,2024-10-21,,1.0,Standing Order / DCA,GTC,2024-10-22
ord_strat_20241022,FILLED,2024-10-22,,1.0,Standing Order / DCA,GTC,2024-10-23
ord_strat_20241023,FILLED,2024-10-23,,1.0,Standing Order / DCA,GTC,2024-10-24
ord_strat_20241024,FILLED,2024-10-24,,1.0,Standing Order / DCA,GTC,2024-10-25
ord_strat_20241025,FILLED,2024-10-25,,1.0,Standing Order / DCA,GTC,2024-10-28
ord_strat_20241028,FILLED,2024-10-28,,1.0,Standing Order / DCA,GTC,2024-10-29
ord_strat_20241029,FILLED,2024-10-29,,1.0,Standing Order / DCA,GTC,2024-10-30
ord_strat_20241030,FILLED,2024-10-30,,1.0,Standing Order / DCA,GTC,2024-10-31
ord_strat_20241031,FILLED,2024-10-31,,1.0,Standing Order / DCA,GTC,2024-11-01
ord_strat_20241101,FILLED,2024-11-01,,1.0,Standing Order / DCA,GTC,2024-11-04
ord_strat_20241104,FILLED,2024-11-04,,1.0,Standing Order / DCA,GTC,2024-11-05
ord_strat_20241105,FILLED,2024-11-05,,1.0,Standing Order / DCA,GTC,2024-11-06
ord_strat_20241106,FILLED,2024-11-06,,1.0,Standing Order / DCA,GTC,2024-11-07
ord_strat_20241107,FILLED,2024-11-07,,1.0,Standing Order / DCA,GTC,2024-11-08
ord_strat_20241108,FILLED,2024-11-08,,1.0,Standing Order / DCA,GTC,2024-11-11
ord_strat_20241111,FILLED,2024-11-11,,1.0,Standing Order / DCA,GTC,2024-11-12
ord_strat_20241112,FILLED,2024-11-12,,1.0,Standing Order / DCA,GTC,2024-11-13
ord_strat_20241113,FILLED,2024-11-13,,1.0,Standing Order / DCA,GTC,2024-11-14
ord_strat_20241114,FILLED,2024-11-14,,1.0,Standing Order / DCA,GTC,2024-11-15
ord_strat_20241115,FILLED,2024-11-15,,1.0,Standing Order / DCA,GTC,2024-11-18
ord_strat_20241118,FILLED,2024-11-18,,1.0,Standing Order / DCA,GTC,2024-11-19
ord_strat_20241119,FILLED,2024-11-19,,1.0,Standing Order / DCA,GTC,2024-11-20
ord_strat_20241120,FILLED,2024-11-20,,1.0,Standing Order / DCA,GTC,2024-11-21
ord_strat_20241121,FILLED,2024-11-21,,1.0,Standing Order / DCA,GTC,2024-11-22
ord_strat_20241122,FILLED,2024-11-22,,1.0,Standing Order / DCA,GTC,2024-11-25
ord_strat_20241125,FILLED,2024-11-25,,1.0,Standing Order / DCA,GTC,2024-11-26
ord_strat_20241126,FILLED,2024-11-26,,1.0,Standing Order / DCA,GTC,2024-11-27
ord_strat_20241127,FILLED,2024-11-27,,1.0,Standing Order / DCA,GTC,2024-11-29
ord_strat_20241129,FILLED,2024-11-29,,1.0,Standing Order / DCA,GTC,2024-12-02
ord_strat_20241202,FILLED,2024-12-02,,1.0,Standing Order / DCA,GTC,2024-12-03
ord_strat_20241203,FILLED,2024-12-03,,1.0,Standing Order / DCA,GTC,2024-12-04
ord_strat_20241204,FILLED,2024-12-04,,1.0,Standing Order / DCA,GTC,2024-12-05
ord_strat_20241205,FILLED,2024-12-05,,1.0,Standing Order / DCA,GTC,2024-12-06
ord_strat_20241206,FILLED,2024-12-06,,1.0,Standing Order / DCA,GTC,2024-12-09
ord_strat_20241209,FILLED,2024-12-09,,1.0,Standing Order / DCA,GTC,2024-12-10
ord_strat_20241210,FILLED,2024-12-10,,1.0,Standing Order / DCA,GTC,2024-12-11
ord_strat_20241211,FILLED,2024-12-11,,1.0,Standing Order / DCA,GTC,2024-12-12
ord_strat_20241212,FILLED,2024-12-12,,1.0,Standing Order / DCA,GTC,2024-12-13
ord_strat_20241213,FILLED,2024-12-13,,1.0,Standing Order / DCA,GTC,2024-12-16
ord_strat_20241216,FILLED,2024-12-16,,1.0,Standing Order / DCA,GTC,2024-12-17
ord_strat_20241217,FILLED,2024-12-17,,1.0,Standing Order / DCA,GTC,2024-12-18
ord_strat_20241218,FILLED,2024-12-18,,1.0,Standing Order / DCA,GTC,2024-12-19
ord_strat_20241219,FILLED,2024-12-19,,1.0,Standing Order / DCA,GTC,2024-12-20
ord_strat_20241220,FILLED,2024-12-20,,1.0,Standing Order / DCA,GTC,2024-12-23
ord_strat_20241223,FILLED,2024-12-23,,1.0,Standing Order / DCA,GTC,2024-12-24
ord_strat_20241224,FILLED,2024-12-24,,1.0,Standing Order / DCA,GTC,2024-12-26
ord_strat_20241226,FILLED,2024-12-26,,1.0,Standing Order / DCA,GTC,2024-12-27
ord_strat_20241227,FILLED,2024-12-27,,1.0,Standing Order / DCA,GTC,2024-12-30
ord_strat_20241230,FILLED,2024-12-30,,1.0,Standing Order / DCA,GTC,2024-12-31
ord_strat_20241231,FILLED,2024-12-31,,1.0,Standing Order / DCA,GTC,2025-01-02
ord_strat_20250102,FILLED,2025-01-02,,1.0,Standing Order / DCA,GTC,2025-01-03
ord_strat_20250103,FILLED,2025-01-03,,1.0,Standing Order / DCA,GTC,2025-01-06
ord_strat_20250106,FILLED,2025-01-06,,1.0,Standing Order / DCA,GTC,2025-01-07
ord_strat_20250107,FILLED,2025-01-07,,1.0,Standing Order / DCA,GTC,2025-01-08
ord_strat_20250108,FILLED,2025-01-08,,1.0,Standing Order / DCA,GTC,2025-01-10
ord_strat_20250110,FILLED,2025-01-10,,1.0,Standing Order / DCA,GTC,2025-01-13
ord_strat_20250113,FILLED,2025-01-13,,1.0,Standing Order / DCA,GTC,2025-01-14
ord_strat_20250114,FILLED,2025-01-14,,1.0,Standing Order / DCA,GTC,2025-01-15
ord_strat_20250115,FILLED,2025-01-15,,1.0,Standing Order / DCA,GTC,2025-01-16
ord_strat_20250116,FILLED,2025-01-16,,1.0,Standing Order / DCA,GTC,2025-01-17
ord_strat_20250117,FILLED,2025-01-17,,1.0,Standing Order / DCA,GTC,2025-01-21
ord_strat_20250121,FILLED,2025-01-21,,1.0,Standing Order / DCA,GTC,2025-01-22
ord_strat_20250122,FILLED,2025-01-22,,1.0,Standing Order / DCA,GTC,2025-01-23
ord_strat_20250123,FILLED,2025-01-23,,1.0,Standing Order / DCA,GTC,2025-01-24
ord_strat_20250124,FILLED,2025-01-24,,1.0,Standing Order / DCA,GTC,2025-01-27
ord_strat_20250127,FILLED,2025-01-27,,1.0,Standing Order / DCA,GTC,2025-01-28
ord_strat_20250128,FILLED,2025-01-28,,1.0,Standing Order / DCA,GTC,2025-01-29
ord_strat_20250129,FILLED,2025-01-29,,1.0,Standing Order / DCA,GTC,2025-01-30
ord_strat_20250130,FILLED,2025-01-30,,1.0,Standing Order / DCA,GTC,2025-01-31
ord_strat_20250131,FILLED,2025-01-31,,1.0,Standing Order / DCA,GTC,2025-02-03
ord_strat_20250203,FILLED,2025-02-03,,1.0,Standing Order / DCA,GTC,2025-02-04
ord_strat_20250204,FILLED,2025-02-04,,1.0,Standing Order / DCA,GTC,2025-02-05
ord_strat_20250205,FILLED,2025-02-05,,1.0,Standing Order / DCA,GTC,2025-02-06
ord_strat_20250206,FILLED,2025-02-06,,1.0,Standing Order / DCA,GTC,2025-02-07
ord_strat_20250207,FILLED,2025-02-07,,1.0,Standing Order / DCA,GTC,2025-02-10
ord_strat_20250210,FILLED,2025-02-10,,1.0,Standing Order / DCA,GTC,2025-02-11
ord_strat_20250211,FILLED,2025-02-11,,1.0,Standing Order / DCA,GTC,2025-02-12
ord_strat_20250212,FILLED,2025-02-12,,1.0,Standing Order / DCA,GTC,2025-02-13
ord_strat_20250213,FILLED,2025-02-13,,1.0,Standing Order / DCA,GTC,2025-02-14
ord_strat_20250214,FILLED,2025-02-14,,1.0,Standing Order / DCA,GTC,2025-02-18
ord_strat_20250218,FILLED,2025-02-18,,1.0,Standing Order / DCA,GTC,2025-02-19
ord_strat_20250219,FILLED,2025-02-19,,1.0,Standing Order / DCA,GTC,2025-02-20
ord_strat_20250220,FILLED,2025-02-20,,1.0,Standing Order / DCA,GTC,2025-02-21
ord_strat_20250221,FILLED,2025-02-21,,1.0,Standing Order / DCA,GTC,2025-02-24
ord_strat_20250224,FILLED,2025-02-24,,1.0,Standing Order / DCA,GTC,2025-02-25
ord_strat_20250225,FILLED,2025-02-25,,1.0,Standing Order / DCA,GTC,2025-02-26
ord_strat_20250226,FILLED,2025-02-26,,1.0,Standing Order / DCA,GTC,2025-02-27
ord_strat_20250227,FILLED,2025-02-27,,1.0,Standing Order / DCA,GTC,2025-02-28
ord_strat_20250228,FILLED,2025-02-28,,1.0,Standing Order / DCA,GTC,2025-03-03
ord_strat_20250303,FILLED,2025-03-03,,1.0,Standing Order / DCA,GTC,2025-03-04
ord_strat_20250304,FILLED,2025-03-04,,1.0,Standing Order / DCA,GTC,2025-03-05
ord_strat_20250305,FILLED,2025-03-05,,1.0,Standing Order / DCA,GTC,2025-03-06
ord_strat_20250306,FILLED,2025-03-06,,1.0,Standing Order / DCA,GTC,2025-03-07
ord_strat_20250307,FILLED,2025-03-07,,1.0,Standing Order / DCA,GTC,2025-03-10
ord_strat_20250310,FILLED,2025-03-10,,1.0,Standing Order / DCA,GTC,2025-03-11
ord_strat_20250311,FILLED,2025-03-11,,1.0,Standing Order / DCA,GTC,2025-03-12
ord_strat_20250312,FILLED,2025-03-12,,1.0,Standing Order / DCA,GTC,2025-03-13
ord_strat_20250313,FILLED,2025-03-13,,1.0,Standing Order / DCA,GTC,2025-03-14
ord_strat_20250314,FILLED,2025-03-14,,1.0,Standing Order / DCA,GTC,2025-03-17
ord_strat_20250317,FILLED,2025-03-17,,1.0,Standing Order / DCA,GTC,2025-03-18
ord_strat_20250318,FILLED,2025-03-18,,1.0,Standing Order / DCA,GTC,2025-03-19
ord_strat_20250319,FILLED,2025-03-19,,1.0,Standing Order / DCA,GTC,2025-03-20
ord_strat_20250320,FILLED,2025-03-20,,1.0,Standing Order / DCA,GTC,2025-03-21
ord_strat_20250321,FILLED,2025-03-21,,1.0,Standing Order / DCA,GTC,2025-03-24
ord_strat_20250324,FILLED,2025-03-24,,1.0,Standing Order / DCA,GTC,2025-03-25
ord_strat_20250325,FILLED,2025-03-25,,1.0,Standing Order / DCA,GTC,2025-03-26
ord_strat_20250326,FILLED,2025-03-26,,1.0,Standing Order / DCA,GTC,2025-03-27
ord_strat_20250327,FILLED,2025-03-27,,1.0,Standing Order / DCA,GTC,2025-03-28
ord_strat_20250328,FILLED,2025-03-28,,1.0,Standing Order / DCA,GTC,2025-03-31
ord_strat_20250331,FILLED,2025-03-31,,1.0,Standing Order / DCA,GTC,2025-04-01
ord_strat_20250401,FILLED,2025-04-01,,1.0,Standing Order / DCA,GTC,2025-04-02
ord_strat_20250402,FILLED,2025-04-02,,1.0,Standing Order / DCA,GTC,2025-04-03
ord_strat_20250403,FILLED,2025-04-03,,1.0,Standing Order / DCA,GTC,2025-04-04
ord_strat_20250404,FILLED,2025-04-04,,0.0,油价击穿成本线与宏观熊市,GTC,2025-04-07
ord_strat_20250515,FILLED,2025-05-15,,1.0,突破卖出价右侧防踏空接回,GTC,2025-05-16
ord_strat_20250516,FILLED,2025-05-16,,1.0,Standing Order / DCA,GTC,2025-05-19
ord_strat_20250519,FILLED,2025-05-19,,1.0,Standing Order / DCA,GTC,2025-05-20
ord_strat_20250520,FILLED,2025-05-20,,1.0,Standing Order / DCA,GTC,2025-05-21
ord_strat_20250521,FILLED,2025-05-21,,1.0,Standing Order / DCA,GTC,2025-05-22
ord_strat_20250522,FILLED,2025-05-22,,1.0,Standing Order / DCA,GTC,2025-05-23
ord_strat_20250523,FILLED,2025-05-23,,1.0,Standing Order / DCA,GTC,2025-05-27
ord_strat_20250527,FILLED,2025-05-27,,1.0,Standing Order / DCA,GTC,2025-05-28
ord_strat_20250528,FILLED,2025-05-28,,1.0,Standing Order / DCA,GTC,2025-05-29
ord_strat_20250529,FILLED,2025-05-29,,1.0,Standing Order / DCA,GTC,2025-05-30
ord_strat_20250530,FILLED,2025-05-30,,1.0,Standing Order / DCA,GTC,2025-06-02
ord_strat_20250602,FILLED,2025-06-02,,1.0,Standing Order / DCA,GTC,2025-06-03
ord_strat_20250603,FILLED,2025-06-03,,1.0,Standing Order / DCA,GTC,2025-06-04
ord_strat_20250604,FILLED,2025-06-04,,1.0,Standing Order / DCA,GTC,2025-06-05
ord_strat_20250605,FILLED,2025-06-05,,1.0,Standing Order / DCA,GTC,2025-06-06
ord_strat_20250606,FILLED,2025-06-06,,1.0,Standing Order / DCA,GTC,2025-06-09
ord_strat_20250609,FILLED,2025-06-09,,1.0,Standing Order / DCA,GTC,2025-06-10
ord_strat_20250610,FILLED,2025-06-10,,1.0,Standing Order / DCA,GTC,2025-06-11
ord_strat_20250611,FILLED,2025-06-11,,1.0,Standing Order / DCA,GTC,2025-06-12
ord_strat_20250612,FILLED,2025-06-12,,1.0,Standing Order / DCA,GTC,2025-06-13
ord_strat_20250613,FILLED,2025-06-13,,1.0,Standing Order / DCA,GTC,2025-06-16
ord_strat_20250616,FILLED,2025-06-16,,1.0,Standing Order / DCA,GTC,2025-06-17
ord_strat_20250617,FILLED,2025-06-17,,1.0,Standing Order / DCA,GTC,2025-06-18
ord_strat_20250618,FILLED,2025-06-18,,1.0,Standing Order / DCA,GTC,2025-06-20
ord_strat_20250620,FILLED,2025-06-20,,1.0,Standing Order / DCA,GTC,2025-06-23
ord_strat_20250623,FILLED,2025-06-23,,1.0,Standing Order / DCA,GTC,2025-06-24
ord_strat_20250624,FILLED,2025-06-24,,1.0,Standing Order / DCA,GTC,2025-06-25
ord_strat_20250625,FILLED,2025-06-25,,1.0,Standing Order / DCA,GTC,2025-06-26
ord_strat_20250626,FILLED,2025-06-26,,1.0,Standing Order / DCA,GTC,2025-06-27
ord_strat_20250627,FILLED,2025-06-27,,1.0,Standing Order / DCA,GTC,2025-06-30
ord_strat_20250630,FILLED,2025-06-30,,1.0,Standing Order / DCA,GTC,2025-07-01
ord_strat_20250701,FILLED,2025-07-01,,1.0,Standing Order / DCA,GTC,2025-07-02
ord_strat_20250702,FILLED,2025-07-02,,1.0,Standing Order / DCA,GTC,2025-07-03
ord_strat_20250703,FILLED,2025-07-03,,1.0,Standing Order / DCA,GTC,2025-07-07
ord_strat_20250707,FILLED,2025-07-07,,1.0,Standing Order / DCA,GTC,2025-07-08
ord_strat_20250708,FILLED,2025-07-08,,1.0,Standing Order / DCA,GTC,2025-07-09
ord_strat_20250709,FILLED,2025-07-09,,1.0,Standing Order / DCA,GTC,2025-07-10
ord_strat_20250710,FILLED,2025-07-10,,1.0,Standing Order / DCA,GTC,2025-07-11
ord_strat_20250711,FILLED,2025-07-11,,1.0,Standing Order / DCA,GTC,2025-07-14
ord_strat_20250714,FILLED,2025-07-14,,1.0,Standing Order / DCA,GTC,2025-07-15
ord_strat_20250715,FILLED,2025-07-15,,1.0,Standing Order / DCA,GTC,2025-07-16
ord_strat_20250716,FILLED,2025-07-16,,1.0,Standing Order / DCA,GTC,2025-07-17
ord_strat_20250717,FILLED,2025-07-17,,1.0,Standing Order / DCA,GTC,2025-07-18
ord_strat_20250718,FILLED,2025-07-18,,1.0,Standing Order / DCA,GTC,2025-07-21
ord_strat_20250721,FILLED,2025-07-21,,1.0,Standing Order / DCA,GTC,2025-07-22
ord_strat_20250722,FILLED,2025-07-22,,1.0,Standing Order / DCA,GTC,2025-07-23
ord_strat_20250723,FILLED,2025-07-23,,1.0,Standing Order / DCA,GTC,2025-07-24
ord_strat_20250724,FILLED,2025-07-24,,1.0,Standing Order / DCA,GTC,2025-07-25
ord_strat_20250725,FILLED,2025-07-25,,1.0,Standing Order / DCA,GTC,2025-07-28
ord_strat_20250728,FILLED,2025-07-28,,1.0,Standing Order / DCA,GTC,2025-07-29
ord_strat_20250729,FILLED,2025-07-29,,1.0,Standing Order / DCA,GTC,2025-07-30
ord_strat_20250730,FILLED,2025-07-30,,1.0,Standing Order / DCA,GTC,2025-07-31
ord_strat_20250731,FILLED,2025-07-31,,1.0,Standing Order / DCA,GTC,2025-08-01
ord_strat_20250801,FILLED,2025-08-01,,1.0,Standing Order / DCA,GTC,2025-08-04
ord_strat_20250804,FILLED,2025-08-04,,1.0,Standing Order / DCA,GTC,2025-08-05
ord_strat_20250805,FILLED,2025-08-05,,1.0,Standing Order / DCA,GTC,2025-08-06
ord_strat_20250806,FILLED,2025-08-06,,1.0,Standing Order / DCA,GTC,2025-08-07
ord_strat_20250807,FILLED,2025-08-07,,1.0,Standing Order / DCA,GTC,2025-08-08
ord_strat_20250808,FILLED,2025-08-08,,1.0,Standing Order / DCA,GTC,2025-08-11
ord_strat_20250811,FILLED,2025-08-11,,1.0,Standing Order / DCA,GTC,2025-08-12
ord_strat_20250812,FILLED,2025-08-12,,1.0,Standing Order / DCA,GTC,2025-08-13
ord_strat_20250813,FILLED,2025-08-13,,1.0,Standing Order / DCA,GTC,2025-08-14
ord_strat_20250814,FILLED,2025-08-14,,1.0,Standing Order / DCA,GTC,2025-08-15
ord_strat_20250815,FILLED,2025-08-15,,1.0,Standing Order / DCA,GTC,2025-08-18
ord_strat_20250818,FILLED,2025-08-18,,1.0,Standing Order / DCA,GTC,2025-08-19
ord_strat_20250819,FILLED,2025-08-19,,1.0,Standing Order / DCA,GTC,2025-08-20
ord_strat_20250820,FILLED,2025-08-20,,1.0,Standing Order / DCA,GTC,2025-08-21
ord_strat_20250821,FILLED,2025-08-21,,1.0,Standing Order / DCA,GTC,2025-08-22
ord_strat_20250822,FILLED,2025-08-22,,1.0,Standing Order / DCA,GTC,2025-08-25
ord_strat_20250825,FILLED,2025-08-25,,1.0,Standing Order / DCA,GTC,2025-08-26
ord_strat_20250826,FILLED,2025-08-26,,1.0,Standing Order / DCA,GTC,2025-08-27
ord_strat_20250827,FILLED,2025-08-27,,1.0,Standing Order / DCA,GTC,2025-08-28
ord_strat_20250828,FILLED,2025-08-28,,1.0,Standing Order / DCA,GTC,2025-08-29
ord_strat_20250829,FILLED,2025-08-29,,1.0,Standing Order / DCA,GTC,2025-09-02
ord_strat_20250902,FILLED,2025-09-02,,1.0,Standing Order / DCA,GTC,2025-09-03
ord_strat_20250903,FILLED,2025-09-03,,1.0,Standing Order / DCA,GTC,2025-09-04
ord_strat_20250904,FILLED,2025-09-04,,1.0,Standing Order / DCA,GTC,2025-09-05
ord_strat_20250905,FILLED,2025-09-05,,1.0,Standing Order / DCA,GTC,2025-09-08
ord_strat_20250908,FILLED,2025-09-08,,1.0,Standing Order / DCA,GTC,2025-09-09
ord_strat_20250909,FILLED,2025-09-09,,1.0,Standing Order / DCA,GTC,2025-09-10
ord_strat_20250910,FILLED,2025-09-10,,1.0,Standing Order / DCA,GTC,2025-09-11
ord_strat_20250911,FILLED,2025-09-11,,1.0,Standing Order / DCA,GTC,2025-09-12
ord_strat_20250912,FILLED,2025-09-12,,1.0,Standing Order / DCA,GTC,2025-09-15
ord_strat_20250915,FILLED,2025-09-15,,1.0,Standing Order / DCA,GTC,2025-09-16
ord_strat_20250916,FILLED,2025-09-16,,1.0,Standing Order / DCA,GTC,2025-09-17
ord_strat_20250917,FILLED,2025-09-17,,1.0,Standing Order / DCA,GTC,2025-09-18
ord_strat_20250918,FILLED,2025-09-18,,1.0,Standing Order / DCA,GTC,2025-09-19
ord_strat_20250919,FILLED,2025-09-19,,1.0,Standing Order / DCA,GTC,2025-09-22
ord_strat_20250922,FILLED,2025-09-22,,1.0,Standing Order / DCA,GTC,2025-09-23
ord_strat_20250923,FILLED,2025-09-23,,1.0,Standing Order / DCA,GTC,2025-09-24
ord_strat_20250924,FILLED,2025-09-24,,1.0,Standing Order / DCA,GTC,2025-09-25
ord_strat_20250925,FILLED,2025-09-25,,1.0,Standing Order / DCA,GTC,2025-09-26
ord_strat_20250926,FILLED,2025-09-26,,1.0,Standing Order / DCA,GTC,2025-09-29
ord_strat_20250929,FILLED,2025-09-29,,1.0,Standing Order / DCA,GTC,2025-09-30
ord_strat_20250930,FILLED,2025-09-30,,1.0,Standing Order / DCA,GTC,2025-10-01
ord_strat_20251001,FILLED,2025-10-01,,1.0,Standing Order / DCA,GTC,2025-10-02
ord_strat_20251002,FILLED,2025-10-02,,1.0,Standing Order / DCA,GTC,2025-10-03
ord_strat_20251003,FILLED,2025-10-03,,1.0,Standing Order / DCA,GTC,2025-10-06
ord_strat_20251006,FILLED,2025-10-06,,1.0,Standing Order / DCA,GTC,2025-10-07
ord_strat_20251007,FILLED,2025-10-07,,1.0,Standing Order / DCA,GTC,2025-10-08
ord_strat_20251008,FILLED,2025-10-08,,1.0,Standing Order / DCA,GTC,2025-10-09
ord_strat_20251009,FILLED,2025-10-09,,1.0,Standing Order / DCA,GTC,2025-10-10
ord_strat_20251010,FILLED,2025-10-10,,1.0,Standing Order / DCA,GTC,2025-10-13
ord_strat_20251013,FILLED,2025-10-13,,1.0,Standing Order / DCA,GTC,2025-10-14
ord_strat_20251014,FILLED,2025-10-14,,1.0,Standing Order / DCA,GTC,2025-10-15
ord_strat_20251015,FILLED,2025-10-15,,1.0,Standing Order / DCA,GTC,2025-10-16
ord_strat_20251016,FILLED,2025-10-16,,1.0,Standing Order / DCA,GTC,2025-10-17
ord_strat_20251017,FILLED,2025-10-17,,1.0,Standing Order / DCA,GTC,2025-10-20
ord_strat_20251020,FILLED,2025-10-20,,1.0,Standing Order / DCA,GTC,2025-10-21
ord_strat_20251021,FILLED,2025-10-21,,1.0,Standing Order / DCA,GTC,2025-10-22
ord_strat_20251022,FILLED,2025-10-22,,1.0,Standing Order / DCA,GTC,2025-10-23
ord_strat_20251023,FILLED,2025-10-23,,1.0,Standing Order / DCA,GTC,2025-10-24
ord_strat_20251024,FILLED,2025-10-24,,1.0,Standing Order / DCA,GTC,2025-10-27
ord_strat_20251027,FILLED,2025-10-27,,1.0,Standing Order / DCA,GTC,2025-10-28
ord_strat_20251028,FILLED,2025-10-28,,1.0,Standing Order / DCA,GTC,2025-10-29
ord_strat_20251029,FILLED,2025-10-29,,1.0,Standing Order / DCA,GTC,2025-10-30
ord_strat_20251030,FILLED,2025-10-30,,1.0,Standing Order / DCA,GTC,2025-10-31
ord_strat_20251031,FILLED,2025-10-31,,1.0,Standing Order / DCA,GTC,2025-11-03
ord_strat_20251103,FILLED,2025-11-03,,1.0,Standing Order / DCA,GTC,2025-11-04
ord_strat_20251104,FILLED,2025-11-04,,1.0,Standing Order / DCA,GTC,2025-11-05
ord_strat_20251105,FILLED,2025-11-05,,1.0,Standing Order / DCA,GTC,2025-11-06
ord_strat_20251106,FILLED,2025-11-06,,1.0,Standing Order / DCA,GTC,2025-11-07
ord_strat_20251107,FILLED,2025-11-07,,1.0,Standing Order / DCA,GTC,2025-11-10
ord_strat_20251110,FILLED,2025-11-10,,1.0,Standing Order / DCA,GTC,2025-11-11
ord_strat_20251111,FILLED,2025-11-11,,1.0,Standing Order / DCA,GTC,2025-11-12
ord_strat_20251112,FILLED,2025-11-12,,1.0,Standing Order / DCA,GTC,2025-11-13
ord_strat_20251113,FILLED,2025-11-13,,1.0,Standing Order / DCA,GTC,2025-11-14
ord_strat_20251114,FILLED,2025-11-14,,1.0,Standing Order / DCA,GTC,2025-11-17
ord_strat_20251117,FILLED,2025-11-17,,1.0,Standing Order / DCA,GTC,2025-11-18
ord_strat_20251118,FILLED,2025-11-18,,1.0,Standing Order / DCA,GTC,2025-11-19
ord_strat_20251119,FILLED,2025-11-19,,1.0,Standing Order / DCA,GTC,2025-11-20
ord_strat_20251120,FILLED,2025-11-20,,1.0,Standing Order / DCA,GTC,2025-11-21
ord_strat_20251121,FILLED,2025-11-21,,1.0,Standing Order / DCA,GTC,2025-11-24
ord_strat_20251124,FILLED,2025-11-24,,1.0,Standing Order / DCA,GTC,2025-11-25
ord_strat_20251125,FILLED,2025-11-25,,1.0,Standing Order / DCA,GTC,2025-11-26
ord_strat_20251126,FILLED,2025-11-26,,1.0,Standing Order / DCA,GTC,2025-11-28
ord_strat_20251128,FILLED,2025-11-28,,1.0,Standing Order / DCA,GTC,2025-12-01
ord_strat_20251201,FILLED,2025-12-01,,1.0,Standing Order / DCA,GTC,2025-12-02
ord_strat_20251202,FILLED,2025-12-02,,1.0,Standing Order / DCA,GTC,2025-12-03
ord_strat_20251203,FILLED,2025-12-03,,1.0,Standing Order / DCA,GTC,2025-12-04
ord_strat_20251204,FILLED,2025-12-04,,1.0,Standing Order / DCA,GTC,2025-12-05
ord_strat_20251205,FILLED,2025-12-05,,1.0,Standing Order / DCA,GTC,2025-12-08
ord_strat_20251208,FILLED,2025-12-08,,1.0,Standing Order / DCA,GTC,2025-12-09
ord_strat_20251209,FILLED,2025-12-09,,1.0,Standing Order / DCA,GTC,2025-12-10
ord_strat_20251210,FILLED,2025-12-10,,1.0,Standing Order / DCA,GTC,2025-12-11
ord_strat_20251211,FILLED,2025-12-11,,1.0,Standing Order / DCA,GTC,2025-12-12
ord_strat_20251212,FILLED,2025-12-12,,1.0,Standing Order / DCA,GTC,2025-12-15
ord_strat_20251215,FILLED,2025-12-15,,1.0,Standing Order / DCA,GTC,2025-12-16
ord_strat_20251216,FILLED,2025-12-16,,1.0,Standing Order / DCA,GTC,2025-12-17
ord_strat_20251217,FILLED,2025-12-17,,1.0,Standing Order / DCA,GTC,2025-12-18
ord_strat_20251218,FILLED,2025-12-18,,1.0,Standing Order / DCA,GTC,2025-12-19
ord_strat_20251219,FILLED,2025-12-19,,1.0,Standing Order / DCA,GTC,2025-12-22
ord_strat_20251222,FILLED,2025-12-22,,1.0,Standing Order / DCA,GTC,2025-12-23
ord_strat_20251223,FILLED,2025-12-23,,1.0,Standing Order / DCA,GTC,2025-12-24
ord_strat_20251224,FILLED,2025-12-24,,1.0,Standing Order / DCA,GTC,2025-12-26
ord_strat_20251226,FILLED,2025-12-26,,1.0,Standing Order / DCA,GTC,2025-12-29
ord_strat_20251229,FILLED,2025-12-29,,1.0,Standing Order / DCA,GTC,2025-12-30
ord_strat_20251230,FILLED,2025-12-30,,1.0,Standing Order / DCA,GTC,2025-12-31
ord_strat_20251231,FILLED,2025-12-31,,1.0,Standing Order / DCA,GTC,2026-01-02
ord_strat_20260102,FILLED,2026-01-02,,1.0,Standing Order / DCA,GTC,2026-01-05
ord_strat_20260105,FILLED,2026-01-05,,1.0,Standing Order / DCA,GTC,2026-01-06
ord_strat_20260106,FILLED,2026-01-06,,1.0,Standing Order / DCA,GTC,2026-01-07
ord_strat_20260107,FILLED,2026-01-07,,1.0,Standing Order / DCA,GTC,2026-01-08
ord_strat_20260108,FILLED,2026-01-08,,1.0,Standing Order / DCA,GTC,2026-01-09
ord_strat_20260109,FILLED,2026-01-09,,1.0,Standing Order / DCA,GTC,2026-01-12
ord_strat_20260112,FILLED,2026-01-12,,1.0,Standing Order / DCA,GTC,2026-01-13
ord_strat_20260113,FILLED,2026-01-13,,1.0,Standing Order / DCA,GTC,2026-01-14
ord_strat_20260114,FILLED,2026-01-14,,1.0,Standing Order / DCA,GTC,2026-01-15
ord_strat_20260115,FILLED,2026-01-15,,1.0,Standing Order / DCA,GTC,2026-01-16
ord_strat_20260116,FILLED,2026-01-16,,1.0,Standing Order / DCA,GTC,2026-01-20
ord_strat_20260120,FILLED,2026-01-20,,1.0,Standing Order / DCA,GTC,2026-01-21
ord_strat_20260121,FILLED,2026-01-21,,1.0,Standing Order / DCA,GTC,2026-01-22
ord_strat_20260122,FILLED,2026-01-22,,1.0,Standing Order / DCA,GTC,2026-01-23
ord_strat_20260123,FILLED,2026-01-23,,1.0,Standing Order / DCA,GTC,2026-01-26
ord_strat_20260126,FILLED,2026-01-26,,1.0,Standing Order / DCA,GTC,2026-01-27
ord_strat_20260127,FILLED,2026-01-27,,1.0,Standing Order / DCA,GTC,2026-01-28
ord_strat_20260128,FILLED,2026-01-28,,1.0,Standing Order / DCA,GTC,2026-01-29
ord_strat_20260129,FILLED,2026-01-29,,1.0,Standing Order / DCA,GTC,2026-01-30
ord_strat_20260130,FILLED,2026-01-30,,1.0,Standing Order / DCA,GTC,2026-02-02
ord_strat_20260202,FILLED,2026-02-02,,1.0,Standing Order / DCA,GTC,2026-02-03
ord_strat_20260203,FILLED,2026-02-03,,1.0,Standing Order / DCA,GTC,2026-02-04
ord_strat_20260204,FILLED,2026-02-04,,1.0,Standing Order / DCA,GTC,2026-02-05
ord_strat_20260205,FILLED,2026-02-05,,1.0,Standing Order / DCA,GTC,2026-02-06
ord_strat_20260206,FILLED,2026-02-06,,1.0,Standing Order / DCA,GTC,2026-02-09
ord_strat_20260209,FILLED,2026-02-09,,1.0,Standing Order / DCA,GTC,2026-02-10
ord_strat_20260210,FILLED,2026-02-10,,1.0,Standing Order / DCA,GTC,2026-02-11
ord_strat_20260211,FILLED,2026-02-11,,1.0,Standing Order / DCA,GTC,2026-02-12
ord_strat_20260212,FILLED,2026-02-12,,1.0,Standing Order / DCA,GTC,2026-02-13
ord_strat_20260213,FILLED,2026-02-13,,1.0,Standing Order / DCA,GTC,2026-02-17
ord_strat_20260217,FILLED,2026-02-17,,1.0,Standing Order / DCA,GTC,2026-02-18
ord_strat_20260218,FILLED,2026-02-18,,1.0,Standing Order / DCA,GTC,2026-02-19
ord_strat_20260219,FILLED,2026-02-19,,1.0,Standing Order / DCA,GTC,2026-02-20
ord_strat_20260220,FILLED,2026-02-20,,1.0,Standing Order / DCA,GTC,2026-02-23
ord_strat_20260223,FILLED,2026-02-23,,1.0,Standing Order / DCA,GTC,2026-02-24
ord_strat_20260224,FILLED,2026-02-24,,1.0,Standing Order / DCA,GTC,2026-02-25
ord_strat_20260225,FILLED,2026-02-25,,1.0,Standing Order / DCA,GTC,2026-02-26
ord_strat_20260226,FILLED,2026-02-26,,1.0,Standing Order / DCA,GTC,2026-02-27
ord_strat_20260227,FILLED,2026-02-27,,1.0,Standing Order / DCA,GTC,2026-03-02
ord_strat_20260302,FILLED,2026-03-02,,1.0,Standing Order / DCA,GTC,2026-03-03
ord_strat_20260303,FILLED,2026-03-03,,1.0,Standing Order / DCA,GTC,2026-03-04
ord_strat_20260304,FILLED,2026-03-04,,1.0,Standing Order / DCA,GTC,2026-03-05
ord_strat_20260305,FILLED,2026-03-05,,1.0,Standing Order / DCA,GTC,2026-03-06
ord_strat_20260306,FILLED,2026-03-06,,1.0,Standing Order / DCA,GTC,2026-03-09
ord_strat_20260309,FILLED,2026-03-09,,1.0,Standing Order / DCA,GTC,2026-03-10
ord_strat_20260310,FILLED,2026-03-10,,1.0,Standing Order / DCA,GTC,2026-03-11
ord_strat_20260311,FILLED,2026-03-11,,1.0,Standing Order / DCA,GTC,2026-03-12
ord_strat_20260312,FILLED,2026-03-12,,1.0,Standing Order / DCA,GTC,2026-03-13
ord_strat_20260313,FILLED,2026-03-13,,1.0,Standing Order / DCA,GTC,2026-03-16
ord_strat_20260316,FILLED,2026-03-16,,1.0,Standing Order / DCA,GTC,2026-03-17
ord_strat_20260317,FILLED,2026-03-17,,1.0,Standing Order / DCA,GTC,2026-03-18
ord_strat_20260318,FILLED,2026-03-18,,1.0,Standing Order / DCA,GTC,2026-03-19
ord_strat_20260319,FILLED,2026-03-19,,1.0,Standing Order / DCA,GTC,2026-03-20
ord_strat_20260320,FILLED,2026-03-20,,1.0,Standing Order / DCA,GTC,2026-03-23
ord_strat_20260323,FILLED,2026-03-23,,1.0,Standing Order / DCA,GTC,2026-03-24
ord_strat_20260324,FILLED,2026-03-24,,1.0,Standing Order / DCA,GTC,2026-03-25
ord_strat_20260325,FILLED,2026-03-25,,1.0,Standing Order / DCA,GTC,2026-03-26
ord_strat_20260326,FILLED,2026-03-26,,1.0,Standing Order / DCA,GTC,2026-03-27
ord_strat_20260327,FILLED,2026-03-27,,1.0,Standing Order / DCA,GTC,2026-03-30
ord_strat_20260330,FILLED,2026-03-30,,1.0,Standing Order / DCA,GTC,2026-03-31
ord_strat_20260331,FILLED,2026-03-31,,1.0,Standing Order / DCA,GTC,2026-04-01
ord_strat_20260401,FILLED,2026-04-01,,1.0,Standing Order / DCA,GTC,2026-04-02
ord_strat_20260402,FILLED,2026-04-02,,1.0,Standing Order / DCA,GTC,2026-04-06
ord_strat_20260406,FILLED,2026-04-06,,1.0,Standing Order / DCA,GTC,2026-04-07
ord_strat_20260407,FILLED,2026-04-07,,1.0,Standing Order / DCA,GTC,2026-04-08
ord_strat_20260408,FILLED,2026-04-08,,1.0,Standing Order / DCA,GTC,2026-04-09
ord_strat_20260409,FILLED,2026-04-09,,1.0,Standing Order / DCA,GTC,2026-04-10
ord_strat_20260410,FILLED,2026-04-10,,1.0,Standing Order / DCA,GTC,2026-04-13
ord_strat_20260413,FILLED,2026-04-13,,1.0,Standing Order / DCA,GTC,2026-04-14
ord_strat_20260414,FILLED,2026-04-14,,1.0,Standing Order / DCA,GTC,2026-04-15
ord_strat_20260415,FILLED,2026-04-15,,1.0,Standing Order / DCA,GTC,2026-04-16
ord_strat_20260416,FILLED,2026-04-16,,1.0,Standing Order / DCA,GTC,2026-04-17
ord_strat_20260417,FILLED,2026-04-17,,1.0,Standing Order / DCA,GTC,2026-04-20
ord_strat_20260420,FILLED,2026-04-20,,1.0,Standing Order / DCA,GTC,2026-04-21
ord_strat_20260421,FILLED,2026-04-21,,1.0,Standing Order / DCA,GTC,2026-04-22
ord_strat_20260422,FILLED,2026-04-22,,1.0,Standing Order / DCA,GTC,2026-04-23
ord_strat_20260423,FILLED,2026-04-23,,1.0,Standing Order / DCA,GTC,2026-04-24
ord_strat_20260424,FILLED,2026-04-24,,1.0,Standing Order / DCA,GTC,2026-04-27
ord_strat_20260427,FILLED,2026-04-27,,1.0,Standing Order / DCA,GTC,2026-04-28
ord_strat_20260428,FILLED,2026-04-28,,1.0,Standing Order / DCA,GTC,2026-04-29
ord_strat_20260429,FILLED,2026-04-29,,1.0,Standing Order / DCA,GTC,2026-04-30
ord_strat_20260430,FILLED,2026-04-30,,1.0,Standing Order / DCA,GTC,2026-05-01
ord_strat_20260501,FILLED,2026-05-01,,1.0,Standing Order / DCA,GTC,2026-05-04
ord_strat_20260504,FILLED,2026-05-04,,1.0,Standing Order / DCA,GTC,2026-05-05
ord_strat_20260505,FILLED,2026-05-05,,1.0,Standing Order / DCA,GTC,2026-05-06
ord_strat_20260506,FILLED,2026-05-06,,1.0,Standing Order / DCA,GTC,2026-05-07
ord_strat_20260507,FILLED,2026-05-07,,1.0,Standing Order / DCA,GTC,2026-05-08
ord_strat_20260508,FILLED,2026-05-08,,1.0,Standing Order / DCA,GTC,2026-05-11
ord_strat_20260511,FILLED,2026-05-11,,1.0,Standing Order / DCA,GTC,2026-05-12
ord_strat_20260512,FILLED,2026-05-12,,1.0,Standing Order / DCA,GTC,2026-05-13
ord_strat_20260513,FILLED,2026-05-13,,1.0,Standing Order / DCA,GTC,2026-05-14
ord_strat_20260514,FILLED,2026-05-14,,1.0,Standing Order / DCA,GTC,2026-05-15
ord_strat_20260515,FILLED,2026-05-15,,1.0,Standing Order / DCA,GTC,2026-05-18
ord_strat_20260518,FILLED,2026-05-18,,1.0,Standing Order / DCA,GTC,2026-05-19
ord_strat_20260519,FILLED,2026-05-19,,1.0,Standing Order / DCA,GTC,2026-05-20
ord_strat_20260520,FILLED,2026-05-20,,1.0,Standing Order / DCA,GTC,2026-05-21
ord_strat_20260521,FILLED,2026-05-21,,1.0,Standing Order / DCA,GTC,2026-05-22
ord_strat_20260522,FILLED,2026-05-22,,1.0,Standing Order / DCA,GTC,2026-05-26
ord_strat_20260526,FILLED,2026-05-26,,1.0,Standing Order / DCA,GTC,2026-05-27
ord_strat_20260527,FILLED,2026-05-27,,1.0,Standing Order / DCA,GTC,2026-05-28
ord_strat_20260528,FILLED,2026-05-28,,1.0,Standing Order / DCA,GTC,2026-05-29
ord_strat_20260529,FILLED,2026-05-29,,1.0,Standing Order / DCA,GTC,2026-06-01
ord_strat_20260601,FILLED,2026-06-01,,1.0,Standing Order / DCA,GTC,2026-06-02
ord_strat_20260602,FILLED,2026-06-02,,1.0,Standing Order / DCA,GTC,2026-06-03
ord_strat_20260603,FILLED,2026-06-03,,1.0,Standing Order / DCA,GTC,2026-06-04
ord_strat_20260604,FILLED,2026-06-04,,1.0,Standing Order / DCA,GTC,2026-06-05
ord_strat_20260605,FILLED,2026-06-05,,1.0,Standing Order / DCA,GTC,2026-06-08
ord_strat_20260608,FILLED,2026-06-08,,1.0,Standing Order / DCA,GTC,2026-06-09
ord_strat_20260609,FILLED,2026-06-09,,1.0,Standing Order / DCA,GTC,2026-06-10
ord_strat_20260610,FILLED,2026-06-10,,1.0,Standing Order / DCA,GTC,2026-06-11
ord_strat_20260611,FILLED,2026-06-11,,1.0,Standing Order / DCA,GTC,2026-06-12
ord_strat_20260612,FILLED,2026-06-12,,1.0,Standing Order / DCA,GTC,2026-06-15
ord_strat_20260615,FILLED,2026-06-15,,1.0,Standing Order / DCA,GTC,2026-06-16
ord_strat_20260616,FILLED,2026-06-16,,1.0,Standing Order / DCA,GTC,2026-06-17
ord_strat_20260617,FILLED,2026-06-17,,1.0,Standing Order / DCA,GTC,2026-06-18
ord_strat_20260618,FILLED,2026-06-18,,1.0,Standing Order / DCA,GTC,2026-06-22
ord_strat_20260622,FILLED,2026-06-22,,1.0,Standing Order / DCA,GTC,2026-06-23
ord_strat_20260623,FILLED,2026-06-23,,1.0,Standing Order / DCA,GTC,2026-06-24
ord_strat_20260624,FILLED,2026-06-24,,1.0,Standing Order / DCA,GTC,2026-06-25
ord_strat_20260625,FILLED,2026-06-25,,1.0,Standing Order / DCA,GTC,2026-06-26
ord_strat_20260626,FILLED,2026-06-26,,1.0,Standing Order / DCA,GTC,2026-06-29
ord_strat_20260629,FILLED,2026-06-29,,1.0,Standing Order / DCA,GTC,2026-06-30
ord_strat_20260630,FILLED,2026-06-30,,1.0,Standing Order / DCA,GTC,2026-07-01
ord_strat_20260701,FILLED,2026-07-01,,1.0,Standing Order / DCA,GTC,2026-07-02
ord_strat_20260702,FILLED,2026-07-02,,1.0,Standing Order / DCA,GTC,2026-07-06
ord_strat_20260706,FILLED,2026-07-06,,1.0,Standing Order / DCA,GTC,2026-07-07
ord_strat_20260707,FILLED,2026-07-07,,1.0,Standing Order / DCA,GTC,2026-07-08
ord_strat_20260708,FILLED,2026-07-08,,1.0,Standing Order / DCA,GTC,2026-07-09
ord_strat_20260709,FILLED,2026-07-09,,1.0,Standing Order / DCA,GTC,2026-07-10
ord_strat_20260710,FILLED,2026-07-10,,1.0,Standing Order / DCA,GTC,2026-07-13
ord_strat_20260713,FILLED,2026-07-13,,1.0,Standing Order / DCA,GTC,2026-07-14
ord_strat_20260714,FILLED,2026-07-14,,1.0,Standing Order / DCA,GTC,2026-07-15
ord_strat_20260715,FILLED,2026-07-15,,1.0,Standing Order / DCA,GTC,2026-07-16
ord_strat_20260716,FILLED,2026-07-16,,1.0,Standing Order / DCA,GTC,2026-07-17
ord_strat_20260717,FILLED,2026-07-17,,1.0,Standing Order / DCA,GTC,2026-07-20
ord_strat_20260720,FILLED,2026-07-20,,1.0,Standing Order / DCA,GTC,2026-07-21
ord_strat_20260721,FILLED,2026-07-21,,1.0,Standing Order / DCA,GTC,2026-07-22
ord_strat_20260722,FILLED,2026-07-22,,1.0,Standing Order / DCA,GTC,2026-07-23
ord_strat_20260723,FILLED,2026-07-23,,1.0,Standing Order / DCA,GTC,2026-07-24
ord_strat_20260724,FILLED,2026-07-24,,1.0,Standing Order / DCA,GTC,2026-07-27
ord_strat_20260727,FILLED,2026-07-27,,1.0,Standing Order / DCA,GTC,2026-07-28
ord_strat_20260728,FILLED,2026-07-28,,1.0,Standing Order / DCA,GTC,2026-07-29
ord_strat_20260729,FILLED,2026-07-29,,1.0,Standing Order / DCA,GTC,2026-07-30
ord_strat_20260730,FILLED,2026-07-30,,1.0,Standing Order / DCA,GTC,2026-07-31
ord_strat_20260731,FILLED,2026-07-31,,1.0,Standing Order / DCA,GTC,2026-08-03
ord_strat_20260803,FILLED,2026-08-03,,1.0,Standing Order / DCA,GTC,2026-08-04
ord_strat_20260804,FILLED,2026-08-04,,1.0,Standing Order / DCA,GTC,2026-08-05
ord_strat_20260805,FILLED,2026-08-05,,1.0,Standing Order / DCA,GTC,2026-08-06
ord_strat_20260806,FILLED,2026-08-06,,1.0,Standing Order / DCA,GTC,2026-08-07
ord_strat_20260807,FILLED,2026-08-07,,1.0,Standing Order / DCA,GTC,2026-08-10
ord_strat_20260810,FILLED,2026-08-10,,1.0,Standing Order / DCA,GTC,2026-08-11
ord_strat_20260811,FILLED,2026-08-11,,1.0,Standing Order / DCA,GTC,2026-08-12
ord_strat_20260812,FILLED,2026-08-12,,1.0,Standing Order / DCA,GTC,2026-08-13
ord_strat_20260813,FILLED,2026-08-13,,1.0,Standing Order / DCA,GTC,2026-08-14
ord_strat_20260814,FILLED,2026-08-14,,1.0,Standing Order / DCA,GTC,2026-08-17
ord_strat_20260817,FILLED,2026-08-17,,1.0,Standing Order / DCA,GTC,2026-08-18
ord_strat_20260818,FILLED,2026-08-18,,1.0,Standing Order / DCA,GTC,2026-08-19
ord_strat_20260819,FILLED,2026-08-19,,1.0,Standing Order / DCA,GTC,2026-08-20
ord_strat_20260820,FILLED,2026-08-20,,1.0,Standing Order / DCA,GTC,2026-08-21
ord_strat_20260821,FILLED,2026-08-21,,1.0,Standing Order / DCA,GTC,2026-08-24
ord_strat_20260824,FILLED,2026-08-24,,1.0,Standing Order / DCA,GTC,2026-08-25
ord_strat_20260825,FILLED,2026-08-25,,1.0,Standing Order / DCA,GTC,2026-08-26
ord_strat_20260826,FILLED,2026-08-26,,1.0,Standing Order / DCA,GTC,2026-08-27
ord_strat_20260827,FILLED,2026-08-27,,1.0,Standing Order / DCA,GTC,2026-08-28
ord_strat_20260828,FILLED,2026-08-28,,1.0,Standing Order / DCA,GTC,2026-08-31
ord_strat_20260831,FILLED,2026-08-31,,1.0,Standing Order / DCA,GTC,2026-09-01
ord_strat_20260901,FILLED,2026-09-01,,1.0,Standing Order / DCA,GTC,2026-09-02
ord_strat_20260902,FILLED,2026-09-02,,1.0,Standing Order / DCA,GTC,2026-09-03
ord_strat_20260903,FILLED,2026-09-03,,1.0,Standing Order / DCA,GTC,2026-09-04
ord_strat_20260904,FILLED,2026-09-04,,1.0,Standing Order / DCA,GTC,2026-09-08
ord_strat_20260908,FILLED,2026-09-08,,1.0,Standing Order / DCA,GTC,2026-09-09
ord_strat_20260909,FILLED,2026-09-09,,1.0,Standing Order / DCA,GTC,2026-09-10
ord_strat_20260910,FILLED,2026-09-10,,1.0,Standing Order / DCA,GTC,2026-09-11
ord_strat_20260911,FILLED,2026-09-11,,1.0,Standing Order / DCA,GTC,2026-09-14
ord_strat_20260914,FILLED,2026-09-14,,1.0,Standing Order / DCA,GTC,2026-09-15
ord_strat_20260915,FILLED,2026-09-15,,1.0,Standing Order / DCA,GTC,2026-09-16
ord_strat_20260916,FILLED,2026-09-16,,1.0,Standing Order / DCA,GTC,2026-09-17
ord_strat_20260917,FILLED,2026-09-17,,1.0,Standing Order / DCA,GTC,2026-09-18
ord_strat_20260918,FILLED,2026-09-18,,1.0,Standing Order / DCA,GTC,2026-09-21
ord_strat_20260921,FILLED,2026-09-21,,1.0,Standing Order / DCA,GTC,2026-09-22
ord_strat_20260922,FILLED,2026-09-22,,1.0,Standing Order / DCA,GTC,2026-09-23
ord_strat_20260923,FILLED,2026-09-23,,1.0,Standing Order / DCA,GTC,2026-09-24
ord_strat_20260924,FILLED,2026-09-24,,1.0,Standing Order / DCA,GTC,2026-09-25
ord_strat_20260925,FILLED,2026-09-25,,1.0,Standing Order / DCA,GTC,2026-09-28
ord_strat_20260928,FILLED,2026-09-28,,1.0,Standing Order / DCA,GTC,2026-09-29
ord_strat_20260929,FILLED,2026-09-29,,1.0,Standing Order / DCA,GTC,2026-09-30
ord_strat_20260930,FILLED,2026-09-30,,1.0,Standing Order / DCA,GTC,2026-10-01
ord_strat_20261001,PENDING,2026-10-01,,1.0,Standing Order / DCA,GTC,
